repo,url,commit_sha,commit_date,main_module,go_version,status,n_imported,n_impT,n_all
0xERR0R__blocky,https://github.com/0xERR0R/blocky,23575a47721dea7497ee9017274594b64c5fd1f5,2026-07-20T05:03:35+00:00,github.com/0xERR0R/blocky,1.26.2,OK,128,132,335
0xcafed00d__joystick,https://github.com/0xcafed00d/joystick,bcb9018b38b3c62432309954dfd18176871b2658,2025-10-13T14:43:46+01:00,github.com/0xcafed00d/joystick,1.19,OK,3,3,4
1set__cronrange,https://github.com/1set/cronrange,b1b61d6744d871d804d274a22ee4c34b3c333fbc,2022-02-03T17:00:01+08:00,github.com/1set/cronrange,1.13,OK,1,1,2
1set__starlet,https://github.com/1set/starlet,9be5f42dc65ea47b04cc067bc06511713230f840,2026-07-13T20:48:16+08:00,github.com/1set/starlet,1.19,OK,12,12,26
1set__todotxt,https://github.com/1set/todotxt,f72a2a5d7d18612f886187cf2de241982d64dc19,2022-10-09T14:55:10+00:00,github.com/1set/todotxt,1.15,OK,1,1,2
32leaves__bel,https://github.com/32leaves/bel,66b16680e6929086857458da3fa411c16d14d871,2019-04-18T13:19:22+00:00,github.com/32leaves/bel,1.12,OK,1,3,10
3d0c__gmf,https://github.com/3d0c/gmf,be727bc5b56cc2ab61e39d2a16c0e5ed0d00b82e,2022-09-06T21:04:54+04:00,github.com/3d0c/gmf,1.12,EMPTY_GT,0,4,7
42Atomys__webhooked,https://github.com/42Atomys/webhooked,161439e7957523249d30a3757dc79cfae3e97f35,2025-08-20T14:44:16+00:00,atomys.codes/webhooked,1.20,OK,26,29,182
99designs__gqlgen,https://github.com/99designs/gqlgen,95aaeaaf697dae6183231f34776f57c477d676af,2026-07-13T12:24:11-04:00,github.com/99designs/gqlgen,1.25.0,OK,18,23,39
AaronJan__Hunch,https://github.com/AaronJan/Hunch,ad9a3f5d959b702d755ada1e6775bf555740c7eb,2022-05-24T08:36:19+08:00,github.com/aaronjan/hunch,1.12,EMPTY_GT,0,0,1
AfterShip__email-verifier,https://github.com/AfterShip/email-verifier,a3c5c5b59c44425a9b718c7d1aec1f5148bd288f,2025-12-05T16:25:09+08:00,github.com/AfterShip/email-verifier,1.22,OK,4,10,23
Alejandro-M-P__git-courer,https://github.com/Alejandro-M-P/git-courer,80c84a4944503b302605f15932d6f858bf3dd573,2026-07-02T23:20:53+02:00,github.com/blak0p/git-courer,1.26,OK,45,49,75
Allenxuxu__gev,https://github.com/Allenxuxu/gev,d685a7d88775df400d2b0a74d64be3e48f2e90bf,2025-06-08T00:56:39+08:00,github.com/Allenxuxu/gev,1.14,OK,19,23,64
Allra-Fintech__mdv,https://github.com/Allra-Fintech/mdv,f8df54b87614d9c7b9b49c71b538576f9c3bdcdc,2026-07-02T10:49:15+09:00,github.com/Allra-Fintech/mdv,1.22,OK,6,6,16
AmuzaTkts__jsonapi-errors,https://github.com/AmuzaTkts/jsonapi-errors,d696bdc03af1b3e80028a278e340627743a842bb,2016-11-17T13:59:34-02:00,command-line-arguments,,EMPTY_GT,0,0,0
Andrew-M-C__go.jsonvalue,https://github.com/Andrew-M-C/go.jsonvalue,6db6f0e27fe6be5269f4929f33bfe8382a65fb47,2026-02-26T14:57:59+08:00,github.com/Andrew-M-C/go.jsonvalue,1.13,OK,1,4,11
Antonboom__testifylint,https://github.com/Antonboom/testifylint,720065d36f434c616017441aa8f2069e621b5e44,2026-07-01T13:06:52+03:00,github.com/Antonboom/testifylint,1.25.0,OK,3,3,9
Antonito__gfile,https://github.com/Antonito/gfile,434e178d07f76f6b2313607d72136b766b7b1eaa,2026-04-20T13:46:11+02:00,github.com/antonito/gfile,1.26.2,OK,31,35,52
Aorioli__gcm,https://github.com/Aorioli/gcm,984428cc79ecc1a9aefe1418d3d2ad28362f7e9a,2015-12-04T15:37:05+01:00,command-line-arguments,,EMPTY_GT,,,
AppsFlyer__go-sundheit,https://github.com/AppsFlyer/go-sundheit,97462ab36f497879719aa6b5e9eb3ef3b980afb2,2026-07-14T17:40:21+03:00,github.com/AppsFlyer/go-sundheit,1.24,OK,1,7,12
Arceus-7__matrix,https://github.com/Arceus-7/matrix,ca4c1a6bda8bd44c2da17040fc6cd3b9c4976e96,2026-05-20T21:54:58+05:30,github.com/Arceus-7/matrix,1.21,EMPTY_GT,0,0,0
AshvinBambhaniya__autopool,https://github.com/AshvinBambhaniya/autopool,6471627eb1f11b8f7ef407d276ef4e01056ff4e4,2026-07-17T11:03:25+05:30,github.com/AshvinBambhaniya/autopool/v2,1.25.0,EMPTY_GT,0,0,0
BayesWitnesses__m2cgen,https://github.com/BayesWitnesses/m2cgen,9784632311986234032673cdbfd29fc4c5cb429d,2022-10-05T09:26:03-07:00,command-line-arguments,,EMPTY_GT,0,0,0
BlackRabbitt__mspm,https://github.com/BlackRabbitt/mspm,2e8956b4fe5950ebbb260daf0cf79a8ca7e2fd6f,2018-05-19T12:21:37+05:45,command-line-arguments,,EMPTY_GT,0,0,0
BoRuDar__configuration,https://github.com/BoRuDar/configuration,ffc86c6823ec8048afe5aa5a437a576e2bc0c1f3,2025-01-20T22:21:17+00:00,github.com/BoRuDar/configuration/v5,1.22,EMPTY_GT,0,0,1
BooleanCat__go-functional,https://github.com/BooleanCat/go-functional,52af01ff2428ee79e143d1711715939b49faa0d9,2026-06-23T13:26:37+01:00,github.com/BooleanCat/go-functional/v2,1.23,EMPTY_GT,0,0,1
Breeze0806__go-etl,https://github.com/Breeze0806/go-etl,fda85ca65f93e9413b09823533f7d79be7c87691,2026-06-10T03:06:07+08:00,github.com/Breeze0806/go-etl,1.20,OK,54,54,104
BrianLeishman__go-imap,https://github.com/BrianLeishman/go-imap,d3164e249d8426e2bb43b753a7c50b3ea2dcaaa5,2026-07-13T08:08:00-04:00,github.com/BrianLeishman/go-imap,1.26.1,OK,26,26,38
BurntSushi__toml,https://github.com/BurntSushi/toml,c6d720d83547bb8d7afb067ba9df8bad0323e2d1,2026-06-27T18:21:38+01:00,github.com/BurntSushi/toml,1.19,EMPTY_GT,0,0,1
CalebQ42__bbConvert,https://github.com/CalebQ42/bbConvert,ef1f4abc5c1be32a103a4e915a354e551f45e61c,2024-12-27T03:46:19-06:00,github.com/CalebQ42/bbConvert,1.23.4,OK,1,1,2
Checkmarx__chainjacking,https://github.com/Checkmarx/chainjacking,32ecf779db76738e1ed6e60f80f2ae55f71e87c5,2026-05-22T12:10:37-04:00,command-line-arguments,,EMPTY_GT,0,0,0
ChimeraCoder__gojson,https://github.com/ChimeraCoder/gojson,fa01aa3a208834638989d1255282988a4865629d,2018-08-18T19:13:15-04:00,command-line-arguments,,EMPTY_GT,0,0,0
ChristopherRabotin__ode,https://github.com/ChristopherRabotin/ode,0502445546ad325c1ac023ab1f253b90a012c023,2017-01-17T18:29:17-07:00,command-line-arguments,,EMPTY_GT,0,0,0
ChristopherRabotin__sg,https://github.com/ChristopherRabotin/sg,467eb88f4ff87aaed892a15976a818e395a6d895,2016-10-28T17:17:57-06:00,command-line-arguments,,EMPTY_GT,,,
ClickHouse__clickhouse-go,https://github.com/ClickHouse/clickhouse-go,542f4ae0ff23c6a8f1c10756f29a82dff18a5a2d,2026-07-14T12:15:35+02:00,github.com/ClickHouse/clickhouse-go/v2,1.25.0,OK,55,56,106
Code-Hex__Neo-cowsay,https://github.com/Code-Hex/Neo-cowsay,f68c20f068c26c55bc5a8572f1c582f0a1b08d34,2023-08-18T01:54:43+09:00,github.com/Code-Hex/Neo-cowsay/v2,1.16,OK,3,4,6
Colin4k1024__Aetheris,https://github.com/Colin4k1024/Aetheris,2ff3e77a18c4939aa126d35d72f7a0515c6e4855,2026-07-06T16:34:24+08:00,github.com/Colin4k1024/Aetheris/v2,1.26.1,OK,124,124,268
Comcast__gaad,https://github.com/Comcast/gaad,6c3900593fd0ebd258253e61a4777f68bfc97aa7,2023-01-25T13:45:12-07:00,github.com/Comcast/gaad,1.18,EMPTY_GT,0,0,1
CovenantSQL__CovenantSQL,https://github.com/CovenantSQL/CovenantSQL,ce1b3c0121e193a61e3558e8175c8e831b1c2057,2021-08-23T11:35:51+08:00,github.com/CovenantSQL/CovenantSQL,1.13,OK,87,92,239
DATA-DOG__go-sqlmock,https://github.com/DATA-DOG/go-sqlmock,4e29cb9ba9984db4da4003b5c813f3747f450bc7,2026-07-10T09:12:55+03:00,github.com/DATA-DOG/go-sqlmock,1.15,OK,1,1,2
DATA-DOG__go-txdb,https://github.com/DATA-DOG/go-txdb,3cc9573e9aac1b23dd33c2e1a93addfb957bbd7a,2025-03-11T10:38:26-04:00,,1.21,EMPTY_GT,0,0,0
DMcP89__tinycare-tui,https://github.com/DMcP89/tinycare-tui,8055cead09b141b97e6ca729c7e617d5c8bb76bd,2026-03-17T02:21:50+00:00,github.com/DMcP89/tinycare-tui,1.23.0,OK,29,31,65
DarthPestilane__easytcp,https://github.com/DarthPestilane/easytcp,5ddf56798fa68560125a6e67bf2fe8b3a0bda3db,2026-01-20T11:37:57+08:00,github.com/DarthPestilane/easytcp,1.17,OK,11,15,31
DavidBelicza__TextRank,https://github.com/DavidBelicza/TextRank,0fa92b29a3be4662bb39513d5da355f44af9734b,2025-06-14T14:40:56+02:00,github.com/DavidBelicza/TextRank/v2,1.15,EMPTY_GT,0,0,0
DavidGamba__go-getoptions,https://github.com/DavidGamba/go-getoptions,d9222021aaac09a7860236777bc8a57e3d4fb6ae,2025-04-14T21:57:40-06:00,github.com/DavidGamba/go-getoptions,1.16,EMPTY_GT,0,0,1
DeRuina__timberjack,https://github.com/DeRuina/timberjack,caac349cfd9dab6ccfa54015a4bb6aacac1e6d15,2026-06-30T08:34:37+03:00,github.com/DeRuina/timberjack,1.21,OK,1,2,3
DiceDB__dice,https://github.com/DiceDB/dice,9610c664d19aadadbe8890fde502231d677e39fc,2026-03-10T20:53:10+05:30,command-line-arguments,,EMPTY_GT,0,0,0
DimitarPetrov__stegify,https://github.com/DimitarPetrov/stegify,5d278781a3c132932af9ad5d16da649f471abcfb,2023-04-11T09:07:37+03:00,command-line-arguments,,EMPTY_GT,,,
DisposaBoy__GoSublime,https://github.com/DisposaBoy/GoSublime,890149fb88c64554759cbd8339adf55628939bcd,2020-06-14T18:34:29+00:00,command-line-arguments,,EMPTY_GT,0,0,0
DrmagicE__gmqtt,https://github.com/DrmagicE/gmqtt,92ed7d60915519f60c3d3cdb6420b1e11eb824e2,2026-04-05T14:04:08+08:00,github.com/DrmagicE/gmqtt,1.26.1,OK,47,47,313
DylanMeeus__GoAudio,https://github.com/DylanMeeus/GoAudio,1a202c9cd3a3fcb402f1c2c5570385b77a2336aa,2022-02-05T22:21:44+01:00,github.com/DylanMeeus/GoAudio,1.16,EMPTY_GT,0,0,1
DylanMeeus__hasgo,https://github.com/DylanMeeus/hasgo,ea2659fc76a9d3165091ca031ece0ab4a52a09ee,2021-02-22T19:03:15+01:00,github.com/DylanMeeus/hasgo,1.13,OK,2,2,9
Dynom__TySug,https://github.com/Dynom/TySug,708d0917d75b114dded2e9fc9b485f988c6edf88,2023-02-23T16:42:07+01:00,github.com/Dynom/TySug,1.20,OK,8,9,17
EchoVault__EchoVault,https://github.com/EchoVault/EchoVault,b0744d9160b5018b203f0b80239d48720a901cb4,2025-04-24T02:09:59+01:00,github.com/echovault/sugardb,1.23.3,OK,30,31,97
Edgenesis__shifu,https://github.com/Edgenesis/shifu,3a5166370f5da06e3a6e30d54e2cceb026fcb3ee,2026-07-15T10:20:14+08:00,github.com/edgenesis/shifu,1.26.1,OK,126,134,436
EngoEngine__engo,https://github.com/EngoEngine/engo,4d9de92353879edf4d7597d6070f4994cf307c41,2024-07-12T03:03:02-04:00,github.com/EngoEngine/engo,1.19,OK,17,21,46
Eun__go-convert,https://github.com/Eun/go-convert,efa2c5286fa3d5c583a534a2a52d618e4de75f4b,2024-02-13T12:49:41+00:00,github.com/Eun/go-convert,1.14,OK,5,5,8
Eun__go-hit,https://github.com/Eun/go-hit,e7519b776df305b6ff877ad7451ecf1bc7cc660d,2024-04-05T13:51:20+02:00,github.com/Eun/go-hit,1.15,OK,30,35,53
Evertras__bubble-table,https://github.com/Evertras/bubble-table,6062dafe1dd6dcfd8cceb06e54b199b382432605,2026-06-05T13:48:15+01:00,github.com/evertras/bubble-table,1.25.0,OK,19,23,36
Eyevinn__hls-m3u8,https://github.com/Eyevinn/hls-m3u8,ac8a22d118784fceacc8b0f98c0266c69635707e,2026-07-13T18:30:57+02:00,github.com/Eyevinn/hls-m3u8,1.21,EMPTY_GT,0,1,2
Eyevinn__mp4ff,https://github.com/Eyevinn/mp4ff,8c9f99a4143239827775e16a99cb89137882cec1,2026-07-13T21:29:17+02:00,github.com/Eyevinn/mp4ff,1.19,EMPTY_GT,0,1,2
FiloSottile__age,https://github.com/FiloSottile/age,706dfc1e799a03443ae46023502bd88d4e9e324f,2026-03-20T22:12:32+01:00,filippo.io/age,1.24.0,OK,6,9,18
Fontinalis__fonet,https://github.com/Fontinalis/fonet,dbf80fcbd6ad21673510914d057466792c73b575,2021-06-01T11:30:55+02:00,github.com/Fontinalis/fonet,1.16,EMPTY_GT,0,0,1
Forceu__gokapi,https://github.com/Forceu/gokapi,1af4241a529e51b5cc7b4f1bb1fadbe60b1c17dd,2026-07-15T20:34:50+02:00,github.com/forceu/gokapi,1.25.0,OK,30,34,115
FreeLeh__GoFreeDB,https://github.com/FreeLeh/GoFreeDB,dc9979a8509908763b6ae7b643935476b948fafc,2025-05-05T13:23:27+08:00,github.com/FreeLeh/GoFreeDB,1.18,OK,16,22,94
Fs02__go-todo-backend,https://github.com/Fs02/go-todo-backend,c6b0d7e90d5162c96fd47b755f88fc0cbecefa88,2023-05-19T16:15:46+07:00,github.com/Fs02/go-todo-backend,1.19,OK,16,17,52
Fs02__grimoire,https://github.com/Fs02/grimoire,afa1da26c513591d7c5eb5add90f506b41954da4,2021-10-26T08:52:02+09:00,github.com/Fs02/grimoire,1.14,OK,11,12,13
Fs02__wire,https://github.com/Fs02/wire,bf9e390791441152685607c853cedbdd0a771ea9,2021-08-22T16:00:18+09:00,github.com/Fs02/wire,,EMPTY_GT,0,3,4
GiGurra__boa,https://github.com/GiGurra/boa,356f0535b37f937010bf8c76a57a1fba42a5992b,2026-07-01T12:48:56+02:00,github.com/GiGurra/boa,1.25,OK,2,2,8
Gituser143__cryptgo,https://github.com/Gituser143/cryptgo,afdb684df7e6066b6671f6353fabf964132757c4,2021-10-17T18:49:26+05:30,github.com/Gituser143/cryptgo,1.16,OK,26,26,184
GoTestTools__gotestfmt,https://github.com/GoTestTools/gotestfmt,4c97682ab858d6bbd26fc020e255cb339c9c8119,2023-06-05T09:49:53+02:00,github.com/gotesttools/gotestfmt/v2,1.16,EMPTY_GT,0,0,1
GoogleCloudPlatform__gcloud-golang,https://github.com/GoogleCloudPlatform/gcloud-golang,8e9f00f76afc0a0e5d1434e0c6039212e21d238d,2026-07-20T10:59:39-04:00,cloud.google.com/go,1.25.0,EMPTY_GT,0,0,0
GuiaBolso__darwin,https://github.com/GuiaBolso/darwin,fd6d2aa3d24499ab1b74d0c81eb2b9125f7b2d32,2019-12-18T09:46:01-03:00,command-line-arguments,,EMPTY_GT,0,0,0
GuilhermeCaruso__anko,https://github.com/GuilhermeCaruso/anko,86551ff818229f4557c031dafb3dbb67d9b6e6f7,2021-03-28T12:09:07-03:00,github.com/GuilhermeCaruso/anko,1.16,OK,3,3,15
GuilhermeCaruso__bellt,https://github.com/GuilhermeCaruso/bellt,5d28019f583c7d94e34ba2db7a516e91b141114c,2022-07-18T15:20:21-03:00,github.com/GuilhermeCaruso/bellt,1.12,EMPTY_GT,0,0,1
GuilhermeCaruso__kair,https://github.com/GuilhermeCaruso/kair,2cbc3ec356d46f90c716cb65ec70a65c6579035f,2020-06-18T00:06:34-03:00,command-line-arguments,,EMPTY_GT,0,0,0
Guitarbum722__align,https://github.com/Guitarbum722/align,c81c6ab38ff5739a25097be039b5f4cf7baba38a,2021-09-12T09:16:45-07:00,github.com/Guitarbum722/align,1.17,OK,1,1,2
HDT3213__rdb,https://github.com/HDT3213/rdb,7ebe18a1ebef31cbcf1bd07744b47cd5d25fe7de,2026-04-19T19:44:37+08:00,github.com/hdt3213/rdb,1.18,OK,7,7,19
Haraj-backend__hex-monscape,https://github.com/Haraj-backend/hex-monscape,6595e47ed63ee0fbdedfb0bd946c98a8815f3796,2024-07-18T10:13:29+07:00,github.com/Haraj-backend/hex-monscape,1.18,OK,16,20,54
HazelnutParadise__insyra,https://github.com/HazelnutParadise/insyra,36f3d621e92f8df326c61632f9393d16ce441578,2026-07-18T15:18:09+08:00,github.com/HazelnutParadise/insyra,1.25.12,OK,128,134,518
Henry-Sarabia__blank,https://github.com/Henry-Sarabia/blank,00aa240e36f440314c682dbebc7906983ea03226,2019-07-31T16:13:26-07:00,command-line-arguments,,EMPTY_GT,0,0,0
Henry-Sarabia__igdb,https://github.com/Henry-Sarabia/igdb,798c479b588af3e09b389a8efb7097a3e30869ba,2020-12-15T11:00:00-08:00,github.com/Henry-Sarabia/igdb/v2,1.13,OK,4,4,6
Henry-Sarabia__sliceconv,https://github.com/Henry-Sarabia/sliceconv,ec6676eeef507116720466f629904f2b73dbe38d,2020-02-02T20:38:53-08:00,github.com/Henry-Sarabia/sliceconv,1.13,OK,1,1,2
HereMobilityDevelopers__mediary,https://github.com/HereMobilityDevelopers/mediary,cdaf26889b0aa84e0cac0c18a145f9bc24b0350a,2020-06-24T17:38:52+03:00,github.com/HereMobilityDevelopers/mediary,1.14,EMPTY_GT,,,
HnH__di,https://github.com/HnH/di,5f0d384f471b73b071fbbcdc379615ca46795906,2025-11-30T17:18:32+03:00,github.com/HnH/di,1.18,EMPTY_GT,0,4,7
HnH__qry,https://github.com/HnH/qry,4cee23660304d68d872fe650c4db13a1f1588659,2024-02-20T21:43:50+03:00,github.com/HnH/qry,1.15,EMPTY_GT,0,0,1
Hossiy21__razify,https://github.com/Hossiy21/razify,e9692efc1a537067ab6a1edbd9832fa6097edee7,2026-05-31T22:10:03+03:00,github.com/Hossiy21/razify,1.25.0,OK,6,6,13
HouzuoGuo__tiedot,https://github.com/HouzuoGuo/tiedot,ae1e16866d0623f52b5274b52338ce3c174df8a3,2021-09-05T18:47:26+01:00,command-line-arguments,,EMPTY_GT,0,0,0
HugoSmits86__nativewebp,https://github.com/HugoSmits86/nativewebp,732aa4ca729d1f9dc2068158af309e260792cb67,2026-05-10T17:40:42+02:00,github.com/HugoSmits86/nativewebp,1.22.2,OK,1,1,3
Humpheh__goboy,https://github.com/Humpheh/goboy,ef499ef7a0f0d6750723ec578280bbe6928f12c7,2025-08-10T22:16:39+01:00,github.com/Humpheh/goboy,1.23.0,OK,8,12,29
IGLOU-EU__go-wildcard,https://github.com/IGLOU-EU/go-wildcard,f12292c8635437d0b1b23f9798be15c2e03e3ed8,2026-05-27T17:11:15+02:00,github.com/IGLOU-EU/go-wildcard/v2,1.16,EMPTY_GT,0,0,1
ITcathyh__conexec,https://github.com/ITcathyh/conexec,cc9699c99745b24027f25c256603a5fbb73e6011,2026-05-31T09:42:07+08:00,github.com/ITcathyh/conexec,1.13,OK,1,2,3
Jacobbrewer1__patcher,https://github.com/Jacobbrewer1/patcher,a3fe78de2acdcd0e239a01bb77e536733ac7a37d,2025-12-18T23:31:44+00:00,github.com/jacobbrewer1/patcher,1.24,OK,6,6,98
Jagerente__gocfg,https://github.com/Jagerente/gocfg,047162ec057f33c5174db57edcf5a83f02248dec,2025-06-18T19:16:07+07:00,github.com/Jagerente/gocfg,1.16,OK,1,5,8
Jeffail__gabs,https://github.com/Jeffail/gabs,81fbfc23086ba576cb6ba8355a581e7c908f7553,2023-02-14T10:44:38+00:00,github.com/Jeffail/gabs/v2,1.16,EMPTY_GT,0,0,1
Jeffail__tunny,https://github.com/Jeffail/tunny,a274c3ce48a6dc4f7b5fb5b8eaefbbd9e23574b9,2021-07-12T18:03:25+01:00,github.com/Jeffail/tunny,1.13,EMPTY_GT,0,0,1
JeremyLoy__config,https://github.com/JeremyLoy/config,39a8344053a373e4570164aca75093b047174525,2021-11-18T11:46:47-05:00,github.com/JeremyLoy/config,1.16,EMPTY_GT,0,0,1
JoelOtter__termloop,https://github.com/JoelOtter/termloop,5f7c38744afb0c614d544fe5bc72f7259d03c1e1,2021-08-06T18:39:44+01:00,command-line-arguments,,EMPTY_GT,0,0,0
JoshuaDoes__gofuckyourself,https://github.com/JoshuaDoes/gofuckyourself,e5f8d4d21779d6a5d2a3febc6339b6f5c6ae8e59,2025-06-01T04:10:18-04:00,github.com/JoshuaDoes/gofuckyourself,1.23.4,OK,1,1,5
Kachit__appstore-sdk-go,https://github.com/Kachit/appstore-sdk-go,4a599d3164f9433b0cd19cef36f9ac0c45f652d5,2024-01-26T13:09:21+03:00,github.com/kachit/appstore-sdk-go,1.14,OK,2,7,10
Kachit__dusupay-sdk-go,https://github.com/Kachit/dusupay-sdk-go,63985b8d5d89bc174ec47510fe9baaf4c1ad67a2,2022-12-06T22:39:31+03:00,github.com/kachit/dusupay-sdk-go,1.14,EMPTY_GT,0,5,8
Kachit__fasapay-sdk-go,https://github.com/Kachit/fasapay-sdk-go,c2e0c18b1db3410fcffd6801fdb5c690ffee37c4,2022-06-16T22:13:26+03:00,github.com/kachit/fasapay-sdk-go,1.14,EMPTY_GT,0,5,8
Kachit__gorm-seeder,https://github.com/Kachit/gorm-seeder,c75179271ba6ee134d9dd3b78b41cababcdb253a,2022-11-20T17:26:04+03:00,github.com/kachit/gorm-seeder,1.14,OK,3,19,68
Kairum-Labs__should,https://github.com/Kairum-Labs/should,559d7289fdb04663c59ac78f0153c1d77240aecc,2026-06-25T18:28:13-03:00,github.com/Kairum-Labs/should,1.22,EMPTY_GT,,,
Knuspii__CrunchyCleaner,https://github.com/Knuspii/CrunchyCleaner,169977e3c2909823088fdb6314030430a94931b6,2026-07-08T14:02:20+02:00,github.com/knuspii/crunchycleaner/v2,1.25.0,OK,3,3,16
Konstantin8105__c4go,https://github.com/Konstantin8105/c4go,5bf367b9678adff0c634b0d6daddc58a1c7eb7c3,2024-09-19T18:41:39+03:00,github.com/Konstantin8105/c4go,1.13,OK,4,8,9
Konstantin8105__f4go,https://github.com/Konstantin8105/f4go,568775fd7b9b26ab28e653c9ccc8cc2fb7e1548c,2023-08-17T10:29:30+03:00,github.com/Konstantin8105/f4go,1.13,EMPTY_GT,0,3,4
KusionStack__kusion,https://github.com/KusionStack/kusion,02cc9d8b236ad73dc7dcc25a36f1b55fafb48632,2026-01-04T14:01:34+08:00,kusionstack.io/kusion,1.22.1,OK,325,334,806
Kwynto__gosession,https://github.com/Kwynto/gosession,7822ad47b237416dc09626903f5e4905c1e4b32b,2024-07-31T22:08:02+03:00,github.com/Kwynto/gosession,1.17,EMPTY_GT,0,0,0
LawrenceWoodman__roveralls,https://github.com/LawrenceWoodman/roveralls,51b78509b607dadda4c7afbceee34dd0ac852105,2017-11-19T19:38:43+00:00,command-line-arguments,,EMPTY_GT,0,0,0
Lifailon__lazyjournal,https://github.com/Lifailon/lazyjournal,3cef484429a55de826e0dcd6ac3fb42533f2466b,2026-05-06T10:54:42+03:00,github.com/Lifailon/lazyjournal,1.25.0,OK,10,10,21
LimeChain__gosemble,https://github.com/LimeChain/gosemble,e2ac2f3e704be998466f76876ae883bae19ca2e4,2024-12-19T14:56:22+02:00,github.com/LimeChain/gosemble,1.21,OK,26,26,285
MUlt1mate__protoc-gen-httpgo,https://github.com/MUlt1mate/protoc-gen-httpgo,41cbb468b900b0f86d93fd6be9b839813e095bc8,2026-04-22T12:32:58+02:00,github.com/MUlt1mate/protoc-gen-httpgo,1.22,OK,2,3,11
MariaLetta__free-gophers-pack,https://github.com/MariaLetta/free-gophers-pack,9bb81600dd2a9ac5a68799f9a57f02f7369c4c4e,2024-12-22T17:32:56+03:00,command-line-arguments,,EMPTY_GT,0,0,0
MarvinJWendt__testza,https://github.com/MarvinJWendt/testza,3fab8a745e09d74abd1694e2c85880d2528e2500,2023-02-03T07:55:52+00:00,github.com/MarvinJWendt/testza,1.18,OK,16,16,29
Masterminds__squirrel,https://github.com/Masterminds/squirrel,1ded5784535dcffa4e175d4efbd1ca2706927758,2024-02-27T11:32:15-05:00,github.com/Masterminds/squirrel,1.14,OK,2,5,6
MatProGo-dev__MatProInterface.go,https://github.com/MatProGo-dev/MatProInterface.go,b1b52f2d1fc36023165115366d901a89971d9e74,2026-02-19T20:28:43-05:00,github.com/MatProGo-dev/MatProInterface.go,1.23.0,OK,2,2,19
MauriceGit__skiplist,https://github.com/MauriceGit/skiplist,77f5c8d3e14534b3c6e56997a7e164363c7bff00,2021-11-06T00:06:23+01:00,command-line-arguments,,EMPTY_GT,0,0,0
MaxHalford__eaopt,https://github.com/MaxHalford/eaopt,822946c0646854c9cdd54e0ae6e5f22b0982add7,2025-01-27T09:06:47+01:00,github.com/MaxHalford/eaopt,1.15,OK,1,1,2
Medium__medium-sdk-go,https://github.com/Medium/medium-sdk-go,4daca056cf6a3043764ae976e93df7a15829eb8f,2017-12-30T15:12:02-05:00,command-line-arguments,,EMPTY_GT,0,0,0
Melkeydev__go-blueprint,https://github.com/Melkeydev/go-blueprint,81f56f8c24637d2fd2adb5f37071c6d4cb72b571,2025-07-20T00:44:10+02:00,github.com/melkeydev/go-blueprint,1.23.0,OK,20,20,34
MonaxGT__gomalshare,https://github.com/MonaxGT/gomalshare,e9621fca152226c726fa91c176a15f12da5b3e65,2019-04-29T11:00:01+03:00,github.com/MonaxGT/gomalshare,,OK,1,1,2
MonaxGT__gosddl,https://github.com/MonaxGT/gosddl,d864b883622da7d00a234afd66fcbc4528b6a024,2019-04-30T13:04:06+03:00,command-line-arguments,,EMPTY_GT,0,0,0
MordaTeam__go-config,https://github.com/MordaTeam/go-config,dbe64aeba7c76ca55c0b22c2f1339d9a327afabb,2026-02-13T17:10:43+03:00,github.com/MordaTeam/go-config,1.24.2,OK,20,61,232
Mutasem-mk4__gspy,https://github.com/Mutasem-mk4/gspy,8d097687ba406897e4f63c3cf387682dd05dc5d2,2026-04-25T00:16:07+03:00,github.com/Mutasem-mk4/gspy,1.24.0,OK,17,17,56
Mutasem-mk4__procscope,https://github.com/Mutasem-mk4/procscope,572e64f3f56c8ef77828ae69cf9a7ff018534136,2026-06-09T00:55:32+03:00,github.com/Mutasem-mk4/procscope,1.26.2,OK,50,50,102
NVIDIA__gontainer,https://github.com/NVIDIA/gontainer,78137ec6d6dfeba5cfa334a688c25ba06749b0f0,2026-04-20T17:56:40+02:00,github.com/NVIDIA/gontainer/v2,1.21,EMPTY_GT,0,0,0
NdoleStudio__go-otelroundtripper,https://github.com/NdoleStudio/go-otelroundtripper,941c4781da779b30a7b7ed8d48c599243ff29afe,2026-06-15T16:26:35+03:00,github.com/NdoleStudio/go-otelroundtripper,1.25.0,OK,7,16,24
Netflix__chaosmonkey,https://github.com/Netflix/chaosmonkey,eaa28fb761c0ebe8644d1333e5d164e9cc3071e9,2024-10-03T16:46:19-07:00,github.com/Netflix/chaosmonkey/v2,1.19,OK,24,24,38
NicoNex__jet,https://github.com/NicoNex/jet,fa9b61fd071700785a6440320b50d4a19144c1c5,2025-03-24T17:13:19+01:00,github.com/NicoNex/jet,1.20,EMPTY_GT,,,
NodePassProject__nodepass,https://github.com/NodePassProject/nodepass,114345043d9608e1e24e783a270cde75193e4f42,2026-07-12T10:43:27+00:00,github.com/NodePassProject/nodepass,1.26.5,OK,10,10,26
Noooste__azuretls-client,https://github.com/Noooste/azuretls-client,756acc9409a45f32c97548b2fc37b77130c4f1de,2026-04-17T12:33:43+02:00,github.com/Noooste/azuretls-client,1.24.0,EMPTY_GT,,,
OGFris__GoStats,https://github.com/OGFris/GoStats,5f3546fe48c8b3967a21bfc97d06d0c7e6032b5b,2019-01-14T17:50:37+01:00,command-line-arguments,,EMPTY_GT,0,0,0
OctoLinker__browser-extension,https://github.com/OctoLinker/browser-extension,cf7ec7de084da1c946c3450929d911800591e7e6,2023-07-03T12:33:54+00:00,command-line-arguments,,EMPTY_GT,0,0,0
OldPanda__bloomfilter,https://github.com/OldPanda/bloomfilter,a41bcb391e21d9b20cbbeb18c9314bcf4561bf19,2025-03-19T21:57:14-07:00,github.com/OldPanda/bloomfilter,1.16,OK,2,2,21
Omibranch__gitty,https://github.com/Omibranch/gitty,639126ee4b8c0883b6da43ac0e683aa5a788b77a,2026-04-19T13:45:48+03:00,github.com/Omibranch/gitty/v2,1.21,EMPTY_GT,0,0,0
One-com__gone,https://github.com/One-com/gone,059b1e22b0b6cc2335c8e369243bb0f9b55bd613,2021-05-10T07:57:05+02:00,command-line-arguments,,EMPTY_GT,,,
OrlovEvgeny__go-mcache,https://github.com/OrlovEvgeny/go-mcache,e9fc1cfea5b3ca030571bda219fe29af7c5a6254,2026-07-06T16:03:01+02:00,github.com/OrlovEvgeny/go-mcache,1.26.2,EMPTY_GT,0,18,26
Oudwins__zog,https://github.com/Oudwins/zog,b486cb1a558b297e1c44e8e755b3175ea9215e3f,2026-07-05T18:41:07+02:00,github.com/Oudwins/zog,1.23.0,OK,5,6,13
OwnLocal__goes,https://github.com/OwnLocal/goes,d25b7ff8314bedc2cad40919e5158e22ba69d7c0,2017-03-02T17:59:55-06:00,command-line-arguments,,EMPTY_GT,0,0,0
PIMPfiction__govader_backend,https://github.com/PIMPfiction/govader_backend,d8ede28925bb3a2b7b0abfbfd69e5f04f0a962fa,2024-02-26T00:00:28+03:00,github.com/PIMPfiction/govader_backend,1.18,OK,12,16,32
PaddleHQ__go-aws-ssm,https://github.com/PaddleHQ/go-aws-ssm,d332b0bbfe91838fd6bf2aa63fae9950913644f2,2026-05-14T14:01:50+00:00,github.com/PaddleHQ/go-aws-ssm,1.24,OK,3,3,12
PaesslerAG__gval,https://github.com/PaesslerAG/gval,a769652e8e427d1cbda6c8ae55808aee22a5f183,2025-08-04T16:21:23+02:00,github.com/PaesslerAG/gval,1.15,OK,1,2,3
Parquery__gocontracts,https://github.com/Parquery/gocontracts,1866c153bd381d8b8d8d07f5da6e20fc332409e5,2019-01-26T08:20:44+01:00,command-line-arguments,,EMPTY_GT,,,
PaulRosset__go-hacknews,https://github.com/PaulRosset/go-hacknews,4aad99273a3cd4fac07d40e14e69c06b788fc0ec,2017-08-15T09:51:27+02:00,command-line-arguments,,EMPTY_GT,0,0,0
PerimeterX__envite,https://github.com/PerimeterX/envite,90fe3b38660801ff2d191cbec5752e86f6fe05a6,2026-06-07T11:23:43+03:00,github.com/perimeterx/envite,1.25.0,OK,34,37,75
PerimeterX__marshmallow,https://github.com/PerimeterX/marshmallow,ea27928591bf753de4a14e4ee0e86e293fcbfd1c,2023-07-03T10:04:11+03:00,github.com/perimeterx/marshmallow,1.17,OK,2,4,6
PhakornKiong__go-pattern-match,https://github.com/PhakornKiong/go-pattern-match,d4ff06facf3fbf8bdb6e83cae402154e5a29fbb9,2023-08-26T18:18:46+08:00,github.com/phakornkiong/go-pattern-match,1.20,EMPTY_GT,0,4,7
Pixboost__transformimgs,https://github.com/Pixboost/transformimgs,dd9df102838bb40054be1b9f0816420551124785,2025-02-15T22:08:37+11:00,github.com/Pixboost/transformimgs/v8,1.18,OK,3,3,4
PuerkitoBio__gocostmodel,https://github.com/PuerkitoBio/gocostmodel,0638ffa735b695e37c3e5b1bc0a4726609794852,2021-05-19T11:19:40-04:00,github.com/mna/gocostmodel,1.16,EMPTY_GT,0,0,0
PuerkitoBio__goquery,https://github.com/PuerkitoBio/goquery,50e9856dda907f3e559a3bdcdf6121244bc75a98,2026-07-17T16:17:28-04:00,github.com/PuerkitoBio/goquery,1.25.0,OK,2,2,7
PumpkinSeed__errors,https://github.com/PumpkinSeed/errors,b1164795ee80d35e81d6943b8ea0916af9670a9e,2020-01-09T22:13:14+01:00,github.com/PumpkinSeed/errors,1.13,EMPTY_GT,0,0,1
PumpkinSeed__structs,https://github.com/PumpkinSeed/structs,2ac85481cb211033916e6e40b4a545b581cfafbe,2017-10-23T14:03:16+01:00,command-line-arguments,,EMPTY_GT,0,0,0
Qntfy__kazaam,https://github.com/Qntfy/kazaam,f202606c434998062d5e3a9637c1413ad58539ca,2021-07-05T14:29:16-04:00,github.com/qntfy/kazaam/v4,1.12,OK,2,2,3
Raezil__GoEventBus,https://github.com/Raezil/GoEventBus,f5bb1bc281855e41a0d3e8e8524468e64cc4490f,2026-05-21T19:44:37+02:00,,1.23.0,EMPTY_GT,0,0,0
RezaSi__go-interview-practice,https://github.com/RezaSi/go-interview-practice,b3192e2d7e8e68cb5f11333037c9a75efb17e2ce,2026-07-20T05:33:43+00:00,command-line-arguments,,EMPTY_GT,0,0,0
RibbonFilter__ribbonGo,https://github.com/RibbonFilter/ribbonGo,1f34e047975d3cafc6ebda5775c1ee4a3c93542e,2026-07-17T21:27:55+05:30,github.com/RibbonFilter/ribbonGo,1.24.2,OK,2,2,5
RichardKnop__go-fixtures,https://github.com/RichardKnop/go-fixtures,8d7ddb76c9e29abd2b747d08ca1bc30be87ec7e4,2019-12-26T22:13:17+01:00,github.com/RichardKnop/go-fixtures,,OK,1,6,11
RichardKnop__minisql,https://github.com/RichardKnop/minisql,134a8dd9d19306f05b8781d17e34b8bb833c21ac,2026-06-24T00:22:28+01:00,github.com/RichardKnop/minisql,1.26,OK,7,13,43
RoaringBitmap__roaring,https://github.com/RoaringBitmap/roaring,44559cd5c0e01050eb7ee87feb73a1b6ee90cf43,2026-07-13T10:34:03-04:00,github.com/RoaringBitmap/roaring/v2,1.24.0,OK,2,7,20
SaiNageswarS__go-api-boot,https://github.com/SaiNageswarS/go-api-boot,322b096f27b0dcca58afc8ac11f64d603df39d41,2026-04-22T23:27:48+05:30,github.com/SaiNageswarS/go-api-boot,1.25.0,OK,92,92,309
SaidinWoT__timespan,https://github.com/SaidinWoT/timespan,a3d8e474112431364943b9a9cd7e5fcf9ba88fd2,2016-04-03T14:07:42-07:00,command-line-arguments,,EMPTY_GT,,,
SchwarzIT__hypermatch,https://github.com/SchwarzIT/hypermatch,3c39ef9c910a8f791f40110293710b38b94a906e,2026-05-04T13:57:10+02:00,github.com/SchwarzDigits/hypermatch,1.21.0,EMPTY_GT,0,2,6
SebastiaanKlippert__go-wkhtmltopdf,https://github.com/SebastiaanKlippert/go-wkhtmltopdf,1eb8cee79c70601d92fbf8449614b840d35a91ed,2025-10-30T23:05:20+01:00,github.com/SebastiaanKlippert/go-wkhtmltopdf,1.19,EMPTY_GT,,,
SeldonIO__goven,https://github.com/SeldonIO/goven,57c0f5d004c0f82564dc1883b3d8bf4e2af78b75,2022-04-14T10:56:47+01:00,github.com/seldonio/goven,1.18,OK,4,21,82
SharkByteSoftware__go-snk,https://github.com/SharkByteSoftware/go-snk,568c29d03b5d5dd08acbf036123a15f385fa3f6c,2026-07-19T20:36:18-05:00,github.com/SharkByteSoftware/go-snk,1.25.0,EMPTY_GT,0,0,0
Sherifabdlnaby__gpool,https://github.com/Sherifabdlnaby/gpool,5b145118c786ff06d35f6700e896bbba4671121c,2026-07-11T14:30:42-05:00,github.com/sherifabdlnaby/gpool,1.25.0,OK,1,1,3
Shopify__go-lua,https://github.com/Shopify/go-lua,1e37f32ad7d05bbd4bb74254669bfe6f1f916b4c,2025-07-18T14:33:20-04:00,github.com/Shopify/go-lua,1.22,EMPTY_GT,0,0,1
Shopify__sarama,https://github.com/Shopify/sarama,a15eb5ed4193736ddff129a9a28a0eabaf45c129,2026-07-17T20:04:32+02:00,github.com/IBM/sarama,1.25.0,OK,14,18,38
SimonBaeumer__cmd,https://github.com/SimonBaeumer/cmd,04f01f616eca1b93c1b56fe97cfc97a5f348ce04,2024-01-30T21:43:55-05:00,github.com/commander-cli/cmd,1.21,EMPTY_GT,0,4,7
SimonBaeumer__commander,https://github.com/SimonBaeumer/commander,11660f4cd4e309c3225a5df7925b4a2daceeafee,2024-04-02T12:21:26-04:00,github.com/commander-cli/commander/v2,1.21,OK,28,30,59
SimonWaldherr__golang-benchmarks,https://github.com/SimonWaldherr/golang-benchmarks,a6f34af4b41ed3ecc30f877cce64b944561dc8cc,2026-07-19T00:11:36+02:00,github.com/SimonWaldherr/golang-benchmarks,1.26.5,EMPTY_GT,0,19,48
SimonWaldherr__golang-examples,https://github.com/SimonWaldherr/golang-examples,d238d9eaac5ea95b53d8776f53bbeff1c32e078a,2026-07-05T19:28:04+02:00,github.com/SimonWaldherr/golang-examples,1.26.4,OK,39,42,146
Sioro-Neoku__go-peerflix,https://github.com/Sioro-Neoku/go-peerflix,c3821be36789eb7bd30aaa8218bc6eb7b7ac2ed2,2019-12-04T16:55:23+01:00,github.com/Sioro-Neoku/go-peerflix,1.13,OK,34,34,122
Sirupsen__logrus,https://github.com/Sirupsen/logrus,a23d315dfebb6de47d18c92c8ae1430736a60b0c,2026-06-29T11:58:17+02:00,github.com/sirupsen/logrus,1.23,OK,5,5,8
SonicRoshan__falcon,https://github.com/SonicRoshan/falcon,95c6d19fbe5ea457690bbd1dcbe3046ecd3a5526,2019-09-20T12:13:04+05:30,command-line-arguments,,EMPTY_GT,0,0,0
SonicRoshan__scope,https://github.com/SonicRoshan/scope,9bbd38664a7fef52124aa1241900308d49dd9e64,2021-05-25T19:18:24+05:30,github.com/SonicRoshan/scope,1.16,EMPTY_GT,0,4,7
SonicRoshan__straf,https://github.com/SonicRoshan/straf,d7d98022a9448e517ab105796196fcca6d0fb6b2,2020-05-16T18:46:44+05:30,github.com/SonicRoshan/straf,1.14,OK,1,5,8
Southclaws__fault,https://github.com/Southclaws/fault,15e49aecd6730e9cd848ad43775e82f05ce0329f,2025-06-14T22:22:16+01:00,github.com/Southclaws/fault,1.18,OK,9,16,54
SpatiumPortae__portal,https://github.com/SpatiumPortae/portal,e51984e186dc2ea1176f082c0690eeb5719d353d,2024-05-30T00:11:41+02:00,github.com/SpatiumPortae/portal,1.20,OK,51,82,294
SpectoLabs__hoverfly,https://github.com/SpectoLabs/hoverfly,d68454cbcfea281b6c07a61ec9ab288d485d1fe8,2026-07-14T09:10:16+01:00,github.com/SpectoLabs/hoverfly,1.26.5,OK,79,81,171
StabbyCutyou__moldova,https://github.com/StabbyCutyou/moldova,34406be3cd91cb1ba11bb1e97e49925877aeeaf6,2017-09-04T11:04:37-04:00,command-line-arguments,,EMPTY_GT,0,0,0
StudioSol__set,https://github.com/StudioSol/set,e3903aa95b4aaa35922c0f874b12eaa514ddf3bb,2025-10-02T15:06:32-03:00,github.com/StudioSol/set,1.18,EMPTY_GT,0,4,7
Talento90__go-health,https://github.com/Talento90/go-health,812f4334f68d74fa783277b89a659041f062b569,2022-01-19T10:53:34+00:00,command-line-arguments,,EMPTY_GT,0,0,0
TeaEntityLab__fpGo,https://github.com/TeaEntityLab/fpGo,1547e5ec4dbe70588e420117de1b9dcbbb3009bd,2025-10-21T17:50:02+08:00,github.com/TeaEntityLab/fpGo/v2,1.18,EMPTY_GT,0,4,13
Terry-Mao__gopush-cluster,https://github.com/Terry-Mao/gopush-cluster,1c279b4d085fe66fc0cfca66bf2ddfeb0a5d3bc5,2017-05-25T12:25:54+08:00,command-line-arguments,,EMPTY_GT,0,0,0
TheColonyCC__colony-sdk-go,https://github.com/TheColonyCC/colony-sdk-go,940564f4fa0bd688042b825ba035567aa6b5a41c,2026-07-18T21:23:07+08:00,github.com/thecolonyai/colony-sdk-go,1.22,EMPTY_GT,0,0,1
ThePaw__go-gt,https://github.com/ThePaw/go-gt,a3fc93f019149e29677e141d62ad4b35f25a438e,2013-04-03T09:06:47+02:00,command-line-arguments,,EMPTY_GT,0,0,0
TheTannerRyan__ring,https://github.com/TheTannerRyan/ring,e0526f74ac6516cd46181d0f40fe51a7c38c00d9,2020-09-05T13:19:15-04:00,github.com/tannerryan/ring,1.14,EMPTY_GT,0,0,1
ThomasObenaus__go-conf,https://github.com/ThomasObenaus/go-conf,aee34367937117f23cfa4bdb5a0023cffe69b09a,2025-01-28T23:32:32+01:00,github.com/ThomasObenaus/go-conf,1.23,OK,19,22,162
TimothyYe__skm,https://github.com/TimothyYe/skm,1ff5ab4d32e86c57863d8a7e3a8c4fe072340604,2026-05-24T21:31:32+08:00,github.com/TimothyYe/skm,1.26.0,OK,7,7,10
TrueFurby__go-callvis,https://github.com/TrueFurby/go-callvis,67a26605e208542065d44b34a28948dde3af8d1c,2025-11-30T13:09:51+01:00,github.com/ofabry/go-callvis,1.22.0,OK,9,9,21
TwinProduction__gatus,https://github.com/TwinProduction/gatus,ae7ca199aa8004c7a4f1088dc20d141610c81f2f,2026-07-18T22:45:34-04:00,github.com/TwiN/gatus/v5,1.26.3,OK,88,89,163
Ullaakut__cameradar,https://github.com/Ullaakut/cameradar,d286b0f981c6d31ad9744857509e95fb1eaab5a2,2026-07-15T12:23:27+02:00,github.com/Ullaakut/cameradar/v6,1.25.10,OK,76,80,176
Unrud__remote-touchpad,https://github.com/Unrud/remote-touchpad,996edb05017136ab0a72e6b364b60dccfadf8a33,2026-07-11T20:59:03+02:00,github.com/unrud/remote-touchpad,1.25.5,OK,2,2,9
VerizonDigital__vflow,https://github.com/VerizonDigital/vflow,811977722a7ce0671f798f734fc0fb36714ac2ec,2024-08-22T13:29:15+00:00,github.com/EdgeCast/vflow,1.22,OK,38,38,157
Vertamedia__chproxy,https://github.com/Vertamedia/chproxy,77a99f12be3bfa57717bac03765c15995d71acc7,2026-04-15T09:11:52+02:00,github.com/contentsquare/chproxy,1.24,OK,20,28,61
VictoriaMetrics__VictoriaMetrics,https://github.com/VictoriaMetrics/VictoriaMetrics,dce9514c65e59a73f0728374e39271fc4ef24b8a,2026-07-20T13:10:17+02:00,github.com/VictoriaMetrics/VictoriaMetrics,1.26.5,OK,170,170,566
VinGarcia__ksql,https://github.com/VinGarcia/ksql,2f80a222570639cbf7ca207f157f1823d421d1a4,2026-04-02T14:17:05-03:00,github.com/vingarcia/ksql,1.18,OK,4,4,13
VividCortex__godaemon,https://github.com/VividCortex/godaemon,f8c5ec7b5949da08492bf750a0049664d52d7dc5,2021-04-26T22:25:47-04:00,github.com/VividCortex/godaemon,1.12,EMPTY_GT,0,0,1
VividCortex__multitick,https://github.com/VividCortex/multitick,fe1ff67aa7c83c69d8a9a80617f4f20759125bd5,2021-04-26T16:51:11-04:00,github.com/VividCortex/multitick,1.12,EMPTY_GT,,,
VividCortex__pm,https://github.com/VividCortex/pm,baa672fec1402defdac3d88779f2c9f9b506de45,2020-12-15T14:40:40-03:00,github.com/VividCortex/pm,1.11,OK,1,1,2
VividCortex__robustly,https://github.com/VividCortex/robustly,5e1fcf937f386c26c701bee97a9cc79798e09f6b,2021-04-26T17:50:24-04:00,github.com/VividCortex/robustly,1.12,OK,1,1,2
VividCortex__siesta,https://github.com/VividCortex/siesta,99bec23e0323737e60e902b0dc1be48f415cbc69,2021-04-26T17:51:57-04:00,github.com/VividCortex/siesta,1.12,EMPTY_GT,0,0,1
Voxray-AI__Voxray,https://github.com/Voxray-AI/Voxray,4747b666177a0ae9f05fe276ba6671202628e270,2026-06-15T20:01:24+05:30,github.com/Voxray-AI/Voxray,1.25.0,OK,149,149,364
Wing924__ltsv,https://github.com/Wing924/ltsv,86cc90a9c05bbd9c628c47ca2dcaf4cb33fcb915,2024-09-27T16:39:50+09:00,github.com/Wing924/ltsv,1.23.1,EMPTY_GT,0,0,0
Wing924__shellwords,https://github.com/Wing924/shellwords,1ddc27bb93db0f3284ecc70905ac81629aebfc6a,2023-04-20T15:19:16+09:00,github.com/Wing924/shellwords,1.17,EMPTY_GT,,,
Wissance__stringFormatter,https://github.com/Wissance/stringFormatter,953362c110798a7fc90a216a76633ed469ba0151,2026-04-21T22:56:32+05:00,github.com/wissance/stringFormatter,1.18,EMPTY_GT,0,0,0
Workiva__go-datastructures,https://github.com/Workiva/go-datastructures,89d15facb2e3d7ae0c819fa43b66a2153e77196f,2025-10-31T14:23:40+00:00,github.com/Workiva/go-datastructures,1.15,OK,7,7,19
Xamber__Varis,https://github.com/Xamber/Varis,39307781c36456453105b74c4f468e8876a33bfa,2018-08-02T16:47:00+03:00,command-line-arguments,,EMPTY_GT,,,
Yiling-J__piper,https://github.com/Yiling-J/piper,270d3c21763db035fbe434bdd3dd333323de7dfd,2021-12-03T12:07:09+08:00,github.com/Yiling-J/piper,1.16,OK,15,19,161
Yiling-J__theine-go,https://github.com/Yiling-J/theine-go,1be01cecc132811bd12f79f895ceb10ba28e3a9b,2025-09-18T21:52:41+08:00,github.com/Yiling-J/theine-go,1.20,OK,3,8,15
Zaba505__gws,https://github.com/Zaba505/gws,0f356a408ea4ff0f41b97a59abd9d24d3e23ba4c,2020-09-04T01:56:16-04:00,github.com/zaba505/gws,1.14,OK,2,2,34
a8m__go-lang-cheat-sheet,https://github.com/a8m/go-lang-cheat-sheet,9c634033efeb0fdd45c8b08030be9d53d3c4ea73,2022-08-27T09:07:02+03:00,command-line-arguments,,EMPTY_GT,0,0,0
a8m__rql,https://github.com/a8m/rql,cd8b893ef75d6de59da274fbaa2f0fca5a4ffd8f,2024-07-25T11:14:58+03:00,github.com/a8m/rql,1.16,OK,5,6,18
aafeher__go-sitemap-parser,https://github.com/aafeher/go-sitemap-parser,de1f4d65dc9ae59c2270b28907e155c1af0f9bf1,2026-07-06T22:04:04+02:00,github.com/aafeher/go-sitemap-parser,1.25.0,OK,2,2,9
aalpar__deheap,https://github.com/aalpar/deheap,9b86833c8c16e96109dbc0e0eb134d5e7adf2724,2026-03-12T15:41:56-07:00,github.com/aalpar/deheap,1.23,EMPTY_GT,,,
aarzilli__golua,https://github.com/aarzilli/golua,248753f411c4beff8c83c02f85a4573043d20fee,2025-02-17T10:14:09+01:00,github.com/aarzilli/golua,1.15,EMPTY_GT,0,0,1
abahmed__kwatch,https://github.com/abahmed/kwatch,9d2627cfadf4c5744bf6c3dc500c697ef602664d,2026-07-07T09:38:53+03:00,github.com/abahmed/kwatch,1.26.1,OK,57,59,91
abdullahselek__go-here,https://github.com/abdullahselek/go-here,351e56ef0184cf6af9a63f40e249b4471ba0ac64,2020-05-23T21:34:58+01:00,command-line-arguments,,EMPTY_GT,0,0,0
abecodes__dft,https://github.com/abecodes/dft,283757dd7d2f27fa8f46a01ebfbdb9628115d944,2025-01-25T10:17:25+01:00,github.com/abecodes/dft,1.22.4,EMPTY_GT,,,
abhimanyu003__sttr,https://github.com/abhimanyu003/sttr,a024bff2c27b88a267ff7cbc7d72800ef07846fe,2025-12-25T16:40:08+05:30,github.com/abhimanyu003/sttr,1.24.5,OK,42,42,65
abice__go-enum,https://github.com/abice/go-enum,5807081773e4cebf6efd4e0884ebeef4cf7de521,2026-07-12T20:00:57-07:00,github.com/abice/go-enum,1.25.0,OK,23,29,50
abrahambotros__lore,https://github.com/abrahambotros/lore,c48946c118531c6578a65d30a7a38813f214b3a3,2017-10-21T11:26:33-07:00,command-line-arguments,,EMPTY_GT,,,
abraithwaite__jeff,https://github.com/abraithwaite/jeff,679b44de3bf63bbfc27db4b867330e2b37a6b9ad,2021-06-23T08:10:10-04:00,github.com/abraithwaite/jeff,1.14,OK,6,10,22
abusomani__go-palette,https://github.com/abusomani/go-palette,7d38713ba8b2c87e3d3c12c532253dff6a7bb3f7,2023-03-09T19:24:52+05:30,github.com/abusomani/go-palette,1.19,EMPTY_GT,0,0,0
abusomani__jsonhandlers,https://github.com/abusomani/jsonhandlers,a7f76c2cc9d4f7c1a8f348013550cba138b42eb6,2023-03-09T21:12:11+05:30,github.com/abusomani/jsonhandlers,1.20,EMPTY_GT,0,4,7
aclindsa__ofxgo,https://github.com/aclindsa/ofxgo,b2d1132f5987d6a150ccbf4152048cf0bf1ca625,2026-02-09T06:33:07-05:00,github.com/aclindsa/ofxgo,1.9,OK,4,4,12
adam-hanna__jwt-auth,https://github.com/adam-hanna/jwt-auth,648d06fb00920e4ff5ef5ed450436e3374944098,2021-08-01T16:03:58-07:00,command-line-arguments,,EMPTY_GT,0,0,0
adam-hanna__sessions,https://github.com/adam-hanna/sessions,76e553fb337883ce879e272efcbd00f5bf66951e,2020-04-15T11:01:42-07:00,github.com/adam-hanna/sessions,1.14,OK,2,2,3
adelowo__gulter,https://github.com/adelowo/gulter,1ef17327163e7e82dc9a103fc332c26f0f19231f,2026-07-19T20:07:39+01:00,github.com/adelowo/gulter,1.25.0,OK,36,42,63
adelowo__onecache,https://github.com/adelowo/onecache,4af24e41db10077be2142a96ad389c87874e2114,2020-05-25T16:42:27+01:00,github.com/adelowo/onecache,1.13,OK,2,2,22
adlio__schema,https://github.com/adlio/schema,366cd4cb24b1d66780a337e6dc6778b200df899b,2026-07-04T06:10:18-07:00,github.com/adlio/schema,1.25.11,EMPTY_GT,0,0,0
adlio__trello,https://github.com/adlio/trello,1a10fa0aa3d330471aeea3f63c9b906cfd3570ef,2026-05-02T21:28:44-07:00,github.com/adlio/trello,1.21,OK,1,1,2
adnanh__webhook,https://github.com/adnanh/webhook,857e708f87a610ecddb44397d90e5b3e97e4315a,2026-02-12T23:59:28+01:00,github.com/adnanh/webhook,1.21,OK,10,10,21
adrg__libvlc-go,https://github.com/adrg/libvlc-go,1c8ee87bec88d45c85950080994869dd550bef42,2026-06-05T12:56:06+03:00,command-line-arguments,,EMPTY_GT,0,0,0
adrianmo__go-nmea,https://github.com/adrianmo/go-nmea,fb5708f1f10c1909b79955a71e10025cae8b8511,2026-06-10T11:54:20-04:00,github.com/adrianmo/go-nmea,1.14,EMPTY_GT,0,4,7
adrianosela__multikey,https://github.com/adrianosela/multikey,f34358b3ba02f271f675322d3082ee9142db0633,2024-05-20T07:51:54-07:00,github.com/adrianosela/multikey,1.20,EMPTY_GT,0,4,7
aerogo__codetree,https://github.com/aerogo/codetree,e9240b8be5283248de72d68159df01c1dec7b1e1,2019-10-26T13:18:28+09:00,github.com/aerogo/codetree,1.12,EMPTY_GT,,,
aerospike__aerospike-client-go,https://github.com/aerospike/aerospike-client-go,f7284c3cc6cf68f8c43a7e3c871a8688e7695bfb,2026-06-10T15:47:55-07:00,github.com/aerospike/aerospike-client-go/v8,1.23.0,OK,3,14,48
afjoseph__RAKE.Go,https://github.com/afjoseph/RAKE.Go,7593701b67186ed7d61c298ce5dff38ef11574c8,2025-06-12T08:07:30+02:00,command-line-arguments,,EMPTY_GT,0,0,0
agext__uuid,https://github.com/agext/uuid,7ff263439611cbd00114a49d4ca1973db307b5b1,2020-03-12T17:57:07-04:00,github.com/agext/uuid,,EMPTY_GT,0,0,1
agilira__argus,https://github.com/agilira/argus,6a04d1f230c884a24a531d91ed768a589dc5b5d2,2026-07-14T22:49:25+02:00,github.com/agilira/argus,1.25.9,OK,5,5,7
agilira__flash-flags,https://github.com/agilira/flash-flags,a6ecd84e35189822bed947a4325cfe63dbd74c34,2026-05-03T11:23:22+02:00,github.com/agilira/flash-flags,1.25.9,EMPTY_GT,0,0,1
agilira__orpheus,https://github.com/agilira/orpheus,394a9676ba86680aa7dd0d301da29f4f5e38cf1d,2026-05-24T13:11:50+02:00,github.com/agilira/orpheus,1.25.9,OK,5,5,6
agnivade__levenshtein,https://github.com/agnivade/levenshtein,fcfe234306ae7f7852833506ab12a63966c84e4a,2026-03-03T20:18:22+05:30,github.com/agnivade/levenshtein,1.21,EMPTY_GT,,,
agnivade__wasmbrowsertest,https://github.com/agnivade/wasmbrowsertest,ff350cc7eb281242c0572c9e068246c0916d29ec,2026-06-09T17:05:02+05:30,github.com/agnivade/wasmbrowsertest,1.26,OK,9,9,17
agonopol__go-stem,https://github.com/agonopol/go-stem,98588501825042276ca6d7cbc73bc8bb56ea8d77,2015-06-30T13:33:28+02:00,command-line-arguments,,EMPTY_GT,0,0,0
ahmadraza100__dotlock,https://github.com/ahmadraza100/dotlock,187803825761a78d763e6bdd1ff347a90d45fc37,2026-05-30T05:09:44+01:00,github.com/ahmadraza100/dotlock,1.24.2,OK,32,32,59
ahmedakef__gotutor,https://github.com/ahmedakef/gotutor,691c0ea96fcae4e7e2f60613daf8efd05e01cb39,2026-04-30T23:02:00+02:00,github.com/ahmedakef/gotutor,1.24,OK,14,14,44
ahmetalpbalkan__go-linq,https://github.com/ahmetalpbalkan/go-linq,b945a41e41544f63765f177753d14ce78ed847b9,2025-10-19T08:41:04-07:00,github.com/ahmetb/go-linq/v4,1.23,EMPTY_GT,0,0,1
aidarkhanov__nanoid,https://github.com/aidarkhanov/nanoid,84fce99176fceffdea8b5337baea22d7b0e3c077,2021-09-16T01:15:54+03:00,github.com/aidarkhanov/nanoid/v2,1.14,EMPTY_GT,0,0,0
aio-arch__graphlib,https://github.com/aio-arch/graphlib,5c3c159abaccfc2b4410b01aa3838ada037eb740,2025-08-06T05:19:28+00:00,github.com/aio-arch/graphlib,1.18,EMPTY_GT,0,0,0
ajitpratap0__GoSQLX,https://github.com/ajitpratap0/GoSQLX,dc4416395f162de8f6d818bd90ef9c2876be25ff,2026-05-27T08:49:15+05:30,github.com/ajitpratap0/GoSQLX,1.26.1,OK,15,66,131
ajvb__kala,https://github.com/ajvb/kala,4eb4f7ae04346e0f6ba92d0c63a619ca9c59559c,2023-02-21T14:04:45-08:00,github.com/ajvb/kala,1.13,OK,41,50,235
akamensky__argparse,https://github.com/akamensky/argparse,bafecdd102c0aa4801ad57d73c93c92e21975869,2022-08-11T11:50:54+10:00,,1.13,EMPTY_GT,0,0,0
akrennmair__gopcap,https://github.com/akrennmair/gopcap,00e11033259acb75598ba416495bb708d864a010,2015-07-28T18:05:02+02:00,command-line-arguments,,EMPTY_GT,0,0,0
akrylysov__pogreb,https://github.com/akrylysov/pogreb,b86080d06267f8d12067cd432ffd9e5b6916d354,2026-04-06T19:31:53-04:00,github.com/akrylysov/pogreb,1.18,EMPTY_GT,,,
alajmo__mani,https://github.com/alajmo/mani,ca8160952af5867429b54659a66cff3cc4ba656f,2026-05-19T23:12:37+02:00,github.com/alajmo/mani,1.26.3,OK,25,28,53
alajmo__sake,https://github.com/alajmo/sake,86986df901293db0f7d1e548ef34c849bb1f709d,2026-05-30T09:48:04+02:00,github.com/alajmo/sake,1.26.3,OK,19,21,45
alanzng__manifestor,https://github.com/alanzng/manifestor,ae5ecd57a1ebcec97837b95972ed02b9dd942428,2026-07-06T15:55:03+07:00,github.com/datvietvac-techhub/manifestor,1.22,EMPTY_GT,0,0,1
albrow__forms,https://github.com/albrow/forms,8737e1d22f1d7c834e2fc549881d3b5c6cc1837b,2022-12-15T19:14:56-08:00,command-line-arguments,,EMPTY_GT,,,
albrow__zoom,https://github.com/albrow/zoom,1cfff10695f744eba991f853fb963a48f462ab0a,2023-02-02T12:22:29-08:00,command-line-arguments,,EMPTY_GT,,,
aldor007__mort,https://github.com/aldor007/mort,9cf57d34d282f9e37e8d9fac3d45b28d8c83984a,2025-12-19T10:48:49+00:00,github.com/aldor007/mort,1.25,OK,95,105,327
alebeck__boring,https://github.com/alebeck/boring,e82ba7b697b0a964f786c33fb6be9c5408619934,2026-07-14T15:26:37+01:00,github.com/alebeck/boring,1.25.0,OK,6,7,9
alecthomas__kingpin,https://github.com/alecthomas/kingpin,6451cc5d2dc7a6fd495db66c025de9987721f4f4,2026-06-23T00:08:17+10:00,github.com/alecthomas/kingpin/v2,1.17,OK,2,6,9
alecthomas__kong,https://github.com/alecthomas/kong,a5c96268805994e92822673b24553196694fdda1,2026-07-19T21:20:22+10:00,github.com/alecthomas/kong,1.20,EMPTY_GT,0,3,4
alegrey91__fwdctl,https://github.com/alegrey91/fwdctl,0257a51b33a6bd58345bed1dc7a3c1c485acbaf6,2026-07-10T16:17:33+02:00,github.com/alegrey91/fwdctl,1.22,OK,24,24,113
aler9__goroslib,https://github.com/aler9/goroslib,822b5676f4d99e247254dbf854b43bcbfc17f05b,2025-06-02T21:01:50+02:00,github.com/bluenviron/goroslib/v2,1.23.0,OK,22,26,55
aler9__gortsplib,https://github.com/aler9/gortsplib,adb6e25d64d9f33f84878578f4f1f34902da85c4,2026-07-19T08:40:32+02:00,github.com/bluenviron/gortsplib/v5,1.25.0,OK,12,18,29
alesr__redact,https://github.com/alesr/redact,2ff48033b1289b6fffe3a319f10a8a3b1d5106e2,2026-04-17T20:57:58+03:00,github.com/alesr/redact,1.26,EMPTY_GT,0,0,0
alesr__templator,https://github.com/alesr/templator,48e3be70966ff9b85e862eee0c2709259b9dbec1,2026-04-18T11:12:09+03:00,github.com/alesr/templator,1.26,OK,1,5,11
alexcfv__go-pcaplite,https://github.com/alexcfv/go-pcaplite,a352b73b3a6fa613d6fb8d326295b3de71509b7e,2026-05-29T14:01:19+02:00,github.com/alexcfv/go-pcaplite,1.24.1,OK,1,1,11
alexedwards__scs,https://github.com/alexedwards/scs,209de6e426de9259665975ce16b91331d228f052,2025-10-02T18:21:04+02:00,github.com/alexedwards/scs/v2,1.12,EMPTY_GT,0,0,1
alexeyco__binder,https://github.com/alexeyco/binder,2a21303f588a88e850cc19908210589dfbdbd0e2,2018-07-30T01:00:23+03:00,command-line-arguments,,EMPTY_GT,0,0,0
alexeyco__pig,https://github.com/alexeyco/pig,b7693bcf736ef8142b6c8e3c5044810b5f14fb00,2025-11-14T22:58:06+03:00,github.com/otetz/pig,1.23.0,OK,9,10,31
alexflint__go-arg,https://github.com/alexflint/go-arg,bd684bc5f43fa23006993c86c68ccfb881a8beb3,2025-12-27T14:04:21-08:00,github.com/alexflint/go-arg,1.18,OK,1,5,8
alexliesenfeld__health,https://github.com/alexliesenfeld/health,10af2e791738bdea6904675911ff8a84264716da,2026-06-15T15:22:45+02:00,github.com/alexliesenfeld/health,1.18,EMPTY_GT,0,0,0
alexpantyukhin__go-pattern-match,https://github.com/alexpantyukhin/go-pattern-match,d84479c117d711c9a6bfc5033b72476efe21eb1f,2023-03-02T01:02:47+04:00,command-line-arguments,,EMPTY_GT,0,0,0
alexsergivan__transliterator,https://github.com/alexsergivan/transliterator,ea2215d10f2379111c6c56a1fe7d66d4208ab973,2022-09-14T14:48:49+02:00,github.com/alexsergivan/transliterator,1.13,EMPTY_GT,0,0,0
alexsniffin__gosd,https://github.com/alexsniffin/gosd,0fffbadff22d1229655c5be8a937267e291e458f,2022-08-16T21:45:16-04:00,github.com/alexsniffin/gosd/v2,1.19,EMPTY_GT,0,0,1
alioygur__gores,https://github.com/alioygur/gores,c087a622aacfbb8b7be62ba266a174d7935fb86f,2021-01-01T15:44:23+03:00,github.com/alioygur/gores,1.15,EMPTY_GT,0,0,1
alitto__pond,https://github.com/alitto/pond,e309c37eb8ad1c7647c4bde7d706e2884ba76ff4,2026-04-14T08:51:05-03:00,github.com/alitto/pond/v2,1.20,EMPTY_GT,0,0,1
alixaxel__genex,https://github.com/alixaxel/genex,2f0294e19d3ca54fde050afe6c8308ca85c67486,2020-01-05T18:10:34+00:00,command-line-arguments,,EMPTY_GT,0,0,0
alixaxel__pagerank,https://github.com/alixaxel/pagerank,900657b89dcb74b19af72406e7134a01581094b1,2020-01-05T18:10:19+00:00,command-line-arguments,,EMPTY_GT,0,0,0
allaboutapps__go-starter,https://github.com/allaboutapps/go-starter,9f7a54cca5cf7b68657e6d5242bab3fcef81ae2d,2025-10-16T09:41:49+00:00,allaboutapps.dev/aw/go-starter,1.24.0,OK,87,95,248
allegro__bigcache,https://github.com/allegro/bigcache,532eb6410aefb749509084c74f56b8313e200f4a,2026-02-05T15:26:55+01:00,github.com/allegro/bigcache/v3,1.16,EMPTY_GT,0,0,0
alouche__rodent,https://github.com/alouche/rodent,2d6702707a9f1109aa90e1fc1720754ecc69e05d,2017-04-22T09:48:36+02:00,command-line-arguments,,EMPTY_GT,0,0,0
alpeb__go-finance,https://github.com/alpeb/go-finance,e4f601ef4382afa03b8f36e5d1183455913f0de5,2021-12-02T15:16:25-05:00,github.com/alpeb/go-finance,1.17,EMPTY_GT,0,0,1
alvii147__gloop,https://github.com/alvii147/gloop,,,,,EMPTY_GT,0,0,0
alwindoss__morse,https://github.com/alwindoss/morse,94455afe448ffc54d1ce523efe3339f6c80d0e78,2022-08-30T15:42:15+05:30,github.com/alwindoss/morse,1.17,EMPTY_GT,,,
amacneil__dbmate,https://github.com/amacneil/dbmate,2183dd8c631adacdb82f09a1d1bcad2a282196fb,2026-07-16T18:48:35-04:00,github.com/amacneil/dbmate/v2,1.25.0,OK,69,70,356
amallia__go-ef,https://github.com/amallia/go-ef,42257fcce572edee9f1ad3abee1de1bb807d24cc,2017-09-25T21:06:54+01:00,command-line-arguments,,EMPTY_GT,0,0,0
amimof__huego,https://github.com/amimof/huego,b5d5385f8ad748d8b4ff5477df5a6a8a7212ea3e,2023-06-30T09:46:09+02:00,github.com/amimof/huego,1.13,EMPTY_GT,0,6,13
amit-davidson__Chronos,https://github.com/amit-davidson/Chronos,0fc56a9e04b4a685137a1541e40d6eec85f58f89,2022-04-22T11:41:52+03:00,github.com/amit-davidson/Chronos,1.15,OK,7,7,16
amit-davidson__LibraDB,https://github.com/amit-davidson/LibraDB,4a154c8cb27ec9968cc9f150a39edf51cacb1b19,2022-10-06T17:44:51+03:00,github.com/amit-davidson/LibraDB,1.17,OK,5,5,8
amit-davidson__awesome-golang-workshops,https://github.com/amit-davidson/awesome-golang-workshops,e725559e74707d4e245fda38fd2244c7f29d3d80,2021-07-07T08:12:49-06:00,command-line-arguments,,EMPTY_GT,0,0,0
amjadjibon__memsh,https://github.com/amjadjibon/memsh,35b241fa0472eb66fd67603121607fac2b4fb7ff,2026-07-16T00:22:25+08:00,github.com/amjadjibon/memsh,1.26,OK,56,56,116
amoghe__distillog,https://github.com/amoghe/distillog,ae382b35b7179be96f516c07ae0e54b7723a4822,2018-07-26T16:35:12-07:00,command-line-arguments,,EMPTY_GT,0,0,0
anacrolix__dht,https://github.com/anacrolix/dht,ec3a9bd994569a6457c127c217074b7a063220f2,2026-05-25T16:39:28+10:00,github.com/anacrolix/dht/v2,1.23,OK,71,80,356
anacrolix__torrent,https://github.com/anacrolix/torrent,fd15081f8ed1d875f8057883a96e2bd0586d8bd0,2026-06-22T12:01:28+10:00,,1.24.0,EMPTY_GT,0,0,0
anatol__booster,https://github.com/anatol/booster,57b030b1d65ff9bd3b1672a1c362461c68033a9a,2026-07-18T14:07:57-07:00,github.com/anatol/booster,1.26,OK,38,38,66
anatol__luks.go,https://github.com/anatol/luks.go,2658459c8ca5cebb474dfdc2211727b1041513e5,2026-06-15T11:50:44-07:00,github.com/anatol/luks.go,1.26,OK,5,13,20
anchore__syft,https://github.com/anchore/syft,ae9534203d4a49f2b96a05dfc1383e2376993c72,2026-07-17T13:52:25+00:00,github.com/anchore/syft,1.26.3,OK,288,305,783
andizzle__rwdb,https://github.com/andizzle/rwdb,0d10fac69b958d9a12253395bf43ea01ccb3bce8,2017-11-08T20:10:06+11:00,command-line-arguments,,EMPTY_GT,0,0,0
andlabs__ui,https://github.com/andlabs/ui,70a69d6ae31ed9d8bb0619a191179c63d846ab8e,2020-06-10T00:35:37-04:00,command-line-arguments,,EMPTY_GT,0,0,0
andreimerlescu__entpassgen,https://github.com/andreimerlescu/entpassgen,8ba17317d49eb382465dd6518123ee61e9ed2cf5,2026-04-19T16:56:25-04:00,github.com/andreimerlescu/entpassgen,1.22,EMPTY_GT,,,
andrewstuart__goq,https://github.com/andrewstuart/goq,93e9224e0a4f2d510d1f10ae178d4a3e13d5059b,2021-09-01T21:20:17-07:00,astuart.co/goq,1.12,OK,3,6,13
andskur__argon2-hashing,https://github.com/andskur/argon2-hashing,10898e64d5667cfa0b343b1a07ef7cff708fa069,2025-05-13T13:48:41+02:00,github.com/andskur/argon2-hashing,1.23.0,OK,2,2,6
andy2046__failured,https://github.com/andy2046/failured,720f9b5b4617663d31aadfdde8af41788242963f,2021-08-01T23:14:01+08:00,github.com/andy2046/failured,1.15,OK,1,1,2
andybons__hipchat,https://github.com/andybons/hipchat,c9ecf9bd5709df68539effb29f65de8b4f1a89b0,2016-03-24T15:12:10-04:00,command-line-arguments,,EMPTY_GT,0,0,0
andygeiss__ecs,https://github.com/andygeiss/ecs,8c0fc7ed3ba31516084390c09458643c0d0d2070,2025-11-21T19:04:53+01:00,github.com/andygeiss/ecs,1.25.4,EMPTY_GT,0,0,1
andygeiss__esp32-transpiler,https://github.com/andygeiss/esp32-transpiler,2b2d7fc77042513c26eb9fc924ff877926e51700,2025-11-21T19:06:07+01:00,github.com/andygeiss/esp32-transpiler,1.25.4,EMPTY_GT,0,1,10
andygrunwald__cachet,https://github.com/andygrunwald/cachet,34d0d1408d1cee60f731bfb56e45cae187cf1d41,2021-06-22T19:03:26+02:00,command-line-arguments,,EMPTY_GT,0,0,0
andygrunwald__go-trending,https://github.com/andygrunwald/go-trending,5a218a43789e981b2ccf0d558e25ef3bd8c655b4,2026-02-12T19:46:22+01:00,github.com/andygrunwald/go-trending,1.25,OK,3,3,15
andygrunwald__megos,https://github.com/andygrunwald/megos,e9ff1cac83c542994cd89191f96dc0f413bcaf05,2021-06-22T19:05:59+02:00,command-line-arguments,,EMPTY_GT,0,0,0
andygrunwald__vdf,https://github.com/andygrunwald/vdf,b494c6cf6800fa2e5a073c876ac33e51e6083b39,2026-06-20T09:20:23+02:00,github.com/andygrunwald/vdf,1.25,EMPTY_GT,0,4,7
ankorstore__yokai,https://github.com/ankorstore/yokai,09f538c2cf979cdd1d151f1ae9feba361f028bcf,2026-07-16T10:46:20+02:00,command-line-arguments,,EMPTY_GT,0,0,0
ansd__lastpass-go,https://github.com/ansd/lastpass-go,280cc13dd33a804103c44d9b9557e03c30ccf692,2022-09-10T17:33:13+00:00,github.com/ansd/lastpass-go,1.12,OK,1,10,35
antchfx__antch,https://github.com/antchfx/antch,b3a15a6691317f921d166f8103b57ff3fd1342d6,2020-05-31T23:12:08+08:00,command-line-arguments,,EMPTY_GT,0,0,0
antchfx__htmlquery,https://github.com/antchfx/htmlquery,bfb8bdf08b7700aaebab70c07f4379d629cb6a51,2026-05-24T23:42:51+08:00,github.com/antchfx/htmlquery,1.14,OK,4,4,15
antchfx__xmlquery,https://github.com/antchfx/xmlquery,e79c9c9146ba2cef9786787f72d4efd1ca8603f1,2026-03-21T13:57:45+08:00,github.com/antchfx/xmlquery,1.14,OK,4,4,15
antchfx__xpath,https://github.com/antchfx/xpath,d666d4b6f3b570811b144144414971401472b83c,2026-07-20T13:51:25+08:00,github.com/antchfx/xpath,1.14,EMPTY_GT,0,0,0
antham__chyle,https://github.com/antham/chyle,e6e58591107d2081f1d5c3c28de604ba04b276b4,2026-07-11T17:21:13+02:00,github.com/antham/chyle,1.25.0,OK,37,43,74
antham__envh,https://github.com/antham/envh,dc96f9898b8a4666b34221ef31913e841c03aeba,2026-01-16T08:15:09+01:00,github.com/antham/envh,1.18,EMPTY_GT,0,6,9
antham__ghokin,https://github.com/antham/ghokin,5d63631afb79eb07f4c67c4d8d92ac9f55766ab9,2026-07-14T16:15:23+02:00,github.com/antham/ghokin/v3,1.25.0,OK,23,27,43
antham__gommit,https://github.com/antham/gommit,f03c789b93485311835dd2dcc3f91e0598acc28b,2026-07-09T08:25:00+02:00,github.com/antham/gommit,1.25.0,OK,37,42,72
antham__strumt,https://github.com/antham/strumt,6efbc2e1b94837fc80dbb9c638d7dac3e03ffc26,2023-02-27T12:06:09+01:00,github.com/antham/strumt/v2,,EMPTY_GT,0,0,0
antham__yogo,https://github.com/antham/yogo,cdb5c3b1050ad2932a3a3cd1c456d9b141b860ff,2026-07-09T14:05:06+02:00,github.com/antham/yogo/v4,1.25.0,OK,17,22,41
antonmedv__expr,https://github.com/antonmedv/expr,4b31df3a2e0eefec04c017a82a00e0f08541d3e4,2026-07-07T08:57:20+02:00,github.com/expr-lang/expr,1.18,EMPTY_GT,0,0,1
aofei__cameron,https://github.com/aofei/cameron,966aea8b2de602692b3e9af28438869fa2f9b714,2026-02-11T16:08:50+08:00,github.com/aofei/cameron,1.13,EMPTY_GT,0,0,0
aofei__sandid,https://github.com/aofei/sandid,6cbf14c5ac174ce275af928c5abe9a0d533c9748,2025-05-17T22:28:43+08:00,github.com/aofei/sandid,1.13,EMPTY_GT,0,0,1
apache__calcite-avatica-go,https://github.com/apache/calcite-avatica-go,6e6fead093041844ea504132271dc634cbf9fb1d,2026-06-01T09:51:29+10:00,github.com/apache/calcite-avatica-go/v5,1.25.0,OK,12,12,33
apex__log,https://github.com/apex/log,8da83152b5d6177b4bfe3d12810a5afd25355170,2020-08-18T14:45:02+01:00,github.com/apex/log,1.13,OK,18,23,49
aplescia-chwy__lets-go,https://github.com/aplescia-chwy/lets-go,83816298beb81deb92a8ef63363f483bbe9c7529,2021-04-24T13:30:06-04:00,github.com/aplescia-chwy/lets-go,1.15,OK,11,15,45
appleboy__drone-jenkins,https://github.com/appleboy/drone-jenkins,06507d40e6210960b47600d275068f0499e2fa15,2026-07-18T10:41:02+08:00,github.com/appleboy/drone-jenkins,1.25.10,OK,7,11,16
appleboy__drone-line,https://github.com/appleboy/drone-line,7ad766b4119c2e398e4ecca0fd45b2e97b2e3d3d,2021-06-18T08:53:24+08:00,github.com/appleboy/drone-line,1.13,OK,32,36,60
appleboy__drone-scp,https://github.com/appleboy/drone-scp,bf6947a36d0c18821b98524d4ec4adeb7ca303bf,2026-07-18T10:41:02+08:00,github.com/appleboy/drone-scp,1.25.10,OK,15,19,27
appleboy__easyssh-proxy,https://github.com/appleboy/easyssh-proxy,9c07c287cb7985ca26b7381fc2f63b138d7efd0e,2026-07-17T22:14:26+08:00,github.com/appleboy/easyssh-proxy,1.25.10,OK,3,7,15
appleboy__gofight,https://github.com/appleboy/gofight,638290c7faf4aea934e9025446f0258ad8b7f268,2026-07-17T22:14:26+08:00,github.com/appleboy/gofight/v2,1.25.10,EMPTY_GT,0,4,7
apsdehal__go-logger,https://github.com/apsdehal/go-logger,b0d6ccfee0e6fb798b2dab6b21ac498dbc5e9784,2019-05-15T14:27:10-07:00,command-line-arguments,,EMPTY_GT,0,0,0
aragossa__pii-shield,https://github.com/aragossa/pii-shield,cdc033aaea1a199b636ba99c6d5d10328007d90b,2026-07-20T21:58:04+03:00,github.com/pii-shield/pii-shield,1.26.3,OK,13,14,42
arceus-7__chroma16,https://github.com/arceus-7/chroma16,67998713a659ef6379255b2625c966aa6eb60395,2026-03-25T23:35:14+05:30,github.com/arceus-7/chroma16,1.24.3,OK,13,13,17
arch-go__arch-go,https://github.com/arch-go/arch-go,6cb436f84fc8c3800ab9e4f014813c35e871b3d3,2026-02-13T12:59:46-03:00,github.com/arch-go/arch-go/v2,1.24.0,OK,26,27,103
ardanlabs__service,https://github.com/ardanlabs/service,43e8ae07abdc554ab7361d73fcbbee7a87bfa891,2026-06-22T13:26:41-04:00,github.com/ardanlabs/service,1.26.0,OK,63,64,177
ariga__atlas,https://github.com/ariga/atlas,a5e0aecc2bb64143bf522734f8ad88e04885fca6,2026-06-22T21:33:34+07:00,ariga.io/atlas,1.26.4,OK,17,18,38
arikama__go-mysql-test-container,https://github.com/arikama/go-mysql-test-container,ce91e693f26f57712f9079d7bee9a0c2d5f0af82,2022-06-08T23:27:34+08:00,github.com/arikama/go-mysql-test-container,1.18,OK,27,31,303
arl__statsviz,https://github.com/arl/statsviz,a22de2777665bf75695955da51cf7de0ccda2718,2026-07-04T10:37:39+02:00,github.com/arl/statsviz,1.25,OK,1,3,11
arthurkiller__rollingWriter,https://github.com/arthurkiller/rollingWriter,3145271986bc7b43f24d74a51117f3571052853a,2023-10-16T14:38:20+08:00,github.com/arthurkiller/rollingwriter,1.12,OK,1,4,6
arthurkushman__buildsqlx,https://github.com/arthurkushman/buildsqlx,6745db8fc974be64b2c741a1cf1dc0ef4158ad77,2024-04-21T21:58:49+03:00,github.com/arthurkushman/buildsqlx,1.18,OK,3,7,13
arthurkushman__pgo,https://github.com/arthurkushman/pgo,fe06d63366a43f5fac6a70b131a3a739f1416a9c,2026-05-05T17:44:06+03:00,github.com/arthurkushman/pgo,1.26,EMPTY_GT,,,
artonge__go-csv-tag,https://github.com/artonge/go-csv-tag,82d996c79cffe327a89717a79ac69bfe27d42c73,2025-06-17T11:13:14+02:00,github.com/artonge/go-csv-tag/v2,1.24,EMPTY_GT,0,0,1
artonge__go-gtfs,https://github.com/artonge/go-gtfs,af448d2fc003c8e28799db8f8dbdb42944d1cb84,2023-08-16T09:58:02+02:00,github.com/artonge/go-gtfs,1.12,OK,1,1,2
artyom__autoflags,https://github.com/artyom/autoflags,a3f3a3ebf73ceea191ac794435c3a6e9cd0ca3d3,2022-06-11T22:20:51+03:00,github.com/artyom/autoflags,1.16,EMPTY_GT,0,0,1
arunsworld__nursery,https://github.com/arunsworld/nursery,ecfe7a688cfd866de0da8ecff34de72b34d22f53,2021-07-08T16:58:38+01:00,github.com/arunsworld/nursery,1.13,EMPTY_GT,0,0,1
arxdsilva__golang-ifood-sdk,https://github.com/arxdsilva/golang-ifood-sdk,b6812a5f4378afe3a3b97c42ae61bc4532cf1f8b,2022-04-05T11:32:54-03:00,github.com/arxdsilva/golang-ifood-sdk,1.17,OK,8,9,19
asafschers__goscore,https://github.com/asafschers/goscore,6e6e174c153acb81cfdeb3c4d23b48481468a10f,2019-08-23T14:21:07+03:00,command-line-arguments,,EMPTY_GT,,,
asaskevich__EventBus,https://github.com/asaskevich/EventBus,49d423059eefd67a7243331db83e16d347139b4a,2020-09-08T00:25:45+03:00,command-line-arguments,,EMPTY_GT,0,0,0
asaskevich__govalidator,https://github.com/asaskevich/govalidator,3dd3875e2b081a20d6eed935913a482fea14ecd0,2026-04-20T12:11:25+03:00,github.com/asaskevich/govalidator/v12,1.13,EMPTY_GT,0,0,1
asciimoo__colly,https://github.com/asciimoo/colly,20d31482af5f754832a753f88517f3dfa61d921f,2026-06-18T15:36:08+02:00,github.com/gocolly/colly/v2,1.24.0,OK,18,18,34
asciimoo__wuzz,https://github.com/asciimoo/wuzz,06eb2a2279084e0277d49c5b362ea1a254b023f5,2026-06-18T21:31:43+02:00,github.com/asciimoo/wuzz,1.24.0,OK,24,24,40
asdine__storm,https://github.com/asdine/storm,23213e9525985cdd3f0ca079c19b78db7e67b76f,2020-09-09T12:31:11+04:00,github.com/asdine/storm/v3,1.13,EMPTY_GT,0,0,0
ashleymcnamara__gophers,https://github.com/ashleymcnamara/gophers,97545458c8bc90c7b12fadbf0c21861d543e0892,2026-06-27T10:12:41-07:00,command-line-arguments,,EMPTY_GT,0,0,0
ashwingopalsamy__uuidcheck,https://github.com/ashwingopalsamy/uuidcheck,68e0ce3687caf2f467f3d4b3db5b5a3ef73816af,2024-12-08T09:58:39+05:30,github.com/ashwingopalsamy/uuidcheck,1.23.4,EMPTY_GT,,,
askeladdk__prattle,https://github.com/askeladdk/prattle,68ed6f4763efeb755e4668643fd3d5f61229daf4,2025-10-19T11:31:26+02:00,github.com/askeladdk/prattle,1.16,EMPTY_GT,0,0,0
assafmo__joincap,https://github.com/assafmo/joincap,9ccd77bb9dded414f8f70307c278433533f07fca,2025-06-06T14:16:17+03:00,github.com/assafmo/joincap,1.14,OK,5,5,13
asticode__go-astiav,https://github.com/asticode/go-astiav,ac70158432a1fffce2813215403dd65addc3df61,2026-07-17T09:17:51+02:00,github.com/asticode/go-astiav,1.21,OK,1,5,8
asticode__go-astisub,https://github.com/asticode/go-astisub,52190f1d606f35190d40e86ecb02c31902f30272,2026-07-08T08:57:43+02:00,github.com/asticode/go-astisub,1.13,OK,4,8,15
asticode__go-astits,https://github.com/asticode/go-astits,5fcd7d85573d2d8330c01b0e98cba71149732b09,2026-05-14T09:34:54+02:00,github.com/asticode/go-astits,1.20,EMPTY_GT,0,0,0
asty-org__asty,https://github.com/asty-org/asty,f7439dbcce4dffbb79f068009aed9f50b95039a8,2023-05-23T01:53:34+03:00,github.com/asty-org/asty,1.20,EMPTY_GT,0,0,0
atelpis__enflag,https://github.com/atelpis/enflag,21602893cfdb15d42ee0c2cd24fd7fee4c29f757,2025-09-29T07:30:10-05:00,github.com/atelpis/enflag,1.18,EMPTY_GT,0,0,1
atemerev__skynet,https://github.com/atemerev/skynet,b5829d75ac0660ed8f333fdfdba3eab5aa568b80,2023-11-10T15:53:36+01:00,command-line-arguments,,EMPTY_GT,0,0,0
augmentable-dev__tickgit,https://github.com/augmentable-dev/tickgit,9d0b1519973da3a4f50d45ca8bdcdf7e70638e75,2020-06-21T18:12:19-04:00,github.com/augmentable-dev/tickgit,1.13,OK,19,19,126
aurelien-rainone__go-rquad,https://github.com/aurelien-rainone/go-rquad,116c575120e68f667e72e75281f01188943eed5a,2022-06-23T00:06:24+02:00,github.com/arl/go-rquad,1.12,OK,1,1,2
authzed__spicedb,https://github.com/authzed/spicedb,fd84b2a9bffbba5fd7fda300bd13de9510de3432,2026-07-17T18:45:08+00:00,github.com/authzed/spicedb,1.26.5,OK,228,230,470
avahidi__interpol,https://github.com/avahidi/interpol,7fe3c8d671592685a3520bebb4b9524a8e26c00e,2025-07-05T18:25:38+02:00,github.com/avahidi/interpol,1.13,EMPTY_GT,0,0,1
avast__retry-go,https://github.com/avast/retry-go,5bccbfa9340dfe6609f4ecfce30c971e2756c796,2026-02-12T10:04:07+01:00,github.com/avast/retry-go/v5,1.20,EMPTY_GT,0,4,7
avelino__slugify,https://github.com/avelino/slugify,855f152bd774923557e87c3404b7d59830bae979,2018-05-01T11:59:20-03:00,command-line-arguments,,EMPTY_GT,0,0,0
avito-tech__go-transaction-manager,https://github.com/avito-tech/go-transaction-manager,cff8fd5f7a3062700286c3c473a3ff342c2a4494,2026-06-28T14:47:36+04:00,,,EMPTY_GT,,,
avito-tech__normalize,https://github.com/avito-tech/normalize,07914ec46c8de8f84c87f3d54e888f701f6946d3,2021-03-23T11:29:24+03:00,github.com/avito-tech/normalize,1.15,OK,1,1,4
awalterschulze__goderive,https://github.com/awalterschulze/goderive,1a5a06541a5f076c8d5da671acf618d4ad6e4149,2025-03-06T09:55:42+02:00,github.com/awalterschulze/goderive,1.24,OK,3,3,8
awnumar__memguard,https://github.com/awnumar/memguard,a5d81463bf244cf7b7867ecc599028659effe072,2026-05-08T17:37:05+01:00,github.com/awnumar/memguard,1.25.0,OK,4,4,8
awoodbeck__strftime,https://github.com/awoodbeck/strftime,016cde65fcde17154fde3147312e0888bef01d4a,2018-02-21T10:59:08-05:00,command-line-arguments,,EMPTY_GT,,,
aws__aws-sdk-go-v2,https://github.com/aws/aws-sdk-go-v2,03519c98d97b40b31ab42755e4bc6d26e39af5d6,2026-07-20T18:15:24+00:00,github.com/aws/aws-sdk-go-v2,1.24,EMPTY_GT,0,0,0
awsong__MMSEGO,https://github.com/awsong/MMSEGO,38f37e963152d869225db46e9d344cb11cca1afb,2012-04-18T12:20:47+08:00,command-line-arguments,,EMPTY_GT,0,0,0
axelspringer__go-chronos,https://github.com/axelspringer/go-chronos,2e4feba1de35b88ee266884b9303c9880ac3de80,2018-01-23T15:00:37+01:00,command-line-arguments,,EMPTY_GT,0,0,0
axiomhq__hyperloglog,https://github.com/axiomhq/hyperloglog,460b011e6a6ff1c818e271768cda4f2e9ce5f292,2025-12-16T12:24:29+01:00,github.com/axiomhq/hyperloglog,1.23,OK,2,6,16
axllent__mailpit,https://github.com/axllent/mailpit,408b30d59709e3f2ed69c7748d900a2208cfbf9b,2026-07-20T16:51:26+12:00,github.com/axllent/mailpit,1.25.0,OK,55,55,88
aybabtme__portproxy,https://github.com/aybabtme/portproxy,77db493954c5c12d74d613e2bf3391b11cfd4bcd,2014-12-12T22:04:53-05:00,command-line-arguments,,EMPTY_GT,0,0,0
aymerick__douceur,https://github.com/aymerick/douceur,f9e29746e1161076eae141dd235f5d98b546ec3e,2018-03-22T22:03:07+01:00,command-line-arguments,,EMPTY_GT,0,0,0
aytechnet__decimal,https://github.com/aytechnet/decimal,46839220f902aa4d28bc1bd93cf2c2501b515831,2026-06-02T10:33:49+02:00,github.com/aytechnet/decimal,1.13,EMPTY_GT,0,0,1
azer__logger,https://github.com/azer/logger,b1d36ab0c5dab673ef6291fcf426eab4279453dd,2026-01-29T13:40:28+01:00,github.com/azer/logger,1.18,OK,1,1,2
azr__generators,https://github.com/azr/generators,cefda667c66c29d9907245eae029c78270a74d50,2016-12-30T14:41:28+01:00,command-line-arguments,,EMPTY_GT,0,0,0
baalimago__wd-41,https://github.com/baalimago/wd-41,e5cd64615f93c213fb62cb081eb04300d2a80696,2026-01-02T07:32:57+00:00,github.com/baalimago/wd-41,1.25,OK,4,4,9
balerter__balerter,https://github.com/balerter/balerter,1a5fcfd9b30ed274cc29fbab0a949fde2b2c339d,2022-08-15T13:23:05+03:00,github.com/balerter/balerter,1.18,OK,58,64,146
balinomad__go-mockfs,https://github.com/balinomad/go-mockfs,f79a58aa05cd3fc53dd7fe32d1d565e8af192f67,2026-07-15T19:26:09+08:00,github.com/balinomad/go-mockfs/v2,1.22,EMPTY_GT,0,0,1
bamzi__jobrunner,https://github.com/bamzi/jobrunner,d0b7b07694be151ac3e8ad383ad1d72edeae733c,2019-10-09T20:38:45-04:00,github.com/bamzi/jobrunner,1.13,OK,1,1,2
barasher__go-exiftool,https://github.com/barasher/go-exiftool,f4f902ff98728c21cd0067725f1313bf79006719,2025-08-03T23:07:10+02:00,github.com/barasher/go-exiftool,1.13,EMPTY_GT,,,
bartventer__gorm-multitenancy,https://github.com/bartventer/gorm-multitenancy,1b62dccbc07737d73abd4bf73e9ad2dc48312f32,2025-12-05T13:06:23+02:00,github.com/bartventer/gorm-multitenancy/v8,1.24,OK,9,9,15
bayandin__awesome-awesomeness,https://github.com/bayandin/awesome-awesomeness,c35ea15c5db11409f2bd6467725bcec57d9689df,2022-03-24T11:30:22+02:00,command-line-arguments,,EMPTY_GT,0,0,0
bdjimmy__gbind,https://github.com/bdjimmy/gbind,a571fd1768cd5931fb3901183975eaa7ec9620ca,2022-06-14T16:25:40+08:00,github.com/bdjimmy/gbind,1.16,OK,6,17,36
beatlabs__harvester,https://github.com/beatlabs/harvester,f8c35d352da130e48a08deee2dd8947a99679c39,2026-07-01T20:02:01+00:00,github.com/beatlabs/harvester,1.26.1,OK,20,24,113
beatlabs__patron,https://github.com/beatlabs/patron,7688ba92b214dfb9313fdfa1a00a9879ac1d24ae,2026-07-05T20:06:50+03:00,github.com/beatlabs/patron,1.25.0,EMPTY_GT,,,
bebop__poly,https://github.com/bebop/poly,72017bd9139b8076de3733939ac2465dbd82b48a,2026-06-09T18:17:15-07:00,github.com/bebop/poly,1.21,OK,7,13,23
beefsack__go-astar,https://github.com/beefsack/go-astar,4ecf9e3044829f1e2d9eba4ff26295a2bbb9b2cd,2020-08-28T09:23:13+10:00,command-line-arguments,,EMPTY_GT,0,0,0
beefsack__go-rate,https://github.com/beefsack/go-rate,116f4ca011a0d87f476544896875e514767b2071,2022-02-15T10:34:05+11:00,command-line-arguments,,EMPTY_GT,0,0,0
beego__beego,https://github.com/beego/beego,939cfde380bb9f15844ad633b84f037f7da21584,2026-03-09T17:07:18+08:00,github.com/beego/beego/v2,1.24.2,OK,71,78,199
benbjohnson__ego,https://github.com/benbjohnson/ego,609b6f511286e696f59a5075a8ad9d2e6b444919,2021-07-14T08:26:02-06:00,github.com/benbjohnson/ego,1.13,EMPTY_GT,0,0,0
bengadbois__pewpew,https://github.com/bengadbois/pewpew,3dd155cb69ecc0eba1c41e758c0063771156fbac,2026-03-28T12:47:28-07:00,github.com/bengadbois/pewpew,1.25.0,OK,19,19,39
betrybe__playbook-go,https://github.com/betrybe/playbook-go,HEAD,,command-line-arguments,,EMPTY_GT,,,
beyang__hgo,https://github.com/beyang/hgo,d45f1891a48a5c7dd1ea5bf00bad43953a04484a,2015-08-24T20:56:31-07:00,command-line-arguments,,EMPTY_GT,,,
bhmj__jsonslice,https://github.com/bhmj/jsonslice,73827306cbbd890e1394ce67560752d4585f6647,2024-08-12T11:09:43+02:00,github.com/bhmj/jsonslice,1.17,OK,1,1,2
biter777__countries,https://github.com/biter777/countries,4fa48089b8b87a1ddbe43757958466d127c1fbef,2024-05-30T16:52:41+03:00,github.com/biter777/countries,1.13,EMPTY_GT,0,0,1
bitfield__gotestdox,https://github.com/bitfield/gotestdox,951fc6b94b18b51fea718e15477cdce607af193f,2025-09-16T16:27:50+01:00,github.com/bitfield/gotestdox,1.22.0,OK,5,8,13
bitfield__qrand,https://github.com/bitfield/qrand,683c42648d34d3fa403db53f4455bb63aa653ddc,2024-02-08T11:03:42+00:00,github.com/bitfield/qrand,1.13,EMPTY_GT,0,1,2
bitfield__uptimerobot,https://github.com/bitfield/uptimerobot,9860c0d0e860ec6f5279e1e889223565f6feaac7,2023-04-22T14:31:50+01:00,github.com/bitfield/uptimerobot,1.13,OK,16,17,247
bits-and-blooms__bitset,https://github.com/bits-and-blooms/bitset,8c781489e3ee6c4d4d7eaa636a9ca1d0c3ee03d9,2026-07-13T09:04:23-04:00,github.com/bits-and-blooms/bitset,1.16,EMPTY_GT,,,
bits-and-blooms__bloom,https://github.com/bits-and-blooms/bloom,4f9e5176a1720a44d3305b20af4d35047c363ee4,2026-07-10T09:18:55-04:00,github.com/bits-and-blooms/bloom/v3,1.16,OK,1,2,3
bleenco__abstruse,https://github.com/bleenco/abstruse,b28dd99d7f1b8e163a1dce0b55cf02a36f0cf30a,2024-01-31T18:06:40+01:00,github.com/bleenco/abstruse,1.21.1,OK,111,111,554
blevesearch__bleve,https://github.com/blevesearch/bleve,eea04eb5c5bfbad7986ddd0abedd791d54a7951a,2026-07-16T09:22:51-07:00,github.com/blevesearch/bleve/v2,1.25.0,OK,34,34,65
blevesearch__segment,https://github.com/blevesearch/segment,0e07f57d301ada037f5284c3714b502daff634f1,2022-12-19T12:41:37-07:00,github.com/blevesearch/segment,1.18,EMPTY_GT,0,0,1
blind-oracle__nginx-prometheus,https://github.com/blind-oracle/nginx-prometheus,2057d480eec8ac42f0b028aa31164d38d44bf13d,2020-09-16T11:07:08+02:00,github.com/blind-oracle/nginx-prometheus,1.15,OK,14,18,214
blind-oracle__psql-streamer,https://github.com/blind-oracle/psql-streamer,fb8ffdb3eee983a796544fbfea07c3ac4aa5eb91,2020-03-10T10:59:32+01:00,github.com/blind-oracle/psql-streamer,1.14,OK,33,36,126
blinklabs-io__nview,https://github.com/blinklabs-io/nview,1488e2c5102fedd4cfbcd5f97c390ff196ce7cab,2026-07-19T07:09:07-07:00,github.com/blinklabs-io/nview,1.25.0,OK,22,22,60
blockloop__scan,https://github.com/blockloop/scan,4ad7498a91f19599ae2084a62ab6862e8b961f1e,2024-12-01T20:57:36-06:00,github.com/blockloop/scan/v2,1.17,OK,1,6,17
bluele__gcache,https://github.com/bluele/gcache,d8b7e051c564c174fea6ef60d180abf601099015,2022-01-05T13:00:50+09:00,github.com/bluele/gcache,1.15,EMPTY_GT,0,0,1
bluetuith-org__bluetuith,https://github.com/bluetuith-org/bluetuith,026fe26b9301609df8693a165988bb737bfdcef7,2026-07-01T16:47:40+05:30,github.com/bluetuith-org/bluetuith,1.25.0,OK,42,42,72
bmf-san__ggc,https://github.com/bmf-san/ggc,0cbfd6833b8963b6485b626a5664f0bfa62079b5,2026-07-20T19:19:44+09:00,github.com/bmf-san/ggc/v8,1.25.0,OK,4,5,10
bmf-san__gondola,https://github.com/bmf-san/gondola,5a42ac7de6b282af99dacfa8ff938aa9133c59a2,2026-06-23T11:39:59+09:00,github.com/bmf-san/gondola,1.24.1,OK,2,2,4
bndr__gopencils,https://github.com/bndr/gopencils,22e283ad76118c1e1f3812b4a3553809cd434e6a,2016-11-13T12:41:52+01:00,command-line-arguments,,EMPTY_GT,0,0,0
bndr__gotabulate,https://github.com/bndr/gotabulate,21a495b00e22acdfb12e67e7ad61907a8e54f3fb,2021-02-09T15:02:14+01:00,command-line-arguments,,EMPTY_GT,0,0,0
bobg__basexx,https://github.com/bobg/basexx,63c1b6a49dd5835764a7e373665d8e629d289363,2025-08-03T07:48:57-07:00,github.com/bobg/basexx/v2,1.21,OK,1,1,2
bobg__combo,https://github.com/bobg/combo,ea5f32e452a1b2d982dbaca6ca03435eba09e1b2,2026-03-01T13:49:35-08:00,github.com/bobg/combo,1.23,OK,5,5,10
bobg__decouple,https://github.com/bobg/decouple,b71a956949ae3bb53c43e6337b213ad36462f65e,2026-02-13T07:23:43-08:00,github.com/bobg/decouple,1.26,OK,4,6,13
bobg__encid,https://github.com/bobg/encid,09aa197144b5cdef2c6750e905ec035203e0656f,2026-04-12T09:10:07-07:00,github.com/bobg/encid/v2,1.23.0,EMPTY_GT,0,0,0
bobg__go-generics,https://github.com/bobg/go-generics,2413cff9f20c2ba5b5f26f9791e3d8c5cd7902bc,2025-06-09T06:31:54-07:00,github.com/bobg/go-generics/v4,1.23,OK,1,1,2
bobg__hashsplit,https://github.com/bobg/hashsplit,fc3738af93ddc3e3a142b1540a1020e20dd6e43c,2024-09-29T19:46:57-07:00,github.com/bobg/hashsplit/v2,1.23,OK,1,1,7
bobg__htree,https://github.com/bobg/htree,b6cb52b842f2e657b4be583f2aa7a0e901bc5d64,2025-12-08T07:57:32-08:00,github.com/bobg/htree/v2,1.23,OK,2,4,11
bobg__mid,https://github.com/bobg/mid,4cf8bc4896c234a1433da34c81044316ba00552e,2025-03-22T14:38:16-07:00,github.com/bobg/mid,1.21,OK,1,2,4
bobg__subcmd,https://github.com/bobg/subcmd,8746ab6c76b0805d32b1b0d628cc5cded7da0c13,2026-01-12T07:32:56-08:00,github.com/bobg/subcmd/v2,1.21,OK,1,2,4
bojanz__currency,https://github.com/bojanz/currency,f9b14ba439ffc208bea5881c24a1e7e71a42ca58,2026-04-23T21:29:37+02:00,github.com/bojanz/currency,1.18,OK,1,1,3
bokwoon95__go-structured-query,https://github.com/bokwoon95/go-structured-query,0923483502b8ce8684722808a23b41afcd9479f1,2023-01-15T20:08:27+08:00,github.com/bokwoon95/go-structured-query,1.14,OK,9,12,109
bolknote__go-gd,https://github.com/bolknote/go-gd,e983c68fd130af2d8451d0a3ed7d3fc86bafeca7,2026-05-28T22:58:42+03:00,github.com/bolknote/go-gd/v2,1.22,EMPTY_GT,0,0,0
boot-go__boot,https://github.com/boot-go/boot,76f9cc6ef2930cdcd47c50a96e41c76408548e59,2024-01-29T01:42:47+01:00,github.com/boot-go/boot,1.18,EMPTY_GT,0,0,0
borderstech__artifex,https://github.com/borderstech/artifex,1b1b1bc7faa17ae3353e8d95d21c0b377e617975,2024-07-19T15:21:28-05:00,github.com/mborders/artifex,1.20,EMPTY_GT,0,0,0
born-ml__born,https://github.com/born-ml/born,f29e0255fa5791b04cf313c8c26b55373e2f9033,2026-07-12T19:38:44+03:00,github.com/born-ml/born,1.26.0,OK,9,13,17
bouk__gonerics,https://github.com/bouk/gonerics,d4e3c54fb68c00f5ebeb95d324708dc622771c77,2014-09-29T11:04:46-04:00,command-line-arguments,,EMPTY_GT,0,0,0
box-cli-maker__box-cli-maker,https://github.com/box-cli-maker/box-cli-maker,4082637a19ba56ea8e05bd313dc72d55e6dfe233,2026-06-06T17:34:57+05:30,github.com/box-cli-maker/box-cli-maker/v3,1.24.2,OK,11,11,20
boxesandglue__bagme,https://github.com/boxesandglue/bagme,a98b0e0e4d29fcc8fa24f3aaf6303b8e1b31d3a9,2026-07-16T09:15:34+02:00,github.com/boxesandglue/bagme,1.25.0,OK,17,17,23
boyter__scc,https://github.com/boyter/scc,079f7b37f67b641a073afa4acab338de8de30839,2026-07-20T15:30:40+10:00,github.com/boyter/scc/v3,1.26.4,OK,43,43,84
bozd4g__go-http-client,https://github.com/bozd4g/go-http-client,403729fe3000919daae3b7c7f22c725d0e3751b6,2024-01-28T20:25:32+01:00,github.com/bozd4g/go-http-client,1.19,OK,1,5,8
bradfitz__gomemcache,https://github.com/bradfitz/gomemcache,4d751bb6e37cf0da5fd57a86b880f76791307adf,2026-04-22T23:19:31+00:00,github.com/bradfitz/gomemcache,1.18,EMPTY_GT,,,
bradleyfalzon__apicompat,https://github.com/bradleyfalzon/apicompat,5f916b1b6db7928fc26f43ca060831b27bf31abe,2017-02-05T20:26:49+10:30,command-line-arguments,,EMPTY_GT,0,0,0
bradleyjkemp__cupaloy,https://github.com/bradleyjkemp/cupaloy,bae07880a7b7e65701a45ecbb32914e6552626a5,2022-09-14T09:13:32+01:00,github.com/bradleyjkemp/cupaloy/v2,,OK,2,5,7
brandonyoungdev__tldx,https://github.com/brandonyoungdev/tldx,123106c0293ada419b494209f8619760c1d66652,2026-07-17T21:51:05-07:00,github.com/brandonyoungdev/tldx,1.26.0,OK,48,52,73
briandowns__spinner,https://github.com/briandowns/spinner,55430861f77b20de3f456775b00c706519464f36,2025-01-19T21:29:46-07:00,github.com/briandowns/spinner,1.17,OK,5,5,6
brianvoe__gofakeit,https://github.com/brianvoe/gofakeit,f0b548a543358d5eee6c5858a0a6738344fd3ce2,2026-05-15T11:46:29-05:00,github.com/brianvoe/gofakeit/v7,1.22,EMPTY_GT,0,0,1
brianvoe__sjwt,https://github.com/brianvoe/sjwt,1064b861f17450404756dca179cd13cfb5ba0374,2025-11-09T18:50:51-06:00,github.com/brianvoe/sjwt,1.25,EMPTY_GT,0,0,1
brunomvsouza__ynab.go,https://github.com/brunomvsouza/ynab.go,4ea314ff91caf4e68445063acda252f6fd425775,2026-07-13T00:46:08-03:00,pkg.venceslau.dev/ynab,1.19,EMPTY_GT,0,5,8
bsm__redislock,https://github.com/bsm/redislock,707d1239162da861fd6a1cee0ea80f97cf55f595,2026-06-27T11:03:05+01:00,github.com/bsm/redislock,1.25,OK,3,3,12
btnguyen2k__olaf,https://github.com/btnguyen2k/olaf,10203e4f6c6b9d582d76ab7976c9d65bfa9f7de7,2019-04-10T15:59:19+07:00,command-line-arguments,,EMPTY_GT,0,0,0
buger__gor,https://github.com/buger/gor,251e45abd242886bb64ff2b2dc98789556b56330,2025-04-05T12:47:29+03:00,github.com/buger/goreplay,1.21,OK,66,68,148
bykof__gostradamus,https://github.com/bykof/gostradamus,5be648962cf65da5f9cac229b274f76e7b33fb1c,2024-12-20T10:53:39+01:00,github.com/bykof/gostradamus,1.22,OK,1,5,8
bytebase__bytebase,https://github.com/bytebase/bytebase,d21261392be9220ba1439dba290af238fd2d2e3c,2026-07-20T07:55:50-07:00,github.com/bytebase/bytebase,1.26.3,EMPTY_GT,0,0,0
bytedance__sonic,https://github.com/bytedance/sonic,579b6ffa7b3b36665600615500a2bf2d59964c5c,2026-06-04T16:49:39+08:00,,1.18,EMPTY_GT,0,0,0
bzick__tokenizer,https://github.com/bzick/tokenizer,9c01dd5c467c1aee25d5220db2744d40091d1b96,2026-07-17T11:52:04+02:00,github.com/bzick/tokenizer,1.13,EMPTY_GT,,,
c-bata__go-prompt,https://github.com/c-bata/go-prompt,82a912274504477990ecf7c852eebb7c85291772,2021-03-03T17:56:52+09:00,github.com/c-bata/go-prompt,1.14,OK,3,3,8
c-robinson__iplib,https://github.com/c-robinson/iplib,99f950a166d89358ef5b832a755736eac1175f9b,2024-04-06T09:49:33-07:00,github.com/c-robinson/iplib/v2,1.20,OK,1,1,2
c9s__bbgo,https://github.com/c9s/bbgo,b03169c2b242d02626b53464b9ab813ab833b47c,2026-07-20T13:48:24+08:00,github.com/c9s/bbgo,1.25.0,OK,129,130,380
caarlos0__env,https://github.com/caarlos0/env,a3a36cc60fa222b41957573b94fefa5624dd6365,2026-07-06T23:29:51-03:00,github.com/caarlos0/env/v11,1.18,EMPTY_GT,0,0,0
caarlos0__log,https://github.com/caarlos0/log,daa26c5ed6a903a059dfd5c2efdb384331685d03,2026-07-01T16:07:22+00:00,github.com/caarlos0/log,1.25.0,OK,16,16,22
cabify__logrusiowriter,https://github.com/cabify/logrusiowriter,5bb76ccf56bfff9dc05f3a638cec3724841ff02e,2024-10-09T11:10:03+02:00,github.com/cabify/logrusiowriter,1.12,EMPTY_GT,,,
caddyserver__caddy,https://github.com/caddyserver/caddy,9738f49b952a337cdaf42175a0e92b01974c0e3c,2026-07-19T23:59:46-04:00,github.com/caddyserver/caddy/v2,1.25.1,EMPTY_GT,0,0,0
caddyserver__certmagic,https://github.com/caddyserver/certmagic,38cdd6254bf2fc9c5e456aae41a93214e0e64514,2026-07-17T14:29:55-06:00,github.com/caddyserver/certmagic,1.25.0,EMPTY_GT,,,
calpa__urusai,https://github.com/calpa/urusai,3a20adde2da516ba8a7ea199f0387c41efcda893,2026-06-09T22:36:08+08:00,,1.22,EMPTY_GT,0,0,0
camgraff__protoxy,https://github.com/camgraff/protoxy,a50de6411e921994ee41252ac5fa976644297b42,2020-11-08T15:24:53-06:00,github.com/camgraff/protoxy,1.15,OK,9,12,113
capillariesio__capillaries,https://github.com/capillariesio/capillaries,fdc620cedcab5ae6b51d9332e89effaa18d517c6,2026-07-10T17:14:51-07:00,github.com/capillariesio/capillaries,1.26.1,OK,51,54,120
carbocation__interpose,https://github.com/carbocation/interpose,723534742ba3bbda66268b735aaa41634468acc6,2016-12-06T16:52:53-05:00,command-line-arguments,,EMPTY_GT,0,0,0
carlescere__goback,https://github.com/carlescere/goback,ebe10501f4c4682dd56f50a33dac8cb44f025109,2015-03-14T18:09:17+00:00,command-line-arguments,,EMPTY_GT,0,0,0
carlescere__scheduler,https://github.com/carlescere/scheduler,ee74d2f83d82cd1d2e92ed3ec3dbaf162ca5ece5,2017-01-09T15:14:37+01:00,command-line-arguments,,EMPTY_GT,0,0,0
carlmjohnson__be,https://github.com/carlmjohnson/be,d2874f2afc4aee75e1b974fc7feb8d7a675a57e8,2025-09-26T17:01:22-04:00,github.com/carlmjohnson/be,1.23,EMPTY_GT,,,
carlmjohnson__flowmatic,https://github.com/carlmjohnson/flowmatic,545f25332512067ed1d6a9546c26b8767b2e38d4,2024-06-06T14:15:03-04:00,github.com/carlmjohnson/flowmatic,1.21,OK,1,1,2
carlmjohnson__requests,https://github.com/carlmjohnson/requests,e6e5353ae1299d56727b734223e3232a20efd991,2026-07-06T17:41:56-04:00,github.com/carlmjohnson/requests,1.25.0,OK,1,1,6
catchplay__scaffold,https://github.com/catchplay/scaffold,8500479f1f1a4fc64c3f908e392875ff0741dedf,2019-01-10T12:00:09+08:00,github.com/catchplay/scaffold,,OK,2,6,9
cavaliercoder__grab,https://github.com/cavaliercoder/grab,e06b719a377d74a18bdff0d0ffb9abf4a4afdbac,2022-01-08T10:47:02+08:00,command-line-arguments,,EMPTY_GT,0,0,0
ccding__go-stun,https://github.com/ccding/go-stun,65c0568253e3a432f330b346d5ecad938d35d5aa,2026-07-19T23:09:48+08:00,github.com/ccding/go-stun,1.14,EMPTY_GT,,,
cch123__elasticsql,https://github.com/cch123/elasticsql,e0400a1fdc13d248fc3138097fb7976d6328aca8,2023-08-06T19:05:11+08:00,github.com/cch123/elasticsql,1.13,OK,1,1,2
ccoVeille__go-safecast,https://github.com/ccoVeille/go-safecast,00b470bdf37c931cdce825be5a8e54fceaa36d19,2026-07-06T19:39:15+02:00,github.com/ccoveille/go-safecast/v2,1.21,EMPTY_GT,0,0,1
cdipaolo__goml,https://github.com/cdipaolo/goml,00e0c845ae1c38c8f9a39e7e6144c44d1dd541a5,2022-07-14T20:13:53-04:00,github.com/cdipaolo/goml,1.17,OK,1,5,9
cenkalti__rain,https://github.com/cenkalti/rain,6278afa24e04c2d6cf72c3606683395a7b69708e,2026-07-13T16:55:28-04:00,github.com/cenkalti/rain/v2,1.25.0,OK,41,47,71
centerorbit__depcharge,https://github.com/centerorbit/depcharge,1aa1933a89b633ff7ce8fc91cb35f8162d706064,2021-12-23T04:42:04-06:00,github.com/centerorbit/depcharge,1.12,EMPTY_GT,0,0,0
centrifugal__centrifugo,https://github.com/centrifugal/centrifugo,f25c7abd0701195829a62f19e1baffd42a7a43e9,2026-07-15T07:29:33+03:00,github.com/centrifugal/centrifugo/v6,1.26,OK,133,133,332
cep21__circuit,https://github.com/cep21/circuit,df9fc6e22e7683d17ae5bacd49f3dd241540b90e,2026-02-27T19:28:58-08:00,github.com/cep21/circuit/v4,1.21,EMPTY_GT,0,4,7
ceshihao__windowsupdate,https://github.com/ceshihao/windowsupdate,29e6a61f0a77483980ece79821ee6e02317c94c0,2026-06-29T17:05:16+08:00,github.com/ceshihao/windowsupdate,1.24,OK,1,1,3
chai2010__go-ast-book,https://github.com/chai2010/go-ast-book,6bb3a6f0f776d358245f1ae3e56da15f0a17e097,2024-09-26T08:50:33+08:00,command-line-arguments,,EMPTY_GT,0,0,0
chaindead__modup,https://github.com/chaindead/modup,1146e47133882b82dfd1b22977bb9ba65b6f944e,2025-08-21T23:44:52+03:00,github.com/chaindead/modup,1.24,OK,27,27,45
chaindead__zerocfg,https://github.com/chaindead/zerocfg,1a6909f7403cc756518ace0d6b756d94b6c05d46,2026-07-19T15:57:10+03:00,github.com/chaindead/zerocfg,1.20,OK,2,5,8
chanced__caps,https://github.com/chanced/caps,64e02c2f468a3f3569d7b881772fdb4d8303a5da,2023-12-30T11:56:18-05:00,github.com/chanced/caps,1.18,EMPTY_GT,,,
charlievieth__fastwalk,https://github.com/charlievieth/fastwalk,99cabbde61f9f204ff24e8bc1e775a288d52a546,2025-11-20T12:10:41-05:00,github.com/charlievieth/fastwalk,1.21,EMPTY_GT,0,0,1
charmbracelet__bubbles,https://github.com/charmbracelet/bubbles,b52e21a6264d10a0875d94936f99f82fa2929a88,2026-07-20T09:13:12+00:00,charm.land/bubbles/v2,1.25.0,OK,21,24,31
charmbracelet__bubbletea,https://github.com/charmbracelet/bubbletea,fc707bb7ea0161405bb6c653ec93f6a9c6a72fe1,2026-07-02T21:53:21-04:00,charm.land/bubbletea/v2,1.25.0,OK,15,17,21
charmbracelet__lipgloss,https://github.com/charmbracelet/lipgloss,5696b2800bc692e6cc372ee8232da6d3f7e7387f,2026-07-20T09:04:37+00:00,charm.land/lipgloss/v2,1.25.0,EMPTY_GT,0,0,0
charmbracelet__wish,https://github.com/charmbracelet/wish,8b65ba4d623156dc7f288ddfbdce8820ee4784dc,2026-05-28T16:34:06-04:00,charm.land/wish/v2,1.25.9,OK,43,45,81
cheng-zhongliang__event,https://github.com/cheng-zhongliang/event,963def2f37a07854d92197046d17ad3644139d19,2023-12-28T02:41:02+00:00,github.com/cheng-zhongliang/event,1.13,EMPTY_GT,,,
chenquan__go-pkg,https://github.com/chenquan/go-pkg,8caf99744d98761102adc9bc0d81b7d9bcee7f81,2022-06-29T15:55:00+08:00,github.com/chenquan/go-pkg,1.13,OK,2,7,23
cheshir__ttlcache,https://github.com/cheshir/ttlcache,b6c15c9a2f4aabbe880e5ddccb045887ff1060e9,2022-10-02T20:36:32+03:00,github.com/cheshir/ttlcache,1.15,EMPTY_GT,,,
chmenegatti__go-date-fns,https://github.com/chmenegatti/go-date-fns,1fd595ed54e8b0afbb2b99e8a4ea0375a5aad1fa,2026-02-28T20:57:30-03:00,github.com/chmenegatti/go-date-fns,1.24,EMPTY_GT,,,
chmike__securecookie,https://github.com/chmike/securecookie,fd17de73b914201fea48c27399fe6b7278cf5220,2023-02-18T16:14:23+01:00,,,EMPTY_GT,0,0,0
chmike__varint,https://github.com/chmike/varint,231d58021b2711574ef0c96ec0d2a212f610b864,2023-10-07T09:59:10+02:00,github.com/chmike/varint,1.17,EMPTY_GT,,,
chonla__cellwalker,https://github.com/chonla/cellwalker,c99e3502c530962c88248b93c4196cf362f92375,2024-10-17T10:49:29+07:00,github.com/chonla/cellwalker,1.23,EMPTY_GT,,,
chonthu__go-google-analytics,https://github.com/chonthu/go-google-analytics,877814a1622b27d320257169629792101f5e447e,2015-05-30T13:41:40-04:00,command-line-arguments,,EMPTY_GT,0,0,0
chriscross0__go-restcountries,https://github.com/chriscross0/go-restcountries,96b4c7e2803018122c17631a9097220c515ae160,2021-10-27T16:37:07+01:00,github.com/chriscross0/go-restcountries/v2,1.16,EMPTY_GT,,,
chrislusf__gleam,https://github.com/chrislusf/gleam,b5e191e634d2f3d08811db99cca6674e2f3d90b5,2026-07-10T14:34:58-07:00,github.com/chrislusf/gleam,1.25.0,OK,68,68,279
chrislusf__vasto,https://github.com/chrislusf/vasto,e1f8a17682389c74c0397c3d9d940ffc49a25dc0,2019-03-07T12:29:01-08:00,command-line-arguments,,EMPTY_GT,0,0,0
chrismckenzie__dropship,https://github.com/chrismckenzie/dropship,083ea56a84ac9429867a030d4c6922d770e433fe,2018-07-25T14:03:52-07:00,command-line-arguments,,EMPTY_GT,0,0,0
chrispassas__silk,https://github.com/chrispassas/silk,1cdb7e334c6288318c7330566727bc5606b952ff,2022-03-08T21:28:14-05:00,github.com/chrispassas/silk,1.14,OK,2,2,3
chyroc__lark,https://github.com/chyroc/lark,805480d45802ee3e3836157b1f8a8b57f4e9931f,2026-03-01T21:25:06+08:00,github.com/chyroc/lark,1.18,EMPTY_GT,,,
chzyer__logex,https://github.com/chzyer/logex,5a7e37d2e8a8bbe3ef54984ab949eebaa948b8b4,2024-04-02T23:49:33+08:00,github.com/chzyer/logex,1.21,EMPTY_GT,0,0,0
cihangir__neo4j,https://github.com/cihangir/neo4j,da0f3ffca5b3ebafaac6284af378baff0ebf8725,2015-04-02T10:38:47-07:00,command-line-arguments,,EMPTY_GT,,,
cihub__seelog,https://github.com/cihub/seelog,f561c5e57575bb1e0a2167028b7339b3a8d16fb4,2017-01-30T16:45:32+03:00,command-line-arguments,,EMPTY_GT,0,0,0
cilium__ebpf,https://github.com/cilium/ebpf,075392bc812bf4914118d2a45fb03ff99deaae90,2026-07-08T21:56:11+02:00,github.com/cilium/ebpf,1.25.0,OK,7,12,87
cimgui__cimgui,https://github.com/cimgui/cimgui,053280dfff63a74cc56a3e493671bee4bb6c60e4,2026-06-16T20:01:06+02:00,command-line-arguments,,EMPTY_GT,,,
cinar__indicator,https://github.com/cinar/indicator,7cba43f3e3f507d610758821b2ba35bd38114771,2026-06-07T14:17:17-07:00,github.com/cinar/indicator/v2,1.22,EMPTY_GT,0,0,0
circa10a__go-aws-news,https://github.com/circa10a/go-aws-news,16ccb95337793663ad2710b44810a650bce77e7c,2026-02-20T20:19:34-08:00,github.com/circa10a/go-aws-news,1.24.0,OK,32,36,49
cjhutto__vaderSentiment,https://github.com/cjhutto/vaderSentiment,44fc044cd877310ee8278a0eadf34bcd50d41d06,2026-03-02T10:09:02-05:00,command-line-arguments,,EMPTY_GT,0,0,0
claygod__Bxog,https://github.com/claygod/Bxog,50694fc4cc62ca20cb4f98d7e62f1df1e1f7f0ee,2026-06-26T20:49:02+03:00,command-line-arguments,,EMPTY_GT,0,0,0
claygod__PiHex,https://github.com/claygod/PiHex,c9efef19553c271d986f4f73b7731692e57b0d3f,2026-04-15T20:01:30+03:00,github.com/claygod/PiHex,1.16,EMPTY_GT,0,0,0
claygod__coffer,https://github.com/claygod/coffer,77bb69d46fad583924d8ef74bc4df75c9f092f7f,2026-01-23T23:49:39+03:00,github.com/claygod/coffer,1.17,OK,3,4,21
claygod__transaction,https://github.com/claygod/transaction,2e743d08bb99829b21b32072bdc28c3646ae44cd,2025-04-24T21:05:28+03:00,command-line-arguments,,EMPTY_GT,0,0,0
clbanning__mxj,https://github.com/clbanning/mxj,971b308d696c0af929db4341e99c5b64020d97f1,2025-08-10T16:06:19-06:00,github.com/clbanning/mxj/v2,1.15,EMPTY_GT,0,0,0
clevabit__libgoffi,https://github.com/clevabit/libgoffi,596cf88fbe7a899bf5cdad832972cb8522d33e84,2020-08-23T15:02:20+02:00,github.com/clevabit/libgoffi,1.12,OK,1,1,2
clevergo__jsend,https://github.com/clevergo/jsend,0f10bddc99d461f0d2d83248b3c57bfcc2a44ee8,2021-06-29T11:45:20+08:00,clevergo.tech/jsend,1.13,EMPTY_GT,0,0,0
clok__kemba,https://github.com/clok/kemba,f243684ac448535af8c6d296131847221b530e12,2024-01-11T16:47:30-06:00,github.com/clok/kemba,1.16,OK,5,9,17
cloudwego__hertz,https://github.com/cloudwego/hertz,8eec17d4e8b972075cdfa6d6b78822c3db086379,2026-06-22T11:15:27+08:00,github.com/cloudwego/hertz,1.20,OK,13,18,27
cloudwego__kitex,https://github.com/cloudwego/kitex,df31665b3603fb6f6f50a7c79c7d4c1d394da415,2026-07-09T10:35:12+08:00,github.com/cloudwego/kitex,1.20,OK,41,41,81
cloudwego__netpoll,https://github.com/cloudwego/netpoll,4b4d4ce0df9ba3723fd6b939d95c41c2200420dd,2026-06-29T11:54:22+08:00,github.com/cloudwego/netpoll,1.20,OK,3,3,13
cockroachdb__cockroach,https://github.com/cockroachdb/cockroach,144a7b9cc2dfe90f3539e0e0bf4d72c41ccef1b7,2026-07-16T21:12:07-04:00,github.com/cockroachdb/cockroach,1.26.2,OK,401,407,1167
cockroachdb__pebble,https://github.com/cockroachdb/pebble,8fb150d9135d6f94e183a874475e0bd1afb18f63,2026-07-07T15:41:50+03:00,github.com/cockroachdb/pebble,1.25.3,OK,50,54,239
cocoonspace__dynjson,https://github.com/cocoonspace/dynjson,a1876470b6e77df3d39e2e3390a7ad14c2a9192a,2021-10-11T17:24:47+02:00,github.com/cocoonspace/dynjson,1.16,EMPTY_GT,0,0,1
cocoonspace__fsm,https://github.com/cocoonspace/fsm,2c75fa1451efb16e14df8d183896d7fc2bfb041b,2021-10-12T22:12:45+02:00,github.com/cocoonspace/fsm,1.16,EMPTY_GT,,,
codemodus__catena,https://github.com/codemodus/catena,ac34e7c42e7f45341b3a7ae84e5eb18702ceba03,2018-08-25T15:02:26-07:00,github.com/codemodus/catena,,OK,6,6,10
codemodus__chain,https://github.com/codemodus/chain,bb99cd2071affdfe6242b2655c84ebdb82363ea0,2018-08-25T13:30:53-07:00,github.com/codemodus/chain/v2,,EMPTY_GT,0,0,1
codemodus__kace,https://github.com/codemodus/kace,e3ecf78ee2a5e58652cb2be34d3159ad9c89acf8,2018-08-26T14:34:35-07:00,github.com/codemodus/kace,,EMPTY_GT,,,
codesenberg__bombardier,https://github.com/codesenberg/bombardier,2d495aca5b233bec0a5334dc4aa3cbdaef6e1bc5,2025-03-04T17:40:20+00:00,github.com/codesenberg/bombardier,1.22,OK,18,18,35
codingconcepts__dg,https://github.com/codingconcepts/dg,e0a02910aab9dabf73a19c087be2a730c5d96b1c,2024-07-17T09:16:24+01:00,github.com/codingconcepts/dg,1.20,OK,5,8,15
codingsince1985__checksum,https://github.com/codingsince1985/checksum,7af627ac627796a676000f6e7e8151a957dd19ca,2023-02-16T21:59:11+11:00,github.com/codingsince1985/checksum,1.20,OK,2,3,7
codingsince1985__couchcache,https://github.com/codingsince1985/couchcache,b369ca12fba402367879d04036bf4a0d6affc5db,2022-12-17T16:06:07+11:00,github.com/codingsince1985/couchcache,1.19,OK,10,10,22
codingsince1985__geo-golang,https://github.com/codingsince1985/geo-golang,72ff6a749cc8cc214d09e4e0c35aa082a52b5364,2026-04-23T10:57:20+10:00,github.com/codingsince1985/geo-golang,1.26.2,OK,1,5,8
cogentcore__core,https://github.com/cogentcore/core,eb3769237ab0bcf49901fe40350fddb0061f8461,2026-07-01T22:17:30+02:00,cogentcore.org/core,1.25.6,OK,66,66,124
coinpaprika__coinpaprika-api-go-client,https://github.com/coinpaprika/coinpaprika-api-go-client,471537a6246091ccb97335a2e3e45c33bde91612,2026-06-02T15:50:39+02:00,github.com/coinpaprika/coinpaprika-api-go-client/v2,1.19,OK,1,5,9
colinhacks__zod,https://github.com/colinhacks/zod,912f0f51b0ced654d0069741e7160834dca742ee,2026-06-10T10:17:29-07:00,command-line-arguments,,EMPTY_GT,,,
componego__componego,https://github.com/componego/componego,927959656d563bdfd83d852b3319a1d707550543,2024-09-29T06:27:38+03:00,github.com/componego/componego,1.22,EMPTY_GT,,,
connectordb__connectordb,https://github.com/connectordb/connectordb,b983da9dd0ca085035eb9f1857ca4552052dd78a,2022-06-26T21:03:00-05:00,github.com/heedy/heedy,1.18,OK,46,46,247
consbio__mbtileserver,https://github.com/consbio/mbtileserver,335883406430f8ae60af8d350b05bc8199ad08fc,2025-05-21T08:32:25-07:00,github.com/consbio/mbtileserver,1.21,OK,21,21,36
containrrr__shoutrrr,https://github.com/containrrr/shoutrrr,ccf81390b700948f85ce1c79f6de9ee75c68d9e5,2026-05-09T19:58:53+02:00,github.com/containrrr/shoutrrr,1.25.0,OK,29,30,66
corbym__gocrest,https://github.com/corbym/gocrest,47841fe4dadda84fd38ff0bb9f4d013643b18177,2026-04-22T22:47:48+01:00,github.com/corbym/gocrest,1.18,EMPTY_GT,0,0,1
corbym__gogiven,https://github.com/corbym/gogiven,6b5ecef6bd9fac965361e01eeacbe729f3e5da88,2026-05-04T00:06:20+01:00,github.com/corbym/gogiven,1.22,OK,1,2,3
coregx__ahocorasick,https://github.com/coregx/ahocorasick,87d36d490869d667839d4f7446b6a55b77d68958,2026-03-18T16:11:22+03:00,github.com/coregx/ahocorasick,1.25.4,EMPTY_GT,0,0,1
coregx__fursy,https://github.com/coregx/fursy,c4be23249255040634d3112c1462de3d380b676f,2026-07-16T22:00:40+03:00,github.com/coregx/fursy,1.25.0,OK,2,2,3
coregx__signals,https://github.com/coregx/signals,b2656d88bb26826c4f2cd6c67a576e0d986357dc,2026-07-15T15:15:54+03:00,github.com/coregx/signals,1.25,EMPTY_GT,0,0,1
corona10__goimagehash,https://github.com/corona10/goimagehash,d8115886f3603fc5951521bf095d0c1ee73b9b47,2024-01-21T22:47:06+09:00,github.com/corona10/goimagehash,1.11,OK,1,1,2
cosiner__argv,https://github.com/cosiner/argv,86e3c689263ef3317602a5f459fcd2d74dc34017,2020-04-16T12:12:50+08:00,github.com/cosiner/argv,1.13,EMPTY_GT,0,0,1
cossacklabs__themis,https://github.com/cossacklabs/themis,dc37d03de5069874c2a33223fc947c23b2fa9812,2024-09-12T03:14:43+03:00,command-line-arguments,,EMPTY_GT,0,0,0
couchbase__gocb,https://github.com/couchbase/gocb,1832e47ade90b15b48af9d4f9b37aaf1fc13c43d,2026-07-16T13:27:46+00:00,github.com/couchbase/gocb/v2,1.25.0,OK,23,29,61
couchbase__moss,https://github.com/couchbase/moss,bf10bab20a24b43c15d23b530fc848e7bb580cad,2024-12-17T02:07:29+00:00,github.com/couchbase/moss,1.14,OK,3,3,5
cpmech__gosl,https://github.com/cpmech/gosl,d27f006f2808e965c0e29b6f4966fd77fd1a6ae7,2025-12-30T10:20:17+10:00,github.com/cpmech/gosl,1.17,EMPTY_GT,,,
cristalhq__acmd,https://github.com/cristalhq/acmd,efdb16f36cd6341bca248c513de1d6aa46794645,2024-04-26T21:48:12+02:00,github.com/cristalhq/acmd,1.17,EMPTY_GT,0,0,0
cristalhq__aconfig,https://github.com/cristalhq/aconfig,52ffa7065e3ea4675ef5da34e8d80920ddcc280a,2025-11-28T08:00:17+01:00,github.com/cristalhq/aconfig,1.18,OK,1,1,2
cristalhq__builq,https://github.com/cristalhq/builq,b8fd0b57d03ab463a85206e775fea27b21e49750,2024-04-24T09:03:15+02:00,github.com/cristalhq/builq,1.19,EMPTY_GT,,,
cristalhq__jwt,https://github.com/cristalhq/jwt,2b29b4eef4e4fbad296c3c96b974396b133ddc32,2024-07-10T10:11:23+02:00,github.com/cristalhq/jwt/v5,1.19,EMPTY_GT,0,0,1
cristianoliveira__ergo,https://github.com/cristianoliveira/ergo,a328420674b17854534799f4fddc5d9f20ed8ed9,2025-02-02T14:57:10+01:00,github.com/cristianoliveira/ergo,1.22.1,EMPTY_GT,,,
crleonard__pingtower,https://github.com/crleonard/pingtower,00b2e64b579fa86ee8966de4286728b658a36cd4,2026-07-05T16:53:31+01:00,github.com/crleonard/pingtower,1.25.5,EMPTY_GT,,,
crufter__borg,https://github.com/crufter/borg,7b577fd417884a6c26eeb42b23d16a89f5a7dd45,2018-02-07T19:40:05+00:00,command-line-arguments,,EMPTY_GT,0,0,0
cryptojuice__gobrew,https://github.com/cryptojuice/gobrew,9a02e0c2b8014f4806d27bd49cb8531ad4b19f53,2020-05-20T23:38:49-04:00,command-line-arguments,,EMPTY_GT,0,0,0
cstockton__go-conv,https://github.com/cstockton/go-conv,57aa63165ab27764a034b79724d9fc1b876a9bba,2021-08-23T14:49:56-07:00,github.com/cstockton/go-conv,1.17,EMPTY_GT,0,0,1
ctreminiom__go-atlassian,https://github.com/ctreminiom/go-atlassian,1d195850a59d22962d9206036902338f1808172b,2026-07-16T10:06:22+02:00,github.com/ctreminiom/go-atlassian/v2,1.23,OK,11,11,14
cucumber__godog,https://github.com/cucumber/godog,dad84534f0a1ae235ddf22fac43a79ddd3ce0026,2026-07-16T18:38:46+00:00,github.com/cucumber/godog,1.18,EMPTY_GT,,,
cvilsmeier__sqinn-go,https://github.com/cvilsmeier/sqinn-go,cd0c409dfef3aff8aaacc795473f8b52cb702b3d,2026-07-05T12:41:49+02:00,github.com/cvilsmeier/sqinn-go/v2,1.24,EMPTY_GT,0,0,1
cybergarage__go-job,https://github.com/cybergarage/go-job,426b91855e13ed91f02f2973f86a3bc48616789e,2026-03-19T12:21:31+09:00,github.com/cybergarage/go-job,1.25,OK,48,48,138
cyruzin__golang-tmdb,https://github.com/cyruzin/golang-tmdb,0092c3801528f628fd6445540108fb354e54b586,2026-07-15T12:00:46-03:00,github.com/cyruzin/golang-tmdb,1.24,EMPTY_GT,,,
cyruzin__tome,https://github.com/cyruzin/tome,bc12ed7aaa5b72de4cf7f0d77f2824f445708698,,,,EMPTY_GT,0,0,0
cyucelen__marker,https://github.com/cyucelen/marker,ec8d542c2d2872b3b34dc7b18c7814e40bc1c733,2022-06-28T11:08:08+02:00,github.com/cyucelen/marker,1.12,OK,4,8,11
cyucelen__walker,https://github.com/cyucelen/walker,d65bd3d935edf8cdf4bc3f3f158325f34e02a9b4,2023-02-17T21:37:52+01:00,github.com/cyucelen/walker,1.18,OK,3,20,46
dagu-go__dagu,https://github.com/dagu-go/dagu,fce16293dfe3f0ba46082f8157c2b8d4470f83eb,2026-07-20T18:02:51+09:00,github.com/dagucloud/dagu,1.26.5,OK,281,281,916
daichi-m__go18ds,https://github.com/daichi-m/go18ds,bc64532cc3920b72d57f1e2e3af83b3f4163b0f0,2022-03-22T23:43:41+05:30,github.com/daichi-m/go18ds,1.18,EMPTY_GT,0,0,1
dailymotion__oplog,https://github.com/dailymotion/oplog,33532b0e6f8e9f05de0f418db7284f1454b5e140,2024-09-27T16:47:14+02:00,command-line-arguments,,EMPTY_GT,0,0,0
daneharrigan__hipchat,https://github.com/daneharrigan/hipchat,835dc879394a24080bf1c01e199c4cda001b6c46,2017-05-12T11:52:32-07:00,command-line-arguments,,EMPTY_GT,0,0,0
danieldk__go2vec,https://github.com/danieldk/go2vec,ee0e8720a8f518315f35322c119bec396c912bd0,2017-05-17T14:05:21+02:00,command-line-arguments,,EMPTY_GT,0,,
dannyvankooten__vat,https://github.com/dannyvankooten/vat,2a35151b7968c2cd3bf2cc2314e6ad4684d19591,2023-11-07T20:29:32+01:00,github.com/dannyvankooten/vat,1.14,EMPTY_GT,0,0,0
dariubs__GoBooks,https://github.com/dariubs/GoBooks,663df50585267768595a41f69c1c1d959c8a7650,2026-07-13T19:38:02+03:30,command-line-arguments,,EMPTY_GT,0,0,0
dastoori__higgs,https://github.com/dastoori/higgs,f3248371aaa9a7dcaaad1d2e9fef72e13cd97e92,2022-01-29T16:21:25+03:00,github.com/dastoori/higgs,1.17,EMPTY_GT,0,0,1
datastream__libsvm,https://github.com/datastream/libsvm,9aff8e82d1867f8607a341d932de3925742ef574,2016-05-09T11:47:10+08:00,command-line-arguments,,EMPTY_GT,0,0,0
dathoangnd__gonet,https://github.com/dathoangnd/gonet,7d804f5462d30935f9514de0ade14c05d092bcb6,2020-04-05T23:07:20+07:00,github.com/dathoangnd/gonet,1.13,EMPTY_GT,0,0,0
dave__blast,https://github.com/dave/blast,f3afebf2d24c4a2f9bf1362ba102bba1d67dfac5,2018-03-01T10:53:28+01:00,command-line-arguments,,EMPTY_GT,0,0,0
dave__jennifer,https://github.com/dave/jennifer,b477ff8272a1bf199b1bef8bc05d5e666f471c34,2024-09-09T08:27:02+10:00,github.com/dave/jennifer,1.20,EMPTY_GT,0,0,1
davecgh__go-spew,https://github.com/davecgh/go-spew,d8f796af33cc11cb798c1aaeb27a4ebc5099927d,2018-08-30T15:11:38-04:00,command-line-arguments,,EMPTY_GT,0,0,0
daviddengcn__go-colortext,https://github.com/daviddengcn/go-colortext,dc4cd66b56a892657c0bea8bf4389d35210ce0ee,2020-03-29T14:11:09-07:00,github.com/daviddengcn/go-colortext,1.14,EMPTY_GT,0,1,4
davrodpin__mole,https://github.com/davrodpin/mole,eaee4e5b72e8bc3cc01168c45be1f9389742602a,2021-10-06T00:10:53-07:00,github.com/davrodpin/mole,1.14,OK,17,20,53
db47h__decimal,https://github.com/db47h/decimal,4cdf299bc03a90628d9d7efdb1c9bd4e1f66f4a9,2022-07-17T12:37:48+02:00,github.com/db47h/decimal,1.14,EMPTY_GT,0,0,1
db47h__ngaro,https://github.com/db47h/ngaro,e81c572fc532a3fc65110e69aa5b58473f9b122f,2018-06-03T12:57:34+02:00,command-line-arguments,,EMPTY_GT,0,0,0
dchest__stemmer,https://github.com/dchest/stemmer,66719a20c4b5d119ff43ef41aab03265a3d644a7,2016-12-07T11:24:02+01:00,command-line-arguments,,EMPTY_GT,0,0,0
ddddddO__gtree,https://github.com/ddddddO/gtree,7367dd0f55f4221cdae5480b652f3041567519ad,2026-07-17T22:39:26+09:00,github.com/ddddddO/gtree,1.26,OK,8,9,16
ddelizia__channelify,https://github.com/ddelizia/channelify,cc70777578df74e9741612e25896d12ba72680e5,2020-10-06T09:24:50+02:00,github.com/ddelizia/channelify,1.15,EMPTY_GT,0,0,11
ddo__rq,https://github.com/ddo/rq,b3daa55fcabaea4a881a60f37b827436af206255,2019-08-28T17:45:24+00:00,command-line-arguments,,EMPTY_GT,0,0,0
ddosify__ddosify,https://github.com/ddosify/ddosify,5cf7df3c6b71cf72fb6c54aa16de2d147468d2e4,2026-03-04T13:47:26+03:00,command-line-arguments,,EMPTY_GT,0,0,0
ddymko__go-jsonerror,https://github.com/ddymko/go-jsonerror,8a88011d0de70900b8d54ef8037b0849ca4b8613,2019-10-03T13:22:16-04:00,github.com/ddymko/go-jsonerror,1.13,EMPTY_GT,0,0,1
deatil__go-datebin,https://github.com/deatil/go-datebin,112861d97c23c6612370a5d02edb0a4cf28ca064,2026-06-20T16:36:46+08:00,github.com/deatil/go-datebin,1.25.0,EMPTY_GT,0,0,1
deatil__go-events,https://github.com/deatil/go-events,08c7783743a232b221626302fdb0d0807dbc2c1a,2026-07-20T19:59:27+08:00,github.com/deatil/go-events,1.25.0,EMPTY_GT,0,0,1
deatil__go-jwt,https://github.com/deatil/go-jwt,aad4eeb39e4869ae11b67770848ddac956a1944c,2026-07-21T02:08:33+08:00,github.com/deatil/go-jwt,1.25.0,EMPTY_GT,,,
deckarep__golang-set,https://github.com/deckarep/golang-set,da03b7639be5170e7b8fc7183b2d4663a4133419,2026-06-27T08:23:47-07:00,github.com/deckarep/golang-set/v2,1.18,EMPTY_GT,,,
dedalqq__omg.jsonparser,https://github.com/dedalqq/omg.jsonparser,3224f2a275704f88f9a0068da7215dbd2a941d24,2021-10-12T15:34:19+03:00,github.com/dedalqq/omg.jsonparser,1.16,EMPTY_GT,0,0,1
dedalqq__omg.testingtools,https://github.com/dedalqq/omg.testingtools,79d2dd80a719b87f8e2ac0cc82c2e82f7451d1db,2021-10-15T02:04:26+03:00,github.com/dedalqq/omg.testingtools,1.17,EMPTY_GT,0,0,0
defcronyke__godscache,https://github.com/defcronyke/godscache,dc0ce86a53bccf4598cbed8724a13bee7f6ce697,2019-02-08T02:04:21-05:00,command-line-arguments,,EMPTY_GT,0,0,0
denisenkom__go-mssqldb,https://github.com/denisenkom/go-mssqldb,103f0369fa02aac21aae282e4f7f81c903aba6be,2023-04-30T07:26:54-04:00,github.com/denisenkom/go-mssqldb,1.13,OK,14,14,33
dennwc__dom,https://github.com/dennwc/dom,5d591340e88528f64984e6e92f49356c6bbbf6a4,2019-05-27T17:05:51+03:00,github.com/dennwc/dom,1.12,EMPTY_GT,0,0,0
derekparker__trie,https://github.com/derekparker/trie,bf82928180827570bb22fa82bcde0d08ddac12c6,2025-10-15T14:56:07-07:00,github.com/derekparker/trie/v3,1.23.1,EMPTY_GT,0,0,1
desertbit__glue,https://github.com/desertbit/glue,06de07e1e404410dad7acf4823dca286d5cdeaed,2019-06-19T20:59:59+02:00,command-line-arguments,,EMPTY_GT,0,0,0
destel__rill,https://github.com/destel/rill,56267f48f43e2ebe827e4a4ef525632dc0c76020,2026-07-17T20:29:39+03:00,github.com/destel/rill,1.25,EMPTY_GT,0,0,0
deuill__go-php,https://github.com/deuill/go-php,9d111e73423ddedd59738b41656f2066ba92529f,2018-10-01T21:58:57+01:00,command-line-arguments,,EMPTY_GT,0,0,0
devfacet__gocmd,https://github.com/devfacet/gocmd,640174d86db7ea6a71705a39cabe4fc2c7337bd0,2023-04-04T17:43:24-04:00,github.com/devfacet/gocmd/v3,1.17,EMPTY_GT,0,0,0
dghubble__sling,https://github.com/dghubble/sling,01f9e9461df411eebacaf7307cb32c472f897630,2026-03-08T12:41:48+00:00,github.com/dghubble/sling,1.19,OK,1,1,3
dgraph-io__badger,https://github.com/dgraph-io/badger,0a02e668e297167d77a981c7c95c1206483fb0ca,2026-07-16T08:24:57-04:00,github.com/dgraph-io/badger/v4,1.23.0,OK,18,22,36
dgraph-io__dgraph,https://github.com/dgraph-io/dgraph,59eefd193d32ab85751f236a112c0307f0d6b998,2026-07-08T20:23:00-04:00,github.com/dgraph-io/dgraph/v25,1.26.4,OK,157,157,350
dgraph-io__ristretto,https://github.com/dgraph-io/ristretto,67cb59139a2f93fab17e7f199a5c5b3dbc7850db,2026-07-15T12:29:01-04:00,github.com/dgraph-io/ristretto/v2,1.24.0,OK,3,8,11
dgruber__drmaa,https://github.com/dgruber/drmaa,836d2faf9274ba1198c9254728cd9f9a5ca451ba,2025-08-24T15:20:30+02:00,github.com/dgruber/drmaa,1.22.0,EMPTY_GT,0,0,0
dgryski__go-jump,https://github.com/dgryski/go-jump,ba001c3ffce0e68cf0b1bb7780dee8e9f45f7786,2021-10-18T13:05:10-07:00,command-line-arguments,,EMPTY_GT,0,0,0
dh1tw__gosamplerate,https://github.com/dh1tw/gosamplerate,7ea0cb2397ac116203595ec89c1b17b2dad670ae,2024-01-28T02:50:32+01:00,github.com/dh1tw/gosamplerate,1.14,EMPTY_GT,0,0,0
diamondburned__arikawa,https://github.com/diamondburned/arikawa,b430932b3ee153985e90bf4f469b3e8241b90c8b,2026-05-18T01:07:45-04:00,,1.25.0,EMPTY_GT,,,
diankong__GoDocTooltip,https://github.com/diankong/GoDocTooltip,cbc2b7abd44bc009d14d564d7b49aa682f675498,2022-12-03T15:09:24+08:00,command-line-arguments,,EMPTY_GT,0,0,0
didi__gendry,https://github.com/didi/gendry,e6d8f5cfe40e01ef4e2c883bc2b1bbd26123139c,2025-03-12T11:30:45+08:00,github.com/didi/gendry,1.13,EMPTY_GT,0,5,8
didip__tollbooth,https://github.com/didip/tollbooth,458a30971b92eab692e2c5c002235426fabc94b8,2025-01-12T09:38:14-08:00,github.com/didip/tollbooth/v8,1.19,EMPTY_GT,,,
diegomarangoni__typenv,https://github.com/diegomarangoni/typenv,76ad151dad0e5933e7d8217ff55ecb628e409429,2025-04-02T23:15:11+02:00,diegomarangoni.dev/typenv,1.18,EMPTY_GT,0,4,7
dietsche__textbelt,https://github.com/dietsche/textbelt,aa3e0552adb9c40fba164474f15f9c3e9d41d0f0,2015-09-04T09:12:39-05:00,command-line-arguments,,EMPTY_GT,0,0,0
digitalcrab__browscap_go,https://github.com/digitalcrab/browscap_go,a65aa5d0baaf26daa168f4878bf417a1c9f5f29e,2022-06-13T16:05:16+02:00,command-line-arguments,,EMPTY_GT,0,0,0
dikhan__terraform-provider-openapi,https://github.com/dikhan/terraform-provider-openapi,53c058558db31f8ee3a73f855095d7a21fb96343,2022-10-16T21:59:39-07:00,github.com/dikhan/terraform-provider-openapi/v3,1.17,OK,65,74,222
dimfeld__httptreemux,https://github.com/dimfeld/httptreemux,53a6a09954e8593e66a0c372335c0e96b318b920,2024-07-10T09:03:15-10:00,github.com/dimfeld/httptreemux/v5,1.9,EMPTY_GT,,,
dimiro1__banner,https://github.com/dimiro1/banner,4f86e55de52dedeb9c329ce3aa142a6983f689e1,2020-12-22T09:42:45+01:00,command-line-arguments,1.11,EMPTY_GT,,,
dimuska139__go-email-normalizer,https://github.com/dimuska139/go-email-normalizer,b5e78c151ffa714430c71e3b6371640ac029620e,2025-01-26T13:14:33+04:00,github.com/dimuska139/go-email-normalizer/v5,1.14,EMPTY_GT,0,4,7
dimuska139__rawg-sdk-go,https://github.com/dimuska139/rawg-sdk-go,4f9c741ea59ae67595a045a638406e28fdf3c089,2022-05-28T13:01:33+03:00,github.com/dimuska139/rawg-sdk-go/v3,1.15,OK,1,6,9
dinopuguh__gosentiwordnet,https://github.com/dinopuguh/gosentiwordnet,2f8ef616e144b74606a403688c0b9a6949ff44cd,2021-03-11T12:01:47+07:00,github.com/dinopuguh/gosentiwordnet/v2,1.14,EMPTY_GT,,,
dirkaholic__kyoo,https://github.com/dirkaholic/kyoo,d787ad2ef1b604425b98bfa6c39db16c18f57766,2026-03-09T16:49:38+01:00,github.com/dirkaholic/kyoo,1.20,EMPTY_GT,0,4,8
disintegration__gift,https://github.com/disintegration/gift,575e249f241f574659e4495fb306c04f86340c13,2020-11-21T18:45:53+03:00,github.com/disintegration/gift,,EMPTY_GT,0,0,1
disintegration__imaging,https://github.com/disintegration/imaging,d40f48ce0f098c53ab1fcd6e0e402da682262da5,2020-12-18T22:30:11+03:00,github.com/disintegration/imaging,,OK,1,1,3
disksing__iter,https://github.com/disksing/iter,1f204b16723965197f306380e715f6f2596350f3,2022-03-16T22:58:04+08:00,github.com/disksing/iter/v2,1.18,EMPTY_GT,0,0,0
distatus__battery,https://github.com/distatus/battery,24c526632a1ddc76871394d63705ebe668dab97c,2023-06-23T11:25:43+02:00,github.com/distatus/battery,1.18,EMPTY_GT,0,0,0
dixonwille__wlog,https://github.com/dixonwille/wlog,a39fa152ff7a63ecaa19d9ae816560efb70921b6,2024-05-13T11:01:35-04:00,github.com/dixonwille/wlog/v3,1.11,OK,1,5,11
dixonwille__wmenu,https://github.com/dixonwille/wmenu,09d89f61cfe5d1cbba21a1ee2f5129c82f430a37,2024-05-14T09:51:53-04:00,github.com/dixonwille/wmenu/v5,1.11,OK,4,8,14
dnnrly__abbreviate,https://github.com/dnnrly/abbreviate,c8aeae401928371020a2a695aa1ca2ca50d739b4,2024-07-11T15:11:01+01:00,github.com/dnnrly/abbreviate,1.21,OK,2,14,173
dnnrly__httpref,https://github.com/dnnrly/httpref,744579b2647a39370c0572901da9477cec4a9e9e,2024-11-12T22:07:40+00:00,github.com/dnnrly/httpref,1.13,OK,20,31,184
documize__community,https://github.com/documize/community,e19bcd02ab20750a904fc2e3815cd453e877fa54,2026-05-18T12:18:57-04:00,github.com/documize/community,1.25,OK,39,39,81
dolthub__dolt,https://github.com/dolthub/dolt,9e80d3aa2cf8ff473765f5603af32304d72c67b5,2026-07-17T16:59:50-07:00,command-line-arguments,,EMPTY_GT,0,0,0
dominikh__go-mode.el,https://github.com/dominikh/go-mode.el,3a71d28ab47df685e54ca6046a7a3dd3e28b682c,2026-05-29T15:55:24+02:00,command-line-arguments,,EMPTY_GT,0,0,0
donatj__mpo,https://github.com/donatj/mpo,f42f43261a408ea8d0786d8c075f7d7d9aab5db5,2026-07-19T02:08:30-05:00,,1.26,EMPTY_GT,0,0,0
doors-dev__gox,https://github.com/doors-dev/gox,8d7025146f91a4d22138304708f2ae14c6804c81,2026-07-03T14:31:20+03:00,github.com/doors-dev/gox,1.25.1,OK,21,21,68
dotchain__dot,https://github.com/dotchain/dot,917641f8ea70b104803b31744115bcb774c52d41,2019-09-29T17:29:12-07:00,github.com/dotchain/dot,1.12,OK,6,10,310
drewstinnett__go-output-format,https://github.com/drewstinnett/go-output-format,3c9868a7d61149584307d586617267903f399c0c,2024-02-24T17:07:40-05:00,github.com/drewstinnett/gout/v2,1.19,OK,1,1,3
dromara__carbon,https://github.com/dromara/carbon,3b7ed987dd6709ce117582e229fac6a2c6ccf971,2026-07-03T19:56:32+08:00,github.com/dromara/carbon/v2,1.18,EMPTY_GT,0,4,7
dropbox__godropbox,https://github.com/dropbox/godropbox,436d2007a9fdca2eafa5f3e60d4a58d52ec7aabb,2023-06-23T10:18:40-07:00,github.com/dropbox/godropbox,1.13,OK,8,10,18
dtgorski__typex,https://github.com/dtgorski/typex,59668c20c771e28f375621a6c888974dd3a5c974,2023-09-16T00:01:30+02:00,github.com/dtgorski/typex,1.21,OK,3,3,7
dukex__mixpanel,https://github.com/dukex/mixpanel,4da2d602283c66509a3b4b082879672783e844d3,2026-01-27T16:31:03-03:00,github.com/dukex/mixpanel,1.18,EMPTY_GT,0,0,0
dundee__gdu,https://github.com/dundee/gdu,1868609e0df1ae393b356d3da00f3879a739ddcf,2026-07-08T13:38:12+02:00,github.com/dundee/gdu/v5,1.25.0,OK,39,42,79
dustin__go-humanize,https://github.com/dustin/go-humanize,4d1d9082551ec085912e7d2253a33ae547fca000,2025-11-24T14:15:11-10:00,github.com/dustin/go-humanize,1.16,EMPTY_GT,0,0,0
dustinblackman__gomodrun,https://github.com/dustinblackman/gomodrun,5f026943dc6b871959d047429a559f1fcc7a5046,2024-05-16T21:56:26-04:00,github.com/dustinblackman/gomodrun,1.18,OK,6,15,44
dveselov__mystem,https://github.com/dveselov/mystem,d2c60104819dd361fa666d13a6c5e1f98c92d8fd,2016-10-05T08:53:17+03:00,command-line-arguments,,EMPTY_GT,0,0,0
dvyukov__go-fuzz,https://github.com/dvyukov/go-fuzz,e577bee5275c42f9a3ff598ade77fe9806191345,2024-09-24T09:00:22+02:00,command-line-arguments,,EMPTY_GT,,,
dwin__goArgonPass,https://github.com/dwin/goArgonPass,935767cb801de3b75a4065ea3181fa8828aa684d,2020-12-10T23:05:40-05:00,github.com/dwin/goArgonPass,1.14,OK,2,6,16
dwin__goSecretBoxPassword,https://github.com/dwin/goSecretBoxPassword,47e9f1c5e80cf1055e9f7a11aa05bdaf04d12150,2022-08-31T15:49:20-04:00,github.com/dwin/goSecretBoxPassword,,EMPTY_GT,0,0,0
e-XpertSolutions__go-cluster,https://github.com/e-XpertSolutions/go-cluster,e743a10971294c8c389cebe3b8b261a95b54d9e4,2022-11-29T14:35:47+01:00,github.com/e-XpertSolutions/go-cluster/v2,1.18,OK,1,1,15
e-dard__godist,https://github.com/e-dard/godist,7f3421334c1d62d3c25015fd3788d8e7a7aa7656,2015-05-11T11:38:44+01:00,command-line-arguments,,EMPTY_GT,0,0,0
e-dard__netbug,https://github.com/e-dard/netbug,e64d308a0b205c901264e88a10e70d64acb1810d,2015-10-29T17:28:37+00:00,command-line-arguments,,EMPTY_GT,0,0,0
eaigner__shield,https://github.com/eaigner/shield,7e8e5f1f2c821179b9d433c42169608b3d751389,2013-04-15T16:22:53+02:00,command-line-arguments,,EMPTY_GT,,,
eapache__go-resiliency,https://github.com/eapache/go-resiliency,39c0aa4a7ec871cc8e2f7be2c44db1362e0667b7,2025-02-23T15:11:06-05:00,github.com/eapache/go-resiliency,1.13,EMPTY_GT,0,0,0
echocat__slf4g,https://github.com/echocat/slf4g,d0bde5ccaf4fe5e938de0e7abbcb95cc7fd504df,2026-03-01T12:54:36+01:00,github.com/echocat/slf4g,1.17,EMPTY_GT,,,
edermanoel94__rest-go,https://github.com/edermanoel94/rest-go,bfa0e5f309f1ea91aa672941cd1f5e7e57497e08,2020-03-09T07:58:14-03:00,github.com/edermanoel94/rest-go,1.13,EMPTY_GT,,,
eduardonunesp__sslb,https://github.com/eduardonunesp/sslb,dbd2ff8ab387552d8e06c3ff3880b6cdb40f99cf,2024-02-18T18:50:20-03:00,github.com/eduardonunesp/sslb,1.22,EMPTY_GT,0,0,0
eduncan911__podcast,https://github.com/eduncan911/podcast,1ae77786dd7037a7a5a03fe86fe656809e0ac7e5,2020-11-02T18:10:18-05:00,github.com/eduncan911/podcast,1.13,OK,1,5,8
edwingeng__deque,https://github.com/edwingeng/deque,c22ab1bc6ff5781a5725ef004bbe73834f3d290f,2023-09-14T08:30:28+08:00,github.com/edwingeng/deque,1.12,EMPTY_GT,0,0,0
edwingeng__wuid,https://github.com/edwingeng/wuid,29d94c466647f2ef2880a9526e1bdd38130ba4bd,2024-01-26T21:49:14+08:00,github.com/edwingeng/wuid,1.18,OK,21,21,47
egonelbre__gophers,https://github.com/egonelbre/gophers,63b1f5a9f334f9e23735c6e09ac003479ffe5df5,2022-07-06T09:41:03+03:00,command-line-arguments,,EMPTY_GT,0,0,0
ekkinox__yai,https://github.com/ekkinox/yai,5fbe0f3adf440a3ea14b54f49ebcc72452118cad,2023-12-14T11:41:57+01:00,github.com/ekkinox/yai,1.19,OK,44,47,122
eko__gocache,https://github.com/eko/gocache,6692facc4eed48c27ff68373cff7090e9a5b7545,2026-05-03T20:44:29+02:00,command-line-arguments,,EMPTY_GT,,,
elazarl__goproxy,https://github.com/elazarl/goproxy,d435b12bc2fd1ecae5c03a39fdd452a43e36be00,2026-07-20T00:02:56+02:00,github.com/elazarl/goproxy,1.23.0,OK,2,7,16
elgohr__stop-and-go,https://github.com/elgohr/stop-and-go,4555d4a7f429c3814cca1ea80594a93e93fe7c36,2026-07-16T16:33:21+00:00,github.com/elgohr/stop-and-go,1.18,EMPTY_GT,0,4,7
elgopher__pi,https://github.com/elgopher/pi,00f550e54ed6d4784f4016c132762dd425e2cb93,2025-10-21T23:55:32+02:00,github.com/elgopher/pi,1.24.2,OK,10,14,43
elgris__sqrl,https://github.com/elgris/sqrl,7e0198b30236910d8ff87417dc1f242923e413c9,2021-07-27T23:07:41+02:00,github.com/elgris/sqrl,,EMPTY_GT,0,3,4
elgs__jsonql,https://github.com/elgs/jsonql,11504e67e0468728ade806a252dd1494ccbcb34d,2026-02-21T01:56:36-08:00,command-line-arguments,,EMPTY_GT,0,0,0
elithrar__simple-scrypt,https://github.com/elithrar/simple-scrypt,3b9f1a22960983f7009dbaa6efa0d39f953af8be,2026-02-10T11:09:25-05:00,github.com/elithrar/simple-scrypt,1.21,OK,1,1,6
elliotwutingfeng__go-fasttld,https://github.com/elliotwutingfeng/go-fasttld,e2ddb7acf42d3fa4f6410c68076f57237872560f,2026-07-10T09:04:50+08:00,github.com/elliotwutingfeng/go-fasttld,1.25.0,OK,13,16,33
embano1__memlog,https://github.com/embano1/memlog,95a08e860804afc4cee1bc0ec9ac317dcd7da3d8,2026-06-09T14:25:57+02:00,github.com/embano1/memlog,1.25.0,OK,1,4,8
emersion__go-imap,https://github.com/emersion/go-imap,f68ef419e622a283e0cf8ddab4498b84f9bd038d,2026-07-02T14:02:25+02:00,github.com/emersion/go-imap/v2,1.18,OK,2,2,13
emersion__go-message,https://github.com/emersion/go-message,b9039e0d248fca44779a1653069a855e309d6d18,2025-02-16T19:16:11+01:00,github.com/emersion/go-message,1.14,OK,1,1,11
emersion__go-vcard,https://github.com/emersion/go-vcard,d854b7e0e2d39884e7ab42c5ab0bce2830a3687c,2026-06-18T18:11:52+02:00,github.com/emersion/go-vcard,1.13,EMPTY_GT,0,0,0
emicklei__proto,https://github.com/emicklei/proto,032dc916c88e821c57ee12906baf82c48889e869,2026-02-04T12:04:45+01:00,github.com/emicklei/proto,1.12,EMPTY_GT,0,0,1
emiddleton__gads,https://github.com/emiddleton/gads,f352bbde8eaa2bfa7b722b4072bd35055ebbeeec,2015-09-08T23:45:51+09:00,command-line-arguments,,EMPTY_GT,,,
emitter-io__emitter,https://github.com/emitter-io/emitter,87f082c76c069dbe158e0f8780efccf5715ce14e,2025-02-18T01:16:01+01:00,github.com/emitter-io/emitter,1.24,OK,59,59,138
emperror__emperror,https://github.com/emperror/emperror,488c6525de31d3b472bad221769c5af58ef9e62c,2020-10-04T18:48:28+02:00,emperror.dev/emperror,1.12,OK,4,4,9
emperror__errors,https://github.com/emperror/errors,7d0c4c20c009e16f01084af4f7c0bc89239c2758,2022-05-27T02:31:57+02:00,emperror.dev/errors,1.12,OK,3,3,8
emvi__null,https://github.com/emvi/null,cb6d3fd36ac854cc28b84e059850f1fdb7e988d3,2021-11-09T17:04:16+01:00,github.com/emvi/null,1.17,EMPTY_GT,0,0,1
endeveit__enca,https://github.com/endeveit/enca,00fe968221abf40a6c78a1cd6bed8c2cdc15b4de,2016-03-15T08:18:03+01:00,command-line-arguments,,EMPTY_GT,0,0,0
endeveit__guesslanguage,https://github.com/endeveit/guesslanguage,b9ec07401dcbe25857ba6d81fed47cba5d677246,2014-12-16T18:10:03+06:00,command-line-arguments,,EMPTY_GT,0,0,0
enetx__surf,https://github.com/enetx/surf,10ca6cdc669710b5a4e03f3a3d72f207e5d868c0,2026-07-04T12:08:27+02:00,,1.27,EMPTY_GT,0,0,0
enetx__tg,https://github.com/enetx/tg,d5da81507cbcd9b27c663868fd833f8357392813,2026-06-16T23:48:34+02:00,github.com/enetx/tg,1.25.0,OK,7,7,12
enriquebris__goconcurrentqueue,https://github.com/enriquebris/goconcurrentqueue,c09fe977b95956c2b174a5e10f77f322ba42cae9,2022-11-17T00:02:01-05:00,github.com/enriquebris/goconcurrentqueue,1.17,EMPTY_GT,,,
epiclabs-io__elastic,https://github.com/epiclabs-io/elastic,1788683634520be3f4b8bb5624feb55045bb79a8,2020-02-26T01:02:47+01:00,github.com/epiclabs-io/elastic,1.13,EMPTY_GT,,,
ergo-services__ergo,https://github.com/ergo-services/ergo,0577883533f3ef874416cfadceeedcef23d87643,2026-06-08T20:53:29+02:00,ergo.services/ergo,1.20,EMPTY_GT,0,0,0
erni27__imcache,https://github.com/erni27/imcache,bb29b588b26495865601c2637747773ba50109f5,2024-12-14T19:02:44+01:00,github.com/erni27/imcache,1.18,EMPTY_GT,,,
esemplastic__unis,https://github.com/esemplastic/unis,6e30ed034e8cb31227b24057d030fdd0261bcfc6,2017-05-09T19:17:24+03:00,command-line-arguments,,EMPTY_GT,0,0,0
esimov__gogu,https://github.com/esimov/gogu,c0a8b0b96bf3378466affe91d099440bdc031501,2023-03-04T11:36:46+02:00,github.com/esimov/gogu,1.20,OK,2,6,13
esurdam__go-sophos,https://github.com/esurdam/go-sophos,191de4d9e2f9a6234969a3a3e3103deb5915cc6f,2022-05-05T19:41:32-07:00,github.com/esurdam/go-sophos,1.15,OK,2,2,4
esurdam__go-swagger-ui,https://github.com/esurdam/go-swagger-ui,8beb5ba14803d9ec4749a494051c0c4276704925,2022-10-23T01:48:47-07:00,github.com/esurdam/go-swagger-ui,1.15,OK,1,1,2
etcd-io__raft,https://github.com/etcd-io/raft,26647d57a34382bc60457ad508cea835ed9b52da,2026-07-08T14:00:14+01:00,go.etcd.io/raft/v3,1.26,OK,6,6,11
etherlabsio__healthcheck,https://github.com/etherlabsio/healthcheck,505bb25053eb76626b893169e61b424d51ee76f0,2023-12-13T09:31:32+05:30,github.com/etherlabsio/healthcheck/v2,1.12,EMPTY_GT,0,0,0
ewwwwwqm__logdump,https://github.com/ewwwwwqm/logdump,5af84c4f36b68b35de8f8418869dee357a0137c4,2018-04-02T03:28:11+03:00,command-line-arguments,,EMPTY_GT,0,0,0
faceair__jio,https://github.com/faceair/jio,187444f93d91853b2ec6ca8e6d564e6d577bf846,,,,EMPTY_GT,0,0,0
fanux__lhttp,https://github.com/fanux/lhttp,bf219b41da45c21b530604fb9a3ec76552fac2d2,2018-04-08T16:06:08+08:00,command-line-arguments,,EMPTY_GT,0,0,0
fatih__vim-go,https://github.com/fatih/vim-go,d69962d20a2a60e4bdc92a2281e5f0aaaa109635,2026-07-18T09:18:16-07:00,command-line-arguments,,EMPTY_GT,0,0,0
fclairamb__ftpserverlib,https://github.com/fclairamb/ftpserverlib,b4c3694ee73399d8a55293d568e5100c25e4d2d4,2026-07-08T14:47:21+00:00,github.com/fclairamb/ftpserverlib,1.25.0,OK,3,8,14
ferama__rospo,https://github.com/ferama/rospo,ff289bf6ed0eca1ea231f16bc0f0dd943530aff6,2026-06-23T08:58:40+02:00,github.com/ferama/rospo,1.25.0,OK,22,22,45
feyeleanor__GoSpeed,https://github.com/feyeleanor/GoSpeed,9f08a408226f1d7badeac5e93dbfa35508304e85,2024-03-25T15:58:12+00:00,github.com/feyeleanor/GoSpeed,1.18,EMPTY_GT,0,0,0
fiam__gounidecode,https://github.com/fiam/gounidecode,8deddbd03fec2c28969266e52f27b6fb22be1823,2015-06-29T12:25:15+01:00,command-line-arguments,,EMPTY_GT,0,0,0
fish-tennis__gnet,https://github.com/fish-tennis/gnet,5bc99314668cee8bfa688ef0d100e021879b4255,2026-07-16T18:14:33+08:00,github.com/fish-tennis/gnet,1.26,OK,2,2,5
floatdrop__debounce,https://github.com/floatdrop/debounce,dba45acba7b2a07ad3808a6183d74dd7e0758c9d,2025-06-21T11:09:53+05:00,github.com/floatdrop/debounce,,EMPTY_GT,0,0,1
flosch__pongo2,https://github.com/flosch/pongo2,c0f82578df571c69ce46d4af5ba2f358d98c98e6,2026-03-13T15:22:48+01:00,github.com/flosch/pongo2/v7,1.25,OK,1,1,5
flowbaker__flowbaker,https://github.com/flowbaker/flowbaker,b0cfbae449e8f7012980110cac75b584d63f68b8,2026-05-31T13:30:46+03:00,github.com/flowbaker/flowbaker,1.25.0,OK,176,179,308
fogfish__dynamo,https://github.com/fogfish/dynamo,59661c3b582093819a12dc69e94f624465322488,2025-06-05T22:20:40+03:00,github.com/fogfish/dynamo/v3,1.23,OK,29,30,37
fogleman__gg,https://github.com/fogleman/gg,8febc0f526adecda6f8ae80f3869b7cd77e52984,2021-09-28T10:35:35-04:00,command-line-arguments,,EMPTY_GT,0,0,0
fogleman__ln,https://github.com/fogleman/ln,12e6c6e7445909f817f1b8d5581be4255ffa1437,2017-02-23T08:55:21-05:00,command-line-arguments,,EMPTY_GT,0,0,0
fogleman__nes,https://github.com/fogleman/nes,3880f3400500b1ff2e89af4e12e90be46c73ae07,2023-09-07T18:06:43-04:00,github.com/fogleman/nes,1.14,OK,3,3,4
fogleman__pt,https://github.com/fogleman/pt,6fa0015c2178c2ccd524e0b35b16081e5c9d3101,2017-06-18T21:24:16-04:00,command-line-arguments,,EMPTY_GT,0,0,0
foolin__goview,https://github.com/foolin/goview,7dd7b8289b87c2e3080d923edc66b038346fcdb5,2023-03-13T21:35:10+08:00,github.com/foolin/goview,1.14,OK,48,48,145
fox-toolkit__fox,https://github.com/fox-toolkit/fox,66e1c3f402a42b0ec9fd48622a18ec53cb1cf0c7,2026-07-15T16:54:32+02:00,github.com/fox-toolkit/fox,1.26.0,EMPTY_GT,,,
foxcpp__maddy,https://github.com/foxcpp/maddy,6bfec6cc7240fec7807829ab34e72f40d8411f19,2026-07-13T22:55:48+03:00,github.com/foxcpp/maddy,1.23.1,OK,106,108,404
francesconi__go-rampart,https://github.com/francesconi/go-rampart,ddd96b6f152b0220c473d375c95b4a73df3c1ef3,2024-06-26T16:20:17+02:00,github.com/francesconi/go-rampart,1.18,OK,1,1,7
francoispqt__onelog,https://github.com/francoispqt/onelog,8c2bb31b10a4e1ca6070e1f985998299ee90ebd0,2019-03-06T12:37:06+08:00,github.com/francoispqt/onelog,,OK,1,4,5
franela__goblin,https://github.com/franela/goblin,0a4f594942bfff340b73b27eca7e3e16e8297ced,2021-10-03T11:34:22-03:00,github.com/franela/goblin,1.14,EMPTY_GT,0,0,1
free__concurrent-writer,https://github.com/free/concurrent-writer,363b9993c91180a82babd49f530aa64902d364cd,2017-11-17T22:28:31+01:00,command-line-arguments,,EMPTY_GT,,,
fulldump__goconfig,https://github.com/fulldump/goconfig,12809971bae72b69fdbf0cb5d282d8a122aa06ba,2026-06-12T19:51:00+02:00,github.com/fulldump/goconfig,1.20,EMPTY_GT,0,0,1
furdarius__rabbitroutine,https://github.com/furdarius/rabbitroutine,7d494d08535edf319cb52a08e06c77f41f2d5a39,2024-03-03T12:23:30+00:00,github.com/furdarius/rabbitroutine,1.20,OK,3,7,14
fxamacker__cbor,https://github.com/fxamacker/cbor,14074d369b0973ceaed885d884481ea10b4a4794,2026-07-17T10:30:03-05:00,github.com/fxamacker/cbor/v2,1.24,OK,1,1,2
fxsjy__jieba,https://github.com/fxsjy/jieba,67fa2e36e72f69d9134b8a1037b83fbb070b9775,2020-02-15T16:33:35+08:00,command-line-arguments,,EMPTY_GT,0,0,0
fyne-io__fyne,https://github.com/fyne-io/fyne,de103236e5c76c3c85ca262b4e5bffa0af2a2e4e,2026-07-20T12:35:43+02:00,fyne.io/fyne/v2,1.22.0,OK,46,46,69
g3n__engine,https://github.com/g3n/engine,11eb4fd38acd68afbcb1e627f0c63b2eeb6bb2a9,2026-01-09T17:45:52-03:00,github.com/g3n/engine,1.13,OK,4,4,8
gabriel-vasile__mimetype,https://github.com/gabriel-vasile/mimetype,bcd718d4f8cb0b56cad8e0a9a9c855ebd80c6d82,2026-07-17T20:16:49+09:00,github.com/gabriel-vasile/mimetype,1.21,EMPTY_GT,0,0,1
gabstv__go-bsdiff,https://github.com/gabstv/go-bsdiff,d449682b2c4873092fdd69b3df05e17f5d38b76e,2019-03-21T09:34:08-03:00,github.com/gabstv/go-bsdiff,,OK,1,1,2
gagliardetto__solana-go,https://github.com/gagliardetto/solana-go,cd51d9586dd6a1e7b0c2c551d0f0416bb3b9d993,2026-06-30T20:54:54+08:00,github.com/gagliardetto/solana-go,1.24.0,EMPTY_GT,,,
gaia-pipeline__gaia,https://github.com/gaia-pipeline/gaia,98a306bd4c7558f167bf076863dca38406d7eff9,2026-01-10T16:10:20+01:00,github.com/gaia-pipeline/gaia,1.17,OK,75,79,389
gambol99__go-marathon,https://github.com/gambol99/go-marathon,94e7bcb625cd10e29e2c9b4912ed0800212b543a,2020-01-16T15:30:22+01:00,command-line-arguments,,EMPTY_GT,0,0,0
gammazero__deque,https://github.com/gammazero/deque,7ff520718383c0338bdf9128ce7db54c61cb6037,2026-07-01T20:38:10-10:00,github.com/gammazero/deque,1.24,EMPTY_GT,0,0,0
gammazero__radixtree,https://github.com/gammazero/radixtree,,,,,EMPTY_GT,0,0,0
gammazero__workerpool,https://github.com/gammazero/workerpool,22a7e8d28b1dedfe3c67d0275b8d1f7e8e133317,2026-07-01T20:37:32-10:00,github.com/gammazero/workerpool,1.25,OK,1,1,2
gansidui__gotcp,https://github.com/gansidui/gotcp,7a5bfb32867e589216b0a96010cd12fc860c0d95,2017-04-18T15:26:13+08:00,command-line-arguments,,EMPTY_GT,0,0,0
gansidui__skiplist,https://github.com/gansidui/skiplist,c6a909ce563b1b00e551981a3c3e8f268ed7ff83,2014-11-21T13:13:32+08:00,command-line-arguments,,EMPTY_GT,,,
garethgeorge__backrest,https://github.com/garethgeorge/backrest,626156cd8e15745b84bfe86099457d9db8372c5d,2026-07-12T23:07:12-07:00,github.com/garethgeorge/backrest,1.26,EMPTY_GT,,,
gavv__httpexpect,https://github.com/gavv/httpexpect,9be446356b6eddc852a20b420cbf19c3c53acca3,2025-06-02T16:16:23+09:00,github.com/gavv/httpexpect/v2,1.19,OK,30,32,59
gchaincl__dotsql,https://github.com/gchaincl/dotsql,5d06b8903af8416d86b205c175b22ee903d869c8,2023-11-23T14:15:59+01:00,github.com/qustavo/dotsql,1.18,EMPTY_GT,0,0,0
gempir__go-twitch-irc,https://github.com/gempir/go-twitch-irc,2e3318729badccf5dee9362ff223b820e1db8774,2026-03-11T20:52:04+01:00,github.com/gempir/go-twitch-irc/v4,1.12,EMPTY_GT,0,0,0
gen2brain__go-unarr,https://github.com/gen2brain/go-unarr,40673bd1ef3c5d1a15d9f9fc3137081bf18a4462,2024-10-22T19:23:47+02:00,github.com/gen2brain/go-unarr,1.21,EMPTY_GT,,,
gen2brain__malgo,https://github.com/gen2brain/malgo,dd586bde45ae1d27f7406f75aa05dfa8b02ec9ca,2026-05-13T21:15:30+02:00,github.com/gen2brain/malgo,1.21,EMPTY_GT,,,
gen2brain__raylib-go,https://github.com/gen2brain/raylib-go,8f9e96aca9928d7768c40edc937bbe9ab049c62d,2026-06-19T20:07:08+02:00,command-line-arguments,,EMPTY_GT,0,0,0
georgebuilds__anneal,https://github.com/georgebuilds/anneal,dfb2492cd08f2e1ecbf676d2cdc67d77d70b7956,2026-06-26T09:44:18-05:00,github.com/georgebuilds/anneal,1.26.3,OK,23,32,53
get-woke__woke,https://github.com/get-woke/woke,5d52c1541ab7b5823531dd48144197dda342042e,2022-08-14T09:53:39-04:00,github.com/get-woke/woke,1.18,OK,33,36,153
getlantern__systray,https://github.com/getlantern/systray,22c167e80905f87867fc05fbe553342578976d7b,2023-11-10T09:37:11+01:00,github.com/getlantern/systray,1.13,OK,9,9,18
ggicci__httpin,https://github.com/ggicci/httpin,77ececb9e08bbf6bd98faed3bcf8f5677970b32a,2026-05-28T10:47:40-07:00,github.com/ggicci/httpin,1.25.0,OK,11,18,26
gha-common__go-beautiful-html-coverage,https://github.com/gha-common/go-beautiful-html-coverage,9e4a20de75235b56e51263137759332ec761a2f7,2024-05-21T22:13:27-07:00,command-line-arguments,,EMPTY_GT,,,
giorgisio__goav,https://github.com/giorgisio/goav,ea60062d943c8cc809e674903997b3276fb91b13,2022-05-19T19:28:55-04:00,github.com/giorgisio/goav,,EMPTY_GT,0,4,9
gliderlabs__ssh,https://github.com/gliderlabs/ssh,909fa952d4e4cea072e860c61ecdd365764b4dce,2025-01-27T19:38:18-03:00,github.com/gliderlabs/ssh,1.20,OK,2,2,7
globalsign__mgo,https://github.com/globalsign/mgo,eeefdecb41b842af6dc652aaea4026e8403e62df,2018-10-15T14:59:52+01:00,command-line-arguments,,EMPTY_GT,0,0,0
glycerine__bambam,https://github.com/glycerine/bambam,4a32c8687510bb0a2312ef30eb809297e220b6b6,2016-10-07T13:28:00-05:00,command-line-arguments,,EMPTY_GT,0,0,0
go-beans__go,https://github.com/go-beans/go,43568432645dcea7208f36a23fb14890951704e6,2026-07-08T00:16:37+03:00,github.com/go-beans/go,1.24.5,OK,5,9,11
go-chi__chi,https://github.com/go-chi/chi,8b258c7bb28f97a5f2a856ff7ef962578fec9215,2026-07-05T20:51:45+02:00,github.com/go-chi/chi/v5,1.23,EMPTY_GT,,,
go-co-op__gocron,https://github.com/go-co-op/gocron,cc444c2a6f2cb66b51ef180940de6398d1f9a10d,2026-07-17T13:24:08-05:00,github.com/go-co-op/gocron/v2,1.22,OK,3,8,15
go-critic__go-critic,https://github.com/go-critic/go-critic,325d070a6839c2f5958f2d587d466730d7ea2e3a,2026-06-26T20:18:05+00:00,github.com/go-critic/go-critic,1.24.0,OK,19,19,25
go-ego__gse,https://github.com/go-ego/gse,f8b89ec3caf21f952265e4aaf03feb12e9a6398b,2026-06-10T12:53:59-07:00,github.com/go-ego/gse,1.25,OK,1,2,3
go-errr__go,https://github.com/go-errr/go,69ef42ffe50411ddf3e292b2c9d679c52bbaef00,2026-07-07T22:50:39+03:00,github.com/go-errr/go,1.24.5,EMPTY_GT,0,0,0
go-external-config__aws,https://github.com/go-external-config/aws,67f4f84b5e6a6d2514cb4eaa28196dc394d747bd,2026-07-08T00:23:48+03:00,github.com/go-external-config/aws,1.24.5,OK,21,21,26
go-external-config__consul,https://github.com/go-external-config/consul,5cde28b65350fc07eccc54c3bcb06d76cfbf2b9d,2026-07-08T00:24:08+03:00,github.com/go-external-config/consul,1.26,OK,21,21,104
go-external-config__go,https://github.com/go-external-config/go,251a26bc534cb1892401b3a2a239a128022ee172,2026-07-07T22:38:36+03:00,github.com/go-external-config/go,1.24.5,OK,4,7,10
go-furnace__go-furnace,https://github.com/go-furnace/go-furnace,be1cec4c9d8669f59a6eb4953c94226ba91f51e2,2021-10-28T09:50:02+02:00,github.com/go-furnace/go-furnace,1.12,OK,34,34,68
go-gitea__gitea,https://github.com/go-gitea/gitea,17ce342dcb670d44edf03f12649a49e6030088de,2026-07-20T10:57:04+00:00,gitea.dev,1.26.5,OK,258,258,708
go-gl__gl,https://github.com/go-gl/gl,4566fea9a2762279aa48096fa3a0339db7406044,2026-03-31T19:51:17-04:00,github.com/go-gl/gl,1.12,EMPTY_GT,0,0,0
go-gl__glfw,https://github.com/go-gl/glfw,2a407d02d01a80ed49591d6d4e73fd1e385af304,2026-07-07T10:28:22+02:00,github.com/go-gl/glfw,1.19,EMPTY_GT,,,
go-gl__mathgl,https://github.com/go-gl/mathgl,c307faa8751177454eeb22cc376d92664f1b87ca,2024-01-27T14:18:17+00:00,github.com/go-gl/mathgl,1.11,EMPTY_GT,0,0,0
go-gorm__gorm,https://github.com/go-gorm/gorm,1d6ce99528060be18a42be09aca8d39efcb47f28,2026-06-22T11:37:04+08:00,gorm.io/gorm,1.18,OK,3,5,9
go-gormigrate__gormigrate,https://github.com/go-gormigrate/gormigrate,61a83eb294b80e2792d5587a0fd7dc46cafe5681,2026-05-26T20:54:45+02:00,github.com/go-gormigrate/gormigrate/v2,1.18,OK,4,4,10
go-gorp__gorp,https://github.com/go-gorp/gorp,4b75e80dcb5d6104db50216bc262c55ccbd2eb95,2024-11-19T10:27:48-06:00,github.com/go-gorp/gorp/v3,1.18,EMPTY_GT,,,
go-ini__ini,https://github.com/go-ini/ini,,,,,EMPTY_GT,0,0,0
go-jet__jet,https://github.com/go-jet/jet,10d3623ccad6a3a696367ca93314ff96427908e6,2026-06-20T19:05:35+02:00,github.com/go-jet/jet/v2,1.24.0,OK,10,10,22
go-jose__go-jose,https://github.com/go-jose/go-jose,8d4e64dd6193f330ff4babb4038c99c56974abff,2026-06-22T15:27:39-04:00,github.com/go-jose/go-jose/v4,1.24.0,EMPTY_GT,,,
go-kata__kinit,https://github.com/go-kata/kinit,aef56cb6899f494a6402f7c2c542ad5dc700266f,2021-06-12T17:24:44+03:00,github.com/go-kata/kinit,1.14,OK,2,2,3
go-kit__kit,https://github.com/go-kit/kit,78fbbceece7bbcf073bee814a7772f4397ea756c,2024-03-13T14:42:15+01:00,github.com/go-kit/kit,1.17,OK,78,83,230
go-lark__lark,https://github.com/go-lark/lark,353ea7dfc66913c6ce09fec4b8d3cec86a807d25,2026-05-14T21:14:08+08:00,github.com/go-lark/lark,1.13,OK,1,6,9
go-music-theory__music-theory,https://github.com/go-music-theory/music-theory,6acc915d06f598b149ce63e921b8e09491d6de32,2026-01-21T11:16:17-08:00,github.com/go-music-theory/music-theory,1.14,OK,2,5,7
go-ole__go-ole,https://github.com/go-ole/go-ole,6867ec158e364a7bc2f6cff566763ef5ddfa3203,2025-03-05T10:22:26-06:00,github.com/go-ole/go-ole,1.12,EMPTY_GT,,,
go-ozzo__ozzo-dbx,https://github.com/go-ozzo/ozzo-dbx,8a5a0983417e99c730fdaacc71125378d2d052ac,2026-07-12T19:07:04+03:00,github.com/go-ozzo/ozzo-dbx,1.13,EMPTY_GT,0,5,15
go-ozzo__ozzo-log,https://github.com/go-ozzo/ozzo-log,610cdd147d9aff9523eed107898d2e87ee5336aa,2016-07-03T13:57:02-04:00,command-line-arguments,,EMPTY_GT,0,0,0
go-ozzo__ozzo-routing,https://github.com/go-ozzo/ozzo-routing,a3372fb478302357cf434ad70ec132c36545e181,2021-09-04T11:34:46-04:00,github.com/go-ozzo/ozzo-routing/v2,1.13,OK,2,6,10
go-ozzo__ozzo-validation,https://github.com/go-ozzo/ozzo-validation,34bd5476bd5bb4884aee8252974da4cd4e878a75,2020-10-29T09:21:47-04:00,github.com/go-ozzo/ozzo-validation/v4,1.13,OK,1,5,8
go-perfstat__go,https://github.com/go-perfstat/go,81d18c9089323edb22468d85eb9b5a5088b9132e,2026-07-08T00:20:49+03:00,github.com/go-perfstat/go,1.24.5,EMPTY_GT,0,4,13
go-playground__assert,https://github.com/go-playground/assert,,,,,EMPTY_GT,0,0,0
go-playground__form,https://github.com/go-playground/form,3079d9a89d178e7eb2651bcae73e889c42683be1,,,,EMPTY_GT,,,
go-playground__generate,https://github.com/go-playground/generate,f25d00489d2889af5717b6af46f597777f837ca4,2017-01-09T19:20:54-05:00,command-line-arguments,,EMPTY_GT,0,0,0
go-playground__lars,https://github.com/go-playground/lars,4dc376e72ef7f96a295a328f06e83e2b9ab85422,2017-10-31T05:50:11-07:00,command-line-arguments,,EMPTY_GT,0,0,0
go-playground__log,https://github.com/go-playground/log,10609b03764b9395e2cb8e5fa451c2c6bd915051,2023-08-16T17:20:31-07:00,github.com/go-playground/log/v8,1.18,OK,4,4,9
go-playground__pool,https://github.com/go-playground/pool,e73cd3a5ded835540c5cf4778488579c5b357d68,2016-08-23T15:35:13-04:00,command-line-arguments,,EMPTY_GT,0,0,0
go-playground__validator,https://github.com/go-playground/validator,fd8bd3c9d513cd1d29e495974fa07dba7a2b5936,2026-07-20T11:09:26-07:00,github.com/go-playground/validator/v10,1.25.0,OK,7,8,18
go-playground__webhooks,https://github.com/go-playground/webhooks,02d182ac47693b5f7263de2ba7bd46607c80aed8,2024-07-30T19:09:03+02:00,github.com/go-playground/webhooks/v6,1.17,OK,1,5,8
go-reform__reform,https://github.com/go-reform/reform,db2c976d4b2fa1df1f9e16b4c314e18c5b475969,2022-01-24T16:37:00+03:00,gopkg.in/reform.v1,1.17,OK,10,15,26
go-rel__rel,https://github.com/go-rel/rel,1d091d7ddfd47c78cb5aec13c929b2d1da37885d,2026-05-02T12:27:22+09:00,github.com/go-rel/rel,1.21,OK,2,7,29
go-resty__resty,https://github.com/go-resty/resty,ea5b6cf677568d2f22b395a9dca8b95dec43f939,2026-07-19T11:11:07-07:00,resty.dev/v3,1.23.0,OK,1,1,6
go-rtc__stun,https://github.com/go-rtc/stun,5958aeb5e3b9c10cbd8d1ad22d63ae8d2396425d,2020-11-23T19:45:36+03:00,gortc.io/stun,1.12,EMPTY_GT,0,0,1
go-spring__spring-core,https://github.com/go-spring/spring-core,4a2323738bb198876115feef8d20cfe7d85ee8ca,2026-05-06T09:57:59+08:00,github.com/go-spring/spring-core,1.26,OK,15,15,42
go-sql-driver__mysql,https://github.com/go-sql-driver/mysql,416cd99d463949ca51faf4f84d674de2fc1aa54b,2026-07-16T23:57:35+09:00,github.com/go-sql-driver/mysql,1.24.0,OK,1,1,2
go-swagger__go-swagger,https://github.com/go-swagger/go-swagger,c9d6b7121ef814eed47a72e27f0136c077dcd66b,2026-07-20T09:52:40+02:00,github.com/go-swagger/go-swagger,1.25.0,OK,66,66,93
go-task__task,https://github.com/go-task/task,81a49a40c3f55ed1b487b05e963131e3c5fa7384,2026-07-19T22:13:18+02:00,github.com/go-task/task/v3,1.25.10,OK,123,125,388
go-telegram-bot-api__telegram-bot-api,https://github.com/go-telegram-bot-api/telegram-bot-api,4126fa611266940425a9dfd37e0c92ba47881718,2022-10-19T20:35:52-04:00,github.com/go-telegram-bot-api/telegram-bot-api/v5,1.16,EMPTY_GT,,,
go-telegram__bot,https://github.com/go-telegram/bot,06d05ed6775dac6227a6adb8aa4b7dc18cb73d6f,2026-06-30T20:05:45+03:00,github.com/go-telegram/bot,1.18,EMPTY_GT,0,0,1
go-the-way__exl,https://github.com/go-the-way/exl,36f80b18e250931041352b037826d7b95863510c,2025-10-16T10:37:50+08:00,github.com/go-the-way/exl,1.24,OK,11,11,20
go-the-way__sg,https://github.com/go-the-way/sg,00c357e614bfed7457919f43359ba496836d0ac5,2022-05-11T15:33:32+08:00,github.com/go-the-way/sg,1.16,EMPTY_GT,0,0,1
go-webgpu__goffi,https://github.com/go-webgpu/goffi,895a3faac2b17ad704baf661178af17be3e44f8e,2026-07-12T07:20:17+03:00,github.com/go-webgpu/goffi,1.25,EMPTY_GT,0,0,0
go-xkg__xkg,https://github.com/go-xkg/xkg,d4297b68f2f0d74453e552c58ab7417cd39def69,2015-01-08T01:00:34-03:00,command-line-arguments,,EMPTY_GT,0,0,0
go-zoo__bone,https://github.com/go-zoo/bone,31c3a0bb520c6d7a63dbb942459a3067787a975e,2019-04-16T19:47:10-04:00,github.com/go-zoo/bone,1.9,EMPTY_GT,0,0,1
go-zoox__fetch,https://github.com/go-zoox/fetch,1f397699aafe3e127455287f7d10e75a157129ff,2026-01-18T21:05:48+08:00,github.com/go-zoox/fetch,1.18,OK,7,9,16
goava__di,https://github.com/goava/di,282f32cdde9d651a7e1f030b65a774d1deda75ba,2023-12-12T13:06:25+03:00,github.com/defval/di,1.20,EMPTY_GT,0,0,0
gobeam__Stringy,https://github.com/gobeam/Stringy,be5603921e67468942238f611a1297693eb952a9,2025-05-19T21:32:24+05:45,github.com/gobeam/stringy,1.14,EMPTY_GT,0,0,0
gobeam__mongo-go-pagination,https://github.com/gobeam/mongo-go-pagination,f00183ba8cc55a73a76aa1e9b7c271d18343392d,2022-08-09T23:46:02+05:45,github.com/gobeam/mongo-go-pagination,1.13,OK,12,12,56
gobuffalo__validate,https://github.com/gobuffalo/validate,715c163ea3370316e233e49c5f5dcaba5b5752e9,2022-09-26T13:47:28+09:00,github.com/gobuffalo/validate/v3,1.16,OK,2,6,9
goccmack__gocc,https://github.com/goccmack/gocc,05e1d8e93f9e3248d41333746bfce4bd9958ddba,2026-01-13T10:05:28+00:00,github.com/goccmack/gocc,1.24,OK,1,1,3
gocircuit__circuit,https://github.com/gocircuit/circuit,fd2add79ac1e5c203803f3e845169584c2aafaa5,2016-11-21T15:35:24-05:00,command-line-arguments,,EMPTY_GT,0,0,0
gocraft__web,https://github.com/gocraft/web,9707327fb69b5b93fd722c6b4259a7b414bedac5,2019-02-07T10:06:52-05:00,command-line-arguments,,EMPTY_GT,,,
gofiber__fiber,https://github.com/gofiber/fiber,ce323d0cedba3b3d2e6dd89accff749801d9099f,2026-07-20T10:42:16+02:00,github.com/gofiber/fiber/v3,1.25.0,OK,17,22,30
gofrs__uuid,https://github.com/gofrs/uuid,c46df524cf469cb890102de121170b7d2edb1294,2026-03-28T17:19:44-07:00,github.com/gofrs/uuid/v5,1.25,EMPTY_GT,0,0,0
gogf__gf,https://github.com/gogf/gf,7474b459ee423c86e4beca40a9b4a7ca2e494dca,2026-07-08T10:23:54+08:00,github.com/gogf/gf/v2,1.23.0,OK,27,27,44
gogpu__gg,https://github.com/gogpu/gg,5d2ea1e8c72f59336f7938e7e1470bdb5e6afd3b,2026-07-18T00:46:45+03:00,github.com/gogpu/gg,1.25.0,OK,6,8,13
gogpu__gogpu,https://github.com/gogpu/gogpu,f1577ff27976041823dd9d3d184f4ce5999794d4,2026-07-20T22:43:20+03:00,github.com/gogpu/gogpu,1.25.0,OK,6,6,8
gogpu__naga,https://github.com/gogpu/naga,1e4453c933dcb291d1798c5916ea8dd05d54e206,2026-06-17T15:57:29+03:00,github.com/gogpu/naga,1.25,EMPTY_GT,0,0,0
gographics__imagick,https://github.com/gographics/imagick,290ac30ec58f23e78b61db07e3682bda1568a8ef,2026-02-17T20:42:56+13:00,gopkg.in/gographics/imagick.v2,1.23,OK,1,1,2
goioc__di,https://github.com/goioc/di,0ccac80090b0b6ad83cbb50ace4b80caa6212346,2024-11-25T10:12:23+01:00,github.com/goioc/di,1.20,OK,2,6,9
goiot__devices,https://github.com/goiot/devices,09d1226fc8ea3630f18dfe9864baaae8529ff44d,2016-07-08T14:40:26-07:00,command-line-arguments,,EMPTY_GT,0,0,0
gojektech__heimdall,https://github.com/gojektech/heimdall,ecba1e80c400d55c60eb9599117b04aca4e09bee,2026-07-01T10:52:19+05:30,github.com/gojek/heimdall/v8,1.25,OK,6,6,8
goji__goji,https://github.com/goji/goji,490b001d03d16a116d7c44d95d216c69a1aae798,2019-01-26T15:58:29-08:00,command-line-arguments,,EMPTY_GT,,,
gojuno__minimock,https://github.com/gojuno/minimock,c1c4acef7622f694a1c487c815f7f54f81d7f99c,2026-07-14T21:22:32-04:00,github.com/gojuno/minimock/v3,1.23.0,OK,10,12,39
golang-design__clipboard,https://github.com/golang-design/clipboard,a60465b4edfc7bf77595c0c88fa88a05340a7642,2026-06-07T14:07:41+02:00,golang.design/x/clipboard,1.24,OK,3,3,14
golang-jwt__jwt,https://github.com/golang-jwt/jwt,1a11d3724e63105d751decf9adbdc90165137b45,2026-07-06T10:54:58+02:00,github.com/golang-jwt/jwt/v5,1.21,EMPTY_GT,0,0,1
golang-module__dongle,https://github.com/golang-module/dongle,a95277f3be3a65302b6ad70778404895774f1726,2026-05-31T21:12:24+08:00,github.com/dromara/dongle,1.23.0,OK,2,6,12
golang-standards__project-layout,https://github.com/golang-standards/project-layout,a9d6fae7015527b10550ebb6d6b71a71b1ef5ea7,2026-04-28T10:18:04-07:00,github.com/YOUR-USER-OR-ORG-NAME/YOUR-REPO-NAME,1.19,EMPTY_GT,0,0,0
golang-templates__seed,https://github.com/golang-templates/seed,f6571c10916a4fa9562ac3ff44ed9b679fb7b284,2026-07-20T13:52:11+02:00,github.com/golang-templates/seed,1.26.4,EMPTY_GT,0,0,0
golang__geo,https://github.com/golang/geo,857a528af6418dcb67b1d9d4fae1100dcd530fa7,2026-07-13T12:21:20+02:00,github.com/golang/geo,1.23.0,OK,1,2,3
golang__glog,https://github.com/golang/glog,2b790ef78571cd58d29ce909a8d4e3f71cc4c47e,2025-04-29T10:43:26+02:00,github.com/golang/glog,1.19,EMPTY_GT,0,1,2
golang__groupcache,https://github.com/golang/groupcache,2c02b8208cf8c02a3e358cb1d9b60950647543fc,2024-11-29T13:07:26-08:00,github.com/golang/groupcache,1.20,OK,2,2,5
golang__oauth2,https://github.com/golang/oauth2,4d954e69a88d9e1ccb8439f8d5b6cbef230c4ef9,2026-02-11T11:14:10-08:00,golang.org/x/oauth2,1.25.0,OK,1,1,2
golang__protobuf,https://github.com/golang/protobuf,75de7c059e36b64f01d0dd234ff2fff404ec3374,2024-03-06T07:45:40+01:00,github.com/golang/protobuf,1.17,OK,1,2,4
golang__vscode-go,https://github.com/golang/vscode-go,e1869f77017a1cb99d02317dc6682ccda3b7e90a,2026-07-20T07:42:15-07:00,github.com/golang/vscode-go,1.23.1,OK,2,2,8
golangci__golangci-lint,https://github.com/golangci/golangci-lint,d5de4e14c8f811cc6294105b99d022a543687b63,2026-07-14T20:38:32+00:00,github.com/golangci/golangci-lint/v2,1.25.0,OK,209,215,400
golobby__config,https://github.com/golobby/config,9c34056b457c5e1ab64fdb629e1fedb988776fa2,2023-01-05T20:11:03+03:30,github.com/golobby/config/v3,1.16,OK,5,8,17
golobby__container,https://github.com/golobby/container,db9e9cf04adebc541b974e9178aea2188ef083db,2023-08-30T16:12:16+02:00,github.com/golobby/container/v3,1.17,EMPTY_GT,0,0,0
golobby__router,https://github.com/golobby/router,aaaa31548f01e43d8a0e02728eee9e5c8db7de1f,2022-03-30T22:07:31+04:30,github.com/golobby/router,1.17,EMPTY_GT,0,4,7
goml__gobrain,https://github.com/goml/gobrain,2e2d98ca82497427bab93b47fcce448744cab3ef,2020-12-12T09:34:21-03:00,github.com/goml/gobrain,1.13,EMPTY_GT,0,0,0
gomodule__redigo,https://github.com/gomodule/redigo,57c8b99ccb90c3401bec6e09289081e8b78b3bde,2025-11-02T15:23:35+00:00,github.com/gomodule/redigo,1.17,EMPTY_GT,0,4,7
gone-io__gone,https://github.com/gone-io/gone,cd32441cf795ac1a78c3a37a3057ae0c698fc5f3,2025-11-13T10:24:55+08:00,github.com/gone-io/gone/v2,1.24,OK,1,1,10
gontainer__gontainer,https://github.com/gontainer/gontainer,4cef5a4fb45fb2ddfe42e72e8cc49465bcbec147,2024-04-16T00:37:11+04:00,github.com/gontainer/gontainer,1.21,OK,12,15,62
gontainer__reflectpro,https://github.com/gontainer/reflectpro,b4dc24fe0b10a9738868438c845b281041e4f2fa,2024-10-02T01:08:07+04:00,github.com/gontainer/reflectpro,1.14,OK,1,5,8
gonum__gonum,https://github.com/gonum/gonum,4c98f5a7fc6cb6ccb7cfa5be6a6424df0e3bd97f,2026-05-04T16:12:49+09:30,gonum.org/v1/gonum,1.25.9,OK,10,12,39
gonutz__prototype,https://github.com/gonutz/prototype,d3732ae42e6889269707f5a1c5a55d12f43c6419,2025-08-05T14:44:49+02:00,github.com/gonutz/prototype,1.16,OK,2,2,7
goodsign__snowball,https://github.com/goodsign/snowball,4619f991afaf32b33597205bdd4209dc9723d9b1,2012-12-11T21:52:37+04:00,command-line-arguments,,EMPTY_GT,0,0,0
google__cel-go,https://github.com/google/cel-go,82a222f46994cfdf3d161480ca00d06dac341f96,2026-07-17T17:32:40-07:00,github.com/google/cel-go,1.23.0,OK,8,9,18
google__go-cmp,https://github.com/google/go-cmp,b133f1f1932e48f466f597a3346ce6f5a49a0dc1,2026-06-18T00:33:21-07:00,github.com/google/go-cmp,1.21,EMPTY_GT,,,
google__go-querystring,https://github.com/google/go-querystring,d39ef06364e81c4317c23bc015261a0e51f15305,2026-07-06T10:44:27-07:00,github.com/google/go-querystring,1.13,EMPTY_GT,0,0,0
google__gopacket,https://github.com/google/gopacket,b7d9dbd15ae4c4621a62119b0c682dc23061a8bc,2025-03-19T16:47:36-07:00,github.com/google/gopacket,1.12,OK,2,4,7
google__leveldb,https://github.com/google/leveldb,7ee830d02b623e8ffe0b95d59a74db1e58da04c5,2026-03-10T21:06:29-07:00,command-line-arguments,,EMPTY_GT,0,0,0
gookit__color,https://github.com/gookit/color,289d54c4470a0b017dba6b7f85703d1c3c1fa326,2026-06-04T20:59:53+08:00,github.com/gookit/color,1.18,OK,1,2,5
gookit__config,https://github.com/gookit/config,0edfefc8d9cda936b2dec5b96bca445a55f71ac5,2026-07-04T12:49:54+08:00,github.com/gookit/config/v2,1.21.0,OK,13,13,19
gookit__rux,https://github.com/gookit/rux,a218e0b2452cc4e09eb3b594152af61172c8aeea,2026-07-10T19:55:52+08:00,github.com/gookit/rux/v2,1.23,OK,6,6,9
gookit__validate,https://github.com/gookit/validate,62c7313da44dd0c724713217d81fdcdb60213522,2026-07-17T22:28:13+08:00,github.com/gookit/validate/v2,1.21,OK,3,6,9
goptics__varmq,https://github.com/goptics/varmq,1f9d9b588f7361d7520299657dface0ea14f46a6,2026-07-04T10:48:39+06:00,github.com/goptics/varmq,1.24.0,EMPTY_GT,0,4,7
goradd__html5tag,https://github.com/goradd/html5tag,f92bdbe5b1937e87e3f460690a18601b8eddfabb,2023-12-10T15:52:30-08:00,github.com/goradd/html5tag,1.16,EMPTY_GT,,,
goradd__maps,https://github.com/goradd/maps,e9dafc66083cd80aa581d78eaa6a1cdbfbd6a4e7,2026-01-07T13:17:19-08:00,github.com/goradd/maps,1.23,EMPTY_GT,0,4,7
goravel__goravel,https://github.com/goravel/goravel,31651f646ccedf1701471bf01285111270a9d370,2026-07-05T19:03:28+08:00,goravel,1.25.0,OK,137,137,240
gordonklaus__portaudio,https://github.com/gordonklaus/portaudio,765aa7dfa63191694d5c54f474402d427743a766,2026-02-03T11:44:31-05:00,github.com/gordonklaus/portaudio,1.18,OK,1,1,2
goreleaser__goreleaser,https://github.com/goreleaser/goreleaser,ae4debbe4383dcc565f9251df2ea719501b8d9ea,2026-07-15T17:53:58-03:00,github.com/goreleaser/goreleaser/v2,1.26.5,OK,336,363,934
gorilla__csrf,https://github.com/gorilla/csrf,9dd6af1f6d30fc79fb0d972394deebdabad6b5eb,2025-01-23T15:14:50-05:00,github.com/gorilla/csrf,1.20,OK,1,1,3
gorilla__mux,https://github.com/gorilla/mux,db9d1d0073d27a0a2d9a8c1bc52aa0af4374d265,2024-06-19T19:50:04-04:00,github.com/gorilla/mux,1.20,EMPTY_GT,0,0,1
goroute__route,https://github.com/goroute/route,7a574211b227d753b3caa9968b32d9120654c389,2019-12-23T22:20:47+02:00,github.com/goroute/route,1.13,EMPTY_GT,0,0,0
goschtalt__approx,https://github.com/goschtalt/approx,22c3b27b5c8a55c2ff6f4b8f4807da7569cc65f2,2026-07-01T18:23:11+00:00,github.com/goschtalt/approx,1.18,EMPTY_GT,0,0,1
gosuri__go-store,https://github.com/gosuri/go-store,444916585249d13e0fd3cf732399b25d0a615b5c,2017-02-23T07:11:41-08:00,command-line-arguments,,EMPTY_GT,0,0,0
gosuri__uilive,https://github.com/gosuri/uilive,11a6ee751a6abd840dd858d3ce569bdddb7d8ba2,2020-01-03T09:54:03+05:30,github.com/gosuri/uilive,1.10,EMPTY_GT,,,
gosuri__uiprogress,https://github.com/gosuri/uiprogress,484b9f69ea000422e1873db136dbb80e30b5de3c,2021-03-17T11:09:16-04:00,github.com/gosuri/uiprogress,1.15,OK,1,1,4
gosuri__uitable,https://github.com/gosuri/uitable,c2124e6a03bccb76e1e1e4ed1eae9f2f52fd2626,2022-08-26T11:33:36-07:00,command-line-arguments,,EMPTY_GT,0,0,0
gotestyourself__gotest.tools,https://github.com/gotestyourself/gotest.tools,0b81523ff268a1f1b0baf4a5da67e42fbb86880b,2024-09-04T23:48:22-04:00,gotest.tools/v3,1.17,OK,4,4,8
gotidy__copy,https://github.com/gotidy/copy,4a79fb1f37eaae73abf6e21fe68b70e688ee5ec8,2020-12-28T14:02:05+07:00,github.com/gotidy/copy,1.15,OK,1,1,2
gotk3__gotk3,https://github.com/gotk3/gotk3,e7a9e823ca358659cf1578c71ab202b71d87509d,2025-11-24T20:01:41+01:00,github.com/gotk3/gotk3,1.14,EMPTY_GT,0,0,1
gotranspile__cxgo,https://github.com/gotranspile/cxgo,e682671cd3c9b33e82e1a0796c7477059aa14178,2025-03-16T13:53:07+02:00,github.com/gotranspile/cxgo,1.20,OK,12,15,23
govalues__decimal,https://github.com/govalues/decimal,377e9df6035e8b27bc4a31d1af6e23e29ca4adad,2025-01-19T00:00:54+04:00,github.com/govalues/decimal,1.22,EMPTY_GT,0,0,1
govalues__money,https://github.com/govalues/money,159fd14549a2a2fd354d46e4c1e76651bac02f7f,2025-01-26T02:18:20+04:00,github.com/govalues/money,1.22,OK,1,1,2
gowebapi__webapi,https://github.com/gowebapi/webapi,41cedfc27a0bd35c1220dd0fe4b4c4505c33b0ea,2022-12-21T12:57:32+01:00,github.com/gowebapi/webapi,1.17,EMPTY_GT,0,0,1
gowww__router,https://github.com/gowww/router,d165dfe15ce134ea0188c67d6a915294abdd6f02,2023-09-11T17:16:54+02:00,github.com/gowww/router,1.14,EMPTY_GT,0,0,1
goxjs__glfw,https://github.com/goxjs/glfw,622eb27e272a1e977fe4d925017751908d42919e,2023-07-04T00:02:36-04:00,github.com/goxjs/glfw,1.19,OK,1,1,2
goyek__goyek,https://github.com/goyek/goyek,c7da11395f5d868571c77a8cc07710de9288a168,2026-07-20T11:46:51+00:00,github.com/goyek/goyek/v3,1.16,EMPTY_GT,0,0,0
grafana__k6,https://github.com/grafana/k6,99d25c36859b402452b1be58da2d2d63c55ba69c,2026-07-20T10:19:40+02:00,go.k6.io/k6/v2,1.25.0,OK,89,89,175
gregdel__pushover,https://github.com/gregdel/pushover,5cc53243a4ec5c50a5139e293bb3becae921b690,2025-09-22T14:32:31+02:00,github.com/gregdel/pushover,1.14,EMPTY_GT,0,0,1
grijul__otpgen,https://github.com/grijul/otpgen,2e2e90b7fab64ba0e888381e96675c78b7d8a03c,2021-08-06T22:01:11+05:30,github.com/grijul/otpgen,1.16,EMPTY_GT,0,0,1
gsamokovarov__jump,https://github.com/gsamokovarov/jump,0df9afdbcc6d8532a918dcf355cd9dd29364ec1b,2026-07-18T23:44:16+03:00,github.com/gsamokovarov/jump,1.21,EMPTY_GT,0,1,2
gulien__orbit,https://github.com/gulien/orbit,2fd5fb20605581d22a3049a620c168ab9cbf3279,2021-01-18T12:24:51+01:00,command-line-arguments,,EMPTY_GT,0,0,0
guptarohit__asciigraph,https://github.com/guptarohit/asciigraph,3934c9cdf72ac4806f3a2ef77004b62d1e236028,2026-06-21T22:59:50+05:30,github.com/guptarohit/asciigraph,1.11,EMPTY_GT,0,0,0
gurkankaymak__hocon,https://github.com/gurkankaymak/hocon,988f64563ce2fb197c08ed6dc56d61b419c05585,2025-11-19T19:23:48+03:00,command-line-arguments,,EMPTY_GT,0,0,0
gurukami__typ,https://github.com/gurukami/typ,618b2e0562a5ee0f72f90cc468d5449f29313c26,2021-10-15T19:11:14+03:00,github.com/gurukami/typ/v2,1.12,EMPTY_GT,0,0,1
gyozatech__noodlog,https://github.com/gyozatech/noodlog,81ff5e09e934c40199026694450cefa8c934571c,2023-04-19T17:17:52+02:00,github.com/gyozatech/noodlog,1.16,EMPTY_GT,0,0,1
gyuho__goraph,https://github.com/gyuho/goraph,ad625acf7ae39f69917ef02d33995749545bd65e,2022-04-10T12:09:06-07:00,command-line-arguments,,EMPTY_GT,,,
h2non__bimg,https://github.com/h2non/bimg,a14e08d5604db4c866680d816be631d43954371a,2024-03-08T20:30:49+01:00,command-line-arguments,,EMPTY_GT,0,0,0
h2non__gentleman,https://github.com/h2non/gentleman,94efe30d594b47706eb53a60938632df2cf8d934,2023-12-17T16:53:50+01:00,command-line-arguments,,EMPTY_GT,,,
hackebrot__turtle,https://github.com/hackebrot/turtle,30f91c6aef1da02d854012060eb6a7e450167738,2021-10-04T10:23:30+02:00,github.com/hackebrot/turtle,1.14,OK,2,4,101
hailocab__go-geoindex,https://github.com/hailocab/go-geoindex,64631bfe9711db743898df0295316784c876d29c,,,,EMPTY_GT,0,0,0
hajimehoshi__oto,https://github.com/hajimehoshi/oto,9b83714cfed81384d17c718d9e43166373fddf35,2026-06-14T19:47:38+09:00,github.com/ebitengine/oto/v3,1.25.0,OK,2,2,4
hamed-yousefi__gowl,https://github.com/hamed-yousefi/gowl,c359fc4ea307f2c6c310e5af49eb7b2dd23fb515,2023-10-19T11:08:30+03:30,github.com/hamed-yousefi/gowl,1.17,EMPTY_GT,0,4,7
hapijs__joi,https://github.com/hapijs/joi,c86ddc0b6143a0e8cec0f1c6047c4b62db8cb0c2,2026-06-17T18:53:20+02:00,command-line-arguments,,EMPTY_GT,0,0,0
harkaitz__go-faketime,https://github.com/harkaitz/go-faketime,f6651dfaa73bc373901e4bb24084563d2bafb404,2024-12-05T23:56:40+01:00,github.com/harkaitz/go-faketime,1.21.1,EMPTY_GT,0,0,1
harrytran103__7_days_of_go,https://github.com/harrytran103/7_days_of_go,b8374882dbf21f0a5df4470a525eac504aa00f7e,2026-04-04T15:37:29+07:00,command-line-arguments,,EMPTY_GT,,,
hashicorp__cli,https://github.com/hashicorp/cli,865558803b241f4cb7c0833fad7aef4c15a68184,2026-06-12T10:20:03+01:00,github.com/hashicorp/cli,1.23,OK,20,20,36
hashicorp__go-cleanhttp,https://github.com/hashicorp/go-cleanhttp,78ad1034828e368afad4a687b77140d39ba5310b,2026-07-16T09:24:23+01:00,github.com/hashicorp/go-cleanhttp,1.24,EMPTY_GT,,,
hashicorp__go-dbw,https://github.com/hashicorp/go-dbw,eed3ee0c6184d8286f0b24aecd7f5a280789fb09,2026-07-10T12:54:49-04:00,github.com/hashicorp/go-dbw,1.25.0,OK,27,28,91
hashicorp__go-multierror,https://github.com/hashicorp/go-multierror,6d4d48630db25c3c83fa83ecd41dd8438b82963c,2026-04-01T10:58:02+05:30,github.com/hashicorp/go-multierror,1.13,EMPTY_GT,0,0,1
hashicorp__go-retryablehttp,https://github.com/hashicorp/go-retryablehttp,fd004584a46724fae09e2f21d7c382e15c893f42,2026-04-14T10:56:22+05:30,github.com/hashicorp/go-retryablehttp,1.23,OK,1,6,13
hashicorp__logutils,https://github.com/hashicorp/logutils,ac8b318eab768be332fd34e52db153fcacb54704,2026-01-23T11:05:12-05:00,github.com/hashicorp/logutils,,EMPTY_GT,0,0,1
hashicorp__raft,https://github.com/hashicorp/raft,dd30865f162c68ee31130c7f8ee1047e9122f2ec,2026-07-20T09:07:43+01:00,github.com/hashicorp/raft,1.25,OK,10,14,78
hashmap-kz__relimpact,https://github.com/hashmap-kz/relimpact,b9f4c8443bb67f60e45be562f9e12e240e3b737b,2026-07-13T07:43:53+00:00,github.com/hashmap-kz/relimpact,1.25.0,OK,7,7,15
hatchet-dev__hatchet,https://github.com/hatchet-dev/hatchet,82adce85055795bab07cfa63686e05bee9455123,2026-07-20T06:43:42-06:00,github.com/hatchet-dev/hatchet,1.26,OK,246,249,431
hawx__img,https://github.com/hawx/img,6cd0f2a93fdaa22e597e35cf494a5ff689096996,2015-05-01T16:11:19+01:00,command-line-arguments,,EMPTY_GT,0,0,0
hbagdi__go-unsplash,https://github.com/hbagdi/go-unsplash,e86e018a5d52c6f44faafc280f7e7a9c957a12b2,2025-12-23T17:55:45-08:00,github.com/hbagdi/go-unsplash,1.23.0,OK,1,6,11
hectane__hectane,https://github.com/hectane/hectane,6053d33bf8213549b7ad4c20ba4ee178d3d88949,2019-08-21T21:37:06-07:00,command-line-arguments,,EMPTY_GT,0,0,0
hedhyw__otelinji,https://github.com/hedhyw/otelinji,0b9836b51eaf54200ebd2227655cc241b14daf9a,2026-03-01T10:33:01+07:00,github.com/hedhyw/otelinji,1.22,OK,11,18,40
hedhyw__rex,https://github.com/hedhyw/rex,b844209bcd6e130152bd72860de486d0d98a78c6,2025-12-01T09:34:50+07:00,github.com/hedhyw/rex,1.18,EMPTY_GT,,,
hedzr__store,https://github.com/hedzr/store,3cab747144ad094a7eb595bc973a1e5344474e9d,2026-07-14T00:16:45+08:00,,1.26,EMPTY_GT,,,
henvic__httpretty,https://github.com/henvic/httpretty,3b8d12782835e6fdfecbaab7342c26134f0af285,2024-09-24T00:39:56+02:00,github.com/henvic/httpretty,1.22,EMPTY_GT,,,
hexdigest__execpool,https://github.com/hexdigest/execpool,,,,,EMPTY_GT,,,
hexdigest__gounit-vim,https://github.com/hexdigest/gounit-vim,69ba1afa31d7a3622df678cecd7c480e9ec07c18,2018-10-29T14:14:48+03:00,command-line-arguments,,EMPTY_GT,0,0,0
hexdigest__prep,https://github.com/hexdigest/prep,029cd9151f61e3accd77948e82df7ee654be3c64,2017-12-19T20:35:41+03:00,command-line-arguments,,EMPTY_GT,0,0,0
hibiken__asynq,https://github.com/hibiken/asynq,d135f1439bee74e989b7f9b41ecd542cc87f024a,2026-06-12T12:03:33+03:00,github.com/hibiken/asynq,1.24.0,OK,10,11,24
hillu__go-yara,https://github.com/hillu/go-yara,50b5a022de1bd7138886d234197980d1ef13bf3f,2025-07-01T22:52:53+02:00,github.com/hillu/go-yara/v4,1.10,EMPTY_GT,0,0,1
hishamkaram__geoserver,https://github.com/hishamkaram/geoserver,43629f2f5ad5c397518285d57feb32a05c90dd7e,2026-05-04T17:22:56+07:00,github.com/hishamkaram/geoserver/v2,1.25,EMPTY_GT,0,0,0
hjson__hjson-go,https://github.com/hjson/hjson-go,23908b1b28ce317b3f79151c7769cf5c2fa0f4ab,2026-01-25T21:19:40+01:00,github.com/hjson/hjson-go/v4,1.12,EMPTY_GT,0,0,1
hlandau__acme,https://github.com/hlandau/acme,d3428cff2614cbd31d91484e7c7bd188db53bcf1,2023-01-08T11:00:43+00:00,command-line-arguments,,EMPTY_GT,0,0,0
hmdsefi__gograph,https://github.com/hmdsefi/gograph,84cf0a5cb81097d88422eb2a137fdef155aa2bc7,2026-07-19T14:17:16+04:00,github.com/hmdsefi/gograph,1.24.2,EMPTY_GT,0,0,0
hpcloud__tail,https://github.com/hpcloud/tail,a1dbeea552b7c8df4b542c66073e393de198a800,2018-05-14T22:44:41+03:00,command-line-arguments,,EMPTY_GT,0,0,0
hscells__doi,https://github.com/hscells/doi,1a5819c7d5768906171294893356fdfa36b6205d,2017-08-21T15:50:49+10:00,command-line-arguments,,EMPTY_GT,0,0,0
htcat__htcat,https://github.com/htcat/htcat,2e876d1aa131bd5e3a427b9bfacc5db7dc5a553d,,,,EMPTY_GT,0,0,0
huandu__facebook,https://github.com/huandu/facebook,708a5c56d67280984df03c8e1f84c599a3957ea2,2025-06-17T00:29:42+08:00,github.com/huandu/facebook/v2,1.13,EMPTY_GT,0,0,0
huandu__go-sqlbuilder,https://github.com/huandu/go-sqlbuilder,345b646003cea85d5e86a54bd78d25c54f82f0e7,2026-06-21T21:16:30+08:00,github.com/huandu/go-sqlbuilder,1.18,OK,2,4,10
huandu__xstrings,https://github.com/huandu/xstrings,1040c040a86302c5a4de066f5653bccdff2ecd2f,2024-06-06T16:07:36+08:00,github.com/huandu/xstrings,1.12,EMPTY_GT,,,
hugocarreira__go-decent-copy,https://github.com/hugocarreira/go-decent-copy,adc1459d618f578f4ab3cc760b49e34217f07bc1,2020-01-03T13:44:54-03:00,decentcopy,1.12,EMPTY_GT,0,0,0
husobee__vestigo,https://github.com/husobee/vestigo,d1524ea594b542ace593c62117f0a33f7c6fb7ba,2020-10-08T12:06:29-04:00,command-line-arguments,,EMPTY_GT,0,0,0
huydang284__fixedwidth,https://github.com/huydang284/fixedwidth,65aef34bf0bcce4367868a28901aa67457a7e124,2019-12-12T21:54:05+07:00,github.com/huydang284/fixedwidth,1.12,EMPTY_GT,0,1,2
hybridgroup__gobot,https://github.com/hybridgroup/gobot,798be8ce070d92dd83314a3ee737aa750f205d93,2025-10-18T19:21:03+02:00,gobot.io/x/gobot/v2,1.24.0,OK,25,29,74
hyfather__pipeline,https://github.com/hyfather/pipeline,4e49541d3179ba5ddbd5d813a6854f0644475b51,2018-08-30T20:09:33-07:00,command-line-arguments,,EMPTY_GT,,,
hypebeast__go-osc,https://github.com/hypebeast/go-osc,cec5a8a1e5f5e7ad4d40df8f5a5e36148e8ac128,2022-03-09T00:43:00+01:00,github.com/hypebeast/go-osc,1.16,EMPTY_GT,,,
hyperboloide__lk,https://github.com/hyperboloide/lk,b291812e321652989e934e347803847f53c13612,2025-12-20T13:35:19+08:00,github.com/hyperboloide/lk,1.17,OK,3,7,11
hyperboloide__pdfgen,https://github.com/hyperboloide/pdfgen,bc40f41fd8e117a01a7023bc1fde1590f6ede9e7,2018-02-19T16:49:35+01:00,command-line-arguments,,EMPTY_GT,0,0,0
hyperonym__ratus,https://github.com/hyperonym/ratus,1c50f8d736f329deb0c934ab5df5cdba4b96167a,2025-03-05T14:37:50+08:00,github.com/hyperonym/ratus,1.22.2,OK,40,40,83
i25959341__orderbook,https://github.com/i25959341/orderbook,0d883ab1157580d58ba9f2b9c537a3363310231c,2025-04-04T10:46:29+01:00,orderbook,1.22.1,OK,2,2,3
ian-kent__go-log,https://github.com/ian-kent/go-log,5731446c36ab9f716106ce0731f484c50fdf1ad1,2016-01-13T21:12:17+00:00,command-line-arguments,,EMPTY_GT,0,0,0
ian-kent__linkio,https://github.com/ian-kent/linkio,97566b8728870dac1c9863ba5b0f237c39166879,2017-08-07T21:57:55+01:00,command-line-arguments,,EMPTY_GT,0,0,0
iancmcc__bingo,https://github.com/iancmcc/bingo,849920622a7f45d5d0b3c7c64720bcc03944dd29,2024-12-09T17:11:04-06:00,github.com/iancmcc/bingo,1.20,OK,1,4,11
icelain__jokeapi,https://github.com/icelain/jokeapi,cc3912b85e84386f9f557261cf44e86fd89e5dfe,2024-12-26T00:42:19+05:30,github.com/icelain/jokeapi,1.16,EMPTY_GT,0,0,0
icza__backscanner,https://github.com/icza/backscanner,dff01ac5025040317bf654624506b84cb2f74e29,2024-11-24T17:09:32+01:00,github.com/icza/backscanner,1.13,EMPTY_GT,0,0,0
icza__minquery,https://github.com/icza/minquery,1e53665e370da51bb1576ab03a623b96f6864a4e,2023-03-31T08:58:01+02:00,github.com/icza/minquery,1.13,OK,1,2,7
icza__session,https://github.com/icza/session,9d7186b56f455d202b8a29e7060e1e1150096e2f,2024-08-24T20:43:24+02:00,github.com/icza/session,1.23.0,EMPTY_GT,0,0,0
igrmk__treemap,https://github.com/igrmk/treemap,c69857c24f535143274e79c5a97b79be605d4cea,2022-03-22T09:03:18+04:00,command-line-arguments,,EMPTY_GT,0,0,0
ijt__go-anytime,https://github.com/ijt/go-anytime,3183858dfff2a929e53faad28f0b705586527da3,2023-01-17T14:51:20-07:00,github.com/ijt/go-anytime,1.19,OK,1,6,10
ik5__gostrutils,https://github.com/ik5/gostrutils,a00f6b59c63558f080de60ee32a2748c925b79ff,2023-03-25T21:19:08+03:00,github.com/ik5/gostrutils,1.14,OK,1,1,11
ikeikeikeike__go-sitemap-generator,https://github.com/ikeikeikeike/go-sitemap-generator,c473e35ca5f0ce3059e2417fa95959adfd3428ce,2019-03-27T01:20:41+09:00,github.com/ikeikeikeike/go-sitemap-generator/v2,1.9,OK,2,3,4
ilyakaznacheev__cleanenv,https://github.com/ilyakaznacheev/cleanenv,fbd44b4eb2b4cc8e2b8944f14937d3194943abc9,2025-09-15T10:01:54+02:00,github.com/ilyakaznacheev/cleanenv,1.13,OK,4,4,6
immortal__immortal,https://github.com/immortal/immortal,35afc96faa1d6682c09ec0cab16fb7edf3fd138e,2026-07-10T14:54:16+02:00,github.com/immortal/immortal,1.22,OK,6,6,8
imroc__req,https://github.com/imroc/req,d34ebe528dad44a04ec5aa53fae24622c1c8b58b,2026-07-16T15:24:52+08:00,github.com/imroc/req/v3,1.25.0,OK,11,11,30
inancgumus__learngo,https://github.com/inancgumus/learngo,3c475a78e54336c6255e925ff66b8ef4da6a2ae7,2025-06-24T19:03:52-04:00,github.com/inancgumus/learngo,1.13,OK,10,10,13
inconshreveable__gonative,https://github.com/inconshreveable/gonative,1c70352219a1fd519315bb0e4d7494b2672b222d,2016-07-21T12:34:23-07:00,command-line-arguments,,EMPTY_GT,0,0,0
inconshreveable__log15,https://github.com/inconshreveable/log15,e4019e44beb288d2f9849abdedf03f6f311acc1c,2026-05-13T12:09:38-07:00,github.com/inconshreveable/log15,1.24.0,OK,3,3,4
incu6us__goimports-reviser,https://github.com/incu6us/goimports-reviser,fa5587e51ba33c58734984cb41370a5b2582d5b7,2026-02-24T12:40:30+01:00,github.com/incu6us/goimports-reviser/v3,1.25.0,OK,4,8,19
indeedeng__iwf,https://github.com/indeedeng/iwf,e048e1617a726579f101fc9d3ed0d60ee635a43e,2026-07-08T14:02:13-05:00,github.com/indeedeng/iwf,1.24.0,OK,93,93,239
integrii__flaggy,https://github.com/integrii/flaggy,e0a0096c5f3c2cdf11ac97455ec375f0dcca5fed,2025-10-03T22:43:00-07:00,github.com/integrii/flaggy,1.25,EMPTY_GT,,,
intel-go__nff-go,https://github.com/intel-go/nff-go,3fcc11eab4030598949f7e34be99ed8f70221e08,2022-11-22T14:34:23-06:00,,,EMPTY_GT,0,0,0
invopop__gobl,https://github.com/invopop/gobl,43ca3676eddb7a300e5000fa9fbef9f7308d63d4,2026-07-20T11:46:26+02:00,github.com/invopop/gobl,1.25.0,OK,15,19,65
ip2location__ip2location-io-go,https://github.com/ip2location/ip2location-io-go,228eff87896cb33e297c5025bb27139c77eab230,2026-04-27T11:05:38+08:00,github.com/ip2location/ip2location-io-go,1.18,OK,2,2,7
ironsmile__euterpe,https://github.com/ironsmile/euterpe,1a3bf30733ef2a6776ad2f15e1d919f7157d0533,2026-01-01T17:05:08+02:00,github.com/ironsmile/euterpe,1.24.0,OK,16,18,92
isacikgoz__gitbatch,https://github.com/isacikgoz/gitbatch,23e5445179b182d97b4a545f7ef271700c888a46,2023-01-17T14:45:54+03:00,github.com/isacikgoz/gitbatch,1.18,OK,45,45,154
isbm__textwrap,https://github.com/isbm/textwrap,22edad10bd849399bee84842fc88c47ee23774b7,2019-07-29T22:22:54+02:00,command-line-arguments,,EMPTY_GT,,,
itchyny__bed,https://github.com/itchyny/bed,506f3317facca1585dc7409e3e16f37cd6563ca9,2024-12-01T18:00:01+09:00,github.com/itchyny/bed,1.23,OK,8,8,16
ivanilves__lstags,https://github.com/ivanilves/lstags,7a8f8d8f214102aed4b94f94102d4c5687b29683,2023-03-24T07:32:38+01:00,github.com/ivanilves/lstags,1.13,OK,21,24,41
ivpusic__grpool,https://github.com/ivpusic/grpool,28957a27c9441f178d644aa598bac0aad4dd7bba,2017-08-04T11:21:34+02:00,command-line-arguments,,EMPTY_GT,0,0,0
iwanbk__bcache,https://github.com/iwanbk/bcache,92331d3ef6d8e9b45caf15d97162098b947d2eb2,2019-05-01T09:00:29+07:00,,,EMPTY_GT,0,0,0
iyashjayesh__goscaf,https://github.com/iyashjayesh/goscaf,710f8779eef6c7d47c57c0b86638af4eadd07fea,2026-04-08T12:11:18+05:30,github.com/iyashjayesh/goscaf,1.25.0,OK,11,11,32
jackc__pgx,https://github.com/jackc/pgx,140be86592d9525b520b254293c9980fd0cc17d2,2026-07-18T15:19:04+00:00,github.com/jackc/pgx/v5,1.25.0,OK,5,9,20
jaffee__commandeer,https://github.com/jaffee/commandeer,9ec81c97a225ee0998e1e27ff8ebbc386b4c1160,2022-09-20T12:54:03-05:00,github.com/jaffee/commandeer,1.12,OK,2,2,95
jakehl__goid,https://github.com/jakehl/goid,1c471182dce71763be5130dbd9cd4695c70b2def,2019-02-18T15:50:00+00:00,github.com/jakehl/goid,,EMPTY_GT,0,0,0
james-bowman__nlp,https://github.com/james-bowman/nlp,26d441fa0ded455f330c032cc19e3638e446cdea,2021-05-11T13:03:06+01:00,,,EMPTY_GT,0,0,0
james-bowman__sparse,https://github.com/james-bowman/sparse,495ee4f84d35f7d16403aafdacf88297f04577ca,2026-02-16T20:22:47+00:00,github.com/james-bowman/sparse,1.14,OK,1,2,23
jameycribbs__hare,https://github.com/jameycribbs/hare,1e37662981b57a0fcdc8dee1390941a21ea3a482,2021-02-24T18:21:05-05:00,github.com/jameycribbs/hare,1.15,EMPTY_GT,0,0,0
jandelgado__rabtap,https://github.com/jandelgado/rabtap,e9f4c4698b74558f4ba3277bf29b6aef3b29b138,2026-07-20T01:13:48+02:00,github.com/jandelgado/rabtap,1.25.0,OK,16,16,24
janpfeifer__gonb,https://github.com/janpfeifer/gonb,c24b51a42fa0d4defb68c50da6a9e98d7110942e,2026-06-07T15:47:06+02:00,github.com/janpfeifer/gonb,1.24.4,OK,31,35,59
jarcoal__httpmock,https://github.com/jarcoal/httpmock,a796508986c9b485224f0efe843a74c9affe1918,2026-07-04T12:37:45+02:00,github.com/jarcoal/httpmock,1.18,EMPTY_GT,0,0,0
jaschaephraim__lrserver,https://github.com/jaschaephraim/lrserver,afed386b3640edd11a398a686f178a810530c990,2024-03-06T15:26:39-08:00,github.com/jaschaephraim/lrserver,1.22.0,OK,2,7,26
jasonlvhit__gocron,https://github.com/jasonlvhit/gocron,b58ecb26a802722c4b9c3cbff25363fd76d58781,2021-08-23T13:31:29-03:00,github.com/jasonlvhit/gocron,1.13,EMPTY_GT,,,
jawher__mow.cli,https://github.com/jawher/mow.cli,d9d0f2e822e1fcc4b33e338f2181daafcb4d9077,2021-07-25T13:03:07+02:00,github.com/jawher/mow.cli,1.13,EMPTY_GT,0,0,0
jaypipes__ghw,https://github.com/jaypipes/ghw,fedd4fe4a350eaaf0b09367c752f5a657314ad56,2026-07-14T13:02:47-04:00,,1.21,EMPTY_GT,0,0,0
jbrodriguez__mlog,https://github.com/jbrodriguez/mlog,cbd5ae8e9c538aaab438350c00350c8e30beb179,2018-08-05T12:35:33-05:00,command-line-arguments,,EMPTY_GT,0,0,0
jcla1__gisp,https://github.com/jcla1/gisp,6382efb764e746fae980038c2dc01797e0fe753c,2014-06-29T09:28:47+01:00,command-line-arguments,,EMPTY_GT,0,0,0
jcuga__golongpoll,https://github.com/jcuga/golongpoll,223792742fa752d16c9c6ba075dbb1e7ac38bae2,2023-08-20T15:30:00-04:00,github.com/jcuga/golongpoll,,OK,1,1,2
jellydator__newsapi-go,https://github.com/jellydator/newsapi-go,a503d5067229e5602eeffd8e034631bbe4a905f6,2025-09-16T23:24:04+03:00,github.com/jellydator/newsapi-go,1.17,EMPTY_GT,0,0,0
jexia__semaphore,https://github.com/jexia/semaphore,182a82a458f989999543cc7ed56d9372b1e81691,2021-06-04T10:27:05+02:00,github.com/jexia/semaphore/v2,1.14,EMPTY_GT,,,
jf-tech__omniparser,https://github.com/jf-tech/omniparser,d4371ab77afacd626b21d925e0e5b7989298e847,2025-02-22T06:27:05+13:00,github.com/jf-tech/omniparser,1.16,OK,21,24,127
jfcg__yell,https://github.com/jfcg/yell,9036b4c699f7d3cbf7055628713190d2975d41fa,2022-03-02T01:00:58+03:00,,1.15,EMPTY_GT,0,0,0
jferrl__go-githubauth,https://github.com/jferrl/go-githubauth,3d8cba2e65015b3c50716a7d0f8b5fcd6624ff84,2026-06-30T16:49:11+02:00,github.com/jferrl/go-githubauth,1.25.0,OK,2,2,4
jfilipczyk__gomatch,https://github.com/jfilipczyk/gomatch,1eac4d552244cb4ae58e48f36e46c63f7efd87dc,2021-01-15T14:12:34+01:00,github.com/jfilipczyk/gomatch,1.15,OK,1,4,6
jfrog__froggit-go,https://github.com/jfrog/froggit-go,cb67bc27849c219ae7c49ebf890bfb89cee6ead0,2026-07-19T15:41:46+03:00,github.com/jfrog/froggit-go,1.25.7,OK,39,43,125
jgroeneveld__schema,https://github.com/jgroeneveld/schema,c5dd015ecb6bb01f1d2a1ec47665501ec55a7dfb,2019-10-13T12:57:43+02:00,command-line-arguments,,EMPTY_GT,,,
jgroeneveld__trial,https://github.com/jgroeneveld/trial,a82530ee05c17a865bca33196443e36bbf670caf,2022-10-05T20:52:36+01:00,github.com/jgroeneveld/trial,1.19,OK,1,1,2
jimlambrt__gldap,https://github.com/jimlambrt/gldap,8f791d94f5d2790fe09352ee834506ed07e6c099,2024-08-29T20:34:32-04:00,github.com/jimlambrt/gldap,1.21.13,OK,16,16,49
jinzhu__now,https://github.com/jinzhu/now,23677734dfbfe82cf181e286182744f28e2b75cf,2025-06-08T09:32:52+08:00,github.com/jinzhu/now,1.12,EMPTY_GT,0,0,0
jlaffaye__ftp,https://github.com/jlaffaye/ftp,a226bf78ff803319022975f8b22c5343489eb98f,2026-07-20T10:28:21-04:00,github.com/jlaffaye/ftp,1.20,EMPTY_GT,,,
jmattheis__goverter,https://github.com/jmattheis/goverter,8ee671150d0f50c81102177c6dafcb1482802adf,2026-07-19T19:16:14+00:00,github.com/jmattheis/goverter,1.23.0,OK,4,8,23
jmcvetta__neoism,https://github.com/jmcvetta/neoism,fe83b5b656429d92a4c7098672efad52547cae4a,2020-02-16T16:27:51+07:00,command-line-arguments,,EMPTY_GT,0,0,0
jmhodges__levigo,https://github.com/jmhodges/levigo,ed89ec741d960a3189615c8fbe92a0327b261eda,2019-12-14T01:39:32-08:00,github.com/jmhodges/levigo,1.13,EMPTY_GT,0,0,1
jmoiron__sqlx,https://github.com/jmoiron/sqlx,41dac167fdad5e3fd81d66cafba0951dc6823a30,2024-05-30T16:23:16+03:00,github.com/jmoiron/sqlx,1.10,EMPTY_GT,0,0,0
joakimcarlsson__ai,https://github.com/joakimcarlsson/ai,5e11c7126912cfd37b921664b777aa6c2f32fc4d,2026-07-15T21:30:54+02:00,command-line-arguments,,EMPTY_GT,0,0,0
joakimcarlsson__bonk,https://github.com/joakimcarlsson/bonk,2cabe8aa134c8367160cc733a8984b4d338707d8,2026-07-12T21:31:05+02:00,github.com/joakimcarlsson/bonk,1.26.0,OK,12,12,24
joeig__go-powerdns,https://github.com/joeig/go-powerdns,f38f41d06a137c2959cb88e85cbb0f73ff114d35,2026-06-05T19:30:07+02:00,github.com/joeig/go-powerdns/v3,1.22.7,EMPTY_GT,,,
joerdav__xc,https://github.com/joerdav/xc,5dc73db31b9f29e69e40705a2c5a13797a15cfa6,2026-07-17T10:54:30+01:00,github.com/joerdav/xc,1.25,OK,25,25,49
joetifa2003__mm-go,https://github.com/joetifa2003/mm-go,5b551998c12e5d1a88dc50a53a2fb174f1f20e7c,2024-12-27T14:25:02+02:00,github.com/joetifa2003/mm-go,1.23,OK,1,5,8
johnfercher__maroto,https://github.com/johnfercher/maroto,aa2645f5ec73faf1c00aeb354bf954f878742a7f,2026-04-06T09:33:57-03:00,github.com/johnfercher/maroto/v2,1.26.1,OK,21,21,32
joho__godotenv,https://github.com/joho/godotenv,97a2850142438b3c357c1d3439e325181afdcc1d,2026-05-25T10:52:27+10:00,github.com/joho/godotenv,1.13,EMPTY_GT,0,0,1
jokruger__dec128,https://github.com/jokruger/dec128,88e31ef8cf7b2a2b0755a639daa50a73953f9aec,2026-03-10T08:41:54+02:00,github.com/jokruger/dec128,1.24,EMPTY_GT,0,0,1
jolestar__go-commons-pool,https://github.com/jolestar/go-commons-pool,ba63d65ee6cad9cbf88fbd5a90db129772592f47,2023-05-06T22:13:05+08:00,github.com/jolestar/go-commons-pool/v2,1.13,EMPTY_GT,,,
jonathanslenders__python-prompt-toolkit,https://github.com/jonathanslenders/python-prompt-toolkit,236bfb7c15c62e921dc81bac5aefcabb16450f0c,2026-05-14T11:48:59+02:00,command-line-arguments,,EMPTY_GT,,,
jonbaldie__go-mutesting,https://github.com/jonbaldie/go-mutesting,a529f0f035d0a25d668ed1d2e348ee1980d7b9ee,2026-07-13T16:25:08+01:00,github.com/jonbaldie/go-mutesting/v2,1.26.3,OK,21,21,35
jonboulle__clockwork,https://github.com/jonboulle/clockwork,6d8d032a18422c2e3ef651170a8a55012d1f704c,2024-11-29T10:02:53-08:00,github.com/jonboulle/clockwork,1.21,EMPTY_GT,,,
jonchun__pathtype,https://github.com/jonchun/pathtype,7f32b73f17bf800b36b50d2fe602b2b83b637b3d,2021-08-12T11:10:37-04:00,github.com/jonchun/pathtype,1.16,EMPTY_GT,0,0,0
jonreiter__govader,https://github.com/jonreiter/govader,f6505c8d03ccd5ff8d187cf6ccd0c27edc110dfe,2025-04-29T17:39:35+08:00,github.com/jonreiter/govader,1.14,OK,1,1,12
joomcode__errorx,https://github.com/joomcode/errorx,3280086cb5400e2900300ba010ddf658fa717fc4,2024-11-08T12:45:07+00:00,github.com/joomcode/errorx,1.11,EMPTY_GT,,,
jordan-wright__email,https://github.com/jordan-wright/email,943e75fe5223047b345337ea74d5951d19d229ed,2021-01-08T20:39:52-06:00,command-line-arguments,,EMPTY_GT,,,
jorelosorio__spellingcorrector,https://github.com/jorelosorio/spellingcorrector,eadde8636a51c231c5762381208eacd793e40ed5,2022-03-23T11:30:32+01:00,github.com/jorelosorio/spellingcorrector,1.17,EMPTY_GT,0,0,1
jorelosorio__web-mercator-projection,https://github.com/jorelosorio/web-mercator-projection,99e158023f92671f253f57a5b0feaefd37ece841,2022-03-24T21:27:06+01:00,github.com/jorelosorio/web-mercator-projection,1.17,EMPTY_GT,,,
joshmedeski__sesh,https://github.com/joshmedeski/sesh,bf5adc733ebf755a0dc47719b8eb79d71568efb5,2026-07-17T16:17:54-05:00,github.com/joshmedeski/sesh/v2,1.25.0,OK,36,36,53
jovandeginste__payme,https://github.com/jovandeginste/payme,2cde037050b51b3f8d7673464369c92daf3e3973,2026-01-01T10:47:15+01:00,github.com/jovandeginste/payme,1.25,OK,19,23,39
jroimartin__gocui,https://github.com/jroimartin/gocui,0e75b37a4ce7cb6e09f23ccd71a7d466301a7467,2025-05-01T14:15:35+02:00,github.com/jroimartin/gocui,1.16,OK,2,2,3
jschoedt__go-firestorm,https://github.com/jschoedt/go-firestorm,e89522d7cefbe08cecbb591892cd58ad11889ff8,2021-12-14T00:52:05+01:00,github.com/jschoedt/go-firestorm,,OK,15,16,33
jsgilmore__gostorm,https://github.com/jsgilmore/gostorm,2ce8e60043b24793494754c608c7b8f0bbf9eb6e,2017-10-09T14:00:26+02:00,command-line-arguments,,EMPTY_GT,,,
json-iterator__go,https://github.com/json-iterator/go,71ac16282d122fdd1e3a6d3e7f79b79b4cc3b50e,2022-09-16T07:37:16+08:00,github.com/json-iterator/go,1.12,OK,2,7,10
julienschmidt__httprouter,https://github.com/julienschmidt/httprouter,484018016424d215c0b87c42f4c9b57d980fbd00,2024-01-30T11:56:56+01:00,github.com/julienschmidt/httprouter,1.7,EMPTY_GT,,,
junk1tm__env,https://github.com/junk1tm/env,b3e58183a8bef5cf1bbb21b1a4b38ddea562d4e1,2024-05-03T02:53:59+05:00,go-simpler.org/env,1.20,EMPTY_GT,,,
justinas__alice,https://github.com/justinas/alice,56ac5b678a07abc1be1357201156872b6daac89c,2024-04-06T21:00:06+03:00,github.com/justinas/alice,1.12,EMPTY_GT,0,0,0
jutkko__copy-pasta,https://github.com/jutkko/copy-pasta,a916a98f58c0eec9d5f9e5441ccb7b74a3b4f273,2020-06-20T21:33:09+08:00,github.com/jutkko/copy-pasta,1.13,OK,10,18,30
k0kubun__pp,https://github.com/k0kubun/pp,893195cf6194af32e9c26f9bcd8598b064982ed4,2026-07-15T13:18:36-07:00,github.com/k0kubun/pp/v3,1.25.0,OK,4,4,8
kahoon__pending,https://github.com/kahoon/pending,069e7238cdd0b2ed326a03733aa79b80c2666225,2026-04-19T12:54:57-04:00,github.com/kahoon/pending,1.25.0,EMPTY_GT,,,
kak-tus__nan,https://github.com/kak-tus/nan,3a108dd710da3c573b70590f8ab6de40fb8c9248,2023-07-06T16:16:38+03:00,github.com/kak-tus/nan,1.16,OK,9,13,22
kamilsk__breaker,https://github.com/kamilsk/breaker,616ede0d05a64a158842703338e6eba50a5d7045,2021-05-11T13:32:12+03:00,github.com/kamilsk/breaker,1.11,EMPTY_GT,0,0,0
kamilsk__semaphore,https://github.com/kamilsk/semaphore,91c10c6c3c9c7761288a824171c7a5a709784818,2020-04-16T22:25:03+03:00,github.com/kamilsk/semaphore/v5,1.11,EMPTY_GT,0,3,5
kamva__mgm,https://github.com/kamva/mgm,aff6e8d7b45bd3852c2b2e9fc1dfd87cd464f835,2023-09-12T19:35:22+03:30,github.com/kamva/mgm/v3,1.17,OK,16,17,27
karl-cardenas-coding__go-lambda-cleanup,https://github.com/karl-cardenas-coding/go-lambda-cleanup,2404f78badecdc7f1c2dffd989df36af934b24fb,2026-06-19T09:45:16-07:00,github.com/karl-cardenas-coding/go-lambda-cleanup/v2,1.26.1,EMPTY_GT,0,0,0
karlseguin__the-little-go-book,https://github.com/karlseguin/the-little-go-book,2b487a22a51c662134ce4992b9a5aea28ef8fe71,2026-06-14T08:16:24+08:00,,,EMPTY_GT,0,0,0
kazhuravlev__optional,https://github.com/kazhuravlev/optional,b1af8e2dbef2f185d67eac4558cc8e3d2123672a,2026-02-15T15:00:51+01:00,github.com/kazhuravlev/optional,1.21,OK,1,4,7
kcmvp__gob,https://github.com/kcmvp/gob,29e4ae2223dc492197f4a4b0fb4c701362710178,2025-02-18T09:48:26+08:00,github.com/kcmvp/gob/cmd/gob,1.22.2,OK,19,19,40
keilerkonzept__topk,https://github.com/keilerkonzept/topk,ad255afb4b179edc1c8d9f7658e513e7276f7003,2025-05-01T00:20:09+02:00,github.com/keilerkonzept/topk,1.23,OK,1,3,4
kelindar__bitmap,https://github.com/kelindar/bitmap,bfabcc8285c26d0332fdd45f0221b24f5e688467,2026-03-07T17:18:04+04:00,github.com/kelindar/bitmap,1.24.0,OK,2,6,10
kelindar__tile,https://github.com/kelindar/tile,c3a5eaf85efd7cba577946b838ac60f802a6e33f,2025-08-18T00:13:47+04:00,github.com/kelindar/tile,1.25,OK,2,6,9
kelseyhightower__envconfig,https://github.com/kelseyhightower/envconfig,7834011875d613aec60c606b52c2b0fe8949fe91,2025-06-27T22:01:37-04:00,,1.20,EMPTY_GT,0,0,0
kevinburke__nacl,https://github.com/kevinburke/nacl,abc3ed9d36bf2fb905739891bb64016c78a79eef,2026-05-04T09:34:24-07:00,github.com/kevinburke/nacl,1.25.0,OK,1,3,8
khaiql__dbcleaner,https://github.com/khaiql/dbcleaner,99dc00d0107635ac7fa4607329f7f84aa182873f,2021-11-10T12:57:55+11:00,command-line-arguments,,EMPTY_GT,0,0,0
khezen__avro,https://github.com/khezen/avro,2053f2298a37e1a1a2d1058c18d1a322e45ab774,2024-07-15T13:24:50+02:00,github.com/khezen/avro,1.14,OK,3,4,5
khezen__evoli,https://github.com/khezen/evoli,7b3f7f92779c31752925a1767da30ec9b1ed8301,2021-10-27T12:26:23+02:00,github.com/khezen/evoli,1.14,EMPTY_GT,0,0,0
khezen__rootfinding,https://github.com/khezen/rootfinding,da54a28a86daca56ee8c62bc1076b3a6fb4b6537,2020-03-22T10:13:37+01:00,github.com/khezen/rootfinding,1.14,EMPTY_GT,0,0,1
kilgaloon__leprechaun,https://github.com/kilgaloon/leprechaun,7f46b55f1fd26dd5a78de25dd2ff85e3142ec1dc,2022-07-12T11:58:02+02:00,github.com/kilgaloon/leprechaun,1.13,OK,18,21,38
kirillDanshin__avgRating,https://github.com/kirillDanshin/avgRating,3b8cc7bb8fb8cdcaeb8d752343d0d7baff3fb773,2017-08-05T22:37:34+03:00,command-line-arguments,,EMPTY_GT,,,
kirillDanshin__dlog,https://github.com/kirillDanshin/dlog,97d876b12bf9f9e11dca34779fedbf017c636e87,2017-07-28T03:08:07+03:00,command-line-arguments,,EMPTY_GT,,,
kirillDanshin__llb,https://github.com/kirillDanshin/llb,0d26b5cf4b4cda1294466c6975af1969aa0c50bc,2016-04-04T07:13:06+03:00,command-line-arguments,,EMPTY_GT,0,0,0
kisielk__errcheck,https://github.com/kisielk/errcheck,6e4cd893c1d21befe7deebe03e93e8a1d95248c8,2026-05-12T13:50:13-07:00,github.com/kisielk/errcheck,1.25.0,OK,3,3,9
kkyr__fig,https://github.com/kkyr/fig,650a93045ae6a6ac1ad1d9bf57eecd848c3e73c4,2025-06-03T23:17:51+02:00,github.com/kkyr/fig,1.21,OK,3,3,9
kkyr__go-recipe,https://github.com/kkyr/go-recipe,f89e0c28b8eb15eac5218c59037da71aa02efbe3,2023-03-16T13:21:12+01:00,github.com/kkyr/go-recipe,1.20,OK,8,8,19
knbr13__gitcs,https://github.com/knbr13/gitcs,c41bdc46a795d93a7e049585a3fd3ad619db8f90,2026-04-18T15:29:33+03:00,github.com/hrtsegv/gitcs,1.25.5,OK,27,27,58
knights-analytics__hugot,https://github.com/knights-analytics/hugot,c30aa0f09ab1c8d4a5ef03a0c04c9cc9fcd99551,2026-06-05T09:17:12+02:00,github.com/knights-analytics/hugot,1.26,EMPTY_GT,0,0,0
kniren__gota,https://github.com/kniren/gota,f70540952827cfc8abfa1257391fd33284300b24,2021-10-10T21:10:32+02:00,github.com/go-gota/gota,1.16,OK,2,2,38
knocknote__octillery,https://github.com/knocknote/octillery,02994444268209e2a8dbfc67c64d978c887b75c8,2021-01-04T18:04:19+09:00,go.knocknote.io/octillery,1.12,OK,15,15,28
knq__chromedp,https://github.com/knq/chromedp,7963c203ed5458147d27dc39a5c06d2b12e81664,2026-07-15T06:56:16+09:00,github.com/chromedp/chromedp,1.26,OK,6,8,10
knq__usql,https://github.com/knq/usql,f7d0fbe808a87e9f6c726e5de2cec1fa284e88f5,2026-04-01T07:30:48+07:00,github.com/xo/usql,1.26.1,OK,303,333,730
knq__xo,https://github.com/knq/xo,a164ace287d86a70e2c1f0e7afd7b79fdbbd7dbb,2026-03-30T09:25:31+07:00,github.com/xo/dbtpl,1.26,OK,33,33,80
kolesa-team__go-webp,https://github.com/kolesa-team/go-webp,bf7924d9a4e20d5c667f8643458718f16d11babc,2026-01-24T20:22:43+05:00,github.com/kolesa-team/go-webp,1.10,EMPTY_GT,0,4,7
koltyakov__gosip,https://github.com/koltyakov/gosip,7389cdb9c5df0d234ab63de502ddc3603b8f43be,2026-01-05T19:50:55-06:00,github.com/koltyakov/gosip,1.19,OK,17,17,34
koofr__graval,https://github.com/koofr/graval,aba28f8a73f031070274d2e7647ce8f685867d01,2020-10-02T15:42:00+02:00,github.com/koofr/graval,1.13,OK,5,16,26
korandiz__v4l,https://github.com/korandiz/v4l,d2cdfa06a2eeeef1490d2c195268e11294ba58cd,2021-12-29T19:32:25+01:00,github.com/korandiz/v4l,1.15,EMPTY_GT,0,0,0
koss-null__FuncFrog,https://github.com/koss-null/FuncFrog,5b2c25b6263a0e8b37e43b57b4f3807044a362e8,2025-10-25T18:37:14+00:00,github.com/koss-null/funcfrog,1.18,OK,1,5,19
koyachi__go-nude,https://github.com/koyachi/go-nude,699a88f33605865928ccd8cdd39bbce80fb1aaef,2015-04-10T22:49:31+09:00,command-line-arguments,,EMPTY_GT,,,
kpfaulkner__borders,https://github.com/kpfaulkner/borders,1b62cb265503a4a1a5f7f9d18a9605f24041f425,2026-05-23T22:28:26+10:00,github.com/kpfaulkner/borders,1.24.0,OK,1,1,3
krayzpipes__cronticker,https://github.com/krayzpipes/cronticker,6674fa04a78c17b4cb405a9082eb38a624f4c4bd,2021-01-01T20:57:04-05:00,github.com/krayzpipes/cronticker,1.15,OK,1,1,2
krotik__dudeldu,https://github.com/krotik/dudeldu,154b491ed4993d4a220ef4d752c201c556e7eb60,2019-09-22T10:14:59+01:00,devt.de/krotik/dudeldu,1.12,OK,1,1,2
krotik__ecal,https://github.com/krotik/ecal,1a5bf4c77f8973c468f0b5edf47ecb4779da6143,2021-05-23T10:52:28+01:00,github.com/krotik/ecal,1.12,OK,1,1,2
krotik__eliasdb,https://github.com/krotik/eliasdb,88a1da66df9527aa97e8781dfc91cb9feb08125c,2022-08-14T10:02:01+01:00,github.com/krotik/eliasdb,1.12,OK,3,3,4
kslamph__tronlib,https://github.com/kslamph/tronlib,a41013fe2df933c376882217d6ff19a166867331,2026-04-05T22:39:30+08:00,github.com/kslamph/tronlib,1.25.0,OK,17,21,202
ktr0731__evans,https://github.com/ktr0731/evans,5efe5f55fba8832652ca2c784739ee6294553907,2023-12-02T13:38:53+09:00,github.com/ktr0731/evans,1.20,OK,55,65,561
kubeshark__kubeshark,https://github.com/kubeshark/kubeshark,f3b2b205f1daef1c4d2db53345f7f8529ea28bdc,2026-07-14T15:04:37-07:00,github.com/kubeshark/kubeshark,1.24.0,OK,129,129,351
kyleconroy__sqlc,https://github.com/kyleconroy/sqlc,e209d865845b3be71da65583bdc1c063c4ae5873,2026-07-15T14:36:04-06:00,github.com/sqlc-dev/sqlc,1.26.0,EMPTY_GT,0,0,0
kyuff__anchor,https://github.com/kyuff/anchor,d0bb1408815563d9f2644b65477f4deab5f1923c,2026-04-18T20:57:24+02:00,github.com/kyuff/anchor,1.25.0,OK,1,1,11
kzahedi__goent,https://github.com/kzahedi/goent,49773660fa36d2c00274a17f03b72a25b7862fa7,2019-04-03T11:41:37+02:00,command-line-arguments,,EMPTY_GT,,,
lab210-dev__async-job,https://github.com/lab210-dev/async-job,142966bca267a3a6cf933f61d3e8a4c2bfc1dd86,2022-05-30T20:49:44+02:00,,,EMPTY_GT,0,0,0
labstack__echo,https://github.com/labstack/echo,5a43c9b6d0e5273bd0077d4c2323e8ba64d87042,2026-07-16T22:16:26+03:00,github.com/labstack/echo/v5,1.25.0,OK,1,7,16
labstack__gommon,https://github.com/labstack/gommon,2659cdaeb998f92ea22bbeb46892eb0e5d79fda3,2026-04-19T15:12:38-07:00,github.com/labstack/gommon,1.23.0,OK,5,9,12
lacion__cookiecutter-golang,https://github.com/lacion/cookiecutter-golang,d8e034b722276dede208f092dcf9ebbfeb9ab7f1,2023-10-07T22:36:00+02:00,command-line-arguments,,EMPTY_GT,0,0,0
lajosbencz__glo,https://github.com/lajosbencz/glo,94885136147289b7bcee667b2e3b61c9d7c4a67b,2019-01-23T12:20:28+01:00,command-line-arguments,,EMPTY_GT,0,0,0
lalamove__konfig,https://github.com/lalamove/konfig,5b61527a91b747aff99d250d93d2ba3fc4acc0e4,2020-05-13T12:27:11+08:00,github.com/lalamove/konfig,1.14,OK,51,65,246
lampctl__go-sse,https://github.com/lampctl/go-sse,ed577125a5660e47969ed02c7dd018df5980fd20,2025-04-18T12:01:12-07:00,github.com/lampctl/go-sse,1.18,EMPTY_GT,,,
lana__go-commandbus,https://github.com/lana/go-commandbus,ba06cc9b439e22767a4d90cc88f50c8145a48cba,2020-04-21T11:20:38+02:00,github.com/lana/go-commandbus,1.13,OK,4,4,25
lane-c-wagner__go-password-validator,https://github.com/lane-c-wagner/go-password-validator,7bffd5ea9dacb433909a415cdc7abe22a4a53a66,2022-08-30T18:15:43-06:00,github.com/wagslane/go-password-validator,1.16,EMPTY_GT,,,
larapulse__migrator,https://github.com/larapulse/migrator,cfcb45ce8b15ac8216b3b4146bd067400ae0c2ef,2025-04-24T11:04:05+02:00,github.com/larapulse/migrator,1.13,EMPTY_GT,0,5,8
lawzava__go-pg-migrate,https://github.com/lawzava/go-pg-migrate,ecac52d9681823a4ec50666e6c966421074368c4,2023-10-09T20:46:31+00:00,github.com/lawzava/go-pg-migrate/v2,1.21,OK,5,12,33
lazynop__lazyenv,https://github.com/lazynop/lazyenv,e1ad3ff6e24fa73c6fe7f3a42158d0ba5d119dd7,2026-06-13T19:58:56+02:00,github.com/lazynop/lazyenv,1.26.0,OK,21,25,41
leaanthony__clir,https://github.com/leaanthony/clir,a8d9462bce754819cbd5a5596f22d68b3f318fb6,2024-06-11T07:26:38+10:00,github.com/leaanthony/clir,1.12,EMPTY_GT,0,0,1
leaanthony__debme,https://github.com/leaanthony/debme,ccc0401f87e923d5c89a45f71e51dae3c735d9cf,2021-06-06T12:01:21+10:00,github.com/leaanthony/debme,1.16,EMPTY_GT,0,0,0
leaanthony__slicer,https://github.com/leaanthony/slicer,33c619aa00508e2307b8ed4038d202e200240476,2021-08-08T11:33:45+10:00,github.com/leaanthony/slicer,1.13,EMPTY_GT,,,
leandro-lugaresi__hub,https://github.com/leandro-lugaresi/hub,f875ca53647b7c4783ed4226b1488f4fc2665898,2026-07-16T21:13:01-03:00,github.com/leandro-lugaresi/hub,1.13,EMPTY_GT,,,
leberKleber__go-mpris,https://github.com/leberKleber/go-mpris,7bd44c8dd10fe7574e848cc3b83f0fbf95a9c88c,2024-10-27T19:06:02+01:00,github.com/leberKleber/go-mpris,1.21,OK,1,5,8
leekchan__accounting,https://github.com/leekchan/accounting,2e09117338f81558182056c197506abceadc83e0,2022-01-06T12:57:56+09:00,github.com/leekchan/accounting,1.13,OK,3,3,5
leonelquinteros__gotext,https://github.com/leonelquinteros/gotext,2a3f89acc7e6f9104830a056a5bdc0f10823aabf,2026-06-01T18:29:07-03:00,github.com/leonelquinteros/gotext,1.25,OK,3,3,9
leozz37__hare,https://github.com/leozz37/hare,a3d3dc7781c926569e8400cf4b494ab4d5219cf9,2022-08-07T00:17:02-03:00,github.com/leozz37/hare,1.15,OK,4,4,5
leporo__sqlf,https://github.com/leporo/sqlf,18710aa85c2a5b705f10e182e8ee8df190b918cb,2025-02-24T20:42:59+01:00,github.com/leporo/sqlf,1.13,OK,1,6,9
lesismal__arpc,https://github.com/lesismal/arpc,9d43164a6d651f6d5f8b3822b1aa2f40b44bf36a,2026-07-05T00:44:06+08:00,github.com/lesismal/arpc,1.22,EMPTY_GT,0,0,1
lesismal__nbio,https://github.com/lesismal/nbio,8ad01e6461af31d510d27b679f670c3dddbe417c,2026-07-15T01:57:17+08:00,github.com/lesismal/nbio,1.16,OK,3,3,8
lestrrat-go__jwx,https://github.com/lestrrat-go/jwx,a07e5b620982d61bf5477744b7eda97d037f592c,2026-07-17T19:26:02+09:00,github.com/lestrrat-go/jwx/v4,1.26.0,OK,8,8,21
levigross__grequests,https://github.com/levigross/grequests,05add15eea25fc3d11c8b19c661c74187db21949,2025-06-06T18:33:41-04:00,github.com/levigross/grequests/v2,1.21,OK,2,6,15
lib4u__fake-useragent,https://github.com/lib4u/fake-useragent,1ea74507b2907838f971b9fda2ec126a03c64875,2026-02-16T14:53:06+03:00,github.com/lib4u/fake-useragent,1.23.4,OK,1,1,6
lib4u__grequest,https://github.com/lib4u/grequest,952c8bfc77ea5417b01aec42a001a09a4cd00d78,2025-01-31T20:20:54+03:00,github.com/lib4u/grequest,1.23.4,EMPTY_GT,,,
lib__pq,https://github.com/lib/pq,d70e69988c9f7084a1e17799e24b1422e75a9ae6,2026-07-11T21:30:01+01:00,github.com/lib/pq,1.23,EMPTY_GT,0,0,1
lightningnetwork__lnd,https://github.com/lightningnetwork/lnd,046356759a3b6b93b498de5e784d0e60f00cbd3d,2026-07-17T22:57:47-03:00,github.com/lightningnetwork/lnd,1.25.11,EMPTY_GT,,,
lindb__lindb,https://github.com/lindb/lindb,612070e1dc6043d2ea47d5b3bc6dccd51eefaee4,2024-08-16T09:48:23+08:00,github.com/lindb/lindb,1.22,EMPTY_GT,,,
lingrino__vaku,https://github.com/lingrino/vaku,59b5cde9a4eedb56d91a02286fde7f73e5960ecc,2026-07-13T17:14:18-07:00,github.com/lingrino/vaku/v2,1.26.0,OK,25,67,171
linkedin__goavro,https://github.com/linkedin/goavro,c69e26ce467683269036725e0832d712f67fa672,2026-01-21T12:25:11-06:00,github.com/linkedin/goavro/v2,1.12,OK,1,5,8
linvon__cuckoo-filter,https://github.com/linvon/cuckoo-filter,92f52759912a8dd76a7cdab4d3c74a67c1b604d7,2021-10-10T02:15:37+08:00,github.com/linvon/cuckoo-filter,1.14,OK,1,1,2
linxGnu__goseaweedfs,https://github.com/linxGnu/goseaweedfs,dc717016bd349d72abad92a20a2478bce7319e0b,2022-11-11T12:52:27+09:00,github.com/linxGnu/goseaweedfs,,EMPTY_GT,0,4,7
linxGnu__mssqlx,https://github.com/linxGnu/mssqlx,add4490634a87fa43508b84c31b171296c2334c0,2024-03-12T09:51:04+09:00,github.com/linxGnu/mssqlx,1.17,OK,6,10,14
liujianping__job,https://github.com/liujianping/job,7050ac0d3c2c98f504c6fad7a1f0240a9d42a4e8,2020-06-30T18:16:50+08:00,github.com/liujianping/job,1.14,OK,25,25,116
liweiyi88__onedump,https://github.com/liweiyi88/onedump,7d4e2bd7d316d64746814c1a9a130bf83315908e,2026-07-11T09:40:47+10:00,github.com/liweiyi88/onedump,1.25.2,OK,73,79,149
liyue201__gostl,https://github.com/liyue201/gostl,0c36bfb68a8723494f62de921815ade7b2bc6824,2025-01-03T18:05:51+08:00,github.com/liyue201/gostl,1.18,EMPTY_GT,0,0,0
llir__llvm,https://github.com/llir/llvm,f0912dd3bef26c6498c896afea9faa0736594d35,2024-12-06T19:03:54+01:00,github.com/llir/llvm,1.13,OK,5,6,19
lmittmann__tint,https://github.com/lmittmann/tint,42bfdacc64d59a5ceae01bd0084f30aedf77baf4,2026-07-12T15:35:28+02:00,github.com/lmittmann/tint,1.21,EMPTY_GT,0,0,1
lni__dragonboat,https://github.com/lni/dragonboat,076c7f6497dcc18880aed6323246d5079661942c,2025-07-24T00:36:28+10:00,github.com/lni/dragonboat/v4,1.23.0,OK,36,40,222
logrange__linker,https://github.com/logrange/linker,5a47cc9a5661d853da623031613fcd4ed6626083,2025-01-08T21:20:37-08:00,github.com/logrange/linker,1.13,EMPTY_GT,0,0,1
logrusorgru__aurora,https://github.com/logrusorgru/aurora,24c528a74b3127045c0efb9b2dee7ee5ad5bd6ed,2025-01-07T09:05:31+03:00,github.com/logrusorgru/aurora/v4,1.19,EMPTY_GT,0,4,7
loom-go__loom,https://github.com/loom-go/loom,6343b2dad0884bf23ef213e5732e6e575f652ce3,2026-03-28T21:19:49+01:00,github.com/loom-go/loom,1.25.5,OK,2,6,9
loov__lensm,https://github.com/loov/lensm,7c6d405f3a96493a02d9fcda99636465f38e873e,2026-07-06T12:50:11+03:00,loov.dev/lensm,1.26,OK,13,13,40
loveleshsharma__gohive,https://github.com/loveleshsharma/gohive,f98e85308c6f48917c650ca7044a9a5a686fe142,2023-11-19T11:13:40+05:30,github.com/loveleshsharma/gohive,1.21.3,EMPTY_GT,0,0,0
lqs__sqlingo,https://github.com/lqs/sqlingo,99a6d5b37a1a5762a9c4a5a71253b07ef064211c,2026-04-01T12:25:18+09:00,command-line-arguments,,EMPTY_GT,0,0,0
lrita__cmap,https://github.com/lrita/cmap,73727988b52652cea54af435ce8c4ead4a8c8180,2026-04-16T11:04:26+08:00,github.com/lrita/cmap,1.19,EMPTY_GT,,,
lrita__numa,https://github.com/lrita/numa,29f88905963797c57362861a2dd8adb14a6f152a,2024-10-31T14:41:30+08:00,github.com/lrita/numa,1.12,OK,1,4,6
lucas-clemente__quic-go,https://github.com/lucas-clemente/quic-go,4e52cbd14e03877735a31c9de4b4928ca2acfeb1,2026-07-20T11:20:53+02:00,github.com/quic-go/quic-go,1.25.0,EMPTY_GT,,,
lucasepe__tbd,https://github.com/lucasepe/tbd,6b34a435d25e91a791ae5af28a92aefcf5bd73f3,2021-08-29T09:51:01+02:00,github.com/lucasepe/tbd,1.16,OK,21,26,50
lucasgomide__snitch,https://github.com/lucasgomide/snitch,3e266163bd162f198f0c660c7e563791d363d7fd,2018-07-23T15:06:15-03:00,command-line-arguments,,EMPTY_GT,,,
lucassscaravelli__ej,https://github.com/lucassscaravelli/ej,ef66601323f700cc32102b5f72abe1a6f55c483c,2020-04-06T21:34:12-03:00,github.com/lucassscaravelli/ej,1.12,EMPTY_GT,0,5,12
lucmq__go-shelve,https://github.com/lucmq/go-shelve,3a4208d81d43dbffef249da7394c19cf9905ca65,2025-08-10T04:26:08-03:00,github.com/lucmq/go-shelve,1.22.0,EMPTY_GT,0,0,1
lukasz-madon__awesome-remote-job,https://github.com/lukasz-madon/awesome-remote-job,e23424e40323650b3694751286fea9fc221d2fa3,2026-05-09T00:48:50+02:00,command-line-arguments,,EMPTY_GT,0,0,0
luno__workflow,https://github.com/luno/workflow,2f70c64c326e301c838a39f64cb6f61ff501da74,2026-07-19T13:44:02+01:00,github.com/luno/workflow,1.26.0,OK,15,16,43
luraproject__lura,https://github.com/luraproject/lura,fa34acf92c66d4caca6b0efe35704970f37a9e50,2026-07-10T23:37:08+02:00,github.com/luraproject/lura/v2,1.25.0,OK,26,26,62
lxzan__gws,https://github.com/lxzan/gws,0af2f74278f30c3456406e83718581084a7f1379,2026-07-10T17:46:00+08:00,github.com/lxzan/gws,1.20,OK,1,5,8
lyonnee__hmap,https://github.com/lyonnee/hmap,256bc1cbfaaf8acafa72f9980afad711d60a0507,2025-01-23T10:42:16+08:00,,,EMPTY_GT,,,
lyonnee__hvalid,https://github.com/lyonnee/hvalid,34f94fc3cc5b976fc6e4b7ce7a6bf5953457c8ee,2025-06-05T14:54:05+08:00,github.com/lyonnee/hvalid,1.20,EMPTY_GT,0,0,0
m-zajac__json2go,https://github.com/m-zajac/json2go,e70dc0304ae3d848ab846cd9937e246bcf1e6784,2026-03-01T12:43:40+01:00,github.com/m-zajac/json2go,1.24,OK,3,7,10
m1__go-generate-password,https://github.com/m1/go-generate-password,7318bf65978d0bb34089adc98771aa068ebdc350,2022-04-17T12:16:22+01:00,github.com/m1/go-generate-password,1.18,OK,2,6,13
maddevsio__fcm,https://github.com/maddevsio/fcm,4bd97f86ac09140536c1e949c2ba8d43ecf584ee,2020-03-06T11:18:53+06:00,command-line-arguments,,EMPTY_GT,0,0,0
madflojo__tasks,https://github.com/madflojo/tasks,b235c1ba9bfff77a806f3e89c208ec997129f29d,2026-06-13T11:43:19-07:00,github.com/madflojo/tasks,1.18,EMPTY_GT,0,0,0
madflojo__testcerts,https://github.com/madflojo/testcerts,208b98f752f47dd5147a6fdf7156b1bb90970a52,2026-06-07T11:54:18-07:00,github.com/madflojo/testcerts,1.20,EMPTY_GT,0,0,1
magefile__mage,https://github.com/magefile/mage,0953947c1673fd745a51c032aadeb3c63f9f3368,2026-04-22T18:57:48-04:00,github.com/magefile/mage,1.18,EMPTY_GT,,,
magic003__alice,https://github.com/magic003/alice,2087f83811145f5cb15acebaad9ae4444db12ce6,2017-04-25T23:23:16-07:00,command-line-arguments,,EMPTY_GT,0,0,0
maguro__pbf,https://github.com/maguro/pbf,f91edfbad7dca94838b1fe5ec2df8ce6efb4d32e,2026-04-23T19:30:12-07:00,m4o.io/pbf/v2,1.23,OK,14,18,39
mailchain__mailchain,https://github.com/mailchain/mailchain,88570004f715e92c1602990881d17aee66aaf7d0,2022-04-01T18:33:18+01:00,command-line-arguments,,EMPTY_GT,,,
mailhog__MailHog,https://github.com/mailhog/MailHog,e6fa06877ef61ea82bbef234d94bdc75cca478d1,2022-08-02T12:00:45+01:00,command-line-arguments,,EMPTY_GT,0,0,0
mailhog__smtp,https://github.com/mailhog/smtp,0c4e9b7e0625fec61d0c30d7b2f6c62852be6c54,2016-11-19T23:01:07+00:00,command-line-arguments,,EMPTY_GT,0,0,0
mainak55512__stto,https://github.com/mainak55512/stto,5f25cc6e21adc16bc14c246ff2d8ebf488ffa0f5,2025-11-26T00:06:42+05:30,github.com/mainak55512/stto,1.22.5,OK,3,3,5
malaschitz__randomForest,https://github.com/malaschitz/randomForest,7c30b8b21d88726338ea43b4478a67208fe2230e,2025-11-01T18:20:28+01:00,github.com/malaschitz/randomForest,1.13,OK,2,2,245
mamal72__golyrics,https://github.com/mamal72/golyrics,e037d2377b3fa85225973cb377a78578bcd8e508,2018-06-30T13:03:12+04:30,command-line-arguments,,EMPTY_GT,,,
mantil-io__mantil,https://github.com/mantil-io/mantil,89d864c4ca601dc912cf3086fa459761c28d850f,2022-11-07T11:48:40+01:00,github.com/mantil-io/mantil,1.16,OK,85,90,238
markbates__goth,https://github.com/markbates/goth,9c7a2826a6e2a481a2947b6746ab454d0f82a565,2026-02-11T06:06:29+01:00,github.com/markbates/goth,1.24.0,OK,19,25,45
markfarnan__go-canvas,https://github.com/markfarnan/go-canvas,6971ccd00770ac5ee39846076d21935a933364ee,2020-07-23T01:55:10+02:00,github.com/markfarnan/go-canvas,1.13,OK,3,3,8
marlow__marlow,https://github.com/marlow/marlow,09f77bdfd9ef59274199d1ad39b0684d5b2b796a,2020-08-18T10:06:34-04:00,github.com/marlow/marlow,1.14,OK,1,2,3
marrow16__valix,https://github.com/marrow16/valix,0d39089457d17c22e4a7ccdfdddf346026f7211e,2025-04-03T22:39:16+01:00,github.com/marrow16/valix,1.19,OK,4,8,17
maruel__panicparse,https://github.com/maruel/panicparse,4d9f9d5644e3a318b638415069da4e6836f1a308,2026-07-13T11:57:10-04:00,github.com/maruel/panicparse/v2,1.23.0,OK,4,5,6
marusama__cyclicbarrier,https://github.com/marusama/cyclicbarrier,1717099fdc00c6ca42385964044cffd5272fa0ca,2020-06-30T13:05:43+03:00,github.com/marusama/cyclicbarrier,1.11,EMPTY_GT,,,
marusama__semaphore,https://github.com/marusama/semaphore,2d3c1eaa054b6e36c7c0dfde398f2b47e4bc5094,2021-03-28T12:18:45+03:00,github.com/marusama/semaphore/v2,1.11,EMPTY_GT,,,
marwanhawari__stew,https://github.com/marwanhawari/stew,8a9a3eab1f4db24f2061023f15f6aa89cbb0dbb1,2025-05-06T17:32:22-04:00,github.com/marwanhawari/stew,1.22,OK,25,25,56
masterzen__winrm-cli,https://github.com/masterzen/winrm-cli,af1d5d0dfd170685a80efc968c6d62f674869474,2020-05-15T16:11:13+02:00,github.com/masterzen/winrm-cli,1.13,OK,10,13,15
matryer__moq,https://github.com/matryer/moq,1b3799f1e7f74e9680ed32e9f239b417d4a093e4,2026-03-20T11:53:31+05:30,github.com/matryer/moq,1.26,EMPTY_GT,0,0,0
mattbaird__elastigo,https://github.com/mattbaird/elastigo,2fe47fd29e4b70353f852ede77a196830d2924ec,2017-01-23T14:00:20-08:00,command-line-arguments,,EMPTY_GT,,,
mattcunningham__gumblr,https://github.com/mattcunningham/gumblr,e85a4712e661f956f116e76a628cb96f863bf2e0,2016-10-30T18:45:19-05:00,command-line-arguments,,EMPTY_GT,,,
mattn__anko,https://github.com/mattn/anko,5c7bed551db72684e4f2930faf9067df55c19e77,2026-07-10T01:26:28+00:00,github.com/mattn/anko,1.13,EMPTY_GT,0,0,1
mattn__go-colorable,https://github.com/mattn/go-colorable,8bf39a204f13f0cfcf86ab9b297c3d6e0668e54a,2026-05-29T14:40:24+00:00,github.com/mattn/go-colorable,1.18,OK,2,2,3
mattn__go-oci8,https://github.com/mattn/go-oci8,e2cb162a93b84627d22b27d32ebef9702c4e2a14,2026-07-08T17:31:20+00:00,github.com/mattn/go-oci8,1.13,EMPTY_GT,0,0,1
mattn__go-sqlite3,https://github.com/mattn/go-sqlite3,0cfec603061a73376109c4a6178e38f86b544dd6,2026-07-13T04:36:04+00:00,github.com/mattn/go-sqlite3,1.21,EMPTY_GT,0,0,1
mattn__goveralls,https://github.com/mattn/goveralls,3c566820b1872aae28023f455893c0fd4f15198b,2026-03-29T20:03:20+09:00,github.com/mattn/goveralls,1.13,OK,2,2,11
matzefriedrich__parsley,https://github.com/matzefriedrich/parsley,9ec9a992d5339ebc6173852fc1e2ca3c0ae029ed,2026-07-17T23:53:33+02:00,github.com/matzefriedrich/parsley,1.26.4,EMPTY_GT,,,
mavihq__persian,https://github.com/mavihq/persian,3e779b10be512657d70d657155dab8138448f496,2023-10-20T13:02:00+02:00,command-line-arguments,,EMPTY_GT,0,0,0
maxatome__go-testdeep,https://github.com/maxatome/go-testdeep,2f6154847fd92039c83576758176e81d5df8c346,2026-07-04T12:46:20+02:00,github.com/maxatome/go-testdeep,1.18,EMPTY_GT,0,0,1
maxbolgarin__contem,https://github.com/maxbolgarin/contem,1cb42b6b60c370214f4bcacef26825010c3a748f,2026-07-16T15:51:22+02:00,github.com/maxbolgarin/contem,1.21,EMPTY_GT,0,0,0
maxbrunsfeld__counterfeiter,https://github.com/maxbrunsfeld/counterfeiter,12304d656a72ff0564075fe990207db5cfd82148,2026-07-14T16:30:09-06:00,github.com/maxbrunsfeld/counterfeiter/v6,1.25.0,OK,4,9,20
maxclaus__gaper,https://github.com/maxclaus/gaper,c44dd5995248f02773cfacf3964c2b45544ed963,2023-04-27T18:16:36-03:00,github.com/maxcnunes/gaper,1.13,OK,9,14,21
maypok86__otter,https://github.com/maypok86/otter,8c526307556486ea0337280a4211135720bc29cc,2025-12-24T01:06:11+07:00,github.com/maypok86/otter/v2,1.24.0,OK,4,4,7
mbndr__logo,https://github.com/mbndr/logo,913ba85c52d9dd98cd3c1c006f49330c23ab60e6,2020-12-27T11:31:38+01:00,github.com/mbndr/logo,1.15,EMPTY_GT,,,
mbrostami__consistenthash,https://github.com/mbrostami/consistenthash,3ebd2354dcbb3a6b8c2fc0a9d4ddaa06cda26dfb,2026-06-05T08:23:42+02:00,github.com/mbrostami/consistenthash/v2,1.18,EMPTY_GT,0,0,1
mccoyst__validate,https://github.com/mccoyst/validate,b523a6fb45e5306848475a558c380768d6b7b268,2023-08-18T12:59:50-04:00,mccoy.space/g/validate,1.19,EMPTY_GT,0,0,0
mccutchen__go-httpbin,https://github.com/mccutchen/go-httpbin,25a9144d409a4f6795519f9c3d8ff1ae85f25f56,2026-07-14T20:05:03-04:00,github.com/mccutchen/go-httpbin/v2,1.25.0,EMPTY_GT,,,
mdaliyan__icache,https://github.com/mdaliyan/icache,2e21ca19e72a7bb1bdd0a12e37baa28db592ba17,2025-01-09T16:46:10+09:00,github.com/mdaliyan/icache/v2,1.18,EMPTY_GT,0,0,0
mdempsky__unconvert,https://github.com/mdempsky/unconvert,4a038b3d31f56ff5ba511953b745c80a2317e4ae,2025-02-16T17:23:26-05:00,github.com/mdempsky/unconvert,1.23.0,OK,4,4,10
mdlayher__arp,https://github.com/mdlayher/arp,93566ba168e90a5c2c007a4128359cff4997d654,2026-05-28T09:08:54+02:00,github.com/mdlayher/arp,1.23.0,OK,7,7,13
mdlayher__dhcp6,https://github.com/mdlayher/dhcp6,2a67805d7d0b0bad6c1103058981afdea583b459,2019-03-11T12:23:59-04:00,github.com/mdlayher/dhcp6,1.12,OK,1,1,2
mdlayher__ethernet,https://github.com/mdlayher/ethernet,529eae5b61181083b306246aa4c93f0761efa8a2,2022-02-21T13:58:49-05:00,github.com/mdlayher/ethernet,1.12,OK,6,6,11
mehanizm__airtable,https://github.com/mehanizm/airtable,b19a753f7a8460b1e70471974c212801903272e7,2025-03-14T16:53:37+05:00,github.com/mehanizm/airtable,1.23,OK,1,1,2
mehanizm__iuliia-go,https://github.com/mehanizm/iuliia-go,2a2e9aba91254c07b023a784128a42655da40c05,2025-01-08T11:37:31+05:00,github.com/mehanizm/iuliia-go,1.23,EMPTY_GT,0,0,0
mehdihadeli__Go-MediatR,https://github.com/mehdihadeli/Go-MediatR,259e2610a2bc588935e50753b1d4fc8de3b7879b,2025-05-09T00:12:49+02:00,github.com/mehdihadeli/go-mediatr,1.24,OK,1,5,14
mehrdadrad__tcpdog,https://github.com/mehrdadrad/tcpdog,5dc2fe1147fab1650141bdb367b19649da3b78d4,2021-07-21T07:36:31-07:00,github.com/mehrdadrad/tcpdog,1.15,OK,42,44,100
melvinodsa__go-iam,https://github.com/melvinodsa/go-iam,99115a90b028fab2d0e228fc67d4318327fa7fec,2026-04-22T16:44:30+05:30,github.com/melvinodsa/go-iam,1.23,OK,60,60,98
mengzhuo__cookiestxt,https://github.com/mengzhuo/cookiestxt,ee32a1d20ff1fd75c7e907a4e4f9fb46168def39,2026-01-12T18:29:36+08:00,github.com/mengzhuo/cookiestxt,1.20,EMPTY_GT,0,0,0
mennanov__limiters,https://github.com/mennanov/limiters,afb7890a35c93ac908a406dd05c284d4484ad8ce,2026-07-05T17:27:49-07:00,github.com/mennanov/limiters,1.25.9,OK,55,69,189
metacall__core,https://github.com/metacall/core,061064c77c958b95ab34934b09a36e6f4fdfc818,2026-07-20T08:23:16+02:00,command-line-arguments,,EMPTY_GT,0,0,0
metalfm__transactor,https://github.com/metalfm/transactor,abefa271674ef8266fd282eb5b7c52ca349aa23b,2026-05-25T22:51:26+03:00,,1.26,EMPTY_GT,,,
mewkiz__flac,https://github.com/mewkiz/flac,f26319f6afb6ec27cd53fdb8090b97d658763e57,2025-08-18T18:47:10+02:00,github.com/mewkiz/flac,1.23.2,OK,3,3,10
mgechev__revive,https://github.com/mgechev/revive,f2dec195b48c47b4008c4cc0bb148506b95d3680,2026-07-14T09:39:53-07:00,github.com/mgechev/revive,1.25.0,OK,14,14,19
mgtv-tech__jetcache-go,https://github.com/mgtv-tech/jetcache-go,1dc55c639f24015e15d41490f86e7805b1658f55,2026-02-24T16:02:28+08:00,github.com/mgtv-tech/jetcache-go,1.21,EMPTY_GT,0,0,0
mgutz__logxi,https://github.com/mgutz/logxi,aebf8a7d67ab4625e0fd4a665766fef9a709161b,2016-10-27T07:08:23-07:00,command-line-arguments,,EMPTY_GT,0,0,0
mhmtszr__concurrent-swiss-map,https://github.com/mhmtszr/concurrent-swiss-map,cc88ae504290db64f17122de20f6b6dc55ba392f,2026-03-19T13:22:24+03:00,github.com/mhmtszr/concurrent-swiss-map,1.18,EMPTY_GT,,,
mholt__archives,https://github.com/mholt/archives,89571374212ff39c25a5ae5148000c1ca14afdb3,2026-05-26T14:11:01-06:00,github.com/mholt/archives,1.25.0,OK,19,19,82
michiwend__gomusicbrainz,https://github.com/michiwend/gomusicbrainz,6c07e13dd396ba10bd9f8904be5018df94472839,2018-10-12T10:35:20+02:00,command-line-arguments,,EMPTY_GT,0,0,0
michiwend__goplaceholder,https://github.com/michiwend/goplaceholder,8ec86e1c9f1841394b21e85408279c8da93cb5b4,2016-01-17T19:22:32+01:00,command-line-arguments,,EMPTY_GT,0,0,0
mickep76__mapslice-json,https://github.com/mickep76/mapslice-json,22c8edf578070fd6f77d14f95a6acd45fd89ccb4,2021-07-20T10:19:07+02:00,github.com/ake-persson/mapslice-json,1.16,EMPTY_GT,0,0,16
micro__go-micro,https://github.com/micro/go-micro,9d306dcfc1a912a8a9493f31fee0bb983475258d,2026-07-20T11:03:53+01:00,go-micro.dev/v6,1.25.0,OK,78,92,228
microcosm-cc__bluemonday,https://github.com/microcosm-cc/bluemonday,aba082a57c7522316c772ab0dec7e5dbc9833bfa,2025-04-04T11:55:48+02:00,github.com/microcosm-cc/bluemonday,1.19,OK,3,3,8
miekg__dns,https://github.com/miekg/dns,24ce5ef354706374797e4aa197977e45a272a24b,2026-07-09T09:12:06+02:00,github.com/miekg/dns,1.25.0,OK,2,3,12
miguelmota__golang-for-nodejs-developers,https://github.com/miguelmota/golang-for-nodejs-developers,26bfd24d0caef71beeabbfb3061f70604f4a1646,2022-11-18T21:52:33-08:00,github.com/miguelmota/golang-for-nodejs-developers,1.13,OK,9,9,197
miguelpragier__handy,https://github.com/miguelpragier/handy,d70fcca135490b04823bdd78129c667ac340b88d,2020-09-29T22:22:10-03:00,github.com/miguelpragier/handy,1.13,EMPTY_GT,0,0,0
mikekonan__go-countries,https://github.com/mikekonan/go-countries,ee810077176073b2bfaa36e1250a6b9b02987cf6,2020-12-17T18:39:09+03:00,github.com/mikekonan/go-countries,1.15,EMPTY_GT,0,0,1
mikekonan__go-types,https://github.com/mikekonan/go-types,5f215be8334b76873306f6ae12fbe9fdbf929af0,2026-07-01T16:07:01+04:00,github.com/mikekonan/go-types/v2,1.20,OK,4,4,13
mikespook__gorbac,https://github.com/mikespook/gorbac,c7dff02c346bba28af5c8dd7f9c51e667c5ca8ce,2026-05-17T23:06:10+12:00,github.com/mikespook/gorbac/v3,1.24,EMPTY_GT,0,0,0
mikestefanello__backlite,https://github.com/mikestefanello/backlite,e95e2eab6c145ee0706a66575e8ed75e5c7bd616,2026-07-19T22:07:32-04:00,github.com/mikestefanello/backlite,1.25.0,OK,8,11,36
mikestefanello__pagoda,https://github.com/mikestefanello/pagoda,dfefe65ec049d186706980cae5203e2094454db2,2025-12-14T10:10:03-05:00,github.com/mikestefanello/pagoda,1.24.6,OK,55,57,98
miladibra10__vjson,https://github.com/miladibra10/vjson,44bc7b3a4853b63cb7727937e33b26df9cdfb4c8,2025-07-31T21:59:30+02:00,github.com/miladibra10/vjson,1.17,OK,7,11,14
mingard__sitemap-format,https://github.com/mingard/sitemap-format,6b9ddcb700319709d83e7ecc5f020cb889b5d823,2022-11-16T11:35:51+00:00,github.com/mingard/sitemap-format,1.19,EMPTY_GT,0,0,0
mingrammer__commonregex,https://github.com/mingrammer/commonregex,16880c65af7225cc9182d5ba383bf5c4ed71af76,2019-11-12T16:22:35+09:00,github.com/mingrammer/commonregex,,EMPTY_GT,0,3,4
minio__mc,https://github.com/minio/mc,77f82e18b5401a65958f1619df6ebb994634bd88,2025-11-06T08:25:29-08:00,github.com/minio/mc,1.24.0,OK,101,105,542
minio__minio-go,https://github.com/minio/minio-go,ab51b38e91a09d5c803ae2b45ec722e6b4071e00,2026-07-19T18:34:02-07:00,github.com/minio/minio-go/v7,1.25.0,OK,18,18,406
minio__minio,https://github.com/minio/minio,7aac2a2c5b7c882e68c1ce017d8256be2feea27f,2026-02-12T12:18:48-08:00,github.com/minio/minio,1.24.0,OK,241,243,600
miniscruff__changie,https://github.com/miniscruff/changie,791a4f73e5ed4b80384f2a2e2c66d14b7eb0094b,2026-07-20T02:41:42-07:00,github.com/miniscruff/changie,1.25.0,OK,43,43,63
miolini__datacounter,https://github.com/miolini/datacounter,b60bff8712cc23f3456bc78a8d6a1e03efdd65bf,2023-04-13T10:55:42-07:00,github.com/miolini/datacounter,1.11,EMPTY_GT,0,0,1
miolini__jsonf,https://github.com/miolini/jsonf,a3217d4ac9b6857b4ad0bf5ca6b20ea74461e9f8,2020-12-13T13:45:55-08:00,command-line-arguments,,EMPTY_GT,0,0,0
mirecl__catboost-cgo,https://github.com/mirecl/catboost-cgo,1e3793b7ceb45d2847c6182dca235e792ad714e3,2026-06-21T06:00:51+03:00,github.com/mirecl/catboost-cgo,1.22,EMPTY_GT,0,4,7
mjibson__go-dsp,https://github.com/mjibson/go-dsp,7ac7bf171b0f9b915301cd8a4a6b28d7e0fa460b,2026-01-28T04:55:44-07:00,github.com/madelynnblue/go-dsp,1.25.5,EMPTY_GT,0,0,1
mkchoi212__fac,https://github.com/mkchoi212/fac,d232b05149564701ca3a21cd1a07be2540266cb2,2023-12-29T15:03:51+09:00,github.com/mkchoi212/fac,1.21,OK,7,7,14
mkideal__cli,https://github.com/mkideal/cli,53df0924b380e11eb521fb80aab3343adbf7f70d,2023-03-06T22:02:42-05:00,github.com/mkideal/cli,1.13,OK,8,12,24
mlange-42__ark,https://github.com/mlange-42/ark,f00c5d744e73cb6ffe133191b951845112b3fa66,2026-06-01T10:59:28+02:00,github.com/mlange-42/ark,1.24,EMPTY_GT,0,0,1
mlimaloureiro__golog,https://github.com/mlimaloureiro/golog,fcc04962f87519f797cf3c087e1beade73b83f18,2016-07-03T13:24:49+01:00,command-line-arguments,,EMPTY_GT,0,0,0
mmadfox__go-geojson2h3,https://github.com/mmadfox/go-geojson2h3,8e05497dcc7f2fca7f9143811317293935324dbb,2026-05-15T20:47:15+03:00,github.com/mmadfox/go-geojson2h3,1.22,OK,8,8,11
mmadfox__go-h3geo-dist,https://github.com/mmadfox/go-h3geo-dist,35ba0ae1b2c45f5ebfda3816ae33d09d86880aaf,2022-05-11T14:35:24+03:00,github.com/mmadfox/go-h3geo-dist,1.18,OK,1,1,8
mmalcek__bafi,https://github.com/mmalcek/bafi,5c5cb9dcf9ee4253e7cb978f3b14bb1b574754e1,2025-11-17T21:36:37+01:00,github.com/mmalcek/bafi,1.23,OK,10,10,32
mocktools__go-smtp-mock,https://github.com/mocktools/go-smtp-mock,ac1cbd23980873c86f0e8bb6bf5dda1cecf5d2a0,2026-04-09T00:57:23+02:00,github.com/mocktools/go-smtp-mock/v2,1.24,EMPTY_GT,0,5,7
mojocn__base64Captcha,https://github.com/mojocn/base64Captcha,74e19a0404aa30abaf93a9dcc4dfce96e9b53a8d,2025-09-29T18:08:07+08:00,github.com/mojocn/base64Captcha,1.16,OK,2,2,15
monaco-io__request,https://github.com/monaco-io/request,2585084d4e2a59f8d6876700046a60c01e7e8263,2025-11-24T16:47:53+08:00,github.com/monaco-io/request,1.16,OK,1,1,7
mongodb__mongo-go-driver,https://github.com/mongodb/mongo-go-driver,eb51cca8d1337da56f6a2ca93137316ede1f1ea8,2026-07-20T13:31:05-06:00,,1.19,EMPTY_GT,0,0,0
monmohan__xferspdy,https://github.com/monmohan/xferspdy,78545d09007d5d78e9fbc1262fc9578a1725c901,2020-12-03T09:31:10+08:00,command-line-arguments,,EMPTY_GT,0,0,0
monoculum__formam,https://github.com/monoculum/formam,6a93f49ac1f8493420210cca040f4819943191b7,2022-11-06T13:45:10+01:00,github.com/monoculum/formam/v3,1.12,EMPTY_GT,,,
montanaflynn__stats,https://github.com/montanaflynn/stats,771d439c1bbdc85676ad50daaca225bc189fc3b3,2026-07-17T11:49:30-05:00,github.com/montanaflynn/stats,1.13,EMPTY_GT,0,0,0
moov-io__ach,https://github.com/moov-io/ach,7dc72bbf411873b05b6bbc46a7f002051439828a,2026-07-20T21:18:52+00:00,github.com/moov-io/ach,1.25.0,OK,31,31,195
moovweb__gvm,https://github.com/moovweb/gvm,dd652539fa4b771840846f8319fad303c7d0a8d2,2023-08-14T02:11:28-06:00,command-line-arguments,,EMPTY_GT,0,0,0
moshebe__gebug,https://github.com/moshebe/gebug,3a1b96fe1c74c6b404e39f3605a79b35b0bbeb39,2026-04-03T20:02:11+03:00,github.com/moshebe/gebug,1.25.0,EMPTY_GT,,,
motrboat__hotcoal,https://github.com/motrboat/hotcoal,9a57ccec150b2edf8129881b8baaefd389eb993c,2023-12-23T06:20:08+00:00,github.com/motrboat/hotcoal,1.13,EMPTY_GT,,,
mozillazg__go-httpheader,https://github.com/mozillazg/go-httpheader,00e0d97353778d8dea8a7fbf202e274edb9d40b6,2023-06-29T21:55:18+08:00,github.com/mozillazg/go-httpheader,1.11,EMPTY_GT,,,
mozillazg__go-pinyin,https://github.com/mozillazg/go-pinyin,0562d652b86dd0540f53fdfc8475b18aa2d42c9d,2025-07-19T03:17:03+00:00,github.com/mozillazg/go-pinyin,1.11,EMPTY_GT,0,0,0
mozillazg__go-unidecode,https://github.com/mozillazg/go-unidecode,4c02613f7f1522fdf806bca2afc740a632b5c047,2023-05-14T20:05:37+08:00,github.com/mozillazg/go-unidecode,1.12,EMPTY_GT,0,0,0
mozillazg__request,https://github.com/mozillazg/request,f66876a1e3667af79d0cafa29a14ab7e667588ac,2017-10-23T18:58:38-05:00,command-line-arguments,,EMPTY_GT,0,0,0
mr-linch__go-tg,https://github.com/mr-linch/go-tg,c5bde352dbf11508330ccf4c22d216dcf6cf8230,2026-02-18T14:17:30+01:00,github.com/mr-linch/go-tg,1.21,OK,2,7,14
mrLSD__go-benchmark-app,https://github.com/mrLSD/go-benchmark-app,ccb3770d39861d0e0bc4e587d558c146ceed00f3,2017-03-17T13:40:30+02:00,command-line-arguments,,EMPTY_GT,0,0,0
msempere__golarm,https://github.com/msempere/golarm,bcbb8a387dda0ffc52ec0d4a48196ecf6abb4e98,2015-08-24T14:33:34+01:00,command-line-arguments,,EMPTY_GT,,,
msyrus__vscode-go-doc,https://github.com/msyrus/vscode-go-doc,73e31cca02d24f68f034eb3d9dc762ed94686397,2026-04-17T02:38:46+01:00,command-line-arguments,,EMPTY_GT,0,0,0
mszostok__version,https://github.com/mszostok/version,a69cf43b345ccd616da915912e2dc9deb8bfc992,2023-05-06T16:35:36+02:00,go.szostok.io/version,1.19,OK,29,32,56
mudler__anagent,https://github.com/mudler/anagent,626d9ac35e3e4b5af2735542ac49a511784b4bc8,2018-08-10T17:26:08+02:00,command-line-arguments,,EMPTY_GT,,,
muesli__regommend,https://github.com/muesli/regommend,ee89be7688a49eb0d665b776536baaa71418e833,2019-08-07T06:55:06+02:00,command-line-arguments,,EMPTY_GT,0,0,0
muesli__smartcrop,https://github.com/muesli/smartcrop,f1935b108c21d44756141bfebf302dfd7b03fdbe,2023-03-16T18:00:55+01:00,github.com/muesli/smartcrop,1.12,OK,2,2,13
muesli__termenv,https://github.com/muesli/termenv,368a3572b8146cc038b3f240da6792003d7e42c5,2025-09-22T14:08:15-04:00,github.com/muesli/termenv,1.17,OK,5,5,6
muir__libschema,https://github.com/muir/libschema,ec1f63edff6bcf518734889ddf71a14345acb3d9,2026-05-06T09:39:48-07:00,github.com/muir/libschema,1.24.0,OK,10,12,20
muir__nject,https://github.com/muir/nject,d062964154b1c85e46831b7f5ea4062f2cc35748,2026-04-20T13:26:38-07:00,github.com/muir/nject/v2,1.18,OK,2,6,9
murlokswarm__app,https://github.com/murlokswarm/app,80decd8c0f35ad4a9f70a18073e2dfea4389a634,2026-06-04T14:49:59+08:00,github.com/maxence-charriere/go-app/v11,1.26.0,OK,6,10,23
mus-format__mus-go,https://github.com/mus-format/mus-go,7d3c5a8140a1a86b42487d9d876d715d7d7d22c9,2026-05-07T02:26:53+01:00,github.com/mus-format/mus-go,1.24,OK,4,4,9
mustafaturan__bus,https://github.com/mustafaturan/bus,ea436a8ebd8ca6d26ac9b1e61aa131870e190b23,2023-05-13T20:59:03-07:00,github.com/mustafaturan/bus/v3,1.16,EMPTY_GT,0,4,7
muyo__sno,https://github.com/muyo/sno,a5437136baf2092a0f3073d21596baf33a24d544,2021-11-12T02:43:02+01:00,github.com/muyo/sno,1.14,EMPTY_GT,0,0,0
mvmaasakkers__certificates,https://github.com/mvmaasakkers/certificates,dd7ff0f3ed4dfc099984cb5b6c4b2855e606036b,2022-12-27T16:55:28+01:00,github.com/mvmaasakkers/certificates,1.18,OK,13,13,45
mvmaasakkers__go-problemdetails,https://github.com/mvmaasakkers/go-problemdetails,b32ebd744949e022217a7c0a7dbb1617bfe00884,2020-02-17T12:11:36+01:00,github.com/mvmaasakkers/go-problemdetails,1.13,EMPTY_GT,0,0,1
mvrilo__go-redoc,https://github.com/mvrilo/go-redoc,3a15e2c08553cd18fd4bec970ddcb1eb7af9add8,2025-02-09T12:16:14-03:00,github.com/mvrilo/go-redoc,1.17,EMPTY_GT,0,0,0
mxpv__patreon-go,https://github.com/mxpv/patreon-go,646111f1d983b0d742a3f479173f8c26d76229ae,2019-09-16T19:27:27-07:00,command-line-arguments,,EMPTY_GT,0,0,0
mymmrac__telego,https://github.com/mymmrac/telego,168c444ccd5d76459a4bbd08bf38c686a84fd068,2026-07-20T11:27:13+02:00,github.com/mymmrac/telego,1.25.7,OK,7,11,31
naegelejd__brewerydb,https://github.com/naegelejd/brewerydb,37520b5dd241234a9d9684fb6f27d3b0043455f1,2015-06-18T15:34:13-04:00,command-line-arguments,,EMPTY_GT,0,0,0
name5566__leaf,https://github.com/name5566/leaf,af71eb082cdae578efb15f7e091afa8bd78410e0,2022-10-21T18:50:39+08:00,command-line-arguments,,EMPTY_GT,0,0,0
nanovms__ops,https://github.com/nanovms/ops,3fe4dd34e568ab5cd0f30e85bfce7b2bef1fe0f9,2026-06-14T08:44:32-07:00,github.com/nanovms/ops,1.26.0,OK,196,201,522
napsy__go-css,https://github.com/napsy/go-css,580a1b4bf5ab5c1a6ede6f42b3a1a5934925cfb8,2025-06-03T16:07:19+02:00,github.com/napsy/go-css,1.19,EMPTY_GT,,,
nar10z__go-accumulator,https://github.com/nar10z/go-accumulator,638ebe0d0cd7cbab23fa894ee5e9f03e1991ca19,2026-06-08T14:58:06+04:00,github.com/nar10z/go-accumulator/v2,1.26,OK,2,7,10
nasermirzaei89__env,https://github.com/nasermirzaei89/env,383d57ff96216e48b301a95a75a308c7d7524197,2026-05-23T22:16:36-07:00,github.com/nasermirzaei89/env,1.21,EMPTY_GT,,,
nathan-osman__go-sunrise,https://github.com/nathan-osman/go-sunrise,c8f9f1eb869135f07378e7e3c5ec7a005f806c73,2022-08-27T18:15:39-07:00,github.com/nathan-osman/go-sunrise,1.13,EMPTY_GT,,,
naughtygopher__webgo,https://github.com/naughtygopher/webgo,8ee6c6e23f3b325ba8495d6356096606dfedf510,2025-09-23T11:45:51+02:00,github.com/naughtygopher/webgo/v7,1.22,EMPTY_GT,0,0,0
navidys__gopensky,https://github.com/navidys/gopensky,25bfa9e13aaa2c8955dd670c78d3cc0797e53958,2026-06-13T14:50:07+10:00,github.com/navidys/gopensky,1.25.6,OK,4,17,50
nbari__violetear,https://github.com/nbari/violetear,df20784409517ac358b5318c5fef97e88036ccf6,2022-09-27T14:17:53+02:00,github.com/nbari/violetear/v7,1.16,EMPTY_GT,0,1,2
ncruces__zenity,https://github.com/ncruces/zenity,04c33871239bf11a22c389e467f7ce74805b420c,2026-07-08T18:43:36+01:00,github.com/ncruces/zenity,1.25.0,OK,1,2,16
ndabAP__entitydebs,https://github.com/ndabAP/entitydebs,a31f474ea4f5000726d5ed492e5ca05c67a45287,2025-11-03T12:01:44+01:00,github.com/ndabAP/entitydebs,1.25.3,OK,29,30,80
neelance__graphql-go,https://github.com/neelance/graphql-go,4fb3f753699b39a7e1b1da9ec4ef3451402417ed,2026-07-02T06:01:29+00:00,github.com/graph-gophers/graphql-go,1.25.0,OK,8,8,19
neilotoole__errgroup,https://github.com/neilotoole/errgroup,4c23cf5ed85d119c93002b7d15cef94954b5019d,2023-01-10T09:32:04-07:00,github.com/neilotoole/errgroup,1.14,EMPTY_GT,0,0,0
neilotoole__jsoncolor,https://github.com/neilotoole/jsoncolor,5eb8b58dfbf85b00d32ecd0c59099d9bdcbc28fd,2026-05-25T09:29:12-06:00,github.com/neilotoole/jsoncolor,1.25.0,OK,5,12,15
netresearch__go-cron,https://github.com/netresearch/go-cron,2d84b012e857592846069b3cc2656e0260e5dab9,2026-07-19T15:57:26+02:00,github.com/netresearch/go-cron,1.25,EMPTY_GT,0,0,1
netresearch__ofelia,https://github.com/netresearch/ofelia,60e930f1523c1cc07cafd0a70b4538e60dc923cd,2026-07-19T17:10:49+00:00,github.com/netresearch/ofelia,1.26,OK,43,48,91
neuronlabs__errors,https://github.com/neuronlabs/errors,8a0fb4eedd6023253516761436a85db1b57ce8fd,2019-08-01T02:28:19+02:00,github.com/neuronlabs/errors,1.12,OK,1,4,6
neurosnap__sentences,https://github.com/neurosnap/sentences,43d1bdbe6812815207b11e0bf1f1da0368610de8,2024-02-27T23:27:57-05:00,github.com/neurosnap/sentences,1.18,EMPTY_GT,0,0,1
nexcode__rpcplatform,https://github.com/nexcode/rpcplatform,4935b971ca363a6a569f882f62b778276d5448f9,2026-03-30T21:33:13+00:00,,1.24.0,EMPTY_GT,0,0,0
ngamux__ngamux,https://github.com/ngamux/ngamux,388219a77806d683e23f05c5f539fd0aa1315ce7,2026-07-18T19:39:33+07:00,github.com/ngamux/ngamux,1.24.0,EMPTY_GT,0,0,0
nicklaw5__go-respond,https://github.com/nicklaw5/go-respond,82f97ac85a76040f8dac64a939f8acf0654ac795,2021-09-25T06:07:24+10:00,command-line-arguments,,EMPTY_GT,0,0,0
nicola-strappazzon__password-manager,https://github.com/nicola-strappazzon/password-manager,5b7de5bb11d033a3a9c152fc68d6f2a12bb396e2,2026-07-14T22:52:11+02:00,github.com/nicola-strappazzon/password-manager,1.24.0,OK,12,16,42
nikhilsaraf__go-tools,https://github.com/nikhilsaraf/go-tools,3aa526612e8b6b564cf26c31bd9a7f17c03e32cb,2019-03-27T12:16:58-07:00,command-line-arguments,,EMPTY_GT,0,0,0
nikogura__gomason,https://github.com/nikogura/gomason,4ffa529178835f0a931aafa4fa1b514fac0a961f,2026-02-10T12:40:12-08:00,github.com/nikogura/gomason/v2,1.22,OK,13,14,31
nikolaydubina__fpdecimal,https://github.com/nikolaydubina/fpdecimal,6b5d661b38321353d1ef674f03668b403ffabc31,2026-06-07T03:27:18+07:00,github.com/nikolaydubina/fpdecimal,1.21,EMPTY_GT,,,
nikolaydubina__fpmoney,https://github.com/nikolaydubina/fpmoney,b14cc5504bbb8500690d8cf9ae4349e9d0d34a01,2026-06-07T03:27:00+07:00,github.com/nikolaydubina/fpmoney,1.24,OK,0,0,2
nikolaydubina__go-instrument,https://github.com/nikolaydubina/go-instrument,d25129795c9c6dcf6136ca4fc270548e2bb2cfbe,2026-06-07T03:23:20+07:00,github.com/nikolaydubina/go-instrument,1.24,OK,1,1,9
nikolaydubina__go-ml-benchmarks,https://github.com/nikolaydubina/go-ml-benchmarks,2656e80bce5dc558c85f765f0dcd904d8beca721,2026-06-07T03:27:30+07:00,command-line-arguments,,EMPTY_GT,0,0,0
nikolaydubina__htmljson,https://github.com/nikolaydubina/htmljson,5a88718f3d2c7007ced7900f471c85cf02c0c2f3,2026-06-07T03:27:47+07:00,github.com/nikolaydubina/htmljson,1.20,EMPTY_GT,0,0,1
nikolaydubina__htmlyaml,https://github.com/nikolaydubina/htmlyaml,72e10cd4e164f9577b8fc286a6d46b1ec30902b7,2026-06-07T03:28:04+07:00,github.com/nikolaydubina/htmlyaml,1.20,EMPTY_GT,0,0,1
nikolaydubina__jsonl-graph,https://github.com/nikolaydubina/jsonl-graph,2b1ae0f9828cda5c24afc6e170ad7ae91b1df260,2026-01-31T12:31:01+08:00,github.com/nikolaydubina/jsonl-graph,1.17,OK,1,1,2
nil-go__konf,https://github.com/nil-go/konf,e90325e6ffcc01c265ffdb79e3104b02b79dd5ed,2026-07-20T12:44:40+00:00,github.com/nil-go/konf,1.24.0,EMPTY_GT,0,0,0
ninedraft__gocryforhelp,https://github.com/ninedraft/gocryforhelp,b83de1d0776798df19312a7d3b8b1165c5062d1c,2017-09-23T17:04:03+03:00,command-line-arguments,,EMPTY_GT,0,0,0
nitishm__go-rejson,https://github.com/nitishm/go-rejson,d2aa875760e4d37ba15d67270d5b20b44d3f19a5,2023-03-31T11:32:35+05:30,github.com/nitishm/go-rejson/v4,1.14,OK,4,4,14
nlpodyssey__spago,https://github.com/nlpodyssey/spago,3130dda657565c0b6b8e494070d8c35a037eee4e,2025-04-01T12:17:42+02:00,github.com/nlpodyssey/spago,1.21,OK,1,5,14
no-src__log,https://github.com/no-src/log,35de3561c26628093bd3e563d1c2cabcc1a43b5d,2025-11-24T14:23:28+08:00,github.com/no-src/log,1.19,OK,1,1,3
noelyahan__mergi,https://github.com/noelyahan/mergi,221cd737ac6b2bfee93d453bc47d77898b96ee4b,2024-11-05T11:28:07+05:30,command-line-arguments,,EMPTY_GT,0,0,0
nofeaturesonlybugs__set,https://github.com/nofeaturesonlybugs/set,efdaca52797852b2d8cc40614646bcf2809635ba,2022-06-12T09:14:17-07:00,github.com/nofeaturesonlybugs/set,1.16,EMPTY_GT,0,4,7
noneback__go-taskflow,https://github.com/noneback/go-taskflow,fa25657f5be3bfb5d21844c215de0c2864447893,2026-06-27T18:45:13+08:00,github.com/noneback/go-taskflow,1.21.6,EMPTY_GT,0,0,0
norunners__vert,https://github.com/norunners/vert,106a353d42dd02e8824e44c471fe253633e1462e,2022-12-02T23:58:38-08:00,github.com/norunners/vert,1.16,EMPTY_GT,0,0,0
novalagung__gubrak,https://github.com/novalagung/gubrak,b516a7e51d8890f3a693eacedef231328fd79fd7,2026-05-02T04:30:55-07:00,github.com/novalagung/gubrak/v2,1.18,EMPTY_GT,0,5,8
nproc__parseargs-go,https://github.com/nproc/parseargs-go,4cb98496e521562d12f9da481a744ad97e62d90a,2017-01-24T19:53:56-02:00,command-line-arguments,,EMPTY_GT,0,0,0
nsf__gocode,https://github.com/nsf/gocode,91e26af1d20f5ffbbba04ae891f484785f94a57b,2026-02-07T11:07:52+05:00,command-line-arguments,,EMPTY_GT,0,0,0
nstratos__go-myanimelist,https://github.com/nstratos/go-myanimelist,34cf2da87a0fe2cc216e07a36e66cb1b90cb4d14,2026-05-31T15:50:34+03:00,github.com/nstratos/go-myanimelist,1.23.0,OK,1,1,4
nullism__bqb,https://github.com/nullism/bqb,1583ab94ae4dab342319f2eb49df410bbc36f220,2025-02-11T07:21:29-07:00,github.com/nullism/bqb,1.20,EMPTY_GT,,,
nullne__evaluator,https://github.com/nullne/evaluator,bae92dd254176378140491cffed712facb595155,2021-07-25T21:59:50+08:00,github.com/nullne/evaluator,1.14,EMPTY_GT,0,0,1
number571__go-peer,https://github.com/number571/go-peer,e121fcc699e1e1340b77930aded8faf766e568c8,2026-06-03T12:02:27+07:00,github.com/number571/go-peer,1.23,EMPTY_GT,,,
nyaosorg__go-readline-ny,https://github.com/nyaosorg/go-readline-ny,56999586c2f61d89d49bb73808d9b6f532024e67,2026-05-10T14:14:19+09:00,github.com/nyaosorg/go-readline-ny,1.18,OK,9,9,13
nytlabs__streamtools,https://github.com/nytlabs/streamtools,e8f4fe069fc28749e54f6e6354ed2ffb0e0948a1,2015-04-01T21:29:13-04:00,command-line-arguments,,EMPTY_GT,0,0,0
o1egl__govatar,https://github.com/o1egl/govatar,31618c34a7ae828c61629e022b1654e4ec552628,2022-07-29T13:21:00+02:00,github.com/o1egl/govatar,1.16,OK,4,8,13
o1egl__paseto,https://github.com/o1egl/paseto,0757ff684e6cd99a5ae7a778f8a5e32364872245,2022-09-05T12:18:33+02:00,github.com/o1egl/paseto/v2,1.14,OK,4,8,13
oaStuff__clusteredBigCache,https://github.com/oaStuff/clusteredBigCache,638bef3e201e6d0c289dc9d891816b70adca31cd,2018-01-22T23:02:53+01:00,command-line-arguments,,EMPTY_GT,,,
oaswrap__spec,https://github.com/oaswrap/spec,30aa75affdf3223b912e192e09eae22380fd4b1a,2026-05-12T09:37:49+07:00,,1.22,EMPTY_GT,0,0,0
octomation__go-module,https://github.com/octomation/go-module,efe80d1057a1a2214a9109c67b7b88e472d4f4bb,2023-12-28T08:18:11+03:00,go.octolab.org/template/module,1.11,OK,1,1,2
oklog__ulid,https://github.com/oklog/ulid,96c4edf226ef639c92f96f42c7c2a161ae0e1a66,2024-04-13T20:09:41+02:00,github.com/oklog/ulid/v2,1.15,OK,1,1,2
olebedev__emitter,https://github.com/olebedev/emitter,349169dec2bac8be8f96cbc413f4c3813e979115,2023-04-11T05:06:14+00:00,command-line-arguments,,EMPTY_GT,0,0,0
olivere__elastic,https://github.com/olivere/elastic,4cdb89f6e627228e7cb3b53e1b1ef8630cc71a0a,2024-08-08T09:48:36+02:00,github.com/olivere/elastic/v7,1.17,OK,13,15,54
oluwajubelo1__otellix,https://github.com/oluwajubelo1/otellix,a2db3850a0d881ff4b4aeb4f985dfc8d569d2aab,2026-05-05T22:19:14+01:00,github.com/oluwajubelo1/otellix,1.23.0,OK,64,64,304
onrik__ethrpc,https://github.com/onrik/ethrpc,c02e7c03ecd7d718289a4a15f92afd03712b18ff,2023-06-27T10:18:27+03:00,github.com/onrik/ethrpc,1.19,EMPTY_GT,,,
onrik__micha,https://github.com/onrik/micha,8a3e847af1d47fcf05398431e935ca063028b561,2026-03-19T12:49:33+03:00,github.com/onrik/micha,1.22,EMPTY_GT,,,
opensaucerer__barf,https://github.com/opensaucerer/barf,af0325054a490a52e59a6fea179b9fa5b7e55525,2023-12-09T14:01:14+01:00,github.com/opensaucerer/barf,1.18,EMPTY_GT,0,0,1
openshift__osin,https://github.com/openshift/osin,0f4d38c6e53fa6b5631fb3942222a9238e8e1be9,2022-03-17T03:53:46-04:00,github.com/openshift/osin,1.15,OK,7,7,14
openziti__sdk-golang,https://github.com/openziti/sdk-golang,317dc7c6aaacfb1fdd5921ad6af34aa1ca76fc4d,2026-07-02T16:20:43-04:00,github.com/openziti/sdk-golang/v2,1.25.0,OK,76,80,249
opnlabs__dot,https://github.com/opnlabs/dot,67cf6f958fb80faa947ec9da3c35e0d3cdb45a23,2024-04-19T18:46:14+05:30,github.com/opnlabs/dot,1.21.3,OK,29,32,55
optimus-hft__go-ipmux,https://github.com/optimus-hft/go-ipmux,90404d59b79920e6690fee5a5ebd4ec7fc23265c,2024-03-06T19:48:50+03:30,github.com/optimus-hft/go-ipmux,1.21,OK,15,19,101
oracle__coherence-go-client,https://github.com/oracle/coherence-go-client,151680427320c2aa1247f4a22874fed1a76b7db9,2026-04-27T18:11:02+02:00,github.com/oracle/coherence-go-client/v2,1.23.0,OK,7,7,41
oras-project__oras,https://github.com/oras-project/oras,475edeed366a6d253327af0c8b217202d1ba43e0,2026-07-20T06:47:00-06:00,oras.land/oras,1.25.7,OK,22,22,42
osamingo__checkdigit,https://github.com/osamingo/checkdigit,5504ad353007f4ee0c842fb072d8e6d264583f8a,2025-03-28T14:49:11+09:00,github.com/osamingo/checkdigit,1.24,EMPTY_GT,0,0,1
osamingo__gaurun-client,https://github.com/osamingo/gaurun-client,800644a698b787454819eca189a1c93613bac637,2018-07-23T22:22:48+09:00,command-line-arguments,,EMPTY_GT,0,0,0
osamingo__gosh,https://github.com/osamingo/gosh,5229d132c5d76593fad7186337c2cccce1204f35,2025-03-22T22:51:59+09:00,github.com/osamingo/gosh,1.24,EMPTY_GT,,,
osamingo__jsonrpc,https://github.com/osamingo/jsonrpc,b454ff845b43a8f8ba77c7cb7cc86a43fcb1bb25,2025-03-28T14:49:58+09:00,github.com/osamingo/jsonrpc/v2,1.24,OK,7,10,14
osrg__gobgp,https://github.com/osrg/gobgp,3e854ce8f677365b2070bd3f29b7e59ae1171b00,2026-07-20T10:28:35+02:00,github.com/osrg/gobgp/v4,1.25.0,OK,45,51,129
osteele__tuesday,https://github.com/osteele/tuesday,32b7b2c682a26bcbd4db96613ca7b6aae18509e2,2026-02-26T20:45:11+08:00,github.com/osteele/tuesday,1.25,EMPTY_GT,0,0,0
ostrost__ostent,https://github.com/ostrost/ostent,,,command-line-arguments,,EMPTY_GT,,,
otiai10__copy,https://github.com/otiai10/copy,5ef5923d6ff098ea7a51792c1ec963d04fad9794,2025-01-05T18:29:22+09:00,github.com/otiai10/copy,1.18,OK,2,3,4
otiai10__gosseract,https://github.com/otiai10/gosseract,a3b1d1fad77a91c8efa2cf2adab453c637b9a9ad,2026-01-17T01:26:50+09:00,github.com/otiai10/gosseract/v2,1.21,EMPTY_GT,,,
ovh__utask,https://github.com/ovh/utask,0a8f5b91092bc9591bb3e87bb4c232f023282338,2026-04-07T13:45:23+02:00,github.com/ovh/utask,1.24.0,OK,84,85,161
oxyno-zeta__s3-proxy,https://github.com/oxyno-zeta/s3-proxy,830281cdda4b11b181133fe78c9daa72e6021057,2026-05-05T21:57:14+02:00,github.com/oxyno-zeta/s3-proxy,1.26.0,EMPTY_GT,0,0,0
ozgio__strutil,https://github.com/ozgio/strutil,6e091d33fe242d0d42d3eb781461465f6c68f6dc,2021-10-26T02:02:06+02:00,github.com/ozgio/strutil,1.15,EMPTY_GT,0,0,1
ozontech__testo,https://github.com/ozontech/testo,3510acd281b1c27d4f8eab2e5f87c2881e6ad619,2026-07-17T13:56:23+03:00,github.com/ozontech/testo,1.24,EMPTY_GT,,,
pancsta__asyncmachine-go,https://github.com/pancsta/asyncmachine-go,c5987e0f7e3df7aa0da57e74b4d831b2bde1da3c,2026-07-03T17:21:43+02:00,github.com/pancsta/asyncmachine-go,1.25.0,OK,232,270,552
panjf2000__ants,https://github.com/panjf2000/ants,107e37678122b00e1b365636ce4f80623ba41579,2026-07-04T16:40:44+08:00,github.com/panjf2000/ants/v2,1.19,OK,1,5,8
panjf2000__gnet,https://github.com/panjf2000/gnet,441457f07983e2e2fbc12a33c05fa68ffdc5ee47,2026-07-03T21:13:05+08:00,github.com/panjf2000/gnet/v2,1.20,OK,7,11,17
pantrif__url-shortener,https://github.com/pantrif/url-shortener,5dadc9e73de795dca28a21ca6e49e390a19bffdc,2023-02-06T12:28:51+02:00,github.com/pantrif/url-shortener,1.19,OK,2,3,4
paololazzari__play,https://github.com/paololazzari/play,755a88754ccdbe185c4bf93c8ac191b1a26071eb,2025-03-28T19:56:00+01:00,github.com/paololazzari/play,1.18,OK,14,14,32
pardnchiu__go-scheduler,https://github.com/pardnchiu/go-scheduler,c62a9e53d25477b58c2fbe4a011f8eacf60298f8,2026-07-18T06:42:11+08:00,github.com/pardnchiu/go-scheduler,1.23,EMPTY_GT,0,4,7
parsyl__parquet,https://github.com/parsyl/parquet,92fcb6db3721c79e344be26a049f14835a41198d,2025-04-17T08:01:05-06:00,github.com/parsyl/parquet,1.20,OK,3,8,11
pascaldekloe__colfer,https://github.com/pascaldekloe/colfer,6365466e2d8208a536dfb7bca82d81216813061c,2026-02-26T16:48:03+01:00,github.com/pascaldekloe/colfer,1.18,OK,3,4,15
pascaldekloe__metrics,https://github.com/pascaldekloe/metrics,b8fd78f9c1f5ca4c130919f7aa927c331aec6a02,2023-03-22T16:55:11+01:00,github.com/pascaldekloe/metrics,1.19,EMPTY_GT,0,0,0
pashagolub__pgxmock,https://github.com/pashagolub/pgxmock,c777857f7b73dca8b9b9bc55120f1ab18da928c1,2026-07-17T21:46:05+02:00,github.com/pashagolub/pgxmock/v5,1.25.0,OK,6,10,20
patrikeh__go-deep,https://github.com/patrikeh/go-deep,a2775168ab3dd45487c31cc05fb733d55d21853e,2023-04-27T19:39:08+02:00,github.com/patrikeh/go-deep,1.13,EMPTY_GT,0,3,4
paulmach__osm,https://github.com/paulmach/osm,4f398c4aa98299befea02dc78d1c29d5e31ab4c9,2026-06-21T16:16:07-07:00,github.com/paulmach/osm,1.23,OK,5,6,40
pavlo__gosuite,https://github.com/pavlo/gosuite,d5a3671820d501f293e3d869479251befb8586ef,2016-10-18T19:53:15+03:00,command-line-arguments,,EMPTY_GT,0,0,0
paypal__gatt,https://github.com/paypal/gatt,4ae819d591cfc94c496c45deb55928469542beec,2015-10-11T15:09:35-07:00,command-line-arguments,,EMPTY_GT,0,0,0
pdfcpu__pdfcpu,https://github.com/pdfcpu/pdfcpu,7bde99e930bac475b1fbcbd8c28b25a209b1009c,2026-07-01T03:06:18+02:00,github.com/pdfcpu/pdfcpu,1.25.0,OK,12,12,24
pebbe__textcat,https://github.com/pebbe/textcat,f236d69afd14e7bf1645cd56ba417db11aebf8ef,2024-12-06T18:06:22+01:00,github.com/pebbe/textcat,1.16,OK,1,1,2
pebbe__zmq4,https://github.com/pebbe/zmq4,17bb8b515232fb041ca389fd0c0069943e7df1df,2025-07-06T15:32:41+02:00,github.com/pebbe/zmq4,1.16,EMPTY_GT,,,
pelletier__go-toml,https://github.com/pelletier/go-toml,686c980c47581bf19b6119b60e9a59f2aed04170,2026-07-18T16:18:43-04:00,github.com/pelletier/go-toml/v2,1.21.0,EMPTY_GT,0,0,1
pemistahl__lingua-go,https://github.com/pemistahl/lingua-go,a440fc12f15b142f9c6c7b1eb95375fe5ac0f3e7,2024-12-17T16:22:57+01:00,github.com/pemistahl/lingua-go,1.18,OK,3,7,16
percolate__charlatan,https://github.com/percolate/charlatan,bae969735aeef4e15da9bbc0699c616b0d5a29a2,2023-03-16T13:10:47-04:00,command-line-arguments,,EMPTY_GT,0,0,0
percolate__retry,https://github.com/percolate/retry,4b5d811bf1f20c58ae2e26e9e45cd026ea271a61,2023-03-16T14:34:48-04:00,command-line-arguments,,EMPTY_GT,0,0,0
pesos__grofer,https://github.com/pesos/grofer,2346617648269698bf9234c5d650a8553109f14e,2022-01-11T11:32:22+05:30,github.com/pesos/grofer,1.16,OK,42,42,381
peterstace__simplefeatures,https://github.com/peterstace/simplefeatures,9e03a2bbabf20c3e621312009c5a690e9f1e7b99,2026-03-30T16:32:47+11:00,github.com/peterstace/simplefeatures,1.18,OK,2,2,4
phelmkamp__valor,https://github.com/phelmkamp/valor,86455b2420f118ecb2dd74fd8234d277f5123445,2022-10-18T21:45:32-04:00,github.com/phelmkamp/valor,1.19,EMPTY_GT,0,0,0
philipjkim__goreadability,https://github.com/philipjkim/goreadability,0f3b4a11b3121176ab9c3029f5b0d5f39538680d,2019-04-22T18:46:28+09:00,command-line-arguments,,EMPTY_GT,,,
philippgille__gokv,https://github.com/philippgille/gokv,c96b6b6bc37395a7ebe85f61797124751ba0097a,2025-06-29T19:30:28+02:00,github.com/philippgille/gokv,1.20,EMPTY_GT,0,0,0
phuslu__log,https://github.com/phuslu/log,,,,,EMPTY_GT,0,0,0
piaohao__godis,https://github.com/piaohao/godis,72d439c918f28d4f47bb8e00997f37fd76e65e20,2020-05-12T15:06:27+08:00,github.com/piaohao/godis,,OK,1,4,7
piglig__go-qr,https://github.com/piglig/go-qr,832517b8dd4c5f48188211c0c6691c6ac38b0363,2026-05-29T20:32:58+09:00,github.com/piglig/go-qr,1.21,EMPTY_GT,0,4,7
pilosa__go-pilosa,https://github.com/pilosa/go-pilosa,17aa03ae34a4187aefea9619c90833d08a132c00,2022-09-27T14:00:01-07:00,github.com/pilosa/go-pilosa,1.12,OK,5,5,168
pions__webrtc,https://github.com/pions/webrtc,21f6d7ad2c5a4159b56f7eec877738c34b4d66d3,2026-07-17T15:18:11-04:00,github.com/pion/webrtc/v4,1.24.0,EMPTY_GT,,,
pioz__faker,https://github.com/pioz/faker,bad794668215f769e6ebedc63831397efdd83c57,2023-10-06T11:37:56+02:00,github.com/pioz/faker,1.14,EMPTY_GT,,,
pjebs__optimus-go,https://github.com/pjebs/optimus-go,c9dc21dd966a13a28f3e5bc89004cc188637be9b,2020-05-04T10:14:24+10:00,github.com/pjebs/optimus-go,,EMPTY_GT,,,
pkg__errors,https://github.com/pkg/errors,87f8819acf6dc28bf5d3c14b334268236d686f48,2026-03-27T08:10:00-07:00,command-line-arguments,,EMPTY_GT,,,
pkg__profile,https://github.com/pkg/profile,1ac3e9a1c69f55d2f3b5304bcc4e18a9525a92d6,2022-10-20T12:34:01+11:00,github.com/pkg/profile,1.13,OK,2,2,14
plandem__xlsx,https://github.com/plandem/xlsx,89ef34338a1d0268f511cc7e27da63c154956eef,2019-11-02T13:03:00-04:00,github.com/plandem/xlsx,1.12,OK,1,4,7
plar__go-adaptive-radix-tree,https://github.com/plar/go-adaptive-radix-tree,bdbea33ddf359a660e4f7739e09ed4d003bb6814,2025-11-21T14:40:57-08:00,github.com/plar/go-adaptive-radix-tree/v2,1.18,EMPTY_GT,0,4,7
plusvic__yara,https://github.com/plusvic/yara,ed0c4a5f0c942dc9daf7b066e40c3dbadf17515a,2020-03-13T09:44:51-07:00,command-line-arguments,,EMPTY_GT,0,0,0
pointlander__peg,https://github.com/pointlander/peg,792d23c3bf85af878faf2541feef19a66cf4363a,2026-05-24T17:49:47-05:00,github.com/pointlander/peg,1.25,EMPTY_GT,0,0,0
polaris1119__The-Golang-Standard-Library-by-Example,https://github.com/polaris1119/The-Golang-Standard-Library-by-Example,c466fcc58c288e6bc93b02769b799c3c7a4eb56b,2022-03-06T22:50:52+08:00,command-line-arguments,,EMPTY_GT,0,0,0
posener__client-timing,https://github.com/posener/client-timing,693d229b26ce0c39ed480c729af13e396f30c5cd,2018-02-26T21:20:44+02:00,command-line-arguments,,EMPTY_GT,0,0,0
posener__complete,https://github.com/posener/complete,9a4745ac49b29530e07dc2581745a218b646b7a3,2020-12-08T06:56:21+02:00,github.com/posener/complete,1.13,OK,2,6,9
posener__ctxutil,https://github.com/posener/ctxutil,a8b16032bf003223571ef4b69b608c353c64b8ae,2019-08-02T10:03:18+03:00,github.com/posener/ctxutil,1.12,EMPTY_GT,,,
posener__wstest,https://github.com/posener/wstest,61dfd9c6936efd3d93dfd05f77d8d7d65a6dc14c,2020-12-30T23:32:22+02:00,github.com/posener/wstest,1.13,OK,1,5,8
prashantgupta24__activity-tracker,https://github.com/prashantgupta24/activity-tracker,015844e45664f5224e4f65f355c1c1f1476761cc,2023-10-13T14:34:09-07:00,github.com/prashantgupta24/activity-tracker,1.21.0,OK,18,22,39
prashantgupta24__go-clip,https://github.com/prashantgupta24/go-clip,be5e51bff4cff37faaf1745a066a4b87525b02e3,2021-02-05T09:36:11-08:00,github.com/prashantgupta24/go-clip,1.14,OK,21,25,48
prashantgupta24__mac-sleep-notifier,https://github.com/prashantgupta24/mac-sleep-notifier,4660ee703786c1488c0cf3904cb8e9f18c23070c,2019-06-17T08:59:37-07:00,github.com/prashantgupta24/mac-sleep-notifier,,EMPTY_GT,0,3,5
pravj__geopattern,https://github.com/pravj/geopattern,fe9aff9dff28e03f912d01846f8f00bf462363c4,2017-05-10T00:12:50+05:30,command-line-arguments,,EMPTY_GT,0,0,0
presbrey__go-multiproxy,https://github.com/presbrey/go-multiproxy,aa14babfcc574500080eabc6b49d73f054112fb3,2025-07-03T10:42:55-04:00,github.com/presbrey/go-multiproxy,1.22.5,OK,2,7,14
presbrey__ollamafarm,https://github.com/presbrey/ollamafarm,862d7f6211f48507e019bb6e4c7f587b8fc77c99,2026-06-23T14:02:46-04:00,github.com/presbrey/ollamafarm,1.24.1,OK,8,8,105
pressly__sup,https://github.com/pressly/sup,17c751e8ca547e2ef7fb5b6b2017543cd7172a05,2022-01-21T16:10:34+01:00,github.com/pressly/sup,1.13,OK,5,5,13
prest__prest,https://github.com/prest/prest,e158f89cfb15df574acb16b6b0c72b6e8c5a3656,2026-07-17T23:01:31-06:00,github.com/prest/prest/v2,1.26.0,OK,47,48,85
profe-ajedrez__obreron,https://github.com/profe-ajedrez/obreron,a05e498faf244e4347c27035aed3efd2e8f5389c,2025-10-21T10:52:06-03:00,github.com/profe-ajedrez/obreron,1.20,EMPTY_GT,0,0,1
psampaz__gothanks,https://github.com/psampaz/gothanks,4de29d56c24676ffd1cfafd68a24c1355c608311,2023-02-18T12:06:53+01:00,github.com/psampaz/gothanks,1.13,OK,5,5,33
psampaz__slice,https://github.com/psampaz/slice,c5bd6e8e53c7c45a17e0228293377ca915fcf15f,2020-04-09T18:24:05+03:00,github.com/psampaz/slice,1.13,EMPTY_GT,0,0,0
pterm__pterm,https://github.com/pterm/pterm,bacb2fc434b361b8951d1c7649c2029b1d7b6a83,2026-07-11T23:14:09+02:00,github.com/pterm/pterm,1.26.0,OK,10,14,30
pupizoid__ormlite,https://github.com/pupizoid/ormlite,52ede1f5663cf597cba2334e68737a43d662eeb1,2023-01-30T12:42:23+03:00,github.com/pupizoid/ormlite,1.19,OK,4,7,8
qiniu__checkstyle,https://github.com/qiniu/checkstyle,e47d31cae315c582769a54e3edfc36a4bb52b305,2018-11-22T15:30:30+08:00,command-line-arguments,,EMPTY_GT,0,0,0
qiniu__qmgo,https://github.com/qiniu/qmgo,e33480f02047fff90f7f7f681d5b1a44a4cf5f97,2025-07-05T13:44:28+08:00,github.com/qiniu/qmgo,1.16,OK,16,21,33
qmuntal__gltf,https://github.com/qmuntal/gltf,12f8bef4dafe34c8588fcc640f09fc9828171906,2026-05-28T11:07:37+02:00,github.com/qmuntal/gltf,1.20,EMPTY_GT,0,1,2
qmuntal__opc,https://github.com/qmuntal/opc,8cd781bb17480332ecf9332e9acdbd85aa867970,2023-12-01T12:48:34+01:00,github.com/qmuntal/opc,1.13,EMPTY_GT,0,4,5
qmuntal__stateless,https://github.com/qmuntal/stateless,baed0e505321437ea631845ab7d67ea3cddc9647,2026-02-10T15:09:50+01:00,github.com/qmuntal/stateless,1.24,EMPTY_GT,,,
quagmt__udecimal,https://github.com/quagmt/udecimal,c9f302d60acf8142f608b419c5c95134f05969ae,2026-06-12T08:32:52+07:00,github.com/quagmt/udecimal,1.23,EMPTY_GT,0,0,0
quantumcycle__metaerr,https://github.com/quantumcycle/metaerr,1ee9b6df5e3430efcc7172db670d621e608120b4,2026-06-15T22:42:12-04:00,,,EMPTY_GT,0,0,0
quii__mockingjay-server,https://github.com/quii/mockingjay-server,7b93ee8a98b7863322809695297f2a64e6cb9db9,2021-01-15T09:44:19+00:00,command-line-arguments,,EMPTY_GT,,,
qustavo__sqlhooks,https://github.com/qustavo/sqlhooks,7875602513fa745b19df8c03f4d31c00b61be6d4,2022-04-01T05:42:13+02:00,github.com/qustavo/sqlhooks/v2,1.13,OK,2,8,21
raeperd__kickstart.go,https://github.com/raeperd/kickstart.go,b58db9e85167244ed8dbe0c933e0ce01baf779e9,2026-05-06T23:02:30+09:00,github.com/raeperd/kickstart.go,1.26,EMPTY_GT,,,
rafael-santiago__cherry,https://github.com/rafael-santiago/cherry,8ea42c6e9670b7c419395ab835666eae7a03fda2,2016-12-14T06:17:46-09:00,command-line-arguments,,EMPTY_GT,0,0,0
rafaelespinoza__godfish,https://github.com/rafaelespinoza/godfish,1af08d6bff28db42f449e4427d381e5792ce7da6,2026-07-19T22:25:52-07:00,github.com/rafaelespinoza/godfish,1.25.0,OK,23,23,69
rafaeljesus__parallel-fn,https://github.com/rafaeljesus/parallel-fn,ef08331b38ac3cbc5371daaf9d223fe59edc4af8,2018-01-01T21:34:46+01:00,command-line-arguments,,EMPTY_GT,0,0,0
rafaeljesus__rabbus,https://github.com/rafaeljesus/rabbus,166a1aadf49c47f0fb3537743b973ce93d8939f1,2019-07-23T12:47:58+02:00,command-line-arguments,,EMPTY_GT,0,0,0
rafaeljesus__retry-go,https://github.com/rafaeljesus/retry-go,5981a380a87925ee03a78a7ff13574fabc804837,2017-12-14T21:46:23+01:00,command-line-arguments,,EMPTY_GT,0,0,0
rafaeljesus__tempdb,https://github.com/rafaeljesus/tempdb,f0a50446b50f17dd6ba930f58ba52aee39d81562,2018-02-14T20:03:10+01:00,command-line-arguments,,EMPTY_GT,0,0,0
rainu__go-command-chain,https://github.com/rainu/go-command-chain,ae77396a5a776818b0351844b470e81055ff6e54,2025-07-19T16:49:32+02:00,github.com/rainu/go-command-chain,1.23.0,OK,1,6,23
rajnandan1__go-tripper,https://github.com/rajnandan1/go-tripper,8d58e4f6df412cba0b822844acec86e1fc5f631f,2024-04-21T23:36:26+05:30,github.com/rajnandan1/go-tripper,1.15,EMPTY_GT,,,
rakyll__hey,https://github.com/rakyll/hey,5626f79b8698df6daf9b25799c9805c6acc96740,2026-01-10T12:54:37-08:00,github.com/rakyll/hey,1.24.0,OK,2,2,9
rapito__go-spotify,https://github.com/rapito/go-spotify,d2e340e7d18c4ddb9fbbc4318d76dea2d5a4e767,2024-09-09T12:33:26-04:00,go-spotify,1.21.0,OK,21,25,136
raszia__gotiny,https://github.com/raszia/gotiny,74c123087dcf885b4a5895c74ba777fe9afd8271,2024-01-16T18:02:31+03:30,github.com/raszia/gotiny,1.19,OK,1,1,2
ravsii__textra,https://github.com/ravsii/textra,396e8f09ee12302f07e51adb61091f0ea0667f26,2023-04-30T15:56:53+03:00,github.com/ravsii/textra,1.11,EMPTY_GT,0,0,1
razonyang__fastrouter,https://github.com/razonyang/fastrouter,4fe39d269c3dd9c78284556487b8b83bde1c31e0,2017-11-02T09:22:00+08:00,command-line-arguments,,EMPTY_GT,0,0,0
rbrahul__exception,https://github.com/rbrahul/exception,78764b6b70c698e80abfa770dd02f86ee71e944f,2022-11-21T05:49:30+01:00,github.com/rbrahul/exception,1.16,EMPTY_GT,,,
rbrahul__gofp,https://github.com/rbrahul/gofp,f9e8b9c2475e13ec2c63600ca2efdac402e7a305,2021-02-23T03:11:36+01:00,github.com/rbrahul/gofp,1.12,EMPTY_GT,,,
rbretecher__go-postman-collection,https://github.com/rbretecher/go-postman-collection,093c43487f1d8ca71ffcb5826874124f468fb768,2022-09-20T23:47:21+02:00,github.com/rbretecher/go-postman-collection,1.16,EMPTY_GT,0,4,10
rdrdr__hamcrest,https://github.com/rdrdr/hamcrest,a7d1dd0747109bc452ef2d9023a4aa759ae0c157,2021-01-07T13:29:21-08:00,command-line-arguments,,EMPTY_GT,0,0,0
reaganiwadha__grapher,https://github.com/reaganiwadha/grapher,e314017681fa812dd65ae5fe2fe7e85db801546c,2023-07-21T07:03:40+07:00,github.com/reaganiwadha/grapher,1.18,OK,1,12,27
recolude__unitpacking,https://github.com/recolude/unitpacking,a8c8274cb25cec5a3cb8f65d30a342f0e52e8af5,2021-04-17T12:32:28-05:00,github.com/recolude/unitpacking,1.15,OK,2,6,10
reedom__convergen,https://github.com/reedom/convergen,fffd19dbd6975baec384e430b0e6a5c40141898a,2025-09-20T11:34:42+09:00,github.com/reedom/convergen/v8,1.24.0,OK,4,9,16
reeflective__readline,https://github.com/reeflective/readline,d3aedcb78a338d37f719cd64bc97148d51efc94b,2026-07-06T00:06:05+02:00,github.com/reeflective/readline,1.25.0,OK,2,4,13
rekby__fastuuid,https://github.com/rekby/fastuuid,fa245d94bdb88dca87837eb391b859b3df86af73,2023-02-28T07:25:23+03:00,github.com/rekby/fastuuid,1.20,OK,1,5,8
rekby__fixenv,https://github.com/rekby/fixenv,26396019f09e2529584af7a0ae181d93013993ae,2025-10-25T16:58:04+03:00,github.com/rekby/fixenv,1.18,EMPTY_GT,,,
rekby__objwalker,https://github.com/rekby/objwalker,5a696cd98490792fc785da588fe01b6c03f5f5c2,2022-03-04T21:45:53+03:00,github.com/rekby/objwalker,1.17,EMPTY_GT,0,4,7
rekurt__go-propisyu,https://github.com/rekurt/go-propisyu,70e75e2b715fa0f3a092f03ecbb39d73081355e0,2026-05-21T11:41:59+03:00,github.com/rekurt/go-propisyu,1.22.0,OK,1,5,8
rekurt__gost-crypto,https://github.com/rekurt/gost-crypto,af0b48e285c8977f32f97c2011ca52b963618ac8,2026-04-10T23:24:15+03:00,github.com/rekurt/gost-crypto,1.22,EMPTY_GT,0,0,0
rekurt__ymsdk,https://github.com/rekurt/ymsdk,e2844cec2569b70063aefe3b9ba2f13f12302e20,2026-04-08T11:29:14+03:00,github.com/rekurt/ymsdk,1.25.1,OK,2,2,9
relvacode__iso8601,https://github.com/relvacode/iso8601,4ccd8a875d7c5e3599afc232347c67b0417ec831,2025-09-12T10:41:32+01:00,github.com/relvacode/iso8601,1.13,EMPTY_GT,0,0,1
repeale__fp-go,https://github.com/repeale/fp-go,5ac218abab9dd5793959087ab7f6df73fbc859e2,2022-12-01T22:31:08+01:00,github.com/repeale/fp-go,1.18,EMPTY_GT,,,
reugn__async,https://github.com/reugn/async,533dc33a7b8bc8443ae75b75ac0cd3cd0720f7a5,2026-01-23T17:22:09+02:00,github.com/reugn/async,1.23.0,EMPTY_GT,0,0,1
reugn__equalizer,https://github.com/reugn/equalizer,11d4adaf94377c6ab5d3fc2d434cd539de78cb73,2024-03-14T10:22:36+02:00,github.com/reugn/equalizer,1.19,EMPTY_GT,,,
reugn__go-quartz,https://github.com/reugn/go-quartz,139dd893183179ae3820dd78c26fdec9613ee31f,2026-01-20T09:40:55+02:00,github.com/reugn/go-quartz,1.21,EMPTY_GT,0,0,1
reugn__go-streams,https://github.com/reugn/go-streams,86444ed50ec3919596ef7bf9e97f69bc5a3fef3d,2026-01-14T17:04:41+02:00,github.com/reugn/go-streams,1.21.0,EMPTY_GT,0,0,1
rfberaldo__sqlz,https://github.com/rfberaldo/sqlz,3015f2d14bb903ea561ed4a1d0d34d2d16594b13,2026-07-08T15:27:29-03:00,github.com/rfberaldo/sqlz,1.24,EMPTY_GT,0,13,25
rhnvrm__simples3,https://github.com/rhnvrm/simples3,57fa0ece6fd9f951a536cd0ce0ad39c6912dbd14,2026-01-23T12:29:56+05:30,github.com/rhnvrm/simples3,1.25.0,EMPTY_GT,0,0,1
rhosocial__go-dag,https://github.com/rhosocial/go-dag,f3158087759b33e8c9fb36527725875ed5baad6f,2024-08-15T14:39:04+08:00,github.com/rhosocial/go-dag,1.20,EMPTY_GT,0,0,0
rhymond__go-money,https://github.com/rhymond/go-money,b43ce49343a684c955ffb1a4e4165b81db8989b7,2025-04-30T12:15:53+07:00,github.com/Rhymond/go-money,1.13,EMPTY_GT,0,0,1
ricardolonga__jsongo,https://github.com/ricardolonga/jsongo,459112a8028dfbecd765e6ee2bd775f4652f270c,2016-12-15T09:09:33-02:00,command-line-arguments,,EMPTY_GT,0,0,0
richardwilkes__unison,https://github.com/richardwilkes/unison,6ca859a7e0fc8b7a32387cc8cd1bebb82b80988f,2026-07-12T17:01:25-07:00,github.com/richardwilkes/unison,1.26.0,OK,14,14,25
rinchsan__device-check-go,https://github.com/rinchsan/device-check-go,57eb89b7b335243b3857814bfddabe22be0d04b3,2023-09-24T17:31:51+09:00,github.com/rinchsan/device-check-go/v2,1.21,OK,2,2,7
rjeczalik__interfaces,https://github.com/rjeczalik/interfaces,4586dfff9fe69b16dec7037a4b7e211fed7b08f3,2025-06-03T12:31:48+02:00,github.com/rjeczalik/interfaces,1.18,OK,1,1,7
rjeczalik__notify,https://github.com/rjeczalik/notify,6f12d5684fcf4da7cac0c44c1aeae5456e1e0e06,2026-06-01T09:16:52+02:00,github.com/rjeczalik/notify,1.26,OK,1,1,2
rjohnsondev__vim-compiler-go,https://github.com/rjohnsondev/vim-compiler-go,4aad97aad2b914e1a6c33b8eedb4620c8ffd2102,2016-06-29T08:00:10+10:00,command-line-arguments,,EMPTY_GT,0,0,0
rk__go-cron,https://github.com/rk/go-cron,e0dd106ca134e728a761057a9200dfea776dab56,2020-02-10T11:52:35-06:00,,,EMPTY_GT,0,0,0
rkoesters__xdg,https://github.com/rkoesters/xdg,7fe7ddaf8d164fa9a41545558a165cd7cd5425d8,2025-12-28T12:42:46-08:00,github.com/rkoesters/xdg,1.13,EMPTY_GT,0,0,1
rlmcpherson__s3gof3r,https://github.com/rlmcpherson/s3gof3r,864ae0bf7cf2e20c0002b7ea17f4d84fec1abc14,2017-02-09T19:40:45-05:00,command-line-arguments,,EMPTY_GT,0,0,0
rluders__httpsuite,https://github.com/rluders/httpsuite,9b55b5ec3e8514411f521588d38ccef565700cd3,2026-04-30T23:35:36-03:00,,1.23,EMPTY_GT,0,0,0
robfig__bind,https://github.com/robfig/bind,2e935d37177990c03269d0df86504f5dff3362ef,2014-08-16T13:03:50-04:00,,,EMPTY_GT,0,0,0
robfig__soy,https://github.com/robfig/soy,c50f1b6ba73823a8086f546415e613273cc2d1c9,2024-03-19T13:16:58-04:00,github.com/robfig/soy,1.12,OK,4,8,26
robinjoseph08__redisqueue,https://github.com/robinjoseph08/redisqueue,195b427f6d5d99c0986d9b219811155ecfc01ee8,2020-10-15T16:29:43-07:00,github.com/robinjoseph08/redisqueue/v2,1.12,OK,2,6,41
roblillack__spot,https://github.com/roblillack/spot,c3aafeeacd6d12b055a1baa8b1eaa95c5375d6a2,2024-12-19T09:17:07+01:00,github.com/roblillack/spot,1.21,EMPTY_GT,0,0,0
rocketlaunchr__dbq,https://github.com/rocketlaunchr/dbq,edab5e1151162737bd48e6dd04eec376c44063a2,2021-02-23T10:21:15+11:00,github.com/rocketlaunchr/dbq,1.12,OK,5,7,78
rocketlaunchr__igo,https://github.com/rocketlaunchr/igo,5a545e806e6ae5cc08549ebe3a2f994a22535d80,2020-04-06T17:25:31+10:00,command-line-arguments,,EMPTY_GT,0,0,0
romshark__sched,https://github.com/romshark/sched,4f9dc6985c7a7001a758b15a9432f448ae33e39f,2025-02-01T15:01:20+01:00,github.com/romshark/sched/v2,1.23,OK,3,7,16
rookie-ninja__rk-gin,https://github.com/rookie-ninja/rk-gin,0d3710f1915b3553d686308df8ecc69f326eba59,2024-04-09T19:37:11+08:00,github.com/rookie-ninja/rk-gin/v2,1.18,OK,67,70,213
rookii__paicehusk,https://github.com/rookii/paicehusk,d62367ab30c1dcbc5d7229ea3a3825bcd52bba26,2013-06-19T16:40:30+11:00,command-line-arguments,,EMPTY_GT,,,
roseduan__rosedb,https://github.com/roseduan/rosedb,bcb43052ada686ec6d1345328e8299f502d3ef01,2026-02-09T14:34:41+08:00,github.com/rosedblabs/rosedb/v2,1.21,OK,6,10,18
rqlite__rqlite,https://github.com/rqlite/rqlite,52415ca836cc8d40b5de27a3d619efddcc518298,2026-07-14T09:59:26-04:00,github.com/rqlite/rqlite/v10,1.26,EMPTY_GT,,,
rs__formjson,https://github.com/rs/formjson,2efca5adca48617e701c80789a6fee68fdbb87a0,2015-12-17T01:34:14-08:00,command-line-arguments,,EMPTY_GT,0,0,0
rs__xid,https://github.com/rs/xid,643d1614ad4439dfd583d696953a5a57dc5c17e9,2026-03-08T03:40:21+01:00,,1.16,EMPTY_GT,0,0,0
rs__xlog,https://github.com/rs/xlog,131980fab91b04c953b9dcb438298a7f06cf76cb,2017-12-27T11:52:59-07:00,command-line-arguments,,EMPTY_GT,0,0,0
rs__xmux,https://github.com/rs/xmux,d379109ea970568fad9197dd3795934ba1a85c05,2017-06-09T11:54:01-07:00,command-line-arguments,,EMPTY_GT,0,0,0
rsjethani__secret,https://github.com/rsjethani/secret,7d759130a9dee37c037d411b46ecfe85a051300e,2024-08-16T16:15:24+02:00,github.com/rsjethani/secret/v3,1.16,EMPTY_GT,0,0,1
rubyist__circuitbreaker,https://github.com/rubyist/circuitbreaker,aa1899571bdfc34ca5b981cd0144cca2759f282e,2024-05-15T14:59:34-04:00,github.com/rubyist/circuitbreaker,1.21.6,OK,2,3,4
rulego__rulego,https://github.com/rulego/rulego,06ea606ab639f2e7db77df81d7c3fea2993c46e0,2026-07-13T10:56:20+08:00,github.com/rulego/rulego,1.20,OK,18,18,38
russross__blackfriday,https://github.com/russross/blackfriday,e96880f42b9343aea6cbfd99693adae0e5fe2b2a,2020-10-26T23:46:40-04:00,github.com/russross/blackfriday,1.13,EMPTY_GT,0,0,0
s0ders__go-semver-release,https://github.com/s0ders/go-semver-release,81e437961f6e6cb1078f00b8e8a26a183910b3bf,2026-04-23T09:42:15+02:00,github.com/s0ders/go-semver-release/v8,1.25.3,OK,36,39,71
s0rg__decompose,https://github.com/s0rg/decompose,de6c01882f245fb7ecbaab0bc5bf7fcc463d0d0d,2026-06-13T12:42:36+03:00,github.com/s0rg/decompose,1.26,OK,26,26,70
s0rg__fantasyname,https://github.com/s0rg/fantasyname,1a63cadab4146e68663b02173f375ccdceb50288,2025-10-26T15:32:02+03:00,github.com/s0rg/fantasyname,1.25,OK,1,1,5
s0rg__grid,https://github.com/s0rg/grid,d740b2d8c93cc1b7e3d1a229805e0717fd8e32de,2025-12-09T03:31:35+03:00,github.com/s0rg/grid,1.25,OK,6,6,13
s0rg__quadtree,https://github.com/s0rg/quadtree,97508e2359c33e17ef6834219d1eebcddefbbe5a,2025-04-25T15:02:44+03:00,github.com/s0rg/quadtree,1.24,EMPTY_GT,0,0,1
sadlil__go-trigger,https://github.com/sadlil/go-trigger,cfc3d83007cddfc1e31a478aa47cd41de07fac17,2017-03-28T22:18:25+06:00,command-line-arguments,,EMPTY_GT,0,0,0
sagikazarmark__modern-go-application,https://github.com/sagikazarmark/modern-go-application,468a20bc42f96ffebae693a51b006b263b4a497e,2023-04-06T10:17:28+02:00,github.com/sagikazarmark/modern-go-application,1.17,OK,82,86,290
saleh-rahimzadeh__go-words,https://github.com/saleh-rahimzadeh/go-words,cc5e48be535750cd2e608cdfb5432141469246dc,2024-02-26T10:09:07+03:30,github.com/saleh-rahimzadeh/go-words,1.18,EMPTY_GT,,,
samber__lo,https://github.com/samber/lo,bb6e45518419e49b59a20a55de900df7698ad644,2026-07-16T10:31:26+02:00,github.com/samber/lo,1.18,OK,1,7,19
samber__slog-multi,https://github.com/samber/slog-multi,496352db9863fe3a57b13cfbd61e50038b5e14f2,2026-07-01T19:04:33+00:00,,1.22,EMPTY_GT,0,0,0
sanathp__statusok,https://github.com/sanathp/statusok,da193355eece3c8f87b8d055cb223dae197bd594,2020-01-31T23:32:07-08:00,command-line-arguments,,EMPTY_GT,0,0,0
sanbornm__go-selfupdate,https://github.com/sanbornm/go-selfupdate,e1c03e3d6ac7f1c43cf57c51a28cac3b31041ed0,2023-07-14T05:57:11-07:00,github.com/sanbornm/go-selfupdate,1.15,OK,1,1,2
sanbornm__mp,https://github.com/sanbornm/mp,9d110a3ca6c4338ea96476f23bd7cda6e6f269be,2016-05-11T12:40:54-07:00,command-line-arguments,,EMPTY_GT,0,0,0
sashabaranov__go-openai,https://github.com/sashabaranov/go-openai,5d7a276f4c0e48f97354fe555cb793b52e350e62,2025-10-21T20:27:33+01:00,github.com/sashabaranov/go-openai,1.18,EMPTY_GT,0,0,1
sashamelentyev__usestdlibvars,https://github.com/sashamelentyev/usestdlibvars,34f2c0b85ed46a9eb49cd9044fa7a3acd67249bd,2025-05-24T13:24:46+03:00,github.com/sashamelentyev/usestdlibvars,1.23.0,OK,3,3,9
savsgio__atreugo,https://github.com/savsgio/atreugo,fcff52152120ffb70ac877694a878358008895ab,2025-01-02T00:10:28+01:00,github.com/savsgio/atreugo/v11,1.21,OK,7,8,15
sbabiv__rmqconn,https://github.com/sbabiv/rmqconn,b2da70fe09ebfede6819257a4bbf24e00b541643,2020-01-27T12:57:24+03:00,command-line-arguments,,EMPTY_GT,0,0,0
sbabiv__xml2map,https://github.com/sbabiv/xml2map,4e66bcede180f7aad86d0339f36f32a7344fb4b6,2021-12-07T23:34:47+03:00,github.com/sbabiv/xml2map,1.17,EMPTY_GT,,,
schigh__circuit,https://github.com/schigh/circuit,efb5b520491e10836b7588002f7428335ee848d2,2026-03-29T22:10:02-04:00,github.com/schigh/circuit,1.22,EMPTY_GT,0,0,1
schigh__str,https://github.com/schigh/str,935c86c997e097786189b5c20a36026292433510,2026-03-29T22:16:59-04:00,github.com/schigh/str,1.24,EMPTY_GT,0,0,1
schollz__croc,https://github.com/schollz/croc,64230d7c223c57afad135d18466c97682892beb9,2026-07-20T09:20:42-07:00,github.com/schollz/croc/v10,1.25.0,OK,25,29,49
schollz__peerdiscovery,https://github.com/schollz/peerdiscovery,e0ee252378e1b36c6e9a70727043141556fc0d99,2025-01-09T06:08:10-08:00,github.com/schollz/peerdiscovery,1.13,OK,2,6,19
schollz__progressbar,https://github.com/schollz/progressbar,87dbc50586f3ee3a69059812db2358540516e400,2026-07-17T10:32:16-07:00,github.com/schollz/progressbar/v3,1.25.0,OK,5,11,15
scigolib__hdf5,https://github.com/scigolib/hdf5,8223748b68858d11377e14a1cde8c6e9e377c1d4,2026-06-25T22:42:42+03:00,github.com/scigolib/hdf5,1.25,EMPTY_GT,0,4,7
scigolib__matlab,https://github.com/scigolib/matlab,9bab1cf936d62366d02dd7158c868e8b82ee7e5c,2026-04-05T10:10:50+03:00,github.com/scigolib/matlab,1.25,EMPTY_GT,,,
sciter-sdk__go-sciter,https://github.com/sciter-sdk/go-sciter,7f18ada7f2f5758e0aa9e22340cb1abd6728f919,2022-04-04T09:33:22+03:00,command-line-arguments,,EMPTY_GT,0,0,0
sdqri__effdsl,https://github.com/sdqri/effdsl,05b936e5776a806bdab699ddec32350cd07d8263,2026-02-12T16:27:45+03:30,github.com/sdqri/effdsl/v2,1.18,EMPTY_GT,0,4,7
sdrapkin__guid,https://github.com/sdrapkin/guid,11de455242732505d25a011e66390747028feb0e,2026-07-08T15:27:22-04:00,github.com/sdrapkin/guid,1.24,OK,1,1,2
seanhagen__bradleyterry,https://github.com/seanhagen/bradleyterry,b73d7e0599b2603a8badf7c9c2c722555b1b7993,2019-05-02T11:10:22-07:00,github.com/seanhagen/bradleyterry,,EMPTY_GT,,,
sebest__logrusly,https://github.com/sebest/logrusly,3235eccb8edc74d09a3e9727b13cce44644188f1,2018-03-15T20:02:18+01:00,command-line-arguments,,EMPTY_GT,0,0,0
seborama__govcr,https://github.com/seborama/govcr,bb8afa156df5e82e4dbb1e8a0bf253550658b678,2026-04-25T23:17:43+01:00,github.com/seborama/govcr/v17,1.25.0,OK,16,28,34
segmentio__golines,https://github.com/segmentio/golines,b3563a80300708f80336c70c746bb81b3d0fe73e,2025-12-19T16:40:02-05:00,github.com/segmentio/golines,1.23.0,OK,18,21,48
seiflotfy__count-min-log,https://github.com/seiflotfy/count-min-log,8f4a18cb3eec790b2bdf3d2cf730763551e639f9,2025-03-04T04:04:48+01:00,github.com/seiflotfy/count-min-log,1.23.4,OK,1,1,2
seiflotfy__cuckoofilter,https://github.com/seiflotfy/cuckoofilter,a2f2c23f1771bc87e53bb9ddb453614ee549c816,2024-07-15T15:13:51+02:00,github.com/seiflotfy/cuckoofilter,1.15,OK,1,5,8
semihalev__sdns,https://github.com/semihalev/sdns,6f745fef3c0d2058044f20d98063bb6f0eac671a,2026-07-19T20:12:44+03:00,github.com/semihalev/sdns,1.26.0,OK,64,66,113
sendgrid__sendgrid-go,https://github.com/sendgrid/sendgrid-go,0f2bb79e71b9d73e40cb19a827089ed1252ab1d1,2025-05-29T12:11:32+00:00,command-line-arguments,,EMPTY_GT,0,0,0
sensepost__gowitness,https://github.com/sensepost/gowitness,4f562901bc2327b8e206fcd68a2767bd79a4634f,2026-04-22T19:27:56+02:00,github.com/sensepost/gowitness,1.26,OK,89,89,152
sergiotapia__smitego,https://github.com/sergiotapia/smitego,9654c6fc4739cef79da3fbab4b7f25810ebcaf5d,2014-07-18T11:50:52-04:00,command-line-arguments,,EMPTY_GT,0,0,0
sethgrid__pester,https://github.com/sethgrid/pester,32a1beba19bdd8dd2925f3122c3c2f9bd92c5698,2022-02-09T08:14:23-07:00,github.com/sethgrid/pester,1.14,EMPTY_GT,0,0,1
sgreben__piecewiselinear,https://github.com/sgreben/piecewiselinear,2e5d3add2ffb625369217a03a5cba682b8f9859b,2023-12-10T12:12:46+01:00,github.com/sgreben/piecewiselinear,1.15,EMPTY_GT,0,0,0
sgrodriguez__ddt,https://github.com/sgrodriguez/ddt,e7992d4767bfe3257536814d0cdbc58f66affa15,2021-01-24T23:54:20-03:00,github.com/sgrodriguez/ddt,1.15,EMPTY_GT,0,0,0
shafreeck__retry,https://github.com/shafreeck/retry,ed002877bbba3a57fc2e156e97efd2e2a54325e1,2020-02-11T11:47:02+08:00,github.com/shafreeck/retry,1.12,EMPTY_GT,0,0,1
shalakhin__gophericons,https://github.com/shalakhin/gophericons,7eeaebf0e2852cbfdb7408216bf7a805ceef57ab,2018-03-24T01:10:37+02:00,command-line-arguments,,EMPTY_GT,0,0,0
shenwei356__taxonkit,https://github.com/shenwei356/taxonkit,3f5c671524b6f62b4c7ac3ab59a2e8fb1e01d36f,2026-07-16T00:10:36+08:00,github.com/shenwei356/taxonkit,1.25.5,OK,31,31,75
sherifabdlnaby__configuro,https://github.com/sherifabdlnaby/configuro,3fd2d377fb191a90c5ad2cb4977c80405cc679b8,2022-09-25T12:51:03+02:00,github.com/sherifabdlnaby/configuro,,OK,23,23,116
shettyh__threadpool,https://github.com/shettyh/threadpool,b99fd8aaa9451aabc3d737e614c9a24a44d2a84c,2020-03-23T17:21:44+05:30,github.com/shettyh/threadpool,1.14,EMPTY_GT,0,0,1
shockerli__cvt,https://github.com/shockerli/cvt,147e4a498dc52ee78e5313354c6e3771199d2da4,2024-11-30T21:04:02+08:00,github.com/shockerli/cvt,1.13,EMPTY_GT,0,0,1
shomali11__util,https://github.com/shomali11/util,f0771b70947f1d04b0e6826d333ab3ed295b05a0,2022-07-17T13:51:26-04:00,github.com/shomali11/util,1.14,EMPTY_GT,,,
shomali11__xredis,https://github.com/shomali11/xredis,0b54a6bbf40b693dddfb6b7431c962ea7a9570a9,2019-06-08T10:36:38-04:00,github.com/shomali11/xredis,,OK,2,6,7
shopspring__decimal,https://github.com/shopspring/decimal,3090cc487febd78d6016c2859c66308328a40e99,2026-06-29T11:58:29+02:00,github.com/shopspring/decimal,1.10,EMPTY_GT,,,
shpota__goxygen,https://github.com/shpota/goxygen,47ce691cfac7ecde991afb8c1eabe9a9206c3434,2024-12-18T22:02:00+01:00,github.com/shpota/goxygen,1.21,EMPTY_GT,0,0,1
shurcooL__Go-Package-Store,https://github.com/shurcooL/Go-Package-Store,d13d54834edd0c3add2369e10cfc03be7a0a7c78,2023-07-10T21:41:50-04:00,github.com/shurcooL/Go-Package-Store,1.19,EMPTY_GT,0,0,1
shurcooL__githubql,https://github.com/shurcooL/githubql,2402fdf4a9edcf51ed3f2eab4dc57c6867b10eea,2026-02-08T22:12:35-05:00,github.com/shurcooL/githubv4,1.19,OK,2,2,4
shurcooL__gostatus,https://github.com/shurcooL/gostatus,bc14c17aeb4010a32a82a5e61c6061e48782be5c,2025-05-18T12:03:09-04:00,github.com/shurcooL/gostatus,1.19,OK,6,6,7
shurcooL__trayhost,https://github.com/shurcooL/trayhost,e0155a1cc8a838bc14cf57596bb4144a43b13cd5,2023-07-12T13:23:00-04:00,github.com/shurcooL/trayhost,1.19,EMPTY_GT,0,0,0
shurcooL__vfsgen,https://github.com/shurcooL/vfsgen,0000e147ea924cc540661f1ce3fbffa1f37cf05f,2023-07-04T03:14:29-04:00,github.com/shurcooL/vfsgen,1.19,OK,1,5,13
sillecelik__go-gopher,https://github.com/sillecelik/go-gopher,30186d3e08a277e3c4f3af6d2b8200dc2bec1dec,2025-01-28T18:21:11+00:00,command-line-arguments,,EMPTY_GT,0,0,0
simonnilsson__ask,https://github.com/simonnilsson/ask,1373413dacb1c325446eedf49736cb30b8a8b4b5,2026-07-04T14:11:09+02:00,github.com/simonnilsson/ask,1.17,EMPTY_GT,0,0,1
simukti__sqldb-logger,https://github.com/simukti/sqldb-logger,646c1a075551789f4694dd17081086d6ed940ee8,2023-01-08T22:51:51+07:00,github.com/simukti/sqldb-logger,1.17,EMPTY_GT,,,
sindresorhus__awesome,https://github.com/sindresorhus/awesome,7cb5c8371c0fe73e5444a42d5542f6280c38b1a6,2026-06-30T20:21:16+02:00,command-line-arguments,,EMPTY_GT,0,0,0
sinhashubham95__bleep,https://github.com/sinhashubham95/bleep,69630fa8d480a695da0b837d2abf0f0da7536d43,2021-01-06T09:11:34+05:30,github.com/sinhashubham95/bleep,1.15,OK,1,1,2
sipin__gorazor,https://github.com/sipin/gorazor,ce27319e593a0801a4cb26e4cab764365c0a6262,2026-06-01T12:15:16+08:00,github.com/sipin/gorazor,1.12,EMPTY_GT,0,0,0
sirnewton01__godbg,https://github.com/sirnewton01/godbg,46f41e62cbd948db57bfdc6be1a816d956c10943,2018-07-09T09:50:40-04:00,command-line-arguments,,EMPTY_GT,0,0,0
sj14__dbbench,https://github.com/sj14/dbbench,b723fecc9026536f36248758b226df591d39c6db,2026-07-02T18:44:21+02:00,github.com/sj14/dbbench,1.25.8,EMPTY_GT,,,
sjwhitworth__golearn,https://github.com/sjwhitworth/golearn,74ae077eafb245fa3bdca0288854b6d51f97fe60,2022-12-28T16:30:02+00:00,github.com/sjwhitworth/golearn,1.15,EMPTY_GT,0,0,0
skanehira__gjo,https://github.com/skanehira/gjo,15ee8be380a53bb6a51672a56cd134bb755077d4,2020-04-23T10:26:14+09:00,github.com/skanehira/gjo,1.12,EMPTY_GT,0,0,1
skelterjohn__geom,https://github.com/skelterjohn/geom,96f3e8a219c5f4276b0dda3568d80c4e02a50116,2018-01-03T09:24:17-05:00,command-line-arguments,,EMPTY_GT,0,0,0
skibish__ddns,https://github.com/skibish/ddns,4f19dd54673f40684c0aef9eaef2af86756e9c24,2025-05-01T19:52:46+03:00,github.com/skibish/ddns,1.24,OK,17,18,120
skovtunenko__graterm,https://github.com/skovtunenko/graterm,a294de03baa5e5bfde0d1d0ced418b7ba808fbf3,2025-02-23T23:40:11+01:00,github.com/skovtunenko/graterm,1.20,EMPTY_GT,0,1,8
slack-go__slack,https://github.com/slack-go/slack,03b520326dc8528cf63e3c9272ef4afc83c419d9,2026-07-20T10:27:48+01:00,github.com/slack-go/slack,1.25,OK,1,6,9
slack-io__slacker,https://github.com/slack-io/slacker,15e051adfab666ec5615cf8380952f3e21a313aa,2024-11-15T20:16:59-05:00,github.com/slack-io/slacker,1.21,OK,5,5,13
smallnest__go-web-framework-benchmark,https://github.com/smallnest/go-web-framework-benchmark,30dd41275bd4a48e264ce97a8c7146651e2c283d,2026-07-14T18:25:19+08:00,github.com/smallnest/go-web-framework-benchmark,1.26.5,OK,128,128,278
smallnest__rpcx,https://github.com/smallnest/rpcx,397d85be7f21d77bed7e5da010c2ebd14bb77c03,2026-07-07T16:41:46+08:00,github.com/smallnest/rpcx,1.26.0,OK,49,55,187
socifi__jazz,https://github.com/socifi/jazz,de4180400893c8ace4e8ebea18f1e31ffbc74f59,2019-03-20T09:36:47+01:00,command-line-arguments,,EMPTY_GT,0,0,0
solher__arangolite,https://github.com/solher/arangolite,5401eeb0ec344e6a5b1b571eda7b96960ec0e531,2021-03-10T18:27:12+01:00,github.com/solher/arangolite/v2,1.16,EMPTY_GT,,,
songgao__ether,https://github.com/songgao/ether,9fe60a3d78273e9285566feca707fec03e7840da,2016-04-04T21:55:33-05:00,command-line-arguments,,EMPTY_GT,,,
songgao__water,https://github.com/songgao/water,2b4b6d7c09d80835e5f13f6b040d69f00a158b24,2020-03-17T13:31:38-07:00,command-line-arguments,,EMPTY_GT,0,0,0
sonh__qs,https://github.com/sonh/qs,,,,,EMPTY_GT,,,
soniah__gosnmp,https://github.com/soniah/gosnmp,646a881490ca96f7932e879672c4c7a3a0f75f15,2026-04-02T07:16:39+02:00,github.com/gosnmp/gosnmp,1.24.0,OK,1,5,18
sosedoff__pgweb,https://github.com/sosedoff/pgweb,e4858a16d8e032730055289596ea9059a91bca64,2026-07-03T08:46:49-07:00,github.com/sosedoff/pgweb,1.25,OK,35,39,87
sostronk__go-steam,https://github.com/sostronk/go-steam,1e32cd58efde91914a2cf8fcd24043ab5bcf3488,2018-03-13T12:26:04+05:30,command-line-arguments,,EMPTY_GT,0,0,0
sourcegraph__zoekt,https://github.com/sourcegraph/zoekt,3c8b39b1ef4f8194cb912d7e6581cff9db224aa7,2026-07-17T11:53:32+02:00,github.com/sourcegraph/zoekt,1.25.9,OK,121,131,388
soypat__godesim,https://github.com/soypat/godesim,b778946abe2aaf1e763ad6673f7633cb8cc0eda3,2022-06-04T01:01:34-03:00,github.com/soypat/godesim,1.15,OK,2,2,38
soypat__natiu-mqtt,https://github.com/soypat/natiu-mqtt,c4d5dc13956f24520c41f66a054753a6eb38f897,2026-06-30T17:29:22-03:00,github.com/soypat/natiu-mqtt,1.19,EMPTY_GT,0,0,1
spatial-go__geoos,https://github.com/spatial-go/geoos,770e5d72757527ab0ef78735e4f44645dcdd9ead,2024-04-23T17:41:13+08:00,github.com/spatial-go/geoos,1.19,OK,2,2,7
speedata__go-lua,https://github.com/speedata/go-lua,99d26311cd8252dbae77d8410b9d7ce82c268064,2026-05-18T15:57:54+02:00,github.com/speedata/go-lua,1.22,EMPTY_GT,0,0,1
spf13__afero,https://github.com/spf13/afero,768f1fb0e5535b77d90e44c531aacd652aabd96a,2026-06-09T14:55:40-04:00,github.com/spf13/afero,1.25.0,OK,1,1,5
spf13__cobra,https://github.com/spf13/cobra,adbc8813901bba65827259daa8e22ff94ec1f30e,2026-07-10T20:43:07-04:00,github.com/spf13/cobra,1.15,OK,4,4,7
spf13__pflag,https://github.com/spf13/pflag,5fdac2d16c16d60605cb8baa887e8c5c38ef623f,2026-07-03T15:24:44+02:00,github.com/spf13/pflag,1.12,EMPTY_GT,0,0,1
srfrog__dict,https://github.com/srfrog/dict,1ce666229c0caee343f0f5c6e4b216e1edabee6c,2026-02-14T14:12:25-05:00,github.com/srfrog/dict,1.15,EMPTY_GT,0,4,7
ssgreg__stl,https://github.com/ssgreg/stl,5668d21a04d2db8dacef0b2477603b774c84587f,2019-10-01T14:56:36+03:00,command-line-arguments,,EMPTY_GT,0,0,0
stabbycutyou__buffstreams,https://github.com/stabbycutyou/buffstreams,20679e9ca31ad9ff33e5a1c3c4b90ec65e9a0b03,2016-04-16T09:46:48-04:00,command-line-arguments,,EMPTY_GT,0,0,0
stanipetrosyan__go-eventbus,https://github.com/stanipetrosyan/go-eventbus,dd2424f03edaccf00f0b5ace401369815cd8df12,2025-05-05T22:46:19+02:00,github.com/stanipetrosyan/go-eventbus,1.23,EMPTY_GT,0,0,0
staskobzar__goagi,https://github.com/staskobzar/goagi,849352c222e8c1965fe07cfd66f6db3b4a3cefa5,2024-06-20T20:26:00-04:00,,1.20,EMPTY_GT,0,0,0
staskobzar__goami2,https://github.com/staskobzar/goami2,fc1da78324aebb76a62c7916dc69b6d62b66e8b6,2026-02-02T15:27:06-05:00,github.com/staskobzar/goami2,1.21,EMPTY_GT,,,
steevin__neuron-cli,https://github.com/steevin/neuron-cli,0c7c26b576ee91d8fe57491dcb3f4cad129c034c,2026-06-27T23:18:50-05:00,github.com/steevin/neuron-cli,1.26.3,OK,69,69,119
stianeikeland__go-rpio,https://github.com/stianeikeland/go-rpio,d8d85b35367c123e3bd3cb16c7fe0aa1f50bb19f,2021-12-02T15:19:45+01:00,,1.15,EMPTY_GT,0,0,0
stoewer__go-week,https://github.com/stoewer/go-week,6ef9129583014395e0052e3e4246647284a6b7d1,2021-11-15T18:53:49+01:00,github.com/stoewer/go-week,1.11,OK,1,6,10
stretchr__testify,https://github.com/stretchr/testify,001eb7946baf451879253643e4ce4b38eaa0d4a7,2026-06-10T16:10:43+02:00,github.com/stretchr/testify,1.17,OK,2,2,4
striker2000__petrovich,https://github.com/striker2000/petrovich,090c9a15e6ac4fe9920331f076def62e364f80c1,2023-11-30T02:20:21+03:00,github.com/striker2000/petrovich,1.13,EMPTY_GT,0,3,4
studiosol__async,https://github.com/studiosol/async,190eda1d6429b38703bd49945d83d3bf05f2fff2,2020-11-19T14:27:15-03:00,github.com/StudioSol/async,1.13,EMPTY_GT,0,0,0
subchen__go-log,https://github.com/subchen/go-log,f16df80d3e9a3ad718220a605d358fd2ae3588b1,2018-05-19T07:54:07+00:00,command-line-arguments,,EMPTY_GT,0,0,0
subosito__gotenv,https://github.com/subosito/gotenv,d24eb16ed8bfac3d8c3ac0312b930dae9e1bd1f1,2025-09-13T22:19:06+00:00,github.com/subosito/gotenv,1.22,OK,1,5,11
subpop__go-ini,https://github.com/subpop/go-ini,9ad655d20cf6b0986788f1c72a52151dfe48e71a,2026-07-01T06:41:19-04:00,github.com/subpop/go-ini,1.21,EMPTY_GT,0,1,2
superwhiskers__crunch,https://github.com/superwhiskers/crunch,7ad82f4e8557613ee7b3adacb55c71cf94bc38bd,2023-01-13T20:55:43-06:00,command-line-arguments,,EMPTY_GT,,,
surenderthakran__gomind,https://github.com/surenderthakran/gomind,a31b8878d726fd453f104827c85f25cb283c9ec4,2018-07-31T18:25:18+05:30,command-line-arguments,,EMPTY_GT,,,
surrealdb__surrealdb.go,https://github.com/surrealdb/surrealdb.go,2a8a1f1eddbdd006f38daebfb4a6dcd74ef0f933,2026-07-14T06:24:07+01:00,github.com/surrealdb/surrealdb.go,1.23,OK,11,12,21
suzuki-shunsuke__flute,https://github.com/suzuki-shunsuke/flute,d1dffad686694a333c8a247422d5b13819353558,2026-07-18T01:59:16+00:00,github.com/suzuki-shunsuke/flute/v2,1.25,OK,5,6,21
switchupcb__copygen,https://github.com/switchupcb/copygen,5c067b055fe5b9614fe6914b1a3d77aeb66b41e2,2025-03-06T16:11:56+00:00,github.com/switchupcb/copygen,1.23,OK,6,6,17
switchupcb__disgo,https://github.com/switchupcb/disgo,0fba102862bbfe1a6dfe01e43ba94e589c95650d,2025-03-14T18:04:11-05:00,,1.23,EMPTY_GT,0,0,0
swithek__sessionup,https://github.com/swithek/sessionup,c4a6ab676b8458edcc879a7284eeaa3f5d02d9cf,2025-03-20T19:01:47+02:00,github.com/jellydator/sessionup,1.12,OK,3,3,4
sybrexsys__RapidMQ,https://github.com/sybrexsys/RapidMQ,5f189530e86d13e86acf7e423c1917fc7e61d476,2017-12-07T11:34:02+03:00,command-line-arguments,,EMPTY_GT,0,0,0
syndtr__goleveldb,https://github.com/syndtr/goleveldb,126854af5e6d8295ef8e8bee3040dd8380ae72e8,2022-07-21T10:02:15+07:00,github.com/syndtr/goleveldb,1.14,OK,10,14,36
syntaqx__cookie,https://github.com/syntaqx/cookie,cec4ed2ee01fce8f1161cbed6c1205cbe8a15122,2026-05-08T21:52:33-06:00,github.com/syntaqx/cookie,1.24,EMPTY_GT,0,0,0
syntaqx__serve,https://github.com/syntaqx/serve,cd8b328e9944316df77a1ba25dbe6b2e2dd01d6b,2026-07-20T04:43:09+00:00,github.com/syntaqx/serve,1.24,EMPTY_GT,0,0,0
tarent__loginsrv,https://github.com/tarent/loginsrv,eb0ac268287f8d72ecff5308abe801ff85f79ca9,2021-02-11T14:53:54+01:00,github.com/tarent/loginsrv,1.14,OK,34,39,66
taskctl__taskctl,https://github.com/taskctl/taskctl,e77ca83f638d83d8b2bc9df0487f0976453ad73f,2026-07-19T19:07:26+03:00,github.com/taskctl/taskctl,1.26,OK,40,40,64
tchayen__triangolatte,https://github.com/tchayen/triangolatte,8b66c3824e7316b29c9ec39fa0fa789690bdb875,2021-08-04T14:32:55+03:00,command-line-arguments,,EMPTY_GT,0,0,0
tealeg__xlsx,https://github.com/tealeg/xlsx,c4b90f0272fe2e64e4f03cad5394027ff16f6709,2025-08-13T15:58:26+02:00,github.com/tealeg/xlsx/v3,1.18,OK,10,11,20
technohippy__go-glmatrix,https://github.com/technohippy/go-glmatrix,036d96591bc5abc69c104eda107be1e7323e1fa7,2021-02-05T11:33:05+09:00,command-line-arguments,,EMPTY_GT,0,0,0
tejzpr__ordered-concurrently,https://github.com/tejzpr/ordered-concurrently,51e061f8ddfb3f951f509fa8494be055c6db7d1d,2023-04-24T16:24:20-07:00,github.com/tejzpr/ordered-concurrently/v3,1.12,EMPTY_GT,,,
temporalio__sdk-go,https://github.com/temporalio/sdk-go,f34dc3da35abf50b745732cef6bc09e820e4741f,2026-07-20T18:46:40+00:00,go.temporal.io/sdk,1.25.4,OK,24,25,71
tendermint__tendermint,https://github.com/tendermint/tendermint,9d1be86031365f6f56668d2f5f0e7312eb8fef62,2025-03-06T12:43:12-08:00,github.com/tendermint/tendermint,1.18,OK,65,77,693
tenntenn__gopher-stickers,https://github.com/tenntenn/gopher-stickers,6fa428fa62c6a7d5ae2bb536636e59952a18b7ee,2016-08-23T16:34:47+09:00,command-line-arguments,,EMPTY_GT,,,
teris-io__log,https://github.com/teris-io/log,040ae886f96a0c10103528fe97386f763d3dc2d4,2017-12-04T19:53:44+01:00,command-line-arguments,,EMPTY_GT,0,0,0
teris-io__shortid,https://github.com/teris-io/shortid,71ec9f2aa569ace076ca7ede55c4edae7a6a98c8,2022-06-17T18:11:01+02:00,github.com/teris-io/shortid,1.18,EMPTY_GT,0,0,0
testcontainers__testcontainers-go,https://github.com/testcontainers/testcontainers-go,ea854ecb16425b6e77bc19e95080213fb69a6ac9,2026-07-17T17:13:34+02:00,github.com/testcontainers/testcontainers-go,1.25.0,EMPTY_GT,0,0,0
theckman__yacspin,https://github.com/theckman/yacspin,94bad55b335440e123c27d15d1b288841dc96f6e,2022-01-02T22:35:05-08:00,github.com/theckman/yacspin,1.17,OK,6,7,9
thedevsaddam__gojsonq,https://github.com/thedevsaddam/gojsonq,626651d72d4a875033d8aa61006a6cd8c97a5d0a,2021-03-22T11:21:52+06:00,github.com/thedevsaddam/gojsonq/v2,1.13,EMPTY_GT,,,
thedevsaddam__govalidator,https://github.com/thedevsaddam/govalidator,410bf76327c31ef88a2cc858060b4016dcb80bb3,2020-04-12T17:04:09+06:00,command-line-arguments,,EMPTY_GT,0,0,0
thedevsaddam__renderer,https://github.com/thedevsaddam/renderer,ec217d774db7c72d6a300314f9702d3afdf75c23,2026-04-22T16:34:28+06:00,github.com/thedevsaddam/renderer/v2,1.25.0,EMPTY_GT,0,0,1
thedevsaddam__retry,https://github.com/thedevsaddam/retry,2587ef9befd95413b121d339527a0c75e7499628,,,,EMPTY_GT,0,0,0
thevxn__dish,https://github.com/thevxn/dish,612b9605fb7c56a48d3e2a6a9a909a758fa00802,2026-06-04T17:32:49+02:00,go.vxn.dev/dish,1.26.2,EMPTY_GT,0,0,0
thewhitetulip__web-dev-golang-anti-textbook,https://github.com/thewhitetulip/web-dev-golang-anti-textbook,e24985289704362fbf62954eb8b4fdecd5266366,2025-09-30T19:06:55+05:30,command-line-arguments,,EMPTY_GT,0,0,0
thoas__go-funk,https://github.com/thoas/go-funk,045ef11f8f9f4d83a03adbd0eea420773c6c68bc,2023-06-20T13:56:55+02:00,github.com/thoas/go-funk,1.13,EMPTY_GT,0,4,7
thoas__picfit,https://github.com/thoas/picfit,c6137c244a8af9abb67c4561df2295b9399a00af,2026-07-15T10:32:29+02:00,github.com/thoas/picfit,1.25.0,OK,81,81,380
thoas__stats,https://github.com/thoas/stats,965cb2de1678b040aefd01c448e2f10de3aec2ae,2019-04-07T21:46:41+02:00,command-line-arguments,,EMPTY_GT,0,0,0
thoj__go-galib,https://github.com/thoj/go-galib,babb0d627a72471c071400f47fecb177c3bf393f,2015-12-28T17:27:45+01:00,command-line-arguments,,EMPTY_GT,0,0,0
tibcosoftware__flogo,https://github.com/tibcosoftware/flogo,0143f748e9717c82ed8b5b9e03b7eb8c891002fe,2024-04-24T11:41:50-07:00,command-line-arguments,,EMPTY_GT,0,0,0
tickstem__heartbeat,https://github.com/tickstem/heartbeat,0a3c3e8b5eb3d81ce593ad686b48ac7731513da6,2026-05-03T04:09:43+02:00,github.com/tickstem/heartbeat,1.26.1,EMPTY_GT,,,
tickstem__verify,https://github.com/tickstem/verify,301932359edf4e9318e316d72caf5645b9ac3916,2026-04-22T12:33:36+02:00,github.com/tickstem/verify,1.22,EMPTY_GT,0,4,7
tidwall__buntdb,https://github.com/tidwall/buntdb,0dbc8c18459aed4e4179bccbe0322bbd6019733f,2026-05-19T06:29:56-07:00,github.com/tidwall/buntdb,1.18,OK,7,9,10
tidwall__gjson,https://github.com/tidwall/gjson,7d8b3821e9d2acf35e8a226b63fcf801078e9b96,2026-05-14T17:10:05+02:00,github.com/tidwall/gjson,1.23,OK,2,2,3
tiendc__autowire,https://github.com/tiendc/autowire,470575e9996fa68400bf9492545eb390102ff15a,2024-09-11T18:02:16+07:00,github.com/tiendc/autowire,1.18,EMPTY_GT,0,4,7
tiendc__go-csvlib,https://github.com/tiendc/go-csvlib,bdfff11100eb8dbeadfe10cc65db0bf66d36117a,2024-09-11T17:48:37+07:00,github.com/tiendc/go-csvlib,1.18,OK,4,8,11
tiendc__go-deepcopy,https://github.com/tiendc/go-deepcopy,a5141d30afc12df1f4792d1c8f1f824253a394ad,2025-11-29T02:06:59+07:00,github.com/tiendc/go-deepcopy,1.18,EMPTY_GT,0,0,0
tiendc__gofn,https://github.com/tiendc/gofn,0a9fe61aee5298fbda860f3f3ff2d0cc1d65b188,2026-04-15T17:33:58+07:00,github.com/tiendc/gofn,1.20,OK,1,5,8
timandy__routine,https://github.com/timandy/routine,ba2051642e5531ab41a0ec7cbb2b8d6e13fc05aa,2026-05-12T15:44:00+08:00,github.com/timandy/routine,1.18,EMPTY_GT,,,
timsolov__rest-query-parser,https://github.com/timsolov/rest-query-parser,4a509f35d5bcf9fc58261c12e0f8767946ebb104,2023-04-28T10:57:25+03:00,github.com/timsolov/rest-query-parser,1.13,OK,1,7,12
tinygo-org__tinygo,https://github.com/tinygo-org/tinygo,2602d4c25d4241f05d39f10b23ffa98d6fd714db,2026-07-20T14:12:53+02:00,github.com/tinygo-org/tinygo,1.25.0,OK,15,17,90
tirthpatell__threads-go,https://github.com/tirthpatell/threads-go,13898cee5f850cd8ae503ca2a425c3cdc5a1103d,2026-07-04T15:03:33-05:00,github.com/tirthpatell/threads-go,1.21,EMPTY_GT,0,0,1
tj__mmake,https://github.com/tj/mmake,c7cc9d972676d84ee890ad6a1c6183dd708a773f,2020-03-02T16:01:40+00:00,github.com/tj/mmake,1.13,OK,6,6,45
tkrop__go-testing,https://github.com/tkrop/go-testing,0233732c2e1dd00e4c9c9b8d94b36b2e841b6600,2026-06-05T01:05:05+02:00,github.com/tkrop/go-testing,1.26.3,OK,10,12,26
tmrts__boilr,https://github.com/tmrts/boilr,8f51ad7884c5eb69c11d260a31da7a745e6b78e2,2017-07-19T16:20:28+03:00,command-line-arguments,,EMPTY_GT,0,0,0
tmrts__go-patterns,https://github.com/tmrts/go-patterns,f978e420361704bd7531e2b57905a308a3a012c8,2017-07-19T13:41:46+03:00,command-line-arguments,,EMPTY_GT,,,
todotxt__todo.txt,https://github.com/todotxt/todo.txt,1d90c086533a2574f6039a756ada760ec672a53e,2026-06-28T17:41:37-05:00,command-line-arguments,,EMPTY_GT,0,0,0
tomcraven__goga,https://github.com/tomcraven/goga,f4ca47f4d42189d3c2292226a4e8fa970c2edd07,2022-04-13T08:09:30+01:00,github.com/tomcraven/goga,1.17,EMPTY_GT,0,0,0
tomodian__release,https://github.com/tomodian/release,a9ada4d8b22640e796b476f271306717f982356a,2026-03-11T23:05:33+09:00,github.com/tomodian/release,1.26.1,OK,14,18,30
tomwright__dasel,https://github.com/tomwright/dasel,008b0ed9cae7d5d5b0c72e23c84836c5b2f0338b,2026-06-27T16:03:44+01:00,github.com/tomwright/dasel/v3,1.25,OK,33,33,66
tomwright__queryparam,https://github.com/tomwright/queryparam,349c90f3ed2d9fb123fafcab0ff97046f3e7cc53,2020-09-23T16:23:10+01:00,,1.13,EMPTY_GT,,,
topfreegames__apm,https://github.com/topfreegames/apm,c69cfc8190c1768d4c2f8bc38d91c2e48564b368,2016-11-24T18:58:45-02:00,command-line-arguments,,EMPTY_GT,0,0,0
topfreegames__pitaya,https://github.com/topfreegames/pitaya,eaacc47ff63186346bac8ac38c77b2ccf9be9d1e,2026-06-09T17:03:48+01:00,,1.25.4,EMPTY_GT,0,0,0
tosone__minimp3,https://github.com/tosone/minimp3,751efad24a37ed3aab4774289e15071da690a877,2023-08-02T10:31:13+08:00,github.com/tosone/minimp3,1.18,EMPTY_GT,0,0,0
trpc-group__trpc-go,https://github.com/trpc-group/trpc-go,9b5c63e5decb5202bd224da0c0e8437ac7deaeed,2026-06-26T20:01:56+08:00,trpc.group/trpc-go/trpc-go,1.18,OK,37,42,68
truemail-rb__truemail-go,https://github.com/truemail-rb/truemail-go,f1057bd0587a63e6e47855566bac8e6a2a5e7566,2024-08-30T12:06:30+02:00,github.com/truemail-rb/truemail-go,1.22,OK,12,12,23
tucnak__climax,https://github.com/tucnak/climax,9f87fd172d1cfd96291ec4106813cedad0b37e6e,2020-09-05T10:02:04+03:00,github.com/tucnak/climax,1.15,EMPTY_GT,0,0,1
tuupola__branca-spec,https://github.com/tuupola/branca-spec,c8b0ba5e22628f172549d5327d51b70a23a1d4d4,2025-05-06T13:45:03+03:00,command-line-arguments,,EMPTY_GT,0,0,0
tuvistavie__structomap,https://github.com/tuvistavie/structomap,700b2732d5a0693e48a78b92b935c8345caa4ee4,2019-05-16T14:45:22+01:00,command-line-arguments,,EMPTY_GT,0,0,0
tuxychandru__pubsub,https://github.com/tuxychandru/pubsub,b6f7af9f0550bc1a689da94576eb8d08768e444c,2024-05-22T08:24:41+05:30,github.com/cskr/pubsub/v2,1.18,EMPTY_GT,0,0,0
tv42__mockhttp,https://github.com/tv42/mockhttp,c323b80d6f5fd24d602d021f544a36f66e0c9fb6,2014-10-29T15:12:23-07:00,command-line-arguments,,EMPTY_GT,0,0,0
twharmon__gosql,https://github.com/twharmon/gosql,f2e5229d97a7eecbd17f4f26480db04db5cc3be3,2022-04-12T10:59:28-05:00,github.com/twharmon/gosql,1.18,OK,1,3,4
twharmon__gouid,https://github.com/twharmon/gouid,b5f2a69ba97278e94735a4ec759687ad3fffc09b,2026-02-06T07:51:52-06:00,github.com/twharmon/gouid,1.25,EMPTY_GT,0,0,0
twharmon__slices,https://github.com/twharmon/slices,051e49e40bf9db169667c22baef620b5da0e8d62,2022-07-08T13:32:06-05:00,github.com/twharmon/slices,1.18,EMPTY_GT,0,0,0
two__tspool,https://github.com/two/tspool,92bc4a518b3767db680ece338a2ac47df8604e24,2018-10-29T09:55:09+08:00,command-line-arguments,,EMPTY_GT,0,0,0
txn2__kubefwd,https://github.com/txn2/kubefwd,c5803e33decc84718ea7cb8dc175b24b1edc92f6,2026-07-19T20:08:57-07:00,github.com/txn2/kubefwd,1.26.0,OK,105,105,198
tylertreat__Comcast,https://github.com/tylertreat/Comcast,145d02155cffc03bb4ed878c9d6441dc49f3cdaa,2025-03-20T09:58:12-06:00,github.com/tylertreat/comcast,1.15,EMPTY_GT,0,0,1
tylertreat__go-benchmarks,https://github.com/tylertreat/go-benchmarks,bb67a98aa88d65852260af939d0fac4c1f4f7072,2016-02-24T23:42:28-06:00,command-line-arguments,,EMPTY_GT,0,0,0
tylerwince__godbg,https://github.com/tylerwince/godbg,6f94eff46be60fd003660b183ed747ecb5852813,2019-04-19T17:52:21-07:00,command-line-arguments,,EMPTY_GT,,,
tylfin__dynatomic,https://github.com/tylfin/dynatomic,e805d58a9eb82d2b816f65bcaeaefff02a6d5e7b,2020-11-03T14:01:18-05:00,command-line-arguments,,EMPTY_GT,0,0,0
uber-go__dig,https://github.com/uber-go/dig,770912487056bfe8bc9bd5879a4e049f68989ab0,2025-05-13T16:09:41-04:00,go.uber.org/dig,1.20,OK,4,4,7
uber-go__fx,https://github.com/uber-go/fx,d5da5b04ac906bfbad8b400baeee9b970c1be6f3,2025-12-27T06:09:35-08:00,go.uber.org/fx,1.24,OK,4,9,16
uber-go__mock,https://github.com/uber-go/mock,349aac660616b1492317714bff32347e90563340,2025-12-17T13:04:10-08:00,go.uber.org/mock,1.23.0,OK,4,8,15
uber-go__multierr,https://github.com/uber-go/multierr,cf4b2327cea93d7b37e2b11bfe38187e2bbefaec,2024-04-29T15:14:36-04:00,go.uber.org/multierr,1.20,EMPTY_GT,0,0,0
uber-go__zap,https://github.com/uber-go/zap,5b81b37b81b8e2ed447a6f57991e372ee4fa5c8f,2026-04-27T22:13:09-04:00,go.uber.org/zap,1.19,OK,1,7,13
uber__h3-go,https://github.com/uber/h3-go,,,,,EMPTY_GT,0,0,0
ubgo__lock,https://github.com/ubgo/lock,0f133b784a61d38a63af79f8ae14afbe9ce40060,2026-05-05T01:28:12+05:30,,1.24,EMPTY_GT,,,
udhos__jazigo,https://github.com/udhos/jazigo,60be4d11b1f59f22d64f67b9ef8e1f2c321a08b5,2023-11-02T18:43:47-03:00,github.com/udhos/jazigo,1.20,OK,8,8,25
ufoscout__go-up,https://github.com/ufoscout/go-up,789343e133b7243d55f64cc8a08ff21fba3f8343,2020-01-14T08:21:29+01:00,github.com/ufoscout/go-up,1.13,EMPTY_GT,0,0,0
ugorji__go,https://github.com/ugorji/go,580b3cf57ec01fe85de48abf1b4980551a6e9605,2026-05-11T00:48:17-04:00,command-line-arguments,,EMPTY_GT,0,0,0
ulovecode__gdcache,https://github.com/ulovecode/gdcache,efffe2595c0b9526ab24841e9291c82ea99c01cc,2021-10-15T01:31:23+08:00,github.com/ulovecode/gdcache,1.11,EMPTY_GT,0,0,1
ulule__deepcopier,https://github.com/ulule/deepcopier,45decc6639b634774af79cefff24e6b9670f5847,2020-04-30T10:31:43+02:00,github.com/ulule/deepcopier,1.14,EMPTY_GT,0,0,0
ulule__limiter,https://github.com/ulule/limiter,f0ada6cb8fa4dc55a734de737c7b4a3f35c86ae1,2024-10-14T17:15:13+02:00,github.com/ulule/limiter/v3,1.17,OK,27,27,51
ungerik__go3d,https://github.com/ungerik/go3d,1bde1320d420c9f2f6eef233f75d014915d7a3be,2025-10-20T21:47:21+02:00,github.com/ungerik/go3d,1.23,OK,1,1,2
unidoc__unioffice,https://github.com/unidoc/unioffice,0e541a03479bbd22d1e7c67cf9063d20450fd5d3,2026-06-29T11:42:19+02:00,github.com/unidoc/unioffice/v2,1.24.0,OK,28,28,47
unionj-cloud__go-doudou,https://github.com/unionj-cloud/go-doudou,5f95e4862975dcab16d1c8f3412ad514f196fb70,2026-05-02T17:53:01+08:00,github.com/unionj-cloud/go-doudou/v2,1.25.0,OK,254,260,757
uniplaces__carbon,https://github.com/uniplaces/carbon,cacaeb006f61e882c1a763a06f4133e9f38748fe,2024-01-17T04:35:26+00:00,github.com/uniplaces/carbon,1.16,EMPTY_GT,0,3,4
unit-io__unitdb,https://github.com/unit-io/unitdb,2a4e641b8a6b68abbd43ad36a13c1605a1da2c4b,2021-10-28T16:00:02+05:30,github.com/unit-io/unitdb,1.16,OK,13,13,52
unix4fun__naclpipe,https://github.com/unix4fun/naclpipe,16bedffb6ba8eb4e3b6dfcae4640a790342897c8,2018-11-18T15:39:12+01:00,github.com/unix4fun/naclpipe,,OK,2,2,3
unki2aut__go-mpd,https://github.com/unki2aut/go-mpd,8336a8d84ee7546caa38cd28c54fc4671a781069,2025-06-10T09:31:45+02:00,github.com/unki2aut/go-mpd,1.20,OK,1,4,11
unrolled__render,https://github.com/unrolled/render,46bc606efe83ed16e83e4aa6ec81ce17a5015b15,2026-05-01T14:42:58-06:00,github.com/unrolled/render,1.25.0,OK,2,2,3
unrolled__secure,https://github.com/unrolled/secure,740abc8d09d4f1ad758a245925273d50ca75c91d,2026-05-01T14:52:46-06:00,github.com/unrolled/secure,1.13,EMPTY_GT,0,0,0
upper__db,https://github.com/upper/db,dd97b4b4d5c6dcdd837c2011c08c3e1745e75da0,2025-12-06T07:39:45-06:00,github.com/upper/db/v4,1.23.0,OK,45,47,107
uptrace__bun,https://github.com/uptrace/bun,44c54f24205e2d10c6cff6d0541ad09f59afcf4c,2026-07-17T17:44:22+03:00,github.com/uptrace/bun,1.24.0,OK,9,13,23
urfave__cli,https://github.com/urfave/cli,4937c163f8e8bd88fdb06c4eab67cde61436c205,2026-07-03T12:58:01-04:00,github.com/urfave/cli/v3,1.22,EMPTY_GT,0,4,7
urfave__negroni,https://github.com/urfave/negroni,1af389b71c452984b3fb1820121bac8849442bfe,2025-05-03T12:46:24-07:00,github.com/urfave/negroni/v3,1.17,EMPTY_GT,,,
ursiform__sleuth,https://github.com/ursiform/sleuth,3afe97f5dd7c2b8a574f05e65e546cc265785973,2023-07-09T13:47:10+01:00,command-line-arguments,,EMPTY_GT,0,0,0
usk81__generic,https://github.com/usk81/generic,f9cc29a82d700c570bf2914063f291590d389aa8,2020-08-23T03:57:08+09:00,github.com/usk81/generic/v2,1.12,EMPTY_GT,,,
utahta__go-cronowriter,https://github.com/utahta/go-cronowriter,3d036dc1ce340a5fb18a614966d2acbc7ff22546,2020-11-25T17:56:39+09:00,github.com/utahta/go-cronowriter,1.11,OK,2,2,11
utekaravinash__gopaapi5,https://github.com/utekaravinash/gopaapi5,de0660bcff1b23c9ab9defd799e5df6e376c54ed,2020-04-03T22:10:18+05:30,github.com/utekaravinash/gopaapi5,1.12,EMPTY_GT,0,0,0
vadiminshakov__committer,https://github.com/vadiminshakov/committer,43fb42ea8e67cf3c99ec15af441b6ab2c61656c3,2026-07-15T02:39:37+05:00,github.com/vadiminshakov/committer,1.25.0,OK,24,28,112
vaelen__iot,https://github.com/vaelen/iot,4859fc7ef436b8ea59d26108ac353edd917f80b0,2019-11-09T03:32:27+09:00,command-line-arguments,,EMPTY_GT,0,0,0
vahiiiid__go-rest-api-boilerplate,https://github.com/vahiiiid/go-rest-api-boilerplate,092a625f06427eaa0b59d0e6c86840baa1da0151,2026-05-25T22:30:16+02:00,github.com/vahiiiid/go-rest-api-boilerplate,1.24.0,OK,60,65,289
valord577__mailx,https://github.com/valord577/mailx,a9cfa3297e074ab0234ba4a1e14b7adf333e5887,2026-03-17T14:20:56+08:00,github.com/valord577/mailx,1.16,EMPTY_GT,0,0,1
valyala__fasthttp,https://github.com/valyala/fasthttp,f1ad91d51977febd2730b9e0d79c7d241c5e430c,2026-07-18T10:13:33+02:00,github.com/valyala/fasthttp,1.25.0,OK,7,7,13
valyala__fasttemplate,https://github.com/valyala/fasttemplate,2a2d1afadadf9715bfa19683cdaeac8347e5d9f9,2022-10-18T10:24:49+03:00,github.com/valyala/fasttemplate,1.12,OK,1,1,2
valyala__gorpc,https://github.com/valyala/gorpc,908281bef77441f2d0ec1792189b4032a1dace0c,2016-05-19T20:16:14+03:00,command-line-arguments,,EMPTY_GT,0,0,0
valyala__quicktemplate,https://github.com/valyala/quicktemplate,4d619e27ca723c29dcecf9844b193ee20df2322a,2024-07-05T00:52:38+02:00,github.com/valyala/quicktemplate,1.17,OK,4,4,10
vardius__gorouter,https://github.com/vardius/gorouter,572992b359a397b55a6b31f14ac83e2e69fddccf,2024-09-05T12:45:54+10:00,github.com/vardius/gorouter/v4,1.20,OK,4,4,10
vcaesar__tt,https://github.com/vcaesar/tt,5bc4244c849efc6a833f89794b35d35615c156e1,2026-03-30T14:02:47-07:00,github.com/vcaesar/tt,1.17,EMPTY_GT,0,0,1
vdobler__chart,https://github.com/vdobler/chart,e4c9d5b5d37fda2b0da24262c141feb5e71c0578,2021-06-03T07:17:13+02:00,github.com/vdobler/chart,,OK,4,4,9
verdverm__frisby,https://github.com/verdverm/frisby,b16556248a9a21a8166936e49771527189661abe,2017-06-04T15:13:11-06:00,command-line-arguments,,EMPTY_GT,,,
verifid__vl-go,https://github.com/verifid/vl-go,c17ea1b48ea0df19713218471865efe6d88b2d9c,2021-05-30T20:01:57+01:00,,,EMPTY_GT,0,0,0
viant__asc,https://github.com/viant/asc,e805e6de786557fb9c940c6ce11d7735b7634022,2024-09-20T12:59:08-07:00,command-line-arguments,,EMPTY_GT,,,
viant__bgc,https://github.com/viant/bgc,c2bffce101bd9f0fa1da56473c0ec64259fb6285,2024-03-17T13:05:38-07:00,github.com/viant/bgc,1.21.5,OK,31,37,103
viant__dsunit,https://github.com/viant/dsunit,dbf3d8db3383359fdace9595b545d62415686156,2025-12-31T10:07:50-08:00,,,EMPTY_GT,,,
viant__ptrie,https://github.com/viant/ptrie,98c13148056fd1b2f1cc422e4d421075b4442db2,2024-04-02T13:03:20-04:00,github.com/viant/ptrie,1.21.7,EMPTY_GT,0,0,0
vimeda__pletter,https://github.com/vimeda/pletter,f1d5882b4d0b96d009a05aad563537a8effe0e33,2023-03-27T09:47:58+02:00,github.com/vimeda/pletter,1.17,OK,2,2,5
viney-shih__go-lock,https://github.com/viney-shih/go-lock,2f19fd8ce335e33e0ab9dccb1ff2ce820c3da332,2022-06-18T12:11:30+08:00,github.com/viney-shih/go-lock,1.16,OK,1,5,8
vivek-ng__concurrency-limiter,https://github.com/vivek-ng/concurrency-limiter,cd7a4d164289f0182e78a2dadfd860460d18355b,2026-03-29T16:40:12-07:00,github.com/vivek-ng/concurrency-limiter,1.14,EMPTY_GT,,,
vkuznet__x509proxy,https://github.com/vkuznet/x509proxy,6d33b8ccbe62885d446c41a9a8cb82af6e464340,2025-01-19T14:03:32-05:00,github.com/vkuznet/x509proxy,1.16,EMPTY_GT,,,
vladopajic__go-actor,https://github.com/vladopajic/go-actor,6e83de660c451eb4a938705f75514f9eb8e548e5,2026-07-20T15:06:41+00:00,github.com/vladopajic/go-actor,1.22,OK,1,6,12
vladopajic__go-test-coverage,https://github.com/vladopajic/go-test-coverage,9846990d0c4bbe8854a9f372bcee0e3553a81c90,2026-07-20T08:31:00+00:00,github.com/vladopajic/go-test-coverage/v2,1.26,OK,15,20,65
vorlif__spreak,https://github.com/vorlif/spreak,347c9ddfc3eae9395a5a6aec318347a484642362,2025-09-28T12:03:02+02:00,github.com/vorlif/spreak,1.23.0,OK,1,5,11
vrecan__death,https://github.com/vrecan/death,88275e7df60ec5822c84ba932dc0b5aa8c1afae4,2024-12-16T15:08:31-07:00,github.com/vrecan/death/v3,1.18,EMPTY_GT,,,
vrischmann__envconfig,https://github.com/vrischmann/envconfig,33ff9a8a63f8de66d87e9881c2530640e3073ce8,2025-01-31T11:56:46+01:00,github.com/vrischmann/envconfig,1.13,EMPTY_GT,,,
vtopc__epoch,https://github.com/vtopc/epoch,9f7a07abc4dc8dfcd524d74e7920f82dc8fcff1d,2024-02-25T16:21:53+02:00,github.com/vtopc/epoch,1.21,EMPTY_GT,0,0,0
wI2L__jettison,https://github.com/wI2L/jettison,c70014c6417af0b0aef8ee7cb809fbb9e8fc6c6a,2023-01-06T01:19:14+01:00,github.com/wI2L/jettison,1.18,EMPTY_GT,0,6,14
wI2L__jsondiff,https://github.com/wI2L/jsondiff,cc662875ff5888a22ab73d512826040d81b67811,2026-04-01T17:21:02+02:00,,,EMPTY_GT,0,0,0
wa-lang__wa,https://github.com/wa-lang/wa,68289efad08785938a1ea5225c23d0fcbf5bb9cb,2026-04-27T16:18:19+08:00,wa-lang.org/wa,1.17,EMPTY_GT,0,0,0
wagoodman__dive,https://github.com/wagoodman/dive,d6c691947f8fda635c952a17ee3b7555379d58f0,2025-05-16T19:17:26+00:00,github.com/wagoodman/dive,1.24,OK,83,98,149
wangyoucao577__go-project-layout,https://github.com/wangyoucao577/go-project-layout,7677aa2986d71a21f4589d33616f8335d09fe18e,2021-05-16T01:30:50+00:00,github.com/wangyoucao577/go-project-layout,1.13,OK,2,2,3
wenerme__go-req,https://github.com/wenerme/go-req,5bff1aa58f32930b0813729ada65f8ae631650e5,2026-03-28T13:40:27+08:00,github.com/wenerme/go-req,1.24,EMPTY_GT,0,4,7
wesovilabs__koazee,https://github.com/wesovilabs/koazee,b41b2b4240402649074ae1bfca8e9fc4e46d7c0f,2019-11-04T16:32:15+01:00,github.com/wesovilabs/koazee,1.12,EMPTY_GT,0,4,10
wgliang__goreporter,https://github.com/wgliang/goreporter,df1b20f7c5d0f3538a3dc2cc04f68c59ba177fc5,2018-09-02T19:56:03+08:00,command-line-arguments,,EMPTY_GT,0,0,0
whitaker-io__machine,https://github.com/whitaker-io/machine,bc97670541b9a064af6e87471a1d687d6a2fa23f,2024-04-29T18:11:03-05:00,github.com/whitaker-io/machine/v3,1.22.1,OK,1,1,2
white-pony__go-fann,https://github.com/white-pony/go-fann,4baa0187858a59eaed7950177e3d92241976cbed,2015-02-03T13:53:31-08:00,command-line-arguments,,EMPTY_GT,0,0,0
wkhere__bcl,https://github.com/wkhere/bcl,b3ce8cb7132ac55e88efdb038f1920c766985442,2026-06-17T17:02:14+02:00,github.com/wkhere/bcl,1.21.0,OK,1,2,3
wlbr__feiertage,https://github.com/wlbr/feiertage,c76f7e56805316dd52aa80a93da2ae8497bdf905,2026-05-18T18:51:34+02:00,github.com/wlbr/feiertage,1.25,EMPTY_GT,0,0,1
wlevene__ini,https://github.com/wlevene/ini,c8a2ece439d171d1318b6f337360b2e86d36e968,2025-03-13T03:31:31+08:00,github.com/wlevene/ini,1.16,OK,2,2,3
woodpecker-ci__woodpecker,https://github.com/woodpecker-ci/woodpecker,2c1ebe7dca96879f8bb6ca27afc82bb6ff5514c7,2026-07-20T11:02:38+02:00,go.woodpecker-ci.org/woodpecker/v3,1.26.0,OK,201,206,414
workanator__go-floc,https://github.com/workanator/go-floc,7b5c7e5e8c3500f1d2941070e37ab7112707a130,2021-08-10T14:46:31+05:00,github.com/workanator/go-floc/v3,1.12,EMPTY_GT,,,
wroge__scan,https://github.com/wroge/scan,8c98e6fdb215c7deebc89852299d1687a3d6fd7f,2024-03-08T14:18:25+01:00,github.com/wroge/scan,1.21,EMPTY_GT,0,0,0
wzshiming__gotype,https://github.com/wzshiming/gotype,48e87de58e6a4dda2a0bd7ebd7b236770aa5b6d9,2026-07-10T16:46:20+08:00,github.com/wzshiming/gotype,1.18,EMPTY_GT,,,
x1unix__docker-go-mingw,https://github.com/x1unix/docker-go-mingw,e69bfc51747582f0f17c99472e2ebc166a3a7728,2026-06-08T14:07:52-04:00,command-line-arguments,,EMPTY_GT,0,0,0
xaionaro-go__secureio,https://github.com/xaionaro-go/secureio,e0fcfedace6aaff77d56ff505c5aea8c5c69d949,2025-07-18T23:51:10+01:00,github.com/xaionaro-go/secureio,1.13,OK,14,20,31
xcodersun__eywa,https://github.com/xcodersun/eywa,92eb8d4c4681544c779fdef1f29d7deeb68b316d,2017-04-12T00:37:10-07:00,command-line-arguments,,EMPTY_GT,0,0,0
xfxdev__xlog,https://github.com/xfxdev/xlog,8752a019386080d314ef255767e7ca60dff219f7,2019-01-15T18:17:15+08:00,command-line-arguments,,EMPTY_GT,,,
xfxdev__xtcp,https://github.com/xfxdev/xtcp,2a44c141a854b9ae1a32c6906b2aa1e89afc8037,2020-03-01T02:57:34+08:00,github.com/xfxdev/xtcp,1.14,EMPTY_GT,0,0,1
xgzlucario__rotom,https://github.com/xgzlucario/rotom,348f69f0e8907c7606411a89309b9a769940a0c6,2024-12-15T14:45:54+08:00,github.com/xgzlucario/rotom,1.23,OK,32,39,130
xhd2015__xgo,https://github.com/xhd2015/xgo,0c2fa4679e415e571e134afe4246e178bd6e8285,2026-07-08T17:48:33+08:00,github.com/xhd2015/xgo,1.18,OK,1,1,2
xhit__go-simple-mail,https://github.com/xhit/go-simple-mail,a5ceaf25bef4f7f306c3eddaab1232afa4c15f9c,2024-04-04T11:38:45-04:00,github.com/xhit/go-simple-mail/v2,1.13,OK,1,1,9
xhit__go-str2duration,https://github.com/xhit/go-str2duration,f6c18de4fcf677a54e2422c42961052143169596,2023-10-13T20:55:51-04:00,github.com/xhit/go-str2duration/v2,1.13,EMPTY_GT,0,0,1
xiaonanln__goworld,https://github.com/xiaonanln/goworld,71ff877f1b92ea1df9d2e1b10d19b2da242a1df2,2022-08-14T00:51:07+08:00,github.com/xiaonanln/goworld,1.17,OK,33,36,56
xiaoxin01__typeregistry,https://github.com/xiaoxin01/typeregistry,e916fcd17334961e59526c66faeedb95b7f1a9ba,2020-02-20T21:00:05+08:00,github.com/xiaoxin01/typeregistry,1.13,EMPTY_GT,,,
xis__baraka,https://github.com/xis/baraka,2e837c24819ec9d0c3fc80af7d8f968d8b909e71,2022-09-30T21:09:07+03:00,github.com/xis/baraka/v2,1.14,EMPTY_GT,0,0,0
xitonix__trubka,https://github.com/xitonix/trubka,dcc495632925b89e9747b429f7d209f3685b889e,2025-04-19T00:15:26+10:00,github.com/xitonix/trubka,1.24.2,OK,45,45,125
xjasonlyu__tun2socks,https://github.com/xjasonlyu/tun2socks,8dda19e8e4613e014f0b12f3e624fdff5e5f23b3,2026-07-12T16:04:34+08:00,github.com/xjasonlyu/tun2socks/v2,1.26.3,OK,21,24,151
xml-comp__xml-comp,https://github.com/xml-comp/xml-comp,292fe466b944be2f3cc6b3e4b8c03a1401e32ade,2018-07-19T09:20:48-03:00,command-line-arguments,,EMPTY_GT,0,0,0
xorcare__pointer,https://github.com/xorcare/pointer,0e9027d886d94dd5b0d5a12e274c6d450264944b,2026-04-28T23:38:17+03:00,github.com/xorcare/pointer,1.26,EMPTY_GT,0,0,1
xta__okrun,https://github.com/xta/okrun,58675775e4fd67db451ac191489508da3e83e8b6,2014-10-05T18:15:26-07:00,command-line-arguments,,EMPTY_GT,0,0,0
xtaci__gaio,https://github.com/xtaci/gaio,d260d35ac02a0c67978328ab298bdd6986424625,2026-02-19T11:46:17+08:00,github.com/xtaci/gaio,1.21,OK,1,1,2
xujiajun__gorouter,https://github.com/xujiajun/gorouter,,,command-line-arguments,,EMPTY_GT,,,
xujiajun__gotokenizer,https://github.com/xujiajun/gotokenizer,2184aa574edea2a067ef42da088e3f7e611ea15a,2019-04-10T17:39:08+08:00,command-line-arguments,,EMPTY_GT,0,0,0
xujiajun__nutsdb,https://github.com/xujiajun/nutsdb,5ee3eaf904add469d1d6c2eb90ddc8fa680b0b7e,2026-06-13T23:22:11+08:00,github.com/nutsdb/nutsdb,1.24.0,OK,13,13,21
xuri__aurora,https://github.com/xuri/aurora,8ddad1a3ff5296e74ac6fa1e25aba9432908f26e,2021-08-20T00:04:41+08:00,github.com/xuri/aurora,1.16,OK,1,2,3
xuri__excelize,https://github.com/xuri/excelize,495311569d5f4611c7113d3c2574f3d8186a5e29,2026-07-15T14:03:47+08:00,github.com/xuri/excelize/v2,1.25.0,OK,8,13,21
xuri__xgen,https://github.com/xuri/xgen,c9cf3fcb4aaf715d167a220c3f13751ddde83e1c,2026-05-24T18:48:08+08:00,github.com/xuri/xgen,1.23.0,OK,2,6,15
xwjdsh__awesome-go-extra,https://github.com/xwjdsh/awesome-go-extra,b47d586f1a6ba69ad08c54cc83e6bb5d8bf892c2,2022-08-25T21:12:43+00:00,github.com/xwjdsh/awesome-go-extra,1.16,OK,9,9,95
xxjwxc__gofal,https://github.com/xxjwxc/gofal,7b4349ad56ab64a02905b4d037b759f284619320,2019-10-08T11:02:59+08:00,github.com/xxjwxc/gofal,1.12,EMPTY_GT,0,0,24
xxjwxc__gormt,https://github.com/xxjwxc/gormt,5dd065bb26ca0f6d7f6602ffe6f55c45d5c56ac1,2026-02-12T16:33:55+08:00,github.com/xxjwxc/gormt,1.24.0,OK,48,48,325
xxjwxc__gowp,https://github.com/xxjwxc/gowp,5be68d222389a8c5b25f64b3d52e0b365606addf,2024-09-29T11:30:16+08:00,github.com/xxjwxc/gowp,1.13,OK,12,12,150
xyproto__algernon,https://github.com/xyproto/algernon,64ad80dd0de3e99eef7770d0af7df1dc0b114c93,2026-07-18T19:00:41+02:00,github.com/xyproto/algernon,1.26,EMPTY_GT,,,
xyproto__permissions,https://github.com/xyproto/permissions,3a8f86365425d8f72903a41bb35c392513716330,2026-07-06T15:00:15+02:00,github.com/xyproto/permissions,1.25.0,OK,11,11,21
yaa110__goterator,https://github.com/yaa110/goterator,8a992be8d144548b142dccb130bf9f79f263ca3e,,,,EMPTY_GT,0,0,0
yahoo__vssh,https://github.com/yahoo/vssh,bfa903e660fc42111b32e6fd06afd4438d4b79c9,2020-11-21T18:34:51-08:00,github.com/yahoo/vssh,1.14,OK,1,3,15
yaitoo__async,https://github.com/yaitoo/async,74db4a9f484f6c349507e98603bf362190f57ba9,2024-03-18T10:33:04+08:00,github.com/yaitoo/async,1.18,EMPTY_GT,0,4,7
yaitoo__xun,https://github.com/yaitoo/xun,942ac62d22a51cdc19856ab9ed2fb9f98f5236a3,2026-07-10T23:49:06+08:00,github.com/yaitoo/xun,1.24.0,EMPTY_GT,,,
yaronsumel__filler,https://github.com/yaronsumel/filler,2d383ee0c667270155eeb59964b247a351252849,2017-04-10T11:03:29+03:00,command-line-arguments,,EMPTY_GT,0,0,0
yaronsumel__grapes,https://github.com/yaronsumel/grapes,88727b57431b4f9c3589ff494513ba7b34c768bf,2025-04-18T13:13:45+02:00,github.com/yaronsumel/grapes,1.15,OK,3,3,16
yassinebenaid__bunster,https://github.com/yassinebenaid/bunster,e6cacb463facd3f6781e1329faa77177bb4be854,2026-04-28T18:16:26+01:00,github.com/yassinebenaid/bunster,1.23.0,OK,5,5,16
yassinebenaid__godump,https://github.com/yassinebenaid/godump,1ec5d7b4dbe1c5b4efaa3e1b572341c573e0de0d,2025-05-16T09:57:53+01:00,github.com/yassinebenaid/godump,1.21.0,EMPTY_GT,0,0,1
yazgazan__jaydiff,https://github.com/yazgazan/jaydiff,822d6a2b1b48e398068be4cc0182491d1aafae0b,2026-04-21T10:12:02+02:00,github.com/yazgazan/jaydiff,1.10,OK,8,8,9
ybbus__httpretry,https://github.com/ybbus/httpretry,3adfad4cb89df5e87de20d1c0207c22c17b754df,2023-02-23T00:13:08+01:00,github.com/ybbus/httpretry,1.19,EMPTY_GT,0,0,0
ybbus__jsonrpc,https://github.com/ybbus/jsonrpc,85c0ab1b5ac7d394af6df9cb1d430cda8f563df3,2025-10-26T07:22:26+01:00,github.com/ybbus/jsonrpc/v3,1.21,EMPTY_GT,,,
ydb-platform__ydb-go-sdk,https://github.com/ydb-platform/ydb-go-sdk,55002b85215f290493e5682fc4f44818db8e0acc,2026-07-20T10:58:20+00:00,github.com/ydb-platform/ydb-go-sdk/v3,1.24.0,OK,17,17,77
yl2chen__cidranger,https://github.com/yl2chen/cidranger,d1cb2c52f37ac257db665ddfaf4af22e89863471,2021-09-27T19:18:09-07:00,github.com/yl2chen/cidranger,1.13,EMPTY_GT,0,0,0
yourbasic__bit,https://github.com/yourbasic/bit,45a4409f4082007c180971e5a7fd596bb492fb6d,2018-03-13T08:44:24+01:00,command-line-arguments,,EMPTY_GT,,,
yourbasic__graph,https://github.com/yourbasic/graph,8ecfec1c28696321a89068ad0d058846552b5dc2,2021-06-06T20:00:40+02:00,command-line-arguments,,EMPTY_GT,,,
yourbasic__radix,https://github.com/yourbasic/radix,cbe1cc82e90769274f65ef66dcd283cbace70446,2018-03-08T13:29:24+01:00,,,EMPTY_GT,,,
youthlin__stream,https://github.com/youthlin/stream,cefbf400c1dbc65b95aebb57a87cf175c72b3a7e,2024-02-08T18:00:32+08:00,github.com/youthlin/stream,1.15,EMPTY_GT,0,0,0
youthlin__t,https://github.com/youthlin/t,e1a570bbeae417adb038c69094030a1efd6335ab,2026-06-26T09:45:35+08:00,github.com/youthlin/t,1.23.0,OK,4,7,35
yudppp__throttle,https://github.com/yudppp/throttle,98088593f03822a8a40046fdfa9fbeea4ba2f9c0,2021-08-25T00:10:00+09:00,github.com/yudppp/throttle,1.16,EMPTY_GT,0,0,0
yuin__goldmark,https://github.com/yuin/goldmark,50ba9fc8cb4569d514cf49fc434305a7c4c25bc9,2026-07-12T16:38:08+09:00,github.com/yuin/goldmark,1.22,EMPTY_GT,,,
yuin__gopher-lua,https://github.com/yuin/gopher-lua,75f497656b1c6864139dd2a7d88cf96d09550814,2026-04-01T09:54:10+09:00,github.com/yuin/gopher-lua,1.23,OK,1,1,5
yunabe__lgo,https://github.com/yunabe/lgo,42c42d410fdf64ea6148f63afd6040267a259c20,2019-07-09T12:59:17+00:00,command-line-arguments,,EMPTY_GT,,,
yuroyoro__goast-viewer,https://github.com/yuroyoro/goast-viewer,3d08b047cb96c142f9ce030ece0ffd7eccad1498,2019-05-31T11:48:18+09:00,github.com/yuroyoro/goast-viewer,1.12,EMPTY_GT,0,0,0
yuseferi__envyaml,https://github.com/yuseferi/envyaml,31858191fa75520f5a08b66406acbd8081d21b54,2025-12-25T23:45:18+01:00,github.com/yuseferi/envyaml,1.25,OK,2,5,8
yuseferi__gocache,https://github.com/yuseferi/gocache,eab12741dff5eb338cc1d1db1496c2b5622e2657,2025-12-18T16:58:22+01:00,github.com/yuseferi/gocache/v2,1.25,EMPTY_GT,0,0,1
yuseferi__scheduler,https://github.com/yuseferi/scheduler,930561ee745b30cea889b2ea0231e3556934c1b7,2026-04-04T14:23:34+02:00,github.com/yuseferi/scheduler,1.26.1,OK,4,52,122
yuseferi__zax,https://github.com/yuseferi/zax,70f8f98005c6919de34b71c9522627affd84f91f,2026-04-05T00:43:56+02:00,github.com/yuseferi/zax/v2,1.26.1,OK,2,6,11
zRedShift__mimemagic,https://github.com/zRedShift/mimemagic,5028b726e7cdb453d7bccb8c660ab9f75c488c79,2023-02-27T14:10:55+00:00,github.com/zRedShift/mimemagic/v2,1.16,OK,2,2,11
zcalusic__sysinfo,https://github.com/zcalusic/sysinfo,64129099fd651e9158c261fbf5afc2dd92961a07,2024-12-09T09:12:29+01:00,github.com/zcalusic/sysinfo,1.23,OK,1,1,2
zegl__goriak,https://github.com/zegl/goriak,853c1d1c26fcb79ded29a53b802c60989cf46013,2018-12-28T00:06:51+01:00,github.com/zegl/goriak/v3,,OK,4,8,12
zendev-sh__goai,https://github.com/zendev-sh/goai,eea8799e3421b1d03480970e92edb4ac5017ea3a,2026-07-20T10:32:39+00:00,github.com/zendev-sh/goai,1.25.0,OK,2,3,10
zenthangplus__goccm,https://github.com/zenthangplus/goccm,,,,,EMPTY_GT,0,0,0
zeromq__libzmq,https://github.com/zeromq/libzmq,ba63f0372701751f5435dbfbdaf23ab3dc1ae320,2026-07-04T17:32:21+01:00,command-line-arguments,,EMPTY_GT,0,0,0
zerosnake0__go-json-benchmark,https://github.com/zerosnake0/go-json-benchmark,89dede3cfac3d3d67d7cff15c2603e6aba31b6d8,2020-10-08T16:20:48+08:00,go-json-benchmark,1.15,OK,17,18,31
zerosnake0__jzon,https://github.com/zerosnake0/jzon,3558d4ef71f5739c70f296d6073ab1bf89484e77,2022-08-03T02:21:22+08:00,github.com/zerosnake0/jzon,1.15,EMPTY_GT,0,0,0
zhenjl__bloom,https://github.com/zhenjl/bloom,e24b032dccb1f55fd225c6d186fe6983419caf2e,2015-10-26T16:31:58-07:00,command-line-arguments,,EMPTY_GT,0,0,0
zhenjl__porter2,https://github.com/zhenjl/porter2,56e4718818e8dc4ea5ba6348402fc7661863732a,2015-08-29T14:01:52-07:00,command-line-arguments,,EMPTY_GT,,,
zhuangsirui__binpacker,https://github.com/zhuangsirui/binpacker,146476ded2e374ab5b745d09fef0bdcad953e3d0,2021-07-13T23:49:44+08:00,command-line-arguments,,EMPTY_GT,0,0,0
zhulongcheng__testsql,https://github.com/zhulongcheng/testsql,75d045b177ec71ac039b2ef93ae3862b1241dc44,2019-09-26T15:23:26+08:00,command-line-arguments,,EMPTY_GT,0,0,0
zimmski__tavor,https://github.com/zimmski/tavor,9f3410897a1256bb00b544e064f1c97ae1146405,2018-10-31T20:42:45+01:00,command-line-arguments,,EMPTY_GT,0,0,0
ziutek__emgo,https://github.com/ziutek/emgo,168ccc21e67ca914d0be6ef61362f8a392a2df28,2021-12-05T21:58:14+01:00,github.com/ziutek/emgo,1.16,OK,1,1,5
zoumo__goset,https://github.com/zoumo/goset,8dc59739a7ac3ec74148e9c190f869ac14d0e6e8,2020-12-11T18:18:41+08:00,github.com/zoumo/goset,1.12,EMPTY_GT,0,0,0
zpatrick__rclient,https://github.com/zpatrick/rclient,00dfceed505ade69f1cb224a279daf2aec1da64b,2019-11-27T16:03:51-08:00,command-line-arguments,,EMPTY_GT,0,0,0
zserge__webview,https://github.com/zserge/webview,cbbdee44afff22867de9fd88a9fc8350d9bdd399,2026-03-09T07:51:25+00:00,command-line-arguments,,EMPTY_GT,0,0,0
ztrue__tracerr,https://github.com/ztrue/tracerr,9e268b231b53eba235eb07d7afd0914a9604384c,2026-04-01T20:18:57-04:00,github.com/ztrue/tracerr,,EMPTY_GT,,,
zubairhamed__canopus,https://github.com/zubairhamed/canopus,e374f5b1a0f335982a91a13b396504c4e1be4961,2018-02-07T13:39:28+01:00,command-line-arguments,,EMPTY_GT,,,
