repo,tool,n_all_tp,n_all_fp,n_all_fn,n_imp_tp,n_imp_fp,n_imp_fn,n_impT_tp,n_impT_fp,n_impT_fn,v_all_tp,v_all_fp,v_all_fn,v_imp_tp,v_imp_fp,v_imp_fn,v_impT_tp,v_impT_fp,v_impT_fn,fp_test,fp_otherOS,fp_direct_unused,fp_indirect_unused,fp_gosum_only,fp_sibling
BlackRabbitt__mspm,TIMEOUT_OR_EMPTY
BoRuDar__configuration,TIMEOUT_OR_EMPTY
BooleanCat__go-functional,TIMEOUT_OR_EMPTY
Allra-Fintech__mdv,syft,9,0,6,6,3,0,6,3,0,9,0,6,6,3,0,6,3,0,0,0,0,0,3,0
Allra-Fintech__mdv,trivy,6,0,9,6,0,0,6,0,0,6,0,9,6,0,0,6,0,0,0,0,0,0,0,0
Allra-Fintech__mdv,cdxgen,6,0,9,6,0,0,6,0,0,6,0,9,6,0,0,6,0,0,0,0,0,0,0,0
Allra-Fintech__mdv,cyclonedx-gomod,6,0,9,6,0,0,6,0,0,6,0,9,6,0,0,6,0,0,0,0,0,0,0,0
BrianLeishman__go-imap,syft,30,0,7,26,4,0,26,4,0,30,0,7,26,4,0,26,4,0,0,0,0,0,4,0
BrianLeishman__go-imap,trivy,26,0,11,26,0,0,26,0,0,26,0,11,26,0,0,26,0,0,0,0,0,0,0,0
BrianLeishman__go-imap,cdxgen,26,0,11,26,0,0,26,0,0,26,0,11,26,0,0,26,0,0,0,0,0,0,0,0
BrianLeishman__go-imap,cyclonedx-gomod,26,0,11,26,0,0,26,0,0,26,0,11,26,0,0,26,0,0,0,0,0,0,0,0
BurntSushi__toml,TIMEOUT_OR_EMPTY
CalebQ42__bbConvert,syft,1,0,0,1,0,0,1,0,0,1,0,0,1,0,0,1,0,0,0,0,0,0,0,0
CalebQ42__bbConvert,trivy,1,0,0,1,0,0,1,0,0,1,0,0,1,0,0,1,0,0,0,0,0,0,0,0
CalebQ42__bbConvert,cdxgen,1,0,0,1,0,0,1,0,0,1,0,0,1,0,0,1,0,0,0,0,0,0,0,0
CalebQ42__bbConvert,cyclonedx-gomod,1,0,0,1,0,0,1,0,0,1,0,0,1,0,0,1,0,0,0,0,0,0,0,0
Checkmarx__chainjacking,TIMEOUT_OR_EMPTY
ChimeraCoder__gojson,TIMEOUT_OR_EMPTY
ChristopherRabotin__ode,TIMEOUT_OR_EMPTY
ChristopherRabotin__sg,TIMEOUT_OR_EMPTY
AmuzaTkts__jsonapi-errors,TIMEOUT_OR_EMPTY
ClickHouse__clickhouse-go,syft,77,0,28,55,22,0,56,21,0,77,0,28,55,22,0,56,21,0,1,4,0,3,14,0
ClickHouse__clickhouse-go,trivy,63,0,42,55,8,0,56,7,0,63,0,42,55,8,0,56,7,0,1,4,0,3,0,0
ClickHouse__clickhouse-go,cdxgen,55,0,50,55,0,0,55,0,1,55,0,50,55,0,0,55,0,1,0,0,0,0,0,0
ClickHouse__clickhouse-go,cyclonedx-gomod,62,0,43,55,7,0,55,7,1,62,0,43,55,7,0,55,7,1,0,4,0,3,0,0
Code-Hex__Neo-cowsay,syft,5,16,0,3,18,0,4,17,0,5,16,0,3,18,0,4,17,0,1,0,0,1,0,16
Code-Hex__Neo-cowsay,trivy,5,22,0,3,24,0,4,23,0,5,22,0,3,24,0,4,23,0,1,0,0,1,0,22
Code-Hex__Neo-cowsay,cdxgen,3,13,2,3,13,0,3,13,1,3,13,2,3,13,0,3,13,1,0,0,0,0,0,13
Code-Hex__Neo-cowsay,cyclonedx-gomod,3,0,2,3,0,0,3,0,1,3,0,2,3,0,0,3,0,1,0,0,0,0,0,0
Breeze0806__go-etl,syft,75,0,28,54,21,0,54,21,0,75,0,28,54,21,0,54,21,0,0,0,0,1,20,0
Breeze0806__go-etl,trivy,55,0,48,54,1,0,54,1,0,55,0,48,54,1,0,54,1,0,0,0,0,1,0,0
Breeze0806__go-etl,cdxgen,54,0,49,54,0,0,54,0,0,54,0,49,54,0,0,54,0,0,0,0,0,0,0,0
Breeze0806__go-etl,cyclonedx-gomod,55,0,48,54,1,0,54,1,0,55,0,48,54,1,0,54,1,0,0,0,0,1,0,0
Colin4k1024__Aetheris,syft,153,15,114,124,44,0,124,44,0,153,26,114,124,55,0,124,55,0,0,0,0,7,22,15
Colin4k1024__Aetheris,trivy,132,13,135,124,21,0,124,21,0,132,20,135,124,28,0,124,28,0,0,0,0,7,1,13
Colin4k1024__Aetheris,cdxgen,125,11,142,124,12,0,124,12,0,125,16,142,124,17,0,124,17,0,0,0,0,0,1,11
Colin4k1024__Aetheris,cyclonedx-gomod,126,0,141,121,5,3,121,5,3,126,0,141,121,5,3,121,5,3,0,0,0,5,0,0
Comcast__gaad,TIMEOUT_OR_EMPTY
CovenantSQL__CovenantSQL,syft,126,1,112,86,41,1,91,36,1,126,1,112,86,41,1,91,36,1,5,2,1,8,25,0
CovenantSQL__CovenantSQL,trivy,237,1,1,86,152,1,91,147,1,237,1,1,86,152,1,91,147,1,5,2,1,8,136,0
CovenantSQL__CovenantSQL,cdxgen,87,0,151,87,0,0,87,0,5,87,0,151,87,0,0,87,0,5,0,0,0,0,0,0
CovenantSQL__CovenantSQL,cyclonedx-gomod,93,1,145,86,8,1,86,8,6,93,1,145,86,8,1,86,8,6,0,2,1,1,4,0
DATA-DOG__go-sqlmock,syft,1,0,0,1,0,0,1,0,0,1,0,0,1,0,0,1,0,0,0,0,0,0,0,0
DATA-DOG__go-sqlmock,trivy,1,0,0,1,0,0,1,0,0,1,0,0,1,0,0,1,0,0,0,0,0,0,0,0
DATA-DOG__go-sqlmock,cdxgen,1,0,0,1,0,0,1,0,0,1,0,0,1,0,0,1,0,0,0,0,0,0,0,0
DATA-DOG__go-sqlmock,cyclonedx-gomod,1,0,0,1,0,0,1,0,0,1,0,0,1,0,0,1,0,0,0,0,0,0,0,0
Andrew-M-C__go.jsonvalue,syft,4,0,6,1,3,0,4,0,0,4,0,6,1,3,0,4,0,0,3,0,0,0,0,0
Andrew-M-C__go.jsonvalue,trivy,10,0,0,1,9,0,4,6,0,10,0,0,1,9,0,4,6,0,3,0,0,0,6,0
Andrew-M-C__go.jsonvalue,cdxgen,1,0,9,1,0,0,1,0,3,1,0,9,1,0,0,1,0,3,0,0,0,0,0,0
Andrew-M-C__go.jsonvalue,cyclonedx-gomod,1,0,9,1,0,0,1,0,3,1,0,9,1,0,0,1,0,3,0,0,0,0,0,0
DATA-DOG__go-txdb,TIMEOUT_OR_EMPTY
DMcP89__tinycare-tui,syft,51,0,13,29,22,0,31,20,0,51,0,13,29,22,0,31,20,0,2,1,0,4,15,0
DMcP89__tinycare-tui,trivy,36,0,28,29,7,0,31,5,0,36,0,28,29,7,0,31,5,0,2,1,0,4,0,0
DMcP89__tinycare-tui,cdxgen,29,0,35,29,0,0,29,0,2,29,0,35,29,0,0,29,0,2,0,0,0,0,0,0
DMcP89__tinycare-tui,cyclonedx-gomod,33,0,31,29,4,0,29,4,2,33,0,31,29,4,0,29,4,2,0,1,0,3,0,0
DarthPestilane__easytcp,syft,20,0,10,11,9,0,15,5,0,20,0,10,11,9,0,15,5,0,4,0,1,2,2,0
DarthPestilane__easytcp,trivy,18,0,12,11,7,0,15,3,0,18,0,12,11,7,0,15,3,0,4,0,1,2,0,0
DarthPestilane__easytcp,cdxgen,11,0,19,11,0,0,11,0,4,11,0,19,11,0,0,11,0,4,0,0,0,0,0,0
DarthPestilane__easytcp,cyclonedx-gomod,14,0,16,11,3,0,11,3,4,14,0,16,11,3,0,11,3,4,0,0,1,2,0,0
DavidBelicza__TextRank,TIMEOUT_OR_EMPTY
DavidGamba__go-getoptions,TIMEOUT_OR_EMPTY
Antonboom__testifylint,syft,6,16,2,3,19,0,3,19,0,4,19,4,3,20,0,3,20,0,0,0,0,0,1,18
Antonboom__testifylint,trivy,4,12,4,3,13,0,3,13,0,3,14,5,3,14,0,3,14,0,0,0,0,0,0,13
Antonboom__testifylint,cdxgen,4,11,4,3,12,0,3,12,0,3,13,5,3,13,0,3,13,0,0,0,0,0,0,12
Antonboom__testifylint,cyclonedx-gomod,2,0,6,2,0,1,2,0,1,2,0,6,2,0,1,2,0,1,0,0,0,0,0,0
DeRuina__timberjack,syft,2,0,0,1,1,0,2,0,0,2,0,0,1,1,0,2,0,0,1,0,0,0,0,0
DeRuina__timberjack,trivy,2,0,0,1,1,0,2,0,0,2,0,0,1,1,0,2,0,0,1,0,0,0,0,0
DeRuina__timberjack,cdxgen,1,0,1,1,0,0,1,0,1,1,0,1,1,0,0,1,0,1,0,0,0,0,0,0
DeRuina__timberjack,cyclonedx-gomod,1,0,1,1,0,0,1,0,1,1,0,1,1,0,0,1,0,1,0,0,0,0,0,0
Antonito__gfile,syft,40,0,11,31,9,0,35,5,0,40,0,11,31,9,0,35,5,0,4,1,0,0,4,0
Antonito__gfile,trivy,36,0,15,31,5,0,35,1,0,36,0,15,31,5,0,35,1,0,4,1,0,0,0,0
Antonito__gfile,cdxgen,31,0,20,31,0,0,31,0,4,31,0,20,31,0,0,31,0,4,0,0,0,0,0,0
Antonito__gfile,cyclonedx-gomod,32,0,19,31,1,0,31,1,4,32,0,19,31,1,0,31,1,4,0,1,0,0,0,0
DiceDB__dice,TIMEOUT_OR_EMPTY
DimitarPetrov__stegify,TIMEOUT_OR_EMPTY
DisposaBoy__GoSublime,TIMEOUT_OR_EMPTY
DrmagicE__gmqtt,syft,119,0,193,47,72,0,47,72,0,119,0,193,47,72,0,47,72,0,0,1,3,54,14,0
DrmagicE__gmqtt,trivy,105,0,207,47,58,0,47,58,0,105,0,207,47,58,0,47,58,0,0,1,3,54,0,0
DrmagicE__gmqtt,cdxgen,47,0,265,47,0,0,47,0,0,47,0,265,47,0,0,47,0,0,0,0,0,0,0,0
DrmagicE__gmqtt,cyclonedx-gomod,104,0,208,47,57,0,47,57,0,104,0,208,47,57,0,47,57,0,0,1,3,53,0,0
DylanMeeus__GoAudio,TIMEOUT_OR_EMPTY
DylanMeeus__hasgo,syft,2,1,6,2,1,0,2,1,0,2,2,6,2,2,0,2,2,0,0,0,0,0,0,1
DylanMeeus__hasgo,trivy,8,1,0,2,7,0,2,7,0,8,2,0,2,8,0,2,8,0,0,0,0,0,6,1
DylanMeeus__hasgo,cdxgen,2,0,6,2,0,0,2,0,0,2,0,6,2,0,0,2,0,0,0,0,0,0,0,0
DylanMeeus__hasgo,cyclonedx-gomod,2,0,6,2,0,0,2,0,0,2,0,6,2,0,0,2,0,0,0,0,0,0,0,0
Dynom__TySug,syft,13,0,3,8,5,0,9,4,0,13,0,3,8,5,0,9,4,0,1,0,0,1,3,0
Dynom__TySug,trivy,10,0,6,8,2,0,9,1,0,10,0,6,8,2,0,9,1,0,1,0,0,1,0,0
Dynom__TySug,cdxgen,8,0,8,8,0,0,8,0,1,8,0,8,8,0,0,8,0,1,0,0,0,0,0,0
Dynom__TySug,cyclonedx-gomod,9,0,7,8,1,0,8,1,1,9,0,7,8,1,0,8,1,1,0,0,0,1,0,0
EchoVault__EchoVault,syft,40,0,56,30,10,0,31,9,0,40,0,56,30,10,0,31,9,0,1,0,0,0,9,0
EchoVault__EchoVault,trivy,31,0,65,30,1,0,31,0,0,31,0,65,30,1,0,31,0,0,1,0,0,0,0,0
EchoVault__EchoVault,cdxgen,30,0,66,30,0,0,30,0,1,30,0,66,30,0,0,30,0,1,0,0,0,0,0,0
EchoVault__EchoVault,cyclonedx-gomod,30,0,66,30,0,0,30,0,1,30,0,66,30,0,0,30,0,1,0,0,0,0,0,0
Edgenesis__shifu,syft,166,0,269,126,40,0,134,32,0,166,0,269,126,40,0,134,32,0,8,1,0,2,29,0
Edgenesis__shifu,trivy,137,0,298,126,11,0,134,3,0,137,0,298,126,11,0,134,3,0,8,1,0,2,0,0
Edgenesis__shifu,cdxgen,126,0,309,126,0,0,126,0,8,126,0,309,126,0,0,126,0,8,0,0,0,0,0,0
Edgenesis__shifu,cyclonedx-gomod,119,0,316,118,1,8,118,1,16,119,0,316,118,1,8,118,1,16,0,1,0,0,0,0
EngoEngine__engo,syft,31,0,14,17,14,0,21,10,0,31,0,14,17,14,0,21,10,0,4,1,5,4,0,0
EngoEngine__engo,trivy,31,0,14,17,14,0,21,10,0,31,0,14,17,14,0,21,10,0,4,1,5,4,0,0
EngoEngine__engo,cdxgen,17,0,28,17,0,0,17,0,4,17,0,28,17,0,0,17,0,4,0,0,0,0,0,0
EngoEngine__engo,cyclonedx-gomod,24,0,21,17,7,0,17,7,4,24,0,21,17,7,0,17,7,4,0,1,5,1,0,0
Aorioli__gcm,TIMEOUT_OR_EMPTY
Eun__go-convert,syft,6,0,1,5,1,0,5,1,0,6,1,1,5,2,0,5,2,0,0,0,0,0,1,0
Eun__go-convert,trivy,7,0,0,5,2,0,5,2,0,7,1,0,5,3,0,5,3,0,0,0,0,0,2,0
Eun__go-convert,cdxgen,5,0,2,5,0,0,5,0,0,5,0,2,5,0,0,5,0,0,0,0,0,0,0,0
Eun__go-convert,cyclonedx-gomod,5,0,2,5,0,0,5,0,0,5,0,2,5,0,0,5,0,0,0,0,0,0,0,0
AppsFlyer__go-sundheit,syft,10,5,1,1,14,0,7,8,0,10,7,1,1,16,0,7,10,0,6,0,0,2,1,5
AppsFlyer__go-sundheit,trivy,9,3,2,1,11,0,7,5,0,9,4,2,1,12,0,7,6,0,6,0,0,2,0,3
AppsFlyer__go-sundheit,cdxgen,1,1,10,1,1,0,1,1,6,1,1,10,1,1,0,1,1,6,0,0,0,0,0,1
AppsFlyer__go-sundheit,cyclonedx-gomod,1,0,10,1,0,0,1,0,6,1,0,10,1,0,0,1,0,6,0,0,0,0,0,0
Arceus-7__matrix,TIMEOUT_OR_EMPTY
AshvinBambhaniya__autopool,TIMEOUT_OR_EMPTY
BayesWitnesses__m2cgen,TIMEOUT_OR_EMPTY
Eun__go-hit,syft,44,0,8,30,14,0,35,9,0,44,42,8,30,56,0,35,51,0,5,0,0,3,6,0
Eun__go-hit,trivy,52,0,0,30,22,0,35,17,0,52,53,0,30,75,0,35,70,0,5,0,0,3,14,0
Eun__go-hit,cdxgen,38,0,14,30,8,0,35,3,0,38,0,14,30,8,0,35,3,0,5,0,0,3,0,0
Eun__go-hit,cyclonedx-gomod,30,0,22,30,0,0,30,0,5,30,0,22,30,0,0,30,0,5,0,0,0,0,0,0
Evertras__bubble-table,syft,27,0,8,19,8,0,23,4,0,27,0,8,19,8,0,23,4,0,4,0,0,0,4,0
Evertras__bubble-table,trivy,23,0,12,19,4,0,23,0,0,23,0,12,19,4,0,23,0,0,4,0,0,0,0,0
Evertras__bubble-table,cdxgen,19,0,16,19,0,0,19,0,4,19,0,16,19,0,0,19,0,4,0,0,0,0,0,0
Evertras__bubble-table,cyclonedx-gomod,19,0,16,19,0,0,19,0,4,19,0,16,19,0,0,19,0,4,0,0,0,0,0,0
Eyevinn__hls-m3u8,TIMEOUT_OR_EMPTY
FiloSottile__age,syft,9,0,8,6,3,0,9,0,0,9,0,8,6,3,0,9,0,0,3,0,0,0,0,0
FiloSottile__age,trivy,9,0,8,6,3,0,9,0,0,9,0,8,6,3,0,9,0,0,3,0,0,0,0,0
FiloSottile__age,cdxgen,6,0,11,6,0,0,6,0,3,6,0,11,6,0,0,6,0,3,0,0,0,0,0,0
FiloSottile__age,cyclonedx-gomod,6,0,11,6,0,0,6,0,3,6,0,11,6,0,0,6,0,3,0,0,0,0,0,0
Fontinalis__fonet,TIMEOUT_OR_EMPTY
Forceu__gokapi,syft,71,0,43,30,41,0,34,37,0,71,0,43,30,41,0,34,37,0,4,4,1,10,22,0
Forceu__gokapi,trivy,49,0,65,30,19,0,34,15,0,49,0,65,30,19,0,34,15,0,4,4,1,10,0,0
Forceu__gokapi,cdxgen,49,0,65,30,19,0,34,15,0,49,0,65,30,19,0,34,15,0,4,4,1,10,0,0
Forceu__gokapi,cyclonedx-gomod,41,0,73,30,11,0,30,11,4,41,0,73,30,11,0,30,11,4,0,4,1,6,0,0
FreeLeh__GoFreeDB,syft,29,0,64,16,13,0,22,7,0,29,0,64,16,13,0,22,7,0,6,0,0,1,6,0
FreeLeh__GoFreeDB,trivy,23,0,70,16,7,0,22,1,0,23,0,70,16,7,0,22,1,0,6,0,0,1,0,0
FreeLeh__GoFreeDB,cdxgen,16,0,77,16,0,0,16,0,6,16,0,77,16,0,0,16,0,6,0,0,0,0,0,0
FreeLeh__GoFreeDB,cyclonedx-gomod,17,0,76,16,1,0,16,1,6,17,0,76,16,1,0,16,1,6,0,0,0,1,0,0
Fs02__go-todo-backend,syft,40,0,11,16,24,0,17,23,0,40,0,11,16,24,0,17,23,0,1,0,0,0,23,0
Fs02__go-todo-backend,trivy,17,0,34,16,1,0,17,0,0,17,0,34,16,1,0,17,0,0,1,0,0,0,0,0
Fs02__go-todo-backend,cdxgen,17,0,34,16,1,0,17,0,0,17,0,34,16,1,0,17,0,0,1,0,0,0,0,0
Fs02__go-todo-backend,cyclonedx-gomod,15,0,36,15,0,1,15,0,2,15,0,36,15,0,1,15,0,2,0,0,0,0,0,0
Fs02__grimoire,syft,12,0,0,11,1,0,12,0,0,12,0,0,11,1,0,12,0,0,1,0,0,0,0,0
Fs02__grimoire,trivy,12,0,0,11,1,0,12,0,0,12,0,0,11,1,0,12,0,0,1,0,0,0,0,0
Fs02__grimoire,cdxgen,11,0,1,11,0,0,11,0,1,11,0,1,11,0,0,11,0,1,0,0,0,0,0,0
Fs02__grimoire,cyclonedx-gomod,11,0,1,11,0,0,11,0,1,11,0,1,11,0,0,11,0,1,0,0,0,0,0,0
Fs02__wire,TIMEOUT_OR_EMPTY
GiGurra__boa,syft,3,0,4,2,1,0,2,1,0,3,0,4,2,1,0,2,1,0,0,1,0,0,0,0
GiGurra__boa,trivy,3,0,4,2,1,0,2,1,0,3,0,4,2,1,0,2,1,0,0,1,0,0,0,0
GiGurra__boa,cdxgen,2,0,5,2,0,0,2,0,0,2,0,5,2,0,0,2,0,0,0,0,0,0,0,0
GiGurra__boa,cyclonedx-gomod,3,0,4,2,1,0,2,1,0,3,0,4,2,1,0,2,1,0,0,1,0,0,0,0
Gituser143__cryptgo,syft,38,0,145,26,12,0,26,12,0,38,0,145,26,12,0,26,12,0,0,0,0,3,9,0
Gituser143__cryptgo,trivy,183,0,0,26,157,0,26,157,0,183,0,0,26,157,0,26,157,0,0,1,0,3,153,0
Gituser143__cryptgo,cdxgen,26,0,157,26,0,0,26,0,0,26,0,157,26,0,0,26,0,0,0,0,0,0,0,0
Gituser143__cryptgo,cyclonedx-gomod,27,0,156,26,1,0,26,1,0,27,0,156,26,1,0,26,1,0,0,1,0,0,0,0
olivere__elastic,syft,26,8,27,13,21,0,15,19,0,24,11,29,13,22,0,15,20,0,2,0,0,2,0,17
olivere__elastic,trivy,20,9,33,13,16,0,15,14,0,18,12,35,13,17,0,15,15,0,2,0,0,2,0,12
olivere__elastic,cdxgen,20,9,33,13,16,0,15,14,0,18,12,35,13,17,0,15,15,0,2,0,0,2,0,12
olivere__elastic,cyclonedx-gomod,13,0,40,13,0,0,13,0,2,13,0,40,13,0,0,13,0,2,0,0,0,0,0,0
andy2046__failured,syft,1,0,0,1,0,0,1,0,0,1,0,0,1,0,0,1,0,0,0,0,0,0,0,0
andy2046__failured,trivy,1,0,0,1,0,0,1,0,0,1,0,0,1,0,0,1,0,0,0,0,0,0,0,0
andy2046__failured,cdxgen,1,0,0,1,0,0,1,0,0,1,0,0,1,0,0,1,0,0,0,0,0,0,0,0
andy2046__failured,cyclonedx-gomod,1,0,0,1,0,0,1,0,0,1,0,0,1,0,0,1,0,0,0,0,0,0,0,0
ClickHouse__clickhouse-go,syft,77,0,28,55,22,0,56,21,0,77,0,28,55,22,0,56,21,0,1,4,0,3,14,0
ClickHouse__clickhouse-go,trivy,63,0,42,55,8,0,56,7,0,63,0,42,55,8,0,56,7,0,1,4,0,3,0,0
ClickHouse__clickhouse-go,cdxgen,55,0,50,55,0,0,55,0,1,55,0,50,55,0,0,55,0,1,0,0,0,0,0,0
ClickHouse__clickhouse-go,cyclonedx-gomod,62,0,43,55,7,0,55,7,1,62,0,43,55,7,0,55,7,1,0,4,0,3,0,0
abice__go-enum,syft,39,0,10,23,16,0,29,10,0,39,0,10,23,16,0,29,10,0,6,0,3,2,5,0
abice__go-enum,trivy,35,0,14,23,12,0,29,6,0,35,0,14,23,12,0,29,6,0,6,0,3,2,1,0
abice__go-enum,cdxgen,23,0,26,23,0,0,23,0,6,23,0,26,23,0,0,23,0,6,0,0,0,0,0,0
abice__go-enum,cyclonedx-gomod,27,0,22,23,4,0,24,3,5,27,0,22,23,4,0,24,3,5,1,0,2,1,0,0
xhd2015__xgo,syft,1,135,0,1,135,0,1,135,0,1,158,0,1,158,0,1,158,0,0,0,0,0,0,135
xhd2015__xgo,trivy,1,123,0,1,123,0,1,123,0,1,141,0,1,141,0,1,141,0,0,0,0,0,0,123
xhd2015__xgo,cdxgen,NA
xhd2015__xgo,cyclonedx-gomod,1,0,0,1,0,0,1,0,0,1,0,0,1,0,0,1,0,0,0,0,0,0,0,0
rubyist__circuitbreaker,syft,3,0,0,2,1,0,3,0,0,3,0,0,2,1,0,3,0,0,1,0,0,0,0,0
rubyist__circuitbreaker,trivy,3,0,0,2,1,0,3,0,0,3,0,0,2,1,0,3,0,0,1,0,0,0,0,0
rubyist__circuitbreaker,cdxgen,2,0,1,2,0,0,2,0,1,2,0,1,2,0,0,2,0,1,0,0,0,0,0,0
rubyist__circuitbreaker,cyclonedx-gomod,2,0,1,2,0,0,2,0,1,2,0,1,2,0,0,2,0,1,0,0,0,0,0,0
rafaelespinoza__godfish,syft,58,0,10,23,35,0,23,35,0,58,0,10,23,35,0,23,35,0,0,2,0,0,33,0
rafaelespinoza__godfish,trivy,25,0,43,23,2,0,23,2,0,25,0,43,23,2,0,23,2,0,0,2,0,0,0,0
rafaelespinoza__godfish,cdxgen,23,0,45,23,0,0,23,0,0,23,0,45,23,0,0,23,0,0,0,0,0,0,0,0
rafaelespinoza__godfish,cyclonedx-gomod,25,0,43,23,2,0,23,2,0,25,0,43,23,2,0,23,2,0,0,2,0,0,0,0
kisielk__errcheck,syft,4,0,4,3,1,0,3,1,0,4,0,4,3,1,0,3,1,0,0,0,0,0,1,0
kisielk__errcheck,trivy,3,0,5,3,0,0,3,0,0,3,0,5,3,0,0,3,0,0,0,0,0,0,0,0
kisielk__errcheck,cdxgen,3,0,5,3,0,0,3,0,0,3,0,5,3,0,0,3,0,0,0,0,0,0,0,0
kisielk__errcheck,cyclonedx-gomod,3,0,5,3,0,0,3,0,0,3,0,5,3,0,0,3,0,0,0,0,0,0,0,0
i25959341__orderbook,syft,2,0,0,2,0,0,2,0,0,2,0,0,2,0,0,2,0,0,0,0,0,0,0,0
i25959341__orderbook,trivy,2,0,0,2,0,0,2,0,0,2,0,0,2,0,0,2,0,0,0,0,0,0,0,0
i25959341__orderbook,cdxgen,2,0,0,2,0,0,2,0,0,2,0,0,2,0,0,2,0,0,0,0,0,0,0,0
i25959341__orderbook,cyclonedx-gomod,2,0,0,2,0,0,2,0,0,2,0,0,2,0,0,2,0,0,0,0,0,0,0,0
go-gorm__gorm,syft,6,37,2,3,40,0,5,38,0,5,40,3,3,42,0,5,40,0,2,0,0,0,0,38
go-gorm__gorm,trivy,6,23,2,3,26,0,5,24,0,5,26,3,3,28,0,5,26,0,2,0,0,0,0,24
go-gorm__gorm,cdxgen,3,0,5,3,0,0,3,0,2,3,0,5,3,0,0,3,0,2,0,0,0,0,0,0
go-gorm__gorm,cyclonedx-gomod,3,0,5,3,0,0,3,0,2,3,0,5,3,0,0,3,0,2,0,0,0,0,0,0
adelowo__gulter,syft,51,0,11,36,15,0,42,9,0,51,0,11,36,15,0,42,9,0,6,1,0,0,8,0
adelowo__gulter,trivy,43,0,19,36,7,0,42,1,0,43,0,19,36,7,0,42,1,0,6,1,0,0,0,0
adelowo__gulter,cdxgen,36,0,26,36,0,0,36,0,6,36,0,26,36,0,0,36,0,6,0,0,0,0,0,0
adelowo__gulter,cyclonedx-gomod,37,0,25,36,1,0,36,1,6,37,0,25,36,1,0,36,1,6,0,1,0,0,0,0
otiai10__copy,syft,3,0,0,2,1,0,3,0,0,3,0,0,2,1,0,3,0,0,1,0,0,0,0,0
otiai10__copy,trivy,3,0,0,2,1,0,3,0,0,3,0,0,2,1,0,3,0,0,1,0,0,0,0,0
otiai10__copy,cdxgen,2,0,1,2,0,0,2,0,1,2,0,1,2,0,0,2,0,1,0,0,0,0,0,0
otiai10__copy,cyclonedx-gomod,3,0,0,2,1,0,3,0,0,3,0,0,2,1,0,3,0,0,1,0,0,0,0,0
ironsmile__euterpe,syft,41,0,50,16,25,0,18,23,0,41,0,50,16,25,0,18,23,0,2,0,1,10,12,0
ironsmile__euterpe,trivy,29,0,62,16,13,0,18,11,0,29,0,62,16,13,0,18,11,0,2,0,1,10,0,0
ironsmile__euterpe,cdxgen,29,0,62,16,13,0,18,11,0,29,0,62,16,13,0,18,11,0,2,0,1,10,0,0
ironsmile__euterpe,cyclonedx-gomod,23,0,68,16,7,0,16,7,2,23,0,68,16,7,0,16,7,2,0,0,1,6,0,0
liweiyi88__onedump,syft,96,1,52,73,24,0,79,18,0,96,1,52,73,24,0,79,18,0,6,2,0,0,15,1
liweiyi88__onedump,trivy,81,0,67,73,8,0,79,2,0,81,0,67,73,8,0,79,2,0,6,2,0,0,0,0
liweiyi88__onedump,cdxgen,73,0,75,73,0,0,73,0,6,73,0,75,73,0,0,73,0,6,0,0,0,0,0,0
liweiyi88__onedump,cyclonedx-gomod,75,0,73,73,2,0,73,2,6,75,0,73,73,2,0,73,2,6,0,2,0,0,0,0
bmf-san__gondola,syft,3,1,0,2,2,0,2,2,0,3,1,0,2,2,0,2,2,0,0,0,0,0,1,1
bmf-san__gondola,trivy,3,1,0,2,2,0,2,2,0,3,1,0,2,2,0,2,2,0,0,0,0,0,1,1
bmf-san__gondola,cdxgen,2,0,1,2,0,0,2,0,0,2,0,1,2,0,0,2,0,0,0,0,0,0,0,0
bmf-san__gondola,cyclonedx-gomod,2,0,1,2,0,0,2,0,0,2,0,1,2,0,0,2,0,0,0,0,0,0,0,0
jroimartin__gocui,syft,2,0,0,2,0,0,2,0,0,2,0,0,2,0,0,2,0,0,0,0,0,0,0,0
jroimartin__gocui,trivy,2,0,0,2,0,0,2,0,0,2,0,0,2,0,0,2,0,0,0,0,0,0,0,0
jroimartin__gocui,cdxgen,2,0,0,2,0,0,2,0,0,2,0,0,2,0,0,2,0,0,0,0,0,0,0,0
jroimartin__gocui,cyclonedx-gomod,2,0,0,2,0,0,2,0,0,2,0,0,2,0,0,2,0,0,0,0,0,0,0,0
gontainer__reflectpro,syft,6,0,1,1,5,0,5,1,0,6,0,1,1,5,0,5,1,0,4,0,0,0,1,0
gontainer__reflectpro,trivy,7,0,0,1,6,0,5,2,0,7,0,0,1,6,0,5,2,0,4,0,0,0,2,0
gontainer__reflectpro,cdxgen,1,0,6,1,0,0,1,0,4,1,0,6,1,0,0,1,0,4,0,0,0,0,0,0
gontainer__reflectpro,cyclonedx-gomod,1,0,6,1,0,0,1,0,4,1,0,6,1,0,0,1,0,4,0,0,0,0,0,0
labstack__gommon,syft,10,0,1,5,5,0,9,1,0,10,0,1,5,5,0,9,1,0,4,0,0,0,1,0
labstack__gommon,trivy,9,0,2,5,4,0,9,0,0,9,0,2,5,4,0,9,0,0,4,0,0,0,0,0
labstack__gommon,cdxgen,5,0,6,5,0,0,5,0,4,5,0,6,5,0,0,5,0,4,0,0,0,0,0,0
labstack__gommon,cyclonedx-gomod,5,0,6,5,0,0,5,0,4,5,0,6,5,0,0,5,0,4,0,0,0,0,0,0
vorlif__spreak,syft,6,3,4,1,8,0,5,4,0,6,4,4,1,9,0,5,5,0,4,0,0,0,1,3
vorlif__spreak,trivy,5,3,5,1,7,0,5,3,0,5,4,5,1,8,0,5,4,0,4,0,0,0,0,3
vorlif__spreak,cdxgen,1,1,9,1,1,0,1,1,4,1,2,9,1,2,0,1,2,4,0,0,0,0,0,1
vorlif__spreak,cyclonedx-gomod,1,0,9,1,0,0,1,0,4,1,0,9,1,0,0,1,0,4,0,0,0,0,0,0
pupizoid__ormlite,syft,7,0,0,4,3,0,7,0,0,7,0,0,4,3,0,7,0,0,3,0,0,0,0,0
pupizoid__ormlite,trivy,7,0,0,4,3,0,7,0,0,7,0,0,4,3,0,7,0,0,3,0,0,0,0,0
pupizoid__ormlite,cdxgen,4,0,3,4,0,0,4,0,3,4,0,3,4,0,0,4,0,3,0,0,0,0,0,0
pupizoid__ormlite,cyclonedx-gomod,4,0,3,4,0,0,4,0,3,4,0,3,4,0,0,4,0,3,0,0,0,0,0,0
NodePassProject__nodepass,syft,16,0,9,10,6,0,10,6,0,16,0,9,10,6,0,10,6,0,0,0,0,0,6,0
NodePassProject__nodepass,trivy,10,0,15,10,0,0,10,0,0,10,0,15,10,0,0,10,0,0,0,0,0,0,0,0
NodePassProject__nodepass,cdxgen,10,0,15,10,0,0,10,0,0,10,0,15,10,0,0,10,0,0,0,0,0,0,0,0
NodePassProject__nodepass,cyclonedx-gomod,10,0,15,10,0,0,10,0,0,10,0,15,10,0,0,10,0,0,0,0,0,0,0,0
AfterShip__email-verifier,syft,14,0,8,4,10,0,10,4,0,14,0,8,4,10,0,10,4,0,6,0,0,2,2,0
AfterShip__email-verifier,trivy,12,0,10,4,8,0,10,2,0,12,0,10,4,8,0,10,2,0,6,0,0,2,0,0
AfterShip__email-verifier,cdxgen,4,0,18,4,0,0,4,0,6,4,0,18,4,0,0,4,0,6,0,0,0,0,0,0
AfterShip__email-verifier,cyclonedx-gomod,4,0,18,4,0,0,4,0,6,4,0,18,4,0,0,4,0,6,0,0,0,0,0,0
MatProGo-dev__MatProInterface.go,syft,2,0,16,2,0,0,2,0,0,2,0,16,2,0,0,2,0,0,0,0,0,0,0,0
MatProGo-dev__MatProInterface.go,trivy,2,0,16,2,0,0,2,0,0,2,0,16,2,0,0,2,0,0,0,0,0,0,0,0
MatProGo-dev__MatProInterface.go,cdxgen,2,0,16,2,0,0,2,0,0,2,0,16,2,0,0,2,0,0,0,0,0,0,0,0
MatProGo-dev__MatProInterface.go,cyclonedx-gomod,2,0,16,2,0,0,2,0,0,2,0,16,2,0,0,2,0,0,0,0,0,0,0,0
alexflint__go-arg,syft,6,0,1,1,5,0,5,1,0,6,0,1,1,5,0,5,1,0,4,0,0,0,1,0
alexflint__go-arg,trivy,5,0,2,1,4,0,5,0,0,5,0,2,1,4,0,5,0,0,4,0,0,0,0,0
alexflint__go-arg,cdxgen,1,0,6,1,0,0,1,0,4,1,0,6,1,0,0,1,0,4,0,0,0,0,0,0
alexflint__go-arg,cyclonedx-gomod,1,0,6,1,0,0,1,0,4,1,0,6,1,0,0,1,0,4,0,0,0,0,0,0
clevabit__libgoffi,syft,1,0,0,1,0,0,1,0,0,1,0,0,1,0,0,1,0,0,0,0,0,0,0,0
clevabit__libgoffi,trivy,1,0,0,1,0,0,1,0,0,1,0,0,1,0,0,1,0,0,0,0,0,0,0,0
clevabit__libgoffi,cdxgen,1,0,0,1,0,0,1,0,0,1,0,0,1,0,0,1,0,0,0,0,0,0,0,0
clevabit__libgoffi,cyclonedx-gomod,1,0,0,1,0,0,1,0,0,1,0,0,1,0,0,1,0,0,0,0,0,0,0,0
gorilla__csrf,syft,2,4,0,1,5,0,1,5,0,2,5,0,1,6,0,1,6,0,0,0,0,0,1,4
gorilla__csrf,trivy,2,6,0,1,7,0,1,7,0,2,7,0,1,8,0,1,8,0,0,0,0,0,1,6
gorilla__csrf,cdxgen,1,4,1,1,4,0,1,4,0,1,5,1,1,5,0,1,5,0,0,0,0,0,0,4
gorilla__csrf,cyclonedx-gomod,1,0,1,1,0,0,1,0,0,1,0,1,1,0,0,1,0,0,0,0,0,0,0,0
elithrar__simple-scrypt,syft,1,0,4,1,0,0,1,0,0,1,0,4,1,0,0,1,0,0,0,0,0,0,0,0
elithrar__simple-scrypt,trivy,1,0,4,1,0,0,1,0,0,1,0,4,1,0,0,1,0,0,0,0,0,0,0,0
elithrar__simple-scrypt,cdxgen,1,0,4,1,0,0,1,0,0,1,0,4,1,0,0,1,0,0,0,0,0,0,0,0
elithrar__simple-scrypt,cyclonedx-gomod,1,0,4,1,0,0,1,0,0,1,0,4,1,0,0,1,0,0,0,0,0,0,0,0
DylanMeeus__hasgo,syft,2,1,6,2,1,0,2,1,0,2,2,6,2,2,0,2,2,0,0,0,0,0,0,1
DylanMeeus__hasgo,trivy,8,1,0,2,7,0,2,7,0,8,2,0,2,8,0,2,8,0,0,0,0,0,6,1
DylanMeeus__hasgo,cdxgen,2,0,6,2,0,0,2,0,0,2,0,6,2,0,0,2,0,0,0,0,0,0,0,0
DylanMeeus__hasgo,cyclonedx-gomod,2,0,6,2,0,0,2,0,0,2,0,6,2,0,0,2,0,0,0,0,0,0,0,0
CovenantSQL__CovenantSQL,syft,126,1,112,86,41,1,91,36,1,126,1,112,86,41,1,91,36,1,5,2,1,8,25,0
CovenantSQL__CovenantSQL,trivy,237,1,1,86,152,1,91,147,1,237,1,1,86,152,1,91,147,1,5,2,1,8,136,0
CovenantSQL__CovenantSQL,cdxgen,87,0,151,87,0,0,87,0,5,87,0,151,87,0,0,87,0,5,0,0,0,0,0,0
CovenantSQL__CovenantSQL,cyclonedx-gomod,93,1,145,86,8,1,86,8,6,93,1,145,86,8,1,86,8,6,0,2,1,1,4,0
agilira__argus,syft,6,31,0,5,32,0,5,32,0,6,38,0,5,39,0,5,39,0,0,0,0,0,1,31
agilira__argus,trivy,6,22,0,5,23,0,5,23,0,6,27,0,5,28,0,5,28,0,0,0,0,0,1,22
agilira__argus,cdxgen,5,13,1,5,13,0,5,13,0,5,14,1,5,14,0,5,14,0,0,0,0,0,0,13
agilira__argus,cyclonedx-gomod,5,0,1,5,0,0,5,0,0,5,0,1,5,0,0,5,0,0,0,0,0,0,0,0
posener__complete,syft,7,0,1,2,5,0,6,1,0,7,0,1,2,5,0,6,1,0,4,0,0,0,1,0
posener__complete,trivy,8,0,0,2,6,0,6,2,0,8,0,0,2,6,0,6,2,0,4,0,0,0,2,0
posener__complete,cdxgen,2,0,6,2,0,0,2,0,4,2,0,6,2,0,0,2,0,4,0,0,0,0,0,0
posener__complete,cyclonedx-gomod,2,0,6,2,0,0,2,0,4,2,0,6,2,0,0,2,0,4,0,0,0,0,0,0
cogentcore__core,syft,84,0,39,66,18,0,66,18,0,84,0,39,66,18,0,66,18,0,0,0,1,7,10,0
cogentcore__core,trivy,74,0,49,66,8,0,66,8,0,74,0,49,66,8,0,66,8,0,0,0,1,7,0,0
cogentcore__core,cdxgen,66,0,57,66,0,0,66,0,0,66,0,57,66,0,0,66,0,0,0,0,0,0,0,0
cogentcore__core,cyclonedx-gomod,71,0,52,66,5,0,66,5,0,71,0,52,66,5,0,66,5,0,0,0,1,4,0,0
AppsFlyer__go-sundheit,syft,10,5,1,1,14,0,7,8,0,10,7,1,1,16,0,7,10,0,6,0,0,2,1,5
AppsFlyer__go-sundheit,trivy,9,3,2,1,11,0,7,5,0,9,4,2,1,12,0,7,6,0,6,0,0,2,0,3
AppsFlyer__go-sundheit,cdxgen,1,1,10,1,1,0,1,1,6,1,1,10,1,1,0,1,1,6,0,0,0,0,0,1
AppsFlyer__go-sundheit,cyclonedx-gomod,1,0,10,1,0,0,1,0,6,1,0,10,1,0,0,1,0,6,0,0,0,0,0,0
codingsince1985__couchcache,syft,16,0,5,10,6,0,10,6,0,16,0,5,10,6,0,10,6,0,0,0,0,3,3,0
codingsince1985__couchcache,trivy,13,0,8,10,3,0,10,3,0,13,0,8,10,3,0,10,3,0,0,0,0,3,0,0
codingsince1985__couchcache,cdxgen,10,0,11,10,0,0,10,0,0,10,0,11,10,0,0,10,0,0,0,0,0,0,0,0
codingsince1985__couchcache,cyclonedx-gomod,10,0,11,10,0,0,10,0,0,10,0,11,10,0,0,10,0,0,0,0,0,0,0,0
kkyr__fig,syft,7,1,1,3,5,0,3,5,0,7,1,1,3,5,0,3,5,0,0,0,0,0,4,1
kkyr__fig,trivy,8,2,0,3,7,0,3,7,0,8,2,0,3,7,0,3,7,0,0,0,0,0,5,2
kkyr__fig,cdxgen,3,1,5,3,1,0,3,1,0,3,1,5,3,1,0,3,1,0,0,0,0,0,0,1
kkyr__fig,cyclonedx-gomod,3,0,5,3,0,0,3,0,0,3,0,5,3,0,0,3,0,0,0,0,0,0,0,0
go-resty__resty,syft,1,0,4,1,0,0,1,0,0,1,0,4,1,0,0,1,0,0,0,0,0,0,0,0
go-resty__resty,trivy,1,0,4,1,0,0,1,0,0,1,0,4,1,0,0,1,0,0,0,0,0,0,0,0
go-resty__resty,cdxgen,1,0,4,1,0,0,1,0,0,1,0,4,1,0,0,1,0,0,0,0,0,0,0,0
go-resty__resty,cyclonedx-gomod,1,0,4,1,0,0,1,0,0,1,0,4,1,0,0,1,0,0,0,0,0,0,0,0
rulego__rulego,syft,26,240,11,18,248,0,18,248,0,23,270,14,18,275,0,18,275,0,0,0,0,1,7,240
rulego__rulego,trivy,22,229,15,18,233,0,18,233,0,20,257,17,18,259,0,18,259,0,0,0,0,1,3,229
rulego__rulego,cdxgen,19,15,18,18,16,0,18,16,0,18,30,19,18,30,0,18,30,0,0,0,0,1,0,15
rulego__rulego,cyclonedx-gomod,19,0,18,18,1,0,18,1,0,19,0,18,18,1,0,18,1,0,0,0,0,1,0,0
joetifa2003__mm-go,syft,6,0,1,1,5,0,5,1,0,6,0,1,1,5,0,5,1,0,4,0,0,0,1,0
joetifa2003__mm-go,trivy,5,0,2,1,4,0,5,0,0,5,0,2,1,4,0,5,0,0,4,0,0,0,0,0
joetifa2003__mm-go,cdxgen,1,0,6,1,0,0,1,0,4,1,0,6,1,0,0,1,0,4,0,0,0,0,0,0
joetifa2003__mm-go,cyclonedx-gomod,1,0,6,1,0,0,1,0,4,1,0,6,1,0,0,1,0,4,0,0,0,0,0,0
SonicRoshan__straf,syft,6,0,1,1,5,0,5,1,0,6,0,1,1,5,0,5,1,0,4,0,0,0,1,0
SonicRoshan__straf,trivy,7,0,0,1,6,0,5,2,0,7,0,0,1,6,0,5,2,0,4,0,0,0,2,0
SonicRoshan__straf,cdxgen,1,0,6,1,0,0,1,0,4,1,0,6,1,0,0,1,0,4,0,0,0,0,0,0
SonicRoshan__straf,cyclonedx-gomod,1,0,6,1,0,0,1,0,4,1,0,6,1,0,0,1,0,4,0,0,0,0,0,0
hedhyw__otelinji,syft,25,0,14,11,14,0,18,7,0,25,0,14,11,14,0,18,7,0,7,0,0,0,7,0
hedhyw__otelinji,trivy,19,0,20,11,8,0,18,1,0,19,0,20,11,8,0,18,1,0,7,0,0,0,1,0
hedhyw__otelinji,cdxgen,18,0,21,11,7,0,18,0,0,17,4,22,11,10,0,17,4,1,7,0,0,0,0,0
hedhyw__otelinji,cyclonedx-gomod,11,0,28,11,0,0,11,0,7,11,0,28,11,0,0,11,0,7,0,0,0,0,0,0
Mutasem-mk4__gspy,syft,32,0,23,17,15,0,17,15,0,32,0,23,17,15,0,17,15,0,0,3,0,1,11,0
Mutasem-mk4__gspy,trivy,21,0,34,17,4,0,17,4,0,21,0,34,17,4,0,17,4,0,0,3,0,1,0,0
Mutasem-mk4__gspy,cdxgen,17,0,38,17,0,0,17,0,0,17,0,38,17,0,0,17,0,0,0,0,0,0,0,0
Mutasem-mk4__gspy,cyclonedx-gomod,20,0,35,17,3,0,17,3,0,20,0,35,17,3,0,17,3,0,0,3,0,0,0,0
semihalev__sdns,syft,83,0,29,64,19,0,66,17,0,83,0,29,64,19,0,66,17,0,2,1,0,3,13,0
semihalev__sdns,trivy,70,0,42,64,6,0,66,4,0,70,0,42,64,6,0,66,4,0,2,1,0,3,0,0
semihalev__sdns,cdxgen,64,0,48,64,0,0,64,0,2,64,0,48,64,0,0,64,0,2,0,0,0,0,0,0
semihalev__sdns,cyclonedx-gomod,65,0,47,62,3,2,62,3,4,65,0,47,62,3,2,62,3,4,0,1,0,2,0,0
SimonWaldherr__golang-examples,syft,61,35,84,39,57,0,42,54,0,59,37,86,39,57,0,42,54,0,3,0,1,2,14,37
SimonWaldherr__golang-examples,trivy,52,32,93,39,45,0,42,42,0,46,43,99,39,50,0,42,47,0,3,0,1,2,5,34
SimonWaldherr__golang-examples,cdxgen,41,18,104,39,20,0,39,20,3,39,20,106,39,20,0,39,20,3,0,0,0,0,0,20
SimonWaldherr__golang-examples,cyclonedx-gomod,41,0,104,39,2,0,39,2,3,41,0,104,39,2,0,39,2,3,0,0,1,1,0,0
jf-tech__omniparser,syft,29,0,97,21,8,0,24,5,0,29,0,97,21,8,0,24,5,0,3,0,0,0,5,0
jf-tech__omniparser,trivy,126,0,0,21,105,0,24,102,0,126,0,0,21,105,0,24,102,0,3,1,0,0,101,0
jf-tech__omniparser,cdxgen,21,0,105,21,0,0,21,0,3,21,0,105,21,0,0,21,0,3,0,0,0,0,0,0
jf-tech__omniparser,cyclonedx-gomod,22,0,104,21,1,0,21,1,3,22,0,104,21,1,0,21,1,3,0,1,0,0,0,0
go-spring__spring-core,syft,23,0,18,15,8,0,15,8,0,23,0,18,15,8,0,15,8,0,0,1,0,1,6,0
go-spring__spring-core,trivy,17,0,24,15,2,0,15,2,0,17,0,24,15,2,0,15,2,0,0,1,0,1,0,0
go-spring__spring-core,cdxgen,15,0,26,15,0,0,15,0,0,15,0,26,15,0,0,15,0,0,0,0,0,0,0,0
go-spring__spring-core,cyclonedx-gomod,17,0,24,15,2,0,15,2,0,17,0,24,15,2,0,15,2,0,0,1,0,1,0,0
miladibra10__vjson,syft,12,0,1,7,5,0,11,1,0,12,0,1,7,5,0,11,1,0,4,0,0,0,1,0
miladibra10__vjson,trivy,11,0,2,7,4,0,11,0,0,11,0,2,7,4,0,11,0,0,4,0,0,0,0,0
miladibra10__vjson,cdxgen,7,0,6,7,0,0,7,0,4,7,0,6,7,0,0,7,0,4,0,0,0,0,0,0
miladibra10__vjson,cyclonedx-gomod,7,0,6,7,0,0,7,0,4,7,0,6,7,0,0,7,0,4,0,0,0,0,0,0
mennanov__limiters,syft,116,0,72,55,61,0,69,47,0,116,0,72,55,61,0,69,47,0,14,0,0,2,45,0
mennanov__limiters,trivy,71,0,117,55,16,0,69,2,0,71,0,117,55,16,0,69,2,0,14,0,0,2,0,0
mennanov__limiters,cdxgen,55,0,133,55,0,0,55,0,14,55,0,133,55,0,0,55,0,14,0,0,0,0,0,0
mennanov__limiters,cyclonedx-gomod,57,0,131,55,2,0,55,2,14,57,0,131,55,2,0,55,2,14,0,0,0,2,0,0
bdjimmy__gbind,syft,22,0,13,6,16,0,17,5,0,22,0,13,6,16,0,17,5,0,11,0,0,0,5,0
bdjimmy__gbind,trivy,35,0,0,6,29,0,17,18,0,35,0,0,6,29,0,17,18,0,11,0,0,0,18,0
bdjimmy__gbind,cdxgen,6,0,29,6,0,0,6,0,11,6,0,29,6,0,0,6,0,11,0,0,0,0,0,0
bdjimmy__gbind,cyclonedx-gomod,7,0,28,6,1,0,7,0,10,7,0,28,6,1,0,7,0,10,1,0,0,0,0,0
arthurkushman__buildsqlx,syft,8,0,4,3,5,0,7,1,0,8,0,4,3,5,0,7,1,0,4,0,0,0,1,0
arthurkushman__buildsqlx,trivy,7,0,5,3,4,0,7,0,0,7,0,5,3,4,0,7,0,0,4,0,0,0,0,0
arthurkushman__buildsqlx,cdxgen,3,0,9,3,0,0,3,0,4,3,0,9,3,0,0,3,0,4,0,0,0,0,0,0
arthurkushman__buildsqlx,cyclonedx-gomod,3,0,9,3,0,0,3,0,4,3,0,9,3,0,0,3,0,4,0,0,0,0,0,0
jschoedt__go-firestorm,syft,32,0,0,15,17,0,16,16,0,32,0,0,15,17,0,16,16,0,1,0,0,16,0,0
jschoedt__go-firestorm,trivy,32,0,0,15,17,0,16,16,0,32,0,0,15,17,0,16,16,0,1,0,0,16,0,0
jschoedt__go-firestorm,cdxgen,15,0,17,15,0,0,15,0,1,15,0,17,15,0,0,15,0,1,0,0,0,0,0,0
jschoedt__go-firestorm,cyclonedx-gomod,NA
clok__kemba,syft,11,0,5,5,6,0,9,2,0,11,0,5,5,6,0,9,2,0,4,0,0,2,0,0
clok__kemba,trivy,16,0,0,5,11,0,9,7,0,16,0,0,5,11,0,9,7,0,4,1,0,2,4,0
clok__kemba,cdxgen,5,0,11,5,0,0,5,0,4,5,0,11,5,0,0,5,0,4,0,0,0,0,0,0
clok__kemba,cyclonedx-gomod,6,0,10,5,1,0,5,1,4,6,0,10,5,1,0,5,1,4,0,1,0,0,0,0
centrifugal__centrifugo,syft,168,0,163,133,35,0,133,35,0,168,0,163,133,35,0,133,35,0,0,1,0,1,33,0
centrifugal__centrifugo,trivy,135,0,196,133,2,0,133,2,0,135,0,196,133,2,0,133,2,0,0,1,0,1,0,0
centrifugal__centrifugo,cdxgen,133,0,198,133,0,0,133,0,0,133,0,198,133,0,0,133,0,0,0,0,0,0,0,0
centrifugal__centrifugo,cyclonedx-gomod,131,0,200,130,1,3,130,1,3,131,0,200,130,1,3,130,1,3,0,1,0,0,0,0
maxclaus__gaper,syft,16,0,4,9,7,0,14,2,0,16,0,4,9,7,0,14,2,0,5,0,0,1,1,0
maxclaus__gaper,trivy,20,0,0,9,11,0,14,6,0,20,0,0,9,11,0,14,6,0,5,0,0,1,5,0
maxclaus__gaper,cdxgen,9,0,11,9,0,0,9,0,5,9,0,11,9,0,0,9,0,5,0,0,0,0,0,0
maxclaus__gaper,cyclonedx-gomod,10,0,10,9,1,0,9,1,5,10,0,10,9,1,0,9,1,5,0,0,0,1,0,0
mdlayher__dhcp6,syft,1,0,0,1,0,0,1,0,0,1,0,0,1,0,0,1,0,0,0,0,0,0,0,0
mdlayher__dhcp6,trivy,1,0,0,1,0,0,1,0,0,1,0,0,1,0,0,1,0,0,0,0,0,0,0,0
mdlayher__dhcp6,cdxgen,1,0,0,1,0,0,1,0,0,1,0,0,1,0,0,1,0,0,0,0,0,0,0,0
mdlayher__dhcp6,cyclonedx-gomod,1,0,0,1,0,0,1,0,0,1,0,0,1,0,0,1,0,0,0,0,0,0,0,0
spf13__afero,syft,2,62,2,1,63,0,1,63,0,2,63,2,1,64,0,1,64,0,0,0,0,0,0,63
spf13__afero,trivy,2,47,2,1,48,0,1,48,0,2,47,2,1,48,0,1,48,0,0,0,0,0,0,48
spf13__afero,cdxgen,2,44,2,1,45,0,1,45,0,2,44,2,1,45,0,1,45,0,0,0,0,0,0,45
spf13__afero,cyclonedx-gomod,1,0,3,1,0,0,1,0,0,1,0,3,1,0,0,1,0,0,0,0,0,0,0,0
valyala__quicktemplate,syft,4,0,5,4,0,0,4,0,0,4,0,5,4,0,0,4,0,0,0,0,0,0,0,0
valyala__quicktemplate,trivy,4,0,5,4,0,0,4,0,0,4,0,5,4,0,0,4,0,0,0,0,0,0,0,0
valyala__quicktemplate,cdxgen,4,0,5,4,0,0,4,0,0,4,0,5,4,0,0,4,0,0,0,0,0,0,0,0
valyala__quicktemplate,cyclonedx-gomod,4,0,5,4,0,0,4,0,0,4,0,5,4,0,0,4,0,0,0,0,0,0,0,0
PIMPfiction__govader_backend,syft,18,0,13,12,6,0,16,2,0,18,0,13,12,6,0,16,2,0,4,0,0,0,2,0
PIMPfiction__govader_backend,trivy,16,0,15,12,4,0,16,0,0,16,0,15,12,4,0,16,0,0,4,0,0,0,0,0
PIMPfiction__govader_backend,cdxgen,12,0,19,12,0,0,12,0,4,12,0,19,12,0,0,12,0,4,0,0,0,0,0,0
PIMPfiction__govader_backend,cyclonedx-gomod,12,0,19,12,0,0,12,0,4,12,0,19,12,0,0,12,0,4,0,0,0,0,0,0
briandowns__spinner,syft,5,0,0,5,0,0,5,0,0,5,0,0,5,0,0,5,0,0,0,0,0,0,0,0
briandowns__spinner,trivy,5,0,0,5,0,0,5,0,0,5,0,0,5,0,0,5,0,0,0,0,0,0,0,0
briandowns__spinner,cdxgen,5,0,0,5,0,0,5,0,0,5,0,0,5,0,0,5,0,0,0,0,0,0,0,0
briandowns__spinner,cyclonedx-gomod,5,0,0,5,0,0,5,0,0,5,0,0,5,0,0,5,0,0,0,0,0,0,0,0
seiflotfy__cuckoofilter,syft,6,0,1,1,5,0,5,1,0,6,0,1,1,5,0,5,1,0,4,0,0,0,0,1
seiflotfy__cuckoofilter,trivy,7,0,0,1,6,0,5,2,0,7,0,0,1,6,0,5,2,0,4,0,0,0,0,2
seiflotfy__cuckoofilter,cdxgen,1,0,6,1,0,0,1,0,4,1,0,6,1,0,0,1,0,4,0,0,0,0,0,0
seiflotfy__cuckoofilter,cyclonedx-gomod,1,0,6,1,0,0,1,0,4,1,0,6,1,0,0,1,0,4,0,0,0,0,0,0
georgebuilds__anneal,syft,40,0,12,23,17,0,32,8,0,40,0,12,23,17,0,32,8,0,9,3,0,2,3,0
georgebuilds__anneal,trivy,37,0,15,23,14,0,32,5,0,37,0,15,23,14,0,32,5,0,9,3,0,2,0,0
georgebuilds__anneal,cdxgen,23,0,29,23,0,0,23,0,9,23,0,29,23,0,0,23,0,9,0,0,0,0,0,0
georgebuilds__anneal,cyclonedx-gomod,27,0,25,23,4,0,23,4,9,27,0,25,23,4,0,23,4,9,0,3,0,1,0,0
Eun__go-convert,syft,6,0,1,5,1,0,5,1,0,6,1,1,5,2,0,5,2,0,0,0,0,0,1,0
Eun__go-convert,trivy,7,0,0,5,2,0,5,2,0,7,1,0,5,3,0,5,3,0,0,0,0,0,2,0
Eun__go-convert,cdxgen,5,0,2,5,0,0,5,0,0,5,0,2,5,0,0,5,0,0,0,0,0,0,0,0
Eun__go-convert,cyclonedx-gomod,5,0,2,5,0,0,5,0,0,5,0,2,5,0,0,5,0,0,0,0,0,0,0,0
mehanizm__airtable,syft,1,0,0,1,0,0,1,0,0,1,0,0,1,0,0,1,0,0,0,0,0,0,0,0
mehanizm__airtable,trivy,1,0,0,1,0,0,1,0,0,1,0,0,1,0,0,1,0,0,0,0,0,0,0,0
mehanizm__airtable,cdxgen,1,0,0,1,0,0,1,0,0,1,0,0,1,0,0,1,0,0,0,0,0,0,0,0
mehanizm__airtable,cyclonedx-gomod,1,0,0,1,0,0,1,0,0,1,0,0,1,0,0,1,0,0,0,0,0,0,0,0
navidys__gopensky,syft,36,0,13,4,32,0,17,19,0,36,0,13,4,32,0,17,19,0,13,0,0,2,17,0
navidys__gopensky,trivy,19,0,30,4,15,0,17,2,0,19,0,30,4,15,0,17,2,0,13,0,0,2,0,0
navidys__gopensky,cdxgen,4,0,45,4,0,0,4,0,13,4,0,45,4,0,0,4,0,13,0,0,0,0,0,0
navidys__gopensky,cyclonedx-gomod,3,0,46,3,0,1,3,0,14,3,0,46,3,0,1,3,0,14,0,0,0,0,0,0
rainu__go-command-chain,syft,12,0,10,1,11,0,6,6,0,12,0,10,1,11,0,6,6,0,5,0,0,0,6,0
rainu__go-command-chain,trivy,6,0,16,1,5,0,6,0,0,6,0,16,1,5,0,6,0,0,5,0,0,0,0,0
rainu__go-command-chain,cdxgen,1,0,21,1,0,0,1,0,5,1,0,21,1,0,0,1,0,5,0,0,0,0,0,0
rainu__go-command-chain,cyclonedx-gomod,1,0,21,1,0,0,1,0,5,1,0,21,1,0,0,1,0,5,0,0,0,0,0,0
RoaringBitmap__roaring,syft,14,0,5,2,12,0,7,7,0,14,0,5,2,12,0,7,7,0,5,0,0,5,2,0
RoaringBitmap__roaring,trivy,12,0,7,2,10,0,7,5,0,12,0,7,2,10,0,7,5,0,5,0,0,5,0,0
RoaringBitmap__roaring,cdxgen,2,0,17,2,0,0,2,0,5,2,0,17,2,0,0,2,0,5,0,0,0,0,0,0
RoaringBitmap__roaring,cyclonedx-gomod,7,0,12,2,5,0,2,5,5,7,0,12,2,5,0,2,5,5,0,0,0,5,0,0
dgraph-io__badger,syft,30,0,5,18,12,0,22,8,0,30,0,5,18,12,0,22,8,0,4,1,0,0,7,0
dgraph-io__badger,trivy,23,0,12,18,5,0,22,1,0,23,0,12,18,5,0,22,1,0,4,1,0,0,0,0
dgraph-io__badger,cdxgen,18,0,17,18,0,0,18,0,4,18,0,17,18,0,0,18,0,4,0,0,0,0,0,0
dgraph-io__badger,cyclonedx-gomod,19,0,16,18,1,0,18,1,4,19,0,16,18,1,0,18,1,4,0,1,0,0,0,0
maxbrunsfeld__counterfeiter,syft,12,3,7,4,11,0,9,6,0,12,3,7,4,11,0,9,6,0,5,0,0,1,2,3
maxbrunsfeld__counterfeiter,trivy,10,3,9,4,9,0,9,4,0,10,3,9,4,9,0,9,4,0,5,0,0,1,0,3
maxbrunsfeld__counterfeiter,cdxgen,4,0,15,4,0,0,4,0,5,4,0,15,4,0,0,4,0,5,0,0,0,0,0,0
maxbrunsfeld__counterfeiter,cyclonedx-gomod,4,0,15,4,0,0,4,0,5,4,0,15,4,0,0,4,0,5,0,0,0,0,0,0
skibish__ddns,syft,32,0,87,17,15,0,18,14,0,32,0,87,17,15,0,18,14,0,1,0,0,5,9,0
skibish__ddns,trivy,23,0,96,17,6,0,18,5,0,23,0,96,17,6,0,18,5,0,1,0,0,5,0,0
skibish__ddns,cdxgen,17,0,102,17,0,0,17,0,1,17,0,102,17,0,0,17,0,1,0,0,0,0,0,0
skibish__ddns,cyclonedx-gomod,22,0,97,17,5,0,17,5,1,22,0,97,17,5,0,17,5,1,0,0,0,5,0,0
cristalhq__aconfig,syft,1,10,0,1,10,0,1,10,0,1,10,0,1,10,0,1,10,0,0,0,0,0,0,10
cristalhq__aconfig,trivy,1,10,0,1,10,0,1,10,0,1,10,0,1,10,0,1,10,0,0,0,0,0,0,10
cristalhq__aconfig,cdxgen,1,4,0,1,4,0,1,4,0,1,4,0,1,4,0,1,4,0,0,0,0,0,0,4
cristalhq__aconfig,cyclonedx-gomod,1,0,0,1,0,0,1,0,0,1,0,0,1,0,0,1,0,0,0,0,0,0,0,0
johnfercher__maroto,syft,22,0,9,21,1,0,21,1,0,22,0,9,21,1,0,21,1,0,0,0,0,0,1,0
johnfercher__maroto,trivy,21,0,10,21,0,0,21,0,0,21,0,10,21,0,0,21,0,0,0,0,0,0,0,0
johnfercher__maroto,cdxgen,21,0,10,21,0,0,21,0,0,21,0,10,21,0,0,21,0,0,0,0,0,0,0,0
johnfercher__maroto,cyclonedx-gomod,21,0,10,21,0,0,21,0,0,21,0,10,21,0,0,21,0,0,0,0,0,0,0,0
awnumar__memguard,syft,4,0,3,4,0,0,4,0,0,4,0,3,4,0,0,4,0,0,0,0,0,0,0,0
awnumar__memguard,trivy,4,0,3,4,0,0,4,0,0,4,0,3,4,0,0,4,0,0,0,0,0,0,0,0
awnumar__memguard,cdxgen,4,0,3,4,0,0,4,0,0,4,0,3,4,0,0,4,0,0,0,0,0,0,0,0
awnumar__memguard,cyclonedx-gomod,4,0,3,4,0,0,4,0,0,4,0,3,4,0,0,4,0,0,0,0,0,0,0,0
go-lark__lark,syft,7,1,1,1,7,0,6,2,0,7,4,1,1,10,0,6,5,0,5,0,0,0,1,1
go-lark__lark,trivy,8,1,0,1,8,0,6,3,0,8,4,0,1,11,0,6,6,0,5,0,0,0,2,1
go-lark__lark,cdxgen,1,0,7,1,0,0,1,0,5,1,0,7,1,0,0,1,0,5,0,0,0,0,0,0
go-lark__lark,cyclonedx-gomod,1,0,7,1,0,0,1,0,5,1,0,7,1,0,0,1,0,5,0,0,0,0,0,0
Yiling-J__theine-go,syft,12,0,2,3,9,0,8,4,0,12,0,2,3,9,0,8,4,0,5,0,0,2,2,0
Yiling-J__theine-go,trivy,10,0,4,3,7,0,8,2,0,10,0,4,3,7,0,8,2,0,5,0,0,2,0,0
Yiling-J__theine-go,cdxgen,3,0,11,3,0,0,3,0,5,3,0,11,3,0,0,3,0,5,0,0,0,0,0,0
Yiling-J__theine-go,cyclonedx-gomod,3,0,11,3,0,0,3,0,5,3,0,11,3,0,0,3,0,5,0,0,0,0,0,0
GuilhermeCaruso__anko,syft,5,1,9,3,3,0,3,3,0,5,2,9,3,4,0,3,4,0,0,0,0,1,1,1
GuilhermeCaruso__anko,trivy,14,2,0,3,13,0,3,13,0,14,3,0,3,14,0,3,14,0,0,0,0,1,11,1
GuilhermeCaruso__anko,cdxgen,3,0,11,3,0,0,3,0,0,3,0,11,3,0,0,3,0,0,0,0,0,0,0,0
GuilhermeCaruso__anko,cyclonedx-gomod,3,0,11,3,0,0,3,0,0,3,0,11,3,0,0,3,0,0,0,0,0,0,0,0
drewstinnett__go-output-format,syft,2,0,0,1,1,0,1,1,0,2,0,0,1,1,0,1,1,0,0,0,0,0,1,0
drewstinnett__go-output-format,trivy,2,0,0,1,1,0,1,1,0,2,0,0,1,1,0,1,1,0,0,0,0,0,1,0
drewstinnett__go-output-format,cdxgen,1,0,1,1,0,0,1,0,0,1,0,1,1,0,0,1,0,0,0,0,0,0,0,0
drewstinnett__go-output-format,cyclonedx-gomod,1,0,1,1,0,0,1,0,0,1,0,1,1,0,0,1,0,0,0,0,0,0,0,0
a8m__rql,syft,12,0,5,5,7,0,6,6,0,12,0,5,5,7,0,6,6,0,1,0,0,0,6,0
a8m__rql,trivy,17,0,0,5,12,0,6,11,0,17,0,0,5,12,0,6,11,0,1,0,0,0,11,0
a8m__rql,cdxgen,5,0,12,5,0,0,5,0,1,5,0,12,5,0,0,5,0,1,0,0,0,0,0,0
a8m__rql,cyclonedx-gomod,5,0,12,5,0,0,5,0,1,5,0,12,5,0,0,5,0,1,0,0,0,0,0,0
PerimeterX__envite,syft,56,0,18,34,22,0,37,19,0,56,0,18,34,22,0,37,19,0,3,2,0,0,17,0
PerimeterX__envite,trivy,39,0,35,34,5,0,37,2,0,39,0,35,34,5,0,37,2,0,3,2,0,0,0,0
PerimeterX__envite,cdxgen,34,0,40,34,0,0,34,0,3,34,0,40,34,0,0,34,0,3,0,0,0,0,0,0
PerimeterX__envite,cyclonedx-gomod,36,0,38,34,2,0,34,2,3,36,0,38,34,2,0,34,2,3,0,2,0,0,0,0
posener__wstest,syft,6,0,1,1,5,0,5,1,0,6,0,1,1,5,0,5,1,0,4,0,0,0,1,0
posener__wstest,trivy,7,0,0,1,6,0,5,2,0,7,0,0,1,6,0,5,2,0,4,0,0,0,2,0
posener__wstest,cdxgen,1,0,6,1,0,0,1,0,4,1,0,6,1,0,0,1,0,4,0,0,0,0,0,0
posener__wstest,cyclonedx-gomod,1,0,6,1,0,0,1,0,4,1,0,6,1,0,0,1,0,4,0,0,0,0,0,0
parsyl__parquet,syft,9,0,1,3,6,0,8,1,0,9,0,1,3,6,0,8,1,0,5,0,0,0,1,0
parsyl__parquet,trivy,8,0,2,3,5,0,8,0,0,8,0,2,3,5,0,8,0,0,5,0,0,0,0,0
parsyl__parquet,cdxgen,3,0,7,3,0,0,3,0,5,3,0,7,3,0,0,3,0,5,0,0,0,0,0,0
parsyl__parquet,cyclonedx-gomod,3,0,7,3,0,0,3,0,5,3,0,7,3,0,0,3,0,5,0,0,0,0,0,0
gookit__validate,syft,6,12,2,3,15,0,6,12,0,6,16,2,3,19,0,6,16,0,3,0,0,0,0,12
gookit__validate,trivy,6,7,2,3,10,0,6,7,0,6,9,2,3,12,0,6,9,0,3,0,0,0,0,7
gookit__validate,cdxgen,3,0,5,3,0,0,3,0,3,3,0,5,3,0,0,3,0,3,0,0,0,0,0,0
gookit__validate,cyclonedx-gomod,3,0,5,3,0,0,3,0,3,3,0,5,3,0,0,3,0,3,0,0,0,0,0,0
jaffee__commandeer,syft,4,0,90,2,2,0,2,2,0,4,0,90,2,2,0,2,2,0,0,1,0,1,0,0
jaffee__commandeer,trivy,94,0,0,2,92,0,2,92,0,94,0,0,2,92,0,2,92,0,0,1,0,1,90,0
jaffee__commandeer,cdxgen,2,0,92,2,0,0,2,0,0,2,0,92,2,0,0,2,0,0,0,0,0,0,0,0
jaffee__commandeer,cyclonedx-gomod,3,0,91,2,1,0,2,1,0,3,0,91,2,1,0,2,1,0,0,1,0,0,0,0
markfarnan__go-canvas,syft,4,0,3,3,1,0,3,1,0,4,0,3,3,1,0,3,1,0,0,0,0,0,1,0
markfarnan__go-canvas,trivy,7,0,0,3,4,0,3,4,0,7,0,0,3,4,0,3,4,0,0,0,0,0,4,0
markfarnan__go-canvas,cdxgen,3,0,4,3,0,0,3,0,0,3,0,4,3,0,0,3,0,0,0,0,0,0,0,0
markfarnan__go-canvas,cyclonedx-gomod,3,0,4,3,0,0,3,0,0,3,0,4,3,0,0,3,0,0,0,0,0,0,0,0
xitonix__trubka,syft,64,0,60,45,19,0,45,19,0,64,0,60,45,19,0,45,19,0,0,1,0,0,18,0
xitonix__trubka,trivy,46,0,78,45,1,0,45,1,0,46,0,78,45,1,0,45,1,0,0,1,0,0,0,0
xitonix__trubka,cdxgen,45,0,79,45,0,0,45,0,0,45,0,79,45,0,0,45,0,0,0,0,0,0,0,0
xitonix__trubka,cyclonedx-gomod,46,0,78,45,1,0,45,1,0,46,0,78,45,1,0,45,1,0,0,1,0,0,0,0
ekkinox__yai,syft,58,0,63,44,14,0,47,11,0,58,0,63,44,14,0,47,11,0,3,0,0,5,6,0
ekkinox__yai,trivy,52,0,69,44,8,0,47,5,0,52,0,69,44,8,0,47,5,0,3,0,0,5,0,0
ekkinox__yai,cdxgen,44,0,77,44,0,0,44,0,3,44,0,77,44,0,0,44,0,3,0,0,0,0,0,0
ekkinox__yai,cyclonedx-gomod,48,0,73,43,5,1,43,5,4,48,0,73,43,5,1,43,5,4,0,0,0,5,0,0
nar10z__go-accumulator,syft,8,3,1,2,9,0,7,4,0,8,3,1,2,9,0,7,4,0,5,0,0,0,1,3
nar10z__go-accumulator,trivy,7,2,2,2,7,0,7,2,0,7,2,2,2,7,0,7,2,0,5,0,0,0,0,2
nar10z__go-accumulator,cdxgen,2,0,7,2,0,0,2,0,5,2,0,7,2,0,0,2,0,5,0,0,0,0,0,0
nar10z__go-accumulator,cyclonedx-gomod,2,0,7,2,0,0,2,0,5,2,0,7,2,0,0,2,0,5,0,0,0,0,0,0
alajmo__sake,syft,32,0,12,19,13,0,21,11,0,32,0,12,19,13,0,21,11,0,2,1,0,6,4,0
alajmo__sake,trivy,28,0,16,19,9,0,21,7,0,28,0,16,19,9,0,21,7,0,2,1,0,6,0,0
alajmo__sake,cdxgen,19,0,25,19,0,0,19,0,2,19,0,25,19,0,0,19,0,2,0,0,0,0,0,0
alajmo__sake,cyclonedx-gomod,20,0,24,19,1,0,19,1,2,20,0,24,19,1,0,19,1,2,0,1,0,0,0,0
miekg__dns,syft,5,0,6,2,3,0,3,2,0,5,0,6,2,3,0,3,2,0,1,0,1,1,0,0
miekg__dns,trivy,5,0,6,2,3,0,3,2,0,5,0,6,2,3,0,3,2,0,1,0,1,1,0,0
miekg__dns,cdxgen,2,0,9,2,0,0,2,0,1,2,0,9,2,0,0,2,0,1,0,0,0,0,0,0
miekg__dns,cyclonedx-gomod,5,0,6,2,3,0,3,2,0,5,0,6,2,3,0,3,2,0,1,0,1,1,0,0
bykof__gostradamus,syft,6,0,1,1,5,0,5,1,0,6,0,1,1,5,0,5,1,0,4,0,0,0,1,0
bykof__gostradamus,trivy,5,0,2,1,4,0,5,0,0,5,0,2,1,4,0,5,0,0,4,0,0,0,0,0
bykof__gostradamus,cdxgen,1,0,6,1,0,0,1,0,4,1,0,6,1,0,0,1,0,4,0,0,0,0,0,0
bykof__gostradamus,cyclonedx-gomod,1,0,6,1,0,0,1,0,4,1,0,6,1,0,0,1,0,4,0,0,0,0,0,0
axllent__mailpit,syft,78,0,9,55,23,0,55,23,0,78,0,9,55,23,0,55,23,0,0,2,0,0,21,0
axllent__mailpit,trivy,57,0,30,55,2,0,55,2,0,57,0,30,55,2,0,55,2,0,0,2,0,0,0,0
axllent__mailpit,cdxgen,55,0,32,55,0,0,55,0,0,55,0,32,55,0,0,55,0,0,0,0,0,0,0,0
axllent__mailpit,cyclonedx-gomod,57,0,30,55,2,0,55,2,0,57,0,30,55,2,0,55,2,0,0,2,0,0,0,0
charmbracelet__wish,syft,67,10,13,43,34,0,45,32,0,67,10,13,43,34,0,45,32,0,2,3,0,1,18,10
charmbracelet__wish,trivy,49,9,31,43,15,0,45,13,0,49,9,31,43,15,0,45,13,0,2,3,0,1,0,9
charmbracelet__wish,cdxgen,43,7,37,43,7,0,43,7,2,43,7,37,43,7,0,43,7,2,0,0,0,0,0,7
charmbracelet__wish,cyclonedx-gomod,46,0,34,42,4,1,42,4,3,46,0,34,42,4,1,42,4,3,0,3,0,1,0,0
andskur__argon2-hashing,syft,2,0,3,2,0,0,2,0,0,2,0,3,2,0,0,2,0,0,0,0,0,0,0,0
andskur__argon2-hashing,trivy,2,0,3,2,0,0,2,0,0,2,0,3,2,0,0,2,0,0,0,0,0,0,0,0
andskur__argon2-hashing,cdxgen,2,0,3,2,0,0,2,0,0,2,0,3,2,0,0,2,0,0,0,0,0,0,0,0
andskur__argon2-hashing,cyclonedx-gomod,2,0,3,2,0,0,2,0,0,2,0,3,2,0,0,2,0,0,0,0,0,0,0,0
murlokswarm__app,syft,11,0,11,6,5,0,10,1,0,11,0,11,6,5,0,10,1,0,4,0,0,0,1,0
murlokswarm__app,trivy,10,0,12,6,4,0,10,0,0,10,0,12,6,4,0,10,0,0,4,0,0,0,0,0
murlokswarm__app,cdxgen,6,0,16,6,0,0,6,0,4,6,0,16,6,0,0,6,0,4,0,0,0,0,0,0
murlokswarm__app,cyclonedx-gomod,6,0,16,6,0,0,6,0,4,6,0,16,6,0,0,6,0,4,0,0,0,0,0,0
vdobler__chart,syft,8,0,0,4,4,0,4,4,0,8,0,0,4,4,0,4,4,0,0,0,0,4,0,0
vdobler__chart,trivy,8,0,0,4,4,0,4,4,0,8,0,0,4,4,0,4,4,0,0,0,0,4,0,0
vdobler__chart,cdxgen,4,0,4,4,0,0,4,0,0,4,0,4,4,0,0,4,0,0,0,0,0,0,0,0
vdobler__chart,cyclonedx-gomod,4,0,4,4,0,0,4,0,0,4,0,4,4,0,0,4,0,0,0,0,0,0,0,0
doors-dev__gox,syft,46,0,21,21,25,0,21,25,0,46,0,21,21,25,0,21,25,0,0,0,0,0,25,0
doors-dev__gox,trivy,21,0,46,21,0,0,21,0,0,21,0,46,21,0,0,21,0,0,0,0,0,0,0,0
doors-dev__gox,cdxgen,21,0,46,21,0,0,21,0,0,21,0,46,21,0,0,21,0,0,0,0,0,0,0,0
doors-dev__gox,cyclonedx-gomod,21,0,46,21,0,0,21,0,0,21,0,46,21,0,0,21,0,0,0,0,0,0,0,0
xuri__aurora,syft,2,0,0,1,1,0,2,0,0,2,0,0,1,1,0,2,0,0,1,0,0,0,0,0
xuri__aurora,trivy,2,0,0,1,1,0,2,0,0,2,0,0,1,1,0,2,0,0,1,0,0,0,0,0
xuri__aurora,cdxgen,1,0,1,1,0,0,1,0,1,1,0,1,1,0,0,1,0,1,0,0,0,0,0,0
xuri__aurora,cyclonedx-gomod,1,0,1,1,0,0,1,0,1,1,0,1,1,0,0,1,0,1,0,0,0,0,0,0
fyne-io__fyne,syft,56,0,12,46,10,0,46,10,0,56,0,12,46,10,0,46,10,0,0,1,3,3,3,0
fyne-io__fyne,trivy,53,2,15,46,9,0,46,9,0,53,2,15,46,9,0,46,9,0,0,1,3,3,0,2
fyne-io__fyne,cdxgen,46,0,22,46,0,0,46,0,0,46,0,22,46,0,0,46,0,0,0,0,0,0,0,0
fyne-io__fyne,cyclonedx-gomod,51,0,17,46,5,0,46,5,0,51,0,17,46,5,0,46,5,0,0,1,3,1,0,0
Sioro-Neoku__go-peerflix,syft,46,0,75,34,12,0,34,12,0,46,0,75,34,12,0,34,12,0,0,0,0,0,12,0
Sioro-Neoku__go-peerflix,trivy,121,0,0,34,87,0,34,87,0,121,0,0,34,87,0,34,87,0,0,1,0,0,86,0
Sioro-Neoku__go-peerflix,cdxgen,34,0,87,34,0,0,34,0,0,34,0,87,34,0,0,34,0,0,0,0,0,0,0,0
Sioro-Neoku__go-peerflix,cyclonedx-gomod,36,0,85,34,2,0,34,2,0,36,0,85,34,2,0,34,2,0,0,1,0,0,1,0
TimothyYe__skm,syft,9,0,0,7,2,0,7,2,0,9,0,0,7,2,0,7,2,0,0,0,0,0,2,0
TimothyYe__skm,trivy,7,0,2,7,0,0,7,0,0,7,0,2,7,0,0,7,0,0,0,0,0,0,0,0
TimothyYe__skm,cdxgen,7,0,2,7,0,0,7,0,0,7,0,2,7,0,0,7,0,0,0,0,0,0,0,0
TimothyYe__skm,cyclonedx-gomod,7,0,2,7,0,0,7,0,0,7,0,2,7,0,0,7,0,0,0,0,0,0,0,0
tomwright__dasel,syft,50,0,15,33,17,0,33,17,0,50,0,15,33,17,0,33,17,0,0,2,0,4,11,0
tomwright__dasel,trivy,39,0,26,33,6,0,33,6,0,39,0,26,33,6,0,33,6,0,0,2,0,4,0,0
tomwright__dasel,cdxgen,33,0,32,33,0,0,33,0,0,33,0,32,33,0,0,33,0,0,0,0,0,0,0,0
tomwright__dasel,cyclonedx-gomod,37,0,28,32,5,1,32,5,1,37,0,28,32,5,1,32,5,1,0,2,0,3,0,0
Allenxuxu__gev,syft,31,0,32,19,12,0,23,8,0,31,0,32,19,12,0,23,8,0,4,0,0,3,5,0
Allenxuxu__gev,trivy,63,0,0,19,44,0,23,40,0,63,0,0,19,44,0,23,40,0,4,0,0,3,37,0
Allenxuxu__gev,cdxgen,19,0,44,19,0,0,19,0,4,19,0,44,19,0,0,19,0,4,0,0,0,0,0,0
Allenxuxu__gev,cyclonedx-gomod,19,0,44,19,0,0,19,0,4,19,0,44,19,0,0,19,0,4,0,0,0,0,0,0
huandu__go-sqlbuilder,syft,4,0,5,2,2,0,4,0,0,4,0,5,2,2,0,4,0,0,2,0,0,0,0,0
huandu__go-sqlbuilder,trivy,4,0,5,2,2,0,4,0,0,4,0,5,2,2,0,4,0,0,2,0,0,0,0,0
huandu__go-sqlbuilder,cdxgen,2,0,7,2,0,0,2,0,2,2,0,7,2,0,0,2,0,2,0,0,0,0,0,0
huandu__go-sqlbuilder,cyclonedx-gomod,2,0,7,2,0,0,2,0,2,2,0,7,2,0,0,2,0,2,0,0,0,0,0,0
bebop__poly,syft,17,0,5,7,10,0,13,4,0,17,0,5,7,10,0,13,4,0,6,0,0,1,3,0
bebop__poly,trivy,14,0,8,7,7,0,13,1,0,14,0,8,7,7,0,13,1,0,6,0,0,1,0,0
bebop__poly,cdxgen,7,0,15,7,0,0,7,0,6,7,0,15,7,0,0,7,0,6,0,0,0,0,0,0
bebop__poly,cyclonedx-gomod,7,0,15,7,0,0,7,0,6,7,0,15,7,0,0,7,0,6,0,0,0,0,0,0
capillariesio__capillaries,syft,67,0,52,51,16,0,54,13,0,67,0,52,51,16,0,54,13,0,3,0,0,0,13,0
capillariesio__capillaries,trivy,54,0,65,51,3,0,54,0,0,54,0,65,51,3,0,54,0,0,3,0,0,0,0,0
capillariesio__capillaries,cdxgen,51,0,68,51,0,0,51,0,3,51,0,68,51,0,0,51,0,3,0,0,0,0,0,0
capillariesio__capillaries,cyclonedx-gomod,51,0,68,51,0,0,51,0,3,51,0,68,51,0,0,51,0,3,0,0,0,0,0,0
jimlambrt__gldap,syft,24,0,24,16,8,0,16,8,0,24,0,24,16,8,0,16,8,0,0,0,1,3,4,0
jimlambrt__gldap,trivy,20,0,28,16,4,0,16,4,0,20,0,28,16,4,0,16,4,0,0,0,1,3,0,0
jimlambrt__gldap,cdxgen,16,0,32,16,0,0,16,0,0,16,0,32,16,0,0,16,0,0,0,0,0,0,0,0
jimlambrt__gldap,cyclonedx-gomod,20,0,28,16,4,0,16,4,0,20,0,28,16,4,0,16,4,0,0,0,1,3,0,0
wkhere__bcl,syft,2,0,0,1,1,0,2,0,0,2,0,0,1,1,0,2,0,0,1,0,0,0,0,0
wkhere__bcl,trivy,2,0,0,1,1,0,2,0,0,2,0,0,1,1,0,2,0,0,1,0,0,0,0,0
wkhere__bcl,cdxgen,1,0,1,1,0,0,1,0,1,1,0,1,1,0,0,1,0,1,0,0,0,0,0,0
wkhere__bcl,cyclonedx-gomod,1,0,1,1,0,0,1,0,1,1,0,1,1,0,0,1,0,1,0,0,0,0,0,0
cyucelen__marker,syft,9,0,1,4,5,0,8,1,0,9,0,1,4,5,0,8,1,0,4,0,0,0,1,0
cyucelen__marker,trivy,10,0,0,4,6,0,8,2,0,10,0,0,4,6,0,8,2,0,4,0,0,0,2,0
cyucelen__marker,cdxgen,4,0,6,4,0,0,4,0,4,4,0,6,4,0,0,4,0,4,0,0,0,0,0,0
cyucelen__marker,cyclonedx-gomod,4,0,6,4,0,0,4,0,4,4,0,6,4,0,0,4,0,4,0,0,0,0,0,0
adelowo__onecache,syft,16,0,5,2,14,0,2,14,0,16,0,5,2,14,0,2,14,0,0,0,0,1,13,0
adelowo__onecache,trivy,21,0,0,2,19,0,2,19,0,21,0,0,2,19,0,2,19,0,0,0,0,1,18,0
adelowo__onecache,cdxgen,2,0,19,2,0,0,2,0,0,2,0,19,2,0,0,2,0,0,0,0,0,0,0,0
adelowo__onecache,cyclonedx-gomod,2,0,19,2,0,0,2,0,0,2,0,19,2,0,0,2,0,0,0,0,0,0,0,0
lazynop__lazyenv,syft,32,0,8,21,11,0,25,7,0,32,0,8,21,11,0,25,7,0,4,0,0,0,7,0
lazynop__lazyenv,trivy,25,0,15,21,4,0,25,0,0,25,0,15,21,4,0,25,0,0,4,0,0,0,0,0
lazynop__lazyenv,cdxgen,21,0,19,21,0,0,21,0,4,21,0,19,21,0,0,21,0,4,0,0,0,0,0,0
lazynop__lazyenv,cyclonedx-gomod,21,0,19,21,0,0,21,0,4,21,0,19,21,0,0,21,0,4,0,0,0,0,0,0
xhit__go-simple-mail,syft,7,0,1,1,6,0,1,6,0,7,0,1,1,6,0,1,6,0,0,0,0,0,0,6
xhit__go-simple-mail,trivy,8,1,0,1,8,0,1,8,0,8,1,0,1,8,0,1,8,0,0,0,0,0,1,7
xhit__go-simple-mail,cdxgen,1,0,7,1,0,0,1,0,0,1,0,7,1,0,0,1,0,0,0,0,0,0,0,0
xhit__go-simple-mail,cyclonedx-gomod,1,0,7,1,0,0,1,0,0,1,0,7,1,0,0,1,0,0,0,0,0,0,0,0
bamzi__jobrunner,syft,1,0,0,1,0,0,1,0,0,1,0,0,1,0,0,1,0,0,0,0,0,0,0,0
bamzi__jobrunner,trivy,1,0,0,1,0,0,1,0,0,1,0,0,1,0,0,1,0,0,0,0,0,0,0,0
bamzi__jobrunner,cdxgen,1,0,0,1,0,0,1,0,0,1,0,0,1,0,0,1,0,0,0,0,0,0,0,0
bamzi__jobrunner,cyclonedx-gomod,1,0,0,1,0,0,1,0,0,1,0,0,1,0,0,1,0,0,0,0,0,0,0,0
artonge__go-gtfs,syft,1,0,0,1,0,0,1,0,0,1,0,0,1,0,0,1,0,0,0,0,0,0,0,0
artonge__go-gtfs,trivy,1,0,0,1,0,0,1,0,0,1,0,0,1,0,0,1,0,0,0,0,0,0,0,0
artonge__go-gtfs,cdxgen,1,0,0,1,0,0,1,0,0,1,0,0,1,0,0,1,0,0,0,0,0,0,0,0
artonge__go-gtfs,cyclonedx-gomod,1,0,0,1,0,0,1,0,0,1,0,0,1,0,0,1,0,0,0,0,0,0,0,0
ardanlabs__service,syft,102,0,74,63,39,0,64,38,0,102,0,74,63,39,0,64,38,0,1,0,0,4,34,0
ardanlabs__service,trivy,68,0,108,63,5,0,64,4,0,68,0,108,63,5,0,64,4,0,1,0,0,4,0,0
ardanlabs__service,cdxgen,68,0,108,63,5,0,64,4,0,68,0,108,63,5,0,64,4,0,1,0,0,4,0,0
ardanlabs__service,cyclonedx-gomod,67,0,109,63,4,0,63,4,1,67,0,109,63,4,0,63,4,1,0,0,0,4,0,0
kniren__gota,syft,3,0,34,2,1,0,2,1,0,3,0,34,2,1,0,2,1,0,0,0,0,0,1,0
kniren__gota,trivy,37,0,0,2,35,0,2,35,0,37,0,0,2,35,0,2,35,0,0,0,0,0,35,0
kniren__gota,cdxgen,2,0,35,2,0,0,2,0,0,2,0,35,2,0,0,2,0,0,0,0,0,0,0,0
kniren__gota,cyclonedx-gomod,2,0,35,2,0,0,2,0,0,2,0,35,2,0,0,2,0,0,0,0,0,0,0,0
immortal__immortal,syft,7,0,0,6,1,0,6,1,0,7,0,0,6,1,0,6,1,0,0,0,0,0,1,0
immortal__immortal,trivy,7,0,0,6,1,0,6,1,0,7,0,0,6,1,0,6,1,0,0,0,0,0,1,0
immortal__immortal,cdxgen,6,0,1,6,0,0,6,0,0,6,0,1,6,0,0,6,0,0,0,0,0,0,0,0
immortal__immortal,cyclonedx-gomod,6,0,1,6,0,0,6,0,0,6,0,1,6,0,0,6,0,0,0,0,0,0,0,0
invopop__gobl,syft,25,0,39,15,10,0,19,6,0,25,0,39,15,10,0,19,6,0,4,0,1,4,1,0
invopop__gobl,trivy,24,0,40,15,9,0,19,5,0,24,0,40,15,9,0,19,5,0,4,0,1,4,0,0
invopop__gobl,cdxgen,15,0,49,15,0,0,15,0,4,15,0,49,15,0,0,15,0,4,0,0,0,0,0,0
invopop__gobl,cyclonedx-gomod,16,0,48,15,1,0,15,1,4,16,0,48,15,1,0,15,1,4,0,0,1,0,0,0
iyashjayesh__goscaf,syft,19,0,12,11,8,0,11,8,0,19,3,12,11,11,0,11,11,0,0,1,0,0,7,0
iyashjayesh__goscaf,trivy,12,0,19,11,1,0,11,1,0,12,0,19,11,1,0,11,1,0,0,1,0,0,0,0
iyashjayesh__goscaf,cdxgen,11,0,20,11,0,0,11,0,0,11,0,20,11,0,0,11,0,0,0,0,0,0,0,0
iyashjayesh__goscaf,cyclonedx-gomod,12,0,19,11,1,0,11,1,0,12,0,19,11,1,0,11,1,0,0,1,0,0,0,0
go-gitea__gitea,syft,335,0,372,258,77,0,258,77,0,331,4,376,254,81,4,254,81,4,0,4,2,4,67,0
go-gitea__gitea,trivy,268,0,439,258,10,0,258,10,0,264,4,443,254,14,4,254,14,4,0,4,2,4,0,0
go-gitea__gitea,cdxgen,258,0,449,258,0,0,258,0,0,258,0,449,258,0,0,258,0,0,0,0,0,0,0,0
go-gitea__gitea,cyclonedx-gomod,267,0,440,258,9,0,258,9,0,263,4,444,254,13,4,254,13,4,0,4,2,3,0,0
timsolov__rest-query-parser,syft,9,0,2,1,8,0,7,2,0,9,0,2,1,8,0,7,2,0,6,0,0,1,1,0
timsolov__rest-query-parser,trivy,11,0,0,1,10,0,7,4,0,11,0,0,1,10,0,7,4,0,6,0,0,1,3,0
timsolov__rest-query-parser,cdxgen,1,0,10,1,0,0,1,0,6,1,0,10,1,0,0,1,0,6,0,0,0,0,0,0
timsolov__rest-query-parser,cyclonedx-gomod,1,0,10,1,0,0,1,0,6,1,0,10,1,0,0,1,0,6,0,0,0,0,0,0
DATA-DOG__go-sqlmock,syft,1,0,0,1,0,0,1,0,0,1,0,0,1,0,0,1,0,0,0,0,0,0,0,0
DATA-DOG__go-sqlmock,trivy,1,0,0,1,0,0,1,0,0,1,0,0,1,0,0,1,0,0,0,0,0,0,0,0
DATA-DOG__go-sqlmock,cdxgen,1,0,0,1,0,0,1,0,0,1,0,0,1,0,0,1,0,0,0,0,0,0,0,0
DATA-DOG__go-sqlmock,cyclonedx-gomod,1,0,0,1,0,0,1,0,0,1,0,0,1,0,0,1,0,0,0,0,0,0,0,0
hashicorp__cli,syft,25,0,10,20,5,0,20,5,0,25,0,10,20,5,0,20,5,0,0,0,0,1,4,0
hashicorp__cli,trivy,21,0,14,20,1,0,20,1,0,21,0,14,20,1,0,20,1,0,0,0,0,1,0,0
hashicorp__cli,cdxgen,20,0,15,20,0,0,20,0,0,20,0,15,20,0,0,20,0,0,0,0,0,0,0,0
hashicorp__cli,cyclonedx-gomod,20,0,15,20,0,0,20,0,0,20,0,15,20,0,0,20,0,0,0,0,0,0,0,0
moov-io__ach,syft,43,0,151,31,12,0,31,12,0,43,0,151,31,12,0,31,12,0,0,0,1,0,11,0
moov-io__ach,trivy,32,0,162,31,1,0,31,1,0,32,0,162,31,1,0,31,1,0,0,0,1,0,0,0
moov-io__ach,cdxgen,31,0,163,31,0,0,31,0,0,31,0,163,31,0,0,31,0,0,0,0,0,0,0,0
moov-io__ach,cyclonedx-gomod,32,0,162,31,1,0,31,1,0,32,0,162,31,1,0,31,1,0,0,0,1,0,0,0
anchore__syft,syft,NA
anchore__syft,trivy,NA
anchore__syft,cdxgen,NA
anchore__syft,cyclonedx-gomod,299,0,483,287,12,1,287,12,18,299,0,483,287,12,1,287,12,18,0,9,1,2,0,0
nanovms__ops,syft,254,0,267,196,58,0,201,53,0,254,0,267,196,58,0,201,53,0,5,3,0,14,36,0
nanovms__ops,trivy,218,0,303,196,22,0,201,17,0,218,0,303,196,22,0,201,17,0,5,3,0,14,0,0
nanovms__ops,cdxgen,218,0,303,196,22,0,201,17,0,218,0,303,196,22,0,201,17,0,5,3,0,14,0,0
nanovms__ops,cyclonedx-gomod,200,0,321,195,5,1,195,5,6,200,0,321,195,5,1,195,5,6,0,3,0,2,0,0
ulule__limiter,syft,42,0,8,27,15,0,27,15,0,42,0,8,27,15,0,27,15,0,0,0,0,11,4,0
ulule__limiter,trivy,38,0,12,27,11,0,27,11,0,38,0,12,27,11,0,27,11,0,0,0,0,11,0,0
ulule__limiter,cdxgen,27,0,23,27,0,0,27,0,0,27,0,23,27,0,0,27,0,0,0,0,0,0,0,0
ulule__limiter,cyclonedx-gomod,36,0,14,27,9,0,27,9,0,36,0,14,27,9,0,27,9,0,0,0,0,9,0,0
keilerkonzept__topk,syft,3,0,0,1,2,0,3,0,0,3,0,0,1,2,0,3,0,0,2,0,0,0,0,0
keilerkonzept__topk,trivy,3,0,0,1,2,0,3,0,0,3,0,0,1,2,0,3,0,0,2,0,0,0,0,0
keilerkonzept__topk,cdxgen,1,0,2,1,0,0,1,0,2,1,0,2,1,0,0,1,0,2,0,0,0,0,0,0
keilerkonzept__topk,cyclonedx-gomod,1,0,2,1,0,0,1,0,2,1,0,2,1,0,0,1,0,2,0,0,0,0,0,0
bluetuith-org__bluetuith,syft,49,0,22,42,7,0,42,7,0,49,0,22,42,7,0,42,7,0,0,0,0,1,6,0
bluetuith-org__bluetuith,trivy,43,0,28,42,1,0,42,1,0,43,0,28,42,1,0,42,1,0,0,0,0,1,0,0
bluetuith-org__bluetuith,cdxgen,42,0,29,42,0,0,42,0,0,42,0,29,42,0,0,42,0,0,0,0,0,0,0,0
bluetuith-org__bluetuith,cyclonedx-gomod,43,0,28,42,1,0,42,1,0,43,0,28,42,1,0,42,1,0,0,0,0,1,0,0
RibbonFilter__ribbonGo,syft,4,0,0,2,2,0,2,2,0,4,0,0,2,2,0,2,2,0,0,0,0,1,1,0
RibbonFilter__ribbonGo,trivy,3,0,1,2,1,0,2,1,0,3,0,1,2,1,0,2,1,0,0,0,0,1,0,0
RibbonFilter__ribbonGo,cdxgen,2,0,2,2,0,0,2,0,0,2,0,2,2,0,0,2,0,0,0,0,0,0,0,0
RibbonFilter__ribbonGo,cyclonedx-gomod,3,0,1,2,1,0,2,1,0,3,0,1,2,1,0,2,1,0,0,0,0,1,0,0
blind-oracle__psql-streamer,syft,58,0,67,33,25,0,36,22,0,58,0,67,33,25,0,36,22,0,3,0,0,2,15,5
blind-oracle__psql-streamer,trivy,125,0,0,33,92,0,36,89,0,125,0,0,33,92,0,36,89,0,3,0,0,2,82,5
blind-oracle__psql-streamer,cdxgen,33,0,92,33,0,0,33,0,3,33,0,92,33,0,0,33,0,3,0,0,0,0,0,0
blind-oracle__psql-streamer,cyclonedx-gomod,33,0,92,33,0,0,33,0,3,33,0,92,33,0,0,33,0,3,0,0,0,0,0,0
maguro__pbf,syft,28,0,10,14,14,0,18,10,0,28,0,10,14,14,0,18,10,0,4,1,0,3,6,0
maguro__pbf,trivy,22,0,16,14,8,0,18,4,0,22,0,16,14,8,0,18,4,0,4,1,0,3,0,0
maguro__pbf,cdxgen,14,0,24,14,0,0,14,0,4,14,0,24,14,0,0,14,0,4,0,0,0,0,0,0
maguro__pbf,cyclonedx-gomod,15,0,23,14,1,0,14,1,4,15,0,23,14,1,0,14,1,4,0,1,0,0,0,0
s0rg__fantasyname,syft,1,0,3,1,0,0,1,0,0,1,0,3,1,0,0,1,0,0,0,0,0,0,0,0
s0rg__fantasyname,trivy,1,0,3,1,0,0,1,0,0,1,0,3,1,0,0,1,0,0,0,0,0,0,0,0
s0rg__fantasyname,cdxgen,1,0,3,1,0,0,1,0,0,1,0,3,1,0,0,1,0,0,0,0,0,0,0,0
s0rg__fantasyname,cyclonedx-gomod,1,0,3,1,0,0,1,0,0,1,0,3,1,0,0,1,0,0,0,0,0,0,0,0
minio__minio-go,syft,250,2,155,18,234,0,18,234,0,250,2,155,18,234,0,18,234,0,0,0,0,207,25,2
minio__minio-go,trivy,225,4,180,18,211,0,18,211,0,225,4,180,18,211,0,18,211,0,0,0,0,207,0,4
minio__minio-go,cdxgen,20,2,385,18,4,0,18,4,0,20,2,385,18,4,0,18,4,0,0,0,0,2,0,2
minio__minio-go,cyclonedx-gomod,225,0,180,18,207,0,18,207,0,225,0,180,18,207,0,18,207,0,0,0,0,207,0,0
hyperboloide__lk,syft,8,0,2,3,5,0,7,1,0,8,0,2,3,5,0,7,1,0,4,0,0,0,1,0
hyperboloide__lk,trivy,7,0,3,3,4,0,7,0,0,7,0,3,3,4,0,7,0,0,4,0,0,0,0,0
hyperboloide__lk,cdxgen,3,0,7,3,0,0,3,0,4,3,0,7,3,0,0,3,0,4,0,0,0,0,0,0
hyperboloide__lk,cyclonedx-gomod,3,0,7,3,0,0,3,0,4,3,0,7,3,0,0,3,0,4,0,0,0,0,0,0
shomali11__xredis,syft,6,0,0,2,4,0,6,0,0,6,0,0,2,4,0,6,0,0,4,0,0,0,0,0
shomali11__xredis,trivy,6,0,0,2,4,0,6,0,0,6,0,0,2,4,0,6,0,0,4,0,0,0,0,0
shomali11__xredis,cdxgen,2,0,4,2,0,0,2,0,4,2,0,4,2,0,0,2,0,4,0,0,0,0,0,0
shomali11__xredis,cyclonedx-gomod,2,0,4,2,0,0,2,0,4,2,0,4,2,0,0,2,0,4,0,0,0,0,0,0
bobg__basexx,syft,1,0,0,1,0,0,1,0,0,1,0,0,1,0,0,1,0,0,0,0,0,0,0,0
bobg__basexx,trivy,1,0,0,1,0,0,1,0,0,1,0,0,1,0,0,1,0,0,0,0,0,0,0,0
bobg__basexx,cdxgen,1,0,0,1,0,0,1,0,0,1,0,0,1,0,0,1,0,0,0,0,0,0,0,0
bobg__basexx,cyclonedx-gomod,1,0,0,1,0,0,1,0,0,1,0,0,1,0,0,1,0,0,0,0,0,0,0,0
EchoVault__EchoVault,syft,40,0,56,30,10,0,31,9,0,40,0,56,30,10,0,31,9,0,1,0,0,0,9,0
EchoVault__EchoVault,trivy,31,0,65,30,1,0,31,0,0,31,0,65,30,1,0,31,0,0,1,0,0,0,0,0
EchoVault__EchoVault,cdxgen,30,0,66,30,0,0,30,0,1,30,0,66,30,0,0,30,0,1,0,0,0,0,0,0
EchoVault__EchoVault,cyclonedx-gomod,30,0,66,30,0,0,30,0,1,30,0,66,30,0,0,30,0,1,0,0,0,0,0,0
mmadfox__go-geojson2h3,syft,10,0,0,8,2,0,8,2,0,10,0,0,8,2,0,8,2,0,0,0,0,0,2,0
mmadfox__go-geojson2h3,trivy,8,0,2,8,0,0,8,0,0,8,0,2,8,0,0,8,0,0,0,0,0,0,0,0
mmadfox__go-geojson2h3,cdxgen,8,0,2,8,0,0,8,0,0,8,0,2,8,0,0,8,0,0,0,0,0,0,0,0
mmadfox__go-geojson2h3,cyclonedx-gomod,8,0,2,8,0,0,8,0,0,8,0,2,8,0,0,8,0,0,0,0,0,0,0,0
subosito__gotenv,syft,6,0,4,1,5,0,5,1,0,6,0,4,1,5,0,5,1,0,4,0,0,0,1,0
subosito__gotenv,trivy,5,0,5,1,4,0,5,0,0,5,0,5,1,4,0,5,0,0,4,0,0,0,0,0
subosito__gotenv,cdxgen,1,0,9,1,0,0,1,0,4,1,0,9,1,0,0,1,0,4,0,0,0,0,0,0
subosito__gotenv,cyclonedx-gomod,1,0,9,1,0,0,1,0,4,1,0,9,1,0,0,1,0,4,0,0,0,0,0,0
zendev-sh__goai,syft,7,17,2,2,22,0,3,21,0,7,18,2,2,23,0,3,22,0,1,0,0,0,4,17
zendev-sh__goai,trivy,3,17,6,2,18,0,3,17,0,3,17,6,2,18,0,3,17,0,1,0,0,0,0,17
zendev-sh__goai,cdxgen,2,13,7,2,13,0,2,13,1,2,13,7,2,13,0,2,13,1,0,0,0,0,0,13
zendev-sh__goai,cyclonedx-gomod,2,0,7,2,0,0,2,0,1,2,0,7,2,0,0,2,0,1,0,0,0,0,0,0
edwingeng__wuid,syft,38,0,8,21,17,0,21,17,0,38,0,8,21,17,0,21,17,0,0,0,0,2,15,0
edwingeng__wuid,trivy,23,0,23,21,2,0,21,2,0,23,0,23,21,2,0,21,2,0,0,0,0,2,0,0
edwingeng__wuid,cdxgen,21,0,25,21,0,0,21,0,0,21,0,25,21,0,0,21,0,0,0,0,0,0,0,0
edwingeng__wuid,cyclonedx-gomod,21,0,25,21,0,0,21,0,0,21,0,25,21,0,0,21,0,0,0,0,0,0,0,0
enetx__tg,syft,8,0,3,7,1,0,7,1,0,8,0,3,7,1,0,7,1,0,0,0,0,0,1,0
enetx__tg,trivy,7,0,4,7,0,0,7,0,0,7,0,4,7,0,0,7,0,0,0,0,0,0,0,0
enetx__tg,cdxgen,7,0,4,7,0,0,7,0,0,7,0,4,7,0,0,7,0,0,0,0,0,0,0,0
enetx__tg,cyclonedx-gomod,7,0,4,7,0,0,7,0,0,7,0,4,7,0,0,7,0,0,0,0,0,0,0,0
viant__bgc,syft,57,0,45,31,26,0,37,20,0,57,0,45,31,26,0,37,20,0,6,0,0,7,0,13
viant__bgc,trivy,44,0,58,31,13,0,37,7,0,44,0,58,31,13,0,37,7,0,6,0,0,7,0,0
viant__bgc,cdxgen,31,0,71,31,0,0,31,0,6,31,0,71,31,0,0,31,0,6,0,0,0,0,0,0
viant__bgc,cyclonedx-gomod,NA
Code-Hex__Neo-cowsay,syft,5,16,0,3,18,0,4,17,0,5,16,0,3,18,0,4,17,0,1,0,0,1,0,16
Code-Hex__Neo-cowsay,trivy,5,22,0,3,24,0,4,23,0,5,22,0,3,24,0,4,23,0,1,0,0,1,0,22
Code-Hex__Neo-cowsay,cdxgen,3,13,2,3,13,0,3,13,1,3,13,2,3,13,0,3,13,1,0,0,0,0,0,13
Code-Hex__Neo-cowsay,cyclonedx-gomod,3,0,2,3,0,0,3,0,1,3,0,2,3,0,0,3,0,1,0,0,0,0,0,0
pressly__sup,syft,9,0,3,5,4,0,5,4,0,9,0,3,5,4,0,5,4,0,0,0,0,3,1,0
pressly__sup,trivy,12,0,0,5,7,0,5,7,0,12,0,0,5,7,0,5,7,0,0,0,0,3,4,0
pressly__sup,cdxgen,5,0,7,5,0,0,5,0,0,5,0,7,5,0,0,5,0,0,0,0,0,0,0,0
pressly__sup,cyclonedx-gomod,6,0,6,5,1,0,5,1,0,6,0,6,5,1,0,5,1,0,0,0,0,1,0,0
uber-go__fx,syft,13,6,2,4,15,0,9,10,0,12,9,3,4,17,0,9,12,0,5,0,0,0,4,6
uber-go__fx,trivy,10,5,5,4,11,0,9,6,0,9,7,6,4,12,0,9,7,0,5,0,0,0,1,5
uber-go__fx,cdxgen,9,2,6,4,7,0,8,3,1,8,3,7,4,7,0,8,3,1,4,0,0,0,1,2
uber-go__fx,cyclonedx-gomod,4,0,11,4,0,0,4,0,5,4,0,11,4,0,0,4,0,5,0,0,0,0,0,0
gosuri__uiprogress,syft,2,0,1,1,1,0,1,1,0,2,0,1,1,1,0,1,1,0,0,1,0,0,0,0
gosuri__uiprogress,trivy,3,0,0,1,2,0,1,2,0,3,0,0,1,2,0,1,2,0,0,1,0,0,1,0
gosuri__uiprogress,cdxgen,1,0,2,1,0,0,1,0,0,1,0,2,1,0,0,1,0,0,0,0,0,0,0,0
gosuri__uiprogress,cyclonedx-gomod,3,0,0,1,2,0,1,2,0,3,0,0,1,2,0,1,2,0,0,1,0,0,1,0
raszia__gotiny,syft,1,0,0,1,0,0,1,0,0,1,0,0,1,0,0,1,0,0,0,0,0,0,0,0
raszia__gotiny,trivy,1,0,0,1,0,0,1,0,0,1,0,0,1,0,0,1,0,0,0,0,0,0,0,0
raszia__gotiny,cdxgen,1,0,0,1,0,0,1,0,0,1,0,0,1,0,0,1,0,0,0,0,0,0,0,0
raszia__gotiny,cyclonedx-gomod,1,0,0,1,0,0,1,0,0,1,0,0,1,0,0,1,0,0,0,0,0,0,0,0
gotestyourself__gotest.tools,syft,5,1,2,4,2,0,4,2,0,5,2,2,4,3,0,4,3,0,0,0,0,0,1,1
gotestyourself__gotest.tools,trivy,4,1,3,4,1,0,4,1,0,4,2,3,4,2,0,4,2,0,0,0,0,0,0,1
gotestyourself__gotest.tools,cdxgen,4,0,3,4,0,0,4,0,0,4,0,3,4,0,0,4,0,0,0,0,0,0,0,0
gotestyourself__gotest.tools,cyclonedx-gomod,4,0,3,4,0,0,4,0,0,4,0,3,4,0,0,4,0,0,0,0,0,0,0,0
seiflotfy__count-min-log,syft,1,0,0,1,0,0,1,0,0,1,0,0,1,0,0,1,0,0,0,0,0,0,0,0
seiflotfy__count-min-log,trivy,1,0,0,1,0,0,1,0,0,1,0,0,1,0,0,1,0,0,0,0,0,0,0,0
seiflotfy__count-min-log,cdxgen,1,0,0,1,0,0,1,0,0,1,0,0,1,0,0,1,0,0,0,0,0,0,0,0
seiflotfy__count-min-log,cyclonedx-gomod,1,0,0,1,0,0,1,0,0,1,0,0,1,0,0,1,0,0,0,0,0,0,0,0
ajvb__kala,syft,76,0,158,41,35,0,50,26,0,76,0,158,41,35,0,50,26,0,9,0,2,4,20,0
ajvb__kala,trivy,234,0,0,41,193,0,50,184,0,234,0,0,41,193,0,50,184,0,9,1,2,4,177,0
ajvb__kala,cdxgen,41,0,193,41,0,0,41,0,9,41,0,193,41,0,0,41,0,9,0,0,0,0,0,0
ajvb__kala,cyclonedx-gomod,44,0,190,41,3,0,41,3,9,44,0,190,41,3,0,41,3,9,0,1,1,1,0,0
ivanilves__lstags,syft,34,0,6,21,13,0,24,10,0,34,18,6,21,31,0,24,28,0,3,2,0,6,2,0
ivanilves__lstags,trivy,40,0,0,21,19,0,24,16,0,40,23,0,21,42,0,24,39,0,3,2,0,6,8,0
ivanilves__lstags,cdxgen,26,0,14,21,5,0,24,2,0,26,0,14,21,5,0,24,2,0,3,2,0,0,0,0
ivanilves__lstags,cyclonedx-gomod,23,0,17,21,2,0,21,2,3,23,0,17,21,2,0,21,2,3,0,2,0,0,0,0
xuri__xgen,syft,7,0,7,2,5,0,6,1,0,7,0,7,2,5,0,6,1,0,4,0,0,0,1,0
xuri__xgen,trivy,6,0,8,2,4,0,6,0,0,6,0,8,2,4,0,6,0,0,4,0,0,0,0,0
xuri__xgen,cdxgen,2,0,12,2,0,0,2,0,4,2,0,12,2,0,0,2,0,4,0,0,0,0,0,0
xuri__xgen,cyclonedx-gomod,2,0,12,2,0,0,2,0,4,2,0,12,2,0,0,2,0,4,0,0,0,0,0,0
cloudwego__hertz,syft,24,28,2,13,39,0,18,34,0,24,34,2,13,45,0,18,40,0,5,0,1,2,2,29
cloudwego__hertz,trivy,25,50,1,13,62,0,18,57,0,24,57,2,13,68,0,18,63,0,5,0,1,2,3,51
cloudwego__hertz,cdxgen,15,22,11,13,24,0,14,23,4,15,25,11,13,27,0,14,26,4,1,0,0,0,0,23
cloudwego__hertz,cyclonedx-gomod,15,0,11,12,3,1,12,3,6,15,0,11,12,3,1,12,3,6,0,0,1,2,0,0
m1__go-generate-password,syft,8,0,4,2,6,0,6,2,0,8,0,4,2,6,0,6,2,0,4,1,0,0,1,0
m1__go-generate-password,trivy,7,0,5,2,5,0,6,1,0,7,0,5,2,5,0,6,1,0,4,1,0,0,0,0
m1__go-generate-password,cdxgen,2,0,10,2,0,0,2,0,4,2,0,10,2,0,0,2,0,4,0,0,0,0,0,0
m1__go-generate-password,cyclonedx-gomod,3,0,9,2,1,0,2,1,4,3,0,9,2,1,0,2,1,4,0,1,0,0,0,0
zerosnake0__go-json-benchmark,syft,19,0,11,17,2,0,18,1,0,19,0,11,17,2,0,18,1,0,1,0,0,0,1,0
zerosnake0__go-json-benchmark,trivy,30,0,0,17,13,0,18,12,0,30,0,0,17,13,0,18,12,0,1,0,0,0,12,0
zerosnake0__go-json-benchmark,cdxgen,17,0,13,17,0,0,17,0,1,17,0,13,17,0,0,17,0,1,0,0,0,0,0,0
zerosnake0__go-json-benchmark,cyclonedx-gomod,17,0,13,17,0,0,17,0,1,17,0,13,17,0,0,17,0,1,0,0,0,0,0,0
unionj-cloud__go-doudou,syft,327,5,429,254,78,0,260,72,0,327,28,429,254,101,0,260,95,0,6,5,0,12,47,8
unionj-cloud__go-doudou,trivy,280,3,476,254,29,0,260,23,0,280,24,476,254,50,0,260,44,0,6,5,0,12,0,6
unionj-cloud__go-doudou,cdxgen,280,2,476,254,28,0,260,22,0,280,23,476,254,49,0,260,43,0,6,5,0,12,0,5
unionj-cloud__go-doudou,cyclonedx-gomod,270,0,486,254,16,0,257,13,3,270,0,486,254,16,0,257,13,3,3,5,0,8,0,0
incu6us__goimports-reviser,syft,12,0,6,4,8,0,8,4,0,12,0,6,4,8,0,8,4,0,4,0,0,2,2,0
incu6us__goimports-reviser,trivy,10,0,8,4,6,0,8,2,0,10,0,8,4,6,0,8,2,0,4,0,0,2,0,0
incu6us__goimports-reviser,cdxgen,4,0,14,4,0,0,4,0,4,4,0,14,4,0,0,4,0,4,0,0,0,0,0,0
incu6us__goimports-reviser,cyclonedx-gomod,4,0,14,4,0,0,4,0,4,4,0,14,4,0,0,4,0,4,0,0,0,0,0,0
SpatiumPortae__portal,syft,106,0,187,51,55,0,82,24,0,106,0,187,51,55,0,82,24,0,31,1,0,12,11,0
SpatiumPortae__portal,trivy,95,0,198,51,44,0,82,13,0,95,0,198,51,44,0,82,13,0,31,1,0,12,0,0
SpatiumPortae__portal,cdxgen,51,0,242,51,0,0,51,0,31,51,0,242,51,0,0,51,0,31,0,0,0,0,0,0
SpatiumPortae__portal,cyclonedx-gomod,54,0,239,51,3,0,51,3,31,54,0,239,51,3,0,51,3,31,0,1,0,2,0,0
go-ozzo__ozzo-routing,syft,8,0,1,2,6,0,6,2,0,8,0,1,2,6,0,6,2,0,4,0,0,1,1,0
go-ozzo__ozzo-routing,trivy,9,0,0,2,7,0,6,3,0,9,0,0,2,7,0,6,3,0,4,0,0,1,2,0
go-ozzo__ozzo-routing,cdxgen,2,0,7,2,0,0,2,0,4,2,0,7,2,0,0,2,0,4,0,0,0,0,0,0
go-ozzo__ozzo-routing,cyclonedx-gomod,2,0,7,2,0,0,2,0,4,2,0,7,2,0,0,2,0,4,0,0,0,0,0,0
presbrey__ollamafarm,syft,NA
presbrey__ollamafarm,trivy,NA
presbrey__ollamafarm,cdxgen,NA
presbrey__ollamafarm,cyclonedx-gomod,NA
trpc-group__trpc-go,syft,51,5,16,37,19,0,42,14,0,50,14,17,37,27,0,42,22,0,5,0,0,0,9,5
trpc-group__trpc-go,trivy,45,6,22,37,14,0,42,9,0,42,13,25,37,18,0,42,13,0,5,0,0,0,3,6
trpc-group__trpc-go,cdxgen,38,1,29,37,2,0,37,2,5,37,5,30,37,5,0,37,5,5,0,0,0,0,1,1
trpc-group__trpc-go,cyclonedx-gomod,37,0,30,37,0,0,37,0,5,37,0,30,37,0,0,37,0,5,0,0,0,0,0,0
eduncan911__podcast,syft,6,0,1,1,5,0,5,1,0,6,1,1,1,6,0,5,2,0,4,0,0,0,1,0
eduncan911__podcast,trivy,7,0,0,1,6,0,5,2,0,7,1,0,1,7,0,5,3,0,4,0,0,0,2,0
eduncan911__podcast,cdxgen,5,0,2,1,4,0,5,0,0,5,0,2,1,4,0,5,0,0,4,0,0,0,0,0
eduncan911__podcast,cyclonedx-gomod,1,0,6,1,0,0,1,0,4,1,0,6,1,0,0,1,0,4,0,0,0,0,0,0
JoshuaDoes__gofuckyourself,syft,1,0,3,1,0,0,1,0,0,1,0,3,1,0,0,1,0,0,0,0,0,0,0,0
JoshuaDoes__gofuckyourself,trivy,1,0,3,1,0,0,1,0,0,1,0,3,1,0,0,1,0,0,0,0,0,0,0,0
JoshuaDoes__gofuckyourself,cdxgen,1,0,3,1,0,0,1,0,0,1,0,3,1,0,0,1,0,0,0,0,0,0,0,0
JoshuaDoes__gofuckyourself,cyclonedx-gomod,1,0,3,1,0,0,1,0,0,1,0,3,1,0,0,1,0,0,0,0,0,0,0,0
ddddddO__gtree,syft,13,3,2,8,8,0,9,7,0,13,7,2,8,12,0,9,11,0,1,0,0,0,4,3
ddddddO__gtree,trivy,9,3,6,8,4,0,9,3,0,9,7,6,8,8,0,9,7,0,1,0,0,0,0,3
ddddddO__gtree,cdxgen,8,0,7,8,0,0,8,0,1,8,4,7,8,4,0,8,4,1,0,0,0,0,0,0
ddddddO__gtree,cyclonedx-gomod,8,0,7,8,0,0,8,0,1,8,0,7,8,0,0,8,0,1,0,0,0,0,0,0
xiaonanln__goworld,syft,50,0,5,33,17,0,36,14,0,50,0,5,33,17,0,36,14,0,3,2,0,6,0,6
xiaonanln__goworld,trivy,44,0,11,33,11,0,36,8,0,44,0,11,33,11,0,36,8,0,3,2,0,6,0,0
xiaonanln__goworld,cdxgen,33,0,22,33,0,0,33,0,3,33,0,22,33,0,0,33,0,3,0,0,0,0,0,0
xiaonanln__goworld,cyclonedx-gomod,NA
boyter__scc,syft,67,0,16,43,24,0,43,24,0,67,0,16,43,24,0,43,24,0,0,2,0,0,22,0
boyter__scc,trivy,45,0,38,43,2,0,43,2,0,45,0,38,43,2,0,43,2,0,0,2,0,0,0,0
boyter__scc,cdxgen,45,0,38,43,2,0,43,2,0,45,0,38,43,2,0,43,2,0,0,2,0,0,0,0
boyter__scc,cyclonedx-gomod,45,0,38,43,2,0,43,2,0,45,0,38,43,2,0,43,2,0,0,2,0,0,0,0
marrow16__valix,syft,9,0,7,4,5,0,8,1,0,9,0,7,4,5,0,8,1,0,4,0,0,0,1,0
marrow16__valix,trivy,8,0,8,4,4,0,8,0,0,8,0,8,4,4,0,8,0,0,4,0,0,0,0,0
marrow16__valix,cdxgen,4,0,12,4,0,0,4,0,4,4,0,12,4,0,0,4,0,4,0,0,0,0,0,0
marrow16__valix,cyclonedx-gomod,4,0,12,4,0,0,4,0,4,4,0,12,4,0,0,4,0,4,0,0,0,0,0,0
andrewstuart__goq,syft,7,0,5,3,4,0,6,1,0,7,0,5,3,4,0,6,1,0,3,0,0,1,0,0
andrewstuart__goq,trivy,12,0,0,3,9,0,6,6,0,12,0,0,3,9,0,6,6,0,3,0,0,1,5,0
andrewstuart__goq,cdxgen,3,0,9,3,0,0,3,0,3,3,0,9,3,0,0,3,0,3,0,0,0,0,0,0
andrewstuart__goq,cyclonedx-gomod,3,0,9,3,0,0,3,0,3,3,0,9,3,0,0,3,0,3,0,0,0,0,0,0
shurcooL__vfsgen,syft,5,0,7,1,4,0,5,0,0,5,0,7,1,4,0,5,0,0,4,0,0,0,0,0
shurcooL__vfsgen,trivy,5,0,7,1,4,0,5,0,0,5,0,7,1,4,0,5,0,0,4,0,0,0,0,0
shurcooL__vfsgen,cdxgen,1,0,11,1,0,0,1,0,4,1,0,11,1,0,0,1,0,4,0,0,0,0,0,0
shurcooL__vfsgen,cyclonedx-gomod,2,0,10,1,1,0,2,0,3,2,0,10,1,1,0,2,0,3,1,0,0,0,0,0
buger__gor,syft,83,0,64,66,17,0,68,15,0,83,0,64,66,17,0,68,15,0,2,0,0,3,12,0
buger__gor,trivy,71,0,76,66,5,0,68,3,0,71,0,76,66,5,0,68,3,0,2,0,0,3,0,0
buger__gor,cdxgen,66,0,81,66,0,0,66,0,2,66,0,81,66,0,0,66,0,2,0,0,0,0,0,0
buger__gor,cyclonedx-gomod,66,0,81,65,1,1,65,1,3,66,0,81,65,1,1,65,1,3,0,0,0,1,0,0
yuseferi__scheduler,syft,87,0,34,4,83,0,52,35,0,87,0,34,4,83,0,52,35,0,48,0,0,10,25,0
yuseferi__scheduler,trivy,62,0,59,4,58,0,52,10,0,62,0,59,4,58,0,52,10,0,48,0,0,10,0,0
yuseferi__scheduler,cdxgen,4,0,117,4,0,0,4,0,48,4,0,117,4,0,0,4,0,48,0,0,0,0,0,0
yuseferi__scheduler,cyclonedx-gomod,4,0,117,4,0,0,4,0,48,4,0,117,4,0,0,4,0,48,0,0,0,0,0,0
thoas__picfit,syft,110,0,269,81,29,0,81,29,0,110,0,269,81,29,0,81,29,0,0,0,0,16,13,0
thoas__picfit,trivy,97,0,282,81,16,0,81,16,0,97,0,282,81,16,0,81,16,0,0,0,0,16,0,0
thoas__picfit,cdxgen,81,0,298,81,0,0,81,0,0,81,0,298,81,0,0,81,0,0,0,0,0,0,0,0
thoas__picfit,cyclonedx-gomod,92,0,287,81,11,0,81,11,0,92,0,287,81,11,0,81,11,0,0,0,0,11,0,0
tiendc__go-csvlib,syft,9,0,1,4,5,0,8,1,0,9,0,1,4,5,0,8,1,0,4,0,0,0,1,0
tiendc__go-csvlib,trivy,8,0,2,4,4,0,8,0,0,8,0,2,4,4,0,8,0,0,4,0,0,0,0,0
tiendc__go-csvlib,cdxgen,4,0,6,4,0,0,4,0,4,4,0,6,4,0,0,4,0,4,0,0,0,0,0,0
tiendc__go-csvlib,cyclonedx-gomod,4,0,6,4,0,0,4,0,4,4,0,6,4,0,0,4,0,4,0,0,0,0,0,0
bartventer__gorm-multitenancy,syft,12,171,2,9,174,0,9,174,0,12,183,2,9,186,0,9,186,0,0,0,0,0,1,173
bartventer__gorm-multitenancy,trivy,10,147,4,9,148,0,9,148,0,10,152,4,9,153,0,9,153,0,0,0,0,0,0,148
bartventer__gorm-multitenancy,cdxgen,10,107,4,9,108,0,9,108,0,10,107,4,9,108,0,9,108,0,0,0,0,0,0,108
bartventer__gorm-multitenancy,cyclonedx-gomod,9,0,5,9,0,0,9,0,0,9,0,5,9,0,0,9,0,0,0,0,0,0,0,0
mymmrac__telego,syft,25,25,5,7,43,0,11,39,0,24,30,6,7,47,0,11,43,0,4,0,1,7,2,29
mymmrac__telego,trivy,23,20,7,7,36,0,11,32,0,22,25,8,7,40,0,11,36,0,4,0,1,7,0,24
mymmrac__telego,cdxgen,13,18,17,7,24,0,8,23,3,12,22,18,7,27,0,8,26,3,1,0,0,1,0,22
mymmrac__telego,cyclonedx-gomod,15,0,15,7,8,0,7,8,4,15,0,15,7,8,0,7,8,4,0,0,1,7,0,0
coinpaprika__coinpaprika-api-go-client,syft,7,0,1,1,6,0,5,2,0,7,0,1,1,6,0,5,2,0,4,0,0,0,2,0
coinpaprika__coinpaprika-api-go-client,trivy,5,0,3,1,4,0,5,0,0,5,0,3,1,4,0,5,0,0,4,0,0,0,0,0
coinpaprika__coinpaprika-api-go-client,cdxgen,1,0,7,1,0,0,1,0,4,1,0,7,1,0,0,1,0,4,0,0,0,0,0,0
coinpaprika__coinpaprika-api-go-client,cyclonedx-gomod,1,0,7,1,0,0,1,0,4,1,0,7,1,0,0,1,0,4,0,0,0,0,0,0
zcalusic__sysinfo,syft,1,0,0,1,0,0,1,0,0,1,0,0,1,0,0,1,0,0,0,0,0,0,0,0
zcalusic__sysinfo,trivy,1,0,0,1,0,0,1,0,0,1,0,0,1,0,0,1,0,0,0,0,0,0,0,0
zcalusic__sysinfo,cdxgen,1,0,0,1,0,0,1,0,0,1,0,0,1,0,0,1,0,0,0,0,0,0,0,0
zcalusic__sysinfo,cyclonedx-gomod,1,0,0,1,0,0,1,0,0,1,0,0,1,0,0,1,0,0,0,0,0,0,0,0
arl__statsviz,syft,6,122,4,1,127,0,3,125,0,4,149,6,1,152,0,3,150,0,2,0,0,1,0,124
arl__statsviz,trivy,5,92,5,1,96,0,3,94,0,4,109,6,1,112,0,3,110,0,2,0,0,1,0,93
arl__statsviz,cdxgen,3,68,7,1,70,0,1,70,2,2,83,8,1,84,0,1,84,2,0,0,0,1,0,69
arl__statsviz,cyclonedx-gomod,1,0,9,1,0,0,1,0,2,1,0,9,1,0,0,1,0,2,0,0,0,0,0,0
furdarius__rabbitroutine,syft,10,0,3,3,7,0,7,3,0,10,0,3,3,7,0,7,3,0,4,0,0,0,3,0
furdarius__rabbitroutine,trivy,7,0,6,3,4,0,7,0,0,7,0,6,3,4,0,7,0,0,4,0,0,0,0,0
furdarius__rabbitroutine,cdxgen,3,0,10,3,0,0,3,0,4,3,0,10,3,0,0,3,0,4,0,0,0,0,0,0
furdarius__rabbitroutine,cyclonedx-gomod,3,0,10,3,0,0,3,0,4,3,0,10,3,0,0,3,0,4,0,0,0,0,0,0
SeldonIO__goven,syft,39,0,42,4,35,0,21,18,0,39,0,42,4,35,0,21,18,0,17,0,0,0,18,0
SeldonIO__goven,trivy,21,0,60,4,17,0,21,0,0,21,0,60,4,17,0,21,0,0,17,0,0,0,0,0
SeldonIO__goven,cdxgen,4,0,77,4,0,0,4,0,17,4,0,77,4,0,0,4,0,17,0,0,0,0,0,0
SeldonIO__goven,cyclonedx-gomod,4,0,77,4,0,0,4,0,17,4,0,77,4,0,0,4,0,17,0,0,0,0,0,0
pascaldekloe__colfer,syft,5,0,9,3,2,0,4,1,0,5,3,9,3,5,0,4,4,0,1,0,1,0,0,0
pascaldekloe__colfer,trivy,NA
pascaldekloe__colfer,cdxgen,3,0,11,3,0,0,3,0,1,3,0,11,3,0,0,3,0,1,0,0,0,0,0,0
pascaldekloe__colfer,cyclonedx-gomod,3,0,11,3,0,0,3,0,1,3,0,11,3,0,0,3,0,1,0,0,0,0,0,0
richardwilkes__unison,syft,20,0,4,14,6,0,14,6,0,20,0,4,14,6,0,14,6,0,0,0,0,3,3,0
richardwilkes__unison,trivy,17,0,7,14,3,0,14,3,0,17,0,7,14,3,0,14,3,0,0,0,0,3,0,0
richardwilkes__unison,cdxgen,14,0,10,14,0,0,14,0,0,14,0,10,14,0,0,14,0,0,0,0,0,0,0,0
richardwilkes__unison,cyclonedx-gomod,17,0,7,14,3,0,14,3,0,17,0,7,14,3,0,14,3,0,0,0,0,3,0,0
c-robinson__iplib,syft,1,2,0,1,2,0,1,2,0,1,2,0,1,2,0,1,2,0,0,0,0,0,0,2
c-robinson__iplib,trivy,1,0,0,1,0,0,1,0,0,1,0,0,1,0,0,1,0,0,0,0,0,0,0,0
c-robinson__iplib,cdxgen,1,0,0,1,0,0,1,0,0,1,0,0,1,0,0,1,0,0,0,0,0,0,0,0
c-robinson__iplib,cyclonedx-gomod,1,0,0,1,0,0,1,0,0,1,0,0,1,0,0,1,0,0,0,0,0,0,0,0
codingsince1985__geo-golang,syft,6,0,1,1,5,0,5,1,0,6,0,1,1,5,0,5,1,0,4,0,0,0,1,0
codingsince1985__geo-golang,trivy,5,0,2,1,4,0,5,0,0,5,0,2,1,4,0,5,0,0,4,0,0,0,0,0
codingsince1985__geo-golang,cdxgen,1,0,6,1,0,0,1,0,4,1,0,6,1,0,0,1,0,4,0,0,0,0,0,0
codingsince1985__geo-golang,cyclonedx-gomod,1,0,6,1,0,0,1,0,4,1,0,6,1,0,0,1,0,4,0,0,0,0,0,0
c-bata__go-prompt,syft,5,0,2,3,2,0,3,2,0,5,0,2,3,2,0,3,2,0,0,2,0,0,0,0
c-bata__go-prompt,trivy,7,0,0,3,4,0,3,4,0,7,0,0,3,4,0,3,4,0,0,3,0,0,1,0
c-bata__go-prompt,cdxgen,3,0,4,3,0,0,3,0,0,3,0,4,3,0,0,3,0,0,0,0,0,0,0,0
c-bata__go-prompt,cyclonedx-gomod,6,0,1,3,3,0,3,3,0,6,0,1,3,3,0,3,3,0,0,3,0,0,0,0
lawzava__go-pg-migrate,syft,16,0,16,5,11,0,12,4,0,16,0,16,5,11,0,12,4,0,7,0,0,2,2,0
lawzava__go-pg-migrate,trivy,14,0,18,5,9,0,12,2,0,14,0,18,5,9,0,12,2,0,7,0,0,2,0,0
lawzava__go-pg-migrate,cdxgen,5,0,27,5,0,0,5,0,7,5,0,27,5,0,0,5,0,7,0,0,0,0,0,0
lawzava__go-pg-migrate,cyclonedx-gomod,5,0,27,5,0,0,5,0,7,5,0,27,5,0,0,5,0,7,0,0,0,0,0,0
TrueFurby__go-callvis,syft,13,0,7,9,4,0,9,4,0,13,0,7,9,4,0,9,4,0,0,1,0,0,3,0
TrueFurby__go-callvis,trivy,10,0,10,9,1,0,9,1,0,10,0,10,9,1,0,9,1,0,0,1,0,0,0,0
TrueFurby__go-callvis,cdxgen,9,0,11,9,0,0,9,0,0,9,0,11,9,0,0,9,0,0,0,0,0,0,0,0
TrueFurby__go-callvis,cyclonedx-gomod,10,0,10,9,1,0,9,1,0,10,0,10,9,1,0,9,1,0,0,1,0,0,0,0
surrealdb__surrealdb.go,syft,16,13,4,11,18,0,12,17,0,16,14,4,11,19,0,12,18,0,1,0,0,3,1,13
surrealdb__surrealdb.go,trivy,16,13,4,11,18,0,12,17,0,16,13,4,11,18,0,12,17,0,1,0,0,3,1,13
surrealdb__surrealdb.go,cdxgen,11,12,9,11,12,0,11,12,1,11,12,9,11,12,0,11,12,1,0,0,0,0,0,12
surrealdb__surrealdb.go,cyclonedx-gomod,8,0,12,8,0,3,8,0,4,8,0,12,8,0,3,8,0,4,0,0,0,0,0,0
golang__vscode-go,syft,4,38,3,2,40,0,2,40,0,4,38,3,2,40,0,2,40,0,0,1,0,0,0,39
golang__vscode-go,trivy,4,39,3,2,41,0,2,41,0,4,39,3,2,41,0,2,41,0,0,1,0,0,0,40
golang__vscode-go,cdxgen,NA
golang__vscode-go,cyclonedx-gomod,3,0,4,2,1,0,2,1,0,3,0,4,2,1,0,2,1,0,0,1,0,0,0,0
dimuska139__rawg-sdk-go,syft,NA
dimuska139__rawg-sdk-go,trivy,NA
dimuska139__rawg-sdk-go,cdxgen,NA
dimuska139__rawg-sdk-go,cyclonedx-gomod,NA
arikama__go-mysql-test-container,syft,50,0,252,27,23,0,31,19,0,50,0,252,27,23,0,31,19,0,4,3,0,3,13,0
arikama__go-mysql-test-container,trivy,37,0,265,27,10,0,31,6,0,37,0,265,27,10,0,31,6,0,4,3,0,3,0,0
arikama__go-mysql-test-container,cdxgen,27,0,275,27,0,0,27,0,4,27,0,275,27,0,0,27,0,4,0,0,0,0,0,0
arikama__go-mysql-test-container,cyclonedx-gomod,32,0,270,26,6,1,26,6,5,32,0,270,26,6,1,26,6,5,0,3,0,3,0,0
francoispqt__onelog,syft,4,0,0,1,3,0,4,0,0,4,0,0,1,3,0,4,0,0,3,0,0,0,0,0
francoispqt__onelog,trivy,4,0,0,1,3,0,4,0,0,4,0,0,1,3,0,4,0,0,3,0,0,0,0,0
francoispqt__onelog,cdxgen,1,0,3,1,0,0,1,0,3,1,0,3,1,0,0,1,0,3,0,0,0,0,0,0
francoispqt__onelog,cyclonedx-gomod,1,0,3,1,0,0,1,0,3,1,0,3,1,0,0,1,0,3,0,0,0,0,0,0
abraithwaite__jeff,syft,11,0,10,6,5,0,10,1,0,11,0,10,6,5,0,10,1,0,4,0,0,0,1,0
abraithwaite__jeff,trivy,21,0,0,6,15,0,10,11,0,21,0,0,6,15,0,10,11,0,4,0,0,0,11,0
abraithwaite__jeff,cdxgen,6,0,15,6,0,0,6,0,4,6,0,15,6,0,0,6,0,4,0,0,0,0,0,0
abraithwaite__jeff,cyclonedx-gomod,6,0,15,6,0,0,6,0,4,6,0,15,6,0,0,6,0,4,0,0,0,0,0,0
Kachit__appstore-sdk-go,syft,8,0,1,2,6,0,7,1,0,8,0,1,2,6,0,7,1,0,5,0,0,0,1,0
Kachit__appstore-sdk-go,trivy,9,0,0,2,7,0,7,2,0,9,0,0,2,7,0,7,2,0,5,0,0,0,2,0
Kachit__appstore-sdk-go,cdxgen,2,0,7,2,0,0,2,0,5,2,0,7,2,0,0,2,0,5,0,0,0,0,0,0
Kachit__appstore-sdk-go,cyclonedx-gomod,2,0,7,2,0,0,2,0,5,2,0,7,2,0,0,2,0,5,0,0,0,0,0,0
CalebQ42__bbConvert,syft,1,0,0,1,0,0,1,0,0,1,0,0,1,0,0,1,0,0,0,0,0,0,0,0
CalebQ42__bbConvert,trivy,1,0,0,1,0,0,1,0,0,1,0,0,1,0,0,1,0,0,0,0,0,0,0,0
CalebQ42__bbConvert,cdxgen,1,0,0,1,0,0,1,0,0,1,0,0,1,0,0,1,0,0,0,0,0,0,0,0
CalebQ42__bbConvert,cyclonedx-gomod,1,0,0,1,0,0,1,0,0,1,0,0,1,0,0,1,0,0,0,0,0,0,0,0
documize__community,syft,59,0,21,39,20,0,39,20,0,59,0,21,39,20,0,39,20,0,0,0,1,2,17,0
documize__community,trivy,42,0,38,39,3,0,39,3,0,42,0,38,39,3,0,39,3,0,0,0,1,2,0,0
documize__community,cdxgen,42,0,38,39,3,0,39,3,0,42,0,38,39,3,0,39,3,0,0,0,1,2,0,0
documize__community,cyclonedx-gomod,40,0,40,39,1,0,39,1,0,40,0,40,39,1,0,39,1,0,0,0,1,0,0,0
lalamove__konfig,syft,104,0,141,51,53,0,65,39,0,104,0,141,51,53,0,65,39,0,14,0,1,22,16,0
lalamove__konfig,trivy,245,0,0,51,194,0,65,180,0,245,0,0,51,194,0,65,180,0,14,0,1,22,157,0
lalamove__konfig,cdxgen,51,0,194,51,0,0,51,0,14,51,0,194,51,0,0,51,0,14,0,0,0,0,0,0
lalamove__konfig,cyclonedx-gomod,52,0,193,51,1,0,51,1,14,52,0,193,51,1,0,51,1,14,0,0,0,0,1,0
spf13__cobra,syft,6,0,0,4,2,0,4,2,0,6,0,0,4,2,0,4,2,0,0,1,0,0,1,0
spf13__cobra,trivy,6,0,0,4,2,0,4,2,0,6,0,0,4,2,0,4,2,0,0,1,0,0,1,0
spf13__cobra,cdxgen,4,0,2,4,0,0,4,0,0,4,0,2,4,0,0,4,0,0,0,0,0,0,0,0
spf13__cobra,cyclonedx-gomod,5,0,1,4,1,0,4,1,0,5,0,1,4,1,0,4,1,0,0,1,0,0,0,0
yuseferi__envyaml,syft,6,0,1,2,4,0,5,1,0,6,0,1,2,4,0,5,1,0,3,0,0,0,1,0
yuseferi__envyaml,trivy,5,0,2,2,3,0,5,0,0,5,0,2,2,3,0,5,0,0,3,0,0,0,0,0
yuseferi__envyaml,cdxgen,2,0,5,2,0,0,2,0,3,2,0,5,2,0,0,2,0,3,0,0,0,0,0,0
yuseferi__envyaml,cyclonedx-gomod,2,0,5,2,0,0,2,0,3,2,0,5,2,0,0,2,0,3,0,0,0,0,0,0
wlevene__ini,syft,2,0,0,2,0,0,2,0,0,2,0,0,2,0,0,2,0,0,0,0,0,0,0,0
wlevene__ini,trivy,2,0,0,2,0,0,2,0,0,2,0,0,2,0,0,2,0,0,0,0,0,0,0,0
wlevene__ini,cdxgen,2,0,0,2,0,0,2,0,0,2,0,0,2,0,0,2,0,0,0,0,0,0,0,0
wlevene__ini,cyclonedx-gomod,2,0,0,2,0,0,2,0,0,2,0,0,2,0,0,2,0,0,0,0,0,0,0,0
mattn__goveralls,syft,4,0,6,2,2,0,2,2,0,4,0,6,2,2,0,2,2,0,0,0,0,0,2,0
mattn__goveralls,trivy,10,0,0,2,8,0,2,8,0,10,0,0,2,8,0,2,8,0,0,0,0,0,8,0
mattn__goveralls,cdxgen,2,0,8,2,0,0,2,0,0,2,0,8,2,0,0,2,0,0,0,0,0,0,0,0
mattn__goveralls,cyclonedx-gomod,2,0,8,2,0,0,2,0,0,2,0,8,2,0,0,2,0,0,0,0,0,0,0,0
romshark__sched,syft,9,0,6,3,6,0,7,2,0,9,0,6,3,6,0,7,2,0,4,0,0,0,2,0
romshark__sched,trivy,7,0,8,3,4,0,7,0,0,7,0,8,3,4,0,7,0,0,4,0,0,0,0,0
romshark__sched,cdxgen,3,0,12,3,0,0,3,0,4,3,0,12,3,0,0,3,0,4,0,0,0,0,0,0
romshark__sched,cyclonedx-gomod,3,0,12,3,0,0,3,0,4,3,0,12,3,0,0,3,0,4,0,0,0,0,0,0
dundee__gdu,syft,65,0,13,39,26,0,42,23,0,65,0,13,39,26,0,42,23,0,3,2,0,0,21,0
dundee__gdu,trivy,44,0,34,39,5,0,42,2,0,44,0,34,39,5,0,42,2,0,3,2,0,0,0,0
dundee__gdu,cdxgen,39,0,39,39,0,0,39,0,3,39,0,39,39,0,0,39,0,3,0,0,0,0,0,0
dundee__gdu,cyclonedx-gomod,41,0,37,39,2,0,39,2,3,41,0,37,39,2,0,39,2,3,0,2,0,0,0,0
maypok86__otter,syft,5,53,1,4,54,0,4,54,0,5,56,1,4,57,0,4,57,0,0,0,0,0,1,53
maypok86__otter,trivy,4,41,2,4,41,0,4,41,0,4,42,2,4,42,0,4,42,0,0,0,0,0,0,41
maypok86__otter,cdxgen,4,34,2,4,34,0,4,34,0,4,35,2,4,35,0,4,35,0,0,0,0,0,0,34
maypok86__otter,cyclonedx-gomod,4,0,2,4,0,0,4,0,0,4,0,2,4,0,0,4,0,0,0,0,0,0,0,0
pesos__grofer,syft,57,0,323,42,15,0,42,15,0,57,0,323,42,15,0,42,15,0,0,2,0,3,10,0
pesos__grofer,trivy,380,0,0,42,338,0,42,338,0,380,0,0,42,338,0,42,338,0,0,4,0,3,331,0
pesos__grofer,cdxgen,42,0,338,42,0,0,42,0,0,42,0,338,42,0,0,42,0,0,0,0,0,0,0,0
pesos__grofer,cyclonedx-gomod,46,0,334,42,4,0,42,4,0,46,0,334,42,4,0,42,4,0,0,4,0,0,0,0
Ullaakut__cameradar,syft,124,0,51,76,48,0,80,44,0,124,0,51,76,48,0,80,44,0,4,2,0,0,42,0
Ullaakut__cameradar,trivy,82,0,93,76,6,0,80,2,0,82,0,93,76,6,0,80,2,0,4,2,0,0,0,0
Ullaakut__cameradar,cdxgen,76,0,99,76,0,0,76,0,4,76,0,99,76,0,0,76,0,4,0,0,0,0,0,0
Ullaakut__cameradar,cyclonedx-gomod,78,0,97,76,2,0,76,2,4,78,0,97,76,2,0,76,2,4,0,2,0,0,0,0
recolude__unitpacking,syft,7,0,2,2,5,0,6,1,0,7,0,2,2,5,0,6,1,0,4,0,0,0,1,0
recolude__unitpacking,trivy,9,0,0,2,7,0,6,3,0,9,0,0,2,7,0,6,3,0,4,0,0,0,3,0
recolude__unitpacking,cdxgen,2,0,7,2,0,0,2,0,4,2,0,7,2,0,0,2,0,4,0,0,0,0,0,0
recolude__unitpacking,cyclonedx-gomod,2,0,7,2,0,0,2,0,4,2,0,7,2,0,0,2,0,4,0,0,0,0,0,0
levigross__grequests,syft,8,0,6,2,6,0,6,2,0,8,0,6,2,6,0,6,2,0,4,0,0,0,2,0
levigross__grequests,trivy,6,0,8,2,4,0,6,0,0,6,0,8,2,4,0,6,0,0,4,0,0,0,0,0
levigross__grequests,cdxgen,2,0,12,2,0,0,2,0,4,2,0,12,2,0,0,2,0,4,0,0,0,0,0,0
levigross__grequests,cyclonedx-gomod,2,0,12,2,0,0,2,0,4,2,0,12,2,0,0,2,0,4,0,0,0,0,0,0
42Atomys__webhooked,syft,48,0,133,26,22,0,29,19,0,48,0,133,26,22,0,29,19,0,3,1,0,1,17,0
42Atomys__webhooked,trivy,31,0,150,26,5,0,29,2,0,31,0,150,26,5,0,29,2,0,3,1,0,1,0,0
42Atomys__webhooked,cdxgen,26,0,155,26,0,0,26,0,3,26,0,155,26,0,0,26,0,3,0,0,0,0,0,0
42Atomys__webhooked,cyclonedx-gomod,27,0,154,26,1,0,26,1,3,27,0,154,26,1,0,26,1,3,0,1,0,0,0,0
krotik__dudeldu,syft,1,0,0,1,0,0,1,0,0,1,0,0,1,0,0,1,0,0,0,0,0,0,0,0
krotik__dudeldu,trivy,1,0,0,1,0,0,1,0,0,1,0,0,1,0,0,1,0,0,0,0,0,0,0,0
krotik__dudeldu,cdxgen,1,0,0,1,0,0,1,0,0,1,0,0,1,0,0,1,0,0,0,0,0,0,0,0
krotik__dudeldu,cyclonedx-gomod,1,0,0,1,0,0,1,0,0,1,0,0,1,0,0,1,0,0,0,0,0,0,0,0
Fs02__grimoire,syft,12,0,0,11,1,0,12,0,0,12,0,0,11,1,0,12,0,0,1,0,0,0,0,0
Fs02__grimoire,trivy,12,0,0,11,1,0,12,0,0,12,0,0,11,1,0,12,0,0,1,0,0,0,0,0
Fs02__grimoire,cdxgen,11,0,1,11,0,0,11,0,1,11,0,1,11,0,0,11,0,1,0,0,0,0,0,0
Fs02__grimoire,cyclonedx-gomod,11,0,1,11,0,0,11,0,1,11,0,1,11,0,0,11,0,1,0,0,0,0,0,0
caarlos0__log,syft,17,0,4,16,1,0,16,1,0,17,0,4,16,1,0,16,1,0,0,0,0,0,1,0
caarlos0__log,trivy,16,0,5,16,0,0,16,0,0,16,0,5,16,0,0,16,0,0,0,0,0,0,0,0
caarlos0__log,cdxgen,16,0,5,16,0,0,16,0,0,16,0,5,16,0,0,16,0,0,0,0,0,0,0,0
caarlos0__log,cyclonedx-gomod,16,0,5,16,0,0,16,0,0,16,0,5,16,0,0,16,0,0,0,0,0,0,0,0
claygod__coffer,syft,14,0,6,3,11,0,4,10,0,14,0,6,3,11,0,4,10,0,1,2,0,4,4,0
claygod__coffer,trivy,10,0,10,3,7,0,4,6,0,10,0,10,3,7,0,4,6,0,1,2,0,4,0,0
claygod__coffer,cdxgen,3,0,17,3,0,0,3,0,1,3,0,17,3,0,0,3,0,1,0,0,0,0,0,0
claygod__coffer,cyclonedx-gomod,9,0,11,3,6,0,3,6,1,9,0,11,3,6,0,3,6,1,0,2,0,4,0,0
dropbox__godropbox,syft,10,0,7,8,2,0,10,0,0,10,0,7,8,2,0,10,0,0,2,0,0,0,0,0
dropbox__godropbox,trivy,17,0,0,8,9,0,10,7,0,17,0,0,8,9,0,10,7,0,2,0,0,0,7,0
dropbox__godropbox,cdxgen,8,0,9,8,0,0,8,0,2,8,0,9,8,0,0,8,0,2,0,0,0,0,0,0
dropbox__godropbox,cyclonedx-gomod,8,0,9,8,0,0,8,0,2,8,0,9,8,0,0,8,0,2,0,0,0,0,0,0
HugoSmits86__nativewebp,syft,1,0,1,1,0,0,1,0,0,1,0,1,1,0,0,1,0,0,0,0,0,0,0,0
HugoSmits86__nativewebp,trivy,1,0,1,1,0,0,1,0,0,1,0,1,1,0,0,1,0,0,0,0,0,0,0,0
HugoSmits86__nativewebp,cdxgen,1,0,1,1,0,0,1,0,0,1,0,1,1,0,0,1,0,0,0,0,0,0,0,0
HugoSmits86__nativewebp,cyclonedx-gomod,1,0,1,1,0,0,1,0,0,1,0,1,1,0,0,1,0,0,0,0,0,0,0,0
0xERR0R__blocky,syft,231,0,103,128,103,0,132,99,0,231,0,103,128,103,0,132,99,0,4,5,0,57,37,0
0xERR0R__blocky,trivy,194,0,140,128,66,0,132,62,0,194,0,140,128,66,0,132,62,0,4,5,0,57,0,0
0xERR0R__blocky,cdxgen,128,0,206,128,0,0,128,0,4,128,0,206,128,0,0,128,0,4,0,0,0,0,0,0
0xERR0R__blocky,cyclonedx-gomod,188,0,146,128,60,0,128,60,4,188,0,146,128,60,0,128,60,4,0,5,0,55,0,0
go-critic__go-critic,syft,19,2,5,19,2,0,19,2,0,19,2,5,19,2,0,19,2,0,0,0,0,0,0,2
go-critic__go-critic,trivy,22,9,2,19,12,0,19,12,0,19,20,5,19,20,0,19,20,0,0,0,0,0,0,12
go-critic__go-critic,cdxgen,19,2,5,19,2,0,19,2,0,19,2,5,19,2,0,19,2,0,0,0,0,0,0,2
go-critic__go-critic,cyclonedx-gomod,19,0,5,19,0,0,19,0,0,19,0,5,19,0,0,19,0,0,0,0,0,0,0,0
hashicorp__go-dbw,syft,50,0,40,27,23,0,28,22,0,50,0,40,27,23,0,28,22,0,1,0,4,14,4,0
hashicorp__go-dbw,trivy,46,0,44,27,19,0,28,18,0,46,0,44,27,19,0,28,18,0,1,0,4,14,0,0
hashicorp__go-dbw,cdxgen,27,0,63,27,0,0,27,0,1,27,0,63,27,0,0,27,0,1,0,0,0,0,0,0
hashicorp__go-dbw,cyclonedx-gomod,44,0,46,27,17,0,27,17,1,44,0,46,27,17,0,27,17,1,0,0,4,13,0,0
esimov__gogu,syft,7,0,5,2,5,0,6,1,0,7,0,5,2,5,0,6,1,0,4,0,0,0,1,0
esimov__gogu,trivy,6,0,6,2,4,0,6,0,0,6,0,6,2,4,0,6,0,0,4,0,0,0,0,0
esimov__gogu,cdxgen,2,0,10,2,0,0,2,0,4,2,0,10,2,0,0,2,0,4,0,0,0,0,0,0
esimov__gogu,cyclonedx-gomod,2,0,10,2,0,0,2,0,4,2,0,10,2,0,0,2,0,4,0,0,0,0,0,0
schollz__progressbar,syft,13,0,1,5,8,0,11,2,0,13,0,1,5,8,0,11,2,0,6,1,0,0,1,0
schollz__progressbar,trivy,12,0,2,5,7,0,11,1,0,12,0,2,5,7,0,11,1,0,6,1,0,0,0,0
schollz__progressbar,cdxgen,5,0,9,5,0,0,5,0,6,5,0,9,5,0,0,5,0,6,0,0,0,0,0,0
schollz__progressbar,cyclonedx-gomod,6,0,8,5,1,0,5,1,6,6,0,8,5,1,0,5,1,6,0,1,0,0,0,0
chrispassas__silk,syft,2,0,0,2,0,0,2,0,0,2,0,0,2,0,0,2,0,0,0,0,0,0,0,0
chrispassas__silk,trivy,2,0,0,2,0,0,2,0,0,2,0,0,2,0,0,2,0,0,0,0,0,0,0,0
chrispassas__silk,cdxgen,2,0,0,2,0,0,2,0,0,2,0,0,2,0,0,2,0,0,0,0,0,0,0,0
chrispassas__silk,cyclonedx-gomod,2,0,0,2,0,0,2,0,0,2,0,0,2,0,0,2,0,0,0,0,0,0,0,0
MordaTeam__go-config,syft,101,0,130,20,81,0,61,40,0,101,0,130,20,81,0,61,40,0,41,0,0,8,32,0
MordaTeam__go-config,trivy,69,0,162,20,49,0,61,8,0,69,0,162,20,49,0,61,8,0,41,0,0,8,0,0
MordaTeam__go-config,cdxgen,20,0,211,20,0,0,20,0,41,20,0,211,20,0,0,20,0,41,0,0,0,0,0,0
MordaTeam__go-config,cyclonedx-gomod,21,0,210,20,1,0,20,1,41,21,0,210,20,1,0,20,1,41,0,0,0,1,0,0
SpectoLabs__hoverfly,syft,95,0,75,79,16,0,81,14,0,95,0,75,79,16,0,81,14,0,2,1,0,0,13,0
SpectoLabs__hoverfly,trivy,82,0,88,79,3,0,81,1,0,82,0,88,79,3,0,81,1,0,2,1,0,0,0,0
SpectoLabs__hoverfly,cdxgen,82,0,88,79,3,0,81,1,0,82,5,88,79,8,0,81,6,0,2,1,0,0,0,0
SpectoLabs__hoverfly,cyclonedx-gomod,80,0,90,79,1,0,79,1,2,80,0,90,79,1,0,79,1,2,0,1,0,0,0,0
muir__libschema,syft,17,0,2,10,7,0,12,5,0,17,0,2,10,7,0,12,5,0,2,0,0,1,4,0
muir__libschema,trivy,13,0,6,10,3,0,12,1,0,13,0,6,10,3,0,12,1,0,2,0,0,1,0,0
muir__libschema,cdxgen,10,0,9,10,0,0,10,0,2,10,0,9,10,0,0,10,0,2,0,0,0,0,0,0
muir__libschema,cyclonedx-gomod,10,0,9,10,0,0,10,0,2,10,0,9,10,0,0,10,0,2,0,0,0,0,0,0
gookit__config,syft,16,0,2,13,3,0,13,3,0,16,0,2,13,3,0,13,3,0,0,0,0,0,3,0
gookit__config,trivy,13,0,5,13,0,0,13,0,0,13,0,5,13,0,0,13,0,0,0,0,0,0,0,0
gookit__config,cdxgen,13,0,5,13,0,0,13,0,0,13,0,5,13,0,0,13,0,0,0,0,0,0,0,0
gookit__config,cyclonedx-gomod,13,0,5,13,0,0,13,0,0,13,0,5,13,0,0,13,0,0,0,0,0,0,0,0
Unrud__remote-touchpad,syft,5,0,3,2,3,0,2,3,0,5,0,3,2,3,0,2,3,0,0,0,2,1,0,0
Unrud__remote-touchpad,trivy,5,0,3,2,3,0,2,3,0,5,0,3,2,3,0,2,3,0,0,0,2,1,0,0
Unrud__remote-touchpad,cdxgen,2,0,6,2,0,0,2,0,0,2,0,6,2,0,0,2,0,0,0,0,0,0,0,0
Unrud__remote-touchpad,cyclonedx-gomod,5,0,3,2,3,0,2,3,0,5,0,3,2,3,0,2,3,0,0,0,2,1,0,0
krayzpipes__cronticker,syft,1,0,0,1,0,0,1,0,0,1,0,0,1,0,0,1,0,0,0,0,0,0,0,0
krayzpipes__cronticker,trivy,1,1,0,1,1,0,1,1,0,1,1,0,1,1,0,1,1,0,0,0,0,0,1,0
krayzpipes__cronticker,cdxgen,1,0,0,1,0,0,1,0,0,1,0,0,1,0,0,1,0,0,0,0,0,0,0,0
krayzpipes__cronticker,cyclonedx-gomod,1,0,0,1,0,0,1,0,0,1,0,0,1,0,0,1,0,0,0,0,0,0,0,0
bitfield__uptimerobot,syft,26,0,220,16,10,0,17,9,0,26,0,220,16,10,0,17,9,0,1,1,0,0,8,0
bitfield__uptimerobot,trivy,246,0,0,16,230,0,17,229,0,246,0,0,16,230,0,17,229,0,1,1,0,0,228,0
bitfield__uptimerobot,cdxgen,16,0,230,16,0,0,16,0,1,16,0,230,16,0,0,16,0,1,0,0,0,0,0,0
bitfield__uptimerobot,cyclonedx-gomod,19,0,227,16,3,0,16,3,1,19,0,227,16,3,0,16,3,1,0,1,0,0,2,0
tarent__loginsrv,syft,52,0,13,34,18,0,39,13,0,52,0,13,34,18,0,39,13,0,5,0,0,0,13,0
tarent__loginsrv,trivy,65,0,0,34,31,0,39,26,0,65,0,0,34,31,0,39,26,0,5,0,0,0,26,0
tarent__loginsrv,cdxgen,34,0,31,34,0,0,34,0,5,34,0,31,34,0,0,34,0,5,0,0,0,0,0,0
tarent__loginsrv,cyclonedx-gomod,34,0,31,34,0,0,34,0,5,34,0,31,34,0,0,34,0,5,0,0,0,0,0,0
bengadbois__pewpew,syft,30,0,8,19,11,0,19,11,0,30,0,8,19,11,0,19,11,0,0,1,0,1,9,0
bengadbois__pewpew,trivy,21,0,17,19,2,0,19,2,0,21,0,17,19,2,0,19,2,0,0,1,0,1,0,0
bengadbois__pewpew,cdxgen,19,0,19,19,0,0,19,0,0,19,0,19,19,0,0,19,0,0,0,0,0,0,0,0
bengadbois__pewpew,cyclonedx-gomod,20,0,18,19,1,0,19,1,0,20,0,18,19,1,0,19,1,0,0,1,0,0,0,0
BrianLeishman__go-imap,syft,30,0,7,26,4,0,26,4,0,30,0,7,26,4,0,26,4,0,0,0,0,0,4,0
BrianLeishman__go-imap,trivy,26,0,11,26,0,0,26,0,0,26,0,11,26,0,0,26,0,0,0,0,0,0,0,0
BrianLeishman__go-imap,cdxgen,26,0,11,26,0,0,26,0,0,26,0,11,26,0,0,26,0,0,0,0,0,0,0,0
BrianLeishman__go-imap,cyclonedx-gomod,26,0,11,26,0,0,26,0,0,26,0,11,26,0,0,26,0,0,0,0,0,0,0,0
micro__go-micro,syft,118,2,109,78,42,0,92,28,0,118,4,109,78,44,0,92,30,0,14,0,1,6,19,2
micro__go-micro,trivy,99,1,128,78,22,0,92,8,0,99,1,128,78,22,0,92,8,0,14,0,1,6,0,1
micro__go-micro,cdxgen,78,0,149,78,0,0,78,0,14,78,0,149,78,0,0,78,0,14,0,0,0,0,0,0
micro__go-micro,cyclonedx-gomod,81,0,146,78,3,0,78,3,14,81,0,146,78,3,0,78,3,14,0,0,0,3,0,0
cilium__ebpf,syft,37,0,49,7,30,0,12,25,0,37,0,49,7,30,0,12,25,0,5,0,0,23,2,0
cilium__ebpf,trivy,35,0,51,7,28,0,12,23,0,35,0,51,7,28,0,12,23,0,5,0,0,23,0,0
cilium__ebpf,cdxgen,7,0,79,7,0,0,7,0,5,7,0,79,7,0,0,7,0,5,0,0,0,0,0,0
cilium__ebpf,cyclonedx-gomod,25,0,61,6,19,1,6,19,6,25,0,61,6,19,1,6,19,6,0,0,0,19,0,0
aurelien-rainone__go-rquad,syft,1,0,0,1,0,0,1,0,0,1,0,0,1,0,0,1,0,0,0,0,0,0,0,0
aurelien-rainone__go-rquad,trivy,1,0,0,1,0,0,1,0,0,1,0,0,1,0,0,1,0,0,0,0,0,0,0,0
aurelien-rainone__go-rquad,cdxgen,1,0,0,1,0,0,1,0,0,1,0,0,1,0,0,1,0,0,0,0,0,0,0,0
aurelien-rainone__go-rquad,cyclonedx-gomod,1,0,0,1,0,0,1,0,0,1,0,0,1,0,0,1,0,0,0,0,0,0,0,0
Breeze0806__go-etl,syft,75,0,28,54,21,0,54,21,0,75,0,28,54,21,0,54,21,0,0,0,0,1,20,0
Breeze0806__go-etl,trivy,55,0,48,54,1,0,54,1,0,55,0,48,54,1,0,54,1,0,0,0,0,1,0,0
Breeze0806__go-etl,cdxgen,54,0,49,54,0,0,54,0,0,54,0,49,54,0,0,54,0,0,0,0,0,0,0,0
Breeze0806__go-etl,cyclonedx-gomod,55,0,48,54,1,0,54,1,0,55,0,48,54,1,0,54,1,0,0,0,0,1,0,0
loov__lensm,syft,20,0,19,13,7,0,13,7,0,20,0,19,13,7,0,13,7,0,0,0,0,1,6,0
loov__lensm,trivy,14,0,25,13,1,0,13,1,0,14,0,25,13,1,0,13,1,0,0,0,0,1,0,0
loov__lensm,cdxgen,13,0,26,13,0,0,13,0,0,13,0,26,13,0,0,13,0,0,0,0,0,0,0,0
loov__lensm,cyclonedx-gomod,14,0,25,13,1,0,13,1,0,14,0,25,13,1,0,13,1,0,0,0,0,1,0,0
VerizonDigital__vflow,syft,63,0,93,38,25,0,38,25,0,63,0,93,38,25,0,38,25,0,0,0,0,4,21,0
VerizonDigital__vflow,trivy,42,0,114,38,4,0,38,4,0,42,0,114,38,4,0,38,4,0,0,0,0,4,0,0
VerizonDigital__vflow,cdxgen,38,0,118,38,0,0,38,0,0,38,0,118,38,0,0,38,0,0,0,0,0,0,0,0
VerizonDigital__vflow,cyclonedx-gomod,39,0,117,38,1,0,38,1,0,39,0,117,38,1,0,38,1,0,0,0,0,1,0,0
Gituser143__cryptgo,syft,38,0,145,26,12,0,26,12,0,38,0,145,26,12,0,26,12,0,0,0,0,3,9,0
Gituser143__cryptgo,trivy,183,0,0,26,157,0,26,157,0,183,0,0,26,157,0,26,157,0,0,1,0,3,153,0
Gituser143__cryptgo,cdxgen,26,0,157,26,0,0,26,0,0,26,0,157,26,0,0,26,0,0,0,0,0,0,0,0
Gituser143__cryptgo,cyclonedx-gomod,27,0,156,26,1,0,26,1,0,27,0,156,26,1,0,26,1,0,0,1,0,0,0,0
wagoodman__dive,syft,122,0,26,83,39,0,98,24,0,122,0,26,83,39,0,98,24,0,15,2,0,9,13,0
wagoodman__dive,trivy,109,0,39,83,26,0,98,11,0,109,0,39,83,26,0,98,11,0,15,2,0,9,0,0
wagoodman__dive,cdxgen,83,0,65,83,0,0,83,0,15,83,0,65,83,0,0,83,0,15,0,0,0,0,0,0
wagoodman__dive,cyclonedx-gomod,84,0,64,81,3,2,81,3,17,84,0,64,81,3,2,81,3,17,0,2,0,1,0,0
gabstv__go-bsdiff,syft,1,0,0,1,0,0,1,0,0,1,0,0,1,0,0,1,0,0,0,0,0,0,0,0
gabstv__go-bsdiff,trivy,1,0,0,1,0,0,1,0,0,1,0,0,1,0,0,1,0,0,0,0,0,0,0,0
gabstv__go-bsdiff,cdxgen,1,0,0,1,0,0,1,0,0,1,0,0,1,0,0,1,0,0,0,0,0,0,0,0
gabstv__go-bsdiff,cyclonedx-gomod,1,0,0,1,0,0,1,0,0,1,0,0,1,0,0,1,0,0,0,0,0,0,0,0
mkideal__cli,syft,13,0,10,8,5,0,12,1,0,13,0,10,8,5,0,12,1,0,4,0,0,0,1,0
mkideal__cli,trivy,23,0,0,8,15,0,12,11,0,23,0,0,8,15,0,12,11,0,4,0,0,0,11,0
mkideal__cli,cdxgen,8,0,15,8,0,0,8,0,4,8,0,15,8,0,0,8,0,4,0,0,0,0,0,0
mkideal__cli,cyclonedx-gomod,8,0,15,8,0,0,8,0,4,8,0,15,8,0,0,8,0,4,0,0,0,0,0,0
FreeLeh__GoFreeDB,syft,29,0,64,16,13,0,22,7,0,29,0,64,16,13,0,22,7,0,6,0,0,1,6,0
FreeLeh__GoFreeDB,trivy,23,0,70,16,7,0,22,1,0,23,0,70,16,7,0,22,1,0,6,0,0,1,0,0
FreeLeh__GoFreeDB,cdxgen,16,0,77,16,0,0,16,0,6,16,0,77,16,0,0,16,0,6,0,0,0,0,0,0
FreeLeh__GoFreeDB,cyclonedx-gomod,17,0,76,16,1,0,16,1,6,17,0,76,16,1,0,16,1,6,0,0,0,1,0,0
dtgorski__typex,syft,5,0,2,3,2,0,3,2,0,5,0,2,3,2,0,3,2,0,0,0,0,0,0,2
dtgorski__typex,trivy,4,0,3,3,1,0,3,1,0,4,0,3,3,1,0,3,1,0,0,0,0,0,0,1
dtgorski__typex,cdxgen,3,0,4,3,0,0,3,0,0,3,0,4,3,0,0,3,0,0,0,0,0,0,0,0
dtgorski__typex,cyclonedx-gomod,3,0,4,3,0,0,3,0,0,3,0,4,3,0,0,3,0,0,0,0,0,0,0,0
adnanh__webhook,syft,15,0,5,10,5,0,10,5,0,15,0,5,10,5,0,10,5,0,0,1,0,3,1,0
adnanh__webhook,trivy,14,0,6,10,4,0,10,4,0,14,0,6,10,4,0,10,4,0,0,1,0,3,0,0
adnanh__webhook,cdxgen,14,0,6,10,4,0,10,4,0,14,0,6,10,4,0,10,4,0,0,1,0,3,0,0
adnanh__webhook,cyclonedx-gomod,11,0,9,10,1,0,10,1,0,11,0,9,10,1,0,10,1,0,0,1,0,0,0,0
tiendc__gofn,syft,6,0,1,1,5,0,5,1,0,6,0,1,1,5,0,5,1,0,4,0,0,0,1,0
tiendc__gofn,trivy,5,0,2,1,4,0,5,0,0,5,0,2,1,4,0,5,0,0,4,0,0,0,0,0
tiendc__gofn,cdxgen,1,0,6,1,0,0,1,0,4,1,0,6,1,0,0,1,0,4,0,0,0,0,0,0
tiendc__gofn,cyclonedx-gomod,1,0,6,1,0,0,1,0,4,1,0,6,1,0,0,1,0,4,0,0,0,0,0,0
cdipaolo__goml,syft,6,0,2,1,5,0,5,1,0,6,0,2,1,5,0,5,1,0,4,0,0,0,1,0
cdipaolo__goml,trivy,5,0,3,1,4,0,5,0,0,5,0,3,1,4,0,5,0,0,4,0,0,0,0,0
cdipaolo__goml,cdxgen,1,0,7,1,0,0,1,0,4,1,0,7,1,0,0,1,0,4,0,0,0,0,0,0
cdipaolo__goml,cyclonedx-gomod,1,0,7,1,0,0,1,0,4,1,0,7,1,0,0,1,0,4,0,0,0,0,0,0
mattn__go-colorable,syft,2,0,0,2,0,0,2,0,0,2,0,0,2,0,0,2,0,0,0,0,0,0,0,0
mattn__go-colorable,trivy,2,0,0,2,0,0,2,0,0,2,0,0,2,0,0,2,0,0,0,0,0,0,0,0
mattn__go-colorable,cdxgen,2,0,0,2,0,0,2,0,0,2,0,0,2,0,0,2,0,0,0,0,0,0,0,0
mattn__go-colorable,cyclonedx-gomod,2,0,0,2,0,0,2,0,0,2,0,0,2,0,0,2,0,0,0,0,0,0,0,0
txn2__kubefwd,syft,139,2,58,105,36,0,105,36,0,139,2,58,105,36,0,105,36,0,0,3,0,8,23,2
txn2__kubefwd,trivy,116,3,81,105,14,0,105,14,0,116,3,81,105,14,0,105,14,0,0,3,0,8,0,3
txn2__kubefwd,cdxgen,105,2,92,105,2,0,105,2,0,105,2,92,105,2,0,105,2,0,0,0,0,0,0,2
txn2__kubefwd,cyclonedx-gomod,115,0,82,104,11,1,104,11,1,115,0,82,104,11,1,104,11,1,0,3,0,8,0,0
box-cli-maker__box-cli-maker,syft,13,0,7,11,2,0,11,2,0,13,0,7,11,2,0,11,2,0,0,0,0,0,0,2
box-cli-maker__box-cli-maker,trivy,13,0,7,11,2,0,11,2,0,13,0,7,11,2,0,11,2,0,0,0,0,0,0,2
box-cli-maker__box-cli-maker,cdxgen,11,0,9,11,0,0,11,0,0,11,0,9,11,0,0,11,0,0,0,0,0,0,0,0
box-cli-maker__box-cli-maker,cyclonedx-gomod,11,0,9,11,0,0,11,0,0,11,0,9,11,0,0,11,0,0,0,0,0,0,0,0
DarthPestilane__easytcp,syft,20,0,10,11,9,0,15,5,0,20,0,10,11,9,0,15,5,0,4,0,1,2,2,0
DarthPestilane__easytcp,trivy,18,0,12,11,7,0,15,3,0,18,0,12,11,7,0,15,3,0,4,0,1,2,0,0
DarthPestilane__easytcp,cdxgen,11,0,19,11,0,0,11,0,4,11,0,19,11,0,0,11,0,4,0,0,0,0,0,0
DarthPestilane__easytcp,cyclonedx-gomod,14,0,16,11,3,0,11,3,4,14,0,16,11,3,0,11,3,4,0,0,1,2,0,0
sanbornm__go-selfupdate,syft,1,0,0,1,0,0,1,0,0,1,0,0,1,0,0,1,0,0,0,0,0,0,0,0
sanbornm__go-selfupdate,trivy,1,0,0,1,0,0,1,0,0,1,0,0,1,0,0,1,0,0,0,0,0,0,0,0
sanbornm__go-selfupdate,cdxgen,1,0,0,1,0,0,1,0,0,1,0,0,1,0,0,1,0,0,0,0,0,0,0,0
sanbornm__go-selfupdate,cyclonedx-gomod,1,0,0,1,0,0,1,0,0,1,0,0,1,0,0,1,0,0,0,0,0,0,0,0
antchfx__xmlquery,syft,4,0,10,4,0,0,4,0,0,4,0,10,4,0,0,4,0,0,0,0,0,0,0,0
antchfx__xmlquery,trivy,14,0,0,4,10,0,4,10,0,14,0,0,4,10,0,4,10,0,0,0,0,0,10,0
antchfx__xmlquery,cdxgen,4,0,10,4,0,0,4,0,0,4,0,10,4,0,0,4,0,0,0,0,0,0,0,0
antchfx__xmlquery,cyclonedx-gomod,4,0,10,4,0,0,4,0,0,4,0,10,4,0,0,4,0,0,0,0,0,0,0,0
Workiva__go-datastructures,syft,8,0,10,7,1,0,7,1,0,8,0,10,7,1,0,7,1,0,0,0,0,0,1,0
Workiva__go-datastructures,trivy,18,0,0,7,11,0,7,11,0,18,0,0,7,11,0,7,11,0,0,0,0,0,11,0
Workiva__go-datastructures,cdxgen,7,0,11,7,0,0,7,0,0,7,0,11,7,0,0,7,0,0,0,0,0,0,0,0
Workiva__go-datastructures,cyclonedx-gomod,6,0,12,6,0,1,6,0,1,6,0,12,6,0,1,6,0,1,0,0,0,0,0,0
HDT3213__rdb,syft,12,0,6,7,5,0,7,5,0,12,0,6,7,5,0,7,5,0,0,0,0,1,4,0
HDT3213__rdb,trivy,8,0,10,7,1,0,7,1,0,8,0,10,7,1,0,7,1,0,0,0,0,1,0,0
HDT3213__rdb,cdxgen,7,0,11,7,0,0,7,0,0,7,0,11,7,0,0,7,0,0,0,0,0,0,0,0
HDT3213__rdb,cyclonedx-gomod,8,0,10,7,1,0,7,1,0,8,0,10,7,1,0,7,1,0,0,0,0,1,0,0
linxGnu__mssqlx,syft,12,0,1,6,6,0,10,2,0,12,0,1,6,6,0,10,2,0,4,0,0,0,2,0
linxGnu__mssqlx,trivy,10,0,3,6,4,0,10,0,0,10,0,3,6,4,0,10,0,0,4,0,0,0,0,0
linxGnu__mssqlx,cdxgen,6,0,7,6,0,0,6,0,4,6,0,7,6,0,0,6,0,4,0,0,0,0,0,0
linxGnu__mssqlx,cyclonedx-gomod,6,0,7,6,0,0,6,0,4,6,0,7,6,0,0,6,0,4,0,0,0,0,0,0
krotik__ecal,syft,1,3,0,1,3,0,1,3,0,1,5,0,1,5,0,1,5,0,0,0,0,0,0,3
krotik__ecal,trivy,1,3,0,1,3,0,1,3,0,1,4,0,1,4,0,1,4,0,0,0,0,0,0,3
krotik__ecal,cdxgen,1,2,0,1,2,0,1,2,0,1,2,0,1,2,0,1,2,0,0,0,0,0,0,2
krotik__ecal,cyclonedx-gomod,1,0,0,1,0,0,1,0,0,1,0,0,1,0,0,1,0,0,0,0,0,0,0,0
sashamelentyev__usestdlibvars,syft,4,0,4,3,1,0,3,1,0,4,0,4,3,1,0,3,1,0,0,0,0,0,1,0
sashamelentyev__usestdlibvars,trivy,3,0,5,3,0,0,3,0,0,3,0,5,3,0,0,3,0,0,0,0,0,0,0,0
sashamelentyev__usestdlibvars,cdxgen,3,0,5,3,0,0,3,0,0,3,0,5,3,0,0,3,0,0,0,0,0,0,0,0
sashamelentyev__usestdlibvars,cyclonedx-gomod,2,0,6,2,0,1,2,0,1,2,0,6,2,0,1,2,0,1,0,0,0,0,0,0
oracle__coherence-go-client,syft,17,10,23,7,20,0,7,20,0,17,16,23,7,26,0,7,26,0,0,0,0,0,10,10
oracle__coherence-go-client,trivy,NA
oracle__coherence-go-client,cdxgen,8,3,32,7,4,0,7,4,0,8,9,32,7,10,0,7,10,0,0,0,0,0,1,3
oracle__coherence-go-client,cyclonedx-gomod,7,0,33,7,0,0,7,0,0,7,0,33,7,0,0,7,0,0,0,0,0,0,0,0
gobeam__mongo-go-pagination,syft,22,0,33,12,10,0,12,10,0,22,0,33,12,10,0,12,10,0,0,0,0,0,10,0
gobeam__mongo-go-pagination,trivy,55,0,0,12,43,0,12,43,0,55,0,0,12,43,0,12,43,0,0,0,0,0,43,0
gobeam__mongo-go-pagination,cdxgen,12,0,43,12,0,0,12,0,0,12,0,43,12,0,0,12,0,0,0,0,0,0,0,0
gobeam__mongo-go-pagination,cyclonedx-gomod,12,0,43,12,0,0,12,0,0,12,0,43,12,0,0,12,0,0,0,0,0,0,0,0
Konstantin8105__c4go,syft,8,0,0,4,4,0,8,0,0,8,0,0,4,4,0,8,0,0,4,0,0,0,0,0
Konstantin8105__c4go,trivy,8,0,0,4,4,0,8,0,0,8,0,0,4,4,0,8,0,0,4,0,0,0,0,0
Konstantin8105__c4go,cdxgen,8,0,0,4,4,0,8,0,0,8,0,0,4,4,0,8,0,0,4,0,0,0,0,0
Konstantin8105__c4go,cyclonedx-gomod,4,0,4,4,0,0,4,0,4,4,0,4,4,0,0,4,0,4,0,0,0,0,0,0
mehrdadrad__tcpdog,syft,NA
mehrdadrad__tcpdog,trivy,NA
mehrdadrad__tcpdog,cdxgen,NA
mehrdadrad__tcpdog,cyclonedx-gomod,NA
emperror__errors,syft,6,0,1,3,3,0,3,3,0,6,0,1,3,3,0,3,3,0,0,0,0,0,3,0
emperror__errors,trivy,7,0,0,3,4,0,3,4,0,7,0,0,3,4,0,3,4,0,0,0,0,0,4,0
emperror__errors,cdxgen,3,0,4,3,0,0,3,0,0,3,0,4,3,0,0,3,0,0,0,0,0,0,0,0
emperror__errors,cyclonedx-gomod,3,0,4,3,0,0,3,0,0,3,0,4,3,0,0,3,0,0,0,0,0,0,0,0
augmentable-dev__tickgit,syft,39,0,86,19,20,0,19,20,0,39,0,86,19,20,0,19,20,0,0,0,0,0,20,0
augmentable-dev__tickgit,trivy,125,0,0,19,106,0,19,106,0,125,0,0,19,106,0,19,106,0,0,1,0,0,105,0
augmentable-dev__tickgit,cdxgen,19,0,106,19,0,0,19,0,0,19,0,106,19,0,0,19,0,0,0,0,0,0,0,0
augmentable-dev__tickgit,cyclonedx-gomod,21,0,104,19,2,0,19,2,0,21,0,104,19,2,0,19,2,0,0,1,0,0,1,0
antham__ghokin,syft,34,0,8,23,11,0,27,7,0,34,0,8,23,11,0,27,7,0,4,1,0,0,6,0
antham__ghokin,trivy,28,0,14,23,5,0,27,1,0,28,0,14,23,5,0,27,1,0,4,1,0,0,0,0
antham__ghokin,cdxgen,23,0,19,23,0,0,23,0,4,23,0,19,23,0,0,23,0,4,0,0,0,0,0,0
antham__ghokin,cyclonedx-gomod,24,0,18,23,1,0,23,1,4,24,0,18,23,1,0,23,1,4,0,1,0,0,0,0
lingrino__vaku,syft,82,0,88,25,57,0,67,15,0,82,0,88,25,57,0,67,15,0,42,1,0,2,12,0
lingrino__vaku,trivy,70,0,100,25,45,0,67,3,0,70,0,100,25,45,0,67,3,0,42,1,0,2,0,0
lingrino__vaku,cdxgen,25,0,145,25,0,0,25,0,42,25,0,145,25,0,0,25,0,42,0,0,0,0,0,0
lingrino__vaku,cyclonedx-gomod,26,0,144,25,1,0,25,1,42,26,0,144,25,1,0,25,1,42,0,1,0,0,0,0
jfilipczyk__gomatch,syft,4,0,1,1,3,0,4,0,0,4,0,1,1,3,0,4,0,0,3,0,0,0,0,0
jfilipczyk__gomatch,trivy,5,0,0,1,4,0,4,1,0,5,0,0,1,4,0,4,1,0,3,0,0,0,1,0
jfilipczyk__gomatch,cdxgen,1,0,4,1,0,0,1,0,3,1,0,4,1,0,0,1,0,3,0,0,0,0,0,0
jfilipczyk__gomatch,cyclonedx-gomod,1,0,4,1,0,0,1,0,3,1,0,4,1,0,0,1,0,3,0,0,0,0,0,0
inancgumus__learngo,syft,10,0,2,10,0,0,10,0,0,10,0,2,10,0,0,10,0,0,0,0,0,0,0,0
inancgumus__learngo,trivy,12,0,0,10,2,0,10,2,0,12,0,0,10,2,0,10,2,0,0,0,0,0,2,0
inancgumus__learngo,cdxgen,6,0,6,6,0,4,6,0,4,6,0,6,6,0,4,6,0,4,0,0,0,0,0,0
inancgumus__learngo,cyclonedx-gomod,10,0,2,10,0,0,10,0,0,10,0,2,10,0,0,10,0,0,0,0,0,0,0,0
appleboy__drone-line,syft,40,0,19,32,8,0,36,4,0,40,0,19,32,8,0,36,4,0,4,0,0,0,4,0
appleboy__drone-line,trivy,59,0,0,32,27,0,36,23,0,59,0,0,32,27,0,36,23,0,4,0,0,0,23,0
appleboy__drone-line,cdxgen,32,0,27,32,0,0,32,0,4,32,0,27,32,0,0,32,0,4,0,0,0,0,0,0
appleboy__drone-line,cyclonedx-gomod,32,0,27,32,0,0,32,0,4,32,0,27,32,0,0,32,0,4,0,0,0,0,0,0
paololazzari__play,syft,19,0,12,14,5,0,14,5,0,19,0,12,14,5,0,14,5,0,0,1,0,0,4,0
paololazzari__play,trivy,15,0,16,14,1,0,14,1,0,15,0,16,14,1,0,14,1,0,0,1,0,0,0,0
paololazzari__play,cdxgen,14,0,17,14,0,0,14,0,0,14,0,17,14,0,0,14,0,0,0,0,0,0,0,0
paololazzari__play,cyclonedx-gomod,15,0,16,14,1,0,14,1,0,15,0,16,14,1,0,14,1,0,0,1,0,0,0,0
dagu-go__dagu,syft,557,0,358,281,276,0,281,276,0,557,0,358,281,276,0,281,276,0,0,14,8,195,59,0
dagu-go__dagu,trivy,NA
dagu-go__dagu,cdxgen,NA
dagu-go__dagu,cyclonedx-gomod,NA
ktr0731__evans,syft,222,0,338,55,167,0,65,157,0,222,0,338,55,167,0,65,157,0,10,2,5,130,20,0
ktr0731__evans,trivy,202,0,358,55,147,0,65,137,0,202,0,358,55,147,0,65,137,0,10,2,5,130,0,0
ktr0731__evans,cdxgen,55,0,505,55,0,0,55,0,10,55,0,505,55,0,0,55,0,10,0,0,0,0,0,0
ktr0731__evans,cyclonedx-gomod,190,0,370,55,135,0,56,134,9,190,0,370,55,135,0,56,134,9,1,2,5,127,0,0
gotidy__copy,syft,1,0,0,1,0,0,1,0,0,1,0,0,1,0,0,1,0,0,0,0,0,0,0,0
gotidy__copy,trivy,1,0,0,1,0,0,1,0,0,1,0,0,1,0,0,1,0,0,0,0,0,0,0,0
gotidy__copy,cdxgen,1,0,0,1,0,0,1,0,0,1,0,0,1,0,0,1,0,0,0,0,0,0,0,0
gotidy__copy,cyclonedx-gomod,1,0,0,1,0,0,1,0,0,1,0,0,1,0,0,1,0,0,0,0,0,0,0,0
goxjs__glfw,syft,1,0,0,1,0,0,1,0,0,1,0,0,1,0,0,1,0,0,0,0,0,0,0,0
goxjs__glfw,trivy,1,0,0,1,0,0,1,0,0,1,0,0,1,0,0,1,0,0,0,0,0,0,0,0
goxjs__glfw,cdxgen,1,0,0,1,0,0,1,0,0,1,0,0,1,0,0,1,0,0,0,0,0,0,0,0
goxjs__glfw,cyclonedx-gomod,1,0,0,1,0,0,1,0,0,1,0,0,1,0,0,1,0,0,0,0,0,0,0,0
baalimago__wd-41,syft,4,0,4,4,0,0,4,0,0,4,0,4,4,0,0,4,0,0,0,0,0,0,0,0
baalimago__wd-41,trivy,4,0,4,4,0,0,4,0,0,4,0,4,4,0,0,4,0,0,0,0,0,0,0,0
baalimago__wd-41,cdxgen,4,0,4,4,0,0,4,0,0,4,0,4,4,0,0,4,0,0,0,0,0,0,0,0
baalimago__wd-41,cyclonedx-gomod,4,0,4,4,0,0,4,0,0,4,0,4,4,0,0,4,0,0,0,0,0,0,0,0
mojocn__base64Captcha,syft,2,0,12,2,0,0,2,0,0,2,0,12,2,0,0,2,0,0,0,0,0,0,0,0
mojocn__base64Captcha,trivy,14,0,0,2,12,0,2,12,0,14,0,0,2,12,0,2,12,0,0,0,0,0,12,0
mojocn__base64Captcha,cdxgen,2,0,12,2,0,0,2,0,0,2,0,12,2,0,0,2,0,0,0,0,0,0,0,0
mojocn__base64Captcha,cyclonedx-gomod,2,0,12,2,0,0,2,0,0,2,0,12,2,0,0,2,0,0,0,0,0,0,0,0
xxjwxc__gowp,syft,21,0,128,12,9,0,12,9,0,21,0,128,12,9,0,12,9,0,0,0,0,0,9,0
xxjwxc__gowp,trivy,149,0,0,12,137,0,12,137,0,149,0,0,12,137,0,12,137,0,0,0,0,0,137,0
xxjwxc__gowp,cdxgen,12,0,137,12,0,0,12,0,0,12,0,137,12,0,0,12,0,0,0,0,0,0,0,0
xxjwxc__gowp,cyclonedx-gomod,12,0,137,12,0,0,12,0,0,12,0,137,12,0,0,12,0,0,0,0,0,0,0,0
schollz__croc,syft,34,0,14,25,9,0,29,5,0,34,0,14,25,9,0,29,5,0,4,0,0,0,5,0
schollz__croc,trivy,29,0,19,25,4,0,29,0,0,29,0,19,25,4,0,29,0,0,4,0,0,0,0,0
schollz__croc,cdxgen,25,0,23,25,0,0,25,0,4,25,0,23,25,0,0,25,0,4,0,0,0,0,0,0
schollz__croc,cyclonedx-gomod,25,0,23,25,0,0,25,0,4,25,0,23,25,0,0,25,0,4,0,0,0,0,0,0
dixonwille__wmenu,syft,12,0,1,4,8,0,8,4,0,12,0,1,4,8,0,8,4,0,4,0,0,0,4,0
dixonwille__wmenu,trivy,13,0,0,4,9,0,8,5,0,13,0,0,4,9,0,8,5,0,4,0,0,0,5,0
dixonwille__wmenu,cdxgen,4,0,9,4,0,0,4,0,4,4,0,9,4,0,0,4,0,4,0,0,0,0,0,0
dixonwille__wmenu,cyclonedx-gomod,4,0,9,4,0,0,4,0,4,4,0,9,4,0,0,4,0,4,0,0,0,0,0,0
charmbracelet__bubbles,syft,26,0,4,21,5,0,24,2,0,26,0,4,21,5,0,24,2,0,3,0,0,0,2,0
charmbracelet__bubbles,trivy,24,0,6,21,3,0,24,0,0,24,0,6,21,3,0,24,0,0,3,0,0,0,0,0
charmbracelet__bubbles,cdxgen,21,0,9,21,0,0,21,0,3,21,0,9,21,0,0,21,0,3,0,0,0,0,0,0
charmbracelet__bubbles,cyclonedx-gomod,21,0,9,21,0,0,21,0,3,21,0,9,21,0,0,21,0,3,0,0,0,0,0,0
aerospike__aerospike-client-go,syft,34,0,13,3,31,0,14,20,0,34,0,13,3,31,0,14,20,0,11,0,1,4,15,0
aerospike__aerospike-client-go,trivy,19,0,28,3,16,0,14,5,0,19,0,28,3,16,0,14,5,0,11,0,1,4,0,0
aerospike__aerospike-client-go,cdxgen,3,0,44,3,0,0,3,0,11,3,0,44,3,0,0,3,0,11,0,0,0,0,0,0
aerospike__aerospike-client-go,cyclonedx-gomod,5,0,42,3,2,0,4,1,10,5,0,42,3,2,0,4,1,10,1,0,1,0,0,0
yassinebenaid__bunster,syft,12,0,3,5,7,0,5,7,0,12,0,3,5,7,0,5,7,0,0,0,0,0,4,3
yassinebenaid__bunster,trivy,7,0,8,5,2,0,5,2,0,7,0,8,5,2,0,5,2,0,0,0,0,0,0,2
yassinebenaid__bunster,cdxgen,5,0,10,5,0,0,5,0,0,5,0,10,5,0,0,5,0,0,0,0,0,0,0,0
yassinebenaid__bunster,cyclonedx-gomod,5,0,10,5,0,0,5,0,0,5,0,10,5,0,0,5,0,0,0,0,0,0,0,0
mehdihadeli__Go-MediatR,syft,9,33,4,1,41,0,5,37,0,9,34,4,1,42,0,5,38,0,4,0,0,2,3,32
mehdihadeli__Go-MediatR,trivy,8,32,5,1,39,0,5,35,0,7,33,6,1,39,0,5,35,0,4,0,0,2,2,31
mehdihadeli__Go-MediatR,cdxgen,2,28,11,1,29,0,2,28,3,2,28,11,1,29,0,2,28,3,1,0,0,0,0,28
mehdihadeli__Go-MediatR,cyclonedx-gomod,1,0,12,1,0,0,1,0,4,1,0,12,1,0,0,1,0,4,0,0,0,0,0,0
Knuspii__CrunchyCleaner,syft,11,0,4,3,8,0,3,8,0,11,0,4,3,8,0,3,8,0,0,2,0,2,4,0
Knuspii__CrunchyCleaner,trivy,7,0,8,3,4,0,3,4,0,7,0,8,3,4,0,3,4,0,0,2,0,2,0,0
Knuspii__CrunchyCleaner,cdxgen,3,0,12,3,0,0,3,0,0,3,0,12,3,0,0,3,0,0,0,0,0,0,0,0
Knuspii__CrunchyCleaner,cyclonedx-gomod,7,0,8,3,4,0,3,4,0,7,0,8,3,4,0,3,4,0,0,2,0,2,0,0
gordonklaus__portaudio,syft,1,0,0,1,0,0,1,0,0,1,0,0,1,0,0,1,0,0,0,0,0,0,0,0
gordonklaus__portaudio,trivy,1,0,0,1,0,0,1,0,0,1,0,0,1,0,0,1,0,0,0,0,0,0,0,0
gordonklaus__portaudio,cdxgen,1,0,0,1,0,0,1,0,0,1,0,0,1,0,0,1,0,0,0,0,0,0,0,0
gordonklaus__portaudio,cyclonedx-gomod,1,0,0,1,0,0,1,0,0,1,0,0,1,0,0,1,0,0,0,0,0,0,0,0
antchfx__htmlquery,syft,4,0,10,4,0,0,4,0,0,4,0,10,4,0,0,4,0,0,0,0,0,0,0,0
antchfx__htmlquery,trivy,14,0,0,4,10,0,4,10,0,14,0,0,4,10,0,4,10,0,0,0,0,0,10,0
antchfx__htmlquery,cdxgen,4,0,10,4,0,0,4,0,0,4,0,10,4,0,0,4,0,0,0,0,0,0,0,0
antchfx__htmlquery,cyclonedx-gomod,4,0,10,4,0,0,4,0,0,4,0,10,4,0,0,4,0,0,0,0,0,0,0,0
linkedin__goavro,syft,6,0,1,1,5,0,5,1,0,6,0,1,1,5,0,5,1,0,4,0,0,0,1,0
linkedin__goavro,trivy,7,0,0,1,6,0,5,2,0,7,0,0,1,6,0,5,2,0,4,0,0,0,2,0
linkedin__goavro,cdxgen,1,0,6,1,0,0,1,0,4,1,0,6,1,0,0,1,0,4,0,0,0,0,0,0
linkedin__goavro,cyclonedx-gomod,1,0,6,1,0,0,1,0,4,1,0,6,1,0,0,1,0,4,0,0,0,0,0,0
denisenkom__go-mssqldb,syft,20,0,12,14,6,0,14,6,0,20,0,12,14,6,0,14,6,0,0,0,0,0,0,6
denisenkom__go-mssqldb,trivy,32,0,0,14,18,0,14,18,0,32,0,0,14,18,0,14,18,0,0,0,0,0,0,18
denisenkom__go-mssqldb,cdxgen,14,0,18,14,0,0,14,0,0,14,0,18,14,0,0,14,0,0,0,0,0,0,0,0
denisenkom__go-mssqldb,cyclonedx-gomod,15,0,17,14,1,0,14,1,0,15,0,17,14,1,0,14,1,0,0,0,0,0,0,1
monaco-io__request,syft,4,0,2,1,3,0,1,3,0,4,0,2,1,3,0,1,3,0,0,0,0,2,1,0
monaco-io__request,trivy,6,0,0,1,5,0,1,5,0,6,0,0,1,5,0,1,5,0,0,0,0,2,3,0
monaco-io__request,cdxgen,1,0,5,1,0,0,1,0,0,1,0,5,1,0,0,1,0,0,0,0,0,0,0,0
monaco-io__request,cyclonedx-gomod,1,0,5,1,0,0,1,0,0,1,0,5,1,0,0,1,0,0,0,0,0,0,0,0
rapito__go-spotify,syft,35,0,100,21,14,0,25,10,0,35,0,100,21,14,0,25,10,0,4,0,0,2,7,1
rapito__go-spotify,trivy,27,0,108,21,6,0,25,2,0,27,0,108,21,6,0,25,2,0,4,0,0,2,0,0
rapito__go-spotify,cdxgen,21,0,114,21,0,0,21,0,4,21,0,114,21,0,0,21,0,4,0,0,0,0,0,0
rapito__go-spotify,cyclonedx-gomod,21,0,114,21,0,0,21,0,4,21,0,114,21,0,0,21,0,4,0,0,0,0,0,0
rocketlaunchr__dbq,syft,35,2,42,5,32,0,7,30,0,35,4,42,5,34,0,7,32,0,2,0,0,17,11,2
rocketlaunchr__dbq,trivy,77,2,0,5,74,0,7,72,0,77,4,0,5,76,0,7,74,0,2,0,0,17,53,2
rocketlaunchr__dbq,cdxgen,5,1,72,5,1,0,5,1,2,5,1,72,5,1,0,5,1,2,0,0,0,0,0,1
rocketlaunchr__dbq,cyclonedx-gomod,5,0,72,5,0,0,5,0,2,5,0,72,5,0,0,5,0,2,0,0,0,0,0,0
mewkiz__flac,syft,4,0,5,3,1,0,3,1,0,4,0,5,3,1,0,3,1,0,0,0,0,0,1,0
mewkiz__flac,trivy,3,0,6,3,0,0,3,0,0,3,0,6,3,0,0,3,0,0,0,0,0,0,0,0
mewkiz__flac,cdxgen,3,0,6,3,0,0,3,0,0,3,0,6,3,0,0,3,0,0,0,0,0,0,0,0
mewkiz__flac,cyclonedx-gomod,3,0,6,3,0,0,3,0,0,3,0,6,3,0,0,3,0,0,0,0,0,0,0,0
davrodpin__mole,syft,30,0,22,17,13,0,20,10,0,30,0,22,17,13,0,20,10,0,3,0,0,1,9,0
davrodpin__mole,trivy,52,0,0,17,35,0,20,32,0,52,0,0,17,35,0,20,32,0,3,2,0,1,29,0
davrodpin__mole,cdxgen,17,0,35,17,0,0,17,0,3,17,0,35,17,0,0,17,0,3,0,0,0,0,0,0
davrodpin__mole,cyclonedx-gomod,20,0,32,17,3,0,17,3,3,20,0,32,17,3,0,17,3,3,0,2,0,1,0,0
lucasepe__tbd,syft,36,0,13,21,15,0,26,10,0,36,0,13,21,15,0,26,10,0,5,0,0,0,10,0
lucasepe__tbd,trivy,49,0,0,21,28,0,26,23,0,49,0,0,21,28,0,26,23,0,5,1,0,0,22,0
lucasepe__tbd,cdxgen,21,0,28,21,0,0,21,0,5,21,0,28,21,0,0,21,0,5,0,0,0,0,0,0
lucasepe__tbd,cyclonedx-gomod,23,0,26,21,2,0,21,2,5,23,0,26,21,2,0,21,2,5,0,1,0,0,1,0
ik5__gostrutils,syft,1,0,9,1,0,0,1,0,0,1,0,9,1,0,0,1,0,0,0,0,0,0,0,0
ik5__gostrutils,trivy,10,0,0,1,9,0,1,9,0,10,0,0,1,9,0,1,9,0,0,0,0,0,9,0
ik5__gostrutils,cdxgen,1,0,9,1,0,0,1,0,0,1,0,9,1,0,0,1,0,0,0,0,0,0,0,0
ik5__gostrutils,cyclonedx-gomod,1,0,9,1,0,0,1,0,0,1,0,9,1,0,0,1,0,0,0,0,0,0,0,0
ilyakaznacheev__cleanenv,syft,5,0,0,4,1,0,4,1,0,5,0,0,4,1,0,4,1,0,0,0,0,0,1,0
ilyakaznacheev__cleanenv,trivy,5,0,0,4,1,0,4,1,0,5,0,0,4,1,0,4,1,0,0,0,0,0,1,0
ilyakaznacheev__cleanenv,cdxgen,4,0,1,4,0,0,4,0,0,4,0,1,4,0,0,4,0,0,0,0,0,0,0,0
ilyakaznacheev__cleanenv,cyclonedx-gomod,4,0,1,4,0,0,4,0,0,4,0,1,4,0,0,4,0,0,0,0,0,0,0,0
foxcpp__maddy,syft,170,3,233,103,70,3,105,68,3,170,3,233,103,70,3,105,68,3,2,7,8,37,16,0
foxcpp__maddy,trivy,157,3,246,103,57,3,105,55,3,157,3,246,103,57,3,105,55,3,2,7,8,37,3,0
foxcpp__maddy,cdxgen,106,0,297,106,0,0,106,0,2,106,0,297,106,0,0,106,0,2,0,0,0,0,0,0
foxcpp__maddy,cyclonedx-gomod,152,3,251,103,52,3,103,52,5,152,3,251,103,52,3,103,52,5,0,7,8,34,3,0
netresearch__ofelia,syft,78,0,12,43,35,0,48,30,0,78,0,12,43,35,0,48,30,0,5,1,0,8,21,0
netresearch__ofelia,trivy,57,0,33,43,14,0,48,9,0,57,0,33,43,14,0,48,9,0,5,1,0,8,0,0
netresearch__ofelia,cdxgen,43,0,47,43,0,0,43,0,5,43,0,47,43,0,0,43,0,5,0,0,0,0,0,0
netresearch__ofelia,cyclonedx-gomod,45,0,45,43,2,0,43,2,5,45,0,45,43,2,0,43,2,5,0,1,0,1,0,0
golang__geo,syft,2,0,0,1,1,0,2,0,0,2,0,0,1,1,0,2,0,0,1,0,0,0,0,0
golang__geo,trivy,2,0,0,1,1,0,2,0,0,2,0,0,1,1,0,2,0,0,1,0,0,0,0,0
golang__geo,cdxgen,1,0,1,1,0,0,1,0,1,1,0,1,1,0,0,1,0,1,0,0,0,0,0,0
golang__geo,cyclonedx-gomod,1,0,1,1,0,0,1,0,1,1,0,1,1,0,0,1,0,1,0,0,0,0,0,0
Colin4k1024__Aetheris,syft,153,15,114,124,44,0,124,44,0,153,26,114,124,55,0,124,55,0,0,0,0,7,22,15
Colin4k1024__Aetheris,trivy,132,13,135,124,21,0,124,21,0,132,20,135,124,28,0,124,28,0,0,0,0,7,1,13
Colin4k1024__Aetheris,cdxgen,125,11,142,124,12,0,124,12,0,125,16,142,124,17,0,124,17,0,0,0,0,0,1,11
Colin4k1024__Aetheris,cyclonedx-gomod,126,0,141,121,5,3,121,5,3,126,0,141,121,5,3,121,5,3,0,0,0,5,0,0
reedom__convergen,syft,10,0,5,4,6,0,9,1,0,10,0,5,4,6,0,9,1,0,5,0,0,0,1,0
reedom__convergen,trivy,9,0,6,4,5,0,9,0,0,9,0,6,4,5,0,9,0,0,5,0,0,0,0,0
reedom__convergen,cdxgen,4,0,11,4,0,0,4,0,5,4,0,11,4,0,0,4,0,5,0,0,0,0,0,0
reedom__convergen,cyclonedx-gomod,4,0,11,4,0,0,4,0,5,4,0,11,4,0,0,4,0,5,0,0,0,0,0,0
e-XpertSolutions__go-cluster,syft,2,0,12,1,1,0,1,1,0,2,0,12,1,1,0,1,1,0,0,0,0,0,1,0
e-XpertSolutions__go-cluster,trivy,2,0,12,1,1,0,1,1,0,2,0,12,1,1,0,1,1,0,0,0,0,0,1,0
e-XpertSolutions__go-cluster,cdxgen,1,0,13,1,0,0,1,0,0,1,0,13,1,0,0,1,0,0,0,0,0,0,0,0
e-XpertSolutions__go-cluster,cyclonedx-gomod,1,0,13,1,0,0,1,0,0,1,0,13,1,0,0,1,0,0,0,0,0,0,0,0
hackebrot__turtle,syft,5,0,95,2,3,0,4,1,0,5,0,95,2,3,0,4,1,0,2,0,0,0,1,0
hackebrot__turtle,trivy,100,0,0,2,98,0,4,96,0,100,0,0,2,98,0,4,96,0,2,1,0,0,95,0
hackebrot__turtle,cdxgen,2,0,98,2,0,0,2,0,2,2,0,98,2,0,0,2,0,2,0,0,0,0,0,0
hackebrot__turtle,cyclonedx-gomod,3,0,97,2,1,0,2,1,2,3,0,97,2,1,0,2,1,2,0,1,0,0,0,0
amit-davidson__LibraDB,syft,6,0,1,5,1,0,5,1,0,6,0,1,5,1,0,5,1,0,0,0,0,0,1,0
amit-davidson__LibraDB,trivy,5,0,2,5,0,0,5,0,0,5,0,2,5,0,0,5,0,0,0,0,0,0,0,0
amit-davidson__LibraDB,cdxgen,5,0,2,5,0,0,5,0,0,5,0,2,5,0,0,5,0,0,0,0,0,0,0,0
amit-davidson__LibraDB,cyclonedx-gomod,5,0,2,5,0,0,5,0,0,5,0,2,5,0,0,5,0,0,0,0,0,0,0,0
osamingo__jsonrpc,syft,11,0,2,7,4,0,10,1,0,11,0,2,7,4,0,10,1,0,3,0,0,0,1,0
osamingo__jsonrpc,trivy,10,0,3,7,3,0,10,0,0,10,0,3,7,3,0,10,0,0,3,0,0,0,0,0
osamingo__jsonrpc,cdxgen,7,0,6,7,0,0,7,0,3,7,0,6,7,0,0,7,0,3,0,0,0,0,0,0
osamingo__jsonrpc,cyclonedx-gomod,7,0,6,7,0,0,7,0,3,7,0,6,7,0,0,7,0,3,0,0,0,0,0,0
piaohao__godis,syft,6,0,0,1,5,0,4,2,0,6,0,0,1,5,0,4,2,0,3,0,0,2,0,0
piaohao__godis,trivy,6,0,0,1,5,0,4,2,0,6,0,0,1,5,0,4,2,0,3,0,0,2,0,0
piaohao__godis,cdxgen,1,0,5,1,0,0,1,0,3,1,0,5,1,0,0,1,0,3,0,0,0,0,0,0
piaohao__godis,cyclonedx-gomod,1,0,5,1,0,0,1,0,3,1,0,5,1,0,0,1,0,3,0,0,0,0,0,0
xyproto__permissions,syft,15,0,5,11,4,0,11,4,0,15,0,5,11,4,0,11,4,0,0,0,0,1,3,0
xyproto__permissions,trivy,12,0,8,11,1,0,11,1,0,12,0,8,11,1,0,11,1,0,0,0,0,1,0,0
xyproto__permissions,cdxgen,12,0,8,11,1,0,11,1,0,12,0,8,11,1,0,11,1,0,0,0,0,1,0,0
xyproto__permissions,cyclonedx-gomod,11,0,9,11,0,0,11,0,0,11,0,9,11,0,0,11,0,0,0,0,0,0,0,0
ajitpratap0__GoSQLX,syft,117,9,13,15,111,0,66,60,0,117,9,13,15,111,0,66,60,0,51,1,0,14,34,11
ajitpratap0__GoSQLX,trivy,81,9,49,15,75,0,66,24,0,81,9,49,15,75,0,66,24,0,51,1,0,14,0,9
ajitpratap0__GoSQLX,cdxgen,18,3,112,15,6,0,18,3,48,18,3,112,15,6,0,18,3,48,3,0,0,0,0,3
ajitpratap0__GoSQLX,cyclonedx-gomod,16,0,114,15,1,0,15,1,51,16,0,114,15,1,0,15,1,51,0,1,0,0,0,0
gonutz__prototype,syft,5,0,1,2,3,0,2,3,0,5,0,1,2,3,0,2,3,0,0,3,0,0,0,0
gonutz__prototype,trivy,6,0,0,2,4,0,2,4,0,6,0,0,2,4,0,2,4,0,0,4,0,0,0,0
gonutz__prototype,cdxgen,2,0,4,2,0,0,2,0,0,2,0,4,2,0,0,2,0,0,0,0,0,0,0,0
gonutz__prototype,cyclonedx-gomod,6,0,0,2,4,0,2,4,0,6,0,0,2,4,0,2,4,0,0,4,0,0,0,0
Yiling-J__piper,syft,23,0,137,15,8,0,19,4,0,23,0,137,15,8,0,19,4,0,4,0,0,1,3,0
Yiling-J__piper,trivy,160,0,0,15,145,0,19,141,0,160,0,0,15,145,0,19,141,0,4,0,0,1,140,0
Yiling-J__piper,cdxgen,15,0,145,15,0,0,15,0,4,15,0,145,15,0,0,15,0,4,0,0,0,0,0,0
Yiling-J__piper,cyclonedx-gomod,15,0,145,15,0,0,15,0,4,15,0,145,15,0,0,15,0,4,0,0,0,0,0,0
couchbase__gocb,syft,41,18,19,23,36,0,29,30,0,40,20,20,23,37,0,29,31,0,6,0,0,0,11,19
couchbase__gocb,trivy,32,17,28,23,26,0,29,20,0,31,19,29,23,27,0,29,21,0,6,0,0,0,2,18
couchbase__gocb,cdxgen,NA
couchbase__gocb,cyclonedx-gomod,23,0,37,23,0,0,23,0,6,23,0,37,23,0,0,23,0,6,0,0,0,0,0,0
Henry-Sarabia__sliceconv,syft,1,0,0,1,0,0,1,0,0,1,0,0,1,0,0,1,0,0,0,0,0,0,0,0
Henry-Sarabia__sliceconv,trivy,1,0,0,1,0,0,1,0,0,1,0,0,1,0,0,1,0,0,0,0,0,0,0,0
Henry-Sarabia__sliceconv,cdxgen,1,0,0,1,0,0,1,0,0,1,0,0,1,0,0,1,0,0,0,0,0,0,0,0
Henry-Sarabia__sliceconv,cyclonedx-gomod,1,0,0,1,0,0,1,0,0,1,0,0,1,0,0,1,0,0,0,0,0,0,0,0
mus-format__mus-go,syft,4,0,4,4,0,0,4,0,0,4,0,4,4,0,0,4,0,0,0,0,0,0,0,0
mus-format__mus-go,trivy,4,0,4,4,0,0,4,0,0,4,0,4,4,0,0,4,0,0,0,0,0,0,0,0
mus-format__mus-go,cdxgen,4,0,4,4,0,0,4,0,0,4,0,4,4,0,0,4,0,0,0,0,0,0,0,0
mus-format__mus-go,cyclonedx-gomod,4,0,4,4,0,0,4,0,0,4,0,4,4,0,0,4,0,0,0,0,0,0,0,0
bobg__subcmd,syft,2,0,1,1,1,0,2,0,0,2,0,1,1,1,0,2,0,0,1,0,0,0,0,0
bobg__subcmd,trivy,3,0,0,1,2,0,2,1,0,3,0,0,1,2,0,2,1,0,1,0,0,0,1,0
bobg__subcmd,cdxgen,1,0,2,1,0,0,1,0,1,1,0,2,1,0,0,1,0,1,0,0,0,0,0,0
bobg__subcmd,cyclonedx-gomod,1,0,2,1,0,0,1,0,1,1,0,2,1,0,0,1,0,1,0,0,0,0,0,0
aler9__gortsplib,syft,19,0,9,12,7,0,18,1,0,19,0,9,12,7,0,18,1,0,6,0,0,0,1,0
aler9__gortsplib,trivy,18,0,10,12,6,0,18,0,0,18,0,10,12,6,0,18,0,0,6,0,0,0,0,0
aler9__gortsplib,cdxgen,12,0,16,12,0,0,12,0,6,12,0,16,12,0,0,12,0,6,0,0,0,0,0,0
aler9__gortsplib,cyclonedx-gomod,14,0,14,12,2,0,14,0,4,14,0,14,12,2,0,14,0,4,2,0,0,0,0,0
99designs__gqlgen,syft,31,44,7,18,57,0,23,52,0,31,49,7,18,62,0,23,57,0,5,0,1,1,6,44
99designs__gqlgen,trivy,25,31,13,18,38,0,23,33,0,25,32,13,18,39,0,23,34,0,5,0,1,1,0,31
99designs__gqlgen,cdxgen,18,20,20,18,20,0,18,20,5,18,21,20,18,21,0,18,21,5,0,0,0,0,0,20
99designs__gqlgen,cyclonedx-gomod,19,0,19,18,1,0,18,1,5,19,0,19,18,1,0,18,1,5,0,0,1,0,0,0
spatial-go__geoos,syft,3,0,3,2,1,0,2,1,0,3,0,3,2,1,0,2,1,0,0,0,0,0,1,0
spatial-go__geoos,trivy,6,0,0,2,4,0,2,4,0,6,0,0,2,4,0,2,4,0,0,0,0,0,4,0
spatial-go__geoos,cdxgen,2,0,4,2,0,0,2,0,0,2,0,4,2,0,0,2,0,0,0,0,0,0,0,0
spatial-go__geoos,cyclonedx-gomod,2,0,4,2,0,0,2,0,0,2,0,4,2,0,0,2,0,0,0,0,0,0,0,0
ahmadraza100__dotlock,syft,45,0,13,32,13,0,32,13,0,45,0,13,32,13,0,32,13,0,0,4,0,0,4,5
ahmadraza100__dotlock,trivy,36,0,22,32,4,0,32,4,0,36,0,22,32,4,0,32,4,0,0,4,0,0,0,0
ahmadraza100__dotlock,cdxgen,32,0,26,32,0,0,32,0,0,32,0,26,32,0,0,32,0,0,0,0,0,0,0,0
ahmadraza100__dotlock,cyclonedx-gomod,36,0,22,32,4,0,32,4,0,36,0,22,32,4,0,32,4,0,0,4,0,0,0,0
tidwall__buntdb,syft,9,0,0,7,2,0,9,0,0,9,0,0,7,2,0,9,0,0,2,0,0,0,0,0
tidwall__buntdb,trivy,9,0,0,7,2,0,9,0,0,9,0,0,7,2,0,9,0,0,2,0,0,0,0,0
tidwall__buntdb,cdxgen,7,0,2,7,0,0,7,0,2,7,0,2,7,0,0,7,0,2,0,0,0,0,0,0
tidwall__buntdb,cyclonedx-gomod,7,0,2,7,0,0,7,0,2,7,0,2,7,0,0,7,0,2,0,0,0,0,0,0
knq__xo,syft,52,0,27,33,19,0,33,19,0,52,0,27,33,19,0,33,19,0,0,0,0,0,19,0
knq__xo,trivy,33,0,46,33,0,0,33,0,0,33,0,46,33,0,0,33,0,0,0,0,0,0,0,0
knq__xo,cdxgen,33,0,46,33,0,0,33,0,0,33,0,46,33,0,0,33,0,0,0,0,0,0,0,0
knq__xo,cyclonedx-gomod,33,0,46,33,0,0,33,0,0,33,0,46,33,0,0,33,0,0,0,0,0,0,0,0
icza__minquery,syft,5,0,1,1,4,0,2,3,0,5,0,1,1,4,0,2,3,0,1,0,0,0,0,3
icza__minquery,trivy,6,0,0,1,5,0,2,4,0,6,0,0,1,5,0,2,4,0,1,0,0,0,0,4
icza__minquery,cdxgen,1,0,5,1,0,0,1,0,1,1,0,5,1,0,0,1,0,1,0,0,0,0,0,0
icza__minquery,cyclonedx-gomod,1,0,5,1,0,0,1,0,1,1,0,5,1,0,0,1,0,1,0,0,0,0,0,0
MUlt1mate__protoc-gen-httpgo,syft,9,75,1,2,82,0,3,81,0,3,92,7,2,93,0,3,92,0,1,0,0,0,0,81
MUlt1mate__protoc-gen-httpgo,trivy,9,57,1,2,64,0,3,63,0,4,70,6,2,72,0,3,71,0,1,0,0,0,1,62
MUlt1mate__protoc-gen-httpgo,cdxgen,8,44,2,2,50,0,3,49,0,2,57,8,2,57,0,2,57,1,1,0,0,0,0,49
MUlt1mate__protoc-gen-httpgo,cyclonedx-gomod,2,0,8,2,0,0,2,0,1,2,0,8,2,0,0,2,0,1,0,0,0,0,0,0
goioc__di,syft,7,0,1,2,5,0,6,1,0,7,0,1,2,5,0,6,1,0,4,0,0,0,1,0
goioc__di,trivy,6,0,2,2,4,0,6,0,0,6,0,2,2,4,0,6,0,0,4,0,0,0,0,0
goioc__di,cdxgen,2,0,6,2,0,0,2,0,4,2,0,6,2,0,0,2,0,4,0,0,0,0,0,0
goioc__di,cyclonedx-gomod,2,0,6,2,0,0,2,0,4,2,0,6,2,0,0,2,0,4,0,0,0,0,0,0
labstack__echo,syft,8,0,7,1,7,0,7,1,0,8,0,7,1,7,0,7,1,0,6,0,0,0,1,0
labstack__echo,trivy,7,0,8,1,6,0,7,0,0,7,0,8,1,6,0,7,0,0,6,0,0,0,0,0
labstack__echo,cdxgen,1,0,14,1,0,0,1,0,6,1,0,14,1,0,0,1,0,6,0,0,0,0,0,0
labstack__echo,cyclonedx-gomod,1,0,14,1,0,0,1,0,6,1,0,14,1,0,0,1,0,6,0,0,0,0,0,0
aafeher__go-sitemap-parser,syft,2,0,6,2,0,0,2,0,0,2,0,6,2,0,0,2,0,0,0,0,0,0,0,0
aafeher__go-sitemap-parser,trivy,2,0,6,2,0,0,2,0,0,2,0,6,2,0,0,2,0,0,0,0,0,0,0,0
aafeher__go-sitemap-parser,cdxgen,2,0,6,2,0,0,2,0,0,2,0,6,2,0,0,2,0,0,0,0,0,0,0,0
aafeher__go-sitemap-parser,cyclonedx-gomod,2,0,6,2,0,0,2,0,0,2,0,6,2,0,0,2,0,0,0,0,0,0,0,0
hashicorp__raft,syft,19,6,58,10,15,0,14,11,0,19,6,58,10,15,0,14,11,0,4,0,0,1,4,6
hashicorp__raft,trivy,15,5,62,10,10,0,14,6,0,15,5,62,10,10,0,14,6,0,4,0,0,1,0,5
hashicorp__raft,cdxgen,NA
hashicorp__raft,cyclonedx-gomod,10,0,67,10,0,0,10,0,4,10,0,67,10,0,0,10,0,4,0,0,0,0,0,0
VinGarcia__ksql,syft,9,104,3,4,109,0,4,109,0,8,151,4,4,155,0,4,155,0,0,0,0,2,3,104
VinGarcia__ksql,trivy,12,151,0,4,159,0,4,159,0,12,199,0,4,207,0,4,207,0,0,0,0,2,6,151
VinGarcia__ksql,cdxgen,4,62,8,4,62,0,4,62,0,4,75,8,4,75,0,4,75,0,0,0,0,0,0,62
VinGarcia__ksql,cyclonedx-gomod,4,0,8,4,0,0,4,0,0,4,0,8,4,0,0,4,0,0,0,0,0,0,0,0
vladopajic__go-test-coverage,syft,47,0,17,15,32,0,20,27,0,47,0,17,15,32,0,20,27,0,5,0,0,5,22,0
vladopajic__go-test-coverage,trivy,25,0,39,15,10,0,20,5,0,25,0,39,15,10,0,20,5,0,5,0,0,5,0,0
vladopajic__go-test-coverage,cdxgen,15,0,49,15,0,0,15,0,5,15,0,49,15,0,0,15,0,5,0,0,0,0,0,0
vladopajic__go-test-coverage,cyclonedx-gomod,15,0,49,15,0,0,15,0,5,15,0,49,15,0,0,15,0,5,0,0,0,0,0,0
gogpu__gg,syft,9,16,3,6,19,0,8,17,0,9,27,3,6,30,0,8,28,0,2,0,0,1,0,16
gogpu__gg,trivy,9,15,3,6,18,0,8,16,0,9,16,3,6,19,0,8,17,0,2,0,0,1,0,15
gogpu__gg,cdxgen,8,1,4,6,3,0,8,1,0,8,2,4,6,4,0,8,2,0,2,0,0,0,0,1
gogpu__gg,cyclonedx-gomod,8,0,4,6,2,0,7,1,1,8,0,4,6,2,0,7,1,1,1,0,0,1,0,0
fclairamb__ftpserverlib,syft,8,1,5,3,6,0,7,2,1,8,1,5,3,6,0,7,2,1,4,0,0,0,2,0
fclairamb__ftpserverlib,trivy,7,1,6,3,5,0,7,1,1,7,1,6,3,5,0,7,1,1,4,0,0,0,1,0
fclairamb__ftpserverlib,cdxgen,3,0,10,3,0,0,3,0,5,3,0,10,3,0,0,3,0,5,0,0,0,0,0,0
fclairamb__ftpserverlib,cyclonedx-gomod,3,0,10,3,0,0,3,0,5,3,0,10,3,0,0,3,0,5,0,0,0,0,0,0
Edgenesis__shifu,syft,166,0,269,126,40,0,134,32,0,166,0,269,126,40,0,134,32,0,8,1,0,2,29,0
Edgenesis__shifu,trivy,137,0,298,126,11,0,134,3,0,137,0,298,126,11,0,134,3,0,8,1,0,2,0,0
Edgenesis__shifu,cdxgen,126,0,309,126,0,0,126,0,8,126,0,309,126,0,0,126,0,8,0,0,0,0,0,0
Edgenesis__shifu,cyclonedx-gomod,119,0,316,118,1,8,118,1,16,119,0,316,118,1,8,118,1,16,0,1,0,0,0,0
corbym__gogiven,syft,2,0,0,1,1,0,2,0,0,2,0,0,1,1,0,2,0,0,1,0,0,0,0,0
corbym__gogiven,trivy,2,0,0,1,1,0,2,0,0,2,0,0,1,1,0,2,0,0,1,0,0,0,0,0
corbym__gogiven,cdxgen,1,0,1,1,0,0,1,0,1,1,0,1,1,0,0,1,0,1,0,0,0,0,0,0
corbym__gogiven,cyclonedx-gomod,1,0,1,1,0,0,1,0,1,1,0,1,1,0,0,1,0,1,0,0,0,0,0,0
aldor007__mort,syft,132,0,194,95,37,0,105,27,0,132,0,194,95,37,0,105,27,0,10,0,0,2,25,0
aldor007__mort,trivy,107,0,219,95,12,0,105,2,0,107,0,219,95,12,0,105,2,0,10,0,0,2,0,0
aldor007__mort,cdxgen,95,0,231,95,0,0,95,0,10,95,0,231,95,0,0,95,0,10,0,0,0,0,0,0
aldor007__mort,cyclonedx-gomod,97,0,229,95,2,0,95,2,10,97,0,229,95,2,0,95,2,10,0,0,0,2,0,0
govalues__money,syft,1,0,0,1,0,0,1,0,0,1,0,0,1,0,0,1,0,0,0,0,0,0,0,0
govalues__money,trivy,1,0,0,1,0,0,1,0,0,1,0,0,1,0,0,1,0,0,0,0,0,0,0,0
govalues__money,cdxgen,1,0,0,1,0,0,1,0,0,1,0,0,1,0,0,1,0,0,0,0,0,0,0,0
govalues__money,cyclonedx-gomod,1,0,0,1,0,0,1,0,0,1,0,0,1,0,0,1,0,0,0,0,0,0,0,0
awalterschulze__goderive,syft,4,0,3,3,1,0,3,1,0,4,0,3,3,1,0,3,1,0,0,0,0,0,1,0
awalterschulze__goderive,trivy,3,0,4,3,0,0,3,0,0,3,0,4,3,0,0,3,0,0,0,0,0,0,0,0
awalterschulze__goderive,cdxgen,3,0,4,3,0,0,3,0,0,3,0,4,3,0,0,3,0,0,0,0,0,0,0,0
awalterschulze__goderive,cyclonedx-gomod,3,0,4,3,0,0,3,0,0,3,0,4,3,0,0,3,0,0,0,0,0,0,0,0
krotik__eliasdb,syft,3,0,0,3,0,0,3,0,0,3,0,0,3,0,0,3,0,0,0,0,0,0,0,0
krotik__eliasdb,trivy,3,0,0,3,0,0,3,0,0,3,0,0,3,0,0,3,0,0,0,0,0,0,0,0
krotik__eliasdb,cdxgen,3,0,0,3,0,0,3,0,0,3,0,0,3,0,0,3,0,0,0,0,0,0,0,0
krotik__eliasdb,cyclonedx-gomod,3,0,0,3,0,0,3,0,0,3,0,0,3,0,0,3,0,0,0,0,0,0,0,0
ggicci__httpin,syft,NA
ggicci__httpin,trivy,NA
ggicci__httpin,cdxgen,NA
ggicci__httpin,cyclonedx-gomod,NA
aplescia-chwy__lets-go,syft,35,0,9,11,24,0,15,20,0,35,0,9,11,24,0,15,20,0,4,0,0,2,18,0
aplescia-chwy__lets-go,trivy,44,0,0,11,33,0,15,29,0,44,0,0,11,33,0,15,29,0,4,1,0,2,26,0
aplescia-chwy__lets-go,cdxgen,11,0,33,11,0,0,11,0,4,11,0,33,11,0,0,11,0,4,0,0,0,0,0,0
aplescia-chwy__lets-go,cyclonedx-gomod,12,0,32,11,1,0,11,1,4,12,0,32,11,1,0,11,1,4,0,1,0,0,0,0
andygrunwald__go-trending,syft,3,1,11,3,1,0,3,1,0,3,1,11,3,1,0,3,1,0,0,0,0,0,0,1
andygrunwald__go-trending,trivy,3,1,11,3,1,0,3,1,0,3,1,11,3,1,0,3,1,0,0,0,0,0,0,1
andygrunwald__go-trending,cdxgen,3,0,11,3,0,0,3,0,0,3,0,11,3,0,0,3,0,0,0,0,0,0,0,0
andygrunwald__go-trending,cyclonedx-gomod,3,0,11,3,0,0,3,0,0,3,0,11,3,0,0,3,0,0,0,0,0,0,0,0
go-playground__webhooks,syft,6,0,1,1,5,0,5,1,0,6,0,1,1,5,0,5,1,0,4,0,0,0,1,0
go-playground__webhooks,trivy,5,0,2,1,4,0,5,0,0,5,0,2,1,4,0,5,0,0,4,0,0,0,0,0
go-playground__webhooks,cdxgen,1,0,6,1,0,0,1,0,4,1,0,6,1,0,0,1,0,4,0,0,0,0,0,0
go-playground__webhooks,cyclonedx-gomod,1,0,6,1,0,0,1,0,4,1,0,6,1,0,0,1,0,4,0,0,0,0,0,0
shurcooL__gostatus,syft,6,0,0,6,0,0,6,0,0,6,0,0,6,0,0,6,0,0,0,0,0,0,0,0
shurcooL__gostatus,trivy,6,0,0,6,0,0,6,0,0,6,0,0,6,0,0,6,0,0,0,0,0,0,0,0
shurcooL__gostatus,cdxgen,6,0,0,6,0,0,6,0,0,6,0,0,6,0,0,6,0,0,0,0,0,0,0,0
shurcooL__gostatus,cyclonedx-gomod,6,0,0,6,0,0,6,0,0,6,0,0,6,0,0,6,0,0,0,0,0,0,0,0
alexcfv__go-pcaplite,syft,3,0,7,1,2,0,1,2,0,3,0,7,1,2,0,1,2,0,0,1,0,0,1,0
alexcfv__go-pcaplite,trivy,10,0,0,1,9,0,1,9,0,10,0,0,1,9,0,1,9,0,0,1,0,0,8,0
alexcfv__go-pcaplite,cdxgen,1,0,9,1,0,0,1,0,0,1,0,9,1,0,0,1,0,0,0,0,0,0,0,0
alexcfv__go-pcaplite,cyclonedx-gomod,2,0,8,1,1,0,1,1,0,2,0,8,1,1,0,1,1,0,0,1,0,0,0,0
Eun__go-hit,syft,44,0,8,30,14,0,35,9,0,44,42,8,30,56,0,35,51,0,5,0,0,3,6,0
Eun__go-hit,trivy,52,0,0,30,22,0,35,17,0,52,53,0,30,75,0,35,70,0,5,0,0,3,14,0
Eun__go-hit,cdxgen,38,0,14,30,8,0,35,3,0,38,0,14,30,8,0,35,3,0,5,0,0,3,0,0
Eun__go-hit,cyclonedx-gomod,30,0,22,30,0,0,30,0,5,30,0,22,30,0,0,30,0,5,0,0,0,0,0,0
Dynom__TySug,syft,13,0,3,8,5,0,9,4,0,13,0,3,8,5,0,9,4,0,1,0,0,1,3,0
Dynom__TySug,trivy,10,0,6,8,2,0,9,1,0,10,0,6,8,2,0,9,1,0,1,0,0,1,0,0
Dynom__TySug,cdxgen,8,0,8,8,0,0,8,0,1,8,0,8,8,0,0,8,0,1,0,0,0,0,0,0
Dynom__TySug,cyclonedx-gomod,9,0,7,8,1,0,8,1,1,9,0,7,8,1,0,8,1,1,0,0,0,1,0,0
utahta__go-cronowriter,syft,10,0,0,2,8,0,2,8,0,10,0,0,2,8,0,2,8,0,0,0,0,8,0,0
utahta__go-cronowriter,trivy,10,0,0,2,8,0,2,8,0,10,0,0,2,8,0,2,8,0,0,0,0,8,0,0
utahta__go-cronowriter,cdxgen,2,0,8,2,0,0,2,0,0,2,0,8,2,0,0,2,0,0,0,0,0,0,0,0
utahta__go-cronowriter,cyclonedx-gomod,2,0,8,2,0,0,2,0,0,2,0,8,2,0,0,2,0,0,0,0,0,0,0,0
xujiajun__nutsdb,syft,17,0,3,13,4,0,13,4,0,17,0,3,13,4,0,13,4,0,0,0,0,2,2,0
xujiajun__nutsdb,trivy,15,0,5,13,2,0,13,2,0,15,0,5,13,2,0,13,2,0,0,0,0,2,0,0
xujiajun__nutsdb,cdxgen,13,0,7,13,0,0,13,0,0,13,0,7,13,0,0,13,0,0,0,0,0,0,0,0
xujiajun__nutsdb,cyclonedx-gomod,10,0,10,10,0,3,10,0,3,10,0,10,10,0,3,10,0,3,0,0,0,0,0,0
markbates__goth,syft,31,0,13,19,12,0,25,6,0,31,0,13,19,12,0,25,6,0,6,0,0,5,1,0
markbates__goth,trivy,30,0,14,19,11,0,25,5,0,30,0,14,19,11,0,25,5,0,6,0,0,5,0,0
markbates__goth,cdxgen,19,0,25,19,0,0,19,0,6,19,0,25,19,0,0,19,0,6,0,0,0,0,0,0
markbates__goth,cyclonedx-gomod,21,0,23,19,2,0,19,2,6,21,0,23,19,2,0,19,2,6,0,0,0,2,0,0
truemail-rb__truemail-go,syft,16,0,6,12,4,0,12,4,0,16,0,6,12,4,0,12,4,0,0,0,0,3,1,0
truemail-rb__truemail-go,trivy,15,0,7,12,3,0,12,3,0,15,0,7,12,3,0,12,3,0,0,0,0,3,0,0
truemail-rb__truemail-go,cdxgen,12,0,10,12,0,0,12,0,0,12,0,10,12,0,0,12,0,0,0,0,0,0,0,0
truemail-rb__truemail-go,cyclonedx-gomod,15,0,7,12,3,0,12,3,0,15,0,7,12,3,0,12,3,0,0,0,0,3,0,0
sourcegraph__zoekt,syft,177,0,210,121,56,0,131,46,0,177,0,210,121,56,0,131,46,0,10,4,0,3,39,0
sourcegraph__zoekt,trivy,138,0,249,121,17,0,131,7,0,138,0,249,121,17,0,131,7,0,10,4,0,3,0,0
sourcegraph__zoekt,cdxgen,121,0,266,121,0,0,121,0,10,121,0,266,121,0,0,121,0,10,0,0,0,0,0,0
sourcegraph__zoekt,cyclonedx-gomod,126,0,261,120,6,1,120,6,11,126,0,261,120,6,1,120,6,11,0,4,0,2,0,0
paulmach__osm,syft,8,0,31,5,3,0,6,2,0,8,0,31,5,3,0,6,2,0,1,0,0,0,2,0
paulmach__osm,trivy,6,0,33,5,1,0,6,0,0,6,0,33,5,1,0,6,0,0,1,0,0,0,0,0
paulmach__osm,cdxgen,5,0,34,5,0,0,5,0,1,5,0,34,5,0,0,5,0,1,0,0,0,0,0,0
paulmach__osm,cyclonedx-gomod,5,0,34,5,0,0,5,0,1,5,0,34,5,0,0,5,0,1,0,0,0,0,0,0
etcd-io__raft,syft,8,55,2,6,57,0,6,57,0,8,56,2,6,58,0,6,58,0,0,0,0,0,2,55
etcd-io__raft,trivy,7,56,3,6,57,0,6,57,0,6,57,4,6,57,0,6,57,0,0,0,0,0,1,56
etcd-io__raft,cdxgen,7,55,3,6,56,0,6,56,0,6,56,4,6,56,0,6,56,0,0,0,0,0,1,55
etcd-io__raft,cyclonedx-gomod,4,0,6,4,0,2,4,0,2,4,0,6,4,0,2,4,0,2,0,0,0,0,0,0
PerimeterX__marshmallow,syft,4,0,1,2,2,0,4,0,0,4,0,1,2,2,0,4,0,0,2,0,0,0,0,0
PerimeterX__marshmallow,trivy,4,0,1,2,2,0,4,0,0,4,0,1,2,2,0,4,0,0,2,0,0,0,0,0
PerimeterX__marshmallow,cdxgen,2,0,3,2,0,0,2,0,2,2,0,3,2,0,0,2,0,2,0,0,0,0,0,0
PerimeterX__marshmallow,cyclonedx-gomod,2,0,3,2,0,0,2,0,2,2,0,3,2,0,0,2,0,2,0,0,0,0,0,0
MarvinJWendt__testza,syft,19,0,9,16,3,0,16,3,0,19,0,9,16,3,0,16,3,0,0,0,0,0,3,0
MarvinJWendt__testza,trivy,16,0,12,16,0,0,16,0,0,16,0,12,16,0,0,16,0,0,0,0,0,0,0,0
MarvinJWendt__testza,cdxgen,16,0,12,16,0,0,16,0,0,16,0,12,16,0,0,16,0,0,0,0,0,0,0,0
MarvinJWendt__testza,cyclonedx-gomod,16,0,12,16,0,0,16,0,0,16,0,12,16,0,0,16,0,0,0,0,0,0,0,0
ndabAP__entitydebs,syft,42,0,37,29,13,0,30,12,0,42,0,37,29,13,0,30,12,0,1,0,0,0,12,0
ndabAP__entitydebs,trivy,30,0,49,29,1,0,30,0,0,30,0,49,29,1,0,30,0,0,1,0,0,0,0,0
ndabAP__entitydebs,cdxgen,29,0,50,29,0,0,29,0,1,29,0,50,29,0,0,29,0,1,0,0,0,0,0,0
ndabAP__entitydebs,cyclonedx-gomod,29,0,50,29,0,0,29,0,1,29,0,50,29,0,0,29,0,1,0,0,0,0,0,0
chrislusf__gleam,syft,96,0,182,68,28,0,68,28,0,96,0,182,68,28,0,68,28,0,0,0,0,2,26,0
chrislusf__gleam,trivy,70,0,208,68,2,0,68,2,0,70,0,208,68,2,0,68,2,0,0,0,0,2,0,0
chrislusf__gleam,cdxgen,68,0,210,68,0,0,68,0,0,68,0,210,68,0,0,68,0,0,0,0,0,0,0,0
chrislusf__gleam,cyclonedx-gomod,69,0,209,68,1,0,68,1,0,69,0,209,68,1,0,68,1,0,0,0,0,1,0,0
allaboutapps__go-starter,syft,147,0,100,87,60,0,95,52,0,147,0,100,87,60,0,95,52,0,8,1,1,34,16,0
allaboutapps__go-starter,trivy,131,0,116,87,44,0,95,36,0,131,0,116,87,44,0,95,36,0,8,1,1,34,0,0
allaboutapps__go-starter,cdxgen,87,0,160,87,0,0,87,0,8,87,0,160,87,0,0,87,0,8,0,0,0,0,0,0
allaboutapps__go-starter,cyclonedx-gomod,130,0,117,87,43,0,94,36,1,130,0,117,87,43,0,94,36,1,7,1,1,34,0,0
stretchr__testify,syft,3,1,0,2,2,0,2,2,0,3,1,0,2,2,0,2,2,0,0,0,0,0,1,1
stretchr__testify,trivy,3,1,0,2,2,0,2,2,0,3,1,0,2,2,0,2,2,0,0,0,0,0,1,1
stretchr__testify,cdxgen,2,0,1,2,0,0,2,0,0,2,0,1,2,0,0,2,0,0,0,0,0,0,0,0
stretchr__testify,cyclonedx-gomod,2,0,1,2,0,0,2,0,0,2,0,1,2,0,0,2,0,0,0,0,0,0,0,0
antham__yogo,syft,27,0,13,17,10,0,22,5,0,27,0,13,17,10,0,22,5,0,5,1,0,2,2,0
antham__yogo,trivy,25,0,15,17,8,0,22,3,0,25,0,15,17,8,0,22,3,0,5,1,0,2,0,0
antham__yogo,cdxgen,17,0,23,17,0,0,17,0,5,17,0,23,17,0,0,17,0,5,0,0,0,0,0,0
antham__yogo,cyclonedx-gomod,18,0,22,17,1,0,17,1,5,18,0,22,17,1,0,17,1,5,0,1,0,0,0,0
whitaker-io__machine,syft,1,46,0,1,46,0,1,46,0,1,51,0,1,51,0,1,51,0,0,0,0,0,0,46
whitaker-io__machine,trivy,1,41,0,1,41,0,1,41,0,1,45,0,1,45,0,1,45,0,0,0,0,0,0,41
whitaker-io__machine,cdxgen,1,31,0,1,31,0,1,31,0,1,34,0,1,34,0,1,34,0,0,0,0,0,0,31
whitaker-io__machine,cyclonedx-gomod,1,0,0,1,0,0,1,0,0,1,0,0,1,0,0,1,0,0,0,0,0,0,0,0
jutkko__copy-pasta,syft,24,0,5,10,14,0,18,6,0,24,11,5,10,25,0,18,17,0,8,0,0,1,5,0
jutkko__copy-pasta,trivy,29,0,0,10,19,0,18,11,0,29,12,0,10,31,0,18,23,0,8,0,0,1,10,0
jutkko__copy-pasta,cdxgen,21,0,8,10,11,0,18,3,0,21,0,8,10,11,0,18,3,0,8,0,0,1,2,0
jutkko__copy-pasta,cyclonedx-gomod,14,0,15,10,4,0,11,3,7,14,0,15,10,4,0,11,3,7,1,0,0,1,2,0
mainak55512__stto,syft,4,0,0,3,1,0,3,1,0,4,0,0,3,1,0,3,1,0,0,0,0,0,1,0
mainak55512__stto,trivy,3,0,1,3,0,0,3,0,0,3,0,1,3,0,0,3,0,0,0,0,0,0,0,0
mainak55512__stto,cdxgen,3,0,1,3,0,0,3,0,0,3,0,1,3,0,0,3,0,0,0,0,0,0,0,0
mainak55512__stto,cyclonedx-gomod,3,0,1,3,0,0,3,0,0,3,0,1,3,0,0,3,0,0,0,0,0,0,0,0
tinygo-org__tinygo,syft,50,14,39,15,49,0,17,47,0,50,15,39,15,50,0,17,48,0,2,0,5,21,7,14
tinygo-org__tinygo,trivy,43,12,46,15,40,0,17,38,0,43,13,46,15,41,0,17,39,0,2,0,5,21,0,12
tinygo-org__tinygo,cdxgen,43,7,46,15,35,0,17,33,0,43,8,46,15,36,0,17,34,0,2,0,5,21,0,7
tinygo-org__tinygo,cyclonedx-gomod,40,0,49,15,25,0,15,25,2,40,0,49,15,25,0,15,25,2,0,0,4,21,0,0
TwinProduction__gatus,syft,126,0,36,88,38,0,89,37,0,126,0,36,88,38,0,89,37,0,1,2,0,3,32,0
TwinProduction__gatus,trivy,94,0,68,88,6,0,89,5,0,94,0,68,88,6,0,89,5,0,1,2,0,3,0,0
TwinProduction__gatus,cdxgen,88,0,74,88,0,0,88,0,1,88,0,74,88,0,0,88,0,1,0,0,0,0,0,0
TwinProduction__gatus,cyclonedx-gomod,93,0,69,88,5,0,88,5,1,93,0,69,88,5,0,88,5,1,0,2,0,3,0,0
blockloop__scan,syft,10,0,6,1,9,0,6,4,0,10,0,6,1,9,0,6,4,0,5,0,0,2,2,0
blockloop__scan,trivy,8,1,8,1,8,0,6,3,0,8,1,8,1,8,0,6,3,0,5,0,0,2,0,1
blockloop__scan,cdxgen,8,0,8,1,7,0,6,2,0,8,0,8,1,7,0,6,2,0,5,0,0,2,0,0
blockloop__scan,cyclonedx-gomod,1,0,15,1,0,0,1,0,5,1,0,15,1,0,0,1,0,5,0,0,0,0,0,0
zegl__goriak,syft,10,0,1,4,6,0,8,2,0,10,0,1,4,6,0,8,2,0,4,0,0,0,0,2
zegl__goriak,trivy,9,0,2,4,5,0,8,1,0,9,0,2,4,5,0,8,1,0,4,0,0,0,0,1
zegl__goriak,cdxgen,4,0,7,4,0,0,4,0,4,4,0,7,4,0,0,4,0,4,0,0,0,0,0,0
zegl__goriak,cyclonedx-gomod,4,0,7,4,0,0,4,0,4,4,0,7,4,0,0,4,0,4,0,0,0,0,0,0
connectordb__connectordb,syft,73,0,173,46,27,0,46,27,0,73,0,173,46,27,0,46,27,0,0,1,0,18,8,0
connectordb__connectordb,trivy,65,0,181,46,19,0,46,19,0,65,0,181,46,19,0,46,19,0,0,1,0,18,0,0
connectordb__connectordb,cdxgen,46,0,200,46,0,0,46,0,0,46,0,200,46,0,0,46,0,0,0,0,0,0,0,0
connectordb__connectordb,cyclonedx-gomod,46,0,200,42,4,4,42,4,4,46,0,200,42,4,4,42,4,4,0,1,0,3,0,0
golang-design__clipboard,syft,6,0,7,3,3,0,3,3,0,6,0,7,3,3,0,3,3,0,0,2,1,0,0,0
golang-design__clipboard,trivy,6,0,7,3,3,0,3,3,0,6,0,7,3,3,0,3,3,0,0,2,1,0,0,0
golang-design__clipboard,cdxgen,3,0,10,3,0,0,3,0,0,3,0,10,3,0,0,3,0,0,0,0,0,0,0,0
golang-design__clipboard,cyclonedx-gomod,6,0,7,3,3,0,3,3,0,6,0,7,3,3,0,3,3,0,0,2,1,0,0,0
Humpheh__goboy,syft,17,0,11,8,9,0,12,5,0,17,0,11,8,9,0,12,5,0,4,1,0,3,1,0
Humpheh__goboy,trivy,16,0,12,8,8,0,12,4,0,16,0,12,8,8,0,12,4,0,4,1,0,3,0,0
Humpheh__goboy,cdxgen,8,0,20,8,0,0,8,0,4,8,0,20,8,0,0,8,0,4,0,0,0,0,0,0
Humpheh__goboy,cyclonedx-gomod,12,0,16,8,4,0,8,4,4,12,0,16,8,4,0,8,4,4,0,1,0,3,0,0
psampaz__gothanks,syft,13,0,19,5,8,0,5,8,0,13,0,19,5,8,0,5,8,0,0,0,0,2,6,0
psampaz__gothanks,trivy,32,0,0,5,27,0,5,27,0,32,0,0,5,27,0,5,27,0,0,0,0,2,25,0
psampaz__gothanks,cdxgen,5,0,27,5,0,0,5,0,0,5,0,27,5,0,0,5,0,0,0,0,0,0,0,0
psampaz__gothanks,cyclonedx-gomod,9,0,23,5,4,0,5,4,0,9,0,23,5,4,0,5,4,0,0,0,0,2,2,0
Guitarbum722__align,syft,1,0,0,1,0,0,1,0,0,1,0,0,1,0,0,1,0,0,0,0,0,0,0,0
Guitarbum722__align,trivy,1,0,0,1,0,0,1,0,0,1,0,0,1,0,0,1,0,0,0,0,0,0,0,0
Guitarbum722__align,cdxgen,1,0,0,1,0,0,1,0,0,1,0,0,1,0,0,1,0,0,0,0,0,0,0,0
Guitarbum722__align,cyclonedx-gomod,1,0,0,1,0,0,1,0,0,1,0,0,1,0,0,1,0,0,0,0,0,0,0,0
aler9__goroslib,syft,45,0,9,22,23,0,26,19,0,45,0,9,22,23,0,26,19,0,4,1,0,0,18,0
aler9__goroslib,trivy,27,0,27,22,5,0,26,1,0,27,0,27,22,5,0,26,1,0,4,1,0,0,0,0
aler9__goroslib,cdxgen,22,0,32,22,0,0,22,0,4,22,0,32,22,0,0,22,0,4,0,0,0,0,0,0
aler9__goroslib,cyclonedx-gomod,23,0,31,22,1,0,22,1,4,23,0,31,22,1,0,22,1,4,0,1,0,0,0,0
Haraj-backend__hex-monscape,syft,28,0,25,16,12,0,20,8,0,28,0,25,16,12,0,20,8,0,4,0,0,2,6,0
Haraj-backend__hex-monscape,trivy,22,0,31,16,6,0,20,2,0,22,0,31,16,6,0,20,2,0,4,0,0,2,0,0
Haraj-backend__hex-monscape,cdxgen,16,0,37,16,0,0,16,0,4,16,0,37,16,0,0,16,0,4,0,0,0,0,0,0
Haraj-backend__hex-monscape,cyclonedx-gomod,16,0,37,16,0,0,16,0,4,16,0,37,16,0,0,16,0,4,0,0,0,0,0,0
liujianping__job,syft,38,0,77,25,13,0,25,13,0,38,0,77,25,13,0,25,13,0,0,0,0,0,13,0
liujianping__job,trivy,115,0,0,25,90,0,25,90,0,115,0,0,25,90,0,25,90,0,0,1,0,0,89,0
liujianping__job,cdxgen,25,0,90,25,0,0,25,0,0,25,0,90,25,0,0,25,0,0,0,0,0,0,0,0
liujianping__job,cyclonedx-gomod,NA
Zaba505__gws,syft,24,0,9,2,22,0,2,22,0,24,0,9,2,22,0,2,22,0,0,0,0,0,22,0
Zaba505__gws,trivy,33,0,0,2,31,0,2,31,0,33,0,0,2,31,0,2,31,0,0,0,0,0,31,0
Zaba505__gws,cdxgen,2,0,31,2,0,0,2,0,0,2,0,31,2,0,0,2,0,0,0,0,0,0,0,0
Zaba505__gws,cyclonedx-gomod,2,0,31,2,0,0,2,0,0,2,0,31,2,0,0,2,0,0,0,0,0,0,0,0
Fs02__go-todo-backend,syft,40,0,11,16,24,0,17,23,0,40,0,11,16,24,0,17,23,0,1,0,0,0,23,0
Fs02__go-todo-backend,trivy,17,0,34,16,1,0,17,0,0,17,0,34,16,1,0,17,0,0,1,0,0,0,0,0
Fs02__go-todo-backend,cdxgen,17,0,34,16,1,0,17,0,0,17,0,34,16,1,0,17,0,0,1,0,0,0,0,0
Fs02__go-todo-backend,cyclonedx-gomod,15,0,36,15,0,1,15,0,2,15,0,36,15,0,1,15,0,2,0,0,0,0,0,0
nlpodyssey__spago,syft,9,0,4,1,8,0,5,4,0,9,0,4,1,8,0,5,4,0,4,0,0,2,2,0
nlpodyssey__spago,trivy,7,0,6,1,6,0,5,2,0,7,0,6,1,6,0,5,2,0,4,0,0,2,0,0
nlpodyssey__spago,cdxgen,1,0,12,1,0,0,1,0,4,1,0,12,1,0,0,1,0,4,0,0,0,0,0,0
nlpodyssey__spago,cyclonedx-gomod,1,0,12,1,0,0,1,0,4,1,0,12,1,0,0,1,0,4,0,0,0,0,0,0
esurdam__go-sophos,syft,3,0,0,2,1,0,2,1,0,3,0,0,2,1,0,2,1,0,0,0,0,0,0,1
esurdam__go-sophos,trivy,3,0,0,2,1,0,2,1,0,3,0,0,2,1,0,2,1,0,0,0,0,0,0,1
esurdam__go-sophos,cdxgen,2,0,1,2,0,0,2,0,0,2,0,1,2,0,0,2,0,0,0,0,0,0,0,0
esurdam__go-sophos,cyclonedx-gomod,2,0,1,2,0,0,2,0,0,2,0,1,2,0,0,2,0,0,0,0,0,0,0,0
asticode__go-astisub,syft,9,0,5,4,5,0,8,1,0,9,0,5,4,5,0,8,1,0,4,0,0,0,1,0
asticode__go-astisub,trivy,14,0,0,4,10,0,8,6,0,14,0,0,4,10,0,8,6,0,4,0,0,0,6,0
asticode__go-astisub,cdxgen,4,0,10,4,0,0,4,0,4,4,0,10,4,0,0,4,0,4,0,0,0,0,0,0
asticode__go-astisub,cyclonedx-gomod,4,0,10,4,0,0,4,0,4,4,0,10,4,0,0,4,0,4,0,0,0,0,0,0
bitfield__gotestdox,syft,8,0,4,5,3,0,8,0,0,8,0,4,5,3,0,8,0,0,3,0,0,0,0,0
bitfield__gotestdox,trivy,8,0,4,5,3,0,8,0,0,8,0,4,5,3,0,8,0,0,3,0,0,0,0,0
bitfield__gotestdox,cdxgen,5,0,7,5,0,0,5,0,3,5,0,7,5,0,0,5,0,3,0,0,0,0,0,0
bitfield__gotestdox,cyclonedx-gomod,5,0,7,5,0,0,5,0,3,5,0,7,5,0,0,5,0,3,0,0,0,0,0,0
leporo__sqlf,syft,7,0,1,1,6,0,6,1,0,7,0,1,1,6,0,6,1,0,5,0,0,0,1,0
leporo__sqlf,trivy,8,0,0,1,7,0,6,2,0,8,0,0,1,7,0,6,2,0,5,0,0,0,2,0
leporo__sqlf,cdxgen,1,0,7,1,0,0,1,0,5,1,0,7,1,0,0,1,0,5,0,0,0,0,0,0
leporo__sqlf,cyclonedx-gomod,1,0,7,1,0,0,1,0,5,1,0,7,1,0,0,1,0,5,0,0,0,0,0,0
luno__workflow,syft,31,124,11,15,140,0,16,139,0,24,188,18,15,197,0,16,196,0,1,0,0,1,5,133
luno__workflow,trivy,25,107,17,15,117,0,16,116,0,19,146,23,15,150,0,16,149,0,1,0,0,1,0,115
luno__workflow,cdxgen,22,43,20,15,50,0,15,50,1,17,61,25,15,63,0,15,63,1,0,0,0,0,0,50
luno__workflow,cyclonedx-gomod,15,0,27,15,0,0,15,0,1,15,0,27,15,0,0,15,0,1,0,0,0,0,0,0
uber-go__dig,syft,5,0,1,4,1,0,4,1,0,5,0,1,4,1,0,4,1,0,0,0,0,0,1,0
uber-go__dig,trivy,4,0,2,4,0,0,4,0,0,4,0,2,4,0,0,4,0,0,0,0,0,0,0,0
uber-go__dig,cdxgen,4,0,2,4,0,0,4,0,0,4,0,2,4,0,0,4,0,0,0,0,0,0,0,0
uber-go__dig,cyclonedx-gomod,1,0,5,1,0,3,1,0,3,1,0,5,1,0,3,1,0,3,0,0,0,0,0,0
cch123__elasticsql,syft,1,0,0,1,0,0,1,0,0,1,0,0,1,0,0,1,0,0,0,0,0,0,0,0
cch123__elasticsql,trivy,1,0,0,1,0,0,1,0,0,1,0,0,1,0,0,1,0,0,0,0,0,0,0,0
cch123__elasticsql,cdxgen,1,0,0,1,0,0,1,0,0,1,0,0,1,0,0,1,0,0,0,0,0,0,0,0
cch123__elasticsql,cyclonedx-gomod,1,0,0,1,0,0,1,0,0,1,0,0,1,0,0,1,0,0,0,0,0,0,0,0
hajimehoshi__oto,syft,3,0,0,2,1,0,2,1,0,3,0,0,2,1,0,2,1,0,0,1,0,0,0,0
hajimehoshi__oto,trivy,3,0,0,2,1,0,2,1,0,3,0,0,2,1,0,2,1,0,0,1,0,0,0,0
hajimehoshi__oto,cdxgen,2,0,1,2,0,0,2,0,0,2,0,1,2,0,0,2,0,0,0,0,0,0,0,0
hajimehoshi__oto,cyclonedx-gomod,3,0,0,2,1,0,2,1,0,3,0,0,2,1,0,2,1,0,0,1,0,0,0,0
VividCortex__robustly,syft,1,0,0,1,0,0,1,0,0,1,0,0,1,0,0,1,0,0,0,0,0,0,0,0
VividCortex__robustly,trivy,1,0,0,1,0,0,1,0,0,1,0,0,1,0,0,1,0,0,0,0,0,0,0,0
VividCortex__robustly,cdxgen,1,0,0,1,0,0,1,0,0,1,0,0,1,0,0,1,0,0,0,0,0,0,0,0
VividCortex__robustly,cyclonedx-gomod,1,0,0,1,0,0,1,0,0,1,0,0,1,0,0,1,0,0,0,0,0,0,0,0
vadiminshakov__committer,syft,34,0,77,24,10,0,28,6,0,34,0,77,24,10,0,28,6,0,4,0,0,0,6,0
vadiminshakov__committer,trivy,28,0,83,24,4,0,28,0,0,28,0,83,24,4,0,28,0,0,4,0,0,0,0,0
vadiminshakov__committer,cdxgen,24,0,87,24,0,0,24,0,4,24,0,87,24,0,0,24,0,4,0,0,0,0,0,0
vadiminshakov__committer,cyclonedx-gomod,24,0,87,24,0,0,24,0,4,24,0,87,24,0,0,24,0,4,0,0,0,0,0,0
llir__llvm,syft,8,1,10,5,4,0,6,3,0,7,2,11,5,4,0,6,3,0,1,0,1,0,1,1
llir__llvm,trivy,18,2,0,5,15,0,6,14,0,18,3,0,5,16,0,6,15,0,1,0,1,0,11,2
llir__llvm,cdxgen,7,1,11,5,3,0,5,3,1,6,2,12,5,3,0,5,3,1,0,0,1,0,1,1
llir__llvm,cyclonedx-gomod,8,0,10,5,3,0,5,3,1,8,0,10,5,3,0,5,3,1,0,0,1,0,2,0
fish-tennis__gnet,syft,3,0,1,2,1,0,2,1,0,3,0,1,2,1,0,2,1,0,0,0,0,0,1,0
fish-tennis__gnet,trivy,3,0,1,2,1,0,2,1,0,3,0,1,2,1,0,2,1,0,0,0,0,0,1,0
fish-tennis__gnet,cdxgen,2,0,2,2,0,0,2,0,0,2,0,2,2,0,0,2,0,0,0,0,0,0,0,0
fish-tennis__gnet,cyclonedx-gomod,2,0,2,2,0,0,2,0,0,2,0,2,2,0,0,2,0,0,0,0,0,0,0,0
go-beans__go,syft,10,0,0,5,5,0,9,1,0,10,0,0,5,5,0,9,1,0,4,0,0,0,1,0
go-beans__go,trivy,9,0,1,5,4,0,9,0,0,9,0,1,5,4,0,9,0,0,4,0,0,0,0,0
go-beans__go,cdxgen,5,0,5,5,0,0,5,0,4,5,0,5,5,0,0,5,0,4,0,0,0,0,0,0
go-beans__go,cyclonedx-gomod,5,0,5,5,0,0,5,0,4,5,0,5,5,0,0,5,0,4,0,0,0,0,0,0
mikekonan__go-types,syft,9,0,3,4,5,0,4,5,0,9,0,3,4,5,0,4,5,0,0,0,1,0,0,4
mikekonan__go-types,trivy,5,0,7,4,1,0,4,1,0,5,0,7,4,1,0,4,1,0,0,0,1,0,0,0
mikekonan__go-types,cdxgen,4,0,8,4,0,0,4,0,0,4,0,8,4,0,0,4,0,0,0,0,0,0,0,0
mikekonan__go-types,cyclonedx-gomod,4,0,8,4,0,0,4,0,0,4,0,8,4,0,0,4,0,0,0,0,0,0,0,0
LimeChain__gosemble,syft,80,1,204,26,55,0,26,55,0,77,4,207,26,55,0,26,55,0,0,2,3,49,1,0
LimeChain__gosemble,trivy,77,1,207,26,52,0,26,52,0,77,1,207,26,52,0,26,52,0,0,2,0,49,1,0
LimeChain__gosemble,cdxgen,81,4,203,26,59,0,26,59,0,81,4,203,26,59,0,26,59,0,0,2,3,50,1,3
LimeChain__gosemble,cyclonedx-gomod,NA
prashantgupta24__go-clip,syft,28,0,19,21,7,0,25,3,0,28,0,19,21,7,0,25,3,0,4,0,0,0,3,0
prashantgupta24__go-clip,trivy,47,0,0,21,26,0,25,22,0,47,0,0,21,26,0,25,22,0,4,0,0,0,22,0
prashantgupta24__go-clip,cdxgen,5,0,42,4,1,17,5,0,20,5,0,42,4,1,17,5,0,20,1,0,0,0,0,0
prashantgupta24__go-clip,cyclonedx-gomod,22,0,25,21,1,0,21,1,4,22,0,25,21,1,0,21,1,4,0,0,0,0,1,0
slack-go__slack,syft,7,0,1,1,6,0,6,1,0,7,0,1,1,6,0,6,1,0,5,0,0,0,1,0
slack-go__slack,trivy,6,0,2,1,5,0,6,0,0,6,0,2,1,5,0,6,0,0,5,0,0,0,0,0
slack-go__slack,cdxgen,1,0,7,1,0,0,1,0,5,1,0,7,1,0,0,1,0,5,0,0,0,0,0,0
slack-go__slack,cyclonedx-gomod,1,0,7,1,0,0,1,0,5,1,0,7,1,0,0,1,0,5,0,0,0,0,0,0
unrolled__render,syft,2,0,0,2,0,0,2,0,0,2,0,0,2,0,0,2,0,0,0,0,0,0,0,0
unrolled__render,trivy,2,0,0,2,0,0,2,0,0,2,0,0,2,0,0,2,0,0,0,0,0,0,0,0
unrolled__render,cdxgen,2,0,0,2,0,0,2,0,0,2,0,0,2,0,0,2,0,0,0,0,0,0,0,0
unrolled__render,cyclonedx-gomod,2,0,0,2,0,0,2,0,0,2,0,0,2,0,0,2,0,0,0,0,0,0,0,0
Mutasem-mk4__procscope,syft,69,0,32,50,19,0,50,19,0,69,0,32,50,19,0,50,19,0,0,1,0,0,18,0
Mutasem-mk4__procscope,trivy,51,0,50,50,1,0,50,1,0,51,0,50,50,1,0,50,1,0,0,1,0,0,0,0
Mutasem-mk4__procscope,cdxgen,51,0,50,50,1,0,50,1,0,51,0,50,50,1,0,50,1,0,0,1,0,0,0,0
Mutasem-mk4__procscope,cyclonedx-gomod,51,0,50,50,1,0,50,1,0,51,0,50,50,1,0,50,1,0,0,1,0,0,0,0
microcosm-cc__bluemonday,syft,3,0,4,3,0,0,3,0,0,3,0,4,3,0,0,3,0,0,0,0,0,0,0,0
microcosm-cc__bluemonday,trivy,3,0,4,3,0,0,3,0,0,3,0,4,3,0,0,3,0,0,0,0,0,0,0,0
microcosm-cc__bluemonday,cdxgen,3,0,4,3,0,0,3,0,0,3,0,4,3,0,0,3,0,0,0,0,0,0,0,0
microcosm-cc__bluemonday,cyclonedx-gomod,3,0,4,3,0,0,3,0,0,3,0,4,3,0,0,3,0,0,0,0,0,0,0,0
flosch__pongo2,syft,1,0,3,1,0,0,1,0,0,1,0,3,1,0,0,1,0,0,0,0,0,0,0,0
flosch__pongo2,trivy,1,0,3,1,0,0,1,0,0,1,0,3,1,0,0,1,0,0,0,0,0,0,0,0
flosch__pongo2,cdxgen,1,0,3,1,0,0,1,0,0,1,0,3,1,0,0,1,0,0,0,0,0,0,0,0
flosch__pongo2,cyclonedx-gomod,1,0,3,1,0,0,1,0,0,1,0,3,1,0,0,1,0,0,0,0,0,0,0,0
mr-linch__go-tg,syft,10,10,3,2,18,0,7,13,0,8,12,5,2,18,0,7,13,0,5,0,0,0,1,12
mr-linch__go-tg,trivy,9,6,4,2,13,0,7,8,0,7,8,6,2,13,0,7,8,0,5,0,0,0,0,8
mr-linch__go-tg,cdxgen,5,5,8,2,8,0,3,7,4,3,7,10,2,8,0,3,7,4,1,0,0,0,0,7
mr-linch__go-tg,cyclonedx-gomod,2,0,11,2,0,0,2,0,5,2,0,11,2,0,0,2,0,5,0,0,0,0,0,0
go-furnace__go-furnace,syft,42,0,24,34,8,0,34,8,0,42,0,24,34,8,0,34,8,0,0,0,0,3,5,0
go-furnace__go-furnace,trivy,66,0,0,34,32,0,34,32,0,66,0,0,34,32,0,34,32,0,0,0,0,3,29,0
go-furnace__go-furnace,cdxgen,34,0,32,34,0,0,34,0,0,34,0,32,34,0,0,34,0,0,0,0,0,0,0,0
go-furnace__go-furnace,cyclonedx-gomod,35,0,31,34,1,0,34,1,0,35,0,31,34,1,0,34,1,0,0,0,0,0,1,0
openshift__osin,syft,11,0,2,7,4,0,7,4,0,11,3,2,7,7,0,7,7,0,0,0,1,0,3,0
openshift__osin,trivy,13,0,0,7,6,0,7,6,0,13,3,0,7,9,0,7,9,0,0,0,1,0,5,0
openshift__osin,cdxgen,10,0,3,7,3,0,7,3,0,10,0,3,7,3,0,7,3,0,0,0,1,0,2,0
openshift__osin,cyclonedx-gomod,10,0,3,7,3,0,7,3,0,10,0,3,7,3,0,7,3,0,0,0,1,0,2,0
marlow__marlow,syft,2,0,0,1,1,0,2,0,0,2,0,0,1,1,0,2,0,0,1,0,0,0,0,0
marlow__marlow,trivy,2,0,0,1,1,0,2,0,0,2,0,0,1,1,0,2,0,0,1,0,0,0,0,0
marlow__marlow,cdxgen,1,0,1,1,0,0,1,0,1,1,0,1,1,0,0,1,0,1,0,0,0,0,0,0
marlow__marlow,cyclonedx-gomod,1,0,1,1,0,0,1,0,1,1,0,1,1,0,0,1,0,1,0,0,0,0,0,0
gontainer__gontainer,syft,19,0,42,12,7,0,15,4,0,19,0,42,12,7,0,15,4,0,3,1,0,0,3,0
gontainer__gontainer,trivy,16,0,45,12,4,0,15,1,0,16,0,45,12,4,0,15,1,0,3,1,0,0,0,0
gontainer__gontainer,cdxgen,12,0,49,12,0,0,12,0,3,12,0,49,12,0,0,12,0,3,0,0,0,0,0,0
gontainer__gontainer,cyclonedx-gomod,13,0,48,12,1,0,12,1,3,13,0,48,12,1,0,12,1,3,0,1,0,0,0,0
itchyny__bed,syft,8,0,7,8,0,0,8,0,0,8,0,7,8,0,0,8,0,0,0,0,0,0,0,0
itchyny__bed,trivy,8,0,7,8,0,0,8,0,0,8,0,7,8,0,0,8,0,0,0,0,0,0,0,0
itchyny__bed,cdxgen,8,0,7,8,0,0,8,0,0,8,0,7,8,0,0,8,0,0,0,0,0,0,0,0
itchyny__bed,cyclonedx-gomod,8,0,7,8,0,0,8,0,0,8,0,7,8,0,0,8,0,0,0,0,0,0,0,0
chenquan__go-pkg,syft,10,0,12,2,8,0,7,3,0,10,0,12,2,8,0,7,3,0,5,0,0,0,3,0
chenquan__go-pkg,trivy,22,0,0,2,20,0,7,15,0,22,0,0,2,20,0,7,15,0,5,0,0,0,15,0
chenquan__go-pkg,cdxgen,2,0,20,2,0,0,2,0,5,2,0,20,2,0,0,2,0,5,0,0,0,0,0,0
chenquan__go-pkg,cyclonedx-gomod,2,0,20,2,0,0,2,0,5,2,0,20,2,0,0,2,0,5,0,0,0,0,0,0
g3n__engine,syft,5,0,2,4,1,0,4,1,0,5,0,2,4,1,0,4,1,0,0,0,0,0,1,0
g3n__engine,trivy,7,0,0,4,3,0,4,3,0,7,0,0,4,3,0,4,3,0,0,0,0,0,3,0
g3n__engine,cdxgen,4,0,3,4,0,0,4,0,0,4,0,3,4,0,0,4,0,0,0,0,0,0,0,0
g3n__engine,cyclonedx-gomod,4,0,3,4,0,0,4,0,0,4,0,3,4,0,0,4,0,0,0,0,0,0,0,0
inconshreveable__log15,syft,3,2,0,3,2,0,3,2,0,3,2,0,3,2,0,3,2,0,0,0,0,0,0,2
inconshreveable__log15,trivy,3,2,0,3,2,0,3,2,0,3,2,0,3,2,0,3,2,0,0,0,0,0,0,2
inconshreveable__log15,cdxgen,3,1,0,3,1,0,3,1,0,3,1,0,3,1,0,3,1,0,0,0,0,0,0,1
inconshreveable__log15,cyclonedx-gomod,3,0,0,3,0,0,3,0,0,3,0,0,3,0,0,3,0,0,0,0,0,0,0,0
kslamph__tronlib,syft,38,0,163,17,21,0,21,17,0,38,0,163,17,21,0,21,17,0,4,0,0,2,15,0
kslamph__tronlib,trivy,23,0,178,17,6,0,21,2,0,23,0,178,17,6,0,21,2,0,4,0,0,2,0,0
kslamph__tronlib,cdxgen,17,0,184,17,0,0,17,0,4,17,0,184,17,0,0,17,0,4,0,0,0,0,0,0
kslamph__tronlib,cyclonedx-gomod,17,0,184,17,0,0,17,0,4,17,0,184,17,0,0,17,0,4,0,0,0,0,0,0
mgechev__revive,syft,17,246,1,14,249,0,14,249,0,15,264,3,14,265,0,14,265,0,0,0,0,0,1,248
mgechev__revive,trivy,18,251,0,14,255,0,14,255,0,15,275,3,14,276,0,14,276,0,0,0,0,0,1,254
mgechev__revive,cdxgen,18,248,0,14,252,0,14,252,0,15,272,3,14,273,0,14,273,0,0,0,0,0,1,251
mgechev__revive,cyclonedx-gomod,14,0,4,14,0,0,14,0,0,14,0,4,14,0,0,14,0,0,0,0,0,0,0,0
oklog__ulid,syft,1,0,0,1,0,0,1,0,0,1,0,0,1,0,0,1,0,0,0,0,0,0,0,0
oklog__ulid,trivy,1,0,0,1,0,0,1,0,0,1,0,0,1,0,0,1,0,0,0,0,0,0,0,0
oklog__ulid,cdxgen,1,0,0,1,0,0,1,0,0,1,0,0,1,0,0,1,0,0,0,0,0,0,0,0
oklog__ulid,cyclonedx-gomod,1,0,0,1,0,0,1,0,0,1,0,0,1,0,0,1,0,0,0,0,0,0,0,0
abhimanyu003__sttr,syft,54,0,10,42,12,0,42,12,0,54,0,10,42,12,0,42,12,0,0,3,0,1,8,0
abhimanyu003__sttr,trivy,46,0,18,42,4,0,42,4,0,46,0,18,42,4,0,42,4,0,0,3,0,1,0,0
abhimanyu003__sttr,cdxgen,42,0,22,42,0,0,42,0,0,42,0,22,42,0,0,42,0,0,0,0,0,0,0,0
abhimanyu003__sttr,cyclonedx-gomod,45,0,19,42,3,0,42,3,0,45,0,19,42,3,0,42,3,0,0,3,0,0,0,0
jaschaephraim__lrserver,syft,8,0,17,2,6,0,7,1,0,8,0,17,2,6,0,7,1,0,5,0,0,1,0,0
jaschaephraim__lrserver,trivy,8,0,17,2,6,0,7,1,0,8,0,17,2,6,0,7,1,0,5,0,0,1,0,0
jaschaephraim__lrserver,cdxgen,2,0,23,2,0,0,2,0,5,2,0,23,2,0,0,2,0,5,0,0,0,0,0,0
jaschaephraim__lrserver,cyclonedx-gomod,2,0,23,2,0,0,2,0,5,2,0,23,2,0,0,2,0,5,0,0,0,0,0,0
nicola-strappazzon__password-manager,syft,28,0,13,12,16,0,16,12,0,28,0,13,12,16,0,16,12,0,4,2,0,9,1,0
nicola-strappazzon__password-manager,trivy,27,0,14,12,15,0,16,11,0,27,0,14,12,15,0,16,11,0,4,2,0,9,0,0
nicola-strappazzon__password-manager,cdxgen,12,0,29,12,0,0,12,0,4,12,0,29,12,0,0,12,0,4,0,0,0,0,0,0
nicola-strappazzon__password-manager,cyclonedx-gomod,20,0,21,12,8,0,12,8,4,20,0,21,12,8,0,12,8,4,0,2,0,6,0,0
k0kubun__pp,syft,4,0,3,4,0,0,4,0,0,4,0,3,4,0,0,4,0,0,0,0,0,0,0,0
k0kubun__pp,trivy,4,0,3,4,0,0,4,0,0,4,0,3,4,0,0,4,0,0,0,0,0,0,0,0
k0kubun__pp,cdxgen,4,0,3,4,0,0,4,0,0,4,0,3,4,0,0,4,0,0,0,0,0,0,0,0
k0kubun__pp,cyclonedx-gomod,4,0,3,4,0,0,4,0,0,4,0,3,4,0,0,4,0,0,0,0,0,0,0,0
dixonwille__wlog,syft,9,0,1,1,8,0,5,4,0,9,0,1,1,8,0,5,4,0,4,0,0,0,4,0
dixonwille__wlog,trivy,10,0,0,1,9,0,5,5,0,10,0,0,1,9,0,5,5,0,4,0,0,0,5,0
dixonwille__wlog,cdxgen,1,0,9,1,0,0,1,0,4,1,0,9,1,0,0,1,0,4,0,0,0,0,0,0
dixonwille__wlog,cyclonedx-gomod,1,0,9,1,0,0,1,0,4,1,0,9,1,0,0,1,0,4,0,0,0,0,0,0
Andrew-M-C__go.jsonvalue,syft,4,0,6,1,3,0,4,0,0,4,0,6,1,3,0,4,0,0,3,0,0,0,0,0
Andrew-M-C__go.jsonvalue,trivy,10,0,0,1,9,0,4,6,0,10,0,0,1,9,0,4,6,0,3,0,0,0,6,0
Andrew-M-C__go.jsonvalue,cdxgen,1,0,9,1,0,0,1,0,3,1,0,9,1,0,0,1,0,3,0,0,0,0,0,0
Andrew-M-C__go.jsonvalue,cyclonedx-gomod,1,0,9,1,0,0,1,0,3,1,0,9,1,0,0,1,0,3,0,0,0,0,0,0
muesli__termenv,syft,5,10,0,5,10,0,5,10,0,5,10,0,5,10,0,5,10,0,0,0,0,0,0,10
muesli__termenv,trivy,5,9,0,5,9,0,5,9,0,5,9,0,5,9,0,5,9,0,0,0,0,0,0,9
muesli__termenv,cdxgen,5,8,0,5,8,0,5,8,0,5,8,0,5,8,0,5,8,0,0,0,0,0,0,8
muesli__termenv,cyclonedx-gomod,5,0,0,5,0,0,5,0,0,5,0,0,5,0,0,5,0,0,0,0,0,0,0,0
azer__logger,syft,1,0,0,1,0,0,1,0,0,1,0,0,1,0,0,1,0,0,0,0,0,0,0,0
azer__logger,trivy,1,0,0,1,0,0,1,0,0,1,0,0,1,0,0,1,0,0,0,0,0,0,0,0
azer__logger,cdxgen,1,0,0,1,0,0,1,0,0,1,0,0,1,0,0,1,0,0,0,0,0,0,0,0
azer__logger,cyclonedx-gomod,1,0,0,1,0,0,1,0,0,1,0,0,1,0,0,1,0,0,0,0,0,0,0,0
khezen__avro,syft,4,0,0,3,1,0,4,0,0,4,4,0,3,5,0,4,4,0,1,0,0,0,0,0
khezen__avro,trivy,4,0,0,3,1,0,4,0,0,4,4,0,3,5,0,4,4,0,1,0,0,0,0,0
khezen__avro,cdxgen,4,0,0,3,1,0,4,0,0,4,0,0,3,1,0,4,0,0,1,0,0,0,0,0
khezen__avro,cyclonedx-gomod,3,0,1,3,0,0,3,0,1,3,0,1,3,0,0,3,0,1,0,0,0,0,0,0
robfig__soy,syft,15,0,10,4,11,0,8,7,0,15,0,10,4,11,0,8,7,0,4,0,0,0,7,0
robfig__soy,trivy,25,0,0,4,21,0,8,17,0,25,0,0,4,21,0,8,17,0,4,0,0,0,17,0
robfig__soy,cdxgen,4,0,21,4,0,0,4,0,4,4,0,21,4,0,0,4,0,4,0,0,0,0,0,0
robfig__soy,cyclonedx-gomod,4,0,21,4,0,0,4,0,4,4,0,21,4,0,0,4,0,4,0,0,0,0,0,0
qiniu__qmgo,syft,24,0,8,16,8,0,21,3,0,24,0,8,16,8,0,21,3,0,5,0,0,0,3,0
qiniu__qmgo,trivy,32,0,0,16,16,0,21,11,0,32,0,0,16,16,0,21,11,0,5,0,0,0,11,0
qiniu__qmgo,cdxgen,16,0,16,16,0,0,16,0,5,16,0,16,16,0,0,16,0,5,0,0,0,0,0,0
qiniu__qmgo,cyclonedx-gomod,16,0,16,16,0,0,16,0,5,16,0,16,16,0,0,16,0,5,0,0,0,0,0,0
rakyll__hey,syft,NA
rakyll__hey,trivy,NA
rakyll__hey,cdxgen,NA
rakyll__hey,cyclonedx-gomod,NA
koss-null__FuncFrog,syft,9,0,9,1,8,0,5,4,0,9,0,9,1,8,0,5,4,0,4,0,1,2,1,0
koss-null__FuncFrog,trivy,8,0,10,1,7,0,5,3,0,8,0,10,1,7,0,5,3,0,4,0,1,2,0,0
koss-null__FuncFrog,cdxgen,1,0,17,1,0,0,1,0,4,1,0,17,1,0,0,1,0,4,0,0,0,0,0,0
koss-null__FuncFrog,cyclonedx-gomod,1,0,17,1,0,0,1,0,4,1,0,17,1,0,0,1,0,4,0,0,0,0,0,0
ceshihao__windowsupdate,syft,2,3,0,1,4,0,1,4,0,2,3,0,1,4,0,1,4,0,0,1,0,0,0,3
ceshihao__windowsupdate,trivy,2,3,0,1,4,0,1,4,0,2,3,0,1,4,0,1,4,0,0,1,0,0,0,3
ceshihao__windowsupdate,cdxgen,1,1,1,1,1,0,1,1,0,1,1,1,1,1,0,1,1,0,0,0,0,0,0,1
ceshihao__windowsupdate,cyclonedx-gomod,2,0,0,1,1,0,1,1,0,2,0,0,1,1,0,1,1,0,0,1,0,0,0,0
uptrace__bun,syft,17,127,5,9,135,0,13,131,0,17,136,5,9,144,0,13,140,0,4,0,0,2,2,127
uptrace__bun,trivy,17,102,5,9,110,0,13,106,0,17,106,5,9,114,0,13,110,0,4,0,0,2,2,102
uptrace__bun,cdxgen,11,61,11,9,63,0,11,61,2,11,61,11,9,63,0,11,61,2,2,0,0,0,0,61
uptrace__bun,cyclonedx-gomod,9,0,13,9,0,0,9,0,4,9,0,13,9,0,0,9,0,4,0,0,0,0,0,0
xwjdsh__awesome-go-extra,syft,22,0,72,9,13,0,9,13,0,22,0,72,9,13,0,9,13,0,0,0,3,10,0,0
xwjdsh__awesome-go-extra,trivy,94,0,0,9,85,0,9,85,0,94,0,0,9,85,0,9,85,0,0,0,3,10,72,0
xwjdsh__awesome-go-extra,cdxgen,9,0,85,9,0,0,9,0,0,9,0,85,9,0,0,9,0,0,0,0,0,0,0,0
xwjdsh__awesome-go-extra,cyclonedx-gomod,9,0,85,9,0,0,9,0,0,9,0,85,9,0,0,9,0,0,0,0,0,0,0,0
EngoEngine__engo,syft,31,0,14,17,14,0,21,10,0,31,0,14,17,14,0,21,10,0,4,1,5,4,0,0
EngoEngine__engo,trivy,31,0,14,17,14,0,21,10,0,31,0,14,17,14,0,21,10,0,4,1,5,4,0,0
EngoEngine__engo,cdxgen,17,0,28,17,0,0,17,0,4,17,0,28,17,0,0,17,0,4,0,0,0,0,0,0
EngoEngine__engo,cyclonedx-gomod,24,0,21,17,7,0,17,7,4,24,0,21,17,7,0,17,7,4,0,1,5,1,0,0
ovh__utask,syft,118,0,42,84,34,0,85,33,0,118,0,42,84,34,0,85,33,0,1,1,0,13,19,0
ovh__utask,trivy,99,0,61,84,15,0,85,14,0,99,0,61,84,15,0,85,14,0,1,1,0,13,0,0
ovh__utask,cdxgen,84,0,76,84,0,0,84,0,1,84,0,76,84,0,0,84,0,1,0,0,0,0,0,0
ovh__utask,cyclonedx-gomod,97,0,63,84,13,0,84,13,1,97,0,63,84,13,0,84,13,1,0,1,0,12,0,0
Masterminds__squirrel,syft,5,7,0,2,10,0,5,7,0,5,8,0,2,11,0,5,8,0,3,0,0,0,0,7
Masterminds__squirrel,trivy,5,14,0,2,17,0,5,14,0,5,15,0,2,18,0,5,15,0,3,0,0,0,0,14
Masterminds__squirrel,cdxgen,2,0,3,2,0,0,2,0,3,2,0,3,2,0,0,2,0,3,0,0,0,0,0,0
Masterminds__squirrel,cyclonedx-gomod,2,0,3,2,0,0,2,0,3,2,0,3,2,0,0,2,0,3,0,0,0,0,0,0
rjeczalik__interfaces,syft,1,0,5,1,0,0,1,0,0,1,0,5,1,0,0,1,0,0,0,0,0,0,0,0
rjeczalik__interfaces,trivy,6,0,0,1,5,0,1,5,0,6,0,0,1,5,0,1,5,0,0,0,0,0,5,0
rjeczalik__interfaces,cdxgen,1,0,5,1,0,0,1,0,0,1,0,5,1,0,0,1,0,0,0,0,0,0,0,0
rjeczalik__interfaces,cyclonedx-gomod,1,0,5,1,0,0,1,0,0,1,0,5,1,0,0,1,0,0,0,0,0,0,0,0
goreleaser__goreleaser,syft,463,3,470,336,130,0,363,103,0,463,3,470,336,130,0,363,103,0,27,4,0,5,91,3
goreleaser__goreleaser,trivy,372,4,561,336,40,0,363,13,0,372,4,561,336,40,0,363,13,0,27,4,0,5,0,4
goreleaser__goreleaser,cdxgen,336,1,597,336,1,0,336,1,27,336,1,597,336,1,0,336,1,27,0,0,0,0,0,1
goreleaser__goreleaser,cyclonedx-gomod,340,0,593,332,8,4,332,8,31,340,0,593,332,8,4,332,8,31,0,4,0,4,0,0
PuerkitoBio__goquery,syft,2,0,4,2,0,0,2,0,0,2,0,4,2,0,0,2,0,0,0,0,0,0,0,0
PuerkitoBio__goquery,trivy,2,0,4,2,0,0,2,0,0,2,0,4,2,0,0,2,0,0,0,0,0,0,0,0
PuerkitoBio__goquery,cdxgen,2,0,4,2,0,0,2,0,0,2,0,4,2,0,0,2,0,0,0,0,0,0,0,0
PuerkitoBio__goquery,cyclonedx-gomod,2,0,4,2,0,0,2,0,0,2,0,4,2,0,0,2,0,0,0,0,0,0,0,0
asticode__go-astiav,syft,6,0,1,1,5,0,5,1,0,6,0,1,1,5,0,5,1,0,4,0,0,0,1,0
asticode__go-astiav,trivy,5,0,2,1,4,0,5,0,0,5,0,2,1,4,0,5,0,0,4,0,0,0,0,0
asticode__go-astiav,cdxgen,1,0,6,1,0,0,1,0,4,1,0,6,1,0,0,1,0,4,0,0,0,0,0,0
asticode__go-astiav,cyclonedx-gomod,1,0,6,1,0,0,1,0,4,1,0,6,1,0,0,1,0,4,0,0,0,0,0,0
MonaxGT__gomalshare,syft,1,0,0,1,0,0,1,0,0,1,0,0,1,0,0,1,0,0,0,0,0,0,0,0
MonaxGT__gomalshare,trivy,1,0,0,1,0,0,1,0,0,1,0,0,1,0,0,1,0,0,0,0,0,0,0,0
MonaxGT__gomalshare,cdxgen,1,0,0,1,0,0,1,0,0,1,0,0,1,0,0,1,0,0,0,0,0,0,0,0
MonaxGT__gomalshare,cyclonedx-gomod,1,0,0,1,0,0,1,0,0,1,0,0,1,0,0,1,0,0,0,0,0,0,0,0
appleboy__easyssh-proxy,syft,10,1,4,3,8,0,7,4,0,10,1,4,3,8,0,7,4,0,4,0,0,1,2,1
appleboy__easyssh-proxy,trivy,8,1,6,3,6,0,7,2,0,8,1,6,3,6,0,7,2,0,4,0,0,1,0,1
appleboy__easyssh-proxy,cdxgen,3,0,11,3,0,0,3,0,4,3,0,11,3,0,0,3,0,4,0,0,0,0,0,0
appleboy__easyssh-proxy,cyclonedx-gomod,4,0,10,3,1,0,3,1,4,4,0,10,3,1,0,3,1,4,0,0,0,1,0,0
samber__lo,syft,10,1,8,1,10,0,7,4,0,10,1,8,1,10,0,7,4,0,6,0,0,3,0,1
samber__lo,trivy,10,1,8,1,10,0,7,4,0,10,1,8,1,10,0,7,4,0,6,0,0,3,0,1
samber__lo,cdxgen,1,0,17,1,0,0,1,0,6,1,0,17,1,0,0,1,0,6,0,0,0,0,0,0
samber__lo,cyclonedx-gomod,1,0,17,1,0,0,1,0,6,1,0,17,1,0,0,1,0,6,0,0,0,0,0,0
bhmj__jsonslice,syft,1,0,0,1,0,0,1,0,0,1,0,0,1,0,0,1,0,0,0,0,0,0,0,0
bhmj__jsonslice,trivy,1,0,0,1,0,0,1,0,0,1,0,0,1,0,0,1,0,0,0,0,0,0,0,0
bhmj__jsonslice,cdxgen,1,0,0,1,0,0,1,0,0,1,0,0,1,0,0,1,0,0,0,0,0,0,0,0
bhmj__jsonslice,cyclonedx-gomod,1,0,0,1,0,0,1,0,0,1,0,0,1,0,0,1,0,0,0,0,0,0,0,0
OldPanda__bloomfilter,syft,6,0,14,2,4,0,2,4,0,6,0,14,2,4,0,2,4,0,0,0,0,0,4,0
OldPanda__bloomfilter,trivy,20,0,0,2,18,0,2,18,0,20,0,0,2,18,0,2,18,0,0,0,0,0,18,0
OldPanda__bloomfilter,cdxgen,2,0,18,2,0,0,2,0,0,2,0,18,2,0,0,2,0,0,0,0,0,0,0,0
OldPanda__bloomfilter,cyclonedx-gomod,2,0,18,2,0,0,2,0,0,2,0,18,2,0,0,2,0,0,0,0,0,0,0,0
bobg__go-generics,syft,1,0,0,1,0,0,1,0,0,1,0,0,1,0,0,1,0,0,0,0,0,0,0,0
bobg__go-generics,trivy,1,0,0,1,0,0,1,0,0,1,0,0,1,0,0,1,0,0,0,0,0,0,0,0
bobg__go-generics,cdxgen,1,0,0,1,0,0,1,0,0,1,0,0,1,0,0,1,0,0,0,0,0,0,0,0
bobg__go-generics,cyclonedx-gomod,1,0,0,1,0,0,1,0,0,1,0,0,1,0,0,1,0,0,0,0,0,0,0,0
joshmedeski__sesh,syft,42,0,10,36,6,0,36,6,0,42,0,10,36,6,0,36,6,0,0,1,0,0,5,0
joshmedeski__sesh,trivy,37,0,15,36,1,0,36,1,0,37,0,15,36,1,0,36,1,0,0,1,0,0,0,0
joshmedeski__sesh,cdxgen,36,0,16,36,0,0,36,0,0,36,0,16,36,0,0,36,0,0,0,0,0,0,0,0
joshmedeski__sesh,cyclonedx-gomod,36,0,16,35,1,1,35,1,1,36,0,16,35,1,1,35,1,1,0,1,0,0,0,0
kelindar__tile,syft,7,0,1,2,5,0,6,1,0,7,0,1,2,5,0,6,1,0,4,0,0,0,1,0
kelindar__tile,trivy,6,0,2,2,4,0,6,0,0,6,0,2,2,4,0,6,0,0,4,0,0,0,0,0
kelindar__tile,cdxgen,2,0,6,2,0,0,2,0,4,2,0,6,2,0,0,2,0,4,0,0,0,0,0,0
kelindar__tile,cyclonedx-gomod,2,0,6,2,0,0,2,0,4,2,0,6,2,0,0,2,0,4,0,0,0,0,0,0
go-task__task,syft,151,0,236,123,28,0,125,26,0,151,0,236,123,28,0,125,26,0,2,0,0,2,24,0
go-task__task,trivy,127,0,260,123,4,0,125,2,0,127,0,260,123,4,0,125,2,0,2,0,0,2,0,0
go-task__task,cdxgen,123,0,264,123,0,0,123,0,2,123,0,264,123,0,0,123,0,2,0,0,0,0,0,0
go-task__task,cyclonedx-gomod,123,0,264,122,1,1,122,1,3,123,0,264,122,1,1,122,1,3,0,0,0,1,0,0
neuronlabs__errors,syft,4,0,1,1,3,0,4,0,0,4,0,1,1,3,0,4,0,0,3,0,0,0,0,0
neuronlabs__errors,trivy,5,0,0,1,4,0,4,1,0,5,0,0,1,4,0,4,1,0,3,0,0,0,1,0
neuronlabs__errors,cdxgen,1,0,4,1,0,0,1,0,3,1,0,4,1,0,0,1,0,3,0,0,0,0,0,0
neuronlabs__errors,cyclonedx-gomod,1,0,4,1,0,0,1,0,3,1,0,4,1,0,0,1,0,3,0,0,0,0,0,0
kpfaulkner__borders,syft,1,0,1,1,0,0,1,0,0,1,0,1,1,0,0,1,0,0,0,0,0,0,0,0
kpfaulkner__borders,trivy,1,0,1,1,0,0,1,0,0,1,0,1,1,0,0,1,0,0,0,0,0,0,0,0
kpfaulkner__borders,cdxgen,1,0,1,1,0,0,1,0,0,1,0,1,1,0,0,1,0,0,0,0,0,0,0,0
kpfaulkner__borders,cyclonedx-gomod,1,0,1,1,0,0,1,0,0,1,0,1,1,0,0,1,0,0,0,0,0,0,0,0
panjf2000__gnet,syft,14,0,2,7,7,0,11,3,0,14,0,2,7,7,0,11,3,0,4,0,0,0,3,0
panjf2000__gnet,trivy,11,0,5,7,4,0,11,0,0,11,0,5,7,4,0,11,0,0,4,0,0,0,0,0
panjf2000__gnet,cdxgen,7,0,9,7,0,0,7,0,4,7,0,9,7,0,0,7,0,4,0,0,0,0,0,0
panjf2000__gnet,cyclonedx-gomod,7,0,9,7,0,0,7,0,4,7,0,9,7,0,0,7,0,4,0,0,0,0,0,0
rookie-ninja__rk-gin,syft,91,0,121,67,24,0,70,21,0,91,0,121,67,24,0,70,21,0,3,0,0,12,9,0
rookie-ninja__rk-gin,trivy,82,0,130,67,15,0,70,12,0,82,0,130,67,15,0,70,12,0,3,0,0,12,0,0
rookie-ninja__rk-gin,cdxgen,67,0,145,67,0,0,67,0,3,67,0,145,67,0,0,67,0,3,0,0,0,0,0,0
rookie-ninja__rk-gin,cyclonedx-gomod,79,0,133,67,12,0,67,12,3,79,0,133,67,12,0,67,12,3,0,0,0,12,0,0
kkyr__go-recipe,syft,12,0,6,8,4,0,8,4,0,12,0,6,8,4,0,8,4,0,0,0,0,1,3,0
kkyr__go-recipe,trivy,9,0,9,8,1,0,8,1,0,9,0,9,8,1,0,8,1,0,0,0,0,1,0,0
kkyr__go-recipe,cdxgen,8,0,10,8,0,0,8,0,0,8,0,10,8,0,0,8,0,0,0,0,0,0,0,0
kkyr__go-recipe,cyclonedx-gomod,8,0,10,8,0,0,8,0,0,8,0,10,8,0,0,8,0,0,0,0,0,0,0,0
gofiber__fiber,syft,24,0,5,17,7,0,22,2,0,24,0,5,17,7,0,22,2,0,5,0,0,0,2,0
gofiber__fiber,trivy,22,0,7,17,5,0,22,0,0,22,0,7,17,5,0,22,0,0,5,0,0,0,0,0
gofiber__fiber,cdxgen,17,0,12,17,0,0,17,0,5,17,0,12,17,0,0,17,0,5,0,0,0,0,0,0
gofiber__fiber,cyclonedx-gomod,17,0,12,17,0,0,17,0,5,17,0,12,17,0,0,17,0,5,0,0,0,0,0,0
Evertras__bubble-table,syft,27,0,8,19,8,0,23,4,0,27,0,8,19,8,0,23,4,0,4,0,0,0,4,0
Evertras__bubble-table,trivy,23,0,12,19,4,0,23,0,0,23,0,12,19,4,0,23,0,0,4,0,0,0,0,0
Evertras__bubble-table,cdxgen,19,0,16,19,0,0,19,0,4,19,0,16,19,0,0,19,0,4,0,0,0,0,0,0
Evertras__bubble-table,cyclonedx-gomod,19,0,16,19,0,0,19,0,4,19,0,16,19,0,0,19,0,4,0,0,0,0,0,0
gookit__rux,syft,6,61,2,6,61,0,6,61,0,6,82,2,6,82,0,6,82,0,0,0,0,0,0,61
gookit__rux,trivy,8,68,0,6,70,0,6,70,0,6,96,2,6,96,0,6,96,0,0,0,0,0,0,70
gookit__rux,cdxgen,6,34,2,6,34,0,6,34,0,6,51,2,6,51,0,6,51,0,0,0,0,0,0,34
gookit__rux,cyclonedx-gomod,6,0,2,6,0,0,6,0,0,6,0,2,6,0,0,6,0,0,0,0,0,0,0,0
Lifailon__lazyjournal,syft,12,0,9,10,2,0,10,2,0,12,0,9,10,2,0,10,2,0,0,0,0,0,0,2
Lifailon__lazyjournal,trivy,11,0,10,10,1,0,10,1,0,11,0,10,10,1,0,10,1,0,0,0,0,0,0,1
Lifailon__lazyjournal,cdxgen,10,0,11,10,0,0,10,0,0,10,0,11,10,0,0,10,0,0,0,0,0,0,0,0
Lifailon__lazyjournal,cyclonedx-gomod,10,0,11,10,0,0,10,0,0,10,0,11,10,0,0,10,0,0,0,0,0,0,0,0
xjasonlyu__tun2socks,syft,34,0,116,21,13,0,24,10,0,34,0,116,21,13,0,24,10,0,3,2,0,4,4,0
xjasonlyu__tun2socks,trivy,30,0,120,21,9,0,24,6,0,30,0,120,21,9,0,24,6,0,3,2,0,4,0,0
xjasonlyu__tun2socks,cdxgen,21,0,129,21,0,0,21,0,3,21,0,129,21,0,0,21,0,3,0,0,0,0,0,0
xjasonlyu__tun2socks,cyclonedx-gomod,24,0,126,21,3,0,21,3,3,24,0,126,21,3,0,21,3,3,0,2,0,1,0,0
ahmedakef__gotutor,syft,28,18,15,14,32,0,14,32,0,27,28,16,14,41,0,14,41,0,0,1,0,0,10,21
ahmedakef__gotutor,trivy,22,10,21,14,18,0,14,18,0,19,19,24,14,24,0,14,24,0,0,1,0,0,4,13
ahmedakef__gotutor,cdxgen,17,8,26,14,11,0,14,11,0,16,14,27,14,16,0,14,16,0,0,0,0,0,0,11
ahmedakef__gotutor,cyclonedx-gomod,15,0,28,14,1,0,14,1,0,15,0,28,14,1,0,14,1,0,0,1,0,0,0,0
s0rg__grid,syft,6,0,6,6,0,0,6,0,0,6,0,6,6,0,0,6,0,0,0,0,0,0,0,0
s0rg__grid,trivy,6,0,6,6,0,0,6,0,0,6,0,6,6,0,0,6,0,0,0,0,0,0,0,0
s0rg__grid,cdxgen,6,0,6,6,0,0,6,0,0,6,0,6,6,0,0,6,0,0,0,0,0,0,0,0
s0rg__grid,cyclonedx-gomod,6,0,6,6,0,0,6,0,0,6,0,6,6,0,0,6,0,0,0,0,0,0,0,0
mdlayher__ethernet,syft,8,0,2,6,2,0,6,2,0,8,0,2,6,2,0,6,2,0,0,0,0,0,2,0
mdlayher__ethernet,trivy,10,0,0,6,4,0,6,4,0,10,0,0,6,4,0,6,4,0,0,0,0,0,4,0
mdlayher__ethernet,cdxgen,6,0,4,6,0,0,6,0,0,6,0,4,6,0,0,6,0,0,0,0,0,0,0,0
mdlayher__ethernet,cyclonedx-gomod,6,0,4,6,0,0,6,0,0,6,0,4,6,0,0,6,0,0,0,0,0,0,0,0
codemodus__catena,syft,NA
codemodus__catena,trivy,NA
codemodus__catena,cdxgen,NA
codemodus__catena,cyclonedx-gomod,NA
codingsince1985__checksum,syft,3,0,3,2,1,0,3,0,0,3,0,3,2,1,0,3,0,0,1,0,0,0,0,0
codingsince1985__checksum,trivy,3,0,3,2,1,0,3,0,0,3,0,3,2,1,0,3,0,0,1,0,0,0,0,0
codingsince1985__checksum,cdxgen,2,0,4,2,0,0,2,0,1,2,0,4,2,0,0,2,0,1,0,0,0,0,0,0
codingsince1985__checksum,cyclonedx-gomod,2,0,4,2,0,0,2,0,1,2,0,4,2,0,0,2,0,1,0,0,0,0,0,0
disintegration__imaging,syft,2,0,0,1,1,0,1,1,0,2,0,0,1,1,0,1,1,0,0,0,0,1,0,0
disintegration__imaging,trivy,2,0,0,1,1,0,1,1,0,2,0,0,1,1,0,1,1,0,0,0,0,1,0,0
disintegration__imaging,cdxgen,1,0,1,1,0,0,1,0,0,1,0,1,1,0,0,1,0,0,0,0,0,0,0,0
disintegration__imaging,cyclonedx-gomod,1,0,1,1,0,0,1,0,0,1,0,1,1,0,0,1,0,0,0,0,0,0,0,0
vahiiiid__go-rest-api-boilerplate,syft,106,0,182,60,46,0,65,41,0,106,0,182,60,46,0,65,41,0,5,0,0,11,30,0
vahiiiid__go-rest-api-boilerplate,trivy,76,0,212,60,16,0,65,11,0,76,0,212,60,16,0,65,11,0,5,0,0,11,0,0
vahiiiid__go-rest-api-boilerplate,cdxgen,76,0,212,60,16,0,65,11,0,76,0,212,60,16,0,65,11,0,5,0,0,11,0,0
vahiiiid__go-rest-api-boilerplate,cyclonedx-gomod,71,0,217,60,11,0,60,11,5,71,0,217,60,11,0,60,11,5,0,0,0,11,0,0
dnnrly__httpref,syft,38,0,145,20,18,0,31,7,0,38,0,145,20,18,0,31,7,0,11,0,0,0,7,0
dnnrly__httpref,trivy,183,0,0,20,163,0,31,152,0,183,0,0,20,163,0,31,152,0,11,1,0,0,151,0
dnnrly__httpref,cdxgen,20,0,163,20,0,0,20,0,11,20,0,163,20,0,0,20,0,11,0,0,0,0,0,0
dnnrly__httpref,cyclonedx-gomod,21,0,162,20,1,0,20,1,11,21,0,162,20,1,0,20,1,11,0,1,0,0,0,0
pashagolub__pgxmock,syft,14,0,5,6,8,0,10,4,0,14,0,5,6,8,0,10,4,0,4,0,0,2,2,0
pashagolub__pgxmock,trivy,12,0,7,6,6,0,10,2,0,12,0,7,6,6,0,10,2,0,4,0,0,2,0,0
pashagolub__pgxmock,cdxgen,6,0,13,6,0,0,6,0,4,6,0,13,6,0,0,6,0,4,0,0,0,0,0,0
pashagolub__pgxmock,cyclonedx-gomod,6,0,13,6,0,0,6,0,4,6,0,13,6,0,0,6,0,4,0,0,0,0,0,0
cockroachdb__pebble,syft,65,8,173,50,23,0,54,19,0,62,19,176,50,31,0,54,27,0,4,1,0,0,10,8
cockroachdb__pebble,trivy,58,7,180,50,15,0,54,11,0,55,14,183,50,19,0,54,15,0,4,1,0,0,3,7
cockroachdb__pebble,cdxgen,51,1,187,50,2,0,50,2,4,50,5,188,50,5,0,50,5,4,0,0,0,0,1,1
cockroachdb__pebble,cyclonedx-gomod,48,0,190,47,1,3,47,1,7,48,0,190,47,1,3,47,1,7,0,1,0,0,0,0
janpfeifer__gonb,syft,47,0,11,31,16,0,35,12,0,47,0,11,31,16,0,35,12,0,4,0,1,4,7,0
janpfeifer__gonb,trivy,40,0,18,31,9,0,35,5,0,40,0,18,31,9,0,35,5,0,4,0,1,4,0,0
janpfeifer__gonb,cdxgen,31,0,27,31,0,0,31,0,4,31,0,27,31,0,0,31,0,4,0,0,0,0,0,0
janpfeifer__gonb,cyclonedx-gomod,34,0,24,31,3,0,31,3,4,34,0,24,31,3,0,31,3,4,0,0,1,2,0,0
jferrl__go-githubauth,syft,2,0,1,2,0,0,2,0,0,2,0,1,2,0,0,2,0,0,0,0,0,0,0,0
jferrl__go-githubauth,trivy,2,0,1,2,0,0,2,0,0,2,0,1,2,0,0,2,0,0,0,0,0,0,0,0
jferrl__go-githubauth,cdxgen,2,0,1,2,0,0,2,0,0,2,0,1,2,0,0,2,0,0,0,0,0,0,0,0
jferrl__go-githubauth,cyclonedx-gomod,2,0,1,2,0,0,2,0,0,2,0,1,2,0,0,2,0,0,0,0,0,0,0,0
knbr13__gitcs,syft,47,0,10,27,20,0,27,20,0,47,0,10,27,20,0,27,20,0,0,1,0,0,19,0
knbr13__gitcs,trivy,28,0,29,27,1,0,27,1,0,28,0,29,27,1,0,27,1,0,0,1,0,0,0,0
knbr13__gitcs,cdxgen,27,0,30,27,0,0,27,0,0,27,0,30,27,0,0,27,0,0,0,0,0,0,0,0
knbr13__gitcs,cyclonedx-gomod,28,0,29,27,1,0,27,1,0,28,0,29,27,1,0,27,1,0,0,1,0,0,0,0
prashantgupta24__activity-tracker,syft,31,0,7,18,13,0,22,9,0,31,0,7,18,13,0,22,9,0,4,3,0,5,1,0
prashantgupta24__activity-tracker,trivy,30,0,8,18,12,0,22,8,0,30,0,8,18,12,0,22,8,0,4,3,0,5,0,0
prashantgupta24__activity-tracker,cdxgen,18,0,20,18,0,0,18,0,4,18,0,20,18,0,0,18,0,4,0,0,0,0,0,0
prashantgupta24__activity-tracker,cyclonedx-gomod,25,0,13,18,7,0,18,7,4,25,0,13,18,7,0,18,7,4,0,3,0,4,0,0
pilosa__go-pilosa,syft,54,0,113,5,49,0,5,49,0,54,0,113,5,49,0,5,49,0,0,0,1,5,43,0
pilosa__go-pilosa,trivy,167,3,0,5,165,0,5,165,0,165,5,2,5,165,0,5,165,0,0,0,1,5,159,0
pilosa__go-pilosa,cdxgen,5,0,162,5,0,0,5,0,0,5,0,162,5,0,0,5,0,0,0,0,0,0,0,0
pilosa__go-pilosa,cyclonedx-gomod,5,0,162,5,0,0,5,0,0,5,0,162,5,0,0,5,0,0,0,0,0,0,0,0
go-kit__kit,syft,113,0,116,78,35,0,83,30,0,113,0,116,78,35,0,83,30,0,5,0,0,1,29,0
go-kit__kit,trivy,84,0,145,78,6,0,83,1,0,84,0,145,78,6,0,83,1,0,5,0,0,1,0,0
go-kit__kit,cdxgen,78,0,151,78,0,0,78,0,5,78,0,151,78,0,0,78,0,5,0,0,0,0,0,0
go-kit__kit,cyclonedx-gomod,78,0,151,77,1,1,77,1,6,78,0,151,77,1,1,77,1,6,0,0,0,1,0,0
bobg__htree,syft,5,0,5,2,3,0,4,1,0,5,0,5,2,3,0,4,1,0,2,0,0,0,1,0
bobg__htree,trivy,5,0,5,2,3,0,4,1,0,5,0,5,2,3,0,4,1,0,2,0,0,0,1,0
bobg__htree,cdxgen,2,0,8,2,0,0,2,0,2,2,0,8,2,0,0,2,0,2,0,0,0,0,0,0
bobg__htree,cyclonedx-gomod,2,0,8,2,0,0,2,0,2,2,0,8,2,0,0,2,0,2,0,0,0,0,0,0
mdempsky__unconvert,syft,5,0,4,4,1,0,4,1,0,5,0,4,4,1,0,4,1,0,0,0,0,0,1,0
mdempsky__unconvert,trivy,4,0,5,4,0,0,4,0,0,4,0,5,4,0,0,4,0,0,0,0,0,0,0,0
mdempsky__unconvert,cdxgen,4,0,5,4,0,0,4,0,0,4,0,5,4,0,0,4,0,0,0,0,0,0,0,0
mdempsky__unconvert,cyclonedx-gomod,4,0,5,4,0,0,4,0,0,4,0,5,4,0,0,4,0,0,0,0,0,0,0,0
cyucelen__walker,syft,24,0,21,3,21,0,20,4,0,24,0,21,3,21,0,20,4,0,17,0,0,0,4,0
cyucelen__walker,trivy,20,0,25,3,17,0,20,0,0,20,0,25,3,17,0,20,0,0,17,0,0,0,0,0
cyucelen__walker,cdxgen,3,0,42,3,0,0,3,0,17,3,0,42,3,0,0,3,0,17,0,0,0,0,0,0
cyucelen__walker,cyclonedx-gomod,3,0,42,3,0,0,3,0,17,3,0,42,3,0,0,3,0,17,0,0,0,0,0,0
ip2location__ip2location-io-go,syft,2,0,4,2,0,0,2,0,0,2,0,4,2,0,0,2,0,0,0,0,0,0,0,0
ip2location__ip2location-io-go,trivy,2,0,4,2,0,0,2,0,0,2,0,4,2,0,0,2,0,0,0,0,0,0,0,0
ip2location__ip2location-io-go,cdxgen,2,0,4,2,0,0,2,0,0,2,0,4,2,0,0,2,0,0,0,0,0,0,0,0
ip2location__ip2location-io-go,cyclonedx-gomod,2,0,4,2,0,0,2,0,0,2,0,4,2,0,0,2,0,0,0,0,0,0,0,0
sosedoff__pgweb,syft,66,0,20,35,31,0,39,27,0,66,0,20,35,31,0,39,27,0,4,0,0,19,8,0
sosedoff__pgweb,trivy,58,0,28,35,23,0,39,19,0,58,0,28,35,23,0,39,19,0,4,0,0,19,0,0
sosedoff__pgweb,cdxgen,35,0,51,35,0,0,35,0,4,35,0,51,35,0,0,35,0,4,0,0,0,0,0,0
sosedoff__pgweb,cyclonedx-gomod,46,0,40,35,11,0,35,11,4,46,0,40,35,11,0,35,11,4,0,0,0,11,0,0
minio__minio,syft,291,5,308,241,55,0,243,53,0,291,27,308,241,77,0,243,75,0,2,4,0,12,32,5
minio__minio,trivy,260,5,339,241,24,0,243,22,0,259,26,340,241,44,0,243,42,0,2,4,0,12,1,5
minio__minio,cdxgen,241,0,358,241,0,0,241,0,2,241,19,358,241,19,0,241,19,2,0,0,0,0,0,0
minio__minio,cyclonedx-gomod,253,0,346,241,12,0,241,12,2,253,0,346,241,12,0,241,12,2,0,4,0,8,0,0
1set__todotxt,syft,1,0,0,1,0,0,1,0,0,1,0,0,1,0,0,1,0,0,0,0,0,0,0,0
1set__todotxt,trivy,1,0,0,1,0,0,1,0,0,1,0,0,1,0,0,1,0,0,0,0,0,0,0,0
1set__todotxt,cdxgen,1,0,0,1,0,0,1,0,0,1,0,0,1,0,0,1,0,0,0,0,0,0,0,0
1set__todotxt,cyclonedx-gomod,1,0,0,1,0,0,1,0,0,1,0,0,1,0,0,1,0,0,0,0,0,0,0,0
unit-io__unitdb,syft,14,0,37,13,1,0,13,1,0,14,0,37,13,1,0,13,1,0,0,0,0,0,1,0
unit-io__unitdb,trivy,51,0,0,13,38,0,13,38,0,51,0,0,13,38,0,13,38,0,0,0,0,0,38,0
unit-io__unitdb,cdxgen,13,0,38,13,0,0,13,0,0,13,0,38,13,0,0,13,0,0,0,0,0,0,0,0
unit-io__unitdb,cyclonedx-gomod,13,0,38,13,0,0,13,0,0,13,0,38,13,0,0,13,0,0,0,0,0,0,0,0
leekchan__accounting,syft,4,0,0,3,1,0,3,1,0,4,0,0,3,1,0,3,1,0,0,0,0,1,0,0
leekchan__accounting,trivy,4,0,0,3,1,0,3,1,0,4,0,0,3,1,0,3,1,0,0,0,0,1,0,0
leekchan__accounting,cdxgen,3,0,1,3,0,0,3,0,0,3,0,1,3,0,0,3,0,0,0,0,0,0,0,0
leekchan__accounting,cyclonedx-gomod,3,0,1,3,0,0,3,0,0,3,0,1,3,0,0,3,0,0,0,0,0,0,0,0
embano1__memlog,syft,4,0,3,1,3,0,4,0,0,4,0,3,1,3,0,4,0,0,3,0,0,0,0,0
embano1__memlog,trivy,4,0,3,1,3,0,4,0,0,4,0,3,1,3,0,4,0,0,3,0,0,0,0,0
embano1__memlog,cdxgen,1,0,6,1,0,0,1,0,3,1,0,6,1,0,0,1,0,3,0,0,0,0,0,0
embano1__memlog,cyclonedx-gomod,1,0,6,1,0,0,1,0,3,1,0,6,1,0,0,1,0,3,0,0,0,0,0,0
vardius__gorouter,syft,4,0,5,4,0,0,4,0,0,4,0,5,4,0,0,4,0,0,0,0,0,0,0,0
vardius__gorouter,trivy,4,0,5,4,0,0,4,0,0,4,0,5,4,0,0,4,0,0,0,0,0,0,0,0
vardius__gorouter,cdxgen,4,0,5,4,0,0,4,0,0,4,0,5,4,0,0,4,0,0,0,0,0,0,0,0
vardius__gorouter,cyclonedx-gomod,4,0,5,4,0,0,4,0,0,4,0,5,4,0,0,4,0,0,0,0,0,0,0,0
VictoriaMetrics__VictoriaMetrics,syft,278,1,287,170,109,0,170,109,0,278,1,287,170,109,0,170,109,0,0,0,0,1,107,1
VictoriaMetrics__VictoriaMetrics,trivy,171,1,394,170,2,0,170,2,0,171,1,394,170,2,0,170,2,0,0,0,0,1,0,1
VictoriaMetrics__VictoriaMetrics,cdxgen,171,0,394,170,1,0,170,1,0,171,0,394,170,1,0,170,1,0,0,0,0,1,0,0
VictoriaMetrics__VictoriaMetrics,cyclonedx-gomod,171,0,394,170,1,0,170,1,0,171,0,394,170,1,0,170,1,0,0,0,0,1,0,0
Kachit__gorm-seeder,syft,29,0,38,3,26,0,19,10,0,29,0,38,3,26,0,19,10,0,16,0,0,0,10,0
Kachit__gorm-seeder,trivy,67,0,0,3,64,0,19,48,0,67,0,0,3,64,0,19,48,0,16,0,0,0,48,0
Kachit__gorm-seeder,cdxgen,3,0,64,3,0,0,3,0,16,3,0,64,3,0,0,3,0,16,0,0,0,0,0,0
Kachit__gorm-seeder,cyclonedx-gomod,3,0,64,3,0,0,3,0,16,3,0,64,3,0,0,3,0,16,0,0,0,0,0,0
ITcathyh__conexec,syft,2,0,0,1,1,0,2,0,0,2,0,0,1,1,0,2,0,0,1,0,0,0,0,0
ITcathyh__conexec,trivy,2,0,0,1,1,0,2,0,0,2,0,0,1,1,0,2,0,0,1,0,0,0,0,0
ITcathyh__conexec,cdxgen,1,0,1,1,0,0,1,0,1,1,0,1,1,0,0,1,0,1,0,0,0,0,0,0
ITcathyh__conexec,cyclonedx-gomod,1,0,1,1,0,0,1,0,1,1,0,1,1,0,0,1,0,1,0,0,0,0,0,0
DMcP89__tinycare-tui,syft,51,0,13,29,22,0,31,20,0,51,0,13,29,22,0,31,20,0,2,1,0,4,15,0
DMcP89__tinycare-tui,trivy,36,0,28,29,7,0,31,5,0,36,0,28,29,7,0,31,5,0,2,1,0,4,0,0
DMcP89__tinycare-tui,cdxgen,29,0,35,29,0,0,29,0,2,29,0,35,29,0,0,29,0,2,0,0,0,0,0,0
DMcP89__tinycare-tui,cyclonedx-gomod,33,0,31,29,4,0,29,4,2,33,0,31,29,4,0,29,4,2,0,1,0,3,0,0
pebbe__textcat,syft,1,1,0,1,1,0,1,1,0,1,1,0,1,1,0,1,1,0,0,0,0,0,0,1
pebbe__textcat,trivy,1,1,0,1,1,0,1,1,0,1,1,0,1,1,0,1,1,0,0,0,0,0,0,1
pebbe__textcat,cdxgen,1,0,0,1,0,0,1,0,0,1,0,0,1,0,0,1,0,0,0,0,0,0,0,0
pebbe__textcat,cyclonedx-gomod,1,0,0,1,0,0,1,0,0,1,0,0,1,0,0,1,0,0,0,0,0,0,0,0
mdlayher__arp,syft,8,0,4,7,1,0,7,1,0,8,0,4,7,1,0,7,1,0,0,0,0,0,1,0
mdlayher__arp,trivy,7,0,5,7,0,0,7,0,0,7,0,5,7,0,0,7,0,0,0,0,0,0,0,0
mdlayher__arp,cdxgen,7,0,5,7,0,0,7,0,0,7,0,5,7,0,0,7,0,0,0,0,0,0,0,0
mdlayher__arp,cyclonedx-gomod,7,0,5,7,0,0,7,0,0,7,0,5,7,0,0,7,0,0,0,0,0,0,0,0
emitter-io__emitter,syft,78,0,59,59,19,0,59,19,0,78,0,59,59,19,0,59,19,0,0,0,0,1,18,0
emitter-io__emitter,trivy,60,0,77,59,1,0,59,1,0,60,0,77,59,1,0,59,1,0,0,0,0,1,0,0
emitter-io__emitter,cdxgen,59,0,78,59,0,0,59,0,0,59,0,78,59,0,0,59,0,0,0,0,0,0,0,0
emitter-io__emitter,cyclonedx-gomod,58,0,79,58,0,1,58,0,1,58,0,79,58,0,1,58,0,1,0,0,0,0,0,0
NdoleStudio__go-otelroundtripper,syft,21,0,2,7,14,0,16,5,0,21,0,2,7,14,0,16,5,0,9,0,0,0,5,0
NdoleStudio__go-otelroundtripper,trivy,16,0,7,7,9,0,16,0,0,16,0,7,7,9,0,16,0,0,9,0,0,0,0,0
NdoleStudio__go-otelroundtripper,cdxgen,7,0,16,7,0,0,7,0,9,7,0,16,7,0,0,7,0,9,0,0,0,0,0,0
NdoleStudio__go-otelroundtripper,cyclonedx-gomod,7,0,16,7,0,0,7,0,9,7,0,16,7,0,0,7,0,9,0,0,0,0,0,0
blevesearch__bleve,syft,51,0,13,34,17,0,34,17,0,51,0,13,34,17,0,34,17,0,0,1,1,1,14,0
blevesearch__bleve,trivy,37,0,27,34,3,0,34,3,0,37,0,27,34,3,0,34,3,0,0,1,1,1,0,0
blevesearch__bleve,cdxgen,34,0,30,34,0,0,34,0,0,34,0,30,34,0,0,34,0,0,0,0,0,0,0,0
blevesearch__bleve,cyclonedx-gomod,36,0,28,34,2,0,34,2,0,36,0,28,34,2,0,34,2,0,0,1,1,0,0,0
Alejandro-M-P__git-courer,syft,63,0,11,45,18,0,49,14,0,63,0,11,45,18,0,49,14,0,4,2,0,1,11,0
Alejandro-M-P__git-courer,trivy,52,0,22,45,7,0,49,3,0,52,0,22,45,7,0,49,3,0,4,2,0,1,0,0
Alejandro-M-P__git-courer,cdxgen,45,0,29,45,0,0,45,0,4,45,0,29,45,0,0,45,0,4,0,0,0,0,0,0
Alejandro-M-P__git-courer,cyclonedx-gomod,47,0,27,45,2,0,45,2,4,47,0,27,45,2,0,45,2,4,0,2,0,0,0,0
golangci__golangci-lint,syft,267,35,132,209,93,0,215,87,0,259,74,140,209,124,0,215,118,0,6,1,0,9,30,47
golangci__golangci-lint,trivy,246,28,153,209,65,0,215,59,0,237,58,162,209,86,0,215,80,0,6,1,0,9,13,36
golangci__golangci-lint,cdxgen,246,23,153,209,60,0,215,54,0,237,52,162,209,80,0,215,74,0,6,1,0,9,13,31
golangci__golangci-lint,cyclonedx-gomod,212,0,187,209,3,0,209,3,6,212,0,187,209,3,0,209,3,6,0,1,0,2,0,0
grafana__k6,syft,105,5,69,89,21,0,89,21,0,105,32,69,89,48,0,89,48,0,0,1,0,3,12,5
grafana__k6,trivy,95,5,79,89,11,0,89,11,0,94,28,80,89,33,0,89,33,0,0,1,0,3,2,5
grafana__k6,cdxgen,NA
grafana__k6,cyclonedx-gomod,90,0,84,89,1,0,89,1,0,90,0,84,89,1,0,89,1,0,0,1,0,0,0,0
carlmjohnson__requests,syft,1,0,4,1,0,0,1,0,0,1,0,4,1,0,0,1,0,0,0,0,0,0,0,0
carlmjohnson__requests,trivy,1,0,4,1,0,0,1,0,0,1,0,4,1,0,0,1,0,0,0,0,0,0,0,0
carlmjohnson__requests,cdxgen,1,0,4,1,0,0,1,0,0,1,0,4,1,0,0,1,0,0,0,0,0,0,0,0
carlmjohnson__requests,cyclonedx-gomod,1,0,4,1,0,0,1,0,0,1,0,4,1,0,0,1,0,0,0,0,0,0,0,0
reeflective__readline,syft,8,0,4,2,6,0,4,4,0,8,0,4,2,6,0,4,4,0,2,0,0,4,0,0
reeflective__readline,trivy,8,0,4,2,6,0,4,4,0,8,0,4,2,6,0,4,4,0,2,0,0,4,0,0
reeflective__readline,cdxgen,2,0,10,2,0,0,2,0,2,2,0,10,2,0,0,2,0,2,0,0,0,0,0,0
reeflective__readline,cyclonedx-gomod,2,0,10,2,0,0,2,0,2,2,0,10,2,0,0,2,0,2,0,0,0,0,0,0
hatchet-dev__hatchet,syft,296,1,134,246,51,0,249,48,0,296,1,134,246,51,0,249,48,0,3,7,0,6,34,1
hatchet-dev__hatchet,trivy,262,0,168,246,16,0,249,13,0,262,0,168,246,16,0,249,13,0,3,7,0,6,0,0
hatchet-dev__hatchet,cdxgen,246,0,184,246,0,0,246,0,3,246,0,184,246,0,0,246,0,3,0,0,0,0,0,0
hatchet-dev__hatchet,cyclonedx-gomod,253,0,177,243,10,3,243,10,6,253,0,177,243,10,3,243,10,6,0,7,0,3,0,0
FiloSottile__age,syft,9,0,8,6,3,0,9,0,0,9,0,8,6,3,0,9,0,0,3,0,0,0,0,0
FiloSottile__age,trivy,9,0,8,6,3,0,9,0,0,9,0,8,6,3,0,9,0,0,3,0,0,0,0,0
FiloSottile__age,cdxgen,6,0,11,6,0,0,6,0,3,6,0,11,6,0,0,6,0,3,0,0,0,0,0,0
FiloSottile__age,cyclonedx-gomod,6,0,11,6,0,0,6,0,3,6,0,11,6,0,0,6,0,3,0,0,0,0,0,0
imroc__req,syft,26,29,3,11,44,0,11,44,0,21,40,8,11,50,0,11,50,0,0,0,0,4,5,35
imroc__req,trivy,18,27,11,11,34,0,11,34,0,18,31,11,11,38,0,11,38,0,0,0,0,4,0,30
imroc__req,cdxgen,11,17,18,11,17,0,11,17,0,11,21,18,11,21,0,11,21,0,0,0,0,0,0,17
imroc__req,cyclonedx-gomod,11,0,18,11,0,0,11,0,0,11,0,18,11,0,0,11,0,0,0,0,0,0,0,0
stoewer__go-week,syft,8,0,1,1,7,0,6,2,0,8,0,1,1,7,0,6,2,0,5,0,1,0,1,0
stoewer__go-week,trivy,9,0,0,1,8,0,6,3,0,9,0,0,1,8,0,6,3,0,5,0,1,0,2,0
stoewer__go-week,cdxgen,1,0,8,1,0,0,1,0,5,1,0,8,1,0,0,1,0,5,0,0,0,0,0,0
stoewer__go-week,cyclonedx-gomod,1,0,8,1,0,0,1,0,5,1,0,8,1,0,0,1,0,5,0,0,0,0,0,0
cloudwego__netpoll,syft,7,0,5,3,4,0,3,4,0,7,0,5,3,4,0,3,4,0,0,0,0,0,4,0
cloudwego__netpoll,trivy,7,0,5,3,4,0,3,4,0,7,0,5,3,4,0,3,4,0,0,0,0,0,4,0
cloudwego__netpoll,cdxgen,3,0,9,3,0,0,3,0,0,3,0,9,3,0,0,3,0,0,0,0,0,0,0,0
cloudwego__netpoll,cyclonedx-gomod,3,0,9,3,0,0,3,0,0,3,0,9,3,0,0,3,0,0,0,0,0,0,0,0
gavv__httpexpect,syft,49,85,9,30,104,0,32,102,0,44,110,14,30,124,0,32,122,0,2,0,0,5,12,85
gavv__httpexpect,trivy,42,71,16,30,83,0,32,81,0,37,91,21,30,98,0,32,96,0,2,0,0,5,5,71
gavv__httpexpect,cdxgen,37,58,21,30,65,0,32,63,0,30,74,28,30,74,0,30,74,2,2,0,0,0,5,58
gavv__httpexpect,cyclonedx-gomod,30,0,28,30,0,0,30,0,2,30,0,28,30,0,0,30,0,2,0,0,0,0,0,0
syndtr__goleveldb,syft,20,0,15,10,10,0,14,6,0,20,0,15,10,10,0,14,6,0,4,0,0,1,5,0
syndtr__goleveldb,trivy,35,0,0,10,25,0,14,21,0,35,0,0,10,25,0,14,21,0,4,0,0,1,20,0
syndtr__goleveldb,cdxgen,10,0,25,10,0,0,10,0,4,10,0,25,10,0,0,10,0,4,0,0,0,0,0,0
syndtr__goleveldb,cyclonedx-gomod,10,0,25,10,0,0,10,0,4,10,0,25,10,0,0,10,0,4,0,0,0,0,0,0
nikogura__gomason,syft,20,0,10,13,7,0,14,6,0,20,0,10,13,7,0,14,6,0,1,1,0,0,5,0
nikogura__gomason,trivy,15,0,15,13,2,0,14,1,0,15,0,15,13,2,0,14,1,0,1,1,0,0,0,0
nikogura__gomason,cdxgen,13,0,17,13,0,0,13,0,1,13,0,17,13,0,0,13,0,1,0,0,0,0,0,0
nikogura__gomason,cyclonedx-gomod,14,0,16,13,1,0,13,1,1,14,0,16,13,1,0,13,1,1,0,1,0,0,0,0
rekby__fastuuid,syft,6,9,1,1,14,0,5,10,0,6,10,1,1,15,0,5,11,0,4,0,0,0,1,9
rekby__fastuuid,trivy,6,7,1,1,12,0,5,8,0,5,8,2,1,12,0,5,8,0,4,0,0,0,1,7
rekby__fastuuid,cdxgen,1,0,6,1,0,0,1,0,4,1,0,6,1,0,0,1,0,4,0,0,0,0,0,0
rekby__fastuuid,cyclonedx-gomod,1,0,6,1,0,0,1,0,4,1,0,6,1,0,0,1,0,4,0,0,0,0,0,0
fogleman__nes,syft,3,0,0,3,0,0,3,0,0,3,0,0,3,0,0,3,0,0,0,0,0,0,0,0
fogleman__nes,trivy,3,0,0,3,0,0,3,0,0,3,0,0,3,0,0,3,0,0,0,0,0,0,0,0
fogleman__nes,cdxgen,3,0,0,3,0,0,3,0,0,3,0,0,3,0,0,3,0,0,0,0,0,0,0,0
fogleman__nes,cyclonedx-gomod,3,0,0,3,0,0,3,0,0,3,0,0,3,0,0,3,0,0,0,0,0,0,0,0
kevinburke__nacl,syft,4,0,3,1,3,0,3,1,0,4,0,3,1,3,0,3,1,0,2,0,0,1,0,0
kevinburke__nacl,trivy,4,0,3,1,3,0,3,1,0,4,0,3,1,3,0,3,1,0,2,0,0,1,0,0
kevinburke__nacl,cdxgen,1,0,6,1,0,0,1,0,2,1,0,6,1,0,0,1,0,2,0,0,0,0,0,0
kevinburke__nacl,cyclonedx-gomod,2,0,5,1,1,0,1,1,2,2,0,5,1,1,0,1,1,2,0,0,0,1,0,0
soypat__godesim,syft,11,0,26,2,9,0,2,9,0,11,0,26,2,9,0,2,9,0,0,0,0,2,7,0
soypat__godesim,trivy,37,0,0,2,35,0,2,35,0,37,0,0,2,35,0,2,35,0,0,0,0,2,33,0
soypat__godesim,cdxgen,2,0,35,2,0,0,2,0,0,2,0,35,2,0,0,2,0,0,0,0,0,0,0,0
soypat__godesim,cyclonedx-gomod,2,0,35,2,0,0,2,0,0,2,0,35,2,0,0,2,0,0,0,0,0,0,0,0
RichardKnop__go-fixtures,syft,10,0,0,1,9,0,6,4,0,10,0,0,1,9,0,6,4,0,5,0,0,4,0,0
RichardKnop__go-fixtures,trivy,10,0,0,1,9,0,6,4,0,10,0,0,1,9,0,6,4,0,5,0,0,4,0,0
RichardKnop__go-fixtures,cdxgen,1,0,9,1,0,0,1,0,5,1,0,9,1,0,0,1,0,5,0,0,0,0,0,0
RichardKnop__go-fixtures,cyclonedx-gomod,1,0,9,1,0,0,1,0,5,1,0,9,1,0,0,1,0,5,0,0,0,0,0,0
indeedeng__iwf,syft,134,0,104,93,41,0,93,41,0,134,0,104,93,41,0,93,41,0,0,0,0,20,21,0
indeedeng__iwf,trivy,113,0,125,93,20,0,93,20,0,113,0,125,93,20,0,93,20,0,0,0,0,20,0,0
indeedeng__iwf,cdxgen,93,0,145,93,0,0,93,0,0,93,0,145,93,0,0,93,0,0,0,0,0,0,0,0
indeedeng__iwf,cyclonedx-gomod,112,0,126,93,19,0,93,19,0,112,0,126,93,19,0,93,19,0,0,0,0,19,0,0
kubeshark__kubeshark,syft,211,0,139,129,82,0,129,82,0,211,0,139,129,82,0,129,82,0,0,2,0,1,79,0
kubeshark__kubeshark,trivy,132,0,218,129,3,0,129,3,0,132,0,218,129,3,0,129,3,0,0,2,0,1,0,0
kubeshark__kubeshark,cdxgen,129,0,221,129,0,0,129,0,0,129,0,221,129,0,0,129,0,0,0,0,0,0,0,0
kubeshark__kubeshark,cyclonedx-gomod,131,0,219,129,2,0,129,2,0,131,0,219,129,2,0,129,2,0,0,2,0,0,0,0
jcuga__golongpoll,syft,1,0,0,1,0,0,1,0,0,1,0,0,1,0,0,1,0,0,0,0,0,0,0,0
jcuga__golongpoll,trivy,1,0,0,1,0,0,1,0,0,1,0,0,1,0,0,1,0,0,0,0,0,0,0,0
jcuga__golongpoll,cdxgen,1,0,0,1,0,0,1,0,0,1,0,0,1,0,0,1,0,0,0,0,0,0,0,0
jcuga__golongpoll,cyclonedx-gomod,1,0,0,1,0,0,1,0,0,1,0,0,1,0,0,1,0,0,0,0,0,0,0,0
json-iterator__go,syft,8,0,1,2,6,0,7,1,0,8,0,1,2,6,0,7,1,0,5,0,0,0,1,0
json-iterator__go,trivy,9,0,0,2,7,0,7,2,0,9,0,0,2,7,0,7,2,0,5,0,0,0,2,0
json-iterator__go,cdxgen,2,0,7,2,0,0,2,0,5,2,0,7,2,0,0,2,0,5,0,0,0,0,0,0
json-iterator__go,cyclonedx-gomod,2,0,7,2,0,0,2,0,5,2,0,7,2,0,0,2,0,5,0,0,0,0,0,0
gogf__gf,syft,42,213,1,27,228,0,27,228,0,40,260,3,27,273,0,27,273,0,0,0,0,0,10,218
gogf__gf,trivy,35,181,8,27,189,0,27,189,0,33,222,10,27,228,0,27,228,0,0,0,0,0,3,186
gogf__gf,cdxgen,NA
gogf__gf,cyclonedx-gomod,27,0,16,27,0,0,27,0,0,27,0,16,27,0,0,27,0,0,0,0,0,0,0,0
jgroeneveld__trial,syft,1,0,0,1,0,0,1,0,0,1,0,0,1,0,0,1,0,0,0,0,0,0,0,0
jgroeneveld__trial,trivy,1,0,0,1,0,0,1,0,0,1,0,0,1,0,0,1,0,0,0,0,0,0,0,0
jgroeneveld__trial,cdxgen,1,0,0,1,0,0,1,0,0,1,0,0,1,0,0,1,0,0,0,0,0,0,0,0
jgroeneveld__trial,cyclonedx-gomod,1,0,0,1,0,0,1,0,0,1,0,0,1,0,0,1,0,0,0,0,0,0,0,0
appleboy__drone-jenkins,syft,12,0,3,7,5,0,11,1,0,12,0,3,7,5,0,11,1,0,4,0,0,0,1,0
appleboy__drone-jenkins,trivy,11,0,4,7,4,0,11,0,0,11,0,4,7,4,0,11,0,0,4,0,0,0,0,0
appleboy__drone-jenkins,cdxgen,7,0,8,7,0,0,7,0,4,7,0,8,7,0,0,7,0,4,0,0,0,0,0,0
appleboy__drone-jenkins,cyclonedx-gomod,7,0,8,7,0,0,7,0,4,7,0,8,7,0,0,7,0,4,0,0,0,0,0,0
Antonboom__testifylint,syft,6,16,2,3,19,0,3,19,0,4,19,4,3,20,0,3,20,0,0,0,0,0,1,18
Antonboom__testifylint,trivy,4,12,4,3,13,0,3,13,0,3,14,5,3,14,0,3,14,0,0,0,0,0,0,13
Antonboom__testifylint,cdxgen,4,11,4,3,12,0,3,12,0,3,13,5,3,13,0,3,13,0,0,0,0,0,0,12
Antonboom__testifylint,cyclonedx-gomod,2,0,6,2,0,1,2,0,1,2,0,6,2,0,1,2,0,1,0,0,0,0,0,0
yuin__gopher-lua,syft,4,0,0,1,3,0,1,3,0,4,0,0,1,3,0,1,3,0,0,0,0,3,0,0
yuin__gopher-lua,trivy,4,0,0,1,3,0,1,3,0,4,0,0,1,3,0,1,3,0,0,0,0,3,0,0
yuin__gopher-lua,cdxgen,1,0,3,1,0,0,1,0,0,1,0,3,1,0,0,1,0,0,0,0,0,0,0,0
yuin__gopher-lua,cyclonedx-gomod,2,0,2,1,1,0,1,1,0,2,0,2,1,1,0,1,1,0,0,0,0,1,0,0
KusionStack__kusion,syft,396,0,409,325,71,0,334,62,0,396,0,409,325,71,0,334,62,0,9,3,0,13,46,0
KusionStack__kusion,trivy,350,0,455,325,25,0,334,16,0,350,0,455,325,25,0,334,16,0,9,3,0,13,0,0
KusionStack__kusion,cdxgen,325,0,480,325,0,0,325,0,9,325,0,480,325,0,0,325,0,9,0,0,0,0,0,0
KusionStack__kusion,cyclonedx-gomod,332,0,473,322,10,3,322,10,12,332,0,473,322,10,3,322,10,12,0,3,0,7,0,0
dwin__goArgonPass,syft,9,0,6,2,7,0,6,3,0,9,0,6,2,7,0,6,3,0,4,0,0,2,1,0
dwin__goArgonPass,trivy,15,0,0,2,13,0,6,9,0,15,0,0,2,13,0,6,9,0,4,0,0,2,7,0
dwin__goArgonPass,cdxgen,2,0,13,2,0,0,2,0,4,2,0,13,2,0,0,2,0,4,0,0,0,0,0,0
dwin__goArgonPass,cyclonedx-gomod,2,0,13,2,0,0,2,0,4,2,0,13,2,0,0,2,0,4,0,0,0,0,0,0
jonreiter__govader,syft,2,0,9,1,1,0,1,1,0,2,0,9,1,1,0,1,1,0,0,0,0,0,1,0
jonreiter__govader,trivy,11,0,0,1,10,0,1,10,0,11,0,0,1,10,0,1,10,0,0,0,0,0,10,0
jonreiter__govader,cdxgen,1,0,10,1,0,0,1,0,0,1,0,10,1,0,0,1,0,0,0,0,0,0,0,0
jonreiter__govader,cyclonedx-gomod,1,0,10,1,0,0,1,0,0,1,0,10,1,0,0,1,0,0,0,0,0,0,0,0
couchbase__moss,syft,4,0,0,3,1,0,3,1,0,4,0,0,3,1,0,3,1,0,0,0,1,0,0,0
couchbase__moss,trivy,4,0,0,3,1,0,3,1,0,4,0,0,3,1,0,3,1,0,0,0,1,0,0,0
couchbase__moss,cdxgen,3,0,1,3,0,0,3,0,0,3,0,1,3,0,0,3,0,0,0,0,0,0,0,0
couchbase__moss,cyclonedx-gomod,4,0,0,3,1,0,3,1,0,4,0,0,3,1,0,3,1,0,0,0,1,0,0,0
Netflix__chaosmonkey,syft,33,0,4,24,9,0,24,9,0,33,0,4,24,9,0,24,9,0,0,0,0,5,4,0
Netflix__chaosmonkey,trivy,29,0,8,24,5,0,24,5,0,29,0,8,24,5,0,24,5,0,0,0,0,5,0,0
Netflix__chaosmonkey,cdxgen,24,0,13,24,0,0,24,0,0,24,0,13,24,0,0,24,0,0,0,0,0,0,0,0
Netflix__chaosmonkey,cyclonedx-gomod,24,0,13,24,0,0,24,0,0,24,0,13,24,0,0,24,0,0,0,0,0,0,0,0
uber-go__zap,syft,10,23,2,1,32,0,7,26,0,10,28,2,1,37,0,7,31,0,6,0,0,1,2,23
uber-go__zap,trivy,10,24,2,1,33,0,7,27,0,8,28,4,1,35,0,7,29,0,6,0,0,1,2,24
uber-go__zap,cdxgen,1,6,11,1,6,0,1,6,6,1,6,11,1,6,0,1,6,6,0,0,0,0,0,6
uber-go__zap,cyclonedx-gomod,1,0,11,1,0,0,1,0,6,1,0,11,1,0,0,1,0,6,0,0,0,0,0,0
VividCortex__pm,syft,1,0,0,1,0,0,1,0,0,1,0,0,1,0,0,1,0,0,0,0,0,0,0,0
VividCortex__pm,trivy,1,0,0,1,0,0,1,0,0,1,0,0,1,0,0,1,0,0,0,0,0,0,0,0
VividCortex__pm,cdxgen,1,0,0,1,0,0,1,0,0,1,0,0,1,0,0,1,0,0,0,0,0,0,0,0
VividCortex__pm,cyclonedx-gomod,1,0,0,1,0,0,1,0,0,1,0,0,1,0,0,1,0,0,0,0,0,0,0,0
charmbracelet__bubbletea,syft,19,27,1,15,31,0,17,29,0,19,30,1,15,34,0,17,32,0,2,0,0,0,1,28
charmbracelet__bubbletea,trivy,19,22,1,15,26,0,17,24,0,18,23,2,15,26,0,17,24,0,2,0,0,0,1,23
charmbracelet__bubbletea,cdxgen,15,20,5,15,20,0,15,20,2,15,20,5,15,20,0,15,20,2,0,0,0,0,0,20
charmbracelet__bubbletea,cyclonedx-gomod,15,0,5,15,0,0,15,0,2,15,0,5,15,0,0,15,0,2,0,0,0,0,0,0
masterzen__winrm-cli,syft,13,0,1,10,3,0,13,0,0,13,0,1,10,3,0,13,0,0,3,0,0,0,0,0
masterzen__winrm-cli,trivy,14,0,0,10,4,0,13,1,0,14,0,0,10,4,0,13,1,0,3,0,0,0,1,0
masterzen__winrm-cli,cdxgen,10,0,4,10,0,0,10,0,3,10,0,4,10,0,0,10,0,3,0,0,0,0,0,0
masterzen__winrm-cli,cyclonedx-gomod,10,0,4,10,0,0,10,0,3,10,0,4,10,0,0,10,0,3,0,0,0,0,0,0
bobg__decouple,syft,8,1,4,4,5,0,6,3,0,8,1,4,4,5,0,6,3,0,2,0,0,0,2,1
bobg__decouple,trivy,6,1,6,4,3,0,6,1,0,6,1,6,4,3,0,6,1,0,2,0,0,0,0,1
bobg__decouple,cdxgen,4,0,8,4,0,0,4,0,2,4,0,8,4,0,0,4,0,2,0,0,0,0,0,0
bobg__decouple,cyclonedx-gomod,4,0,8,4,0,0,4,0,2,4,0,8,4,0,0,4,0,2,0,0,0,0,0,0
ansd__lastpass-go,syft,11,0,23,1,10,0,10,1,0,11,0,23,1,10,0,10,1,0,9,0,0,0,1,0
ansd__lastpass-go,trivy,34,0,0,1,33,0,10,24,0,34,0,0,1,33,0,10,24,0,9,0,0,0,24,0
ansd__lastpass-go,cdxgen,1,0,33,1,0,0,1,0,9,1,0,33,1,0,0,1,0,9,0,0,0,0,0,0
ansd__lastpass-go,cyclonedx-gomod,1,0,33,1,0,0,1,0,9,1,0,33,1,0,0,1,0,9,0,0,0,0,0,0
leozz37__hare,syft,4,0,0,4,0,0,4,0,0,4,0,0,4,0,0,4,0,0,0,0,0,0,0,0
leozz37__hare,trivy,4,0,0,4,0,0,4,0,0,4,0,0,4,0,0,4,0,0,0,0,0,0,0,0
leozz37__hare,cdxgen,4,0,0,4,0,0,4,0,0,4,0,0,4,0,0,4,0,0,0,0,0,0,0,0
leozz37__hare,cyclonedx-gomod,4,0,0,4,0,0,4,0,0,4,0,0,4,0,0,4,0,0,0,0,0,0,0,0
panjf2000__ants,syft,6,0,1,1,5,0,5,1,0,6,0,1,1,5,0,5,1,0,4,0,0,0,1,0
panjf2000__ants,trivy,5,0,2,1,4,0,5,0,0,5,0,2,1,4,0,5,0,0,4,0,0,0,0,0
panjf2000__ants,cdxgen,1,0,6,1,0,0,1,0,4,1,0,6,1,0,0,1,0,4,0,0,0,0,0,0
panjf2000__ants,cyclonedx-gomod,1,0,6,1,0,0,1,0,4,1,0,6,1,0,0,1,0,4,0,0,0,0,0,0
abahmed__kwatch,syft,70,0,20,57,13,0,59,11,0,70,0,20,57,13,0,59,11,0,2,0,0,2,9,0
abahmed__kwatch,trivy,61,0,29,57,4,0,59,2,0,61,0,29,57,4,0,59,2,0,2,0,0,2,0,0
abahmed__kwatch,cdxgen,57,0,33,57,0,0,57,0,2,57,0,33,57,0,0,57,0,2,0,0,0,0,0,0
abahmed__kwatch,cyclonedx-gomod,55,0,35,54,1,3,54,1,5,55,0,35,54,1,3,54,1,5,0,0,0,1,0,0
steevin__neuron-cli,syft,101,0,17,69,32,0,69,32,0,101,0,17,69,32,0,69,32,0,0,4,0,0,28,0
steevin__neuron-cli,trivy,73,0,45,69,4,0,69,4,0,73,0,45,69,4,0,69,4,0,0,4,0,0,0,0
steevin__neuron-cli,cdxgen,69,0,49,69,0,0,69,0,0,69,0,49,69,0,0,69,0,0,0,0,0,0,0,0
steevin__neuron-cli,cyclonedx-gomod,73,0,45,69,4,0,69,4,0,73,0,45,69,4,0,69,4,0,0,4,0,0,0,0
SaiNageswarS__go-api-boot,syft,111,0,197,92,19,0,92,19,0,111,0,197,92,19,0,92,19,0,0,1,0,0,18,0
SaiNageswarS__go-api-boot,trivy,93,0,215,92,1,0,92,1,0,93,0,215,92,1,0,92,1,0,0,1,0,0,0,0
SaiNageswarS__go-api-boot,cdxgen,92,0,216,92,0,0,92,0,0,92,0,216,92,0,0,92,0,0,0,0,0,0,0,0
SaiNageswarS__go-api-boot,cyclonedx-gomod,88,0,220,87,1,5,87,1,5,88,0,220,87,1,5,87,1,5,0,1,0,0,0,0
prest__prest,syft,63,0,21,47,16,0,48,15,0,63,0,21,47,16,0,48,15,0,1,1,0,4,10,0
prest__prest,trivy,53,0,31,47,6,0,48,5,0,53,0,31,47,6,0,48,5,0,1,1,0,4,0,0
prest__prest,cdxgen,47,0,37,47,0,0,47,0,1,47,0,37,47,0,0,47,0,1,0,0,0,0,0,0
prest__prest,cyclonedx-gomod,51,0,33,47,4,0,47,4,1,51,0,33,47,4,0,47,4,1,0,1,0,3,0,0
cockroachdb__cockroach,syft,535,12,631,393,154,8,399,148,8,535,27,631,393,169,8,399,163,8,6,7,4,63,71,3
cockroachdb__cockroach,trivy,473,15,693,393,95,8,399,89,8,473,30,693,393,110,8,399,104,8,6,7,4,63,9,6
cockroachdb__cockroach,cdxgen,481,11,685,401,91,0,407,85,0,481,26,685,401,106,0,407,100,0,6,7,4,63,9,2
cockroachdb__cockroach,cyclonedx-gomod,463,9,703,391,81,10,392,80,15,463,9,703,391,81,10,392,80,15,1,7,3,61,9,0
cenkalti__rain,syft,53,0,17,41,12,0,47,6,0,53,0,17,41,12,0,47,6,0,6,0,0,5,1,0
cenkalti__rain,trivy,52,0,18,41,11,0,47,5,0,52,0,18,41,11,0,47,5,0,6,0,0,5,0,0
cenkalti__rain,cdxgen,41,0,29,41,0,0,41,0,6,41,0,29,41,0,0,41,0,6,0,0,0,0,0,0
cenkalti__rain,cyclonedx-gomod,42,0,28,41,1,0,41,1,6,42,0,28,41,1,0,41,1,6,0,0,0,1,0,0
lib4u__fake-useragent,syft,1,0,4,1,0,0,1,0,0,1,0,4,1,0,0,1,0,0,0,0,0,0,0,0
lib4u__fake-useragent,trivy,1,0,4,1,0,0,1,0,0,1,0,4,1,0,0,1,0,0,0,0,0,0,0,0
lib4u__fake-useragent,cdxgen,1,0,4,1,0,0,1,0,0,1,0,4,1,0,0,1,0,0,0,0,0,0,0,0
lib4u__fake-useragent,cyclonedx-gomod,1,0,4,1,0,0,1,0,0,1,0,4,1,0,0,1,0,0,0,0,0,0,0,0
bojanz__currency,syft,1,0,1,1,0,0,1,0,0,1,0,1,1,0,0,1,0,0,0,0,0,0,0,0
bojanz__currency,trivy,2,0,0,1,1,0,1,1,0,2,0,0,1,1,0,1,1,0,0,0,0,0,1,0
bojanz__currency,cdxgen,1,0,1,1,0,0,1,0,0,1,0,1,1,0,0,1,0,0,0,0,0,0,0,0
bojanz__currency,cyclonedx-gomod,1,0,1,1,0,0,1,0,0,1,0,1,1,0,0,1,0,0,0,0,0,0,0,0
Sherifabdlnaby__gpool,syft,2,0,0,1,1,0,1,1,0,2,0,0,1,1,0,1,1,0,0,0,0,1,0,0
Sherifabdlnaby__gpool,trivy,2,0,0,1,1,0,1,1,0,2,0,0,1,1,0,1,1,0,0,0,0,1,0,0
Sherifabdlnaby__gpool,cdxgen,2,0,0,1,1,0,1,1,0,2,0,0,1,1,0,1,1,0,0,0,0,1,0,0
Sherifabdlnaby__gpool,cyclonedx-gomod,1,0,1,1,0,0,1,0,0,1,0,1,1,0,0,1,0,0,0,0,0,0,0,0
adlio__trello,syft,1,0,0,1,0,0,1,0,0,1,0,0,1,0,0,1,0,0,0,0,0,0,0,0
adlio__trello,trivy,1,0,0,1,0,0,1,0,0,1,0,0,1,0,0,1,0,0,0,0,0,0,0,0
adlio__trello,cdxgen,1,0,0,1,0,0,1,0,0,1,0,0,1,0,0,1,0,0,0,0,0,0,0,0
adlio__trello,cyclonedx-gomod,1,0,0,1,0,0,1,0,0,1,0,0,1,0,0,1,0,0,0,0,0,0,0,0
pantrif__url-shortener,syft,3,0,0,2,1,0,3,0,0,3,0,0,2,1,0,3,0,0,1,0,0,0,0,0
pantrif__url-shortener,trivy,3,0,0,2,1,0,3,0,0,3,0,0,2,1,0,3,0,0,1,0,0,0,0,0
pantrif__url-shortener,cdxgen,2,0,1,2,0,0,2,0,1,2,0,1,2,0,0,2,0,1,0,0,0,0,0,0
pantrif__url-shortener,cyclonedx-gomod,2,0,1,2,0,0,2,0,1,2,0,1,2,0,0,2,0,1,0,0,0,0,0,0
hashicorp__go-retryablehttp,syft,10,0,2,1,9,0,6,4,0,10,0,2,1,9,0,6,4,0,5,0,0,0,4,0
hashicorp__go-retryablehttp,trivy,6,0,6,1,5,0,6,0,0,6,0,6,1,5,0,6,0,0,5,0,0,0,0,0
hashicorp__go-retryablehttp,cdxgen,1,0,11,1,0,0,1,0,5,1,0,11,1,0,0,1,0,5,0,0,0,0,0,0
hashicorp__go-retryablehttp,cyclonedx-gomod,1,0,11,1,0,0,1,0,5,1,0,11,1,0,0,1,0,5,0,0,0,0,0,0
blinklabs-io__nview,syft,35,0,24,22,13,0,22,13,0,35,0,24,22,13,0,22,13,0,0,2,0,5,6,0
blinklabs-io__nview,trivy,29,0,30,22,7,0,22,7,0,29,0,30,22,7,0,22,7,0,0,2,0,5,0,0
blinklabs-io__nview,cdxgen,22,0,37,22,0,0,22,0,0,22,0,37,22,0,0,22,0,0,0,0,0,0,0,0
blinklabs-io__nview,cyclonedx-gomod,27,0,32,22,5,0,22,5,0,27,0,32,22,5,0,22,5,0,0,2,0,3,0,0
corona10__goimagehash,syft,1,0,0,1,0,0,1,0,0,1,0,0,1,0,0,1,0,0,0,0,0,0,0,0
corona10__goimagehash,trivy,1,0,0,1,0,0,1,0,0,1,0,0,1,0,0,1,0,0,0,0,0,0,0,0
corona10__goimagehash,cdxgen,1,0,0,1,0,0,1,0,0,1,0,0,1,0,0,1,0,0,0,0,0,0,0,0
corona10__goimagehash,cyclonedx-gomod,1,0,0,1,0,0,1,0,0,1,0,0,1,0,0,1,0,0,0,0,0,0,0,0
Sirupsen__logrus,syft,6,0,1,5,1,0,5,1,0,6,0,1,5,1,0,5,1,0,0,0,0,0,1,0
Sirupsen__logrus,trivy,5,0,2,5,0,0,5,0,0,5,0,2,5,0,0,5,0,0,0,0,0,0,0,0
Sirupsen__logrus,cdxgen,5,0,2,5,0,0,5,0,0,5,0,2,5,0,0,5,0,0,0,0,0,0,0,0
Sirupsen__logrus,cyclonedx-gomod,2,0,5,2,0,3,2,0,3,2,0,5,2,0,3,2,0,3,0,0,0,0,0,0
emersion__go-imap,syft,2,0,10,2,0,0,2,0,0,2,0,10,2,0,0,2,0,0,0,0,0,0,0,0
emersion__go-imap,trivy,12,0,0,2,10,0,2,10,0,12,0,0,2,10,0,2,10,0,0,0,0,0,10,0
emersion__go-imap,cdxgen,2,0,10,2,0,0,2,0,0,2,0,10,2,0,0,2,0,0,0,0,0,0,0,0
emersion__go-imap,cyclonedx-gomod,2,0,10,2,0,0,2,0,0,2,0,10,2,0,0,2,0,0,0,0,0,0,0,0
shenwei356__taxonkit,syft,44,0,30,31,13,0,31,13,0,44,0,30,31,13,0,31,13,0,0,1,0,3,9,0
shenwei356__taxonkit,trivy,36,0,38,31,5,0,31,5,0,36,0,38,31,5,0,31,5,0,0,1,0,3,1,0
shenwei356__taxonkit,cdxgen,31,0,43,31,0,0,31,0,0,31,0,43,31,0,0,31,0,0,0,0,0,0,0,0
shenwei356__taxonkit,cyclonedx-gomod,34,0,40,31,3,0,31,3,0,34,0,40,31,3,0,31,3,0,0,1,0,2,0,0
xaionaro-go__secureio,syft,22,0,8,14,8,0,20,2,0,22,0,8,14,8,0,20,2,0,6,0,1,0,1,0
xaionaro-go__secureio,trivy,30,0,0,14,16,0,20,10,0,30,0,0,14,16,0,20,10,0,6,0,1,0,9,0
xaionaro-go__secureio,cdxgen,14,0,16,14,0,0,14,0,6,14,0,16,14,0,0,14,0,6,0,0,0,0,0,0
xaionaro-go__secureio,cyclonedx-gomod,14,0,16,14,0,0,14,0,6,14,0,16,14,0,0,14,0,6,0,0,0,0,0,0
go-sql-driver__mysql,syft,1,0,0,1,0,0,1,0,0,1,0,0,1,0,0,1,0,0,0,0,0,0,0,0
go-sql-driver__mysql,trivy,1,0,0,1,0,0,1,0,0,1,0,0,1,0,0,1,0,0,0,0,0,0,0,0
go-sql-driver__mysql,cdxgen,1,0,0,1,0,0,1,0,0,1,0,0,1,0,0,1,0,0,0,0,0,0,0,0
go-sql-driver__mysql,cyclonedx-gomod,1,0,0,1,0,0,1,0,0,1,0,0,1,0,0,1,0,0,0,0,0,0,0,0
1set__cronrange,syft,1,0,0,1,0,0,1,0,0,1,0,0,1,0,0,1,0,0,0,0,0,0,0,0
1set__cronrange,trivy,1,1,0,1,1,0,1,1,0,1,1,0,1,1,0,1,1,0,0,0,0,0,1,0
1set__cronrange,cdxgen,1,0,0,1,0,0,1,0,0,1,0,0,1,0,0,1,0,0,0,0,0,0,0,0
1set__cronrange,cyclonedx-gomod,1,0,0,1,0,0,1,0,0,1,0,0,1,0,0,1,0,0,0,0,0,0,0,0
plandem__xlsx,syft,5,0,1,1,4,0,4,1,0,5,0,1,1,4,0,4,1,0,3,0,0,0,1,0
plandem__xlsx,trivy,6,0,0,1,5,0,4,2,0,6,0,0,1,5,0,4,2,0,3,0,0,0,2,0
plandem__xlsx,cdxgen,1,0,5,1,0,0,1,0,3,1,0,5,1,0,0,1,0,3,0,0,0,0,0,0
plandem__xlsx,cyclonedx-gomod,1,0,5,1,0,0,1,0,3,1,0,5,1,0,0,1,0,3,0,0,0,0,0,0
go-reform__reform,syft,23,172,2,10,185,0,15,180,0,20,179,5,10,189,0,15,184,0,5,0,0,4,4,172
go-reform__reform,trivy,22,173,3,10,185,0,15,180,0,19,180,6,10,189,0,15,184,0,5,0,0,4,3,173
go-reform__reform,cdxgen,17,172,8,10,179,0,14,175,1,12,179,13,10,181,0,12,179,3,4,0,0,0,3,172
go-reform__reform,cyclonedx-gomod,9,0,16,9,0,1,9,0,6,9,0,16,9,0,1,9,0,6,0,0,0,0,0,0
dgraph-io__ristretto,syft,9,0,1,3,6,0,8,1,0,9,0,1,3,6,0,8,1,0,5,0,0,0,1,0
dgraph-io__ristretto,trivy,8,0,2,3,5,0,8,0,0,8,0,2,3,5,0,8,0,0,5,0,0,0,0,0
dgraph-io__ristretto,cdxgen,3,0,7,3,0,0,3,0,5,3,0,7,3,0,0,3,0,5,0,0,0,0,0,0
dgraph-io__ristretto,cyclonedx-gomod,3,0,7,3,0,0,3,0,5,3,0,7,3,0,0,3,0,5,0,0,0,0,0,0
go-ozzo__ozzo-validation,syft,6,0,1,1,5,0,5,1,0,6,0,1,1,5,0,5,1,0,4,0,0,0,1,0
go-ozzo__ozzo-validation,trivy,7,0,0,1,6,0,5,2,0,7,0,0,1,6,0,5,2,0,4,0,0,0,2,0
go-ozzo__ozzo-validation,cdxgen,1,0,6,1,0,0,1,0,4,1,0,6,1,0,0,1,0,4,0,0,0,0,0,0
go-ozzo__ozzo-validation,cyclonedx-gomod,1,0,6,1,0,0,1,0,4,1,0,6,1,0,0,1,0,4,0,0,0,0,0,0
octomation__go-module,syft,1,186,0,1,186,0,1,186,0,1,186,0,1,186,0,1,186,0,0,0,0,0,0,186
octomation__go-module,trivy,1,187,0,1,187,0,1,187,0,1,187,0,1,187,0,1,187,0,0,0,0,0,0,187
octomation__go-module,cdxgen,1,186,0,1,186,0,1,186,0,1,186,0,1,186,0,1,186,0,0,0,0,0,0,186
octomation__go-module,cyclonedx-gomod,1,0,0,1,0,0,1,0,0,1,0,0,1,0,0,1,0,0,0,0,0,0,0,0
woodpecker-ci__woodpecker,syft,278,0,135,201,77,0,206,72,0,278,0,135,201,77,0,206,72,0,5,4,2,27,39,0
woodpecker-ci__woodpecker,trivy,239,0,174,201,38,0,206,33,0,239,0,174,201,38,0,206,33,0,5,4,2,27,0,0
woodpecker-ci__woodpecker,cdxgen,239,0,174,201,38,0,206,33,0,239,0,174,201,38,0,206,33,0,5,4,2,27,0,0
woodpecker-ci__woodpecker,cyclonedx-gomod,228,0,185,199,29,2,199,29,7,228,0,185,199,29,2,199,29,7,0,4,2,23,0,0
openziti__sdk-golang,syft,134,95,114,76,153,0,80,149,0,114,119,134,76,157,0,80,153,0,4,3,0,7,43,96
openziti__sdk-golang,trivy,112,75,136,76,111,0,80,107,0,93,95,155,76,112,0,80,108,0,4,3,0,7,22,75
openziti__sdk-golang,cdxgen,98,63,150,76,85,0,80,81,0,84,78,164,76,86,0,80,82,0,4,0,0,1,17,63
openziti__sdk-golang,cyclonedx-gomod,86,0,162,76,10,0,76,10,4,86,0,162,76,10,0,76,10,4,0,3,0,7,0,0
luraproject__lura,syft,44,0,17,26,18,0,26,18,0,44,0,17,26,18,0,26,18,0,0,0,0,11,7,0
luraproject__lura,trivy,37,0,24,26,11,0,26,11,0,37,0,24,26,11,0,26,11,0,0,0,0,11,0,0
luraproject__lura,cdxgen,26,0,35,26,0,0,26,0,0,26,0,35,26,0,0,26,0,0,0,0,0,0,0,0
luraproject__lura,cyclonedx-gomod,37,0,24,26,11,0,26,11,0,37,0,24,26,11,0,26,11,0,0,0,0,11,0,0
GiGurra__boa,syft,3,0,4,2,1,0,2,1,0,3,0,4,2,1,0,2,1,0,0,1,0,0,0,0
GiGurra__boa,trivy,3,0,4,2,1,0,2,1,0,3,0,4,2,1,0,2,1,0,0,1,0,0,0,0
GiGurra__boa,cdxgen,2,0,5,2,0,0,2,0,0,2,0,5,2,0,0,2,0,0,0,0,0,0,0,0
GiGurra__boa,cyclonedx-gomod,3,0,4,2,1,0,2,1,0,3,0,4,2,1,0,2,1,0,0,1,0,0,0,0
koltyakov__gosip,syft,24,0,9,17,7,0,17,7,0,24,0,9,17,7,0,17,7,0,0,1,0,1,5,0
koltyakov__gosip,trivy,19,0,14,17,2,0,17,2,0,19,0,14,17,2,0,17,2,0,0,1,0,1,0,0
koltyakov__gosip,cdxgen,17,0,16,17,0,0,17,0,0,17,0,16,17,0,0,17,0,0,0,0,0,0,0,0
koltyakov__gosip,cyclonedx-gomod,19,0,14,17,2,0,17,2,0,19,0,14,17,2,0,17,2,0,0,1,0,1,0,0
francesconi__go-rampart,syft,1,0,5,1,0,0,1,0,0,1,0,5,1,0,0,1,0,0,0,0,0,0,0,0
francesconi__go-rampart,trivy,1,0,5,1,0,0,1,0,0,1,0,5,1,0,0,1,0,0,0,0,0,0,0,0
francesconi__go-rampart,cdxgen,1,0,5,1,0,0,1,0,0,1,0,5,1,0,0,1,0,0,0,0,0,0,0,0
francesconi__go-rampart,cyclonedx-gomod,1,0,5,1,0,0,1,0,0,1,0,5,1,0,0,1,0,0,0,0,0,0,0,0
gaia-pipeline__gaia,syft,104,0,284,75,29,0,79,25,0,103,1,285,74,30,1,78,26,1,4,1,0,7,17,0
gaia-pipeline__gaia,trivy,87,0,301,75,12,0,79,8,0,86,1,302,74,13,1,78,9,1,4,1,0,7,0,0
gaia-pipeline__gaia,cdxgen,75,0,313,75,0,0,75,0,4,75,0,313,75,0,0,75,0,4,0,0,0,0,0,0
gaia-pipeline__gaia,cyclonedx-gomod,76,0,312,74,2,1,74,2,5,75,1,313,73,3,2,73,3,6,0,1,0,1,0,0
beatlabs__harvester,syft,46,0,66,20,26,0,24,22,0,46,0,66,20,26,0,24,22,0,4,0,0,3,19,0
beatlabs__harvester,trivy,27,0,85,20,7,0,24,3,0,27,0,85,20,7,0,24,3,0,4,0,0,3,0,0
beatlabs__harvester,cdxgen,27,0,85,20,7,0,24,3,0,27,0,85,20,7,0,24,3,0,4,0,0,3,0,0
beatlabs__harvester,cyclonedx-gomod,21,0,91,20,1,0,20,1,4,21,0,91,20,1,0,20,1,4,0,0,0,1,0,0
Shopify__sarama,syft,25,23,12,14,34,0,18,30,0,25,23,12,14,34,0,18,30,0,4,0,1,2,4,23
Shopify__sarama,trivy,22,22,15,14,30,0,18,26,0,22,22,15,14,30,0,18,26,0,4,0,1,2,1,22
Shopify__sarama,cdxgen,15,13,22,14,14,0,14,14,4,15,13,22,14,14,0,14,14,4,0,0,0,0,1,13
Shopify__sarama,cyclonedx-gomod,14,0,23,14,0,0,14,0,4,14,0,23,14,0,0,14,0,4,0,0,0,0,0,0
Vertamedia__chproxy,syft,36,0,24,20,16,0,28,8,0,36,0,24,20,16,0,28,8,0,8,0,0,1,7,0
Vertamedia__chproxy,trivy,29,0,31,20,9,0,28,1,0,29,0,31,20,9,0,28,1,0,8,0,0,1,0,0
Vertamedia__chproxy,cdxgen,20,0,40,20,0,0,20,0,8,20,0,40,20,0,0,20,0,8,0,0,0,0,0,0
Vertamedia__chproxy,cyclonedx-gomod,20,0,40,20,0,0,20,0,8,20,0,40,20,0,0,20,0,8,0,0,0,0,0,0
pterm__pterm,syft,19,0,10,10,9,0,14,5,0,19,0,10,10,9,0,14,5,0,4,0,0,0,5,0
pterm__pterm,trivy,14,0,15,10,4,0,14,0,0,14,0,15,10,4,0,14,0,0,4,0,0,0,0,0
pterm__pterm,cdxgen,10,0,19,10,0,0,10,0,4,10,0,19,10,0,0,10,0,4,0,0,0,0,0,0
pterm__pterm,cyclonedx-gomod,10,0,19,10,0,0,10,0,4,10,0,19,10,0,0,10,0,4,0,0,0,0,0,0
go-rel__rel,syft,17,0,11,2,15,0,7,10,0,17,0,11,2,15,0,7,10,0,5,0,0,2,8,0
go-rel__rel,trivy,9,0,19,2,7,0,7,2,0,9,0,19,2,7,0,7,2,0,5,0,0,2,0,0
go-rel__rel,cdxgen,2,0,26,2,0,0,2,0,5,2,0,26,2,0,0,2,0,5,0,0,0,0,0,0
go-rel__rel,cyclonedx-gomod,2,0,26,2,0,0,2,0,5,2,0,26,2,0,0,2,0,5,0,0,0,0,0,0
SimonBaeumer__commander,syft,42,0,16,28,14,0,30,12,0,42,0,16,28,14,0,30,12,0,2,2,0,7,3,0
SimonBaeumer__commander,trivy,39,0,19,28,11,0,30,9,0,39,0,19,28,11,0,30,9,0,2,2,0,7,0,0
SimonBaeumer__commander,cdxgen,39,0,19,28,11,0,30,9,0,39,0,19,28,11,0,30,9,0,2,2,0,7,0,0
SimonBaeumer__commander,cyclonedx-gomod,29,0,29,25,4,3,25,4,5,29,0,29,25,4,3,25,4,5,0,2,0,2,0,0
savsgio__atreugo,syft,10,0,4,7,3,0,8,2,0,10,0,4,7,3,0,8,2,0,1,1,0,0,1,0
savsgio__atreugo,trivy,9,0,5,7,2,0,8,1,0,9,0,5,7,2,0,8,1,0,1,1,0,0,0,0
savsgio__atreugo,cdxgen,7,0,7,7,0,0,7,0,1,7,0,7,7,0,0,7,0,1,0,0,0,0,0,0
savsgio__atreugo,cyclonedx-gomod,8,0,6,7,1,0,7,1,1,8,0,6,7,1,0,7,1,1,0,1,0,0,0,0
tidwall__gjson,syft,2,0,0,2,0,0,2,0,0,2,0,0,2,0,0,2,0,0,0,0,0,0,0,0
tidwall__gjson,trivy,2,0,0,2,0,0,2,0,0,2,0,0,2,0,0,2,0,0,0,0,0,0,0,0
tidwall__gjson,cdxgen,2,0,0,2,0,0,2,0,0,2,0,0,2,0,0,2,0,0,0,0,0,0,0,0
tidwall__gjson,cyclonedx-gomod,2,0,0,2,0,0,2,0,0,2,0,0,2,0,0,2,0,0,0,0,0,0,0,0
upper__db,syft,56,0,50,45,11,0,47,9,0,56,0,50,45,11,0,47,9,0,2,0,0,3,6,0
upper__db,trivy,50,0,56,45,5,0,47,3,0,50,0,56,45,5,0,47,3,0,2,0,0,3,0,0
upper__db,cdxgen,45,0,61,45,0,0,45,0,2,45,0,61,45,0,0,45,0,2,0,0,0,0,0,0
upper__db,cyclonedx-gomod,44,0,62,44,0,1,44,0,3,44,0,62,44,0,1,44,0,3,0,0,0,0,0,0
rinchsan__device-check-go,syft,5,0,1,2,3,0,2,3,0,5,0,1,2,3,0,2,3,0,0,0,0,0,3,0
rinchsan__device-check-go,trivy,6,0,0,2,4,0,2,4,0,6,0,0,2,4,0,2,4,0,0,0,0,0,4,0
rinchsan__device-check-go,cdxgen,2,0,4,2,0,0,2,0,0,2,0,4,2,0,0,2,0,0,0,0,0,0,0,0
rinchsan__device-check-go,cyclonedx-gomod,2,0,4,2,0,0,2,0,0,2,0,4,2,0,0,2,0,0,0,0,0,0,0,0
dotchain__dot,syft,16,1,293,6,11,0,9,8,1,16,1,293,6,11,0,9,8,1,3,0,0,1,2,5
dotchain__dot,trivy,308,1,1,6,303,0,9,300,1,308,1,1,6,303,0,9,300,1,3,0,0,1,5,294
dotchain__dot,cdxgen,6,0,303,6,0,0,6,0,4,6,0,303,6,0,0,6,0,4,0,0,0,0,0,0
dotchain__dot,cyclonedx-gomod,NA
golang__groupcache,syft,3,0,1,2,1,0,2,1,0,3,0,1,2,1,0,2,1,0,0,0,0,0,1,0
golang__groupcache,trivy,2,0,2,2,0,0,2,0,0,2,0,2,2,0,0,2,0,0,0,0,0,0,0,0
golang__groupcache,cdxgen,2,0,2,2,0,0,2,0,0,2,0,2,2,0,0,2,0,0,0,0,0,0,0,0
golang__groupcache,cyclonedx-gomod,2,0,2,2,0,0,2,0,0,2,0,2,2,0,0,2,0,0,0,0,0,0,0,0
udhos__jazigo,syft,17,0,7,8,9,0,8,9,0,17,0,7,8,9,0,8,9,0,0,0,0,2,7,0
udhos__jazigo,trivy,10,0,14,8,2,0,8,2,0,10,0,14,8,2,0,8,2,0,0,0,0,2,0,0
udhos__jazigo,cdxgen,8,0,16,8,0,0,8,0,0,8,0,16,8,0,0,8,0,0,0,0,0,0,0,0
udhos__jazigo,cyclonedx-gomod,9,0,15,8,1,0,8,1,0,9,0,15,8,1,0,8,1,0,0,0,0,1,0,0
s0rg__decompose,syft,57,0,12,26,31,0,26,31,0,57,0,12,26,31,0,26,31,0,0,1,0,8,22,0
s0rg__decompose,trivy,35,0,34,26,9,0,26,9,0,35,0,34,26,9,0,26,9,0,0,1,0,8,0,0
s0rg__decompose,cdxgen,26,0,43,26,0,0,26,0,0,26,0,43,26,0,0,26,0,0,0,0,0,0,0,0
s0rg__decompose,cyclonedx-gomod,27,0,42,26,1,0,26,1,0,27,0,42,26,1,0,26,1,0,0,1,0,0,0,0
go-playground__log,syft,4,0,4,4,0,0,4,0,0,4,0,4,4,0,0,4,0,0,0,0,0,0,0,0
go-playground__log,trivy,4,0,4,4,0,0,4,0,0,4,0,4,4,0,0,4,0,0,0,0,0,0,0,0
go-playground__log,cdxgen,4,0,4,4,0,0,4,0,0,4,0,4,4,0,0,4,0,0,0,0,0,0,0,0
go-playground__log,cyclonedx-gomod,4,0,4,4,0,0,4,0,0,4,0,4,4,0,0,4,0,0,0,0,0,0,0,0
o1egl__govatar,syft,9,0,3,4,5,0,8,1,0,9,0,3,4,5,0,8,1,0,4,0,0,0,1,0
o1egl__govatar,trivy,12,1,0,4,9,0,8,5,0,12,1,0,4,9,0,8,5,0,4,0,0,0,5,0
o1egl__govatar,cdxgen,4,0,8,4,0,0,4,0,4,4,0,8,4,0,0,4,0,4,0,0,0,0,0,0
o1egl__govatar,cyclonedx-gomod,4,0,8,4,0,0,4,0,4,4,0,8,4,0,0,4,0,4,0,0,0,0,0,0
slack-io__slacker,syft,11,0,1,5,6,0,5,6,0,11,0,1,5,6,0,5,6,0,0,0,0,0,6,0
slack-io__slacker,trivy,5,0,7,5,0,0,5,0,0,5,0,7,5,0,0,5,0,0,0,0,0,0,0,0
slack-io__slacker,cdxgen,5,0,7,5,0,0,5,0,0,5,0,7,5,0,0,5,0,0,0,0,0,0,0,0
slack-io__slacker,cyclonedx-gomod,5,0,7,5,0,0,5,0,0,5,0,7,5,0,0,5,0,0,0,0,0,0,0,0
uber-go__mock,syft,10,5,4,4,11,0,8,7,0,10,5,4,4,11,0,8,7,0,4,0,0,0,2,5
uber-go__mock,trivy,8,5,6,4,9,0,8,5,0,8,5,6,4,9,0,8,5,0,4,0,0,0,0,5
uber-go__mock,cdxgen,4,1,10,4,1,0,4,1,4,4,1,10,4,1,0,4,1,4,0,0,0,0,0,1
uber-go__mock,cyclonedx-gomod,4,0,10,4,0,0,4,0,4,4,0,10,4,0,0,4,0,4,0,0,0,0,0,0
miniscruff__changie,syft,54,0,8,43,11,0,43,11,0,54,0,8,43,11,0,43,11,0,0,2,0,1,8,0
miniscruff__changie,trivy,46,0,16,43,3,0,43,3,0,46,0,16,43,3,0,43,3,0,0,2,0,1,0,0
miniscruff__changie,cdxgen,43,0,19,43,0,0,43,0,0,43,0,19,43,0,0,43,0,0,0,0,0,0,0,0
miniscruff__changie,cyclonedx-gomod,45,0,17,43,2,0,43,2,0,45,0,17,43,2,0,43,2,0,0,2,0,0,0,0
PaddleHQ__go-aws-ssm,syft,7,0,4,3,4,0,3,4,0,7,0,4,3,4,0,3,4,0,0,0,0,1,3,0
PaddleHQ__go-aws-ssm,trivy,4,0,7,3,1,0,3,1,0,4,0,7,3,1,0,3,1,0,0,0,0,1,0,0
PaddleHQ__go-aws-ssm,cdxgen,3,0,8,3,0,0,3,0,0,3,0,8,3,0,0,3,0,0,0,0,0,0,0,0
PaddleHQ__go-aws-ssm,cyclonedx-gomod,3,0,8,3,0,0,3,0,0,3,0,8,3,0,0,3,0,0,0,0,0,0,0,0
arxdsilva__golang-ifood-sdk,syft,17,0,1,8,9,0,9,8,0,17,0,1,8,9,0,9,8,0,1,0,0,2,6,0
arxdsilva__golang-ifood-sdk,trivy,11,0,7,8,3,0,9,2,0,11,0,7,8,3,0,9,2,0,1,0,0,2,0,0
arxdsilva__golang-ifood-sdk,cdxgen,8,0,10,8,0,0,8,0,1,8,0,10,8,0,0,8,0,1,0,0,0,0,0,0
arxdsilva__golang-ifood-sdk,cyclonedx-gomod,7,0,11,7,0,1,7,0,2,7,0,11,7,0,1,7,0,2,0,0,0,0,0,0
go-external-config__consul,syft,42,0,61,21,21,0,21,21,0,42,0,61,21,21,0,21,21,0,0,0,0,2,19,0
go-external-config__consul,trivy,23,0,80,21,2,0,21,2,0,23,0,80,21,2,0,21,2,0,0,0,0,2,0,0
go-external-config__consul,cdxgen,21,0,82,21,0,0,21,0,0,21,0,82,21,0,0,21,0,0,0,0,0,0,0,0
go-external-config__consul,cyclonedx-gomod,22,0,81,21,1,0,21,1,0,22,0,81,21,1,0,21,1,0,0,0,0,1,0,0
arch-go__arch-go,syft,42,0,60,26,16,0,27,15,0,42,0,60,26,16,0,27,15,0,1,1,0,8,6,0
arch-go__arch-go,trivy,36,0,66,26,10,0,27,9,0,36,0,66,26,10,0,27,9,0,1,1,0,8,0,0
arch-go__arch-go,cdxgen,26,0,76,26,0,0,26,0,1,26,0,76,26,0,0,26,0,1,0,0,0,0,0,0
arch-go__arch-go,cyclonedx-gomod,27,0,75,24,3,2,24,3,3,27,0,75,24,3,2,24,3,3,0,1,0,2,0,0
1set__starlet,syft,24,13,1,12,25,0,12,25,0,24,18,1,12,30,0,12,30,0,0,0,0,0,11,14
1set__starlet,trivy,13,13,12,12,14,0,12,14,0,13,16,12,12,17,0,12,17,0,0,0,0,0,0,14
1set__starlet,cdxgen,13,10,12,12,11,0,12,11,0,13,13,12,12,14,0,12,14,0,0,0,0,0,0,11
1set__starlet,cyclonedx-gomod,12,0,13,12,0,0,12,0,0,12,0,13,12,0,0,12,0,0,0,0,0,0,0,0
theckman__yacspin,syft,7,0,1,6,1,0,7,0,0,7,0,1,6,1,0,7,0,0,1,0,0,0,0,0
theckman__yacspin,trivy,7,0,1,6,1,0,7,0,0,7,0,1,6,1,0,7,0,0,1,0,0,0,0,0
theckman__yacspin,cdxgen,6,0,2,6,0,0,6,0,1,6,0,2,6,0,0,6,0,1,0,0,0,0,0,0
theckman__yacspin,cyclonedx-gomod,6,0,2,6,0,0,6,0,1,6,0,2,6,0,0,6,0,1,0,0,0,0,0,0
alesr__templator,syft,6,0,4,1,5,0,5,1,0,6,0,4,1,5,0,5,1,0,4,0,0,0,1,0
alesr__templator,trivy,5,0,5,1,4,0,5,0,0,5,0,5,1,4,0,5,0,0,4,0,0,0,0,0
alesr__templator,cdxgen,1,0,9,1,0,0,1,0,4,1,0,9,1,0,0,1,0,4,0,0,0,0,0,0
alesr__templator,cyclonedx-gomod,1,0,9,1,0,0,1,0,4,1,0,9,1,0,0,1,0,4,0,0,0,0,0,0
catchplay__scaffold,syft,7,0,1,2,5,0,6,1,0,7,0,1,2,5,0,6,1,0,4,0,0,0,0,1
catchplay__scaffold,trivy,6,0,2,2,4,0,6,0,0,6,0,2,2,4,0,6,0,0,4,0,0,0,0,0
catchplay__scaffold,cdxgen,2,0,6,2,0,0,2,0,4,2,0,6,2,0,0,2,0,4,0,0,0,0,0,0
catchplay__scaffold,cyclonedx-gomod,2,0,6,2,0,0,2,0,4,2,0,6,2,0,0,2,0,4,0,0,0,0,0,0
ferama__rospo,syft,34,0,10,22,12,0,22,12,0,34,0,10,22,12,0,22,12,0,0,2,0,6,4,0
ferama__rospo,trivy,30,0,14,22,8,0,22,8,0,30,0,14,22,8,0,22,8,0,0,2,0,6,0,0
ferama__rospo,cdxgen,22,0,22,22,0,0,22,0,0,22,0,22,22,0,0,22,0,0,0,0,0,0,0,0
ferama__rospo,cyclonedx-gomod,27,0,17,22,5,0,22,5,0,27,0,17,22,5,0,22,5,0,0,2,0,3,0,0
bokwoon95__go-structured-query,syft,12,0,96,9,3,0,12,0,0,12,0,96,9,3,0,12,0,0,3,0,0,0,0,0
bokwoon95__go-structured-query,trivy,108,0,0,9,99,0,12,96,0,108,0,0,9,99,0,12,96,0,3,1,0,0,95,0
bokwoon95__go-structured-query,cdxgen,9,0,99,9,0,0,9,0,3,9,0,99,9,0,0,9,0,3,0,0,0,0,0,0
bokwoon95__go-structured-query,cyclonedx-gomod,10,0,98,9,1,0,9,1,3,10,0,98,9,1,0,9,1,3,0,1,0,0,0,0
ncruces__zenity,syft,12,0,3,1,11,0,2,10,0,12,0,3,1,11,0,2,10,0,1,2,3,1,4,0
ncruces__zenity,trivy,8,0,7,1,7,0,2,6,0,8,0,7,1,7,0,2,6,0,1,2,3,1,0,0
ncruces__zenity,cdxgen,1,0,14,1,0,0,1,0,1,1,0,14,1,0,0,1,0,1,0,0,0,0,0,0
ncruces__zenity,cyclonedx-gomod,7,0,8,1,6,0,1,6,1,7,0,8,1,6,0,1,6,1,0,2,3,1,0,0
jmattheis__goverter,syft,10,3,12,4,9,0,8,5,0,10,4,12,4,10,0,8,6,0,4,0,0,0,2,3
jmattheis__goverter,trivy,9,5,13,4,10,0,8,6,0,8,6,14,4,10,0,8,6,0,4,0,0,0,1,5
jmattheis__goverter,cdxgen,4,2,18,4,2,0,4,2,4,4,2,18,4,2,0,4,2,4,0,0,0,0,0,2
jmattheis__goverter,cyclonedx-gomod,4,0,18,4,0,0,4,0,4,4,0,18,4,0,0,4,0,4,0,0,0,0,0,0
fogfish__dynamo,syft,34,0,2,29,5,0,30,4,0,34,0,2,29,5,0,30,4,0,1,0,0,0,4,0
fogfish__dynamo,trivy,30,0,6,29,1,0,30,0,0,30,0,6,29,1,0,30,0,0,1,0,0,0,0,0
fogfish__dynamo,cdxgen,29,0,7,29,0,0,29,0,1,29,0,7,29,0,0,29,0,1,0,0,0,0,0,0
fogfish__dynamo,cyclonedx-gomod,29,0,7,29,0,0,29,0,1,29,0,7,29,0,0,29,0,1,0,0,0,0,0,0
kak-tus__nan,syft,18,0,3,9,9,0,13,5,0,18,0,3,9,9,0,13,5,0,4,0,0,1,4,0
kak-tus__nan,trivy,21,0,0,9,12,0,13,8,0,21,0,0,9,12,0,13,8,0,4,0,0,1,7,0
kak-tus__nan,cdxgen,9,0,12,9,0,0,9,0,4,9,0,12,9,0,0,9,0,4,0,0,0,0,0,0
kak-tus__nan,cyclonedx-gomod,9,0,12,9,0,0,9,0,4,9,0,12,9,0,0,9,0,4,0,0,0,0,0,0
dustinblackman__gomodrun,syft,35,412,8,6,441,0,15,432,0,23,431,20,6,448,0,15,439,0,9,0,1,2,16,413
dustinblackman__gomodrun,trivy,32,414,11,6,440,0,15,431,0,20,433,23,6,447,0,15,438,0,9,0,1,2,13,415
dustinblackman__gomodrun,cdxgen,32,413,11,6,439,0,15,430,0,20,432,23,6,446,0,15,437,0,9,0,1,2,13,414
dustinblackman__gomodrun,cyclonedx-gomod,7,0,36,6,1,0,6,1,9,7,0,36,6,1,0,6,1,9,0,0,1,0,0,0
goccmack__gocc,syft,1,0,1,1,0,0,1,0,0,1,0,1,1,0,0,1,0,0,0,0,0,0,0,0
goccmack__gocc,trivy,1,0,1,1,0,0,1,0,0,1,0,1,1,0,0,1,0,0,0,0,0,0,0,0
goccmack__gocc,cdxgen,1,0,1,1,0,0,1,0,0,1,0,1,1,0,0,1,0,0,0,0,0,0,0,0
goccmack__gocc,cyclonedx-gomod,1,0,1,1,0,0,1,0,0,1,0,1,1,0,0,1,0,0,0,0,0,0,0,0
appleboy__drone-scp,syft,21,0,5,15,6,0,19,2,0,21,0,5,15,6,0,19,2,0,4,0,0,0,2,0
appleboy__drone-scp,trivy,19,0,7,15,4,0,19,0,0,19,0,7,15,4,0,19,0,0,4,0,0,0,0,0
appleboy__drone-scp,cdxgen,15,0,11,15,0,0,15,0,4,15,0,11,15,0,0,15,0,4,0,0,0,0,0,0
appleboy__drone-scp,cyclonedx-gomod,15,0,11,15,0,0,15,0,4,15,0,11,15,0,0,15,0,4,0,0,0,0,0,0
viney-shih__go-lock,syft,6,0,1,1,5,0,5,1,0,6,0,1,1,5,0,5,1,0,4,0,0,0,1,0
viney-shih__go-lock,trivy,7,0,0,1,6,0,5,2,0,7,0,0,1,6,0,5,2,0,4,0,0,0,2,0
viney-shih__go-lock,cdxgen,1,0,6,1,0,0,1,0,4,1,0,6,1,0,0,1,0,4,0,0,0,0,0,0
viney-shih__go-lock,cyclonedx-gomod,1,0,6,1,0,0,1,0,4,1,0,6,1,0,0,1,0,4,0,0,0,0,0,0
twharmon__gosql,syft,3,0,0,1,2,0,3,0,0,3,0,0,1,2,0,3,0,0,2,0,0,0,0,0
twharmon__gosql,trivy,3,0,0,1,2,0,3,0,0,3,0,0,1,2,0,3,0,0,2,0,0,0,0,0
twharmon__gosql,cdxgen,1,0,2,1,0,0,1,0,2,1,0,2,1,0,0,1,0,2,0,0,0,0,0,0
twharmon__gosql,cyclonedx-gomod,1,0,2,1,0,0,1,0,2,1,0,2,1,0,0,1,0,2,0,0,0,0,0,0
containrrr__shoutrrr,syft,54,0,11,29,25,0,30,24,0,54,0,11,29,25,0,30,24,0,1,1,0,3,20,0
containrrr__shoutrrr,trivy,34,0,31,29,5,0,30,4,0,34,0,31,29,5,0,30,4,0,1,1,0,3,0,0
containrrr__shoutrrr,cdxgen,29,0,36,29,0,0,29,0,1,29,0,36,29,0,0,29,0,1,0,0,0,0,0,0
containrrr__shoutrrr,cyclonedx-gomod,32,0,33,29,3,0,29,3,1,32,0,33,29,3,0,29,3,1,0,1,0,2,0,0
marwanhawari__stew,syft,38,0,17,25,13,0,25,13,0,38,0,17,25,13,0,25,13,0,0,0,0,2,11,0
marwanhawari__stew,trivy,27,0,28,25,2,0,25,2,0,27,0,28,25,2,0,25,2,0,0,0,0,2,0,0
marwanhawari__stew,cdxgen,27,0,28,25,2,0,25,2,0,27,0,28,25,2,0,25,2,0,0,0,0,2,0,0
marwanhawari__stew,cyclonedx-gomod,25,0,30,25,0,0,25,0,0,25,0,30,25,0,0,25,0,0,0,0,0,0,0,0
coregx__fursy,syft,2,74,0,2,74,0,2,74,0,2,77,0,2,77,0,2,77,0,0,0,0,0,0,74
coregx__fursy,trivy,2,50,0,2,50,0,2,50,0,2,52,0,2,52,0,2,52,0,0,0,0,0,0,50
coregx__fursy,cdxgen,2,51,0,2,51,0,2,51,0,2,53,0,2,53,0,2,53,0,0,0,0,0,0,51
coregx__fursy,cyclonedx-gomod,2,0,0,2,0,0,2,0,0,2,0,0,2,0,0,2,0,0,0,0,0,0,0,0
maruel__panicparse,syft,5,0,0,4,1,0,5,0,0,5,0,0,4,1,0,5,0,0,1,0,0,0,0,0
maruel__panicparse,trivy,5,0,0,4,1,0,5,0,0,5,0,0,4,1,0,5,0,0,1,0,0,0,0,0
maruel__panicparse,cdxgen,4,0,1,4,0,0,4,0,1,4,0,1,4,0,0,4,0,1,0,0,0,0,0,0
maruel__panicparse,cyclonedx-gomod,4,0,1,4,0,0,4,0,1,4,0,1,4,0,0,4,0,1,0,0,0,0,0,0
go-co-op__gocron,syft,11,3,3,3,11,0,8,6,0,11,5,3,3,13,0,8,8,0,5,0,0,2,1,3
go-co-op__gocron,trivy,10,3,4,3,10,0,8,5,0,10,4,4,3,11,0,8,6,0,5,0,0,2,0,3
go-co-op__gocron,cdxgen,3,2,11,3,2,0,3,2,5,3,3,11,3,3,0,3,3,5,0,0,0,0,0,2
go-co-op__gocron,cyclonedx-gomod,3,0,11,3,0,0,3,0,5,3,0,11,3,0,0,3,0,5,0,0,0,0,0,0
ariga__atlas,syft,29,93,8,17,105,0,18,104,0,26,102,11,17,111,0,18,110,0,1,0,0,4,2,98
ariga__atlas,trivy,27,76,10,17,86,0,18,85,0,24,83,13,17,90,0,18,89,0,1,0,0,4,0,81
ariga__atlas,cdxgen,22,71,15,17,76,0,18,75,0,19,77,18,17,79,0,18,78,0,1,0,0,0,0,75
ariga__atlas,cyclonedx-gomod,17,0,20,17,0,0,17,0,1,17,0,20,17,0,0,17,0,1,0,0,0,0,0,0
consbio__mbtileserver,syft,27,0,8,21,6,0,21,6,0,27,0,8,21,6,0,21,6,0,0,1,0,0,5,0
consbio__mbtileserver,trivy,22,0,13,21,1,0,21,1,0,22,0,13,21,1,0,21,1,0,0,1,0,0,0,0
consbio__mbtileserver,cdxgen,21,0,14,21,0,0,21,0,0,21,0,14,21,0,0,21,0,0,0,0,0,0,0,0
consbio__mbtileserver,cyclonedx-gomod,22,0,13,21,1,0,21,1,0,22,0,13,21,1,0,21,1,0,0,1,0,0,0,0
bsm__redislock,syft,10,0,1,3,7,0,3,7,0,10,0,1,3,7,0,3,7,0,0,0,0,0,7,0
bsm__redislock,trivy,3,0,8,3,0,0,3,0,0,3,0,8,3,0,0,3,0,0,0,0,0,0,0,0
bsm__redislock,cdxgen,3,0,8,3,0,0,3,0,0,3,0,8,3,0,0,3,0,0,0,0,0,0,0,0
bsm__redislock,cyclonedx-gomod,3,0,8,3,0,0,3,0,0,3,0,8,3,0,0,3,0,0,0,0,0,0,0,0
kcmvp__gob,syft,26,0,13,19,7,0,19,7,0,26,0,13,19,7,0,19,7,0,0,1,1,5,0,0
kcmvp__gob,trivy,26,0,13,19,7,0,19,7,0,26,0,13,19,7,0,19,7,0,0,1,1,5,0,0
kcmvp__gob,cdxgen,26,0,13,19,7,0,19,7,0,26,0,13,19,7,0,19,7,0,0,1,1,5,0,0
kcmvp__gob,cyclonedx-gomod,NA
alexeyco__pig,syft,18,0,12,9,9,0,10,8,0,18,0,12,9,9,0,10,8,0,1,0,0,1,7,0
alexeyco__pig,trivy,11,0,19,9,2,0,10,1,0,11,0,19,9,2,0,10,1,0,1,0,0,1,0,0
alexeyco__pig,cdxgen,9,0,21,9,0,0,9,0,1,9,0,21,9,0,0,9,0,1,0,0,0,0,0,0
alexeyco__pig,cyclonedx-gomod,9,0,21,9,0,0,9,0,1,9,0,21,9,0,0,9,0,1,0,0,0,0,0,0
hibiken__asynq,syft,23,41,0,10,54,0,11,53,0,21,58,2,10,69,0,11,68,0,1,0,0,0,10,43
hibiken__asynq,trivy,12,36,11,10,38,0,11,37,0,11,49,12,10,50,0,11,49,0,1,0,0,0,0,37
hibiken__asynq,cdxgen,11,34,12,10,35,0,10,35,1,10,45,13,10,45,0,10,45,1,0,0,0,0,0,35
hibiken__asynq,cyclonedx-gomod,10,0,13,10,0,0,10,0,1,10,0,13,10,0,0,10,0,1,0,0,0,0,0,0
kazhuravlev__optional,syft,5,0,1,1,4,0,4,1,0,5,0,1,1,4,0,4,1,0,3,0,0,0,1,0
kazhuravlev__optional,trivy,4,0,2,1,3,0,4,0,0,4,0,2,1,3,0,4,0,0,3,0,0,0,0,0
kazhuravlev__optional,cdxgen,1,0,5,1,0,0,1,0,3,1,0,5,1,0,0,1,0,3,0,0,0,0,0,0
kazhuravlev__optional,cyclonedx-gomod,1,0,5,1,0,0,1,0,3,1,0,5,1,0,0,1,0,3,0,0,0,0,0,0
chaindead__modup,syft,37,0,7,27,10,0,27,10,0,37,0,7,27,10,0,27,10,0,0,3,0,1,6,0
chaindead__modup,trivy,31,0,13,27,4,0,27,4,0,31,0,13,27,4,0,27,4,0,0,3,0,1,0,0
chaindead__modup,cdxgen,27,0,17,27,0,0,27,0,0,27,0,17,27,0,0,27,0,0,0,0,0,0,0,0
chaindead__modup,cyclonedx-gomod,30,0,14,27,3,0,27,3,0,30,0,14,27,3,0,27,3,0,0,3,0,0,0,0
Allra-Fintech__mdv,syft,9,0,6,6,3,0,6,3,0,9,0,6,6,3,0,6,3,0,0,0,0,0,3,0
Allra-Fintech__mdv,trivy,6,0,9,6,0,0,6,0,0,6,0,9,6,0,0,6,0,0,0,0,0,0,0,0
Allra-Fintech__mdv,cdxgen,6,0,9,6,0,0,6,0,0,6,0,9,6,0,0,6,0,0,0,0,0,0,0,0
Allra-Fintech__mdv,cyclonedx-gomod,6,0,9,6,0,0,6,0,0,6,0,9,6,0,0,6,0,0,0,0,0,0,0,0
anatol__booster,syft,47,0,18,38,9,0,38,9,0,47,0,18,38,9,0,38,9,0,0,0,0,4,4,1
anatol__booster,trivy,42,0,23,38,4,0,38,4,0,42,0,23,38,4,0,38,4,0,0,0,0,4,0,0
anatol__booster,cdxgen,38,0,27,38,0,0,38,0,0,38,0,27,38,0,0,38,0,0,0,0,0,0,0,0
anatol__booster,cyclonedx-gomod,42,0,23,38,4,0,38,4,0,42,0,23,38,4,0,38,4,0,0,0,0,4,0,0
emersion__go-message,syft,1,0,9,1,0,0,1,0,0,1,0,9,1,0,0,1,0,0,0,0,0,0,0,0
emersion__go-message,trivy,10,0,0,1,9,0,1,9,0,10,0,0,1,9,0,1,9,0,0,0,0,0,9,0
emersion__go-message,cdxgen,1,0,9,1,0,0,1,0,0,1,0,9,1,0,0,1,0,0,0,0,0,0,0,0
emersion__go-message,cyclonedx-gomod,1,0,9,1,0,0,1,0,0,1,0,9,1,0,0,1,0,0,0,0,0,0,0,0
beego__beego,syft,96,0,102,71,25,0,78,18,0,95,1,103,70,26,1,77,19,1,7,0,0,0,18,0
beego__beego,trivy,78,0,120,71,7,0,78,0,0,77,1,121,70,8,1,77,1,1,7,0,0,0,0,0
beego__beego,cdxgen,71,0,127,71,0,0,71,0,7,71,0,127,71,0,0,71,0,7,0,0,0,0,0,0
beego__beego,cyclonedx-gomod,71,0,127,71,0,0,71,0,7,70,1,128,70,1,1,70,1,8,0,0,0,0,0,0
Southclaws__fault,syft,18,4,35,9,13,0,16,6,0,18,4,35,9,13,0,16,6,0,7,0,0,0,2,4
Southclaws__fault,trivy,16,4,37,9,11,0,16,4,0,16,4,37,9,11,0,16,4,0,7,0,0,0,0,4
Southclaws__fault,cdxgen,9,3,44,9,3,0,9,3,7,9,3,44,9,3,0,9,3,7,0,0,0,0,0,3
Southclaws__fault,cyclonedx-gomod,9,0,44,9,0,0,9,0,7,9,0,44,9,0,0,9,0,7,0,0,0,0,0,0
PaesslerAG__gval,syft,2,0,0,1,1,0,2,0,0,2,0,0,1,1,0,2,0,0,1,0,0,0,0,0
PaesslerAG__gval,trivy,2,0,0,1,1,0,2,0,0,2,0,0,1,1,0,2,0,0,1,0,0,0,0,0
PaesslerAG__gval,cdxgen,1,0,1,1,0,0,1,0,1,1,0,1,1,0,0,1,0,1,0,0,0,0,0,0
PaesslerAG__gval,cyclonedx-gomod,1,0,1,1,0,0,1,0,1,1,0,1,1,0,0,1,0,1,0,0,0,0,0,0
soniah__gosnmp,syft,8,3,9,1,10,0,5,6,0,6,5,11,1,10,0,5,6,0,4,0,0,0,3,3
soniah__gosnmp,trivy,7,3,10,1,9,0,5,5,0,5,5,12,1,9,0,5,5,0,4,0,0,0,2,3
soniah__gosnmp,cdxgen,1,0,16,1,0,0,1,0,4,1,0,16,1,0,0,1,0,4,0,0,0,0,0,0
soniah__gosnmp,cyclonedx-gomod,1,0,16,1,0,0,1,0,4,1,0,16,1,0,0,1,0,4,0,0,0,0,0,0
gotranspile__cxgo,syft,19,0,3,12,7,0,15,4,0,19,0,3,12,7,0,15,4,0,3,1,0,0,3,0
gotranspile__cxgo,trivy,16,0,6,12,4,0,15,1,0,16,0,6,12,4,0,15,1,0,3,1,0,0,0,0
gotranspile__cxgo,cdxgen,12,0,10,12,0,0,12,0,3,12,0,10,12,0,0,12,0,3,0,0,0,0,0,0
gotranspile__cxgo,cyclonedx-gomod,13,0,9,12,1,0,12,1,3,13,0,9,12,1,0,12,1,3,0,1,0,0,0,0
mikestefanello__backlite,syft,28,0,7,8,20,0,11,17,0,28,0,7,8,20,0,11,17,0,3,2,0,0,15,0
mikestefanello__backlite,trivy,13,0,22,8,5,0,11,2,0,13,0,22,8,5,0,11,2,0,3,2,0,0,0,0
mikestefanello__backlite,cdxgen,8,0,27,8,0,0,8,0,3,8,0,27,8,0,0,8,0,3,0,0,0,0,0,0
mikestefanello__backlite,cyclonedx-gomod,10,0,25,8,2,0,8,2,3,10,0,25,8,2,0,8,2,3,0,2,0,0,0,0
ThomasObenaus__go-conf,syft,29,0,132,19,10,0,22,7,0,29,0,132,19,10,0,22,7,0,3,0,0,0,7,0
ThomasObenaus__go-conf,trivy,22,0,139,19,3,0,22,0,0,22,0,139,19,3,0,22,0,0,3,0,0,0,0,0
ThomasObenaus__go-conf,cdxgen,19,0,142,19,0,0,19,0,3,19,0,142,19,0,0,19,0,3,0,0,0,0,0,0
ThomasObenaus__go-conf,cyclonedx-gomod,19,0,142,19,0,0,19,0,3,19,0,142,19,0,0,19,0,3,0,0,0,0,0,0
mmadfox__go-h3geo-dist,syft,5,0,2,1,4,0,1,4,0,5,0,2,1,4,0,1,4,0,0,0,0,0,0,4
mmadfox__go-h3geo-dist,trivy,7,0,0,1,6,0,1,6,0,7,0,0,1,6,0,1,6,0,0,0,0,0,0,6
mmadfox__go-h3geo-dist,cdxgen,1,0,6,1,0,0,1,0,0,1,0,6,1,0,0,1,0,0,0,0,0,0,0,0
mmadfox__go-h3geo-dist,cyclonedx-gomod,1,0,6,1,0,0,1,0,0,1,0,6,1,0,0,1,0,0,0,0,0,0,0,0
sensepost__gowitness,syft,125,0,26,89,36,0,89,36,0,125,0,26,89,36,0,89,36,0,0,2,0,3,31,0
sensepost__gowitness,trivy,94,0,57,89,5,0,89,5,0,94,0,57,89,5,0,89,5,0,0,2,0,3,0,0
sensepost__gowitness,cdxgen,89,0,62,89,0,0,89,0,0,89,0,62,89,0,0,89,0,0,0,0,0,0,0,0
sensepost__gowitness,cyclonedx-gomod,92,0,59,89,3,0,89,3,0,92,0,59,89,3,0,89,3,0,0,2,0,1,0,0
segmentio__golines,syft,31,0,16,18,13,0,21,10,0,31,0,16,18,13,0,21,10,0,3,0,0,3,7,0
segmentio__golines,trivy,24,0,23,18,6,0,21,3,0,24,0,23,18,6,0,21,3,0,3,0,0,3,0,0
segmentio__golines,cdxgen,18,0,29,18,0,0,18,0,3,18,0,29,18,0,0,18,0,3,0,0,0,0,0,0
segmentio__golines,cyclonedx-gomod,18,0,29,18,0,0,18,0,3,18,0,29,18,0,0,18,0,3,0,0,0,0,0,0
go-swagger__go-swagger,syft,75,0,17,66,9,0,66,9,0,75,0,17,66,9,0,66,9,0,0,0,0,4,5,0
go-swagger__go-swagger,trivy,70,0,22,66,4,0,66,4,0,70,0,22,66,4,0,66,4,0,0,0,0,4,0,0
go-swagger__go-swagger,cdxgen,66,0,26,66,0,0,66,0,0,66,0,26,66,0,0,66,0,0,0,0,0,0,0,0
go-swagger__go-swagger,cyclonedx-gomod,66,0,26,66,0,0,66,0,0,66,0,26,66,0,0,66,0,0,0,0,0,0,0,0
malaschitz__randomForest,syft,5,0,239,2,3,0,2,3,0,5,0,239,2,3,0,2,3,0,0,0,1,2,0,0
malaschitz__randomForest,trivy,244,0,0,2,242,0,2,242,0,244,0,0,2,242,0,2,242,0,0,0,1,2,239,0
malaschitz__randomForest,cdxgen,2,0,242,2,0,0,2,0,0,2,0,242,2,0,0,2,0,0,0,0,0,0,0,0
malaschitz__randomForest,cyclonedx-gomod,2,0,242,2,0,0,2,0,0,2,0,242,2,0,0,2,0,0,0,0,0,0,0,0
gojektech__heimdall,syft,7,0,0,6,1,0,6,1,0,7,0,0,6,1,0,6,1,0,0,0,0,0,1,0
gojektech__heimdall,trivy,6,0,1,6,0,0,6,0,0,6,0,1,6,0,0,6,0,0,0,0,0,0,0,0
gojektech__heimdall,cdxgen,6,0,1,6,0,0,6,0,0,6,0,1,6,0,0,6,0,0,0,0,0,0,0,0
gojektech__heimdall,cyclonedx-gomod,5,0,2,5,0,1,5,0,1,5,0,2,5,0,1,5,0,1,0,0,0,0,0,0
go-the-way__exl,syft,12,0,7,11,1,0,11,1,0,12,0,7,11,1,0,11,1,0,0,0,0,0,1,0
go-the-way__exl,trivy,11,0,8,11,0,0,11,0,0,11,0,8,11,0,0,11,0,0,0,0,0,0,0,0
go-the-way__exl,cdxgen,11,0,8,11,0,0,11,0,0,11,0,8,11,0,0,11,0,0,0,0,0,0,0,0
go-the-way__exl,cyclonedx-gomod,11,0,8,11,0,0,11,0,0,11,0,8,11,0,0,11,0,0,0,0,0,0,0,0
opnlabs__dot,syft,44,0,10,29,15,0,32,12,0,44,0,10,29,15,0,32,12,0,3,2,0,6,4,0
opnlabs__dot,trivy,40,0,14,29,11,0,32,8,0,40,0,14,29,11,0,32,8,0,3,2,0,6,0,0
opnlabs__dot,cdxgen,29,0,25,29,0,0,29,0,3,29,0,25,29,0,0,29,0,3,0,0,0,0,0,0
opnlabs__dot,cyclonedx-gomod,33,0,21,29,4,0,29,4,3,33,0,21,29,4,0,29,4,3,0,2,0,2,0,0
Oudwins__zog,syft,8,0,4,5,3,0,6,2,0,8,0,4,5,3,0,6,2,0,1,0,0,0,2,0
Oudwins__zog,trivy,6,0,6,5,1,0,6,0,0,6,0,6,5,1,0,6,0,0,1,0,0,0,0,0
Oudwins__zog,cdxgen,5,0,7,5,0,0,5,0,1,5,0,7,5,0,0,5,0,1,0,0,0,0,0,0
Oudwins__zog,cyclonedx-gomod,5,0,7,5,0,0,5,0,1,5,0,7,5,0,0,5,0,1,0,0,0,0,0,0
lrita__numa,syft,4,0,1,1,3,0,4,0,0,4,0,1,1,3,0,4,0,0,3,0,0,0,0,0
lrita__numa,trivy,5,0,0,1,4,0,4,1,0,5,0,0,1,4,0,4,1,0,3,0,0,0,1,0
lrita__numa,cdxgen,1,0,4,1,0,0,1,0,3,1,0,4,1,0,0,1,0,3,0,0,0,0,0,0
lrita__numa,cyclonedx-gomod,1,0,4,1,0,0,1,0,3,1,0,4,1,0,0,1,0,3,0,0,0,0,0,0
lesismal__nbio,syft,3,0,4,3,0,0,3,0,0,3,0,4,3,0,0,3,0,0,0,0,0,0,0,0
lesismal__nbio,trivy,7,0,0,3,4,0,3,4,0,7,0,0,3,4,0,3,4,0,0,0,0,0,4,0
lesismal__nbio,cdxgen,3,0,4,3,0,0,3,0,0,3,0,4,3,0,0,3,0,0,0,0,0,0,0,0
lesismal__nbio,cyclonedx-gomod,3,0,4,3,0,0,3,0,0,3,0,4,3,0,0,3,0,0,0,0,0,0,0,0
tj__mmake,syft,11,0,33,6,5,0,6,5,0,11,0,33,6,5,0,6,5,0,0,0,1,1,3,0
tj__mmake,trivy,44,0,0,6,38,0,6,38,0,44,0,0,6,38,0,6,38,0,0,0,1,1,36,0
tj__mmake,cdxgen,6,0,38,6,0,0,6,0,0,6,0,38,6,0,0,6,0,0,0,0,0,0,0,0
tj__mmake,cyclonedx-gomod,6,0,38,6,0,0,6,0,0,6,0,38,6,0,0,6,0,0,0,0,0,0,0,0
Melkeydev__go-blueprint,syft,22,0,11,20,2,0,20,2,0,22,0,11,20,2,0,20,2,0,0,2,0,0,0,0
Melkeydev__go-blueprint,trivy,22,0,11,20,2,0,20,2,0,22,0,11,20,2,0,20,2,0,0,2,0,0,0,0
Melkeydev__go-blueprint,cdxgen,20,0,13,20,0,0,20,0,0,20,0,13,20,0,0,20,0,0,0,0,0,0,0,0
Melkeydev__go-blueprint,cyclonedx-gomod,22,0,11,20,2,0,20,2,0,22,0,11,20,2,0,20,2,0,0,2,0,0,0,0
asciimoo__colly,syft,23,0,10,18,5,0,18,5,0,23,0,10,18,5,0,18,5,0,0,0,1,0,4,0
asciimoo__colly,trivy,19,0,14,18,1,0,18,1,0,19,0,14,18,1,0,18,1,0,0,0,1,0,0,0
asciimoo__colly,cdxgen,18,0,15,18,0,0,18,0,0,18,0,15,18,0,0,18,0,0,0,0,0,0,0,0
asciimoo__colly,cyclonedx-gomod,18,0,15,18,0,0,18,0,0,18,0,15,18,0,0,18,0,0,0,0,0,0,0,0
kilgaloon__leprechaun,syft,36,0,1,18,18,0,21,15,0,36,0,1,18,18,0,21,15,0,3,0,0,13,1,1
kilgaloon__leprechaun,trivy,37,0,0,18,19,0,21,16,0,37,0,0,18,19,0,21,16,0,3,0,0,13,2,1
kilgaloon__leprechaun,cdxgen,18,0,19,18,0,0,18,0,3,18,0,19,18,0,0,18,0,3,0,0,0,0,0,0
kilgaloon__leprechaun,cyclonedx-gomod,18,0,19,18,0,0,18,0,3,18,0,19,18,0,0,18,0,3,0,0,0,0,0,0
suzuki-shunsuke__flute,syft,7,0,13,5,2,0,6,1,0,7,0,13,5,2,0,6,1,0,1,0,0,0,1,0
suzuki-shunsuke__flute,trivy,6,0,14,5,1,0,6,0,0,6,0,14,5,1,0,6,0,0,1,0,0,0,0,0
suzuki-shunsuke__flute,cdxgen,5,0,15,5,0,0,5,0,1,5,0,15,5,0,0,5,0,1,0,0,0,0,0,0
suzuki-shunsuke__flute,cyclonedx-gomod,5,0,15,5,0,0,5,0,1,5,0,15,5,0,0,5,0,1,0,0,0,0,0,0
minio__mc,syft,320,0,221,101,219,0,105,215,0,320,0,221,101,219,0,105,215,0,4,4,0,179,32,0
minio__mc,trivy,288,0,253,101,187,0,105,183,0,288,0,253,101,187,0,105,183,0,4,4,0,179,0,0
minio__mc,cdxgen,101,0,440,101,0,0,101,0,4,101,0,440,101,0,0,101,0,4,0,0,0,0,0,0
minio__mc,cyclonedx-gomod,284,0,257,101,183,0,102,182,3,284,0,257,101,183,0,102,182,3,1,4,0,178,0,0
mkchoi212__fac,syft,12,0,1,7,5,0,7,5,0,12,0,1,7,5,0,7,5,0,0,0,0,1,4,0
mkchoi212__fac,trivy,8,0,5,7,1,0,7,1,0,8,0,5,7,1,0,7,1,0,0,0,0,1,0,0
mkchoi212__fac,cdxgen,7,0,6,7,0,0,7,0,0,7,0,6,7,0,0,7,0,0,0,0,0,0,0,0
mkchoi212__fac,cyclonedx-gomod,7,0,6,7,0,0,7,0,0,7,0,6,7,0,0,7,0,0,0,0,0,0,0,0
xuri__excelize,syft,14,0,6,8,6,0,13,1,0,14,0,6,8,6,0,13,1,0,5,0,0,0,1,0
xuri__excelize,trivy,13,0,7,8,5,0,13,0,0,13,0,7,8,5,0,13,0,0,5,0,0,0,0,0
xuri__excelize,cdxgen,8,0,12,8,0,0,8,0,5,8,0,12,8,0,0,8,0,5,0,0,0,0,0,0
xuri__excelize,cyclonedx-gomod,8,0,12,8,0,0,8,0,5,8,0,12,8,0,0,8,0,5,0,0,0,0,0,0
mantil-io__mantil,syft,109,0,128,85,24,0,90,19,0,109,0,128,85,24,0,90,19,0,5,1,0,0,18,0
mantil-io__mantil,trivy,237,0,0,85,152,0,90,147,0,237,0,0,85,152,0,90,147,0,5,2,0,0,145,0
mantil-io__mantil,cdxgen,48,0,189,45,3,40,47,1,43,48,0,189,45,3,40,47,1,43,2,1,0,0,0,0
mantil-io__mantil,cyclonedx-gomod,91,0,146,85,6,0,85,6,5,91,0,146,85,6,0,85,6,5,0,2,0,0,4,0
nikolaydubina__go-instrument,syft,1,0,7,1,0,0,1,0,0,1,0,7,1,0,0,1,0,0,0,0,0,0,0,0
nikolaydubina__go-instrument,trivy,1,0,7,1,0,0,1,0,0,1,0,7,1,0,0,1,0,0,0,0,0,0,0,0
nikolaydubina__go-instrument,cdxgen,1,0,7,1,0,0,1,0,0,1,0,7,1,0,0,1,0,0,0,0,0,0,0,0
nikolaydubina__go-instrument,cyclonedx-gomod,1,0,7,1,0,0,1,0,0,1,0,7,1,0,0,1,0,0,0,0,0,0,0,0
Jagerente__gocfg,syft,6,0,1,1,5,0,5,1,0,6,0,1,1,5,0,5,1,0,4,0,0,0,1,0
Jagerente__gocfg,trivy,7,0,0,1,6,0,5,2,0,7,0,0,1,6,0,5,2,0,4,0,0,0,2,0
Jagerente__gocfg,cdxgen,1,0,6,1,0,0,1,0,4,1,0,6,1,0,0,1,0,4,0,0,0,0,0,0
Jagerente__gocfg,cyclonedx-gomod,1,0,6,1,0,0,1,0,4,1,0,6,1,0,0,1,0,4,0,0,0,0,0,0
DrmagicE__gmqtt,syft,119,0,193,47,72,0,47,72,0,119,0,193,47,72,0,47,72,0,0,1,3,54,14,0
DrmagicE__gmqtt,trivy,105,0,207,47,58,0,47,58,0,105,0,207,47,58,0,47,58,0,0,1,3,54,0,0
DrmagicE__gmqtt,cdxgen,47,0,265,47,0,0,47,0,0,47,0,265,47,0,0,47,0,0,0,0,0,0,0,0
DrmagicE__gmqtt,cyclonedx-gomod,104,0,208,47,57,0,47,57,0,104,0,208,47,57,0,47,57,0,0,1,3,53,0,0
knq__usql,syft,435,0,294,303,132,0,333,102,0,435,0,294,303,132,0,333,102,0,30,8,0,23,71,0
knq__usql,trivy,364,0,365,303,61,0,333,31,0,364,0,365,303,61,0,333,31,0,30,8,0,23,0,0
knq__usql,cdxgen,303,0,426,303,0,0,303,0,30,303,0,426,303,0,0,303,0,30,0,0,0,0,0,0
knq__usql,cyclonedx-gomod,330,0,399,302,28,1,303,27,30,330,0,399,302,28,1,303,27,30,1,8,0,19,0,0
ctreminiom__go-atlassian,syft,13,0,0,11,2,0,11,2,0,13,0,0,11,2,0,11,2,0,0,0,0,0,2,0
ctreminiom__go-atlassian,trivy,11,0,2,11,0,0,11,0,0,11,0,2,11,0,0,11,0,0,0,0,0,0,0,0
ctreminiom__go-atlassian,cdxgen,11,0,2,11,0,0,11,0,0,11,0,2,11,0,0,11,0,0,0,0,0,0,0,0
ctreminiom__go-atlassian,cyclonedx-gomod,10,0,3,10,0,1,10,0,1,10,0,3,10,0,1,10,0,1,0,0,0,0,0,0
sagikazarmark__modern-go-application,syft,107,0,182,82,25,0,86,21,0,107,0,182,82,25,0,86,21,0,4,1,0,3,17,0
sagikazarmark__modern-go-application,trivy,90,0,199,82,8,0,86,4,0,90,0,199,82,8,0,86,4,0,4,1,0,3,0,0
sagikazarmark__modern-go-application,cdxgen,82,0,207,82,0,0,82,0,4,82,0,207,82,0,0,82,0,4,0,0,0,0,0,0
sagikazarmark__modern-go-application,cyclonedx-gomod,83,0,206,82,1,0,82,1,4,83,0,206,82,1,0,82,1,4,0,1,0,0,0,0
anatol__luks.go,syft,15,0,4,5,10,0,13,2,0,15,0,4,5,10,0,13,2,0,8,0,0,0,2,0
anatol__luks.go,trivy,13,0,6,5,8,0,13,0,0,13,0,6,5,8,0,13,0,0,8,0,0,0,0,0
anatol__luks.go,cdxgen,5,0,14,5,0,0,5,0,8,5,0,14,5,0,0,5,0,8,0,0,0,0,0,0
anatol__luks.go,cyclonedx-gomod,5,0,14,5,0,0,5,0,8,5,0,14,5,0,0,5,0,8,0,0,0,0,0,0
m-zajac__json2go,syft,8,0,1,3,5,0,7,1,0,8,0,1,3,5,0,7,1,0,4,0,0,0,1,0
m-zajac__json2go,trivy,7,0,2,3,4,0,7,0,0,7,0,2,3,4,0,7,0,0,4,0,0,0,0,0
m-zajac__json2go,cdxgen,3,0,6,3,0,0,3,0,4,3,0,6,3,0,0,3,0,4,0,0,0,0,0,0
m-zajac__json2go,cyclonedx-gomod,3,0,6,3,0,0,3,0,4,3,0,6,3,0,0,3,0,4,0,0,0,0,0,0
RichardKnop__minisql,syft,23,0,19,7,16,0,13,10,0,23,0,19,7,16,0,13,10,0,6,0,1,7,2,0
RichardKnop__minisql,trivy,21,0,21,7,14,0,13,8,0,21,0,21,7,14,0,13,8,0,6,0,1,7,0,0
RichardKnop__minisql,cdxgen,7,0,35,7,0,0,7,0,6,7,0,35,7,0,0,7,0,6,0,0,0,0,0,0
RichardKnop__minisql,cyclonedx-gomod,7,0,35,7,0,0,7,0,6,7,0,35,7,0,0,7,0,6,0,0,0,0,0,0
alegrey91__fwdctl,syft,38,0,74,24,14,0,24,14,0,38,0,74,24,14,0,24,14,0,0,1,0,5,8,0
alegrey91__fwdctl,trivy,30,0,82,24,6,0,24,6,0,30,0,82,24,6,0,24,6,0,0,1,0,5,0,0
alegrey91__fwdctl,cdxgen,24,0,88,24,0,0,24,0,0,24,0,88,24,0,0,24,0,0,0,0,0,0,0,0
alegrey91__fwdctl,cyclonedx-gomod,30,0,82,24,6,0,24,6,0,30,0,82,24,6,0,24,6,0,0,1,0,5,0,0
pdfcpu__pdfcpu,syft,14,0,9,12,2,0,12,2,0,14,0,9,12,2,0,12,2,0,0,1,0,0,1,0
pdfcpu__pdfcpu,trivy,13,0,10,12,1,0,12,1,0,13,0,10,12,1,0,12,1,0,0,1,0,0,0,0
pdfcpu__pdfcpu,cdxgen,12,0,11,12,0,0,12,0,0,12,0,11,12,0,0,12,0,0,0,0,0,0,0,0
pdfcpu__pdfcpu,cyclonedx-gomod,13,0,10,12,1,0,12,1,0,13,0,10,12,1,0,12,1,0,0,1,0,0,0,0
circa10a__go-aws-news,syft,40,0,8,32,8,0,36,4,0,40,0,8,32,8,0,36,4,0,4,0,0,3,1,0
circa10a__go-aws-news,trivy,39,0,9,32,7,0,36,3,0,39,0,9,32,7,0,36,3,0,4,0,0,3,0,0
circa10a__go-aws-news,cdxgen,32,0,16,32,0,0,32,0,4,32,0,16,32,0,0,32,0,4,0,0,0,0,0,0
circa10a__go-aws-news,cyclonedx-gomod,32,0,16,32,0,0,32,0,4,32,0,16,32,0,0,32,0,4,0,0,0,0,0,0
switchupcb__copygen,syft,8,1,8,6,3,0,6,3,0,8,1,8,6,3,0,6,3,0,0,0,0,0,2,1
switchupcb__copygen,trivy,6,1,10,6,1,0,6,1,0,6,1,10,6,1,0,6,1,0,0,0,0,0,0,1
switchupcb__copygen,cdxgen,6,0,10,6,0,0,6,0,0,6,0,10,6,0,0,6,0,0,0,0,0,0,0,0
switchupcb__copygen,cyclonedx-gomod,6,0,10,6,0,0,6,0,0,6,0,10,6,0,0,6,0,0,0,0,0,0,0,0
born-ml__born,syft,15,9,1,9,15,0,13,11,0,15,9,1,9,15,0,13,11,0,4,0,0,1,1,9
born-ml__born,trivy,14,8,2,9,13,0,13,9,0,14,8,2,9,13,0,13,9,0,4,0,0,1,0,8
born-ml__born,cdxgen,9,4,7,9,4,0,9,4,4,9,4,7,9,4,0,9,4,4,0,0,0,0,0,4
born-ml__born,cyclonedx-gomod,10,0,6,9,1,0,9,1,4,10,0,6,9,1,0,9,1,4,0,0,0,1,0,0
foolin__goview,syft,85,0,59,48,37,0,48,37,0,85,0,59,48,37,0,48,37,0,0,0,0,16,21,0
foolin__goview,trivy,144,0,0,48,96,0,48,96,0,144,0,0,48,96,0,48,96,0,0,0,0,16,80,0
foolin__goview,cdxgen,48,0,96,48,0,0,48,0,0,48,0,96,48,0,0,48,0,0,0,0,0,0,0,0
foolin__goview,cyclonedx-gomod,48,0,96,48,0,0,48,0,0,48,0,96,48,0,0,48,0,0,0,0,0,0,0,0
tendermint__tendermint,syft,NA
tendermint__tendermint,trivy,NA
tendermint__tendermint,cdxgen,NA
tendermint__tendermint,cyclonedx-gomod,NA
arceus-7__chroma16,syft,14,0,2,13,1,0,13,1,0,14,0,2,13,1,0,13,1,0,0,0,0,0,1,0
arceus-7__chroma16,trivy,13,0,3,13,0,0,13,0,0,13,0,3,13,0,0,13,0,0,0,0,0,0,0,0
arceus-7__chroma16,cdxgen,13,0,3,13,0,0,13,0,0,13,0,3,13,0,0,13,0,0,0,0,0,0,0,0
arceus-7__chroma16,cyclonedx-gomod,13,0,3,13,0,0,13,0,0,13,0,3,13,0,0,13,0,0,0,0,0,0,0,0
esurdam__go-swagger-ui,syft,1,0,0,1,0,0,1,0,0,1,0,0,1,0,0,1,0,0,0,0,0,0,0,0
esurdam__go-swagger-ui,trivy,1,0,0,1,0,0,1,0,0,1,0,0,1,0,0,1,0,0,0,0,0,0,0,0
esurdam__go-swagger-ui,cdxgen,1,0,0,1,0,0,1,0,0,1,0,0,1,0,0,1,0,0,0,0,0,0,0,0
esurdam__go-swagger-ui,cyclonedx-gomod,1,0,0,1,0,0,1,0,0,1,0,0,1,0,0,1,0,0,0,0,0,0,0,0
gographics__imagick,syft,1,1,0,1,1,0,1,1,0,1,1,0,1,1,0,1,1,0,0,0,0,0,0,1
gographics__imagick,trivy,1,1,0,1,1,0,1,1,0,1,1,0,1,1,0,1,1,0,0,0,0,0,0,1
gographics__imagick,cdxgen,1,0,0,1,0,0,1,0,0,1,0,0,1,0,0,1,0,0,0,0,0,0,0,0
gographics__imagick,cyclonedx-gomod,1,0,0,1,0,0,1,0,0,1,0,0,1,0,0,1,0,0,0,0,0,0,0,0
0xcafed00d__joystick,syft,3,0,0,3,0,0,3,0,0,3,0,0,3,0,0,3,0,0,0,0,0,0,0,0
0xcafed00d__joystick,trivy,3,0,0,3,0,0,3,0,0,3,0,0,3,0,0,3,0,0,0,0,0,0,0,0
0xcafed00d__joystick,cdxgen,3,0,0,3,0,0,3,0,0,3,0,0,3,0,0,3,0,0,0,0,0,0,0,0
0xcafed00d__joystick,cyclonedx-gomod,3,0,0,3,0,0,3,0,0,3,0,0,3,0,0,3,0,0,0,0,0,0,0,0
flowbaker__flowbaker,syft,230,0,77,176,54,0,179,51,0,230,0,77,176,54,0,179,51,0,3,8,0,9,34,0
flowbaker__flowbaker,trivy,196,0,111,176,20,0,179,17,0,196,0,111,176,20,0,179,17,0,3,8,0,9,0,0
flowbaker__flowbaker,cdxgen,176,0,131,176,0,0,176,0,3,176,0,131,176,0,0,176,0,3,0,0,0,0,0,0
flowbaker__flowbaker,cyclonedx-gomod,193,0,114,176,17,0,176,17,3,193,0,114,176,17,0,176,17,3,0,8,0,9,0,0
goravel__goravel,syft,184,0,55,137,47,0,137,47,0,184,0,55,137,47,0,137,47,0,0,2,0,12,33,0
goravel__goravel,trivy,151,0,88,137,14,0,137,14,0,151,0,88,137,14,0,137,14,0,0,2,0,12,0,0
goravel__goravel,cdxgen,137,0,102,137,0,0,137,0,0,137,0,102,137,0,0,137,0,0,0,0,0,0,0,0
goravel__goravel,cyclonedx-gomod,149,0,90,136,13,1,136,13,1,149,0,90,136,13,1,136,13,1,0,2,0,11,0,0
hyperonym__ratus,syft,61,0,21,40,21,0,40,21,0,61,0,21,40,21,0,40,21,0,0,0,0,11,10,0
hyperonym__ratus,trivy,51,0,31,40,11,0,40,11,0,51,0,31,40,11,0,40,11,0,0,0,0,11,0,0
hyperonym__ratus,cdxgen,40,0,42,40,0,0,40,0,0,40,0,42,40,0,0,40,0,0,0,0,0,0,0,0
hyperonym__ratus,cyclonedx-gomod,50,0,32,40,10,0,40,10,0,50,0,32,40,10,0,40,10,0,0,0,0,10,0,0
o1egl__paseto,syft,9,0,3,4,5,0,8,1,0,9,0,3,4,5,0,8,1,0,4,0,0,0,1,0
o1egl__paseto,trivy,12,0,0,4,8,0,8,4,0,12,0,0,4,8,0,8,4,0,4,0,0,0,4,0
o1egl__paseto,cdxgen,4,0,8,4,0,0,4,0,4,4,0,8,4,0,0,4,0,4,0,0,0,0,0,0
o1egl__paseto,cyclonedx-gomod,4,0,8,4,0,0,4,0,4,4,0,8,4,0,0,4,0,4,0,0,0,0,0,0
go-kata__kinit,syft,2,0,0,2,0,0,2,0,0,2,0,0,2,0,0,2,0,0,0,0,0,0,0,0
go-kata__kinit,trivy,2,0,0,2,0,0,2,0,0,2,0,0,2,0,0,2,0,0,0,0,0,0,0,0
go-kata__kinit,cdxgen,2,0,0,2,0,0,2,0,0,2,0,0,2,0,0,2,0,0,0,0,0,0,0,0
go-kata__kinit,cyclonedx-gomod,2,0,0,2,0,0,2,0,0,2,0,0,2,0,0,2,0,0,0,0,0,0,0,0
balerter__balerter,syft,88,0,57,58,30,0,64,24,0,88,0,57,58,30,0,64,24,0,6,2,0,2,0,20
balerter__balerter,trivy,68,0,77,58,10,0,64,4,0,68,0,77,58,10,0,64,4,0,6,2,0,2,0,0
balerter__balerter,cdxgen,68,0,77,58,10,0,64,4,0,68,0,77,58,10,0,64,4,0,6,2,0,2,0,0
balerter__balerter,cyclonedx-gomod,62,0,83,58,4,0,58,4,6,62,0,83,58,4,0,58,4,6,0,2,0,2,0,0
Forceu__gokapi,syft,71,0,43,30,41,0,34,37,0,71,0,43,30,41,0,34,37,0,4,4,1,10,22,0
Forceu__gokapi,trivy,49,0,65,30,19,0,34,15,0,49,0,65,30,19,0,34,15,0,4,4,1,10,0,0
Forceu__gokapi,cdxgen,49,0,65,30,19,0,34,15,0,49,0,65,30,19,0,34,15,0,4,4,1,10,0,0
Forceu__gokapi,cyclonedx-gomod,41,0,73,30,11,0,30,11,4,41,0,73,30,11,0,30,11,4,0,4,1,6,0,0
get-woke__woke,syft,46,0,106,33,13,0,36,10,0,46,0,106,33,13,0,36,10,0,3,1,0,2,7,0
get-woke__woke,trivy,39,0,113,33,6,0,36,3,0,39,0,113,33,6,0,36,3,0,3,1,0,2,0,0
get-woke__woke,cdxgen,33,0,119,33,0,0,33,0,3,33,0,119,33,0,0,33,0,3,0,0,0,0,0,0
get-woke__woke,cyclonedx-gomod,36,0,116,33,3,0,33,3,3,36,0,116,33,3,0,33,3,3,0,1,0,2,0,0
golang__oauth2,syft,1,0,0,1,0,0,1,0,0,1,0,0,1,0,0,1,0,0,0,0,0,0,0,0
golang__oauth2,trivy,1,0,0,1,0,0,1,0,0,1,0,0,1,0,0,1,0,0,0,0,0,0,0,0
golang__oauth2,cdxgen,1,0,0,1,0,0,1,0,0,1,0,0,1,0,0,1,0,0,0,0,0,0,0,0
golang__oauth2,cyclonedx-gomod,1,0,0,1,0,0,1,0,0,1,0,0,1,0,0,1,0,0,0,0,0,0,0,0
go-music-theory__music-theory,syft,6,0,0,2,4,0,5,1,0,6,0,0,2,4,0,5,1,0,3,0,0,0,1,0
go-music-theory__music-theory,trivy,6,0,0,2,4,0,5,1,0,6,0,0,2,4,0,5,1,0,3,0,0,0,1,0
go-music-theory__music-theory,cdxgen,2,0,4,2,0,0,2,0,3,2,0,4,2,0,0,2,0,3,0,0,0,0,0,0
go-music-theory__music-theory,cyclonedx-gomod,2,0,4,2,0,0,2,0,3,2,0,4,2,0,0,2,0,3,0,0,0,0,0,0
Henry-Sarabia__igdb,syft,5,0,0,4,1,0,4,1,0,5,0,0,4,1,0,4,1,0,0,0,1,0,0,0
Henry-Sarabia__igdb,trivy,5,0,0,4,1,0,4,1,0,5,0,0,4,1,0,4,1,0,0,0,1,0,0,0
Henry-Sarabia__igdb,cdxgen,4,0,1,4,0,0,4,0,0,4,0,1,4,0,0,4,0,0,0,0,0,0,0,0
Henry-Sarabia__igdb,cyclonedx-gomod,4,0,1,4,0,0,4,0,0,4,0,1,4,0,0,4,0,0,0,0,0,0,0,0
yuseferi__zax,syft,8,0,2,2,6,0,6,2,0,8,0,2,2,6,0,6,2,0,4,0,0,0,2,0
yuseferi__zax,trivy,6,0,4,2,4,0,6,0,0,6,0,4,2,4,0,6,0,0,4,0,0,0,0,0
yuseferi__zax,cdxgen,2,0,8,2,0,0,2,0,4,2,0,8,2,0,0,2,0,4,0,0,0,0,0,0
yuseferi__zax,cyclonedx-gomod,2,0,8,2,0,0,2,0,4,2,0,8,2,0,0,2,0,4,0,0,0,0,0,0
s0ders__go-semver-release,syft,56,0,14,36,20,0,39,17,0,56,0,14,36,20,0,39,17,0,3,2,0,1,14,0
s0ders__go-semver-release,trivy,42,0,28,36,6,0,39,3,0,42,0,28,36,6,0,39,3,0,3,2,0,1,0,0
s0ders__go-semver-release,cdxgen,36,0,34,36,0,0,36,0,3,36,0,34,36,0,0,36,0,3,0,0,0,0,0,0
s0ders__go-semver-release,cyclonedx-gomod,38,0,32,36,2,0,36,2,3,38,0,32,36,2,0,36,2,3,0,2,0,0,0,0
Jacobbrewer1__patcher,syft,38,0,59,6,32,0,6,32,0,38,0,59,6,32,0,6,32,0,0,0,1,28,3,0
Jacobbrewer1__patcher,trivy,35,0,62,6,29,0,6,29,0,35,0,62,6,29,0,6,29,0,0,0,1,28,0,0
Jacobbrewer1__patcher,cdxgen,35,0,62,6,29,0,6,29,0,35,0,62,6,29,0,6,29,0,0,0,1,28,0,0
Jacobbrewer1__patcher,cyclonedx-gomod,35,0,62,6,29,0,6,29,0,35,0,62,6,29,0,6,29,0,0,0,1,28,0,0
roseduan__rosedb,syft,14,0,3,6,8,0,10,4,0,14,0,3,6,8,0,10,4,0,4,0,0,3,1,0
roseduan__rosedb,trivy,13,0,4,6,7,0,10,3,0,13,0,4,6,7,0,10,3,0,4,0,0,3,0,0
roseduan__rosedb,cdxgen,6,0,11,6,0,0,6,0,4,6,0,11,6,0,0,6,0,4,0,0,0,0,0,0
roseduan__rosedb,cyclonedx-gomod,7,0,10,6,1,0,6,1,4,7,0,10,6,1,0,6,1,4,0,0,0,1,0,0
alebeck__boring,syft,7,0,1,6,1,0,7,0,0,7,0,1,6,1,0,7,0,0,1,0,0,0,0,0
alebeck__boring,trivy,7,0,1,6,1,0,7,0,0,7,0,1,6,1,0,7,0,0,1,0,0,0,0,0
alebeck__boring,cdxgen,6,0,2,6,0,0,6,0,1,6,0,2,6,0,0,6,0,1,0,0,0,0,0,0
alebeck__boring,cyclonedx-gomod,6,0,2,6,0,0,6,0,1,6,0,2,6,0,0,6,0,1,0,0,0,0,0,0
mholt__archives,syft,26,0,55,19,7,0,19,7,0,26,0,55,19,7,0,19,7,0,0,0,0,0,7,0
mholt__archives,trivy,19,0,62,19,0,0,19,0,0,19,0,62,19,0,0,19,0,0,0,0,0,0,0,0
mholt__archives,cdxgen,19,0,62,19,0,0,19,0,0,19,0,62,19,0,0,19,0,0,0,0,0,0,0,0
mholt__archives,cyclonedx-gomod,19,0,62,19,0,0,19,0,0,19,0,62,19,0,0,19,0,0,0,0,0,0,0,0
blind-oracle__nginx-prometheus,syft,23,0,190,14,9,0,18,5,0,23,0,190,14,9,0,18,5,0,4,0,0,0,5,0
blind-oracle__nginx-prometheus,trivy,213,0,0,14,199,0,18,195,0,213,0,0,14,199,0,18,195,0,4,0,0,0,195,0
blind-oracle__nginx-prometheus,cdxgen,14,0,199,14,0,0,14,0,4,14,0,199,14,0,0,14,0,4,0,0,0,0,0,0
blind-oracle__nginx-prometheus,cyclonedx-gomod,14,0,199,14,0,0,14,0,4,14,0,199,14,0,0,14,0,4,0,0,0,0,0,0
assafmo__joincap,syft,5,0,7,5,0,0,5,0,0,5,0,7,5,0,0,5,0,0,0,0,0,0,0,0
assafmo__joincap,trivy,12,0,0,5,7,0,5,7,0,12,0,0,5,7,0,5,7,0,0,0,0,0,7,0
assafmo__joincap,cdxgen,5,0,7,5,0,0,5,0,0,5,0,7,5,0,0,5,0,0,0,0,0,0,0,0
assafmo__joincap,cyclonedx-gomod,5,0,7,5,0,0,5,0,0,5,0,7,5,0,0,5,0,0,0,0,0,0,0,0
google__cel-go,syft,11,10,6,8,13,0,9,12,0,11,17,6,8,20,0,9,19,0,1,0,0,0,1,11
google__cel-go,trivy,10,10,7,8,12,0,9,11,0,10,16,7,8,18,0,9,17,0,1,0,0,0,0,11
google__cel-go,cdxgen,10,11,7,8,13,0,9,12,0,10,16,7,8,18,0,9,17,0,1,0,0,0,0,12
google__cel-go,cyclonedx-gomod,8,0,9,8,0,0,8,0,1,8,0,9,8,0,0,8,0,1,0,0,0,0,0,0
yahoo__vssh,syft,11,0,3,1,10,0,3,8,0,11,0,3,1,10,0,3,8,0,2,0,0,0,8,0
yahoo__vssh,trivy,14,0,0,1,13,0,3,11,0,14,0,0,1,13,0,3,11,0,2,0,0,0,11,0
yahoo__vssh,cdxgen,1,0,13,1,0,0,1,0,2,1,0,13,1,0,0,1,0,2,0,0,0,0,0,0
yahoo__vssh,cyclonedx-gomod,2,0,12,1,1,0,1,1,2,2,0,12,1,1,0,1,1,2,0,0,0,0,1,0
hybridgroup__gobot,syft,46,0,27,25,21,0,29,17,0,46,0,27,25,21,0,29,17,0,4,2,3,9,3,0
hybridgroup__gobot,trivy,43,0,30,25,18,0,29,14,0,43,0,30,25,18,0,29,14,0,4,2,3,9,0,0
hybridgroup__gobot,cdxgen,25,0,48,25,0,0,25,0,4,25,0,48,25,0,0,25,0,4,0,0,0,0,0,0
hybridgroup__gobot,cyclonedx-gomod,37,0,36,25,12,0,25,12,4,37,0,36,25,12,0,25,12,4,0,2,3,7,0,0
golang-module__dongle,syft,7,0,4,2,5,0,6,1,0,7,0,4,2,5,0,6,1,0,4,0,0,0,1,0
golang-module__dongle,trivy,6,0,5,2,4,0,6,0,0,6,0,5,2,4,0,6,0,0,4,0,0,0,0,0
golang-module__dongle,cdxgen,2,0,9,2,0,0,2,0,4,2,0,9,2,0,0,2,0,4,0,0,0,0,0,0
golang-module__dongle,cyclonedx-gomod,2,0,9,2,0,0,2,0,4,2,0,9,2,0,0,2,0,4,0,0,0,0,0,0
lana__go-commandbus,syft,5,0,19,4,1,0,4,1,0,5,0,19,4,1,0,4,1,0,0,0,0,0,1,0
lana__go-commandbus,trivy,24,0,0,4,20,0,4,20,0,24,0,0,4,20,0,4,20,0,0,0,0,0,20,0
lana__go-commandbus,cdxgen,4,0,20,4,0,0,4,0,0,4,0,20,4,0,0,4,0,0,0,0,0,0,0,0
lana__go-commandbus,cyclonedx-gomod,4,0,20,4,0,0,4,0,0,4,0,20,4,0,0,4,0,0,0,0,0,0,0,0
MaxHalford__eaopt,syft,1,0,0,1,0,0,1,0,0,1,0,0,1,0,0,1,0,0,0,0,0,0,0,0
MaxHalford__eaopt,trivy,1,0,0,1,0,0,1,0,0,1,0,0,1,0,0,1,0,0,0,0,0,0,0,0
MaxHalford__eaopt,cdxgen,1,0,0,1,0,0,1,0,0,1,0,0,1,0,0,1,0,0,0,0,0,0,0,0
MaxHalford__eaopt,cyclonedx-gomod,1,0,0,1,0,0,1,0,0,1,0,0,1,0,0,1,0,0,0,0,0,0,0,0
miguelmota__golang-for-nodejs-developers,syft,20,0,176,9,11,0,9,11,0,20,1,176,9,12,0,9,12,0,0,0,1,0,4,6
miguelmota__golang-for-nodejs-developers,trivy,196,0,0,9,187,0,9,187,0,196,1,0,9,188,0,9,188,0,0,0,1,0,54,132
miguelmota__golang-for-nodejs-developers,cdxgen,6,0,190,4,2,5,4,2,5,6,0,190,4,2,5,4,2,5,0,0,1,0,0,1
miguelmota__golang-for-nodejs-developers,cyclonedx-gomod,9,0,187,9,0,0,9,0,0,9,0,187,9,0,0,9,0,0,0,0,0,0,0,0
go-zoox__fetch,syft,10,0,5,7,3,0,9,1,0,10,0,5,7,3,0,9,1,0,2,0,0,0,1,0
go-zoox__fetch,trivy,9,0,6,7,2,0,9,0,0,9,0,6,7,2,0,9,0,0,2,0,0,0,0,0
go-zoox__fetch,cdxgen,7,0,8,7,0,0,7,0,2,7,0,8,7,0,0,7,0,2,0,0,0,0,0,0
go-zoox__fetch,cyclonedx-gomod,7,0,8,7,0,0,7,0,2,7,0,8,7,0,0,7,0,2,0,0,0,0,0,0
adam-hanna__sessions,syft,2,0,0,2,0,0,2,0,0,2,0,0,2,0,0,2,0,0,0,0,0,0,0,0
adam-hanna__sessions,trivy,2,0,0,2,0,0,2,0,0,2,0,0,2,0,0,2,0,0,0,0,0,0,0,0
adam-hanna__sessions,cdxgen,2,0,0,2,0,0,2,0,0,2,0,0,2,0,0,2,0,0,0,0,0,0,0,0
adam-hanna__sessions,cyclonedx-gomod,2,0,0,2,0,0,2,0,0,2,0,0,2,0,0,2,0,0,0,0,0,0,0,0
HazelnutParadise__insyra,syft,196,0,321,128,68,0,134,62,0,196,0,321,128,68,0,134,62,0,6,3,0,11,48,0
HazelnutParadise__insyra,trivy,148,0,369,128,20,0,134,14,0,148,0,369,128,20,0,134,14,0,6,3,0,11,0,0
HazelnutParadise__insyra,cdxgen,128,0,389,128,0,0,128,0,6,128,0,389,128,0,0,128,0,6,0,0,0,0,0,0
HazelnutParadise__insyra,cyclonedx-gomod,134,0,383,121,13,7,121,13,13,134,0,383,121,13,7,121,13,13,0,2,0,11,0,0
loom-go__loom,syft,7,0,1,2,5,0,6,1,0,7,0,1,2,5,0,6,1,0,4,0,0,0,1,0
loom-go__loom,trivy,6,0,2,2,4,0,6,0,0,6,0,2,2,4,0,6,0,0,4,0,0,0,0,0
loom-go__loom,cdxgen,2,0,6,2,0,0,2,0,4,2,0,6,2,0,0,2,0,4,0,0,0,0,0,0
loom-go__loom,cyclonedx-gomod,2,0,6,2,0,0,2,0,4,2,0,6,2,0,0,2,0,4,0,0,0,0,0,0
leberKleber__go-mpris,syft,6,0,1,1,5,0,5,1,0,6,0,1,1,5,0,5,1,0,4,0,0,0,1,0
leberKleber__go-mpris,trivy,5,0,2,1,4,0,5,0,0,5,0,2,1,4,0,5,0,0,4,0,0,0,0,0
leberKleber__go-mpris,cdxgen,1,0,6,1,0,0,1,0,4,1,0,6,1,0,0,1,0,4,0,0,0,0,0,0
leberKleber__go-mpris,cyclonedx-gomod,1,0,6,1,0,0,1,0,4,1,0,6,1,0,0,1,0,4,0,0,0,0,0,0
presbrey__go-multiproxy,syft,8,0,5,2,6,0,7,1,0,8,0,5,2,6,0,7,1,0,5,0,0,0,1,0
presbrey__go-multiproxy,trivy,7,0,6,2,5,0,7,0,0,7,0,6,2,5,0,7,0,0,5,0,0,0,0,0
presbrey__go-multiproxy,cdxgen,2,0,11,2,0,0,2,0,5,2,0,11,2,0,0,2,0,5,0,0,0,0,0,0
presbrey__go-multiproxy,cyclonedx-gomod,2,0,11,2,0,0,2,0,5,2,0,11,2,0,0,2,0,5,0,0,0,0,0,0
bmf-san__ggc,syft,6,0,3,4,2,0,5,1,0,6,0,3,4,2,0,5,1,0,1,0,0,0,1,0
bmf-san__ggc,trivy,6,0,3,4,2,0,5,1,0,6,0,3,4,2,0,5,1,0,1,0,0,0,1,0
bmf-san__ggc,cdxgen,4,0,5,4,0,0,4,0,1,4,0,5,4,0,0,4,0,1,0,0,0,0,0,0
bmf-san__ggc,cyclonedx-gomod,4,0,5,4,0,0,4,0,1,4,0,5,4,0,0,4,0,1,0,0,0,0,0,0
smallnest__go-web-framework-benchmark,syft,152,0,125,128,24,0,128,24,0,152,0,125,128,24,0,128,24,0,0,0,0,24,0,0
smallnest__go-web-framework-benchmark,trivy,152,0,125,128,24,0,128,24,0,152,0,125,128,24,0,128,24,0,0,0,0,24,0,0
smallnest__go-web-framework-benchmark,cdxgen,128,0,149,128,0,0,128,0,0,128,0,149,128,0,0,128,0,0,0,0,0,0,0,0
smallnest__go-web-framework-benchmark,cyclonedx-gomod,NA
jfrog__froggit-go,syft,70,0,54,39,31,0,43,27,0,70,0,54,39,31,0,43,27,0,4,1,0,0,20,6
jfrog__froggit-go,trivy,44,0,80,39,5,0,43,1,0,44,0,80,39,5,0,43,1,0,4,1,0,0,0,0
jfrog__froggit-go,cdxgen,39,0,85,39,0,0,39,0,4,39,0,85,39,0,0,39,0,4,0,0,0,0,0,0
jfrog__froggit-go,cyclonedx-gomod,40,0,84,39,1,0,39,1,4,40,0,84,39,1,0,39,1,4,0,1,0,0,0,0
jovandeginste__payme,syft,30,0,8,19,11,0,23,7,0,30,0,8,19,11,0,23,7,0,4,1,0,0,6,0
jovandeginste__payme,trivy,24,0,14,19,5,0,23,1,0,24,0,14,19,5,0,23,1,0,4,1,0,0,0,0
jovandeginste__payme,cdxgen,24,0,14,19,5,0,23,1,0,24,0,14,19,5,0,23,1,0,4,1,0,0,0,0
jovandeginste__payme,cyclonedx-gomod,20,0,18,19,1,0,19,1,4,20,0,18,19,1,0,19,1,4,0,1,0,0,0,0
golang__protobuf,syft,2,0,1,1,1,0,2,0,0,2,0,1,1,1,0,2,0,0,1,0,0,0,0,0
golang__protobuf,trivy,3,0,0,1,2,0,2,1,0,3,0,0,1,2,0,2,1,0,1,0,0,0,1,0
golang__protobuf,cdxgen,1,0,2,1,0,0,1,0,1,1,0,2,1,0,0,1,0,1,0,0,0,0,0,0
golang__protobuf,cyclonedx-gomod,1,0,2,1,0,0,1,0,1,1,0,2,1,0,0,1,0,1,0,0,0,0,0,0
gonum__gonum,syft,21,0,17,10,11,0,12,9,0,21,0,17,10,11,0,12,9,0,2,0,0,6,3,0
gonum__gonum,trivy,18,0,20,10,8,0,12,6,0,18,0,20,10,8,0,12,6,0,2,0,0,6,0,0
gonum__gonum,cdxgen,10,0,28,10,0,0,10,0,2,10,0,28,10,0,0,10,0,2,0,0,0,0,0,0
gonum__gonum,cyclonedx-gomod,16,0,22,10,6,0,10,6,2,16,0,22,10,6,0,10,6,2,0,0,0,6,0,0
codingconcepts__dg,syft,9,0,5,5,4,0,8,1,0,9,0,5,5,4,0,8,1,0,3,0,0,0,1,0
codingconcepts__dg,trivy,8,0,6,5,3,0,8,0,0,8,0,6,5,3,0,8,0,0,3,0,0,0,0,0
codingconcepts__dg,cdxgen,5,0,9,5,0,0,5,0,3,5,0,9,5,0,0,5,0,3,0,0,0,0,0,0
codingconcepts__dg,cyclonedx-gomod,5,0,9,5,0,0,5,0,3,5,0,9,5,0,0,5,0,3,0,0,0,0,0,0
elliotwutingfeng__go-fasttld,syft,22,0,10,13,9,0,16,6,0,22,0,10,13,9,0,16,6,0,3,1,0,0,5,0
elliotwutingfeng__go-fasttld,trivy,17,0,15,13,4,0,16,1,0,17,0,15,13,4,0,16,1,0,3,1,0,0,0,0
elliotwutingfeng__go-fasttld,cdxgen,13,0,19,13,0,0,13,0,3,13,0,19,13,0,0,13,0,3,0,0,0,0,0,0
elliotwutingfeng__go-fasttld,cyclonedx-gomod,14,0,18,13,1,0,13,1,3,14,0,18,13,1,0,13,1,3,0,1,0,0,0,0
yazgazan__jaydiff,syft,8,0,0,8,0,0,8,0,0,8,0,0,8,0,0,8,0,0,0,0,0,0,0,0
yazgazan__jaydiff,trivy,8,0,0,8,0,0,8,0,0,8,0,0,8,0,0,8,0,0,0,0,0,0,0,0
yazgazan__jaydiff,cdxgen,8,0,0,8,0,0,8,0,0,8,0,0,8,0,0,8,0,0,0,0,0,0,0,0
yazgazan__jaydiff,cyclonedx-gomod,8,0,0,8,0,0,8,0,0,8,0,0,8,0,0,8,0,0,0,0,0,0,0,0
anacrolix__dht,syft,90,0,265,71,19,0,80,10,0,90,0,265,71,19,0,80,10,0,9,2,0,2,6,0
anacrolix__dht,trivy,84,0,271,71,13,0,80,4,0,84,0,271,71,13,0,80,4,0,9,2,0,2,0,0
anacrolix__dht,cdxgen,71,0,284,71,0,0,71,0,9,71,0,284,71,0,0,71,0,9,0,0,0,0,0,0
anacrolix__dht,cyclonedx-gomod,75,0,280,71,4,0,71,4,9,75,0,280,71,4,0,71,4,9,0,2,0,2,0,0
unki2aut__go-mpd,syft,8,0,2,1,7,0,4,4,0,8,0,2,1,7,0,4,4,0,3,0,0,1,3,0
unki2aut__go-mpd,trivy,5,0,5,1,4,0,4,1,0,5,0,5,1,4,0,4,1,0,3,0,0,1,0,0
unki2aut__go-mpd,cdxgen,1,0,9,1,0,0,1,0,3,1,0,9,1,0,0,1,0,3,0,0,0,0,0,0
unki2aut__go-mpd,cyclonedx-gomod,1,0,9,1,0,0,1,0,3,1,0,9,1,0,0,1,0,3,0,0,0,0,0,0
valyala__fasttemplate,syft,1,0,0,1,0,0,1,0,0,1,0,0,1,0,0,1,0,0,0,0,0,0,0,0
valyala__fasttemplate,trivy,1,0,0,1,0,0,1,0,0,1,0,0,1,0,0,1,0,0,0,0,0,0,0,0
valyala__fasttemplate,cdxgen,1,0,0,1,0,0,1,0,0,1,0,0,1,0,0,1,0,0,0,0,0,0,0,0
valyala__fasttemplate,cyclonedx-gomod,1,0,0,1,0,0,1,0,0,1,0,0,1,0,0,1,0,0,0,0,0,0,0,0
shurcooL__githubql,syft,2,0,1,2,0,0,2,0,0,2,0,1,2,0,0,2,0,0,0,0,0,0,0,0
shurcooL__githubql,trivy,2,0,1,2,0,0,2,0,0,2,0,1,2,0,0,2,0,0,0,0,0,0,0,0
shurcooL__githubql,cdxgen,2,0,1,2,0,0,2,0,0,2,0,1,2,0,0,2,0,0,0,0,0,0,0,0
shurcooL__githubql,cyclonedx-gomod,2,0,1,2,0,0,2,0,0,2,0,1,2,0,0,2,0,0,0,0,0,0,0,0
mikestefanello__pagoda,syft,67,0,30,55,12,0,57,10,0,67,0,30,55,12,0,57,10,0,2,0,0,2,8,0
mikestefanello__pagoda,trivy,59,0,38,55,4,0,57,2,0,59,0,38,55,4,0,57,2,0,2,0,0,2,0,0
mikestefanello__pagoda,cdxgen,55,0,42,55,0,0,55,0,2,55,0,42,55,0,0,55,0,2,0,0,0,0,0,0
mikestefanello__pagoda,cyclonedx-gomod,55,0,42,55,0,0,55,0,2,55,0,42,55,0,0,55,0,2,0,0,0,0,0,0
alajmo__mani,syft,37,0,15,25,12,0,28,9,0,37,0,15,25,12,0,28,9,0,3,1,0,1,7,0
alajmo__mani,trivy,30,0,22,25,5,0,28,2,0,30,0,22,25,5,0,28,2,0,3,1,0,1,0,0
alajmo__mani,cdxgen,25,0,27,25,0,0,25,0,3,25,0,27,25,0,0,25,0,3,0,0,0,0,0,0
alajmo__mani,cyclonedx-gomod,26,0,26,25,1,0,25,1,3,26,0,26,25,1,0,25,1,3,0,1,0,0,0,0
nitishm__go-rejson,syft,11,0,2,4,7,0,4,7,0,11,0,2,4,7,0,4,7,0,0,0,0,0,7,0
nitishm__go-rejson,trivy,13,0,0,4,9,0,4,9,0,13,0,0,4,9,0,4,9,0,0,0,0,0,9,0
nitishm__go-rejson,cdxgen,4,0,9,4,0,0,4,0,0,4,0,9,4,0,0,4,0,0,0,0,0,0,0,0
nitishm__go-rejson,cyclonedx-gomod,4,0,9,4,0,0,4,0,0,4,0,9,4,0,0,4,0,0,0,0,0,0,0,0
go-jet__jet,syft,15,23,6,10,28,0,10,28,0,14,25,7,10,29,0,10,29,0,0,0,0,3,1,24
go-jet__jet,trivy,15,23,6,10,28,0,10,28,0,14,24,7,10,28,0,10,28,0,0,0,0,3,1,24
go-jet__jet,cdxgen,10,6,11,10,6,0,10,6,0,10,6,11,10,6,0,10,6,0,0,0,0,0,0,6
go-jet__jet,cyclonedx-gomod,10,0,11,10,0,0,10,0,0,10,0,11,10,0,0,10,0,0,0,0,0,0,0,0
cloudwego__kitex,syft,46,2,34,41,7,0,41,7,0,46,6,34,41,11,0,41,11,0,0,0,0,0,5,2
cloudwego__kitex,trivy,41,2,39,41,2,0,41,2,0,41,5,39,41,5,0,41,5,0,0,0,0,0,0,2
cloudwego__kitex,cdxgen,41,1,39,41,1,0,41,1,0,41,4,39,41,4,0,41,4,0,0,0,0,0,0,1
cloudwego__kitex,cyclonedx-gomod,41,0,39,41,0,0,41,0,0,41,0,39,41,0,0,41,0,0,0,0,0,0,0,0
lni__dragonboat,syft,50,0,171,36,14,0,40,10,0,50,0,171,36,14,0,40,10,0,4,1,0,1,8,0
lni__dragonboat,trivy,42,0,179,36,6,0,40,2,0,42,0,179,36,6,0,40,2,0,4,1,0,1,0,0
lni__dragonboat,cdxgen,36,0,185,36,0,0,36,0,4,36,0,185,36,0,0,36,0,4,0,0,0,0,0,0
lni__dragonboat,cyclonedx-gomod,33,0,188,32,1,4,32,1,8,33,0,188,32,1,4,32,1,8,0,1,0,0,0,0
ziutek__emgo,syft,1,0,3,1,0,0,1,0,0,1,0,3,1,0,0,1,0,0,0,0,0,0,0,0
ziutek__emgo,trivy,4,0,0,1,3,0,1,3,0,4,0,0,1,3,0,1,3,0,0,0,0,0,0,3
ziutek__emgo,cdxgen,1,0,3,1,0,0,1,0,0,1,0,3,1,0,0,1,0,0,0,0,0,0,0,0
ziutek__emgo,cyclonedx-gomod,1,0,3,1,0,0,1,0,0,1,0,3,1,0,0,1,0,0,0,0,0,0,0,0
seborama__govcr,syft,29,0,4,16,13,0,28,1,0,29,0,4,16,13,0,28,1,0,12,0,0,0,1,0
seborama__govcr,trivy,28,0,5,16,12,0,28,0,0,28,0,5,16,12,0,28,0,0,12,0,0,0,0,0
seborama__govcr,cdxgen,16,0,17,16,0,0,16,0,12,16,0,17,16,0,0,16,0,12,0,0,0,0,0,0
seborama__govcr,cyclonedx-gomod,16,0,17,16,0,0,16,0,12,16,0,17,16,0,0,16,0,12,0,0,0,0,0,0
dgraph-io__dgraph,syft,195,1,154,157,39,0,157,39,0,195,3,154,157,41,0,157,41,0,0,2,1,6,29,1
dgraph-io__dgraph,trivy,167,1,182,157,11,0,157,11,0,166,3,183,157,12,0,157,12,0,0,2,1,6,1,1
dgraph-io__dgraph,cdxgen,158,0,191,157,1,0,157,1,0,157,1,192,157,1,0,157,1,0,0,0,1,0,0,0
dgraph-io__dgraph,cyclonedx-gomod,159,0,190,156,3,1,156,3,1,159,0,190,156,3,1,156,3,1,0,2,0,1,0,0
chaindead__zerocfg,syft,6,0,1,2,4,0,5,1,0,6,0,1,2,4,0,5,1,0,3,0,0,0,1,0
chaindead__zerocfg,trivy,5,0,2,2,3,0,5,0,0,5,0,2,2,3,0,5,0,0,3,0,0,0,0,0
chaindead__zerocfg,cdxgen,2,0,5,2,0,0,2,0,3,2,0,5,2,0,0,2,0,3,0,0,0,0,0,0
chaindead__zerocfg,cyclonedx-gomod,2,0,5,2,0,0,2,0,3,2,0,5,2,0,0,2,0,3,0,0,0,0,0,0
lestrrat-go__jwx,syft,15,19,5,8,26,0,8,26,0,15,23,5,8,30,0,8,30,0,0,0,0,3,2,21
lestrrat-go__jwx,trivy,13,15,7,8,20,0,8,20,0,13,19,7,8,24,0,8,24,0,0,0,0,3,0,17
lestrrat-go__jwx,cdxgen,13,14,7,8,19,0,8,19,0,13,18,7,8,23,0,8,23,0,0,0,0,3,0,16
lestrrat-go__jwx,cyclonedx-gomod,11,0,9,8,3,0,8,3,0,11,0,9,8,3,0,8,3,0,0,0,0,3,0,0
gammazero__workerpool,syft,1,0,0,1,0,0,1,0,0,1,0,0,1,0,0,1,0,0,0,0,0,0,0,0
gammazero__workerpool,trivy,1,0,0,1,0,0,1,0,0,1,0,0,1,0,0,1,0,0,0,0,0,0,0,0
gammazero__workerpool,cdxgen,1,0,0,1,0,0,1,0,0,1,0,0,1,0,0,1,0,0,0,0,0,0,0,0
gammazero__workerpool,cyclonedx-gomod,1,0,0,1,0,0,1,0,0,1,0,0,1,0,0,1,0,0,0,0,0,0,0,0
rekurt__go-propisyu,syft,6,0,1,1,5,0,5,1,0,6,0,1,1,5,0,5,1,0,4,0,0,0,1,0
rekurt__go-propisyu,trivy,5,0,2,1,4,0,5,0,0,5,0,2,1,4,0,5,0,0,4,0,0,0,0,0
rekurt__go-propisyu,cdxgen,1,0,6,1,0,0,1,0,4,1,0,6,1,0,0,1,0,4,0,0,0,0,0,0
rekurt__go-propisyu,cyclonedx-gomod,1,0,6,1,0,0,1,0,4,1,0,6,1,0,0,1,0,4,0,0,0,0,0,0
apache__calcite-avatica-go,syft,20,0,12,12,8,0,12,8,0,20,0,12,12,8,0,12,8,0,0,0,0,0,8,0
apache__calcite-avatica-go,trivy,12,0,20,12,0,0,12,0,0,12,0,20,12,0,0,12,0,0,0,0,0,0,0,0
apache__calcite-avatica-go,cdxgen,12,0,20,12,0,0,12,0,0,12,0,20,12,0,0,12,0,0,0,0,0,0,0,0
apache__calcite-avatica-go,cyclonedx-gomod,12,0,20,12,0,0,12,0,0,12,0,20,12,0,0,12,0,0,0,0,0,0,0,0
neelance__graphql-go,syft,13,0,5,8,5,0,8,5,0,13,0,5,8,5,0,8,5,0,0,0,0,0,5,0
neelance__graphql-go,trivy,8,0,10,8,0,0,8,0,0,8,0,10,8,0,0,8,0,0,0,0,0,0,0,0
neelance__graphql-go,cdxgen,8,0,10,8,0,0,8,0,0,8,0,10,8,0,0,8,0,0,0,0,0,0,0,0
neelance__graphql-go,cyclonedx-gomod,8,0,10,8,0,0,8,0,0,8,0,10,8,0,0,8,0,0,0,0,0,0,0,0
go-ego__gse,syft,2,0,0,1,1,0,2,0,0,2,0,0,1,1,0,2,0,0,1,0,0,0,0,0
go-ego__gse,trivy,2,0,0,1,1,0,2,0,0,2,0,0,1,1,0,2,0,0,1,0,0,0,0,0
go-ego__gse,cdxgen,1,0,1,1,0,0,1,0,1,1,0,1,1,0,0,1,0,1,0,0,0,0,0,0
go-ego__gse,cyclonedx-gomod,1,0,1,1,0,0,1,0,1,1,0,1,1,0,0,1,0,1,0,0,0,0,0,0
rjeczalik__notify,syft,1,0,0,1,0,0,1,0,0,1,0,0,1,0,0,1,0,0,0,0,0,0,0,0
rjeczalik__notify,trivy,1,0,0,1,0,0,1,0,0,1,0,0,1,0,0,1,0,0,0,0,0,0,0,0
rjeczalik__notify,cdxgen,1,0,0,1,0,0,1,0,0,1,0,0,1,0,0,1,0,0,0,0,0,0,0,0
rjeczalik__notify,cyclonedx-gomod,1,0,0,1,0,0,1,0,0,1,0,0,1,0,0,1,0,0,0,0,0,0,0,0
pemistahl__lingua-go,syft,9,3,6,3,9,0,7,5,0,9,3,6,3,9,0,7,5,0,4,0,0,0,2,3
pemistahl__lingua-go,trivy,7,3,8,3,7,0,7,3,0,7,3,8,3,7,0,7,3,0,4,0,0,0,0,3
pemistahl__lingua-go,cdxgen,3,2,12,3,2,0,3,2,4,3,2,12,3,2,0,3,2,4,0,0,0,0,0,2
pemistahl__lingua-go,cyclonedx-gomod,3,0,12,3,0,0,3,0,4,3,0,12,3,0,0,3,0,4,0,0,0,0,0,0
boxesandglue__bagme,syft,17,0,5,17,0,0,17,0,0,17,0,5,17,0,0,17,0,0,0,0,0,0,0,0
boxesandglue__bagme,trivy,17,0,5,17,0,0,17,0,0,17,0,5,17,0,0,17,0,0,0,0,0,0,0,0
boxesandglue__bagme,cdxgen,17,0,5,17,0,0,17,0,0,17,0,5,17,0,0,17,0,0,0,0,0,0,0,0
boxesandglue__bagme,cyclonedx-gomod,17,0,5,17,0,0,17,0,0,17,0,5,17,0,0,17,0,0,0,0,0,0,0,0
gookit__color,syft,4,7,0,1,10,0,2,9,0,4,7,0,1,10,0,2,9,0,1,1,0,0,1,7
gookit__color,trivy,4,7,0,1,10,0,2,9,0,4,7,0,1,10,0,2,9,0,1,1,0,0,1,7
gookit__color,cdxgen,2,6,2,1,7,0,1,7,1,2,6,2,1,7,0,1,7,1,0,1,0,0,0,6
gookit__color,cyclonedx-gomod,2,0,2,1,1,0,1,1,1,2,0,2,1,1,0,1,1,1,0,1,0,0,0,0
brandonyoungdev__tldx,syft,64,0,8,48,16,0,52,12,0,64,0,8,48,16,0,52,12,0,4,1,0,0,11,0
brandonyoungdev__tldx,trivy,53,0,19,48,5,0,52,1,0,53,0,19,48,5,0,52,1,0,4,1,0,0,0,0
brandonyoungdev__tldx,cdxgen,48,0,24,48,0,0,48,0,4,48,0,24,48,0,0,48,0,4,0,0,0,0,0,0
brandonyoungdev__tldx,cyclonedx-gomod,49,0,23,48,1,0,48,1,4,49,0,23,48,1,0,48,1,4,0,1,0,0,0,0
bobg__mid,syft,3,0,0,1,2,0,2,1,0,3,0,0,1,2,0,2,1,0,1,0,0,0,1,0
bobg__mid,trivy,3,0,0,1,2,0,2,1,0,3,0,0,1,2,0,2,1,0,1,0,0,0,1,0
bobg__mid,cdxgen,1,0,2,1,0,0,1,0,1,1,0,2,1,0,0,1,0,1,0,0,0,0,0,0
bobg__mid,cyclonedx-gomod,1,0,2,1,0,0,1,0,1,1,0,2,1,0,0,1,0,1,0,0,0,0,0,0
pkg__profile,syft,7,0,6,2,5,0,2,5,0,7,0,6,2,5,0,2,5,0,0,0,0,0,0,5
pkg__profile,trivy,13,0,0,2,11,0,2,11,0,13,0,0,2,11,0,2,11,0,0,0,0,0,0,11
pkg__profile,cdxgen,2,0,11,2,0,0,2,0,0,2,0,11,2,0,0,2,0,0,0,0,0,0,0,0
pkg__profile,cyclonedx-gomod,2,0,11,2,0,0,2,0,0,2,0,11,2,0,0,2,0,0,0,0,0,0,0,0
gojuno__minimock,syft,33,405,5,10,428,0,12,426,0,19,428,19,10,437,0,12,435,0,2,0,0,2,5,419
gojuno__minimock,trivy,31,406,7,10,427,0,12,425,0,16,429,22,10,435,0,12,433,0,2,0,0,2,3,420
gojuno__minimock,cdxgen,29,405,9,10,424,0,12,422,0,13,428,25,10,431,0,11,430,1,2,0,0,0,3,419
gojuno__minimock,cyclonedx-gomod,10,0,28,10,0,0,10,0,2,10,0,28,10,0,0,10,0,2,0,0,0,0,0,0
sinhashubham95__bleep,syft,1,0,0,1,0,0,1,0,0,1,0,0,1,0,0,1,0,0,0,0,0,0,0,0
sinhashubham95__bleep,trivy,1,0,0,1,0,0,1,0,0,1,0,0,1,0,0,1,0,0,0,0,0,0,0,0
sinhashubham95__bleep,cdxgen,1,0,0,1,0,0,1,0,0,1,0,0,1,0,0,1,0,0,0,0,0,0,0,0
sinhashubham95__bleep,cyclonedx-gomod,1,0,0,1,0,0,1,0,0,1,0,0,1,0,0,1,0,0,0,0,0,0,0,0
Antonito__gfile,syft,40,0,11,31,9,0,35,5,0,40,0,11,31,9,0,35,5,0,4,1,0,0,4,0
Antonito__gfile,trivy,36,0,15,31,5,0,35,1,0,36,0,15,31,5,0,35,1,0,4,1,0,0,0,0
Antonito__gfile,cdxgen,31,0,20,31,0,0,31,0,4,31,0,20,31,0,0,31,0,4,0,0,0,0,0,0
Antonito__gfile,cyclonedx-gomod,32,0,19,31,1,0,31,1,4,32,0,19,31,1,0,31,1,4,0,1,0,0,0,0
go-gormigrate__gormigrate,syft,7,35,2,4,38,0,4,38,0,7,35,2,4,38,0,4,38,0,0,0,0,0,0,38
go-gormigrate__gormigrate,trivy,7,31,2,4,34,0,4,34,0,7,31,2,4,34,0,4,34,0,0,0,0,0,0,34
go-gormigrate__gormigrate,cdxgen,4,0,5,4,0,0,4,0,0,4,0,5,4,0,0,4,0,0,0,0,0,0,0,0
go-gormigrate__gormigrate,cyclonedx-gomod,4,0,5,4,0,0,4,0,0,4,0,5,4,0,0,4,0,0,0,0,0,0,0,0
32leaves__bel,syft,8,0,1,1,7,0,3,5,0,8,0,1,1,7,0,3,5,0,2,0,0,0,0,5
32leaves__bel,trivy,9,0,0,1,8,0,3,6,0,9,0,0,1,8,0,3,6,0,2,0,0,0,0,6
32leaves__bel,cdxgen,1,0,8,1,0,0,1,0,2,1,0,8,1,0,0,1,0,2,0,0,0,0,0,0
32leaves__bel,cyclonedx-gomod,1,0,8,1,0,0,1,0,2,1,0,8,1,0,0,1,0,2,0,0,0,0,0,0
xxjwxc__gormt,syft,73,0,251,48,25,0,48,25,0,73,0,251,48,25,0,48,25,0,0,1,0,2,22,0
xxjwxc__gormt,trivy,51,0,273,48,3,0,48,3,0,51,0,273,48,3,0,48,3,0,0,1,0,2,0,0
xxjwxc__gormt,cdxgen,48,0,276,48,0,0,48,0,0,48,0,276,48,0,0,48,0,0,0,0,0,0,0,0
xxjwxc__gormt,cyclonedx-gomod,47,0,277,46,1,2,46,1,2,47,0,277,46,1,2,46,1,2,0,1,0,0,0,0
jandelgado__rabtap,syft,18,0,5,16,2,0,16,2,0,18,0,5,16,2,0,16,2,0,0,0,1,0,1,0
jandelgado__rabtap,trivy,17,0,6,16,1,0,16,1,0,17,0,6,16,1,0,16,1,0,0,0,1,0,0,0
jandelgado__rabtap,cdxgen,16,0,7,16,0,0,16,0,0,16,0,7,16,0,0,16,0,0,0,0,0,0,0,0
jandelgado__rabtap,cyclonedx-gomod,17,0,6,16,1,0,16,1,0,17,0,6,16,1,0,16,1,0,0,0,1,0,0,0
ijt__go-anytime,syft,7,1,2,1,7,0,6,2,0,7,1,2,1,7,0,6,2,0,5,0,0,0,1,1
ijt__go-anytime,trivy,6,1,3,1,6,0,6,1,0,6,1,3,1,6,0,6,1,0,5,0,0,0,0,1
ijt__go-anytime,cdxgen,1,0,8,1,0,0,1,0,5,1,0,8,1,0,0,1,0,5,0,0,0,0,0,0
ijt__go-anytime,cyclonedx-gomod,1,0,8,1,0,0,1,0,5,1,0,8,1,0,0,1,0,5,0,0,0,0,0,0
optimus-hft__go-ipmux,syft,23,0,77,15,8,0,19,4,0,23,0,77,15,8,0,19,4,0,4,0,0,0,4,0
optimus-hft__go-ipmux,trivy,19,0,81,15,4,0,19,0,0,19,0,81,15,4,0,19,0,0,4,0,0,0,0,0
optimus-hft__go-ipmux,cdxgen,15,0,85,15,0,0,15,0,4,15,0,85,15,0,0,15,0,4,0,0,0,0,0,0
optimus-hft__go-ipmux,cyclonedx-gomod,15,0,85,15,0,0,15,0,4,15,0,85,15,0,0,15,0,4,0,0,0,0,0,0
antham__gommit,syft,59,0,12,37,22,0,42,17,0,59,0,12,37,22,0,42,17,0,5,2,0,0,15,0
antham__gommit,trivy,44,0,27,37,7,0,42,2,0,44,0,27,37,7,0,42,2,0,5,2,0,0,0,0
antham__gommit,cdxgen,37,0,34,37,0,0,37,0,5,37,0,34,37,0,0,37,0,5,0,0,0,0,0,0
antham__gommit,cyclonedx-gomod,39,0,32,37,2,0,37,2,5,39,0,32,37,2,0,37,2,5,0,2,0,0,0,0
knocknote__octillery,syft,25,0,2,15,10,0,15,10,0,25,0,2,15,10,0,15,10,0,0,0,0,1,9,0
knocknote__octillery,trivy,27,0,0,15,12,0,15,12,0,27,0,0,15,12,0,15,12,0,0,0,0,1,11,0
knocknote__octillery,cdxgen,15,0,12,15,0,0,15,0,0,15,0,12,15,0,0,15,0,0,0,0,0,0,0,0
knocknote__octillery,cyclonedx-gomod,16,0,11,15,1,0,15,1,0,16,0,11,15,1,0,15,1,0,0,0,0,1,0,0
axiomhq__hyperloglog,syft,10,0,5,2,8,0,6,4,0,10,0,5,2,8,0,6,4,0,4,0,0,3,1,0
axiomhq__hyperloglog,trivy,9,0,6,2,7,0,6,3,0,9,0,6,2,7,0,6,3,0,4,0,0,3,0,0
axiomhq__hyperloglog,cdxgen,2,0,13,2,0,0,2,0,4,2,0,13,2,0,0,2,0,4,0,0,0,0,0,0
axiomhq__hyperloglog,cyclonedx-gomod,2,0,13,2,0,0,2,0,4,2,0,13,2,0,0,2,0,4,0,0,0,0,0,0
leonelquinteros__gotext,syft,4,0,4,3,1,0,3,1,0,4,0,4,3,1,0,3,1,0,0,0,0,0,1,0
leonelquinteros__gotext,trivy,3,0,5,3,0,0,3,0,0,3,0,5,3,0,0,3,0,0,0,0,0,0,0,0
leonelquinteros__gotext,cdxgen,3,0,5,3,0,0,3,0,0,3,0,5,3,0,0,3,0,0,0,0,0,0,0,0
leonelquinteros__gotext,cyclonedx-gomod,3,0,5,3,0,0,3,0,0,3,0,5,3,0,0,3,0,0,0,0,0,0,0,0
bobg__hashsplit,syft,3,0,3,1,2,0,1,2,0,3,0,3,1,2,0,1,2,0,0,0,0,2,0,0
bobg__hashsplit,trivy,3,0,3,1,2,0,1,2,0,3,0,3,1,2,0,1,2,0,0,0,0,2,0,0
bobg__hashsplit,cdxgen,1,0,5,1,0,0,1,0,0,1,0,5,1,0,0,1,0,0,0,0,0,0,0,0
bobg__hashsplit,cyclonedx-gomod,1,0,5,1,0,0,1,0,0,1,0,5,1,0,0,1,0,0,0,0,0,0,0,0
golobby__config,syft,12,0,4,5,7,0,8,4,0,12,0,4,5,7,0,8,4,0,3,0,0,0,4,0
golobby__config,trivy,16,0,0,5,11,0,8,8,0,16,0,0,5,11,0,8,8,0,3,0,0,0,8,0
golobby__config,cdxgen,5,0,11,5,0,0,5,0,3,5,0,11,5,0,0,5,0,3,0,0,0,0,0,0
golobby__config,cyclonedx-gomod,5,0,11,5,0,0,5,0,3,5,0,11,5,0,0,5,0,3,0,0,0,0,0,0
Pixboost__transformimgs,syft,3,2,0,3,2,0,3,2,0,3,2,0,3,2,0,3,2,0,0,0,0,0,0,2
Pixboost__transformimgs,trivy,3,2,0,3,2,0,3,2,0,3,2,0,3,2,0,3,2,0,0,0,0,0,0,2
Pixboost__transformimgs,cdxgen,3,1,0,3,1,0,3,1,0,3,1,0,3,1,0,3,1,0,0,0,0,0,0,1
Pixboost__transformimgs,cyclonedx-gomod,3,0,0,3,0,0,3,0,0,3,0,0,3,0,0,3,0,0,0,0,0,0,0,0
kamva__mgm,syft,20,0,6,16,4,0,17,3,0,20,0,6,16,4,0,17,3,0,1,0,0,0,3,0
kamva__mgm,trivy,17,0,9,16,1,0,17,0,0,17,0,9,16,1,0,17,0,0,1,0,0,0,0,0
kamva__mgm,cdxgen,16,0,10,16,0,0,16,0,1,16,0,10,16,0,0,16,0,1,0,0,0,0,0,0
kamva__mgm,cyclonedx-gomod,13,0,13,13,0,3,13,0,4,13,0,13,13,0,3,13,0,4,0,0,0,0,0,0
gone-io__gone,syft,1,1,8,1,1,0,1,1,0,1,1,8,1,1,0,1,1,0,0,0,0,0,0,1
gone-io__gone,trivy,1,1,8,1,1,0,1,1,0,1,1,8,1,1,0,1,1,0,0,0,0,0,0,1
gone-io__gone,cdxgen,1,0,8,1,0,0,1,0,0,1,0,8,1,0,0,1,0,0,0,0,0,0,0,0
gone-io__gone,cyclonedx-gomod,1,0,8,1,0,0,1,0,0,1,0,8,1,0,0,1,0,0,0,0,0,0,0,0
hbagdi__go-unsplash,syft,7,0,3,1,6,0,6,1,0,7,0,3,1,6,0,6,1,0,5,0,0,0,1,0
hbagdi__go-unsplash,trivy,6,0,4,1,5,0,6,0,0,6,0,4,1,5,0,6,0,0,5,0,0,0,0,0
hbagdi__go-unsplash,cdxgen,1,0,9,1,0,0,1,0,5,1,0,9,1,0,0,1,0,5,0,0,0,0,0,0
hbagdi__go-unsplash,cyclonedx-gomod,1,0,9,1,0,0,1,0,5,1,0,9,1,0,0,1,0,5,0,0,0,0,0,0
smallnest__rpcx,syft,82,0,104,49,33,0,55,27,0,82,0,104,49,33,0,55,27,0,6,0,4,13,10,0
smallnest__rpcx,trivy,72,0,114,49,23,0,55,17,0,72,0,114,49,23,0,55,17,0,6,0,4,13,0,0
smallnest__rpcx,cdxgen,49,0,137,49,0,0,49,0,6,49,0,137,49,0,0,49,0,6,0,0,0,0,0,0
smallnest__rpcx,cyclonedx-gomod,62,0,124,49,13,0,49,13,6,62,0,124,49,13,0,49,13,6,0,0,4,9,0,0
camgraff__protoxy,syft,18,0,94,9,9,0,12,6,0,18,0,94,9,9,0,12,6,0,3,0,0,0,6,0
camgraff__protoxy,trivy,112,0,0,9,103,0,12,100,0,112,0,0,9,103,0,12,100,0,3,2,0,0,98,0
camgraff__protoxy,cdxgen,9,0,103,9,0,0,9,0,3,9,0,103,9,0,0,9,0,3,0,0,0,0,0,0
camgraff__protoxy,cyclonedx-gomod,11,0,101,9,2,0,9,2,3,11,0,101,9,2,0,9,2,3,0,2,0,0,0,0
kelindar__bitmap,syft,8,0,1,2,6,0,6,2,0,8,0,1,2,6,0,6,2,0,4,0,0,1,1,0
kelindar__bitmap,trivy,7,0,2,2,5,0,6,1,0,7,0,2,2,5,0,6,1,0,4,0,0,1,0,0
kelindar__bitmap,cdxgen,2,0,7,2,0,0,2,0,4,2,0,7,2,0,0,2,0,4,0,0,0,0,0,0
kelindar__bitmap,cyclonedx-gomod,3,0,6,2,1,0,2,1,4,3,0,6,2,1,0,2,1,4,0,0,0,1,0,0
elazarl__goproxy,syft,8,5,7,2,11,0,7,6,0,8,10,7,2,16,0,7,11,0,5,0,0,0,1,5
elazarl__goproxy,trivy,7,5,8,2,10,0,7,5,0,7,10,8,2,15,0,7,10,0,5,0,0,0,0,5
elazarl__goproxy,cdxgen,3,3,12,2,4,0,3,3,4,3,5,12,2,6,0,3,5,4,1,0,0,0,0,3
elazarl__goproxy,cyclonedx-gomod,2,0,13,2,0,0,2,0,5,2,0,13,2,0,0,2,0,5,0,0,0,0,0,0
james-bowman__sparse,syft,2,0,20,1,1,0,2,0,0,2,0,20,1,1,0,2,0,0,1,0,0,0,0,0
james-bowman__sparse,trivy,22,0,0,1,21,0,2,20,0,22,0,0,1,21,0,2,20,0,1,0,0,0,20,0
james-bowman__sparse,cdxgen,1,0,21,1,0,0,1,0,1,1,0,21,1,0,0,1,0,1,0,0,0,0,0,0
james-bowman__sparse,cyclonedx-gomod,1,0,21,1,0,0,1,0,1,1,0,21,1,0,0,1,0,1,0,0,0,0,0,0
osrg__gobgp,syft,68,0,60,45,23,0,51,17,0,68,0,60,45,23,0,51,17,0,6,1,0,2,14,0
osrg__gobgp,trivy,54,0,74,45,9,0,51,3,0,54,0,74,45,9,0,51,3,0,6,1,0,2,0,0
osrg__gobgp,cdxgen,45,0,83,45,0,0,45,0,6,45,0,83,45,0,0,45,0,6,0,0,0,0,0,0
osrg__gobgp,cyclonedx-gomod,48,0,80,45,3,0,45,3,6,48,0,80,45,3,0,45,3,6,0,1,0,2,0,0
xtaci__gaio,syft,1,0,0,1,0,0,1,0,0,1,0,0,1,0,0,1,0,0,0,0,0,0,0,0
xtaci__gaio,trivy,1,0,0,1,0,0,1,0,0,1,0,0,1,0,0,1,0,0,0,0,0,0,0,0
xtaci__gaio,cdxgen,1,0,0,1,0,0,1,0,0,1,0,0,1,0,0,1,0,0,0,0,0,0,0,0
xtaci__gaio,cyclonedx-gomod,1,0,0,1,0,0,1,0,0,1,0,0,1,0,0,1,0,0,0,0,0,0,0,0
emperror__emperror,syft,7,0,1,4,3,0,4,3,0,7,0,1,4,3,0,4,3,0,0,0,0,0,3,0
emperror__emperror,trivy,8,0,0,4,4,0,4,4,0,8,0,0,4,4,0,4,4,0,0,0,0,0,4,0
emperror__emperror,cdxgen,4,0,4,4,0,0,4,0,0,4,0,4,4,0,0,4,0,0,0,0,0,0,0,0
emperror__emperror,cyclonedx-gomod,4,0,4,4,0,0,4,0,0,4,0,4,4,0,0,4,0,0,0,0,0,0,0,0
fxamacker__cbor,syft,1,0,0,1,0,0,1,0,0,1,0,0,1,0,0,1,0,0,0,0,0,0,0,0
fxamacker__cbor,trivy,1,0,0,1,0,0,1,0,0,1,0,0,1,0,0,1,0,0,0,0,0,0,0,0
fxamacker__cbor,cdxgen,1,0,0,1,0,0,1,0,0,1,0,0,1,0,0,1,0,0,0,0,0,0,0,0
fxamacker__cbor,cyclonedx-gomod,1,0,0,1,0,0,1,0,0,1,0,0,1,0,0,1,0,0,0,0,0,0,0,0
DeRuina__timberjack,syft,2,0,0,1,1,0,2,0,0,2,0,0,1,1,0,2,0,0,1,0,0,0,0,0
DeRuina__timberjack,trivy,2,0,0,1,1,0,2,0,0,2,0,0,1,1,0,2,0,0,1,0,0,0,0,0
DeRuina__timberjack,cdxgen,1,0,1,1,0,0,1,0,1,1,0,1,1,0,0,1,0,1,0,0,0,0,0,0
DeRuina__timberjack,cyclonedx-gomod,1,0,1,1,0,0,1,0,1,1,0,1,1,0,0,1,0,1,0,0,0,0,0,0
joakimcarlsson__bonk,syft,21,0,2,12,9,0,12,9,0,21,0,2,12,9,0,12,9,0,0,0,0,0,9,0
joakimcarlsson__bonk,trivy,12,0,11,12,0,0,12,0,0,12,0,11,12,0,0,12,0,0,0,0,0,0,0,0
joakimcarlsson__bonk,cdxgen,12,0,11,12,0,0,12,0,0,12,0,11,12,0,0,12,0,0,0,0,0,0,0,0
joakimcarlsson__bonk,cyclonedx-gomod,12,0,11,12,0,0,12,0,0,12,0,11,12,0,0,12,0,0,0,0,0,0,0,0
taskctl__taskctl,syft,54,0,9,40,14,0,40,14,0,54,0,9,40,14,0,40,14,0,0,1,0,0,13,0
taskctl__taskctl,trivy,41,0,22,40,1,0,40,1,0,41,0,22,40,1,0,40,1,0,0,1,0,0,0,0
taskctl__taskctl,cdxgen,40,0,23,40,0,0,40,0,0,40,0,23,40,0,0,40,0,0,0,0,0,0,0,0
taskctl__taskctl,cyclonedx-gomod,41,0,22,40,1,0,40,1,0,41,0,22,40,1,0,40,1,0,0,1,0,0,0,0
melvinodsa__go-iam,syft,71,0,26,60,11,0,60,11,0,71,0,26,60,11,0,60,11,0,0,0,0,0,11,0
melvinodsa__go-iam,trivy,60,0,37,60,0,0,60,0,0,60,0,37,60,0,0,60,0,0,0,0,0,0,0,0
melvinodsa__go-iam,cdxgen,60,0,37,60,0,0,60,0,0,60,0,37,60,0,0,60,0,0,0,0,0,0,0,0
melvinodsa__go-iam,cyclonedx-gomod,60,0,37,60,0,0,60,0,0,60,0,37,60,0,0,60,0,0,0,0,0,0,0,0
cybergarage__go-job,syft,50,0,87,48,2,0,48,2,0,50,0,87,48,2,0,48,2,0,0,1,0,1,0,0
cybergarage__go-job,trivy,50,0,87,48,2,0,48,2,0,50,0,87,48,2,0,48,2,0,0,1,0,1,0,0
cybergarage__go-job,cdxgen,48,0,89,48,0,0,48,0,0,48,0,89,48,0,0,48,0,0,0,0,0,0,0,0
cybergarage__go-job,cyclonedx-gomod,49,0,88,48,1,0,48,1,0,49,0,88,48,1,0,48,1,0,0,1,0,0,0,0
go-external-config__aws,syft,25,0,0,21,4,0,21,4,0,25,0,0,21,4,0,21,4,0,0,0,0,0,4,0
go-external-config__aws,trivy,21,0,4,21,0,0,21,0,0,21,0,4,21,0,0,21,0,0,0,0,0,0,0,0
go-external-config__aws,cdxgen,21,0,4,21,0,0,21,0,0,21,0,4,21,0,0,21,0,0,0,0,0,0,0,0
go-external-config__aws,cyclonedx-gomod,21,0,4,21,0,0,21,0,0,21,0,4,21,0,0,21,0,0,0,0,0,0,0,0
codesenberg__bombardier,syft,27,0,7,18,9,0,18,9,0,27,0,7,18,9,0,18,9,0,0,0,0,0,9,0
codesenberg__bombardier,trivy,18,0,16,18,0,0,18,0,0,18,0,16,18,0,0,18,0,0,0,0,0,0,0,0
codesenberg__bombardier,cdxgen,18,0,16,18,0,0,18,0,0,18,0,16,18,0,0,18,0,0,0,0,0,0,0,0
codesenberg__bombardier,cyclonedx-gomod,18,0,16,18,0,0,18,0,0,18,0,16,18,0,0,18,0,0,0,0,0,0,0,0
kyuff__anchor,syft,6,0,4,1,5,0,1,5,0,6,0,4,1,5,0,1,5,0,0,0,0,3,2,0
kyuff__anchor,trivy,4,0,6,1,3,0,1,3,0,4,0,6,1,3,0,1,3,0,0,0,0,3,0,0
kyuff__anchor,cdxgen,1,0,9,1,0,0,1,0,0,1,0,9,1,0,0,1,0,0,0,0,0,0,0,0
kyuff__anchor,cyclonedx-gomod,4,0,6,1,3,0,1,3,0,4,0,6,1,3,0,1,3,0,0,0,0,3,0,0
neilotoole__jsoncolor,syft,13,0,1,5,8,0,12,1,0,13,0,1,5,8,0,12,1,0,7,0,0,0,1,0
neilotoole__jsoncolor,trivy,12,0,2,5,7,0,12,0,0,12,0,2,5,7,0,12,0,0,7,0,0,0,0,0
neilotoole__jsoncolor,cdxgen,5,0,9,5,0,0,5,0,7,5,0,9,5,0,0,5,0,7,0,0,0,0,0,0
neilotoole__jsoncolor,cyclonedx-gomod,5,0,9,5,0,0,5,0,7,5,0,9,5,0,0,5,0,7,0,0,0,0,0,0
reaganiwadha__grapher,syft,18,0,8,1,17,0,12,6,0,18,0,8,1,17,0,12,6,0,11,0,0,1,5,0
reaganiwadha__grapher,trivy,13,0,13,1,12,0,12,1,0,13,0,13,1,12,0,12,1,0,11,0,0,1,0,0
reaganiwadha__grapher,cdxgen,1,0,25,1,0,0,1,0,11,1,0,25,1,0,0,1,0,11,0,0,0,0,0,0
reaganiwadha__grapher,cyclonedx-gomod,1,0,25,1,0,0,1,0,11,1,0,25,1,0,0,1,0,11,0,0,0,0,0,0
amacneil__dbmate,syft,99,0,256,69,30,0,70,29,0,99,0,256,69,30,0,70,29,0,1,0,0,3,26,0
amacneil__dbmate,trivy,73,0,282,69,4,0,70,3,0,73,0,282,69,4,0,70,3,0,1,0,0,3,0,0
amacneil__dbmate,cdxgen,69,0,286,69,0,0,69,0,1,69,0,286,69,0,0,69,0,1,0,0,0,0,0,0
amacneil__dbmate,cyclonedx-gomod,72,0,283,69,3,0,69,3,1,72,0,283,69,3,0,69,3,1,0,0,0,3,0,0
avito-tech__normalize,syft,3,0,0,1,2,0,1,2,0,3,0,0,1,2,0,1,2,0,0,0,0,0,2,0
avito-tech__normalize,trivy,3,0,0,1,2,0,1,2,0,3,0,0,1,2,0,1,2,0,0,0,0,0,2,0
avito-tech__normalize,cdxgen,1,0,2,1,0,0,1,0,0,1,0,2,1,0,0,1,0,0,0,0,0,0,0,0
avito-tech__normalize,cyclonedx-gomod,1,0,2,1,0,0,1,0,0,1,0,2,1,0,0,1,0,0,0,0,0,0,0,0
Qntfy__kazaam,syft,2,0,0,2,0,0,2,0,0,2,0,0,2,0,0,2,0,0,0,0,0,0,0,0
Qntfy__kazaam,trivy,2,0,0,2,0,0,2,0,0,2,0,0,2,0,0,2,0,0,0,0,0,0,0,0
Qntfy__kazaam,cdxgen,2,0,0,2,0,0,2,0,0,2,0,0,2,0,0,2,0,0,0,0,0,0,0,0
Qntfy__kazaam,cyclonedx-gomod,2,0,0,2,0,0,2,0,0,2,0,0,2,0,0,2,0,0,0,0,0,0,0,0
yaronsumel__grapes,syft,6,0,9,3,3,0,3,3,0,6,0,9,3,3,0,3,3,0,0,0,0,0,3,0
yaronsumel__grapes,trivy,15,0,0,3,12,0,3,12,0,15,0,0,3,12,0,3,12,0,0,0,0,0,12,0
yaronsumel__grapes,cdxgen,3,0,12,3,0,0,3,0,0,3,0,12,3,0,0,3,0,0,0,0,0,0,0,0
yaronsumel__grapes,cyclonedx-gomod,4,0,11,3,1,0,3,1,0,4,0,11,3,1,0,3,1,0,0,0,0,0,1,0
schollz__peerdiscovery,syft,8,5,10,2,11,0,6,7,0,7,9,11,2,14,0,6,10,0,4,0,0,0,2,5
schollz__peerdiscovery,trivy,18,7,0,2,23,0,6,19,0,18,14,0,2,30,0,6,26,0,4,0,0,0,12,7
schollz__peerdiscovery,cdxgen,3,3,15,2,4,0,2,4,4,2,6,16,2,6,0,2,6,4,0,0,0,0,1,3
schollz__peerdiscovery,cyclonedx-gomod,2,0,16,2,0,0,2,0,4,2,0,16,2,0,0,2,0,4,0,0,0,0,0,0
Voxray-AI__Voxray,syft,192,1,171,149,44,0,149,44,0,192,1,171,149,44,0,149,44,0,0,2,0,1,40,1
Voxray-AI__Voxray,trivy,152,0,211,149,3,0,149,3,0,152,0,211,149,3,0,149,3,0,0,2,0,1,0,0
Voxray-AI__Voxray,cdxgen,149,0,214,149,0,0,149,0,0,149,0,214,149,0,0,149,0,0,0,0,0,0,0,0
Voxray-AI__Voxray,cyclonedx-gomod,152,0,211,149,3,0,149,3,0,152,0,211,149,3,0,149,3,0,0,2,0,1,0,0
authzed__spicedb,syft,297,211,172,228,280,0,230,278,0,286,256,183,228,314,0,230,312,0,2,5,1,14,38,220
authzed__spicedb,trivy,275,191,194,228,238,0,230,236,0,264,233,205,228,269,0,230,267,0,2,5,1,14,18,198
authzed__spicedb,cdxgen,NA
authzed__spicedb,cyclonedx-gomod,241,0,228,228,13,0,228,13,2,241,0,228,228,13,0,228,13,2,0,5,0,8,0,0
jackc__pgx,syft,13,0,6,5,8,0,9,4,0,13,0,6,5,8,0,9,4,0,4,0,0,2,2,0
jackc__pgx,trivy,11,0,8,5,6,0,9,2,0,11,0,8,5,6,0,9,2,0,4,0,0,2,0,0
jackc__pgx,cdxgen,5,0,14,5,0,0,5,0,4,5,0,14,5,0,0,5,0,4,0,0,0,0,0,0
jackc__pgx,cyclonedx-gomod,4,0,15,4,0,1,4,0,5,4,0,15,4,0,1,4,0,5,0,0,0,0,0,0
jonbaldie__go-mutesting,syft,26,0,8,21,5,0,21,5,0,26,0,8,21,5,0,21,5,0,0,0,0,2,3,0
jonbaldie__go-mutesting,trivy,23,0,11,21,2,0,21,2,0,23,0,11,21,2,0,21,2,0,0,0,0,2,0,0
jonbaldie__go-mutesting,cdxgen,21,0,13,21,0,0,21,0,0,21,0,13,21,0,0,21,0,0,0,0,0,0,0,0
jonbaldie__go-mutesting,cyclonedx-gomod,21,0,13,21,0,0,21,0,0,21,0,13,21,0,0,21,0,0,0,0,0,0,0,0
unix4fun__naclpipe,syft,2,0,0,2,0,0,2,0,0,2,0,0,2,0,0,2,0,0,0,0,0,0,0,0
unix4fun__naclpipe,trivy,2,0,0,2,0,0,2,0,0,2,0,0,2,0,0,2,0,0,0,0,0,0,0,0
unix4fun__naclpipe,cdxgen,2,0,0,2,0,0,2,0,0,2,0,0,2,0,0,2,0,0,0,0,0,0,0,0
unix4fun__naclpipe,cyclonedx-gomod,2,0,0,2,0,0,2,0,0,2,0,0,2,0,0,2,0,0,0,0,0,0,0,0
bozd4g__go-http-client,syft,7,0,0,1,6,0,5,2,0,7,0,0,1,6,0,5,2,0,4,0,0,1,1,0
bozd4g__go-http-client,trivy,6,0,1,1,5,0,5,1,0,6,0,1,1,5,0,5,1,0,4,0,0,1,0,0
bozd4g__go-http-client,cdxgen,1,0,6,1,0,0,1,0,4,1,0,6,1,0,0,1,0,4,0,0,0,0,0,0
bozd4g__go-http-client,cyclonedx-gomod,1,0,6,1,0,0,1,0,4,1,0,6,1,0,0,1,0,4,0,0,0,0,0,0
dnnrly__abbreviate,syft,19,0,153,2,17,0,14,5,0,19,0,153,2,17,0,14,5,0,12,1,0,0,4,0
dnnrly__abbreviate,trivy,15,0,157,2,13,0,14,1,0,15,0,157,2,13,0,14,1,0,12,1,0,0,0,0
dnnrly__abbreviate,cdxgen,2,0,170,2,0,0,2,0,12,2,0,170,2,0,0,2,0,12,0,0,0,0,0,0
dnnrly__abbreviate,cyclonedx-gomod,3,0,169,2,1,0,2,1,12,3,0,169,2,1,0,2,1,12,0,1,0,0,0,0
gliderlabs__ssh,syft,4,0,2,2,2,0,2,2,0,4,0,2,2,2,0,2,2,0,0,0,0,1,1,0
gliderlabs__ssh,trivy,3,0,3,2,1,0,2,1,0,3,0,3,2,1,0,2,1,0,0,0,0,1,0,0
gliderlabs__ssh,cdxgen,2,0,4,2,0,0,2,0,0,2,0,4,2,0,0,2,0,0,0,0,0,0,0,0
gliderlabs__ssh,cyclonedx-gomod,3,0,3,2,1,0,2,1,0,3,0,3,2,1,0,2,1,0,0,0,0,1,0,0
peterstace__simplefeatures,syft,2,0,1,2,0,0,2,0,0,2,0,1,2,0,0,2,0,0,0,0,0,0,0,0
peterstace__simplefeatures,trivy,2,0,1,2,0,0,2,0,0,2,0,1,2,0,0,2,0,0,0,0,0,0,0,0
peterstace__simplefeatures,cdxgen,2,0,1,2,0,0,2,0,0,2,0,1,2,0,0,2,0,0,0,0,0,0,0,0
peterstace__simplefeatures,cyclonedx-gomod,2,0,1,2,0,0,2,0,0,2,0,1,2,0,0,2,0,0,0,0,0,0,0,0
aclindsa__ofxgo,syft,4,0,7,4,0,0,4,0,0,4,0,7,4,0,0,4,0,0,0,0,0,0,0,0
aclindsa__ofxgo,trivy,11,0,0,4,7,0,4,7,0,11,0,0,4,7,0,4,7,0,0,0,0,0,7,0
aclindsa__ofxgo,cdxgen,4,0,7,4,0,0,4,0,0,4,0,7,4,0,0,4,0,0,0,0,0,0,0,0
aclindsa__ofxgo,cyclonedx-gomod,4,0,7,4,0,0,4,0,0,4,0,7,4,0,0,4,0,0,0,0,0,0,0,0
oras-project__oras,syft,36,20,5,22,34,0,22,34,0,34,24,7,22,36,0,22,36,0,0,1,0,0,11,22
oras-project__oras,trivy,28,8,13,22,14,0,22,14,0,25,11,16,22,14,0,22,14,0,0,1,0,0,3,10
oras-project__oras,cdxgen,28,7,13,22,13,0,22,13,0,25,10,16,22,13,0,22,13,0,0,1,0,0,3,9
oras-project__oras,cyclonedx-gomod,23,0,18,22,1,0,22,1,0,23,0,18,22,1,0,22,1,0,0,1,0,0,0,0
knq__chromedp,syft,9,0,0,6,3,0,8,1,0,9,0,0,6,3,0,8,1,0,2,0,0,1,0,0
knq__chromedp,trivy,9,0,0,6,3,0,8,1,0,9,0,0,6,3,0,8,1,0,2,0,0,1,0,0
knq__chromedp,cdxgen,6,0,3,6,0,0,6,0,2,6,0,3,6,0,0,6,0,2,0,0,0,0,0,0
knq__chromedp,cyclonedx-gomod,7,0,2,6,1,0,6,1,2,7,0,2,6,1,0,6,1,2,0,0,0,1,0,0
rekurt__ymsdk,syft,7,0,1,2,5,0,2,5,0,7,0,1,2,5,0,2,5,0,0,0,0,0,5,0
rekurt__ymsdk,trivy,2,0,6,2,0,0,2,0,0,2,0,6,2,0,0,2,0,0,0,0,0,0,0,0
rekurt__ymsdk,cdxgen,2,0,6,2,0,0,2,0,0,2,0,6,2,0,0,2,0,0,0,0,0,0,0,0
rekurt__ymsdk,cyclonedx-gomod,2,0,6,2,0,0,2,0,0,2,0,6,2,0,0,2,0,0,0,0,0,0,0,0
nikolaydubina__fpmoney,syft,1,0,0,1,0,0,1,0,0,1,0,0,1,0,0,1,0,0,0,0,0,0,0,0
nikolaydubina__fpmoney,trivy,1,0,0,1,0,0,1,0,0,1,0,0,1,0,0,1,0,0,0,0,0,0,0,0
nikolaydubina__fpmoney,cdxgen,1,0,0,1,0,0,1,0,0,1,0,0,1,0,0,1,0,0,0,0,0,0,0,0
nikolaydubina__fpmoney,cyclonedx-gomod,1,0,0,1,0,0,1,0,0,1,0,0,1,0,0,1,0,0,0,0,0,0,0,0
youthlin__t,syft,14,13,20,4,23,0,7,20,0,13,14,21,4,23,0,7,20,0,3,1,0,2,3,14
youthlin__t,trivy,11,10,23,4,17,0,7,14,0,10,11,24,4,17,0,7,14,0,3,1,0,2,0,11
youthlin__t,cdxgen,5,9,29,4,10,0,4,10,3,5,9,29,4,10,0,4,10,3,0,1,0,0,0,9
youthlin__t,cyclonedx-gomod,5,0,29,4,1,0,4,1,3,5,0,29,4,1,0,4,1,3,0,1,0,0,0,0
linvon__cuckoo-filter,syft,1,0,0,1,0,0,1,0,0,1,0,0,1,0,0,1,0,0,0,0,0,0,0,0
linvon__cuckoo-filter,trivy,1,0,0,1,0,0,1,0,0,1,0,0,1,0,0,1,0,0,0,0,0,0,0,0
linvon__cuckoo-filter,cdxgen,1,0,0,1,0,0,1,0,0,1,0,0,1,0,0,1,0,0,0,0,0,0,0,0
linvon__cuckoo-filter,cyclonedx-gomod,1,0,0,1,0,0,1,0,0,1,0,0,1,0,0,1,0,0,0,0,0,0,0,0
wangyoucao577__go-project-layout,syft,2,0,0,2,0,0,2,0,0,2,0,0,2,0,0,2,0,0,0,0,0,0,0,0
wangyoucao577__go-project-layout,trivy,2,0,0,2,0,0,2,0,0,2,0,0,2,0,0,2,0,0,0,0,0,0,0,0
wangyoucao577__go-project-layout,cdxgen,2,0,0,2,0,0,2,0,0,2,0,0,2,0,0,2,0,0,0,0,0,0,0,0
wangyoucao577__go-project-layout,cyclonedx-gomod,2,0,0,2,0,0,2,0,0,2,0,0,2,0,0,2,0,0,0,0,0,0,0,0
sdrapkin__guid,syft,1,0,0,1,0,0,1,0,0,1,0,0,1,0,0,1,0,0,0,0,0,0,0,0
sdrapkin__guid,trivy,1,0,0,1,0,0,1,0,0,1,0,0,1,0,0,1,0,0,0,0,0,0,0,0
sdrapkin__guid,cdxgen,1,0,0,1,0,0,1,0,0,1,0,0,1,0,0,1,0,0,0,0,0,0,0,0
sdrapkin__guid,cyclonedx-gomod,1,0,0,1,0,0,1,0,0,1,0,0,1,0,0,1,0,0,0,0,0,0,0,0
c9s__bbgo,syft,160,0,219,129,31,0,130,30,0,160,0,219,129,31,0,130,30,0,1,1,0,14,15,0
c9s__bbgo,trivy,145,0,234,129,16,0,130,15,0,145,0,234,129,16,0,130,15,0,1,1,0,14,0,0
c9s__bbgo,cdxgen,129,0,250,129,0,0,129,0,1,129,0,250,129,0,0,129,0,1,0,0,0,0,0,0
c9s__bbgo,cyclonedx-gomod,142,0,237,128,14,1,128,14,2,142,0,237,128,14,1,128,14,2,0,1,0,13,0,0
bits-and-blooms__bloom,syft,2,0,0,1,1,0,2,0,0,2,0,0,1,1,0,2,0,0,1,0,0,0,0,0
bits-and-blooms__bloom,trivy,2,0,0,1,1,0,2,0,0,2,0,0,1,1,0,2,0,0,1,0,0,0,0,0
bits-and-blooms__bloom,cdxgen,1,0,1,1,0,0,1,0,1,1,0,1,1,0,0,1,0,1,0,0,0,0,0,0
bits-and-blooms__bloom,cyclonedx-gomod,1,0,1,1,0,0,1,0,1,1,0,1,1,0,0,1,0,1,0,0,0,0,0,0
lxzan__gws,syft,6,0,1,1,5,0,5,1,0,6,0,1,1,5,0,5,1,0,4,0,0,0,1,0
lxzan__gws,trivy,5,0,2,1,4,0,5,0,0,5,0,2,1,4,0,5,0,0,4,0,0,0,0,0
lxzan__gws,cdxgen,1,0,6,1,0,0,1,0,4,1,0,6,1,0,0,1,0,4,0,0,0,0,0,0
lxzan__gws,cyclonedx-gomod,1,0,6,1,0,0,1,0,4,1,0,6,1,0,0,1,0,4,0,0,0,0,0,0
pancsta__asyncmachine-go,syft,339,20,212,232,127,0,270,89,0,337,31,214,232,136,0,270,98,0,38,5,2,16,39,27
pancsta__asyncmachine-go,trivy,302,18,249,232,88,0,270,50,0,299,26,252,232,93,0,270,55,0,38,5,2,16,2,25
pancsta__asyncmachine-go,cdxgen,241,14,310,232,23,0,232,23,38,239,21,312,232,28,0,232,28,38,0,0,0,2,0,21
pancsta__asyncmachine-go,cyclonedx-gomod,251,0,300,232,19,0,232,19,38,251,0,300,232,19,0,232,19,38,0,5,2,12,0,0
qustavo__sqlhooks,syft,10,0,10,2,8,0,8,2,0,10,0,10,2,8,0,8,2,0,6,0,0,1,1,0
qustavo__sqlhooks,trivy,20,0,0,2,18,0,8,12,0,20,0,0,2,18,0,8,12,0,6,0,0,1,11,0
qustavo__sqlhooks,cdxgen,2,0,18,2,0,0,2,0,6,2,0,18,2,0,0,2,0,6,0,0,0,0,0,0
qustavo__sqlhooks,cyclonedx-gomod,2,0,18,2,0,0,2,0,6,2,0,18,2,0,0,2,0,6,0,0,0,0,0,0
ikeikeikeike__go-sitemap-generator,syft,3,0,0,2,1,0,3,0,0,3,0,0,2,1,0,3,0,0,1,0,0,0,0,0
ikeikeikeike__go-sitemap-generator,trivy,3,0,0,2,1,0,3,0,0,3,0,0,2,1,0,3,0,0,1,0,0,0,0,0
ikeikeikeike__go-sitemap-generator,cdxgen,2,0,1,2,0,0,2,0,1,2,0,1,2,0,0,2,0,1,0,0,0,0,0,0
ikeikeikeike__go-sitemap-generator,cyclonedx-gomod,2,0,1,2,0,0,2,0,1,2,0,1,2,0,0,2,0,1,0,0,0,0,0,0
mszostok__version,syft,39,28,16,29,38,0,32,35,0,38,40,17,29,49,0,32,46,0,3,1,0,2,4,28
mszostok__version,trivy,39,28,16,29,38,0,32,35,0,36,40,19,29,47,0,32,44,0,3,1,0,2,4,28
mszostok__version,cdxgen,35,25,20,29,31,0,32,28,0,33,35,22,29,39,0,31,37,1,3,0,0,1,2,25
mszostok__version,cyclonedx-gomod,30,0,25,29,1,0,29,1,3,30,0,25,29,1,0,29,1,3,0,1,0,0,0,0
swithek__sessionup,syft,3,0,0,3,0,0,3,0,0,3,0,0,3,0,0,3,0,0,0,0,0,0,0,0
swithek__sessionup,trivy,3,0,0,3,0,0,3,0,0,3,0,0,3,0,0,3,0,0,0,0,0,0,0,0
swithek__sessionup,cdxgen,3,0,0,3,0,0,3,0,0,3,0,0,3,0,0,3,0,0,0,0,0,0,0,0
swithek__sessionup,cyclonedx-gomod,3,0,0,3,0,0,3,0,0,3,0,0,3,0,0,3,0,0,0,0,0,0,0,0
asciimoo__wuzz,syft,39,0,0,24,15,0,24,15,0,39,0,0,24,15,0,24,15,0,0,0,0,15,0,0
asciimoo__wuzz,trivy,39,0,0,24,15,0,24,15,0,39,0,0,24,15,0,24,15,0,0,0,0,15,0,0
asciimoo__wuzz,cdxgen,24,0,15,24,0,0,24,0,0,24,0,15,24,0,0,24,0,0,0,0,0,0,0,0
asciimoo__wuzz,cyclonedx-gomod,24,0,15,24,0,0,24,0,0,24,0,15,24,0,0,24,0,0,0,0,0,0,0,0
joerdav__xc,syft,37,1,11,25,13,0,25,13,0,37,1,11,25,13,0,25,13,0,0,1,0,0,10,2
joerdav__xc,trivy,26,1,22,25,2,0,25,2,0,26,1,22,25,2,0,25,2,0,0,1,0,0,0,1
joerdav__xc,cdxgen,25,0,23,25,0,0,25,0,0,25,0,23,25,0,0,25,0,0,0,0,0,0,0,0
joerdav__xc,cyclonedx-gomod,26,0,22,25,1,0,25,1,0,26,0,22,25,1,0,25,1,0,0,1,0,0,0,0
amjadjibon__memsh,syft,94,1,21,55,40,1,55,40,1,94,1,21,55,40,1,55,40,1,0,4,0,0,36,0
amjadjibon__memsh,trivy,59,1,56,55,5,1,55,5,1,59,1,56,55,5,1,55,5,1,0,4,0,0,1,0
amjadjibon__memsh,cdxgen,56,0,59,56,0,0,56,0,0,56,0,59,56,0,0,56,0,0,0,0,0,0,0,0
amjadjibon__memsh,cyclonedx-gomod,59,1,56,55,5,1,55,5,1,59,1,56,55,5,1,55,5,1,0,4,0,0,1,0
isacikgoz__gitbatch,syft,63,0,90,45,18,0,45,18,0,63,0,90,45,18,0,45,18,0,0,1,0,5,12,0
isacikgoz__gitbatch,trivy,51,0,102,45,6,0,45,6,0,51,0,102,45,6,0,45,6,0,0,1,0,5,0,0
isacikgoz__gitbatch,cdxgen,45,0,108,45,0,0,45,0,0,45,0,108,45,0,0,45,0,0,0,0,0,0,0,0
isacikgoz__gitbatch,cyclonedx-gomod,51,0,102,45,6,0,45,6,0,51,0,102,45,6,0,45,6,0,0,1,0,5,0,0
bobg__combo,syft,7,0,2,5,2,0,5,2,0,7,0,2,5,2,0,5,2,0,0,0,0,0,2,0
bobg__combo,trivy,5,0,4,5,0,0,5,0,0,5,0,4,5,0,0,5,0,0,0,0,0,0,0,0
bobg__combo,cdxgen,5,0,4,5,0,0,5,0,0,5,0,4,5,0,0,5,0,0,0,0,0,0,0,0
bobg__combo,cyclonedx-gomod,5,0,4,5,0,0,5,0,0,5,0,4,5,0,0,5,0,0,0,0,0,0,0,0
dikhan__terraform-provider-openapi,syft,117,2,104,65,54,0,74,45,0,112,18,109,65,65,0,74,56,0,9,0,0,3,40,2
dikhan__terraform-provider-openapi,trivy,186,77,35,65,198,0,74,189,0,171,137,50,65,243,0,74,234,0,9,0,0,3,109,77
dikhan__terraform-provider-openapi,cdxgen,79,0,142,65,14,0,68,11,6,76,5,145,65,16,0,68,13,6,3,0,0,0,11,0
dikhan__terraform-provider-openapi,cyclonedx-gomod,66,0,155,65,1,0,65,1,9,66,0,155,65,1,0,65,1,9,0,0,0,1,0,0
getlantern__systray,syft,16,0,1,9,7,0,9,7,0,16,0,1,9,7,0,9,7,0,0,4,0,0,3,0
getlantern__systray,trivy,17,0,0,9,8,0,9,8,0,17,0,0,9,8,0,9,8,0,0,4,0,0,4,0
getlantern__systray,cdxgen,9,0,8,9,0,0,9,0,0,9,0,8,9,0,0,9,0,0,0,0,0,0,0,0
getlantern__systray,cyclonedx-gomod,13,0,4,9,4,0,9,4,0,13,0,4,9,4,0,9,4,0,0,4,0,0,0,0
muesli__smartcrop,syft,2,0,10,2,0,0,2,0,0,2,0,10,2,0,0,2,0,0,0,0,0,0,0,0
muesli__smartcrop,trivy,12,0,0,2,10,0,2,10,0,12,0,0,2,10,0,2,10,0,0,0,0,0,10,0
muesli__smartcrop,cdxgen,2,0,10,2,0,0,2,0,0,2,0,10,2,0,0,2,0,0,0,0,0,0,0,0
muesli__smartcrop,cyclonedx-gomod,2,0,10,2,0,0,2,0,0,2,0,10,2,0,0,2,0,0,0,0,0,0,0,0
vimeda__pletter,syft,3,0,1,2,1,0,2,1,0,3,0,1,2,1,0,2,1,0,0,0,0,0,1,0
vimeda__pletter,trivy,4,0,0,2,2,0,2,2,0,4,0,0,2,2,0,2,2,0,0,0,0,0,2,0
vimeda__pletter,cdxgen,2,0,2,2,0,0,2,0,0,2,0,2,2,0,0,2,0,0,0,0,0,0,0,0
vimeda__pletter,cyclonedx-gomod,2,0,2,2,0,0,2,0,0,2,0,2,2,0,0,2,0,0,0,0,0,0,0,0
go-external-config__go,syft,8,0,1,4,4,0,7,1,0,8,0,1,4,4,0,7,1,0,3,0,0,0,1,0
go-external-config__go,trivy,7,0,2,4,3,0,7,0,0,7,0,2,4,3,0,7,0,0,3,0,0,0,0,0
go-external-config__go,cdxgen,4,0,5,4,0,0,4,0,3,4,0,5,4,0,0,4,0,3,0,0,0,0,0,0
go-external-config__go,cyclonedx-gomod,4,0,5,4,0,0,4,0,3,4,0,5,4,0,0,4,0,3,0,0,0,0,0,0
muir__nject,syft,7,0,1,2,5,0,6,1,0,7,0,1,2,5,0,6,1,0,4,0,0,0,1,0
muir__nject,trivy,6,0,2,2,4,0,6,0,0,6,0,2,2,4,0,6,0,0,4,0,0,0,0,0
muir__nject,cdxgen,2,0,6,2,0,0,2,0,4,2,0,6,2,0,0,2,0,4,0,0,0,0,0,0
muir__nject,cyclonedx-gomod,2,0,6,2,0,0,2,0,4,2,0,6,2,0,0,2,0,4,0,0,0,0,0,0
nyaosorg__go-readline-ny,syft,10,0,2,9,1,0,9,1,0,10,0,2,9,1,0,9,1,0,0,0,1,0,0,0
nyaosorg__go-readline-ny,trivy,10,0,2,9,1,0,9,1,0,10,0,2,9,1,0,9,1,0,0,0,1,0,0,0
nyaosorg__go-readline-ny,cdxgen,9,0,3,9,0,0,9,0,0,9,0,3,9,0,0,9,0,0,0,0,0,0,0,0
nyaosorg__go-readline-ny,cyclonedx-gomod,10,0,2,9,1,0,9,1,0,10,0,2,9,1,0,9,1,0,0,0,1,0,0,0
gobuffalo__validate,syft,7,0,1,2,5,0,6,1,0,7,0,1,2,5,0,6,1,0,4,0,0,0,1,0
gobuffalo__validate,trivy,8,0,0,2,6,0,6,2,0,8,0,0,2,6,0,6,2,0,4,0,0,0,2,0
gobuffalo__validate,cdxgen,2,0,6,2,0,0,2,0,4,2,0,6,2,0,0,2,0,4,0,0,0,0,0,0
gobuffalo__validate,cyclonedx-gomod,2,0,6,2,0,0,2,0,4,2,0,6,2,0,0,2,0,4,0,0,0,0,0,0
Hossiy21__razify,syft,8,0,4,6,2,0,6,2,0,8,0,4,6,2,0,6,2,0,0,1,1,0,0,0
Hossiy21__razify,trivy,8,0,4,6,2,0,6,2,0,8,0,4,6,2,0,6,2,0,0,1,1,0,0,0
Hossiy21__razify,cdxgen,6,0,6,6,0,0,6,0,0,6,0,6,6,0,0,6,0,0,0,0,0,0,0,0
Hossiy21__razify,cyclonedx-gomod,7,0,5,6,1,0,6,1,0,7,0,5,6,1,0,6,1,0,0,1,0,0,0,0
dghubble__sling,syft,3,3,0,1,5,0,1,5,0,3,6,0,1,8,0,1,8,0,0,0,0,0,0,5
dghubble__sling,trivy,3,3,0,1,5,0,1,5,0,3,5,0,1,7,0,1,7,0,0,0,0,0,0,5
dghubble__sling,cdxgen,2,2,1,1,3,0,1,3,0,1,4,2,1,4,0,1,4,0,0,0,0,0,0,3
dghubble__sling,cyclonedx-gomod,1,0,2,1,0,0,1,0,0,1,0,2,1,0,0,1,0,0,0,0,0,0,0,0
valyala__fasthttp,syft,8,0,4,7,1,0,7,1,0,8,0,4,7,1,0,7,1,0,0,0,0,0,1,0
valyala__fasthttp,trivy,7,0,5,7,0,0,7,0,0,7,0,5,7,0,0,7,0,0,0,0,0,0,0,0
valyala__fasthttp,cdxgen,7,0,5,7,0,0,7,0,0,7,0,5,7,0,0,7,0,0,0,0,0,0,0,0
valyala__fasthttp,cyclonedx-gomod,7,0,5,7,0,0,7,0,0,7,0,5,7,0,0,7,0,0,0,0,0,0,0,0
google__gopacket,syft,4,0,2,2,2,0,4,0,0,4,0,2,2,2,0,4,0,0,2,0,0,0,0,0
google__gopacket,trivy,6,0,0,2,4,0,4,2,0,6,0,0,2,4,0,4,2,0,2,0,0,0,2,0
google__gopacket,cdxgen,2,0,4,2,0,0,2,0,2,2,0,4,2,0,0,2,0,2,0,0,0,0,0,0
google__gopacket,cyclonedx-gomod,2,0,4,2,0,0,2,0,2,2,0,4,2,0,0,2,0,2,0,0,0,0,0,0
koofr__graval,syft,20,0,5,5,15,0,16,4,0,20,0,5,5,15,0,16,4,0,11,0,0,0,4,0
koofr__graval,trivy,25,0,0,5,20,0,16,9,0,25,0,0,5,20,0,16,9,0,11,0,0,0,9,0
koofr__graval,cdxgen,5,0,20,5,0,0,5,0,11,5,0,20,5,0,0,5,0,11,0,0,0,0,0,0
koofr__graval,cyclonedx-gomod,5,0,20,5,0,0,5,0,11,5,0,20,5,0,0,5,0,11,0,0,0,0,0,0
mmalcek__bafi,syft,17,0,14,10,7,0,10,7,0,17,0,14,10,7,0,10,7,0,0,0,0,0,7,0
mmalcek__bafi,trivy,17,0,14,10,7,0,10,7,0,17,0,14,10,7,0,10,7,0,0,0,0,0,7,0
mmalcek__bafi,cdxgen,10,0,21,10,0,0,10,0,0,10,0,21,10,0,0,10,0,0,0,0,0,0,0,0
mmalcek__bafi,cyclonedx-gomod,10,0,21,10,0,0,10,0,0,10,0,21,10,0,0,10,0,0,0,0,0,0,0,0
zRedShift__mimemagic,syft,NA
zRedShift__mimemagic,trivy,NA
zRedShift__mimemagic,cdxgen,NA
zRedShift__mimemagic,cyclonedx-gomod,NA
GoTestTools__gotestfmt,TIMEOUT_OR_EMPTY
GoogleCloudPlatform__gcloud-golang,TIMEOUT_OR_EMPTY
GuiaBolso__darwin,TIMEOUT_OR_EMPTY
GuilhermeCaruso__bellt,TIMEOUT_OR_EMPTY
GuilhermeCaruso__kair,TIMEOUT_OR_EMPTY
Henry-Sarabia__blank,TIMEOUT_OR_EMPTY
HereMobilityDevelopers__mediary,TIMEOUT_OR_EMPTY
HnH__di,TIMEOUT_OR_EMPTY
HnH__qry,TIMEOUT_OR_EMPTY
HouzuoGuo__tiedot,TIMEOUT_OR_EMPTY
IGLOU-EU__go-wildcard,TIMEOUT_OR_EMPTY
Jeffail__gabs,TIMEOUT_OR_EMPTY
Jeffail__tunny,TIMEOUT_OR_EMPTY
JeremyLoy__config,TIMEOUT_OR_EMPTY
JoelOtter__termloop,TIMEOUT_OR_EMPTY
Kachit__dusupay-sdk-go,TIMEOUT_OR_EMPTY
Kachit__fasapay-sdk-go,TIMEOUT_OR_EMPTY
Kairum-Labs__should,TIMEOUT_OR_EMPTY
Konstantin8105__f4go,TIMEOUT_OR_EMPTY
Kwynto__gosession,TIMEOUT_OR_EMPTY
LawrenceWoodman__roveralls,TIMEOUT_OR_EMPTY
MariaLetta__free-gophers-pack,TIMEOUT_OR_EMPTY
MauriceGit__skiplist,TIMEOUT_OR_EMPTY
Medium__medium-sdk-go,TIMEOUT_OR_EMPTY
MonaxGT__gosddl,TIMEOUT_OR_EMPTY
NVIDIA__gontainer,TIMEOUT_OR_EMPTY
NicoNex__jet,TIMEOUT_OR_EMPTY
Noooste__azuretls-client,TIMEOUT_OR_EMPTY
OGFris__GoStats,TIMEOUT_OR_EMPTY
OctoLinker__browser-extension,TIMEOUT_OR_EMPTY
Omibranch__gitty,TIMEOUT_OR_EMPTY
One-com__gone,TIMEOUT_OR_EMPTY
OrlovEvgeny__go-mcache,TIMEOUT_OR_EMPTY
OwnLocal__goes,TIMEOUT_OR_EMPTY
Parquery__gocontracts,TIMEOUT_OR_EMPTY
PaulRosset__go-hacknews,TIMEOUT_OR_EMPTY
PhakornKiong__go-pattern-match,TIMEOUT_OR_EMPTY
PuerkitoBio__gocostmodel,TIMEOUT_OR_EMPTY
PumpkinSeed__errors,TIMEOUT_OR_EMPTY
PumpkinSeed__structs,TIMEOUT_OR_EMPTY
RezaSi__go-interview-practice,TIMEOUT_OR_EMPTY
SaidinWoT__timespan,TIMEOUT_OR_EMPTY
SchwarzIT__hypermatch,TIMEOUT_OR_EMPTY
SebastiaanKlippert__go-wkhtmltopdf,TIMEOUT_OR_EMPTY
SharkByteSoftware__go-snk,TIMEOUT_OR_EMPTY
Shopify__go-lua,TIMEOUT_OR_EMPTY
SimonBaeumer__cmd,TIMEOUT_OR_EMPTY
SimonWaldherr__golang-benchmarks,TIMEOUT_OR_EMPTY
SonicRoshan__falcon,TIMEOUT_OR_EMPTY
StabbyCutyou__moldova,TIMEOUT_OR_EMPTY
StudioSol__set,TIMEOUT_OR_EMPTY
Talento90__go-health,TIMEOUT_OR_EMPTY
TeaEntityLab__fpGo,TIMEOUT_OR_EMPTY
Terry-Mao__gopush-cluster,TIMEOUT_OR_EMPTY
TheColonyCC__colony-sdk-go,TIMEOUT_OR_EMPTY
ThePaw__go-gt,TIMEOUT_OR_EMPTY
TheTannerRyan__ring,TIMEOUT_OR_EMPTY
VividCortex__godaemon,TIMEOUT_OR_EMPTY
VividCortex__multitick,TIMEOUT_OR_EMPTY
VividCortex__siesta,TIMEOUT_OR_EMPTY
Wing924__ltsv,TIMEOUT_OR_EMPTY
Wing924__shellwords,TIMEOUT_OR_EMPTY
Wissance__stringFormatter,TIMEOUT_OR_EMPTY
Xamber__Varis,TIMEOUT_OR_EMPTY
a8m__go-lang-cheat-sheet,TIMEOUT_OR_EMPTY
aalpar__deheap,TIMEOUT_OR_EMPTY
aarzilli__golua,TIMEOUT_OR_EMPTY
abadojack__whatlanggo,CLONE_FAIL
abecodes__dft,TIMEOUT_OR_EMPTY
abrahambotros__lore,TIMEOUT_OR_EMPTY
abusomani__go-palette,TIMEOUT_OR_EMPTY
abusomani__jsonhandlers,TIMEOUT_OR_EMPTY
adam-hanna__jwt-auth,TIMEOUT_OR_EMPTY
adlio__schema,TIMEOUT_OR_EMPTY
adrg__libvlc-go,TIMEOUT_OR_EMPTY
adrianmo__go-nmea,TIMEOUT_OR_EMPTY
adrianosela__multikey,TIMEOUT_OR_EMPTY
aerogo__codetree,TIMEOUT_OR_EMPTY
afjoseph__RAKE.Go,TIMEOUT_OR_EMPTY
agext__uuid,TIMEOUT_OR_EMPTY
agilira__flash-flags,TIMEOUT_OR_EMPTY
agnivade__levenshtein,TIMEOUT_OR_EMPTY
agonopol__go-stem,TIMEOUT_OR_EMPTY
ahmetalpbalkan__go-linq,TIMEOUT_OR_EMPTY
aidarkhanov__nanoid,TIMEOUT_OR_EMPTY
aio-arch__graphlib,TIMEOUT_OR_EMPTY
akamensky__argparse,TIMEOUT_OR_EMPTY
akrennmair__gopcap,TIMEOUT_OR_EMPTY
akrylysov__pogreb,TIMEOUT_OR_EMPTY
alanzng__manifestor,TIMEOUT_OR_EMPTY
albrow__forms,TIMEOUT_OR_EMPTY
albrow__zoom,TIMEOUT_OR_EMPTY
alecthomas__kong,TIMEOUT_OR_EMPTY
alesr__redact,TIMEOUT_OR_EMPTY
alexedwards__scs,TIMEOUT_OR_EMPTY
alexeyco__binder,TIMEOUT_OR_EMPTY
alexliesenfeld__health,TIMEOUT_OR_EMPTY
alexpantyukhin__go-pattern-match,TIMEOUT_OR_EMPTY
alexsergivan__transliterator,TIMEOUT_OR_EMPTY
alexsniffin__gosd,TIMEOUT_OR_EMPTY
alioygur__gores,TIMEOUT_OR_EMPTY
alitto__pond,TIMEOUT_OR_EMPTY
alixaxel__genex,TIMEOUT_OR_EMPTY
alixaxel__pagerank,TIMEOUT_OR_EMPTY
allegro__bigcache,TIMEOUT_OR_EMPTY
alouche__rodent,TIMEOUT_OR_EMPTY
alpeb__go-finance,TIMEOUT_OR_EMPTY
alvii147__gloop,TIMEOUT_OR_EMPTY
alwindoss__morse,TIMEOUT_OR_EMPTY
amallia__go-ef,TIMEOUT_OR_EMPTY
amimof__huego,TIMEOUT_OR_EMPTY
amit-davidson__awesome-golang-workshops,TIMEOUT_OR_EMPTY
amoghe__distillog,TIMEOUT_OR_EMPTY
anacrolix__torrent,TIMEOUT_OR_EMPTY
andizzle__rwdb,TIMEOUT_OR_EMPTY
andlabs__ui,TIMEOUT_OR_EMPTY
andreimerlescu__entpassgen,TIMEOUT_OR_EMPTY
andybons__hipchat,TIMEOUT_OR_EMPTY
andygeiss__ecs,TIMEOUT_OR_EMPTY
andygeiss__esp32-transpiler,TIMEOUT_OR_EMPTY
andygrunwald__cachet,TIMEOUT_OR_EMPTY
andygrunwald__megos,TIMEOUT_OR_EMPTY
andygrunwald__vdf,TIMEOUT_OR_EMPTY
ankorstore__yokai,TIMEOUT_OR_EMPTY
antchfx__antch,TIMEOUT_OR_EMPTY
antchfx__xpath,TIMEOUT_OR_EMPTY
antham__envh,TIMEOUT_OR_EMPTY
antham__strumt,TIMEOUT_OR_EMPTY
antonmedv__expr,TIMEOUT_OR_EMPTY
aofei__cameron,TIMEOUT_OR_EMPTY
aofei__sandid,TIMEOUT_OR_EMPTY
appleboy__gofight,TIMEOUT_OR_EMPTY
apsdehal__go-logger,TIMEOUT_OR_EMPTY
arthurkushman__pgo,TIMEOUT_OR_EMPTY
artonge__go-csv-tag,TIMEOUT_OR_EMPTY
artyom__autoflags,TIMEOUT_OR_EMPTY
asafschers__goscore,TIMEOUT_OR_EMPTY
asaskevich__EventBus,TIMEOUT_OR_EMPTY
asaskevich__govalidator,TIMEOUT_OR_EMPTY
ashleymcnamara__gophers,TIMEOUT_OR_EMPTY
ashwingopalsamy__uuidcheck,TIMEOUT_OR_EMPTY
askeladdk__prattle,TIMEOUT_OR_EMPTY
asticode__go-astits,TIMEOUT_OR_EMPTY
asty-org__asty,TIMEOUT_OR_EMPTY
atelpis__enflag,TIMEOUT_OR_EMPTY
atemerev__skynet,TIMEOUT_OR_EMPTY
avahidi__interpol,TIMEOUT_OR_EMPTY
avast__retry-go,TIMEOUT_OR_EMPTY
avelino__slugify,TIMEOUT_OR_EMPTY
avito-tech__go-transaction-manager,TIMEOUT_OR_EMPTY
awoodbeck__strftime,TIMEOUT_OR_EMPTY
aws__aws-sdk-go-v2,TIMEOUT_OR_EMPTY
awsong__MMSEGO,TIMEOUT_OR_EMPTY
axelspringer__go-chronos,TIMEOUT_OR_EMPTY
aybabtme__portproxy,TIMEOUT_OR_EMPTY
aymerick__douceur,TIMEOUT_OR_EMPTY
aytechnet__decimal,TIMEOUT_OR_EMPTY
azr__generators,TIMEOUT_OR_EMPTY
barasher__go-exiftool,TIMEOUT_OR_EMPTY
bayandin__awesome-awesomeness,TIMEOUT_OR_EMPTY
beefsack__go-astar,TIMEOUT_OR_EMPTY
beefsack__go-rate,TIMEOUT_OR_EMPTY
benbjohnson__ego,TIMEOUT_OR_EMPTY
betrybe__playbook-go,TIMEOUT_OR_EMPTY
beyang__hgo,TIMEOUT_OR_EMPTY
biter777__countries,TIMEOUT_OR_EMPTY
bitfield__qrand,TIMEOUT_OR_EMPTY
bits-and-blooms__bitset,TIMEOUT_OR_EMPTY
blevesearch__segment,TIMEOUT_OR_EMPTY
bluele__gcache,TIMEOUT_OR_EMPTY
bndr__gopencils,TIMEOUT_OR_EMPTY
bndr__gotabulate,TIMEOUT_OR_EMPTY
bobg__modver,CLONE_FAIL
bolknote__go-gd,TIMEOUT_OR_EMPTY
boot-go__boot,TIMEOUT_OR_EMPTY
bouk__gonerics,TIMEOUT_OR_EMPTY
bradfitz__gomemcache,TIMEOUT_OR_EMPTY
bradleyfalzon__apicompat,TIMEOUT_OR_EMPTY
brianvoe__gofakeit,TIMEOUT_OR_EMPTY
brianvoe__sjwt,TIMEOUT_OR_EMPTY
brunomvsouza__ynab.go,TIMEOUT_OR_EMPTY
btnguyen2k__olaf,TIMEOUT_OR_EMPTY
bytebase__bytebase,TIMEOUT_OR_EMPTY
bzick__tokenizer,TIMEOUT_OR_EMPTY
caarlos0__env,TIMEOUT_OR_EMPTY
cabify__logrusiowriter,TIMEOUT_OR_EMPTY
caddyserver__caddy,TIMEOUT_OR_EMPTY
caddyserver__certmagic,TIMEOUT_OR_EMPTY
calpa__urusai,TIMEOUT_OR_EMPTY
carbocation__interpose,TIMEOUT_OR_EMPTY
carlescere__goback,TIMEOUT_OR_EMPTY
carlescere__scheduler,TIMEOUT_OR_EMPTY
carlmjohnson__be,TIMEOUT_OR_EMPTY
cavaliercoder__grab,TIMEOUT_OR_EMPTY
ccding__go-stun,TIMEOUT_OR_EMPTY
ccoVeille__go-safecast,TIMEOUT_OR_EMPTY
centerorbit__depcharge,TIMEOUT_OR_EMPTY
cep21__circuit,TIMEOUT_OR_EMPTY
chai2010__go-ast-book,TIMEOUT_OR_EMPTY
chanced__caps,TIMEOUT_OR_EMPTY
charlievieth__fastwalk,TIMEOUT_OR_EMPTY
charmbracelet__lipgloss,TIMEOUT_OR_EMPTY
cheng-zhongliang__event,TIMEOUT_OR_EMPTY
cheshir__ttlcache,TIMEOUT_OR_EMPTY
chmenegatti__go-date-fns,TIMEOUT_OR_EMPTY
chmike__securecookie,TIMEOUT_OR_EMPTY
chmike__varint,TIMEOUT_OR_EMPTY
chonla__cellwalker,TIMEOUT_OR_EMPTY
chonthu__go-google-analytics,TIMEOUT_OR_EMPTY
chriscross0__go-restcountries,TIMEOUT_OR_EMPTY
chrislusf__vasto,TIMEOUT_OR_EMPTY
chrismckenzie__dropship,TIMEOUT_OR_EMPTY
chyroc__lark,TIMEOUT_OR_EMPTY
chzyer__logex,TIMEOUT_OR_EMPTY
cihangir__neo4j,TIMEOUT_OR_EMPTY
cihub__seelog,TIMEOUT_OR_EMPTY
cimgui__cimgui,TIMEOUT_OR_EMPTY
cinar__indicator,TIMEOUT_OR_EMPTY
cjhutto__vaderSentiment,TIMEOUT_OR_EMPTY
claygod__Bxog,TIMEOUT_OR_EMPTY
claygod__PiHex,TIMEOUT_OR_EMPTY
claygod__transaction,TIMEOUT_OR_EMPTY
clbanning__mxj,TIMEOUT_OR_EMPTY
clevergo__jsend,TIMEOUT_OR_EMPTY
cocoonspace__dynjson,TIMEOUT_OR_EMPTY
cocoonspace__fsm,TIMEOUT_OR_EMPTY
codemodus__chain,TIMEOUT_OR_EMPTY
codemodus__kace,TIMEOUT_OR_EMPTY
colinhacks__zod,TIMEOUT_OR_EMPTY
componego__componego,TIMEOUT_OR_EMPTY
corbym__gocrest,TIMEOUT_OR_EMPTY
coregx__ahocorasick,TIMEOUT_OR_EMPTY
coregx__coregex,CLONE_FAIL
coregx__signals,TIMEOUT_OR_EMPTY
cosiner__argv,TIMEOUT_OR_EMPTY
cossacklabs__themis,TIMEOUT_OR_EMPTY
cpmech__gosl,TIMEOUT_OR_EMPTY
cristalhq__acmd,TIMEOUT_OR_EMPTY
cristalhq__builq,TIMEOUT_OR_EMPTY
cristalhq__jwt,TIMEOUT_OR_EMPTY
cristianoliveira__ergo,TIMEOUT_OR_EMPTY
crleonard__pingtower,TIMEOUT_OR_EMPTY
crufter__borg,TIMEOUT_OR_EMPTY
cryptojuice__gobrew,TIMEOUT_OR_EMPTY
cshum__imagor,CLONE_FAIL
cstockton__go-conv,TIMEOUT_OR_EMPTY
cucumber__godog,TIMEOUT_OR_EMPTY
cvilsmeier__sqinn-go,TIMEOUT_OR_EMPTY
cyruzin__tome,TIMEOUT_OR_EMPTY
daichi-m__go18ds,TIMEOUT_OR_EMPTY
dailymotion__oplog,TIMEOUT_OR_EMPTY
daneharrigan__hipchat,TIMEOUT_OR_EMPTY
danieldk__go2vec,TIMEOUT_OR_EMPTY
dannyvankooten__vat,TIMEOUT_OR_EMPTY
dastoori__higgs,TIMEOUT_OR_EMPTY
datastream__libsvm,TIMEOUT_OR_EMPTY
dathoangnd__gonet,TIMEOUT_OR_EMPTY
dave__blast,TIMEOUT_OR_EMPTY
dave__jennifer,TIMEOUT_OR_EMPTY
davecgh__go-spew,TIMEOUT_OR_EMPTY
daviddengcn__go-colortext,TIMEOUT_OR_EMPTY
db47h__decimal,TIMEOUT_OR_EMPTY
db47h__ngaro,TIMEOUT_OR_EMPTY
dchest__stemmer,TIMEOUT_OR_EMPTY
ddelizia__channelify,TIMEOUT_OR_EMPTY
ddo__rq,TIMEOUT_OR_EMPTY
ddosify__ddosify,TIMEOUT_OR_EMPTY
ddymko__go-jsonerror,TIMEOUT_OR_EMPTY
deatil__go-datebin,TIMEOUT_OR_EMPTY
deatil__go-events,TIMEOUT_OR_EMPTY
deckarep__golang-set,TIMEOUT_OR_EMPTY
dedalqq__omg.jsonparser,TIMEOUT_OR_EMPTY
dedalqq__omg.testingtools,TIMEOUT_OR_EMPTY
defcronyke__godscache,TIMEOUT_OR_EMPTY
derekparker__trie,TIMEOUT_OR_EMPTY
desertbit__glue,TIMEOUT_OR_EMPTY
destel__rill,TIMEOUT_OR_EMPTY
deuill__go-php,TIMEOUT_OR_EMPTY
devfacet__gocmd,TIMEOUT_OR_EMPTY
dgruber__drmaa,TIMEOUT_OR_EMPTY
dgryski__go-jump,TIMEOUT_OR_EMPTY
dh1tw__gosamplerate,TIMEOUT_OR_EMPTY
diamondburned__arikawa,TIMEOUT_OR_EMPTY
diankong__GoDocTooltip,TIMEOUT_OR_EMPTY
didi__gendry,TIMEOUT_OR_EMPTY
diegomarangoni__typenv,TIMEOUT_OR_EMPTY
dietsche__textbelt,TIMEOUT_OR_EMPTY
digitalcrab__browscap_go,TIMEOUT_OR_EMPTY
digota__digota,CLONE_FAIL
dimfeld__httptreemux,TIMEOUT_OR_EMPTY
dimiro1__banner,TIMEOUT_OR_EMPTY
dimuska139__go-email-normalizer,TIMEOUT_OR_EMPTY
dinopuguh__gosentiwordnet,TIMEOUT_OR_EMPTY
dirkaholic__kyoo,TIMEOUT_OR_EMPTY
disintegration__gift,TIMEOUT_OR_EMPTY
disksing__iter,TIMEOUT_OR_EMPTY
distatus__battery,TIMEOUT_OR_EMPTY
dominikh__go-mode.el,TIMEOUT_OR_EMPTY
donatj__mpo,TIMEOUT_OR_EMPTY
dromara__carbon,TIMEOUT_OR_EMPTY
dukex__mixpanel,TIMEOUT_OR_EMPTY
dustin__go-humanize,TIMEOUT_OR_EMPTY
dveselov__mystem,TIMEOUT_OR_EMPTY
dvyukov__go-fuzz,TIMEOUT_OR_EMPTY
e-dard__godist,TIMEOUT_OR_EMPTY
e-dard__netbug,TIMEOUT_OR_EMPTY
eaigner__shield,TIMEOUT_OR_EMPTY
eapache__go-resiliency,TIMEOUT_OR_EMPTY
echocat__slf4g,TIMEOUT_OR_EMPTY
edermanoel94__rest-go,TIMEOUT_OR_EMPTY
eduardonunesp__sslb,TIMEOUT_OR_EMPTY
edwingeng__deque,TIMEOUT_OR_EMPTY
egonelbre__gophers,TIMEOUT_OR_EMPTY
eko__gocache,TIMEOUT_OR_EMPTY
elgohr__stop-and-go,TIMEOUT_OR_EMPTY
elgris__sqrl,TIMEOUT_OR_EMPTY
elgs__jsonql,TIMEOUT_OR_EMPTY
emersion__go-vcard,TIMEOUT_OR_EMPTY
emicklei__proto,TIMEOUT_OR_EMPTY
emiddleton__gads,TIMEOUT_OR_EMPTY
emvi__null,TIMEOUT_OR_EMPTY
endeveit__enca,TIMEOUT_OR_EMPTY
endeveit__guesslanguage,TIMEOUT_OR_EMPTY
enetx__surf,TIMEOUT_OR_EMPTY
enriquebris__goconcurrentqueue,TIMEOUT_OR_EMPTY
epiclabs-io__elastic,TIMEOUT_OR_EMPTY
ergo-services__ergo,TIMEOUT_OR_EMPTY
erni27__imcache,TIMEOUT_OR_EMPTY
esemplastic__unis,TIMEOUT_OR_EMPTY
essentialkaos__branca,CLONE_FAIL
etherlabsio__healthcheck,TIMEOUT_OR_EMPTY
ewwwwwqm__logdump,TIMEOUT_OR_EMPTY
faceair__jio,TIMEOUT_OR_EMPTY
fanux__lhttp,TIMEOUT_OR_EMPTY
fatih__vim-go,TIMEOUT_OR_EMPTY
feyeleanor__GoSpeed,TIMEOUT_OR_EMPTY
fiam__gounidecode,TIMEOUT_OR_EMPTY
floatdrop__debounce,TIMEOUT_OR_EMPTY
fogleman__gg,TIMEOUT_OR_EMPTY
fogleman__ln,TIMEOUT_OR_EMPTY
fogleman__pt,TIMEOUT_OR_EMPTY
franela__goblin,TIMEOUT_OR_EMPTY
fulldump__goconfig,TIMEOUT_OR_EMPTY
fxsjy__jieba,TIMEOUT_OR_EMPTY
gabriel-vasile__mimetype,TIMEOUT_OR_EMPTY
gambol99__go-marathon,TIMEOUT_OR_EMPTY
gammazero__deque,TIMEOUT_OR_EMPTY
gammazero__radixtree,TIMEOUT_OR_EMPTY
gansidui__gotcp,TIMEOUT_OR_EMPTY
gansidui__skiplist,TIMEOUT_OR_EMPTY
gchaincl__dotsql,TIMEOUT_OR_EMPTY
gempir__go-twitch-irc,TIMEOUT_OR_EMPTY
gen2brain__go-unarr,TIMEOUT_OR_EMPTY
gen2brain__malgo,TIMEOUT_OR_EMPTY
gen2brain__raylib-go,TIMEOUT_OR_EMPTY
gha-common__go-beautiful-html-coverage,TIMEOUT_OR_EMPTY
giorgisio__goav,TIMEOUT_OR_EMPTY
globalsign__mgo,TIMEOUT_OR_EMPTY
glycerine__bambam,TIMEOUT_OR_EMPTY
go-chi__chi,TIMEOUT_OR_EMPTY
go-errr__go,TIMEOUT_OR_EMPTY
go-gl__gl,TIMEOUT_OR_EMPTY
go-gl__glfw,TIMEOUT_OR_EMPTY
go-gl__mathgl,TIMEOUT_OR_EMPTY
go-gorp__gorp,TIMEOUT_OR_EMPTY
go-ini__ini,TIMEOUT_OR_EMPTY
go-jose__go-jose,TIMEOUT_OR_EMPTY
go-nunu__nunu,CLONE_FAIL
go-ole__go-ole,TIMEOUT_OR_EMPTY
go-ozzo__ozzo-dbx,TIMEOUT_OR_EMPTY
go-ozzo__ozzo-log,TIMEOUT_OR_EMPTY
go-perfstat__go,TIMEOUT_OR_EMPTY
go-playground__assert,TIMEOUT_OR_EMPTY
go-playground__assert,TIMEOUT_OR_EMPTY
go-playground__form,TIMEOUT_OR_EMPTY
go-playground__generate,TIMEOUT_OR_EMPTY
go-playground__generate,TIMEOUT_OR_EMPTY
go-playground__lars,TIMEOUT_OR_EMPTY
go-playground__lars,TIMEOUT_OR_EMPTY
go-playground__pool,TIMEOUT_OR_EMPTY
go-playground__pool,TIMEOUT_OR_EMPTY
go-rtc__stun,TIMEOUT_OR_EMPTY
go-rtc__stun,TIMEOUT_OR_EMPTY
go-telegram-bot-api__telegram-bot-api,TIMEOUT_OR_EMPTY
go-the-way__sg,TIMEOUT_OR_EMPTY
go-webgpu__goffi,TIMEOUT_OR_EMPTY
go-xkg__xkg,TIMEOUT_OR_EMPTY
go-xkg__xkg,TIMEOUT_OR_EMPTY
go-zoo__bone,TIMEOUT_OR_EMPTY
go-zoo__bone,TIMEOUT_OR_EMPTY
goava__di,TIMEOUT_OR_EMPTY
gobeam__Stringy,TIMEOUT_OR_EMPTY
gobeam__Stringy,TIMEOUT_OR_EMPTY
gocircuit__circuit,TIMEOUT_OR_EMPTY
gocraft__web,TIMEOUT_OR_EMPTY
gofrs__uuid,TIMEOUT_OR_EMPTY
gogpu__naga,TIMEOUT_OR_EMPTY
goiot__devices,TIMEOUT_OR_EMPTY
goji__goji,TIMEOUT_OR_EMPTY
golang-jwt__jwt,TIMEOUT_OR_EMPTY
golang-standards__project-layout,TIMEOUT_OR_EMPTY
golang-templates__seed,TIMEOUT_OR_EMPTY
golang__glog,TIMEOUT_OR_EMPTY
golobby__container,TIMEOUT_OR_EMPTY
golobby__router,TIMEOUT_OR_EMPTY
goml__gobrain,TIMEOUT_OR_EMPTY
gomodule__redigo,TIMEOUT_OR_EMPTY
goodsign__snowball,TIMEOUT_OR_EMPTY
google__go-cmp,TIMEOUT_OR_EMPTY
google__go-querystring,TIMEOUT_OR_EMPTY
google__leveldb,TIMEOUT_OR_EMPTY
goptics__varmq,TIMEOUT_OR_EMPTY
goradd__html5tag,TIMEOUT_OR_EMPTY
goradd__html5tag,TIMEOUT_OR_EMPTY
goradd__maps,TIMEOUT_OR_EMPTY
goradd__maps,TIMEOUT_OR_EMPTY
gorilla__mux,TIMEOUT_OR_EMPTY
gorilla__mux,TIMEOUT_OR_EMPTY
goroute__route,TIMEOUT_OR_EMPTY
goroute__route,TIMEOUT_OR_EMPTY
goschtalt__approx,TIMEOUT_OR_EMPTY
gosuri__go-store,TIMEOUT_OR_EMPTY
gosuri__go-store,TIMEOUT_OR_EMPTY
gosuri__uilive,TIMEOUT_OR_EMPTY
gosuri__uilive,TIMEOUT_OR_EMPTY
gosuri__uitable,TIMEOUT_OR_EMPTY
gosuri__uitable,TIMEOUT_OR_EMPTY
gotk3__gotk3,TIMEOUT_OR_EMPTY
gotk3__gotk3,TIMEOUT_OR_EMPTY
govalues__decimal,TIMEOUT_OR_EMPTY
gowebapi__webapi,TIMEOUT_OR_EMPTY
gowebapi__webapi,TIMEOUT_OR_EMPTY
gowww__router,TIMEOUT_OR_EMPTY
gowww__router,TIMEOUT_OR_EMPTY
goyek__goyek,TIMEOUT_OR_EMPTY
goyek__goyek,TIMEOUT_OR_EMPTY
gregdel__pushover,TIMEOUT_OR_EMPTY
gregdel__pushover,TIMEOUT_OR_EMPTY
grijul__otpgen,TIMEOUT_OR_EMPTY
grijul__otpgen,TIMEOUT_OR_EMPTY
gsamokovarov__jump,TIMEOUT_OR_EMPTY
gulien__orbit,TIMEOUT_OR_EMPTY
gulien__orbit,TIMEOUT_OR_EMPTY
guptarohit__asciigraph,TIMEOUT_OR_EMPTY
guptarohit__asciigraph,TIMEOUT_OR_EMPTY
gurkankaymak__hocon,TIMEOUT_OR_EMPTY
gurkankaymak__hocon,TIMEOUT_OR_EMPTY
gurukami__typ,TIMEOUT_OR_EMPTY
gurukami__typ,TIMEOUT_OR_EMPTY
gyuho__goraph,TIMEOUT_OR_EMPTY
gyuho__goraph,TIMEOUT_OR_EMPTY
h2non__bimg,TIMEOUT_OR_EMPTY
h2non__bimg,TIMEOUT_OR_EMPTY
h2non__gentleman,TIMEOUT_OR_EMPTY
h2non__gentleman,TIMEOUT_OR_EMPTY
hailocab__go-geoindex,TIMEOUT_OR_EMPTY
hailocab__go-geoindex,TIMEOUT_OR_EMPTY
hamed-yousefi__gowl,TIMEOUT_OR_EMPTY
hamed-yousefi__gowl,TIMEOUT_OR_EMPTY
hapijs__joi,TIMEOUT_OR_EMPTY
hapijs__joi,TIMEOUT_OR_EMPTY
harkaitz__go-faketime,TIMEOUT_OR_EMPTY
harkaitz__go-faketime,TIMEOUT_OR_EMPTY
harrytran103__7_days_of_go,TIMEOUT_OR_EMPTY
harrytran103__7_days_of_go,TIMEOUT_OR_EMPTY
hashicorp__go-cleanhttp,TIMEOUT_OR_EMPTY
hashicorp__go-cleanhttp,TIMEOUT_OR_EMPTY
hashicorp__go-multierror,TIMEOUT_OR_EMPTY
hashicorp__logutils,TIMEOUT_OR_EMPTY
hashicorp__logutils,TIMEOUT_OR_EMPTY
hawx__img,TIMEOUT_OR_EMPTY
hawx__img,TIMEOUT_OR_EMPTY
hectane__hectane,TIMEOUT_OR_EMPTY
hedhyw__rex,TIMEOUT_OR_EMPTY
hedhyw__rex,TIMEOUT_OR_EMPTY
hedzr__store,TIMEOUT_OR_EMPTY
hedzr__store,TIMEOUT_OR_EMPTY
henvic__httpretty,TIMEOUT_OR_EMPTY
hexdigest__execpool,TIMEOUT_OR_EMPTY
hexdigest__execpool,TIMEOUT_OR_EMPTY
hexdigest__gounit-vim,TIMEOUT_OR_EMPTY
hexdigest__gounit-vim,TIMEOUT_OR_EMPTY
hexdigest__prep,TIMEOUT_OR_EMPTY
hexdigest__prep,TIMEOUT_OR_EMPTY
hillu__go-yara,TIMEOUT_OR_EMPTY
hillu__go-yara,TIMEOUT_OR_EMPTY
hishamkaram__geoserver,TIMEOUT_OR_EMPTY
hjson__hjson-go,TIMEOUT_OR_EMPTY
hjson__hjson-go,TIMEOUT_OR_EMPTY
hlandau__acme,TIMEOUT_OR_EMPTY
hlandau__acme,TIMEOUT_OR_EMPTY
hmdsefi__gograph,TIMEOUT_OR_EMPTY
hmdsefi__gograph,TIMEOUT_OR_EMPTY
hpcloud__tail,TIMEOUT_OR_EMPTY
hpcloud__tail,TIMEOUT_OR_EMPTY
hscells__doi,TIMEOUT_OR_EMPTY
hscells__doi,TIMEOUT_OR_EMPTY
htcat__htcat,TIMEOUT_OR_EMPTY
huandu__facebook,TIMEOUT_OR_EMPTY
huandu__xstrings,TIMEOUT_OR_EMPTY
hugocarreira__go-decent-copy,TIMEOUT_OR_EMPTY
hugocarreira__go-decent-copy,TIMEOUT_OR_EMPTY
husobee__vestigo,TIMEOUT_OR_EMPTY
husobee__vestigo,TIMEOUT_OR_EMPTY
huydang284__fixedwidth,TIMEOUT_OR_EMPTY
huydang284__fixedwidth,TIMEOUT_OR_EMPTY
hyfather__pipeline,TIMEOUT_OR_EMPTY
hyfather__pipeline,TIMEOUT_OR_EMPTY
hypebeast__go-osc,TIMEOUT_OR_EMPTY
hypebeast__go-osc,TIMEOUT_OR_EMPTY
hyperboloide__pdfgen,TIMEOUT_OR_EMPTY
hyperboloide__pdfgen,TIMEOUT_OR_EMPTY
ian-kent__go-log,TIMEOUT_OR_EMPTY
ian-kent__linkio,TIMEOUT_OR_EMPTY
ian-kent__linkio,TIMEOUT_OR_EMPTY
icelain__jokeapi,TIMEOUT_OR_EMPTY
icelain__jokeapi,TIMEOUT_OR_EMPTY
icza__backscanner,TIMEOUT_OR_EMPTY
icza__backscanner,TIMEOUT_OR_EMPTY
icza__session,TIMEOUT_OR_EMPTY
igrmk__treemap,TIMEOUT_OR_EMPTY
inconshreveable__gonative,TIMEOUT_OR_EMPTY
inconshreveable__gonative,TIMEOUT_OR_EMPTY
integrii__flaggy,TIMEOUT_OR_EMPTY
integrii__flaggy,TIMEOUT_OR_EMPTY
intel-go__nff-go,TIMEOUT_OR_EMPTY
intel-go__nff-go,TIMEOUT_OR_EMPTY
isbm__textwrap,TIMEOUT_OR_EMPTY
isbm__textwrap,TIMEOUT_OR_EMPTY
italolelis__outboxer,CLONE_FAIL
italolelis__outboxer,CLONE_FAIL
ivpusic__grpool,TIMEOUT_OR_EMPTY
ivpusic__grpool,TIMEOUT_OR_EMPTY
iwanbk__bcache,TIMEOUT_OR_EMPTY
iwanbk__bcache,TIMEOUT_OR_EMPTY
jakehl__goid,TIMEOUT_OR_EMPTY
james-bowman__nlp,TIMEOUT_OR_EMPTY
james-bowman__nlp,TIMEOUT_OR_EMPTY
jameycribbs__hare,TIMEOUT_OR_EMPTY
jameycribbs__hare,TIMEOUT_OR_EMPTY
jarcoal__httpmock,TIMEOUT_OR_EMPTY
jarcoal__httpmock,TIMEOUT_OR_EMPTY
jasonlvhit__gocron,TIMEOUT_OR_EMPTY
jawher__mow.cli,TIMEOUT_OR_EMPTY
jaypipes__ghw,TIMEOUT_OR_EMPTY
jaypipes__ghw,TIMEOUT_OR_EMPTY
jbrodriguez__mlog,TIMEOUT_OR_EMPTY
jbrodriguez__mlog,TIMEOUT_OR_EMPTY
jcla1__gisp,TIMEOUT_OR_EMPTY
jcla1__gisp,TIMEOUT_OR_EMPTY
jellydator__newsapi-go,TIMEOUT_OR_EMPTY
jellydator__newsapi-go,TIMEOUT_OR_EMPTY
jfcg__yell,TIMEOUT_OR_EMPTY
jfcg__yell,TIMEOUT_OR_EMPTY
jgroeneveld__schema,TIMEOUT_OR_EMPTY
jinzhu__now,TIMEOUT_OR_EMPTY
jinzhu__now,TIMEOUT_OR_EMPTY
jlaffaye__ftp,TIMEOUT_OR_EMPTY
jlaffaye__ftp,TIMEOUT_OR_EMPTY
jmcvetta__neoism,TIMEOUT_OR_EMPTY
jmhodges__levigo,TIMEOUT_OR_EMPTY
jmhodges__levigo,TIMEOUT_OR_EMPTY
jmoiron__sqlx,TIMEOUT_OR_EMPTY
jmoiron__sqlx,TIMEOUT_OR_EMPTY
joakimcarlsson__ai,TIMEOUT_OR_EMPTY
joakimcarlsson__ai,TIMEOUT_OR_EMPTY
joeig__go-powerdns,TIMEOUT_OR_EMPTY
joho__godotenv,TIMEOUT_OR_EMPTY
joho__godotenv,TIMEOUT_OR_EMPTY
jokruger__dec128,TIMEOUT_OR_EMPTY
jokruger__dec128,TIMEOUT_OR_EMPTY
jolestar__go-commons-pool,TIMEOUT_OR_EMPTY
jonathanslenders__python-prompt-toolkit,TIMEOUT_OR_EMPTY
jonathanslenders__python-prompt-toolkit,TIMEOUT_OR_EMPTY
jonboulle__clockwork,TIMEOUT_OR_EMPTY
jonchun__pathtype,TIMEOUT_OR_EMPTY
joomcode__errorx,TIMEOUT_OR_EMPTY
joomcode__errorx,TIMEOUT_OR_EMPTY
jordan-wright__email,TIMEOUT_OR_EMPTY
jordan-wright__email,TIMEOUT_OR_EMPTY
jorelosorio__spellingcorrector,TIMEOUT_OR_EMPTY
jorelosorio__web-mercator-projection,TIMEOUT_OR_EMPTY
jorelosorio__web-mercator-projection,TIMEOUT_OR_EMPTY
jsgilmore__gostorm,TIMEOUT_OR_EMPTY
jsgilmore__gostorm,TIMEOUT_OR_EMPTY
julienschmidt__httprouter,TIMEOUT_OR_EMPTY
julienschmidt__httprouter,TIMEOUT_OR_EMPTY
junk1tm__env,TIMEOUT_OR_EMPTY
junk1tm__env,TIMEOUT_OR_EMPTY
justinas__alice,TIMEOUT_OR_EMPTY
justinas__alice,TIMEOUT_OR_EMPTY
kahoon__pending,TIMEOUT_OR_EMPTY
kahoon__pending,TIMEOUT_OR_EMPTY
kamilsk__breaker,TIMEOUT_OR_EMPTY
kamilsk__breaker,TIMEOUT_OR_EMPTY
kamilsk__semaphore,TIMEOUT_OR_EMPTY
kamilsk__semaphore,TIMEOUT_OR_EMPTY
karl-cardenas-coding__go-lambda-cleanup,TIMEOUT_OR_EMPTY
karl-cardenas-coding__go-lambda-cleanup,TIMEOUT_OR_EMPTY
karlseguin__the-little-go-book,TIMEOUT_OR_EMPTY
karlseguin__the-little-go-book,TIMEOUT_OR_EMPTY
kelseyhightower__envconfig,TIMEOUT_OR_EMPTY
keygx__Go-gopher-Vector,CLONE_FAIL
khaiql__dbcleaner,TIMEOUT_OR_EMPTY
khezen__evoli,TIMEOUT_OR_EMPTY
khezen__evoli,TIMEOUT_OR_EMPTY
khezen__rootfinding,TIMEOUT_OR_EMPTY
khezen__rootfinding,TIMEOUT_OR_EMPTY
kirillDanshin__avgRating,TIMEOUT_OR_EMPTY
kirillDanshin__avgRating,TIMEOUT_OR_EMPTY
kirillDanshin__dlog,TIMEOUT_OR_EMPTY
kirillDanshin__dlog,TIMEOUT_OR_EMPTY
kirillDanshin__llb,TIMEOUT_OR_EMPTY
kirillDanshin__llb,TIMEOUT_OR_EMPTY
knights-analytics__hugot,TIMEOUT_OR_EMPTY
kolesa-team__go-webp,TIMEOUT_OR_EMPTY
kolesa-team__go-webp,TIMEOUT_OR_EMPTY
korandiz__v4l,TIMEOUT_OR_EMPTY
korandiz__v4l,TIMEOUT_OR_EMPTY
koyachi__go-nude,TIMEOUT_OR_EMPTY
koyachi__go-nude,TIMEOUT_OR_EMPTY
kzahedi__goent,TIMEOUT_OR_EMPTY
lab210-dev__async-job,TIMEOUT_OR_EMPTY
lacion__cookiecutter-golang,TIMEOUT_OR_EMPTY
lajosbencz__glo,TIMEOUT_OR_EMPTY
lajosbencz__glo,TIMEOUT_OR_EMPTY
lampctl__go-sse,TIMEOUT_OR_EMPTY
lampctl__go-sse,TIMEOUT_OR_EMPTY
lane-c-wagner__go-password-validator,TIMEOUT_OR_EMPTY
larapulse__migrator,TIMEOUT_OR_EMPTY
larapulse__migrator,TIMEOUT_OR_EMPTY
leaanthony__clir,TIMEOUT_OR_EMPTY
leaanthony__clir,TIMEOUT_OR_EMPTY
leaanthony__debme,TIMEOUT_OR_EMPTY
leaanthony__debme,TIMEOUT_OR_EMPTY
leaanthony__slicer,TIMEOUT_OR_EMPTY
leaanthony__slicer,TIMEOUT_OR_EMPTY
leandro-lugaresi__hub,TIMEOUT_OR_EMPTY
leandro-lugaresi__hub,TIMEOUT_OR_EMPTY
lesismal__arpc,TIMEOUT_OR_EMPTY
lib4u__grequest,TIMEOUT_OR_EMPTY
lib__pq,TIMEOUT_OR_EMPTY
lightningnetwork__lnd,TIMEOUT_OR_EMPTY
lightningnetwork__lnd,TIMEOUT_OR_EMPTY
lindb__lindb,TIMEOUT_OR_EMPTY
lindb__lindb,TIMEOUT_OR_EMPTY
linxGnu__goseaweedfs,TIMEOUT_OR_EMPTY
linxGnu__goseaweedfs,TIMEOUT_OR_EMPTY
liyue201__gostl,TIMEOUT_OR_EMPTY
liyue201__gostl,TIMEOUT_OR_EMPTY
lmittmann__tint,TIMEOUT_OR_EMPTY
logrange__linker,TIMEOUT_OR_EMPTY
logrange__linker,TIMEOUT_OR_EMPTY
logrusorgru__aurora,TIMEOUT_OR_EMPTY
logrusorgru__aurora,TIMEOUT_OR_EMPTY
loveleshsharma__gohive,TIMEOUT_OR_EMPTY
loveleshsharma__gohive,TIMEOUT_OR_EMPTY
lqs__sqlingo,TIMEOUT_OR_EMPTY
lqs__sqlingo,TIMEOUT_OR_EMPTY
lrita__cmap,TIMEOUT_OR_EMPTY
lrita__cmap,TIMEOUT_OR_EMPTY
lucas-clemente__quic-go,TIMEOUT_OR_EMPTY
lucas-clemente__quic-go,TIMEOUT_OR_EMPTY
lucassscaravelli__ej,TIMEOUT_OR_EMPTY
lucmq__go-shelve,TIMEOUT_OR_EMPTY
lucmq__go-shelve,TIMEOUT_OR_EMPTY
lukasz-madon__awesome-remote-job,TIMEOUT_OR_EMPTY
lyonnee__hmap,TIMEOUT_OR_EMPTY
lyonnee__hmap,TIMEOUT_OR_EMPTY
lyonnee__hvalid,TIMEOUT_OR_EMPTY
lyonnee__hvalid,TIMEOUT_OR_EMPTY
maddevsio__fcm,TIMEOUT_OR_EMPTY
maddevsio__fcm,TIMEOUT_OR_EMPTY
madflojo__testcerts,TIMEOUT_OR_EMPTY
madflojo__testcerts,TIMEOUT_OR_EMPTY
magefile__mage,TIMEOUT_OR_EMPTY
magefile__mage,TIMEOUT_OR_EMPTY
magic003__alice,TIMEOUT_OR_EMPTY
magic003__alice,TIMEOUT_OR_EMPTY
mailchain__mailchain,TIMEOUT_OR_EMPTY
mailchain__mailchain,TIMEOUT_OR_EMPTY
mailhog__MailHog,TIMEOUT_OR_EMPTY
mailhog__MailHog,TIMEOUT_OR_EMPTY
mailhog__smtp,TIMEOUT_OR_EMPTY
mailhog__smtp,TIMEOUT_OR_EMPTY
mamal72__golyrics,TIMEOUT_OR_EMPTY
mamal72__golyrics,TIMEOUT_OR_EMPTY
marusama__cyclicbarrier,TIMEOUT_OR_EMPTY
marusama__cyclicbarrier,TIMEOUT_OR_EMPTY
marusama__semaphore,TIMEOUT_OR_EMPTY
matryer__moq,TIMEOUT_OR_EMPTY
matryer__moq,TIMEOUT_OR_EMPTY
mattbaird__elastigo,TIMEOUT_OR_EMPTY
mattbaird__elastigo,TIMEOUT_OR_EMPTY
mattn__anko,TIMEOUT_OR_EMPTY
mattn__anko,TIMEOUT_OR_EMPTY
mattn__go-oci8,TIMEOUT_OR_EMPTY
mattn__go-sqlite3,TIMEOUT_OR_EMPTY
mattn__go-sqlite3,TIMEOUT_OR_EMPTY
mavihq__persian,TIMEOUT_OR_EMPTY
mavihq__persian,TIMEOUT_OR_EMPTY
maxatome__go-testdeep,TIMEOUT_OR_EMPTY
maxbolgarin__contem,TIMEOUT_OR_EMPTY
maxbolgarin__contem,TIMEOUT_OR_EMPTY
mbndr__logo,TIMEOUT_OR_EMPTY
mbndr__logo,TIMEOUT_OR_EMPTY
mbrostami__consistenthash,TIMEOUT_OR_EMPTY
mbrostami__consistenthash,TIMEOUT_OR_EMPTY
mccoyst__validate,TIMEOUT_OR_EMPTY
mccoyst__validate,TIMEOUT_OR_EMPTY
mccutchen__go-httpbin,TIMEOUT_OR_EMPTY
mccutchen__go-httpbin,TIMEOUT_OR_EMPTY
mdaliyan__icache,TIMEOUT_OR_EMPTY
mdaliyan__icache,TIMEOUT_OR_EMPTY
mehanizm__iuliia-go,TIMEOUT_OR_EMPTY
mehanizm__iuliia-go,TIMEOUT_OR_EMPTY
mengzhuo__cookiestxt,TIMEOUT_OR_EMPTY
mengzhuo__cookiestxt,TIMEOUT_OR_EMPTY
metacall__core,TIMEOUT_OR_EMPTY
metacall__core,TIMEOUT_OR_EMPTY
metalfm__transactor,TIMEOUT_OR_EMPTY
metalfm__transactor,TIMEOUT_OR_EMPTY
mgtv-tech__jetcache-go,TIMEOUT_OR_EMPTY
mgtv-tech__jetcache-go,TIMEOUT_OR_EMPTY
mgutz__logxi,TIMEOUT_OR_EMPTY
mhmtszr__concurrent-swiss-map,TIMEOUT_OR_EMPTY
mhmtszr__concurrent-swiss-map,TIMEOUT_OR_EMPTY
michiwend__gomusicbrainz,TIMEOUT_OR_EMPTY
michiwend__gomusicbrainz,TIMEOUT_OR_EMPTY
michiwend__goplaceholder,TIMEOUT_OR_EMPTY
michiwend__goplaceholder,TIMEOUT_OR_EMPTY
mickep76__mapslice-json,TIMEOUT_OR_EMPTY
mickep76__mapslice-json,TIMEOUT_OR_EMPTY
miguelpragier__handy,TIMEOUT_OR_EMPTY
miguelpragier__handy,TIMEOUT_OR_EMPTY
mikekonan__go-countries,TIMEOUT_OR_EMPTY
mikekonan__go-countries,TIMEOUT_OR_EMPTY
mikespook__gorbac,TIMEOUT_OR_EMPTY
mingard__sitemap-format,TIMEOUT_OR_EMPTY
mingard__sitemap-format,TIMEOUT_OR_EMPTY
mingrammer__commonregex,TIMEOUT_OR_EMPTY
mingrammer__commonregex,TIMEOUT_OR_EMPTY
miolini__datacounter,TIMEOUT_OR_EMPTY
miolini__datacounter,TIMEOUT_OR_EMPTY
miolini__jsonf,TIMEOUT_OR_EMPTY
miolini__jsonf,TIMEOUT_OR_EMPTY
mirecl__catboost-cgo,TIMEOUT_OR_EMPTY
mirecl__catboost-cgo,TIMEOUT_OR_EMPTY
mjibson__go-dsp,TIMEOUT_OR_EMPTY
mjibson__go-dsp,TIMEOUT_OR_EMPTY
mlange-42__ark,TIMEOUT_OR_EMPTY
mlange-42__ark,TIMEOUT_OR_EMPTY
mlimaloureiro__golog,TIMEOUT_OR_EMPTY
mlimaloureiro__golog,TIMEOUT_OR_EMPTY
mocktools__go-smtp-mock,TIMEOUT_OR_EMPTY
mocktools__go-smtp-mock,TIMEOUT_OR_EMPTY
monmohan__xferspdy,TIMEOUT_OR_EMPTY
monoculum__formam,TIMEOUT_OR_EMPTY
monoculum__formam,TIMEOUT_OR_EMPTY
montanaflynn__stats,TIMEOUT_OR_EMPTY
montanaflynn__stats,TIMEOUT_OR_EMPTY
moovweb__gvm,TIMEOUT_OR_EMPTY
moovweb__gvm,TIMEOUT_OR_EMPTY
moshebe__gebug,TIMEOUT_OR_EMPTY
motrboat__hotcoal,TIMEOUT_OR_EMPTY
motrboat__hotcoal,TIMEOUT_OR_EMPTY
mozillazg__go-httpheader,TIMEOUT_OR_EMPTY
mozillazg__go-httpheader,TIMEOUT_OR_EMPTY
mozillazg__go-pinyin,TIMEOUT_OR_EMPTY
mozillazg__go-pinyin,TIMEOUT_OR_EMPTY
mozillazg__go-unidecode,TIMEOUT_OR_EMPTY
mozillazg__go-unidecode,TIMEOUT_OR_EMPTY
mozillazg__request,TIMEOUT_OR_EMPTY
mozillazg__request,TIMEOUT_OR_EMPTY
mrLSD__go-benchmark-app,TIMEOUT_OR_EMPTY
mrLSD__go-benchmark-app,TIMEOUT_OR_EMPTY
msempere__golarm,TIMEOUT_OR_EMPTY
msempere__golarm,TIMEOUT_OR_EMPTY
msyrus__vscode-go-doc,TIMEOUT_OR_EMPTY
msyrus__vscode-go-doc,TIMEOUT_OR_EMPTY
mudler__anagent,TIMEOUT_OR_EMPTY
mudler__anagent,TIMEOUT_OR_EMPTY
muesli__regommend,TIMEOUT_OR_EMPTY
muesli__regommend,TIMEOUT_OR_EMPTY
mustafaturan__bus,TIMEOUT_OR_EMPTY
muyo__sno,TIMEOUT_OR_EMPTY
muyo__sno,TIMEOUT_OR_EMPTY
mvmaasakkers__go-problemdetails,TIMEOUT_OR_EMPTY
mvmaasakkers__go-problemdetails,TIMEOUT_OR_EMPTY
mvrilo__go-redoc,TIMEOUT_OR_EMPTY
mvrilo__go-redoc,TIMEOUT_OR_EMPTY
mxpv__patreon-go,TIMEOUT_OR_EMPTY
mxpv__patreon-go,TIMEOUT_OR_EMPTY
naegelejd__brewerydb,TIMEOUT_OR_EMPTY
naegelejd__brewerydb,TIMEOUT_OR_EMPTY
name5566__leaf,TIMEOUT_OR_EMPTY
name5566__leaf,TIMEOUT_OR_EMPTY
napsy__go-css,TIMEOUT_OR_EMPTY
napsy__go-css,TIMEOUT_OR_EMPTY
nasermirzaei89__env,TIMEOUT_OR_EMPTY
nathan-osman__go-sunrise,TIMEOUT_OR_EMPTY
nathan-osman__go-sunrise,TIMEOUT_OR_EMPTY
naughtygopher__webgo,TIMEOUT_OR_EMPTY
nbari__violetear,TIMEOUT_OR_EMPTY
nbari__violetear,TIMEOUT_OR_EMPTY
neilotoole__errgroup,TIMEOUT_OR_EMPTY
neilotoole__errgroup,TIMEOUT_OR_EMPTY
netresearch__go-cron,TIMEOUT_OR_EMPTY
netresearch__go-cron,TIMEOUT_OR_EMPTY
nexcode__rpcplatform,TIMEOUT_OR_EMPTY
nexcode__rpcplatform,TIMEOUT_OR_EMPTY
ngamux__ngamux,TIMEOUT_OR_EMPTY
ngamux__ngamux,TIMEOUT_OR_EMPTY
nicklaw5__go-respond,TIMEOUT_OR_EMPTY
nicklaw5__go-respond,TIMEOUT_OR_EMPTY
nikhilsaraf__go-tools,TIMEOUT_OR_EMPTY
nikhilsaraf__go-tools,TIMEOUT_OR_EMPTY
nikolaydubina__fpdecimal,TIMEOUT_OR_EMPTY
nikolaydubina__fpdecimal,TIMEOUT_OR_EMPTY
nikolaydubina__go-ml-benchmarks,TIMEOUT_OR_EMPTY
nikolaydubina__htmljson,TIMEOUT_OR_EMPTY
nikolaydubina__htmljson,TIMEOUT_OR_EMPTY
nikolaydubina__htmlyaml,TIMEOUT_OR_EMPTY
nil-go__konf,TIMEOUT_OR_EMPTY
ninedraft__gocryforhelp,TIMEOUT_OR_EMPTY
noelyahan__mergi,TIMEOUT_OR_EMPTY
nofeaturesonlybugs__set,TIMEOUT_OR_EMPTY
noneback__go-taskflow,TIMEOUT_OR_EMPTY
noneback__go-taskflow,TIMEOUT_OR_EMPTY
norunners__vert,TIMEOUT_OR_EMPTY
norunners__vert,TIMEOUT_OR_EMPTY
novalagung__gubrak,TIMEOUT_OR_EMPTY
novalagung__gubrak,TIMEOUT_OR_EMPTY
nproc__parseargs-go,TIMEOUT_OR_EMPTY
nproc__parseargs-go,TIMEOUT_OR_EMPTY
nsf__gocode,TIMEOUT_OR_EMPTY
nsf__gocode,TIMEOUT_OR_EMPTY
nullism__bqb,TIMEOUT_OR_EMPTY
nullne__evaluator,TIMEOUT_OR_EMPTY
nullne__evaluator,TIMEOUT_OR_EMPTY
number571__go-peer,TIMEOUT_OR_EMPTY
number571__go-peer,TIMEOUT_OR_EMPTY
nytlabs__streamtools,TIMEOUT_OR_EMPTY
nytlabs__streamtools,TIMEOUT_OR_EMPTY
oaStuff__clusteredBigCache,TIMEOUT_OR_EMPTY
olebedev__emitter,TIMEOUT_OR_EMPTY
olebedev__emitter,TIMEOUT_OR_EMPTY
onrik__ethrpc,TIMEOUT_OR_EMPTY
onrik__ethrpc,TIMEOUT_OR_EMPTY
onrik__micha,TIMEOUT_OR_EMPTY
onrik__micha,TIMEOUT_OR_EMPTY
opensaucerer__barf,TIMEOUT_OR_EMPTY
opensaucerer__barf,TIMEOUT_OR_EMPTY
osamingo__checkdigit,TIMEOUT_OR_EMPTY
osamingo__gaurun-client,TIMEOUT_OR_EMPTY
osamingo__gaurun-client,TIMEOUT_OR_EMPTY
osamingo__gosh,TIMEOUT_OR_EMPTY
osamingo__gosh,TIMEOUT_OR_EMPTY
osteele__tuesday,TIMEOUT_OR_EMPTY
osteele__tuesday,TIMEOUT_OR_EMPTY
ostrost__ostent,TIMEOUT_OR_EMPTY
ostrost__ostent,TIMEOUT_OR_EMPTY
otiai10__gosseract,TIMEOUT_OR_EMPTY
otiai10__gosseract,TIMEOUT_OR_EMPTY
ozgio__strutil,TIMEOUT_OR_EMPTY
ozgio__strutil,TIMEOUT_OR_EMPTY
ozontech__testo,TIMEOUT_OR_EMPTY
ozontech__testo,TIMEOUT_OR_EMPTY
pardnchiu__go-scheduler,TIMEOUT_OR_EMPTY
pardnchiu__go-scheduler,TIMEOUT_OR_EMPTY
pascaldekloe__metrics,TIMEOUT_OR_EMPTY
pascaldekloe__metrics,TIMEOUT_OR_EMPTY
patrikeh__go-deep,TIMEOUT_OR_EMPTY
patrikeh__go-deep,TIMEOUT_OR_EMPTY
pavlo__gosuite,TIMEOUT_OR_EMPTY
pavlo__gosuite,TIMEOUT_OR_EMPTY
paypal__gatt,TIMEOUT_OR_EMPTY
paypal__gatt,TIMEOUT_OR_EMPTY
pebbe__zmq4,TIMEOUT_OR_EMPTY
pebbe__zmq4,TIMEOUT_OR_EMPTY
percolate__charlatan,TIMEOUT_OR_EMPTY
percolate__charlatan,TIMEOUT_OR_EMPTY
percolate__retry,TIMEOUT_OR_EMPTY
percolate__retry,TIMEOUT_OR_EMPTY
phelmkamp__valor,TIMEOUT_OR_EMPTY
phelmkamp__valor,TIMEOUT_OR_EMPTY
philipjkim__goreadability,TIMEOUT_OR_EMPTY
philipjkim__goreadability,TIMEOUT_OR_EMPTY
philippgille__gokv,TIMEOUT_OR_EMPTY
philippgille__gokv,TIMEOUT_OR_EMPTY
phuslu__log,TIMEOUT_OR_EMPTY
phuslu__log,TIMEOUT_OR_EMPTY
piglig__go-qr,TIMEOUT_OR_EMPTY
piglig__go-qr,TIMEOUT_OR_EMPTY
pioz__faker,TIMEOUT_OR_EMPTY
pioz__faker,TIMEOUT_OR_EMPTY
pjebs__optimus-go,TIMEOUT_OR_EMPTY
pjebs__optimus-go,TIMEOUT_OR_EMPTY
pkg__errors,TIMEOUT_OR_EMPTY
pkg__errors,TIMEOUT_OR_EMPTY
plar__go-adaptive-radix-tree,TIMEOUT_OR_EMPTY
plusvic__yara,TIMEOUT_OR_EMPTY
pointlander__peg,TIMEOUT_OR_EMPTY
pointlander__peg,TIMEOUT_OR_EMPTY
polaris1119__The-Golang-Standard-Library-by-Example,TIMEOUT_OR_EMPTY
polaris1119__The-Golang-Standard-Library-by-Example,TIMEOUT_OR_EMPTY
polaris1119__The-Golang-Standard-Library-by-Example,TIMEOUT_OR_EMPTY
posener__client-timing,TIMEOUT_OR_EMPTY
posener__client-timing,TIMEOUT_OR_EMPTY
posener__client-timing,TIMEOUT_OR_EMPTY
posener__ctxutil,TIMEOUT_OR_EMPTY
posener__ctxutil,TIMEOUT_OR_EMPTY
posener__ctxutil,TIMEOUT_OR_EMPTY
prashantgupta24__mac-sleep-notifier,TIMEOUT_OR_EMPTY
prashantgupta24__mac-sleep-notifier,TIMEOUT_OR_EMPTY
prashantgupta24__mac-sleep-notifier,TIMEOUT_OR_EMPTY
pravj__geopattern,TIMEOUT_OR_EMPTY
pravj__geopattern,TIMEOUT_OR_EMPTY
pravj__geopattern,TIMEOUT_OR_EMPTY
profe-ajedrez__obreron,TIMEOUT_OR_EMPTY
profe-ajedrez__obreron,TIMEOUT_OR_EMPTY
profe-ajedrez__obreron,TIMEOUT_OR_EMPTY
psampaz__slice,TIMEOUT_OR_EMPTY
psampaz__slice,TIMEOUT_OR_EMPTY
qiniu__checkstyle,TIMEOUT_OR_EMPTY
qiniu__checkstyle,TIMEOUT_OR_EMPTY
qmuntal__gltf,TIMEOUT_OR_EMPTY
qmuntal__opc,TIMEOUT_OR_EMPTY
qmuntal__opc,TIMEOUT_OR_EMPTY
qmuntal__stateless,TIMEOUT_OR_EMPTY
qmuntal__stateless,TIMEOUT_OR_EMPTY
qmuntal__stateless,TIMEOUT_OR_EMPTY
quagmt__udecimal,TIMEOUT_OR_EMPTY
quantumcycle__metaerr,TIMEOUT_OR_EMPTY
quantumcycle__metaerr,TIMEOUT_OR_EMPTY
quantumcycle__metaerr,TIMEOUT_OR_EMPTY
quii__mockingjay-server,TIMEOUT_OR_EMPTY
quii__mockingjay-server,TIMEOUT_OR_EMPTY
raeperd__kickstart.go,TIMEOUT_OR_EMPTY
raeperd__kickstart.go,TIMEOUT_OR_EMPTY
rafael-santiago__cherry,TIMEOUT_OR_EMPTY
rafael-santiago__cherry,TIMEOUT_OR_EMPTY
rafaeljesus__parallel-fn,TIMEOUT_OR_EMPTY
rafaeljesus__parallel-fn,TIMEOUT_OR_EMPTY
rafaeljesus__parallel-fn,TIMEOUT_OR_EMPTY
rafaeljesus__rabbus,TIMEOUT_OR_EMPTY
rafaeljesus__rabbus,TIMEOUT_OR_EMPTY
rafaeljesus__rabbus,TIMEOUT_OR_EMPTY
rafaeljesus__retry-go,TIMEOUT_OR_EMPTY
rafaeljesus__retry-go,TIMEOUT_OR_EMPTY
rafaeljesus__retry-go,TIMEOUT_OR_EMPTY
rafaeljesus__tempdb,TIMEOUT_OR_EMPTY
rafaeljesus__tempdb,TIMEOUT_OR_EMPTY
rafaeljesus__tempdb,TIMEOUT_OR_EMPTY
rajnandan1__go-tripper,TIMEOUT_OR_EMPTY
rajnandan1__go-tripper,TIMEOUT_OR_EMPTY
rajnandan1__go-tripper,TIMEOUT_OR_EMPTY
ravsii__textra,TIMEOUT_OR_EMPTY
ravsii__textra,TIMEOUT_OR_EMPTY
razonyang__fastrouter,TIMEOUT_OR_EMPTY
razonyang__fastrouter,TIMEOUT_OR_EMPTY
razonyang__fastrouter,TIMEOUT_OR_EMPTY
rbrahul__exception,TIMEOUT_OR_EMPTY
rbrahul__exception,TIMEOUT_OR_EMPTY
rbrahul__exception,TIMEOUT_OR_EMPTY
rbrahul__gofp,TIMEOUT_OR_EMPTY
rbrahul__gofp,TIMEOUT_OR_EMPTY
rbrahul__gofp,TIMEOUT_OR_EMPTY
rbretecher__go-postman-collection,TIMEOUT_OR_EMPTY
rbretecher__go-postman-collection,TIMEOUT_OR_EMPTY
rbretecher__go-postman-collection,TIMEOUT_OR_EMPTY
rdrdr__hamcrest,TIMEOUT_OR_EMPTY
rdrdr__hamcrest,TIMEOUT_OR_EMPTY
rdrdr__hamcrest,TIMEOUT_OR_EMPTY
rekby__fixenv,TIMEOUT_OR_EMPTY
rekby__fixenv,TIMEOUT_OR_EMPTY
rekby__fixenv,TIMEOUT_OR_EMPTY
rekby__objwalker,TIMEOUT_OR_EMPTY
rekby__objwalker,TIMEOUT_OR_EMPTY
rekby__objwalker,TIMEOUT_OR_EMPTY
rekurt__gost-crypto,TIMEOUT_OR_EMPTY
rekurt__gost-crypto,TIMEOUT_OR_EMPTY
relvacode__iso8601,TIMEOUT_OR_EMPTY
relvacode__iso8601,TIMEOUT_OR_EMPTY
repeale__fp-go,TIMEOUT_OR_EMPTY
repeale__fp-go,TIMEOUT_OR_EMPTY
repeale__fp-go,TIMEOUT_OR_EMPTY
reugn__async,TIMEOUT_OR_EMPTY
reugn__async,TIMEOUT_OR_EMPTY
reugn__async,TIMEOUT_OR_EMPTY
reugn__go-quartz,TIMEOUT_OR_EMPTY
reugn__go-quartz,TIMEOUT_OR_EMPTY
reugn__go-quartz,TIMEOUT_OR_EMPTY
reugn__go-streams,TIMEOUT_OR_EMPTY
reugn__go-streams,TIMEOUT_OR_EMPTY
reugn__go-streams,TIMEOUT_OR_EMPTY
rfberaldo__sqlz,TIMEOUT_OR_EMPTY
rfberaldo__sqlz,TIMEOUT_OR_EMPTY
rfberaldo__sqlz,TIMEOUT_OR_EMPTY
rhnvrm__simples3,TIMEOUT_OR_EMPTY
rhnvrm__simples3,TIMEOUT_OR_EMPTY
rhnvrm__simples3,TIMEOUT_OR_EMPTY
rhosocial__go-dag,TIMEOUT_OR_EMPTY
rhosocial__go-dag,TIMEOUT_OR_EMPTY
rhosocial__go-dag,TIMEOUT_OR_EMPTY
rhymond__go-money,TIMEOUT_OR_EMPTY
rhymond__go-money,TIMEOUT_OR_EMPTY
rhymond__go-money,TIMEOUT_OR_EMPTY
ricardolonga__jsongo,TIMEOUT_OR_EMPTY
ricardolonga__jsongo,TIMEOUT_OR_EMPTY
ricardolonga__jsongo,TIMEOUT_OR_EMPTY
rjohnsondev__vim-compiler-go,TIMEOUT_OR_EMPTY
rjohnsondev__vim-compiler-go,TIMEOUT_OR_EMPTY
rk__go-cron,TIMEOUT_OR_EMPTY
rk__go-cron,TIMEOUT_OR_EMPTY
rk__go-cron,TIMEOUT_OR_EMPTY
rkoesters__xdg,TIMEOUT_OR_EMPTY
rkoesters__xdg,TIMEOUT_OR_EMPTY
rkoesters__xdg,TIMEOUT_OR_EMPTY
rlmcpherson__s3gof3r,TIMEOUT_OR_EMPTY
rlmcpherson__s3gof3r,TIMEOUT_OR_EMPTY
rlmcpherson__s3gof3r,TIMEOUT_OR_EMPTY
rluders__httpsuite,TIMEOUT_OR_EMPTY
rluders__httpsuite,TIMEOUT_OR_EMPTY
rluders__httpsuite,TIMEOUT_OR_EMPTY
robfig__bind,TIMEOUT_OR_EMPTY
robfig__bind,TIMEOUT_OR_EMPTY
robfig__bind,TIMEOUT_OR_EMPTY
roblillack__spot,TIMEOUT_OR_EMPTY
roblillack__spot,TIMEOUT_OR_EMPTY
roblillack__spot,TIMEOUT_OR_EMPTY
rocketlaunchr__igo,TIMEOUT_OR_EMPTY
rocketlaunchr__igo,TIMEOUT_OR_EMPTY
rocketlaunchr__igo,TIMEOUT_OR_EMPTY
rookii__paicehusk,TIMEOUT_OR_EMPTY
rookii__paicehusk,TIMEOUT_OR_EMPTY
rookii__paicehusk,TIMEOUT_OR_EMPTY
rqlite__rqlite,TIMEOUT_OR_EMPTY
rqlite__rqlite,TIMEOUT_OR_EMPTY
rqlite__rqlite,TIMEOUT_OR_EMPTY
rs__formjson,TIMEOUT_OR_EMPTY
rs__formjson,TIMEOUT_OR_EMPTY
rs__formjson,TIMEOUT_OR_EMPTY
rs__xid,TIMEOUT_OR_EMPTY
rs__xid,TIMEOUT_OR_EMPTY
rs__xid,TIMEOUT_OR_EMPTY
rs__xlog,TIMEOUT_OR_EMPTY
rs__xlog,TIMEOUT_OR_EMPTY
rs__xlog,TIMEOUT_OR_EMPTY
rs__xmux,TIMEOUT_OR_EMPTY
rs__xmux,TIMEOUT_OR_EMPTY
rs__xmux,TIMEOUT_OR_EMPTY
rsjethani__secret,TIMEOUT_OR_EMPTY
rsjethani__secret,TIMEOUT_OR_EMPTY
rsjethani__secret,TIMEOUT_OR_EMPTY
russross__blackfriday,TIMEOUT_OR_EMPTY
russross__blackfriday,TIMEOUT_OR_EMPTY
russross__blackfriday,TIMEOUT_OR_EMPTY
s0rg__quadtree,TIMEOUT_OR_EMPTY
s0rg__quadtree,TIMEOUT_OR_EMPTY
s0rg__quadtree,TIMEOUT_OR_EMPTY
sadlil__go-trigger,TIMEOUT_OR_EMPTY
sadlil__go-trigger,TIMEOUT_OR_EMPTY
sadlil__go-trigger,TIMEOUT_OR_EMPTY
saleh-rahimzadeh__go-words,TIMEOUT_OR_EMPTY
saleh-rahimzadeh__go-words,TIMEOUT_OR_EMPTY
saleh-rahimzadeh__go-words,TIMEOUT_OR_EMPTY
sanathp__statusok,TIMEOUT_OR_EMPTY
sanathp__statusok,TIMEOUT_OR_EMPTY
sanathp__statusok,TIMEOUT_OR_EMPTY
sanbornm__mp,TIMEOUT_OR_EMPTY
sanbornm__mp,TIMEOUT_OR_EMPTY
sashabaranov__go-openai,TIMEOUT_OR_EMPTY
sashabaranov__go-openai,TIMEOUT_OR_EMPTY
sashabaranov__go-openai,TIMEOUT_OR_EMPTY
sbabiv__rmqconn,TIMEOUT_OR_EMPTY
sbabiv__rmqconn,TIMEOUT_OR_EMPTY
sbabiv__xml2map,TIMEOUT_OR_EMPTY
sbabiv__xml2map,TIMEOUT_OR_EMPTY
sbabiv__xml2map,TIMEOUT_OR_EMPTY
schigh__circuit,TIMEOUT_OR_EMPTY
schigh__circuit,TIMEOUT_OR_EMPTY
schigh__circuit,TIMEOUT_OR_EMPTY
schigh__str,TIMEOUT_OR_EMPTY
schigh__str,TIMEOUT_OR_EMPTY
schigh__str,TIMEOUT_OR_EMPTY
scigolib__hdf5,TIMEOUT_OR_EMPTY
scigolib__hdf5,TIMEOUT_OR_EMPTY
scigolib__hdf5,TIMEOUT_OR_EMPTY
sciter-sdk__go-sciter,TIMEOUT_OR_EMPTY
sciter-sdk__go-sciter,TIMEOUT_OR_EMPTY
sciter-sdk__go-sciter,TIMEOUT_OR_EMPTY
sdqri__effdsl,TIMEOUT_OR_EMPTY
sdqri__effdsl,TIMEOUT_OR_EMPTY
sdqri__effdsl,TIMEOUT_OR_EMPTY
seanhagen__bradleyterry,TIMEOUT_OR_EMPTY
seanhagen__bradleyterry,TIMEOUT_OR_EMPTY
seanhagen__bradleyterry,TIMEOUT_OR_EMPTY
sebest__logrusly,TIMEOUT_OR_EMPTY
sebest__logrusly,TIMEOUT_OR_EMPTY
sebest__logrusly,TIMEOUT_OR_EMPTY
sendgrid__sendgrid-go,TIMEOUT_OR_EMPTY
sendgrid__sendgrid-go,TIMEOUT_OR_EMPTY
sergiotapia__smitego,TIMEOUT_OR_EMPTY
sergiotapia__smitego,TIMEOUT_OR_EMPTY
sergiotapia__smitego,TIMEOUT_OR_EMPTY
sethgrid__pester,TIMEOUT_OR_EMPTY
sethgrid__pester,TIMEOUT_OR_EMPTY
sethgrid__pester,TIMEOUT_OR_EMPTY
sgreben__piecewiselinear,TIMEOUT_OR_EMPTY
sgreben__piecewiselinear,TIMEOUT_OR_EMPTY
sgreben__piecewiselinear,TIMEOUT_OR_EMPTY
sgrodriguez__ddt,TIMEOUT_OR_EMPTY
sgrodriguez__ddt,TIMEOUT_OR_EMPTY
sgrodriguez__ddt,TIMEOUT_OR_EMPTY
shafreeck__retry,TIMEOUT_OR_EMPTY
shafreeck__retry,TIMEOUT_OR_EMPTY
shafreeck__retry,TIMEOUT_OR_EMPTY
shalakhin__gophericons,TIMEOUT_OR_EMPTY
shalakhin__gophericons,TIMEOUT_OR_EMPTY
shalakhin__gophericons,TIMEOUT_OR_EMPTY
shettyh__threadpool,TIMEOUT_OR_EMPTY
shettyh__threadpool,TIMEOUT_OR_EMPTY
shettyh__threadpool,TIMEOUT_OR_EMPTY
shockerli__cvt,TIMEOUT_OR_EMPTY
shockerli__cvt,TIMEOUT_OR_EMPTY
shockerli__cvt,TIMEOUT_OR_EMPTY
shomali11__util,TIMEOUT_OR_EMPTY
shomali11__util,TIMEOUT_OR_EMPTY
shomali11__util,TIMEOUT_OR_EMPTY
shopspring__decimal,TIMEOUT_OR_EMPTY
shopspring__decimal,TIMEOUT_OR_EMPTY
shopspring__decimal,TIMEOUT_OR_EMPTY
shpota__goxygen,TIMEOUT_OR_EMPTY
shpota__goxygen,TIMEOUT_OR_EMPTY
shurcooL__Go-Package-Store,TIMEOUT_OR_EMPTY
shurcooL__Go-Package-Store,TIMEOUT_OR_EMPTY
shurcooL__trayhost,TIMEOUT_OR_EMPTY
shurcooL__trayhost,TIMEOUT_OR_EMPTY
shurcooL__trayhost,TIMEOUT_OR_EMPTY
sillecelik__go-gopher,TIMEOUT_OR_EMPTY
sillecelik__go-gopher,TIMEOUT_OR_EMPTY
sillecelik__go-gopher,TIMEOUT_OR_EMPTY
simonnilsson__ask,TIMEOUT_OR_EMPTY
simonnilsson__ask,TIMEOUT_OR_EMPTY
simonnilsson__ask,TIMEOUT_OR_EMPTY
simukti__sqldb-logger,TIMEOUT_OR_EMPTY
simukti__sqldb-logger,TIMEOUT_OR_EMPTY
simukti__sqldb-logger,TIMEOUT_OR_EMPTY
sindresorhus__awesome,TIMEOUT_OR_EMPTY
sindresorhus__awesome,TIMEOUT_OR_EMPTY
sindresorhus__awesome,TIMEOUT_OR_EMPTY
sipin__gorazor,TIMEOUT_OR_EMPTY
sipin__gorazor,TIMEOUT_OR_EMPTY
sipin__gorazor,TIMEOUT_OR_EMPTY
sirnewton01__godbg,TIMEOUT_OR_EMPTY
sirnewton01__godbg,TIMEOUT_OR_EMPTY
sirnewton01__godbg,TIMEOUT_OR_EMPTY
sj14__dbbench,TIMEOUT_OR_EMPTY
sj14__dbbench,TIMEOUT_OR_EMPTY
sj14__dbbench,TIMEOUT_OR_EMPTY
sjwhitworth__golearn,TIMEOUT_OR_EMPTY
sjwhitworth__golearn,TIMEOUT_OR_EMPTY
sjwhitworth__golearn,TIMEOUT_OR_EMPTY
skanehira__gjo,TIMEOUT_OR_EMPTY
skanehira__gjo,TIMEOUT_OR_EMPTY
skanehira__gjo,TIMEOUT_OR_EMPTY
skelterjohn__geom,TIMEOUT_OR_EMPTY
skelterjohn__geom,TIMEOUT_OR_EMPTY
skelterjohn__geom,TIMEOUT_OR_EMPTY
skovtunenko__graterm,TIMEOUT_OR_EMPTY
skovtunenko__graterm,TIMEOUT_OR_EMPTY
skovtunenko__graterm,TIMEOUT_OR_EMPTY
socifi__jazz,TIMEOUT_OR_EMPTY
socifi__jazz,TIMEOUT_OR_EMPTY
socifi__jazz,TIMEOUT_OR_EMPTY
solher__arangolite,TIMEOUT_OR_EMPTY
solher__arangolite,TIMEOUT_OR_EMPTY
solher__arangolite,TIMEOUT_OR_EMPTY
songgao__ether,TIMEOUT_OR_EMPTY
songgao__ether,TIMEOUT_OR_EMPTY
songgao__ether,TIMEOUT_OR_EMPTY
songgao__water,TIMEOUT_OR_EMPTY
songgao__water,TIMEOUT_OR_EMPTY
songgao__water,TIMEOUT_OR_EMPTY
sonh__qs,TIMEOUT_OR_EMPTY
sonh__qs,TIMEOUT_OR_EMPTY
sonh__qs,TIMEOUT_OR_EMPTY
sostronk__go-steam,TIMEOUT_OR_EMPTY
sostronk__go-steam,TIMEOUT_OR_EMPTY
sostronk__go-steam,TIMEOUT_OR_EMPTY
speedata__go-lua,TIMEOUT_OR_EMPTY
speedata__go-lua,TIMEOUT_OR_EMPTY
spf13__pflag,TIMEOUT_OR_EMPTY
spf13__pflag,TIMEOUT_OR_EMPTY
srfrog__dict,TIMEOUT_OR_EMPTY
srfrog__dict,TIMEOUT_OR_EMPTY
srfrog__dict,TIMEOUT_OR_EMPTY
ssgreg__stl,TIMEOUT_OR_EMPTY
ssgreg__stl,TIMEOUT_OR_EMPTY
stabbycutyou__buffstreams,TIMEOUT_OR_EMPTY
stabbycutyou__buffstreams,TIMEOUT_OR_EMPTY
stabbycutyou__buffstreams,TIMEOUT_OR_EMPTY
stanipetrosyan__go-eventbus,TIMEOUT_OR_EMPTY
stanipetrosyan__go-eventbus,TIMEOUT_OR_EMPTY
stanipetrosyan__go-eventbus,TIMEOUT_OR_EMPTY
staskobzar__goagi,TIMEOUT_OR_EMPTY
staskobzar__goagi,TIMEOUT_OR_EMPTY
staskobzar__goagi,TIMEOUT_OR_EMPTY
staskobzar__goami2,TIMEOUT_OR_EMPTY
staskobzar__goami2,TIMEOUT_OR_EMPTY
staskobzar__goami2,TIMEOUT_OR_EMPTY
stianeikeland__go-rpio,TIMEOUT_OR_EMPTY
stianeikeland__go-rpio,TIMEOUT_OR_EMPTY
stianeikeland__go-rpio,TIMEOUT_OR_EMPTY
striker2000__petrovich,TIMEOUT_OR_EMPTY
striker2000__petrovich,TIMEOUT_OR_EMPTY
striker2000__petrovich,TIMEOUT_OR_EMPTY
studiosol__async,TIMEOUT_OR_EMPTY
studiosol__async,TIMEOUT_OR_EMPTY
studiosol__async,TIMEOUT_OR_EMPTY
subchen__go-log,TIMEOUT_OR_EMPTY
subchen__go-log,TIMEOUT_OR_EMPTY
subchen__go-log,TIMEOUT_OR_EMPTY
subpop__go-ini,TIMEOUT_OR_EMPTY
subpop__go-ini,TIMEOUT_OR_EMPTY
subpop__go-ini,TIMEOUT_OR_EMPTY
superwhiskers__crunch,TIMEOUT_OR_EMPTY
superwhiskers__crunch,TIMEOUT_OR_EMPTY
superwhiskers__crunch,TIMEOUT_OR_EMPTY
surenderthakran__gomind,TIMEOUT_OR_EMPTY
surenderthakran__gomind,TIMEOUT_OR_EMPTY
surenderthakran__gomind,TIMEOUT_OR_EMPTY
switchupcb__disgo,TIMEOUT_OR_EMPTY
switchupcb__disgo,TIMEOUT_OR_EMPTY
switchupcb__disgo,TIMEOUT_OR_EMPTY
sybrexsys__RapidMQ,TIMEOUT_OR_EMPTY
sybrexsys__RapidMQ,TIMEOUT_OR_EMPTY
sybrexsys__RapidMQ,TIMEOUT_OR_EMPTY
syntaqx__cookie,TIMEOUT_OR_EMPTY
syntaqx__cookie,TIMEOUT_OR_EMPTY
syntaqx__cookie,TIMEOUT_OR_EMPTY
syntaqx__serve,TIMEOUT_OR_EMPTY
syntaqx__serve,TIMEOUT_OR_EMPTY
syntaqx__serve,TIMEOUT_OR_EMPTY
tchayen__triangolatte,TIMEOUT_OR_EMPTY
tchayen__triangolatte,TIMEOUT_OR_EMPTY
tchayen__triangolatte,TIMEOUT_OR_EMPTY
technohippy__go-glmatrix,TIMEOUT_OR_EMPTY
technohippy__go-glmatrix,TIMEOUT_OR_EMPTY
technohippy__go-glmatrix,TIMEOUT_OR_EMPTY
tejzpr__ordered-concurrently,TIMEOUT_OR_EMPTY
tejzpr__ordered-concurrently,TIMEOUT_OR_EMPTY
tejzpr__ordered-concurrently,TIMEOUT_OR_EMPTY
tenntenn__gopher-stickers,TIMEOUT_OR_EMPTY
tenntenn__gopher-stickers,TIMEOUT_OR_EMPTY
tenntenn__gopher-stickers,TIMEOUT_OR_EMPTY
teris-io__log,TIMEOUT_OR_EMPTY
teris-io__log,TIMEOUT_OR_EMPTY
teris-io__log,TIMEOUT_OR_EMPTY
teris-io__shortid,TIMEOUT_OR_EMPTY
teris-io__shortid,TIMEOUT_OR_EMPTY
teris-io__shortid,TIMEOUT_OR_EMPTY
thedevsaddam__gojsonq,TIMEOUT_OR_EMPTY
thedevsaddam__gojsonq,TIMEOUT_OR_EMPTY
thedevsaddam__gojsonq,TIMEOUT_OR_EMPTY
thedevsaddam__govalidator,TIMEOUT_OR_EMPTY
thedevsaddam__govalidator,TIMEOUT_OR_EMPTY
thedevsaddam__govalidator,TIMEOUT_OR_EMPTY
thedevsaddam__renderer,TIMEOUT_OR_EMPTY
thedevsaddam__renderer,TIMEOUT_OR_EMPTY
thedevsaddam__renderer,TIMEOUT_OR_EMPTY
thedevsaddam__retry,TIMEOUT_OR_EMPTY
thedevsaddam__retry,TIMEOUT_OR_EMPTY
thedevsaddam__retry,TIMEOUT_OR_EMPTY
thevxn__dish,TIMEOUT_OR_EMPTY
thevxn__dish,TIMEOUT_OR_EMPTY
thevxn__dish,TIMEOUT_OR_EMPTY
thoas__go-funk,TIMEOUT_OR_EMPTY
thoas__go-funk,TIMEOUT_OR_EMPTY
thoas__go-funk,TIMEOUT_OR_EMPTY
thoas__stats,TIMEOUT_OR_EMPTY
thoas__stats,TIMEOUT_OR_EMPTY
thoas__stats,TIMEOUT_OR_EMPTY
thoj__go-galib,TIMEOUT_OR_EMPTY
thoj__go-galib,TIMEOUT_OR_EMPTY
thoj__go-galib,TIMEOUT_OR_EMPTY
tibcosoftware__flogo,TIMEOUT_OR_EMPTY
tibcosoftware__flogo,TIMEOUT_OR_EMPTY
tibcosoftware__flogo,TIMEOUT_OR_EMPTY
tickstem__heartbeat,TIMEOUT_OR_EMPTY
tickstem__heartbeat,TIMEOUT_OR_EMPTY
tickstem__heartbeat,TIMEOUT_OR_EMPTY
tickstem__verify,TIMEOUT_OR_EMPTY
tickstem__verify,TIMEOUT_OR_EMPTY
tickstem__verify,TIMEOUT_OR_EMPTY
tiendc__autowire,TIMEOUT_OR_EMPTY
tiendc__autowire,TIMEOUT_OR_EMPTY
tiendc__autowire,TIMEOUT_OR_EMPTY
tiendc__go-deepcopy,TIMEOUT_OR_EMPTY
tiendc__go-deepcopy,TIMEOUT_OR_EMPTY
timandy__routine,TIMEOUT_OR_EMPTY
timandy__routine,TIMEOUT_OR_EMPTY
timandy__routine,TIMEOUT_OR_EMPTY
tirthpatell__threads-go,TIMEOUT_OR_EMPTY
tirthpatell__threads-go,TIMEOUT_OR_EMPTY
tirthpatell__threads-go,TIMEOUT_OR_EMPTY
tmrts__boilr,TIMEOUT_OR_EMPTY
tmrts__boilr,TIMEOUT_OR_EMPTY
tmrts__boilr,TIMEOUT_OR_EMPTY
tmrts__go-patterns,TIMEOUT_OR_EMPTY
tmrts__go-patterns,TIMEOUT_OR_EMPTY
tmrts__go-patterns,TIMEOUT_OR_EMPTY
todotxt__todo.txt,TIMEOUT_OR_EMPTY
todotxt__todo.txt,TIMEOUT_OR_EMPTY
todotxt__todo.txt,TIMEOUT_OR_EMPTY
tomcraven__goga,TIMEOUT_OR_EMPTY
tomcraven__goga,TIMEOUT_OR_EMPTY
tomcraven__goga,TIMEOUT_OR_EMPTY
tomwright__queryparam,TIMEOUT_OR_EMPTY
tomwright__queryparam,TIMEOUT_OR_EMPTY
tomwright__queryparam,TIMEOUT_OR_EMPTY
topfreegames__apm,TIMEOUT_OR_EMPTY
topfreegames__apm,TIMEOUT_OR_EMPTY
topfreegames__apm,TIMEOUT_OR_EMPTY
topfreegames__pitaya,TIMEOUT_OR_EMPTY
topfreegames__pitaya,TIMEOUT_OR_EMPTY
topfreegames__pitaya,TIMEOUT_OR_EMPTY
tosone__minimp3,TIMEOUT_OR_EMPTY
tosone__minimp3,TIMEOUT_OR_EMPTY
tosone__minimp3,TIMEOUT_OR_EMPTY
tucnak__climax,TIMEOUT_OR_EMPTY
tucnak__climax,TIMEOUT_OR_EMPTY
tucnak__climax,TIMEOUT_OR_EMPTY
tuupola__branca-spec,TIMEOUT_OR_EMPTY
tuupola__branca-spec,TIMEOUT_OR_EMPTY
tuupola__branca-spec,TIMEOUT_OR_EMPTY
tuvistavie__structomap,TIMEOUT_OR_EMPTY
tuvistavie__structomap,TIMEOUT_OR_EMPTY
tuvistavie__structomap,TIMEOUT_OR_EMPTY
tuxychandru__pubsub,TIMEOUT_OR_EMPTY
tuxychandru__pubsub,TIMEOUT_OR_EMPTY
tuxychandru__pubsub,TIMEOUT_OR_EMPTY
tv42__mockhttp,TIMEOUT_OR_EMPTY
tv42__mockhttp,TIMEOUT_OR_EMPTY
tv42__mockhttp,TIMEOUT_OR_EMPTY
twharmon__gouid,TIMEOUT_OR_EMPTY
twharmon__gouid,TIMEOUT_OR_EMPTY
twharmon__gouid,TIMEOUT_OR_EMPTY
twharmon__slices,TIMEOUT_OR_EMPTY
twharmon__slices,TIMEOUT_OR_EMPTY
twharmon__slices,TIMEOUT_OR_EMPTY
two__tspool,TIMEOUT_OR_EMPTY
two__tspool,TIMEOUT_OR_EMPTY
tylertreat__go-benchmarks,TIMEOUT_OR_EMPTY
tylertreat__go-benchmarks,TIMEOUT_OR_EMPTY
tylertreat__go-benchmarks,TIMEOUT_OR_EMPTY
tylerwince__godbg,TIMEOUT_OR_EMPTY
tylerwince__godbg,TIMEOUT_OR_EMPTY
tylerwince__godbg,TIMEOUT_OR_EMPTY
tylfin__dynatomic,TIMEOUT_OR_EMPTY
tylfin__dynatomic,TIMEOUT_OR_EMPTY
tylfin__dynatomic,TIMEOUT_OR_EMPTY
uber-go__multierr,TIMEOUT_OR_EMPTY
uber-go__multierr,TIMEOUT_OR_EMPTY
uber-go__multierr,TIMEOUT_OR_EMPTY
uber__h3-go,TIMEOUT_OR_EMPTY
uber__h3-go,TIMEOUT_OR_EMPTY
uber__h3-go,TIMEOUT_OR_EMPTY
ubgo__lock,TIMEOUT_OR_EMPTY
ubgo__lock,TIMEOUT_OR_EMPTY
ubgo__lock,TIMEOUT_OR_EMPTY
ufoscout__go-up,TIMEOUT_OR_EMPTY
ufoscout__go-up,TIMEOUT_OR_EMPTY
ugorji__go,TIMEOUT_OR_EMPTY
ugorji__go,TIMEOUT_OR_EMPTY
ugorji__go,TIMEOUT_OR_EMPTY
ulovecode__gdcache,TIMEOUT_OR_EMPTY
ulovecode__gdcache,TIMEOUT_OR_EMPTY
ulule__deepcopier,TIMEOUT_OR_EMPTY
ulule__deepcopier,TIMEOUT_OR_EMPTY
ulule__deepcopier,TIMEOUT_OR_EMPTY
uniplaces__carbon,TIMEOUT_OR_EMPTY
uniplaces__carbon,TIMEOUT_OR_EMPTY
uniplaces__carbon,TIMEOUT_OR_EMPTY
unrolled__secure,TIMEOUT_OR_EMPTY
unrolled__secure,TIMEOUT_OR_EMPTY
urfave__cli,TIMEOUT_OR_EMPTY
urfave__cli,TIMEOUT_OR_EMPTY
urfave__cli,TIMEOUT_OR_EMPTY
urfave__negroni,TIMEOUT_OR_EMPTY
urfave__negroni,TIMEOUT_OR_EMPTY
urfave__negroni,TIMEOUT_OR_EMPTY
ursiform__sleuth,TIMEOUT_OR_EMPTY
ursiform__sleuth,TIMEOUT_OR_EMPTY
ursiform__sleuth,TIMEOUT_OR_EMPTY
usk81__generic,TIMEOUT_OR_EMPTY
usk81__generic,TIMEOUT_OR_EMPTY
usk81__generic,TIMEOUT_OR_EMPTY
utekaravinash__gopaapi5,TIMEOUT_OR_EMPTY
utekaravinash__gopaapi5,TIMEOUT_OR_EMPTY
vaelen__iot,TIMEOUT_OR_EMPTY
vaelen__iot,TIMEOUT_OR_EMPTY
vaelen__iot,TIMEOUT_OR_EMPTY
valord577__mailx,TIMEOUT_OR_EMPTY
valord577__mailx,TIMEOUT_OR_EMPTY
valord577__mailx,TIMEOUT_OR_EMPTY
valyala__gorpc,TIMEOUT_OR_EMPTY
valyala__gorpc,TIMEOUT_OR_EMPTY
valyala__gorpc,TIMEOUT_OR_EMPTY
verdverm__frisby,TIMEOUT_OR_EMPTY
verifid__vl-go,TIMEOUT_OR_EMPTY
verifid__vl-go,TIMEOUT_OR_EMPTY
verifid__vl-go,TIMEOUT_OR_EMPTY
viant__asc,TIMEOUT_OR_EMPTY
viant__asc,TIMEOUT_OR_EMPTY
viant__asc,TIMEOUT_OR_EMPTY
viant__dsunit,TIMEOUT_OR_EMPTY
viant__dsunit,TIMEOUT_OR_EMPTY
viant__dsunit,TIMEOUT_OR_EMPTY
viant__ptrie,TIMEOUT_OR_EMPTY
viant__ptrie,TIMEOUT_OR_EMPTY
viant__ptrie,TIMEOUT_OR_EMPTY
vivek-ng__concurrency-limiter,TIMEOUT_OR_EMPTY
vivek-ng__concurrency-limiter,TIMEOUT_OR_EMPTY
vkuznet__x509proxy,TIMEOUT_OR_EMPTY
vkuznet__x509proxy,TIMEOUT_OR_EMPTY
vrecan__death,TIMEOUT_OR_EMPTY
vrecan__death,TIMEOUT_OR_EMPTY
vrecan__death,TIMEOUT_OR_EMPTY
vrischmann__envconfig,TIMEOUT_OR_EMPTY
vrischmann__envconfig,TIMEOUT_OR_EMPTY
vrischmann__envconfig,TIMEOUT_OR_EMPTY
vtopc__epoch,TIMEOUT_OR_EMPTY
vtopc__epoch,TIMEOUT_OR_EMPTY
vtopc__epoch,TIMEOUT_OR_EMPTY
wI2L__jettison,TIMEOUT_OR_EMPTY
wI2L__jettison,TIMEOUT_OR_EMPTY
wI2L__jettison,TIMEOUT_OR_EMPTY
wI2L__jsondiff,TIMEOUT_OR_EMPTY
wI2L__jsondiff,TIMEOUT_OR_EMPTY
wI2L__jsondiff,TIMEOUT_OR_EMPTY
wa-lang__wa,TIMEOUT_OR_EMPTY
wa-lang__wa,TIMEOUT_OR_EMPTY
wa-lang__wa,TIMEOUT_OR_EMPTY
wenerme__go-req,TIMEOUT_OR_EMPTY
wenerme__go-req,TIMEOUT_OR_EMPTY
wenerme__go-req,TIMEOUT_OR_EMPTY
wesovilabs__koazee,TIMEOUT_OR_EMPTY
wesovilabs__koazee,TIMEOUT_OR_EMPTY
wesovilabs__koazee,TIMEOUT_OR_EMPTY
wgliang__goreporter,TIMEOUT_OR_EMPTY
wgliang__goreporter,TIMEOUT_OR_EMPTY
wgliang__goreporter,TIMEOUT_OR_EMPTY
white-pony__go-fann,TIMEOUT_OR_EMPTY
white-pony__go-fann,TIMEOUT_OR_EMPTY
white-pony__go-fann,TIMEOUT_OR_EMPTY
wlbr__feiertage,TIMEOUT_OR_EMPTY
wlbr__feiertage,TIMEOUT_OR_EMPTY
wlbr__feiertage,TIMEOUT_OR_EMPTY
workanator__go-floc,TIMEOUT_OR_EMPTY
workanator__go-floc,TIMEOUT_OR_EMPTY
workanator__go-floc,TIMEOUT_OR_EMPTY
wroge__scan,TIMEOUT_OR_EMPTY
wroge__scan,TIMEOUT_OR_EMPTY
wroge__scan,TIMEOUT_OR_EMPTY
wzshiming__gotype,TIMEOUT_OR_EMPTY
wzshiming__gotype,TIMEOUT_OR_EMPTY
wzshiming__gotype,TIMEOUT_OR_EMPTY
x1unix__docker-go-mingw,TIMEOUT_OR_EMPTY
x1unix__docker-go-mingw,TIMEOUT_OR_EMPTY
x1unix__docker-go-mingw,TIMEOUT_OR_EMPTY
xcodersun__eywa,TIMEOUT_OR_EMPTY
xcodersun__eywa,TIMEOUT_OR_EMPTY
xcodersun__eywa,TIMEOUT_OR_EMPTY
xfxdev__xlog,TIMEOUT_OR_EMPTY
xfxdev__xlog,TIMEOUT_OR_EMPTY
xfxdev__xlog,TIMEOUT_OR_EMPTY
xfxdev__xtcp,TIMEOUT_OR_EMPTY
xfxdev__xtcp,TIMEOUT_OR_EMPTY
xfxdev__xtcp,TIMEOUT_OR_EMPTY
xhit__go-str2duration,TIMEOUT_OR_EMPTY
xhit__go-str2duration,TIMEOUT_OR_EMPTY
xhit__go-str2duration,TIMEOUT_OR_EMPTY
xiaoxin01__typeregistry,TIMEOUT_OR_EMPTY
xiaoxin01__typeregistry,TIMEOUT_OR_EMPTY
xiaoxin01__typeregistry,TIMEOUT_OR_EMPTY
xis__baraka,TIMEOUT_OR_EMPTY
xis__baraka,TIMEOUT_OR_EMPTY
xis__baraka,TIMEOUT_OR_EMPTY
xml-comp__xml-comp,TIMEOUT_OR_EMPTY
xml-comp__xml-comp,TIMEOUT_OR_EMPTY
xml-comp__xml-comp,TIMEOUT_OR_EMPTY
xorcare__pointer,TIMEOUT_OR_EMPTY
xorcare__pointer,TIMEOUT_OR_EMPTY
xorcare__pointer,TIMEOUT_OR_EMPTY
xta__okrun,TIMEOUT_OR_EMPTY
xta__okrun,TIMEOUT_OR_EMPTY
xujiajun__gorouter,TIMEOUT_OR_EMPTY
xujiajun__gorouter,TIMEOUT_OR_EMPTY
xujiajun__gorouter,TIMEOUT_OR_EMPTY
xujiajun__gotokenizer,TIMEOUT_OR_EMPTY
xujiajun__gotokenizer,TIMEOUT_OR_EMPTY
xujiajun__gotokenizer,TIMEOUT_OR_EMPTY
xxjwxc__gofal,TIMEOUT_OR_EMPTY
xxjwxc__gofal,TIMEOUT_OR_EMPTY
xyproto__algernon,TIMEOUT_OR_EMPTY
xyproto__algernon,TIMEOUT_OR_EMPTY
xyproto__algernon,TIMEOUT_OR_EMPTY
yaa110__goterator,TIMEOUT_OR_EMPTY
yaa110__goterator,TIMEOUT_OR_EMPTY
yaa110__goterator,TIMEOUT_OR_EMPTY
yaitoo__async,TIMEOUT_OR_EMPTY
yaitoo__async,TIMEOUT_OR_EMPTY
yaitoo__async,TIMEOUT_OR_EMPTY
yaitoo__xun,TIMEOUT_OR_EMPTY
yaitoo__xun,TIMEOUT_OR_EMPTY
yaitoo__xun,TIMEOUT_OR_EMPTY
yaronsumel__filler,TIMEOUT_OR_EMPTY
yaronsumel__filler,TIMEOUT_OR_EMPTY
yaronsumel__filler,TIMEOUT_OR_EMPTY
yassinebenaid__godump,TIMEOUT_OR_EMPTY
yassinebenaid__godump,TIMEOUT_OR_EMPTY
yassinebenaid__godump,TIMEOUT_OR_EMPTY
ybbus__httpretry,TIMEOUT_OR_EMPTY
ybbus__httpretry,TIMEOUT_OR_EMPTY
ybbus__httpretry,TIMEOUT_OR_EMPTY
ybbus__jsonrpc,TIMEOUT_OR_EMPTY
ybbus__jsonrpc,TIMEOUT_OR_EMPTY
ybbus__jsonrpc,TIMEOUT_OR_EMPTY
yl2chen__cidranger,TIMEOUT_OR_EMPTY
yl2chen__cidranger,TIMEOUT_OR_EMPTY
yl2chen__cidranger,TIMEOUT_OR_EMPTY
yourbasic__bit,TIMEOUT_OR_EMPTY
yourbasic__bit,TIMEOUT_OR_EMPTY
yourbasic__bit,TIMEOUT_OR_EMPTY
yourbasic__graph,TIMEOUT_OR_EMPTY
yourbasic__graph,TIMEOUT_OR_EMPTY
yourbasic__graph,TIMEOUT_OR_EMPTY
yourbasic__radix,TIMEOUT_OR_EMPTY
yourbasic__radix,TIMEOUT_OR_EMPTY
yourbasic__radix,TIMEOUT_OR_EMPTY
youthlin__stream,TIMEOUT_OR_EMPTY
youthlin__stream,TIMEOUT_OR_EMPTY
youthlin__stream,TIMEOUT_OR_EMPTY
yudppp__throttle,TIMEOUT_OR_EMPTY
yudppp__throttle,TIMEOUT_OR_EMPTY
yuin__goldmark,TIMEOUT_OR_EMPTY
yuin__goldmark,TIMEOUT_OR_EMPTY
yuin__goldmark,TIMEOUT_OR_EMPTY
yunabe__lgo,TIMEOUT_OR_EMPTY
yunabe__lgo,TIMEOUT_OR_EMPTY
yunabe__lgo,TIMEOUT_OR_EMPTY
yuroyoro__goast-viewer,TIMEOUT_OR_EMPTY
yuroyoro__goast-viewer,TIMEOUT_OR_EMPTY
yuroyoro__goast-viewer,TIMEOUT_OR_EMPTY
yuseferi__gocache,TIMEOUT_OR_EMPTY
yuseferi__gocache,TIMEOUT_OR_EMPTY
yuseferi__gocache,TIMEOUT_OR_EMPTY
zendev-sh__zenflow,CLONE_FAIL
zendev-sh__zenflow,CLONE_FAIL
zendev-sh__zenflow,CLONE_FAIL
zenthangplus__goccm,TIMEOUT_OR_EMPTY
zenthangplus__goccm,TIMEOUT_OR_EMPTY
zenthangplus__goccm,TIMEOUT_OR_EMPTY
zeromq__libzmq,TIMEOUT_OR_EMPTY
zeromq__libzmq,TIMEOUT_OR_EMPTY
zeromq__libzmq,TIMEOUT_OR_EMPTY
zerosnake0__jzon,TIMEOUT_OR_EMPTY
zerosnake0__jzon,TIMEOUT_OR_EMPTY
zerosnake0__jzon,TIMEOUT_OR_EMPTY
zhenjl__bloom,TIMEOUT_OR_EMPTY
zhenjl__bloom,TIMEOUT_OR_EMPTY
zhenjl__bloom,TIMEOUT_OR_EMPTY
zhenjl__porter2,TIMEOUT_OR_EMPTY
zhenjl__porter2,TIMEOUT_OR_EMPTY
zhuangsirui__binpacker,TIMEOUT_OR_EMPTY
zhuangsirui__binpacker,TIMEOUT_OR_EMPTY
zhuangsirui__binpacker,TIMEOUT_OR_EMPTY
zhulongcheng__testsql,TIMEOUT_OR_EMPTY
zhulongcheng__testsql,TIMEOUT_OR_EMPTY
zhulongcheng__testsql,TIMEOUT_OR_EMPTY
zimmski__tavor,TIMEOUT_OR_EMPTY
zimmski__tavor,TIMEOUT_OR_EMPTY
zitadel__oidc,CLONE_FAIL
zitadel__oidc,CLONE_FAIL
zitadel__oidc,CLONE_FAIL
zoumo__goset,TIMEOUT_OR_EMPTY
zoumo__goset,TIMEOUT_OR_EMPTY
zoumo__goset,TIMEOUT_OR_EMPTY
zpatrick__rclient,TIMEOUT_OR_EMPTY
zpatrick__rclient,TIMEOUT_OR_EMPTY
zserge__webview,TIMEOUT_OR_EMPTY
zserge__webview,TIMEOUT_OR_EMPTY
zserge__webview,TIMEOUT_OR_EMPTY
ztrue__tracerr,TIMEOUT_OR_EMPTY
ztrue__tracerr,TIMEOUT_OR_EMPTY
ztrue__tracerr,TIMEOUT_OR_EMPTY
zubairhamed__canopus,TIMEOUT_OR_EMPTY
zubairhamed__canopus,TIMEOUT_OR_EMPTY
zubairhamed__canopus,TIMEOUT_OR_EMPTY
AaronJan__Hunch,TIMEOUT_OR_EMPTY
beatlabs__patron,TIMEOUT_OR_EMPTY
bradleyjkemp__cupaloy,syft,6,0,0,2,4,0,5,1,0,6,0,0,2,4,0,5,1,0,3,0,0,1,0,0
bradleyjkemp__cupaloy,trivy,6,0,0,2,4,0,5,1,0,6,0,0,2,4,0,5,1,0,3,0,0,1,0,0
bradleyjkemp__cupaloy,cdxgen,2,0,4,2,0,0,2,0,3,2,0,4,2,0,0,2,0,3,0,0,0,0,0,0
bradleyjkemp__cupaloy,cyclonedx-gomod,2,0,4,2,0,0,2,0,3,2,0,4,2,0,0,2,0,3,0,0,0,0,0,0
chrislusf__seaweedfs,CLONE_FAIL
cyruzin__golang-tmdb,TIMEOUT_OR_EMPTY
dariubs__GoBooks,TIMEOUT_OR_EMPTY
deatil__go-jwt,TIMEOUT_OR_EMPTY
dennwc__dom,TIMEOUT_OR_EMPTY
didip__tollbooth,TIMEOUT_OR_EMPTY
dwin__goSecretBoxPassword,TIMEOUT_OR_EMPTY
elgohr__go-localstack,CLONE_FAIL
fern4lvarez__piladb,CLONE_FAIL
fox-toolkit__fox,TIMEOUT_OR_EMPTY
free__concurrent-writer,TIMEOUT_OR_EMPTY
gagliardetto__solana-go,TIMEOUT_OR_EMPTY
garethgeorge__backrest,TIMEOUT_OR_EMPTY
getveil__veil,CLONE_FAIL
iancmcc__bingo,syft,5,0,5,1,4,0,4,1,0,5,0,5,1,4,0,4,1,0,3,0,0,1,0,0
iancmcc__bingo,trivy,5,0,5,1,4,0,4,1,0,5,0,5,1,4,0,4,1,0,3,0,0,1,0,0
iancmcc__bingo,cdxgen,1,0,9,1,0,0,1,0,3,1,0,9,1,0,0,1,0,3,0,0,0,0,0,0
iancmcc__bingo,cyclonedx-gomod,1,0,9,1,0,0,1,0,3,1,0,9,1,0,0,1,0,3,0,0,0,0,0,0
ichiban__prolog,CLONE_FAIL
k8gb-io__k8gb,CLONE_FAIL
kdomanski__iso9660,CLONE_FAIL
liudng__dogo,CLONE_FAIL
lucasgomide__snitch,TIMEOUT_OR_EMPTY
moby__moby,CLONE_FAIL
nikolaydubina__jsonl-graph,syft,1,0,0,1,0,0,1,0,0,1,0,0,1,0,0,1,0,0,0,0,0,0,0,0
nikolaydubina__jsonl-graph,trivy,1,0,0,1,0,0,1,0,0,1,0,0,1,0,0,1,0,0,0,0,0,0,0,0
nikolaydubina__jsonl-graph,cdxgen,1,0,0,1,0,0,1,0,0,1,0,0,1,0,0,1,0,0,0,0,0,0,0,0
nikolaydubina__jsonl-graph,cyclonedx-gomod,1,0,0,1,0,0,1,0,0,1,0,0,1,0,0,1,0,0,0,0,0,0,0,0
openziti__ziti,CLONE_FAIL
rabbitmq__amqp091-go,CLONE_FAIL
reugn__equalizer,TIMEOUT_OR_EMPTY
robinjoseph08__redisqueue,syft,30,0,10,2,28,0,6,24,0,30,0,10,2,28,0,6,24,0,4,0,2,10,12,0
robinjoseph08__redisqueue,trivy,40,0,0,2,38,0,6,34,0,40,0,0,2,38,0,6,34,0,4,0,2,10,22,0
robinjoseph08__redisqueue,cdxgen,2,0,38,2,0,0,2,0,4,2,0,38,2,0,0,2,0,4,0,0,0,0,0,0
robinjoseph08__redisqueue,cyclonedx-gomod,17,0,23,2,15,0,3,14,3,17,0,23,2,15,0,3,14,3,1,0,2,8,4,0
tealeg__xlsx,syft,13,0,6,10,3,0,11,2,0,13,0,6,10,3,0,11,2,0,1,0,1,1,0,0
tealeg__xlsx,trivy,13,0,6,10,3,0,11,2,0,13,0,6,10,3,0,11,2,0,1,0,1,1,0,0
tealeg__xlsx,cdxgen,10,0,9,10,0,0,10,0,1,10,0,9,10,0,0,10,0,1,0,0,0,0,0,0
tealeg__xlsx,cyclonedx-gomod,10,0,9,10,0,0,10,0,1,10,0,9,10,0,0,10,0,1,0,0,0,0,0,0
3d0c__gmf,TIMEOUT_OR_EMPTY
Eyevinn__mp4ff,TIMEOUT_OR_EMPTY
Knuspii__kepfi,CLONE_FAIL
Raezil__GoEventBus,TIMEOUT_OR_EMPTY
SonicRoshan__scope,TIMEOUT_OR_EMPTY
agnivade__wasmbrowsertest,syft,14,0,2,9,5,0,9,5,0,14,0,2,9,5,0,9,5,0,0,0,0,1,4,0
agnivade__wasmbrowsertest,trivy,10,0,6,9,1,0,9,1,0,10,0,6,9,1,0,9,1,0,0,0,0,1,0,0
agnivade__wasmbrowsertest,cdxgen,9,0,7,9,0,0,9,0,0,9,0,7,9,0,0,9,0,0,0,0,0,0,0,0
agnivade__wasmbrowsertest,cyclonedx-gomod,10,0,6,9,1,0,9,1,0,10,0,6,9,1,0,9,1,0,0,0,0,1,0,0
alecthomas__kingpin,syft,7,2,1,2,7,0,6,3,0,7,2,1,2,7,0,6,3,0,4,0,0,0,1,2
alecthomas__kingpin,trivy,6,2,2,2,6,0,6,2,0,6,2,2,2,6,0,6,2,0,4,0,0,0,0,2
alecthomas__kingpin,cdxgen,2,0,6,2,0,0,2,0,4,2,0,6,2,0,0,2,0,4,0,0,0,0,0,0
alecthomas__kingpin,cyclonedx-gomod,2,0,6,2,0,0,2,0,4,2,0,6,2,0,0,2,0,4,0,0,0,0,0,0
amit-davidson__Chronos,syft,8,0,7,7,1,0,7,1,0,8,0,7,7,1,0,7,1,0,0,0,0,0,1,0
amit-davidson__Chronos,trivy,15,0,0,7,8,0,7,8,0,15,0,0,7,8,0,7,8,0,0,0,0,0,8,0
amit-davidson__Chronos,cdxgen,7,0,8,7,0,0,7,0,0,7,0,8,7,0,0,7,0,0,0,0,0,0,0,0
amit-davidson__Chronos,cyclonedx-gomod,7,0,8,7,0,0,7,0,0,7,0,8,7,0,0,7,0,0,0,0,0,0,0,0
antham__chyle,syft,60,0,13,36,24,1,42,18,1,60,1,13,36,25,1,42,19,1,6,2,0,1,15,0
antham__chyle,trivy,45,0,28,36,9,1,42,3,1,44,1,29,35,10,2,41,4,2,6,2,0,1,0,0
antham__chyle,cdxgen,37,0,36,37,0,0,37,0,6,37,0,36,37,0,0,37,0,6,0,0,0,0,0,0
antham__chyle,cyclonedx-gomod,38,0,35,36,2,1,36,2,7,38,1,35,36,3,1,36,3,7,0,2,0,0,0,0
aragossa__pii-shield,syft,33,87,8,13,107,0,14,106,0,27,102,14,13,116,0,14,115,0,1,0,0,1,10,95
aragossa__pii-shield,trivy,27,70,14,13,84,0,14,83,0,20,83,21,13,90,0,14,89,0,1,0,0,1,5,77
aragossa__pii-shield,cdxgen,23,65,18,13,75,0,13,75,1,16,78,25,13,81,0,13,81,1,0,0,0,0,3,72
aragossa__pii-shield,cyclonedx-gomod,13,0,28,13,0,0,13,0,1,13,0,28,13,0,0,13,0,1,0,0,0,0,0,0
asdine__storm,TIMEOUT_OR_EMPTY
bleenco__abstruse,syft,153,0,400,111,42,0,111,42,0,153,0,400,111,42,0,111,42,0,0,5,1,7,29,0
bleenco__abstruse,trivy,124,0,429,111,13,0,111,13,0,124,0,429,111,13,0,111,13,0,0,5,1,7,0,0
bleenco__abstruse,cdxgen,124,0,429,111,13,0,111,13,0,124,0,429,111,13,0,111,13,0,0,5,1,7,0,0
bleenco__abstruse,cyclonedx-gomod,123,0,430,111,12,0,111,12,0,123,0,430,111,12,0,111,12,0,0,5,1,6,0,0
bobg__encid,TIMEOUT_OR_EMPTY
borderstech__artifex,TIMEOUT_OR_EMPTY
bytedance__sonic,TIMEOUT_OR_EMPTY
carlmjohnson__flowmatic,syft,1,0,0,1,0,0,1,0,0,1,0,0,1,0,0,1,0,0,0,0,0,0,0,0
carlmjohnson__flowmatic,trivy,1,0,0,1,0,0,1,0,0,1,0,0,1,0,0,1,0,0,0,0,0,0,0,0
carlmjohnson__flowmatic,cdxgen,1,0,0,1,0,0,1,0,0,1,0,0,1,0,0,1,0,0,0,0,0,0,0,0
carlmjohnson__flowmatic,cyclonedx-gomod,1,0,0,1,0,0,1,0,0,1,0,0,1,0,0,1,0,0,0,0,0,0,0,0
dolthub__dolt,TIMEOUT_OR_EMPTY
drakkan__sftpgo,CLONE_FAIL
evrone__go-clean-template,CLONE_FAIL
faabiosr__echo-middleware,CLONE_FAIL
gnolang__gno,CLONE_FAIL
go-telegram__bot,TIMEOUT_OR_EMPTY
hashmap-kz__relimpact,syft,9,0,5,7,2,0,7,2,0,9,0,5,7,2,0,7,2,0,0,0,0,1,1,0
hashmap-kz__relimpact,trivy,8,0,6,7,1,0,7,1,0,8,0,6,7,1,0,7,1,0,0,0,0,1,0,0
hashmap-kz__relimpact,cdxgen,7,0,7,7,0,0,7,0,0,7,0,7,7,0,0,7,0,0,0,0,0,0,0,0
hashmap-kz__relimpact,cyclonedx-gomod,4,0,10,4,0,3,4,0,3,4,0,10,4,0,3,4,0,3,0,0,0,0,0,0
jexia__semaphore,TIMEOUT_OR_EMPTY
kyleconroy__sqlc,TIMEOUT_OR_EMPTY
madflojo__tasks,TIMEOUT_OR_EMPTY
mattcunningham__gumblr,TIMEOUT_OR_EMPTY
matzefriedrich__parsley,TIMEOUT_OR_EMPTY
mongodb__mongo-go-driver,TIMEOUT_OR_EMPTY
mvmaasakkers__certificates,syft,19,0,25,13,6,0,13,6,0,19,0,25,13,6,0,13,6,0,0,0,0,0,6,0
mvmaasakkers__certificates,trivy,13,0,31,13,0,0,13,0,0,13,0,31,13,0,0,13,0,0,0,0,0,0,0,0
mvmaasakkers__certificates,cdxgen,13,0,31,13,0,0,13,0,0,13,0,31,13,0,0,13,0,0,0,0,0,0,0,0
mvmaasakkers__certificates,cyclonedx-gomod,13,0,31,13,0,0,13,0,0,13,0,31,13,0,0,13,0,0,0,0,0,0,0,0
neurosnap__sentences,TIMEOUT_OR_EMPTY
no-src__log,syft,2,0,0,1,1,0,1,1,0,2,0,0,1,1,0,1,1,0,0,0,0,0,1,0
no-src__log,trivy,2,0,0,1,1,0,1,1,0,2,0,0,1,1,0,1,1,0,0,0,0,0,1,0
no-src__log,cdxgen,1,0,1,1,0,0,1,0,0,1,0,1,1,0,0,1,0,0,0,0,0,0,0,0
no-src__log,cyclonedx-gomod,1,0,1,1,0,0,1,0,0,1,0,1,1,0,0,1,0,0,0,0,0,0,0,0
nstratos__go-myanimelist,syft,2,0,1,1,1,0,1,1,0,2,0,1,1,1,0,1,1,0,0,0,0,0,1,0
nstratos__go-myanimelist,trivy,2,0,1,1,1,0,1,1,0,2,0,1,1,1,0,1,1,0,0,0,0,0,1,0
nstratos__go-myanimelist,cdxgen,1,0,2,1,0,0,1,0,0,1,0,2,1,0,0,1,0,0,0,0,0,0,0,0
nstratos__go-myanimelist,cyclonedx-gomod,1,0,2,1,0,0,1,0,0,1,0,2,1,0,0,1,0,0,0,0,0,0,0,0
oaswrap__spec,TIMEOUT_OR_EMPTY
oxyno-zeta__s3-proxy,TIMEOUT_OR_EMPTY
pelletier__go-toml,TIMEOUT_OR_EMPTY
pions__webrtc,TIMEOUT_OR_EMPTY
ryanbressler__CloudForest,CLONE_FAIL
samber__ro,CLONE_FAIL
samber__slog-multi,TIMEOUT_OR_EMPTY
scigolib__matlab,TIMEOUT_OR_EMPTY
sherifabdlnaby__configuro,syft,115,0,0,23,92,0,23,92,0,115,0,0,23,92,0,23,92,0,0,0,0,92,0,0
sherifabdlnaby__configuro,trivy,115,0,0,23,92,0,23,92,0,115,0,0,23,92,0,23,92,0,0,0,0,92,0,0
sherifabdlnaby__configuro,cdxgen,23,0,92,23,0,0,23,0,0,23,0,92,23,0,0,23,0,0,0,0,0,0,0,0
sherifabdlnaby__configuro,cyclonedx-gomod,23,0,92,23,0,0,23,0,0,23,0,92,23,0,0,23,0,0,0,0,0,0,0,0
soypat__natiu-mqtt,TIMEOUT_OR_EMPTY
temporalio__sdk-go,syft,48,160,22,24,184,0,25,183,0,46,211,24,24,233,0,25,232,0,1,0,0,0,20,163
temporalio__sdk-go,trivy,45,125,25,24,146,0,25,145,0,35,171,35,24,182,0,25,181,0,1,0,0,0,17,128
temporalio__sdk-go,cdxgen,42,100,28,24,118,0,25,117,0,34,138,36,24,148,0,25,147,0,1,0,0,0,14,103
temporalio__sdk-go,cyclonedx-gomod,23,0,47,23,0,1,23,0,2,23,0,47,23,0,1,23,0,2,0,0,0,0,0,0
testcontainers__testcontainers-go,TIMEOUT_OR_EMPTY
thewhitetulip__web-dev-golang-anti-textbook,TIMEOUT_OR_EMPTY
tkrop__go-testing,syft,18,0,7,10,8,0,12,6,0,18,0,7,10,8,0,12,6,0,2,0,0,1,5,0
tkrop__go-testing,trivy,13,0,12,10,3,0,12,1,0,13,0,12,10,3,0,12,1,0,2,0,0,1,0,0
tkrop__go-testing,cdxgen,10,0,15,10,0,0,10,0,2,10,0,15,10,0,0,10,0,2,0,0,0,0,0,0
tkrop__go-testing,cyclonedx-gomod,10,0,15,10,0,0,10,0,2,10,0,15,10,0,0,10,0,2,0,0,0,0,0,0
tomodian__release,syft,24,0,5,14,10,0,18,6,0,24,0,5,14,10,0,18,6,0,4,0,0,3,3,0
tomodian__release,trivy,21,0,8,14,7,0,18,3,0,21,0,8,14,7,0,18,3,0,4,0,0,3,0,0
tomodian__release,cdxgen,14,0,15,14,0,0,14,0,4,14,0,15,14,0,0,14,0,4,0,0,0,0,0,0
tomodian__release,cyclonedx-gomod,15,0,14,14,1,0,14,1,4,15,0,14,14,1,0,14,1,4,0,0,0,1,0,0
twharmon__golamb,CLONE_FAIL
ungerik__go3d,syft,1,0,0,1,0,0,1,0,0,1,0,0,1,0,0,1,0,0,0,0,0,0,0,0
ungerik__go3d,trivy,1,0,0,1,0,0,1,0,0,1,0,0,1,0,0,1,0,0,0,0,0,0,0,0
ungerik__go3d,cdxgen,1,0,0,1,0,0,1,0,0,1,0,0,1,0,0,1,0,0,0,0,0,0,0,0
ungerik__go3d,cyclonedx-gomod,1,0,0,1,0,0,1,0,0,1,0,0,1,0,0,1,0,0,0,0,0,0,0,0
vcaesar__tt,TIMEOUT_OR_EMPTY
abdullahselek__go-here,TIMEOUT_OR_EMPTY
agilira__orpheus,syft,5,19,0,5,19,0,5,19,0,5,21,0,5,21,0,5,21,0,0,0,0,0,0,19
agilira__orpheus,trivy,5,20,0,5,20,0,5,20,0,5,21,0,5,21,0,5,21,0,0,0,0,0,0,20
agilira__orpheus,cdxgen,5,0,0,5,0,0,5,0,0,5,0,0,5,0,0,5,0,0,0,0,0,0,0,0
agilira__orpheus,cyclonedx-gomod,5,0,0,5,0,0,5,0,0,5,0,0,5,0,0,5,0,0,0,0,0,0,0,0
apex__log,syft,44,0,4,18,26,0,23,21,0,44,0,4,18,26,0,23,21,0,5,0,0,9,12,0
apex__log,trivy,48,0,0,18,30,0,23,25,0,48,0,0,18,30,0,23,25,0,5,0,0,9,16,0
apex__log,cdxgen,18,0,30,18,0,0,18,0,5,18,0,30,18,0,0,18,0,5,0,0,0,0,0,0
apex__log,cyclonedx-gomod,19,0,29,18,1,0,18,1,5,19,0,29,18,1,0,18,1,5,0,0,0,0,1,0
arthurkiller__rollingWriter,syft,4,0,1,1,3,0,4,0,0,4,0,1,1,3,0,4,0,0,3,0,0,0,0,0
arthurkiller__rollingWriter,trivy,5,0,0,1,4,0,4,1,0,5,0,0,1,4,0,4,1,0,3,0,0,0,1,0
arthurkiller__rollingWriter,cdxgen,1,0,4,1,0,0,1,0,3,1,0,4,1,0,0,1,0,3,0,0,0,0,0,0
arthurkiller__rollingWriter,cyclonedx-gomod,1,0,4,1,0,0,1,0,3,1,0,4,1,0,0,1,0,3,0,0,0,0,0,0
arunsworld__nursery,TIMEOUT_OR_EMPTY
balinomad__go-mockfs,TIMEOUT_OR_EMPTY
elgopher__pi,syft,22,0,20,10,12,0,14,8,0,22,0,20,10,12,0,14,8,0,4,2,0,5,1,0
elgopher__pi,trivy,21,0,21,10,11,0,14,7,0,21,0,21,10,11,0,14,7,0,4,2,0,5,0,0
elgopher__pi,cdxgen,10,0,32,10,0,0,10,0,4,10,0,32,10,0,0,10,0,4,0,0,0,0,0,0
elgopher__pi,cyclonedx-gomod,15,0,27,10,5,0,10,5,4,15,0,27,10,5,0,10,5,4,0,2,0,3,0,0
go-playground__validator,syft,13,1,4,7,7,0,8,6,0,12,6,5,7,11,0,8,10,0,1,0,0,0,4,2
go-playground__validator,trivy,9,1,8,7,3,0,8,2,0,8,6,9,7,7,0,8,6,0,1,0,0,0,0,2
go-playground__validator,cdxgen,9,1,8,7,3,0,8,2,0,8,6,9,7,7,0,8,6,0,1,0,0,0,0,2
go-playground__validator,cyclonedx-gomod,7,0,10,7,0,0,7,0,1,7,0,10,7,0,0,7,0,1,0,0,0,0,0,0
gogpu__gogpu,syft,7,0,0,6,1,0,6,1,0,7,0,0,6,1,0,6,1,0,0,0,0,1,0,0
gogpu__gogpu,trivy,7,0,0,6,1,0,6,1,0,7,0,0,6,1,0,6,1,0,0,0,0,1,0,0
gogpu__gogpu,cdxgen,6,0,1,6,0,0,6,0,0,6,0,1,6,0,0,6,0,0,0,0,0,0,0,0
gogpu__gogpu,cyclonedx-gomod,7,0,0,6,1,0,6,1,0,7,0,0,6,1,0,6,1,0,0,0,0,1,0,0
gyozatech__noodlog,TIMEOUT_OR_EMPTY
oluwajubelo1__otellix,syft,94,0,209,64,30,0,64,30,0,94,10,209,64,40,0,64,40,0,0,0,1,13,16,0
oluwajubelo1__otellix,trivy,78,0,225,64,14,0,64,14,0,78,0,225,64,14,0,64,14,0,0,0,1,13,0,0
oluwajubelo1__otellix,cdxgen,64,0,239,64,0,0,64,0,0,64,0,239,64,0,0,64,0,0,0,0,0,0,0,0
oluwajubelo1__otellix,cyclonedx-gomod,75,0,228,64,11,0,64,11,0,75,0,228,64,11,0,64,11,0,0,0,0,11,0,0
tylertreat__Comcast,TIMEOUT_OR_EMPTY
unidoc__unioffice,syft,33,0,13,28,5,0,28,5,0,33,0,13,28,5,0,28,5,0,0,0,0,0,5,0
unidoc__unioffice,trivy,28,0,18,28,0,0,28,0,0,28,0,18,28,0,0,28,0,0,0,0,0,0,0,0
unidoc__unioffice,cdxgen,28,0,18,28,0,0,28,0,0,28,0,18,28,0,0,28,0,0,0,0,0,0,0,0
unidoc__unioffice,cyclonedx-gomod,28,0,18,28,0,0,28,0,0,28,0,18,28,0,0,28,0,0,0,0,0,0,0,0
vladopajic__go-actor,syft,9,0,2,1,8,0,6,3,0,9,0,2,1,8,0,6,3,0,5,0,0,1,2,0
vladopajic__go-actor,trivy,7,0,4,1,6,0,6,1,0,7,0,4,1,6,0,6,1,0,5,0,0,1,0,0
vladopajic__go-actor,cdxgen,1,0,10,1,0,0,1,0,5,1,0,10,1,0,0,1,0,5,0,0,0,0,0,0
vladopajic__go-actor,cyclonedx-gomod,1,0,10,1,0,0,1,0,5,1,0,10,1,0,0,1,0,5,0,0,0,0,0,0
xgzlucario__rotom,syft,51,0,78,32,19,0,39,12,0,51,0,78,32,19,0,39,12,0,7,0,0,5,7,0
xgzlucario__rotom,trivy,44,0,85,32,12,0,39,5,0,44,0,85,32,12,0,39,5,0,7,0,0,5,0,0
xgzlucario__rotom,cdxgen,32,0,97,32,0,0,32,0,7,32,0,97,32,0,0,32,0,7,0,0,0,0,0,0
xgzlucario__rotom,cyclonedx-gomod,35,0,94,32,3,0,32,3,7,35,0,94,32,3,0,32,3,7,0,0,0,3,0,0
ydb-platform__ydb-go-sdk,syft,45,82,31,17,110,0,17,110,0,36,127,40,17,146,0,17,146,0,0,0,3,2,21,84
ydb-platform__ydb-go-sdk,trivy,36,65,40,17,84,0,17,84,0,27,96,49,17,106,0,17,106,0,0,0,3,2,13,66
ydb-platform__ydb-go-sdk,cdxgen,33,56,43,17,72,0,17,72,0,22,85,54,17,90,0,17,90,0,0,0,1,1,13,57
ydb-platform__ydb-go-sdk,cyclonedx-gomod,14,0,62,14,0,3,14,0,3,14,0,62,14,0,3,14,0,3,0,0,0,0,0,0
FrancoLiberali__cql,TIMEOUT_OR_EMPTY
aliexpressru__gomemcached,syft,31,0,25,18,13,0,23,8,0,31,0,25,18,13,0,23,8,0,5,0,0,0,8,0
aliexpressru__gomemcached,trivy,23,0,33,18,5,0,23,0,0,23,0,33,18,5,0,23,0,0,5,0,0,0,0,0
aliexpressru__gomemcached,cdxgen,18,0,38,18,0,0,18,0,5,18,0,38,18,0,0,18,0,5,0,0,0,0,0,0
aliexpressru__gomemcached,cyclonedx-gomod,18,0,38,18,0,0,18,0,5,18,0,38,18,0,0,18,0,5,0,0,0,0,0,0
apecloud__kubeblocks,syft,186,1,151,135,52,0,139,48,0,185,9,152,135,59,0,139,55,0,4,2,1,12,32,1
apecloud__kubeblocks,trivy,155,1,182,135,21,0,139,17,0,155,4,182,135,24,0,139,20,0,4,2,1,12,1,1
apecloud__kubeblocks,cdxgen,137,0,200,135,2,0,135,2,4,137,3,200,135,5,0,135,5,4,0,0,0,1,1,0
apecloud__kubeblocks,cyclonedx-gomod,143,0,194,135,8,0,135,8,4,143,0,194,135,8,0,135,8,4,0,2,1,5,0,0
bmf-san__goblin,TIMEOUT_OR_EMPTY
c-bata__goptuna,syft,32,24,22,19,37,0,19,37,0,30,28,24,19,39,0,19,39,0,0,1,0,1,9,26
c-bata__goptuna,trivy,23,21,31,19,25,0,19,25,0,21,23,33,19,25,0,19,25,0,0,1,0,1,1,22
c-bata__goptuna,cdxgen,NA
c-bata__goptuna,cyclonedx-gomod,20,0,34,19,1,0,19,1,0,20,0,34,19,1,0,19,1,0,0,1,0,0,0,0
ebitengine__purego,TIMEOUT_OR_EMPTY
gabyx__githooks,TIMEOUT_OR_EMPTY
gin-gonic__gin,syft,41,0,16,18,23,0,25,16,0,41,0,16,18,23,0,25,16,0,7,0,2,8,6,0
gin-gonic__gin,trivy,35,0,22,18,17,0,25,10,0,35,0,22,18,17,0,25,10,0,7,0,2,8,0,0
gin-gonic__gin,cdxgen,18,0,39,18,0,0,18,0,7,18,0,39,18,0,0,18,0,7,0,0,0,0,0,0
gin-gonic__gin,cyclonedx-gomod,28,0,29,18,10,0,20,8,5,28,0,29,18,10,0,20,8,5,2,0,2,6,0,0
glycerine__go-capnproto,TIMEOUT_OR_EMPTY
go-external-config__vault,syft,36,0,23,22,14,0,22,14,0,36,0,23,22,14,0,22,14,0,0,0,0,7,7,0
go-external-config__vault,trivy,29,0,30,22,7,0,22,7,0,29,0,30,22,7,0,22,7,0,0,0,0,7,0,0
go-external-config__vault,cdxgen,22,0,37,22,0,0,22,0,0,22,0,37,22,0,0,22,0,0,0,0,0,0,0,0
go-external-config__vault,cyclonedx-gomod,24,0,35,22,2,0,22,2,0,24,0,35,22,2,0,22,2,0,0,0,0,2,0,0
go-rod__rod,TIMEOUT_OR_EMPTY
gobridge__about-us,TIMEOUT_OR_EMPTY
gookit__filter,syft,5,0,2,2,3,0,4,1,0,5,0,2,2,3,0,4,1,0,2,0,0,0,1,0
gookit__filter,trivy,4,0,3,2,2,0,4,0,0,4,0,3,2,2,0,4,0,0,2,0,0,0,0,0
gookit__filter,cdxgen,2,0,5,2,0,0,2,0,2,2,0,5,2,0,0,2,0,2,0,0,0,0,0,0
gookit__filter,cyclonedx-gomod,2,0,5,2,0,0,2,0,2,2,0,5,2,0,0,2,0,2,0,0,0,0,0,0
gotidy__ptr,TIMEOUT_OR_EMPTY
haxpax__gosms,TIMEOUT_OR_EMPTY
hlandau__passlib,TIMEOUT_OR_EMPTY
influxdb__influxdb,TIMEOUT_OR_EMPTY
kazhuravlev__just,syft,7,0,5,2,5,0,6,1,0,7,0,5,2,5,0,6,1,0,4,0,0,0,1,0
kazhuravlev__just,trivy,6,0,6,2,4,0,6,0,0,6,0,6,2,4,0,6,0,0,4,0,0,0,0,0
kazhuravlev__just,cdxgen,2,0,10,2,0,0,2,0,4,2,0,10,2,0,0,2,0,4,0,0,0,0,0,0
kazhuravlev__just,cyclonedx-gomod,2,0,10,2,0,0,2,0,4,2,0,10,2,0,0,2,0,4,0,0,0,0,0,0
maxatome__go-vitotrol,TIMEOUT_OR_EMPTY
pantrif__s2-geojson,syft,24,0,2,13,11,0,16,8,0,24,22,2,13,33,0,16,30,0,3,0,0,3,5,0
pantrif__s2-geojson,trivy,26,0,0,13,13,0,16,10,0,26,23,0,13,36,0,16,33,0,3,0,0,3,7,0
pantrif__s2-geojson,cdxgen,19,0,7,13,6,0,16,3,0,19,0,7,13,6,0,16,3,0,3,0,0,3,0,0
pantrif__s2-geojson,cyclonedx-gomod,16,0,10,13,3,0,13,3,3,16,0,10,13,3,0,13,3,3,0,0,0,3,0,0
pioz__countries,syft,5,0,1,1,4,0,4,1,0,5,0,1,1,4,0,4,1,0,3,0,0,0,1,0
pioz__countries,trivy,4,0,2,1,3,0,4,0,0,4,0,2,1,3,0,4,0,0,3,0,0,0,0,0
pioz__countries,cdxgen,1,0,5,1,0,0,1,0,3,1,0,5,1,0,0,1,0,3,0,0,0,0,0,0
pioz__countries,cyclonedx-gomod,1,0,5,1,0,0,1,0,3,1,0,5,1,0,0,1,0,3,0,0,0,0,0,0
tobyhede__go-underscore,TIMEOUT_OR_EMPTY
wellington__go-libsass,TIMEOUT_OR_EMPTY
yourbasic__bloom,TIMEOUT_OR_EMPTY
GuilhermeCaruso__mooncake,syft,5,0,5,4,1,0,4,1,0,5,0,5,4,1,0,4,1,0,0,0,0,0,1,0
GuilhermeCaruso__mooncake,trivy,4,0,6,4,0,0,4,0,0,4,0,6,4,0,0,4,0,0,0,0,0,0,0,0
GuilhermeCaruso__mooncake,cdxgen,4,0,6,4,0,0,4,0,0,4,0,6,4,0,0,4,0,0,0,0,0,0,0,0
GuilhermeCaruso__mooncake,cyclonedx-gomod,4,0,6,4,0,0,4,0,0,4,0,6,4,0,0,4,0,0,0,0,0,0,0,0
OTA-Insight__bqwriter,syft,54,0,148,35,19,0,35,19,0,54,0,148,35,19,0,35,19,0,0,0,0,8,7,4
OTA-Insight__bqwriter,trivy,43,0,159,35,8,0,35,8,0,43,0,159,35,8,0,35,8,0,0,0,0,8,0,0
OTA-Insight__bqwriter,cdxgen,35,0,167,35,0,0,35,0,0,35,0,167,35,0,0,35,0,0,0,0,0,0,0,0
OTA-Insight__bqwriter,cyclonedx-gomod,42,0,160,35,7,0,35,7,0,42,0,160,35,7,0,35,7,0,0,0,0,7,0,0
VictoriaMetrics__fastcache,syft,7,0,1,3,4,0,4,3,0,7,0,1,3,4,0,4,3,0,1,0,0,2,1,0
VictoriaMetrics__fastcache,trivy,6,0,2,3,3,0,4,2,0,6,0,2,3,3,0,4,2,0,1,0,0,2,0,0
VictoriaMetrics__fastcache,cdxgen,6,0,2,3,3,0,4,2,0,6,0,2,3,3,0,4,2,0,1,0,0,2,0,0
VictoriaMetrics__fastcache,cyclonedx-gomod,3,0,5,3,0,0,3,0,1,3,0,5,3,0,0,3,0,1,0,0,0,0,0,0
andygrunwald__go-jira,syft,5,0,0,4,1,0,5,0,0,5,0,0,4,1,0,5,0,0,1,0,0,0,0,0
andygrunwald__go-jira,trivy,5,0,0,4,1,0,5,0,0,5,0,0,4,1,0,5,0,0,1,0,0,0,0,0
andygrunwald__go-jira,cdxgen,4,0,1,4,0,0,4,0,1,4,0,1,4,0,0,4,0,1,0,0,0,0,0,0
andygrunwald__go-jira,cyclonedx-gomod,4,0,1,4,0,0,4,0,1,4,0,1,4,0,0,4,0,1,0,0,0,0,0,0
arunsupe__semantic-grep,syft,4,4,3,4,4,0,4,4,0,4,5,3,4,5,0,4,5,0,0,0,0,0,0,4
arunsupe__semantic-grep,trivy,4,3,3,4,3,0,4,3,0,4,3,3,4,3,0,4,3,0,0,0,0,0,0,3
arunsupe__semantic-grep,cdxgen,4,1,3,4,1,0,4,1,0,4,1,3,4,1,0,4,1,0,0,0,0,0,0,1
arunsupe__semantic-grep,cyclonedx-gomod,4,0,3,4,0,0,4,0,0,4,0,3,4,0,0,4,0,0,0,0,0,0,0,0
asticode__go-astitodo,syft,6,0,1,1,5,0,5,1,0,6,0,1,1,5,0,5,1,0,4,0,0,0,1,0
asticode__go-astitodo,trivy,5,0,2,1,4,0,5,0,0,5,0,2,1,4,0,5,0,0,4,0,0,0,0,0
asticode__go-astitodo,cdxgen,1,0,6,1,0,0,1,0,4,1,0,6,1,0,0,1,0,4,0,0,0,0,0,0
asticode__go-astitodo,cyclonedx-gomod,1,0,6,1,0,0,1,0,4,1,0,6,1,0,0,1,0,4,0,0,0,0,0,0
benmanns__goworker,syft,9,0,4,4,5,0,4,5,0,9,0,4,4,5,0,4,5,0,0,0,0,0,5,0
benmanns__goworker,trivy,13,0,0,4,9,0,4,9,0,13,0,0,4,9,0,4,9,0,0,0,0,0,9,0
benmanns__goworker,cdxgen,4,0,9,4,0,0,4,0,0,4,0,9,4,0,0,4,0,0,0,0,0,0,0,0
benmanns__goworker,cyclonedx-gomod,4,0,9,4,0,0,4,0,0,4,0,9,4,0,0,4,0,0,0,0,0,0,0,0
buaazp__fasthttprouter,TIMEOUT_OR_EMPTY
chenmingyong0423__go-mongox,syft,16,0,8,9,7,0,13,3,0,16,0,8,9,7,0,13,3,0,4,0,0,1,2,0
chenmingyong0423__go-mongox,trivy,14,0,10,9,5,0,13,1,0,14,0,10,9,5,0,13,1,0,4,0,0,1,0,0
chenmingyong0423__go-mongox,cdxgen,9,0,15,9,0,0,9,0,4,9,0,15,9,0,0,9,0,4,0,0,0,0,0,0
chenmingyong0423__go-mongox,cyclonedx-gomod,10,0,14,9,1,0,9,1,4,10,0,14,9,1,0,9,1,4,0,0,0,1,0,0
cheynewallace__tabby,TIMEOUT_OR_EMPTY
codingconcepts__env,TIMEOUT_OR_EMPTY
corazawaf__coraza,TIMEOUT_OR_EMPTY
cossacklabs__acra,syft,146,0,221,110,36,0,110,36,0,146,0,221,110,36,0,110,36,0,0,0,0,15,21,0
cossacklabs__acra,trivy,125,0,242,110,15,0,110,15,0,125,0,242,110,15,0,110,15,0,0,0,0,15,0,0
cossacklabs__acra,cdxgen,110,0,257,110,0,0,110,0,0,110,0,257,110,0,0,110,0,0,0,0,0,0,0,0
cossacklabs__acra,cyclonedx-gomod,120,0,247,110,10,0,110,10,0,120,0,247,110,10,0,110,10,0,0,0,0,10,0,0
failsafe-go__failsafe-go,syft,19,0,24,12,7,0,12,7,0,19,0,24,12,7,0,12,7,0,0,0,0,3,4,0
failsafe-go__failsafe-go,trivy,15,0,28,12,3,0,12,3,0,15,0,28,12,3,0,12,3,0,0,0,0,3,0,0
failsafe-go__failsafe-go,cdxgen,12,0,31,12,0,0,12,0,0,12,0,31,12,0,0,12,0,0,0,0,0,0,0,0
failsafe-go__failsafe-go,cyclonedx-gomod,12,0,31,12,0,0,12,0,0,12,0,31,12,0,0,12,0,0,0,0,0,0,0,0
fulldump__biff,TIMEOUT_OR_EMPTY
georgysavva__scany,syft,23,0,68,6,17,0,15,8,0,23,0,68,6,17,0,15,8,0,9,0,1,4,3,0
georgysavva__scany,trivy,20,0,71,6,14,0,15,5,0,20,0,71,6,14,0,15,5,0,9,0,1,4,0,0
georgysavva__scany,cdxgen,6,0,85,6,0,0,6,0,9,6,0,85,6,0,0,6,0,9,0,0,0,0,0,0
georgysavva__scany,cyclonedx-gomod,5,0,86,5,0,1,5,0,10,5,0,86,5,0,1,5,0,10,0,0,0,0,0,0
go-eagle__eagle,syft,256,9,567,185,80,0,188,77,0,251,25,572,185,91,0,188,88,0,3,2,0,16,46,13
go-eagle__eagle,trivy,238,7,585,185,60,0,188,57,0,214,55,609,185,84,0,188,81,0,3,2,0,16,25,14
go-eagle__eagle,cdxgen,192,5,631,185,12,0,185,12,3,187,17,636,185,19,0,185,19,3,0,0,0,1,3,8
go-eagle__eagle,cyclonedx-gomod,200,0,623,185,15,0,185,15,3,200,0,623,185,15,0,185,15,3,0,2,0,13,0,0
gogpu__ui,syft,12,4,3,11,5,0,11,5,0,12,5,3,11,6,0,11,6,0,0,0,0,1,0,4
gogpu__ui,trivy,12,4,3,11,5,0,11,5,0,12,4,3,11,5,0,11,5,0,0,0,0,1,0,4
gogpu__ui,cdxgen,11,0,4,11,0,0,11,0,0,11,0,4,11,0,0,11,0,0,0,0,0,0,0,0
gogpu__ui,cyclonedx-gomod,12,0,3,11,1,0,11,1,0,12,0,3,11,1,0,11,1,0,0,0,0,1,0,0
golang__go,TIMEOUT_OR_EMPTY
gonutz__d3d9,TIMEOUT_OR_EMPTY
google__go-gcm,TIMEOUT_OR_EMPTY
goradd__got,syft,6,0,5,1,5,0,5,1,0,6,0,5,1,5,0,5,1,0,4,0,0,0,1,0
goradd__got,trivy,5,0,6,1,4,0,5,0,0,5,0,6,1,4,0,5,0,0,4,0,0,0,0,0
goradd__got,cdxgen,1,0,10,1,0,0,1,0,4,1,0,10,1,0,0,1,0,4,0,0,0,0,0,0
goradd__got,cyclonedx-gomod,1,0,10,1,0,0,1,0,4,1,0,10,1,0,0,1,0,4,0,0,0,0,0,0
gosimple__slug,syft,1,0,0,1,0,0,1,0,0,1,0,0,1,0,0,1,0,0,0,0,0,0,0,0
gosimple__slug,trivy,1,0,0,1,0,0,1,0,0,1,0,0,1,0,0,1,0,0,0,0,0,0,0,0
gosimple__slug,cdxgen,1,0,0,1,0,0,1,0,0,1,0,0,1,0,0,1,0,0,0,0,0,0,0,0
gosimple__slug,cyclonedx-gomod,1,0,0,1,0,0,1,0,0,1,0,0,1,0,0,1,0,0,0,0,0,0,0,0
guiferpa__gody,TIMEOUT_OR_EMPTY
h2non__filetype,TIMEOUT_OR_EMPTY
hajimehoshi__ebiten,syft,25,0,7,23,2,0,23,2,0,25,0,7,23,2,0,23,2,0,0,0,0,0,2,0
hajimehoshi__ebiten,trivy,23,0,9,23,0,0,23,0,0,23,0,9,23,0,0,23,0,0,0,0,0,0,0,0
hajimehoshi__ebiten,cdxgen,23,0,9,23,0,0,23,0,0,23,0,9,23,0,0,23,0,0,0,0,0,0,0,0
hajimehoshi__ebiten,cyclonedx-gomod,23,0,9,23,0,0,23,0,0,23,0,9,23,0,0,23,0,0,0,0,0,0,0,0
hako__durafmt,TIMEOUT_OR_EMPTY
hbollon__go-edlib,TIMEOUT_OR_EMPTY
hedhyw__gherkingen,syft,14,0,8,6,8,0,10,4,0,14,0,8,6,8,0,10,4,0,4,0,0,1,3,0
hedhyw__gherkingen,trivy,11,0,11,6,5,0,10,1,0,11,0,11,6,5,0,10,1,0,4,0,0,1,0,0
hedhyw__gherkingen,cdxgen,11,0,11,6,5,0,10,1,0,11,0,11,6,5,0,10,1,0,4,0,0,1,0,0
hedhyw__gherkingen,cyclonedx-gomod,6,0,16,6,0,0,6,0,4,6,0,16,6,0,0,6,0,4,0,0,0,0,0,0
ianlopshire__go-ssm-config,syft,10,0,3,3,7,0,3,7,0,10,0,3,3,7,0,3,7,0,0,0,0,2,5,0
ianlopshire__go-ssm-config,trivy,13,0,0,3,10,0,3,10,0,13,0,0,3,10,0,3,10,0,0,0,0,2,8,0
ianlopshire__go-ssm-config,cdxgen,3,0,10,3,0,0,3,0,0,3,0,10,3,0,0,3,0,0,0,0,0,0,0,0
ianlopshire__go-ssm-config,cyclonedx-gomod,3,0,10,3,0,0,3,0,0,3,0,10,3,0,0,3,0,0,0,0,0,0,0,0
iyashjayesh__monigo,syft,62,36,31,42,56,0,42,56,0,62,51,31,42,71,0,42,71,0,0,2,0,0,14,40
iyashjayesh__monigo,trivy,49,35,44,42,42,0,42,42,0,49,36,44,42,43,0,42,43,0,0,2,0,0,1,39
iyashjayesh__monigo,cdxgen,44,16,49,42,18,0,42,18,0,44,17,49,42,19,0,42,19,0,0,0,0,0,1,17
iyashjayesh__monigo,cyclonedx-gomod,44,0,49,42,2,0,42,2,0,44,0,49,42,2,0,42,2,0,0,2,0,0,0,0
jkaninda__goma-gateway,syft,90,0,218,63,27,0,66,24,0,90,0,218,63,27,0,66,24,0,3,2,0,3,19,0
jkaninda__goma-gateway,trivy,71,0,237,63,8,0,66,5,0,71,0,237,63,8,0,66,5,0,3,2,0,3,0,0
jkaninda__goma-gateway,cdxgen,63,0,245,63,0,0,63,0,3,63,0,245,63,0,0,63,0,3,0,0,0,0,0,0
jkaninda__goma-gateway,cyclonedx-gomod,68,0,240,63,5,0,63,5,3,68,0,240,63,5,0,63,5,3,0,2,0,3,0,0
jyotiska__go-webcolors,TIMEOUT_OR_EMPTY
limiu82214__gojmapr,syft,9,0,2,1,8,0,8,1,0,9,0,2,1,8,0,8,1,0,7,0,0,0,1,0
limiu82214__gojmapr,trivy,8,0,3,1,7,0,8,0,0,8,0,3,1,7,0,8,0,0,7,0,0,0,0,0
limiu82214__gojmapr,cdxgen,1,0,10,1,0,0,1,0,7,1,0,10,1,0,0,1,0,7,0,0,0,0,0,0
limiu82214__gojmapr,cyclonedx-gomod,1,0,10,1,0,0,1,0,7,1,0,10,1,0,0,1,0,7,0,0,0,0,0,0
nicksnyder__go-i18n,syft,4,0,3,3,1,0,3,1,0,4,0,3,3,1,0,3,1,0,0,0,0,0,1,0
nicksnyder__go-i18n,trivy,4,0,3,3,1,0,3,1,0,4,0,3,3,1,0,3,1,0,0,0,0,0,1,0
nicksnyder__go-i18n,cdxgen,3,0,4,3,0,0,3,0,0,3,0,4,3,0,0,3,0,0,0,0,0,0,0,0
nicksnyder__go-i18n,cyclonedx-gomod,3,0,4,3,0,0,3,0,0,3,0,4,3,0,0,3,0,0,0,0,0,0,0,0
nikepan__clickhouse-bulk,syft,29,0,20,19,10,0,23,6,0,29,0,20,19,10,0,23,6,0,4,0,0,0,6,0
nikepan__clickhouse-bulk,trivy,23,0,26,19,4,0,23,0,0,23,0,26,19,4,0,23,0,0,4,0,0,0,0,0
nikepan__clickhouse-bulk,cdxgen,19,0,30,19,0,0,19,0,4,19,0,30,19,0,0,19,0,4,0,0,0,0,0,0
nikepan__clickhouse-bulk,cyclonedx-gomod,19,0,30,19,0,0,19,0,4,19,0,30,19,0,0,19,0,4,0,0,0,0,0,0
nikolaydubina__calendarheatmap,syft,2,0,11,2,0,0,2,0,0,2,0,11,2,0,0,2,0,0,0,0,0,0,0,0
nikolaydubina__calendarheatmap,trivy,13,0,0,2,11,0,2,11,0,13,0,0,2,11,0,2,11,0,0,0,0,0,11,0
nikolaydubina__calendarheatmap,cdxgen,1,0,12,1,0,1,1,0,1,1,0,12,1,0,1,1,0,1,0,0,0,0,0,0
nikolaydubina__calendarheatmap,cyclonedx-gomod,2,0,11,2,0,0,2,0,0,2,0,11,2,0,0,2,0,0,0,0,0,0,0,0
oblq__swap,syft,9,0,3,2,7,0,6,3,0,9,0,3,2,7,0,6,3,0,4,0,0,3,0,0
oblq__swap,trivy,12,0,0,2,10,0,6,6,0,12,0,0,2,10,0,6,6,0,4,0,0,3,3,0
oblq__swap,cdxgen,2,0,10,2,0,0,2,0,4,2,0,10,2,0,0,2,0,4,0,0,0,0,0,0
oblq__swap,cyclonedx-gomod,2,0,10,2,0,0,2,0,4,2,0,10,2,0,0,2,0,4,0,0,0,0,0,0
pingcap__failpoint,syft,12,0,4,3,9,0,8,4,0,12,0,4,3,9,0,8,4,0,5,0,0,1,3,0
pingcap__failpoint,trivy,9,0,7,3,6,0,8,1,0,9,0,7,3,6,0,8,1,0,5,0,0,1,0,0
pingcap__failpoint,cdxgen,3,0,13,3,0,0,3,0,5,3,0,13,3,0,0,3,0,5,0,0,0,0,0,0
pingcap__failpoint,cyclonedx-gomod,3,0,13,3,0,0,3,0,5,3,0,13,3,0,0,3,0,5,0,0,0,0,0,0
slotix__dataflowkit,syft,43,0,8,32,11,0,35,8,0,43,0,8,32,11,0,35,8,0,3,1,0,5,2,0
slotix__dataflowkit,trivy,51,0,0,32,19,0,35,16,0,51,0,0,32,19,0,35,16,0,3,1,0,5,10,0
slotix__dataflowkit,cdxgen,32,0,19,32,0,0,32,0,3,32,0,19,32,0,0,32,0,3,0,0,0,0,0,0
slotix__dataflowkit,cyclonedx-gomod,34,0,17,32,2,0,32,2,3,34,0,17,32,2,0,32,2,3,0,1,0,0,1,0
spyzhov__ajson,TIMEOUT_OR_EMPTY
tickstem__uptime,TIMEOUT_OR_EMPTY
webhookx-io__webhookx,syft,195,0,215,132,63,0,141,54,0,194,5,216,131,68,1,140,59,1,9,1,0,3,50,0
webhookx-io__webhookx,trivy,146,0,264,132,14,0,141,5,0,145,3,265,131,17,1,140,8,1,9,1,0,3,1,0
webhookx-io__webhookx,cdxgen,132,0,278,132,0,0,132,0,9,132,0,278,132,0,0,132,0,9,0,0,0,0,0,0
webhookx-io__webhookx,cyclonedx-gomod,132,0,278,130,2,2,130,2,11,131,1,279,129,3,3,129,3,12,0,1,0,1,0,0
wzshiming__httpproxy,TIMEOUT_OR_EMPTY
x-mod__routine,syft,17,0,17,7,10,0,7,10,0,17,0,17,7,10,0,7,10,0,0,0,0,0,10,0
x-mod__routine,trivy,34,0,0,7,27,0,7,27,0,34,0,0,7,27,0,7,27,0,0,0,0,0,27,0
x-mod__routine,cdxgen,7,0,27,7,0,0,7,0,0,7,0,27,7,0,0,7,0,0,0,0,0,0,0,0
x-mod__routine,cyclonedx-gomod,7,0,27,7,0,0,7,0,0,7,0,27,7,0,0,7,0,0,0,0,0,0,0,0
adhocore__gronx,TIMEOUT_OR_EMPTY
bobg__merkle,TIMEOUT_OR_EMPTY
cmd-stream__cmd-stream-go,syft,7,0,4,7,0,0,7,0,0,7,0,4,7,0,0,7,0,0,0,0,0,0,0,0
cmd-stream__cmd-stream-go,trivy,7,0,4,7,0,0,7,0,0,7,0,4,7,0,0,7,0,0,0,0,0,0,0,0
cmd-stream__cmd-stream-go,cdxgen,7,0,4,7,0,0,7,0,0,7,0,4,7,0,0,7,0,0,0,0,0,0,0,0
cmd-stream__cmd-stream-go,cyclonedx-gomod,7,0,4,7,0,0,7,0,0,7,0,4,7,0,0,7,0,0,0,0,0,0,0,0
deepaksinghvi__cdule,syft,51,0,72,34,17,0,40,11,0,51,0,72,34,17,0,40,11,0,6,0,0,3,8,0
deepaksinghvi__cdule,trivy,43,0,80,34,9,0,40,3,0,43,0,80,34,9,0,40,3,0,6,0,0,3,0,0
deepaksinghvi__cdule,cdxgen,34,0,89,34,0,0,34,0,6,34,0,89,34,0,0,34,0,6,0,0,0,0,0,0
deepaksinghvi__cdule,cyclonedx-gomod,34,0,89,34,0,0,34,0,6,34,0,89,34,0,0,34,0,6,0,0,0,0,0,0
ghostiam__binstruct,syft,3,0,1,1,2,0,3,0,0,3,0,1,1,2,0,3,0,0,2,0,0,0,0,0
ghostiam__binstruct,trivy,3,0,1,1,2,0,3,0,0,3,0,1,1,2,0,3,0,0,2,0,0,0,0,0
ghostiam__binstruct,cdxgen,1,0,3,1,0,0,1,0,2,1,0,3,1,0,0,1,0,2,0,0,0,0,0,0
ghostiam__binstruct,cyclonedx-gomod,1,0,3,1,0,0,1,0,2,1,0,3,1,0,0,1,0,2,0,0,0,0,0,0
go-oas__docs,syft,4,0,1,1,3,0,1,3,0,4,0,1,1,3,0,1,3,0,0,0,0,2,1,0
go-oas__docs,trivy,3,0,2,1,2,0,1,2,0,3,0,2,1,2,0,1,2,0,0,0,0,2,0,0
go-oas__docs,cdxgen,1,0,4,1,0,0,1,0,0,1,0,4,1,0,0,1,0,0,0,0,0,0,0,0
go-oas__docs,cyclonedx-gomod,1,0,4,1,0,0,1,0,0,1,0,4,1,0,0,1,0,0,0,0,0,0,0,0
godror__godror,syft,17,4,6,5,16,0,11,10,0,16,5,7,5,16,0,11,10,0,6,0,1,0,4,5
godror__godror,trivy,13,4,10,5,12,0,11,6,0,12,5,11,5,12,0,11,6,0,6,0,1,0,0,5
godror__godror,cdxgen,6,2,17,5,3,0,5,3,6,5,3,18,5,3,0,5,3,6,0,0,0,0,0,3
godror__godror,cyclonedx-gomod,6,0,17,5,1,0,5,1,6,6,0,17,5,1,0,5,1,6,0,0,1,0,0,0
gomutex__godocx,TIMEOUT_OR_EMPTY
gopherlibs__appindicator,syft,1,0,0,1,0,0,1,0,0,1,0,0,1,0,0,1,0,0,0,0,0,0,0,0
gopherlibs__appindicator,trivy,1,0,0,1,0,0,1,0,0,1,0,0,1,0,0,1,0,0,0,0,0,0,0,0
gopherlibs__appindicator,cdxgen,1,0,0,1,0,0,1,0,0,1,0,0,1,0,0,1,0,0,0,0,0,0,0,0
gopherlibs__appindicator,cyclonedx-gomod,1,0,0,1,0,0,1,0,0,1,0,0,1,0,0,1,0,0,0,0,0,0,0,0
heetch__confita,syft,75,0,56,34,41,0,38,37,0,75,0,56,34,41,0,38,37,0,4,0,0,23,14,0
heetch__confita,trivy,61,0,70,34,27,0,38,23,0,61,0,70,34,27,0,38,23,0,4,0,0,23,0,0
heetch__confita,cdxgen,34,0,97,34,0,0,34,0,4,34,0,97,34,0,0,34,0,4,0,0,0,0,0,0
heetch__confita,cyclonedx-gomod,35,0,96,34,1,0,34,1,4,35,0,96,34,1,0,34,1,4,0,0,0,1,0,0
jbrukh__bayesian,TIMEOUT_OR_EMPTY
mum4k__termdash,syft,11,0,9,11,0,0,11,0,0,11,8,9,11,8,0,11,8,0,0,0,0,0,0,0
mum4k__termdash,trivy,11,0,9,11,0,0,11,0,0,11,0,9,11,0,0,11,0,0,0,0,0,0,0,0
mum4k__termdash,cdxgen,11,0,9,11,0,0,11,0,0,11,0,9,11,0,0,11,0,0,0,0,0,0,0,0
mum4k__termdash,cyclonedx-gomod,11,0,9,11,0,0,11,0,0,11,0,9,11,0,0,11,0,0,0,0,0,0,0,0
xujiajun__godbal,TIMEOUT_OR_EMPTY
yeqown__go-qrcode,TIMEOUT_OR_EMPTY
