0xERR0R__blocky,https://github.com/0xERR0R/blocky
0xcafed00d__joystick,https://github.com/0xcafed00d/joystick
1set__cronrange,https://github.com/1set/cronrange
1set__gut,https://github.com/1set/gut
1set__starlet,https://github.com/1set/starlet
1set__todotxt,https://github.com/1set/todotxt
2ykwang__mac-cleanup-go,https://github.com/2ykwang/mac-cleanup-go
32leaves__bel,https://github.com/32leaves/bel
3d0c__gmf,https://github.com/3d0c/gmf
42Atomys__webhooked,https://github.com/42Atomys/webhooked
99designs__gqlgen,https://github.com/99designs/gqlgen
AaronJan__Hunch,https://github.com/AaronJan/Hunch
Ad3bay0c__routex,https://github.com/Ad3bay0c/routex
AfterShip__email-verifier,https://github.com/AfterShip/email-verifier
Alejandro-M-P__git-courer,https://github.com/Alejandro-M-P/git-courer
AllenDang__cimgui-go,https://github.com/AllenDang/cimgui-go
Allenxuxu__gev,https://github.com/Allenxuxu/gev
Allra-Fintech__mdv,https://github.com/Allra-Fintech/mdv
AmuzaTkts__jsonapi-errors,https://github.com/AmuzaTkts/jsonapi-errors
Andrew-M-C__go.jsonvalue,https://github.com/Andrew-M-C/go.jsonvalue
Antonboom__testifylint,https://github.com/Antonboom/testifylint
Antonito__gfile,https://github.com/Antonito/gfile
Aorioli__gcm,https://github.com/Aorioli/gcm
AppsFlyer__go-sundheit,https://github.com/AppsFlyer/go-sundheit
Arceus-7__matrix,https://github.com/Arceus-7/matrix
AsaiYusuke__jsonpath,https://github.com/AsaiYusuke/jsonpath
AshvinBambhaniya__autopool,https://github.com/AshvinBambhaniya/autopool
Azure__AppConfiguration-GoProvider,https://github.com/Azure/AppConfiguration-GoProvider
Balaji01-4D__pgxcli,https://github.com/Balaji01-4D/pgxcli
BayesWitnesses__m2cgen,https://github.com/BayesWitnesses/m2cgen
Bilibili__discovery,https://github.com/Bilibili/discovery
BlackRabbitt__mspm,https://github.com/BlackRabbitt/mspm
BoRuDar__configuration,https://github.com/BoRuDar/configuration
Boeing__config-file-validator,https://github.com/Boeing/config-file-validator
BooleanCat__go-functional,https://github.com/BooleanCat/go-functional
Breeze0806__go-etl,https://github.com/Breeze0806/go-etl
BrianLeishman__go-imap,https://github.com/BrianLeishman/go-imap
BurntSushi__toml,https://github.com/BurntSushi/toml
C2FO__vfs,https://github.com/C2FO/vfs
CalebQ42__bbConvert,https://github.com/CalebQ42/bbConvert
ChainSafe__gossamer,https://github.com/ChainSafe/gossamer
Checkmarx__chainjacking,https://github.com/Checkmarx/chainjacking
ChimeraCoder__anaconda,https://github.com/ChimeraCoder/anaconda
ChimeraCoder__gojson,https://github.com/ChimeraCoder/gojson
ChristopherRabotin__ode,https://github.com/ChristopherRabotin/ode
ChristopherRabotin__sg,https://github.com/ChristopherRabotin/sg
ClickHouse__clickhouse-go,https://github.com/ClickHouse/clickhouse-go
Clivern__Beaver,https://github.com/Clivern/Beaver
CloudyKit__jet,https://github.com/CloudyKit/jet
Code-Hex__Neo-cowsay,https://github.com/Code-Hex/Neo-cowsay
Colin4k1024__Aetheris,https://github.com/Colin4k1024/Aetheris
Comcast__gaad,https://github.com/Comcast/gaad
CovenantSQL__CovenantSQL,https://github.com/CovenantSQL/CovenantSQL
Crocmagnon__fatcontext,https://github.com/Crocmagnon/fatcontext
DATA-DOG__go-sqlmock,https://github.com/DATA-DOG/go-sqlmock
DATA-DOG__go-txdb,https://github.com/DATA-DOG/go-txdb
DMcP89__tinycare-tui,https://github.com/DMcP89/tinycare-tui
DarthPestilane__easytcp,https://github.com/DarthPestilane/easytcp
DavidBelicza__TextRank,https://github.com/DavidBelicza/TextRank
DavidGamba__go-getoptions,https://github.com/DavidGamba/go-getoptions
DeRuina__timberjack,https://github.com/DeRuina/timberjack
DiceDB__dice,https://github.com/DiceDB/dice
DimitarPetrov__stegify,https://github.com/DimitarPetrov/stegify
DisposaBoy__GoSublime,https://github.com/DisposaBoy/GoSublime
DrmagicE__gmqtt,https://github.com/DrmagicE/gmqtt
DylanMeeus__GoAudio,https://github.com/DylanMeeus/GoAudio
DylanMeeus__hasgo,https://github.com/DylanMeeus/hasgo
Dynom__TySug,https://github.com/Dynom/TySug
EchoVault__EchoVault,https://github.com/EchoVault/EchoVault
Edgenesis__shifu,https://github.com/Edgenesis/shifu
EngoEngine__engo,https://github.com/EngoEngine/engo
Eun__go-convert,https://github.com/Eun/go-convert
Eun__go-hit,https://github.com/Eun/go-hit
Evertras__bubble-table,https://github.com/Evertras/bubble-table
Eyevinn__hls-m3u8,https://github.com/Eyevinn/hls-m3u8
Eyevinn__mp4ff,https://github.com/Eyevinn/mp4ff
FiloSottile__age,https://github.com/FiloSottile/age
Fontinalis__fonet,https://github.com/Fontinalis/fonet
Forceu__gokapi,https://github.com/Forceu/gokapi
FrancoLiberali__cql,https://github.com/FrancoLiberali/cql
FreeLeh__GoFreeDB,https://github.com/FreeLeh/GoFreeDB
Fs02__go-todo-backend,https://github.com/Fs02/go-todo-backend
Fs02__grimoire,https://github.com/Fs02/grimoire
Fs02__wire,https://github.com/Fs02/wire
GiGurra__boa,https://github.com/GiGurra/boa
Gituser143__cryptgo,https://github.com/Gituser143/cryptgo
GoTestTools__gotestfmt,https://github.com/GoTestTools/gotestfmt
GolangUA__gopher-logos,https://github.com/GolangUA/gopher-logos
GoogleCloudPlatform__gcloud-golang,https://github.com/GoogleCloudPlatform/gcloud-golang
GuiaBolso__darwin,https://github.com/GuiaBolso/darwin
GuilhermeCaruso__anko,https://github.com/GuilhermeCaruso/anko
GuilhermeCaruso__bellt,https://github.com/GuilhermeCaruso/bellt
GuilhermeCaruso__kair,https://github.com/GuilhermeCaruso/kair
GuilhermeCaruso__mooncake,https://github.com/GuilhermeCaruso/mooncake
Guitarbum722__align,https://github.com/Guitarbum722/align
HDT3213__rdb,https://github.com/HDT3213/rdb
Haraj-backend__hex-monscape,https://github.com/Haraj-backend/hex-monscape
HazelnutParadise__insyra,https://github.com/HazelnutParadise/insyra
Henry-Sarabia__blank,https://github.com/Henry-Sarabia/blank
Henry-Sarabia__igdb,https://github.com/Henry-Sarabia/igdb
Henry-Sarabia__sliceconv,https://github.com/Henry-Sarabia/sliceconv
HereMobilityDevelopers__mediary,https://github.com/HereMobilityDevelopers/mediary
HnH__di,https://github.com/HnH/di
HnH__qry,https://github.com/HnH/qry
Hossiy21__razify,https://github.com/Hossiy21/razify
HouzuoGuo__tiedot,https://github.com/HouzuoGuo/tiedot
HugoSmits86__nativewebp,https://github.com/HugoSmits86/nativewebp
Humpheh__goboy,https://github.com/Humpheh/goboy
IGLOU-EU__go-wildcard,https://github.com/IGLOU-EU/go-wildcard
ITcathyh__conexec,https://github.com/ITcathyh/conexec
Jacobbrewer1__patcher,https://github.com/Jacobbrewer1/patcher
Jagerente__gocfg,https://github.com/Jagerente/gocfg
Jeffail__gabs,https://github.com/Jeffail/gabs
Jeffail__tunny,https://github.com/Jeffail/tunny
JeremyLoy__config,https://github.com/JeremyLoy/config
JoelOtter__termloop,https://github.com/JoelOtter/termloop
JohannesKaufmann__html-to-markdown,https://github.com/JohannesKaufmann/html-to-markdown
JoshuaDoes__gofuckyourself,https://github.com/JoshuaDoes/gofuckyourself
Kachit__appstore-sdk-go,https://github.com/Kachit/appstore-sdk-go
Kachit__dusupay-sdk-go,https://github.com/Kachit/dusupay-sdk-go
Kachit__fasapay-sdk-go,https://github.com/Kachit/fasapay-sdk-go
Kachit__gorm-seeder,https://github.com/Kachit/gorm-seeder
Kairum-Labs__should,https://github.com/Kairum-Labs/should
Knuspii__CrunchyCleaner,https://github.com/Knuspii/CrunchyCleaner
Knuspii__kepfi,https://github.com/Knuspii/kepfi
Konstantin8105__c4go,https://github.com/Konstantin8105/c4go
Konstantin8105__f4go,https://github.com/Konstantin8105/f4go
KusionStack__kusion,https://github.com/KusionStack/kusion
Kwynto__gosession,https://github.com/Kwynto/gosession
LawrenceWoodman__roveralls,https://github.com/LawrenceWoodman/roveralls
Lifailon__lazyjournal,https://github.com/Lifailon/lazyjournal
LimeChain__gosemble,https://github.com/LimeChain/gosemble
MUlt1mate__protoc-gen-httpgo,https://github.com/MUlt1mate/protoc-gen-httpgo
MariaLetta__free-gophers-pack,https://github.com/MariaLetta/free-gophers-pack
MarvinJWendt__testza,https://github.com/MarvinJWendt/testza
Masterminds__squirrel,https://github.com/Masterminds/squirrel
MatProGo-dev__MatProInterface.go,https://github.com/MatProGo-dev/MatProInterface.go
MauriceGit__skiplist,https://github.com/MauriceGit/skiplist
MaxHalford__eaopt,https://github.com/MaxHalford/eaopt
Medium__medium-sdk-go,https://github.com/Medium/medium-sdk-go
Melkeydev__go-blueprint,https://github.com/Melkeydev/go-blueprint
MonaxGT__gomalshare,https://github.com/MonaxGT/gomalshare
MonaxGT__gosddl,https://github.com/MonaxGT/gosddl
MonaxGT__parsefields,https://github.com/MonaxGT/parsefields
MordaTeam__go-config,https://github.com/MordaTeam/go-config
Mutasem-mk4__gspy,https://github.com/Mutasem-mk4/gspy
Mutasem-mk4__procscope,https://github.com/Mutasem-mk4/procscope
NVIDIA__gontainer,https://github.com/NVIDIA/gontainer
NdoleStudio__go-otelroundtripper,https://github.com/NdoleStudio/go-otelroundtripper
Netflix__chaosmonkey,https://github.com/Netflix/chaosmonkey
NicoNex__echotron,https://github.com/NicoNex/echotron
NicoNex__jet,https://github.com/NicoNex/jet
NodePassProject__nodepass,https://github.com/NodePassProject/nodepass
Noooste__azuretls-client,https://github.com/Noooste/azuretls-client
OGFris__GoStats,https://github.com/OGFris/GoStats
OTA-Insight__bqwriter,https://github.com/OTA-Insight/bqwriter
OctoLinker__browser-extension,https://github.com/OctoLinker/browser-extension
OldPanda__bloomfilter,https://github.com/OldPanda/bloomfilter
Omibranch__gitty,https://github.com/Omibranch/gitty
One-com__gone,https://github.com/One-com/gone
OrlovEvgeny__go-mcache,https://github.com/OrlovEvgeny/go-mcache
Oudwins__zog,https://github.com/Oudwins/zog
OwnLocal__goes,https://github.com/OwnLocal/goes
PIMPfiction__govader_backend,https://github.com/PIMPfiction/govader_backend
PaddleHQ__go-aws-ssm,https://github.com/PaddleHQ/go-aws-ssm
PaesslerAG__gval,https://github.com/PaesslerAG/gval
Parquery__gocontracts,https://github.com/Parquery/gocontracts
PaulRosset__go-hacknews,https://github.com/PaulRosset/go-hacknews
PerimeterX__envite,https://github.com/PerimeterX/envite
PerimeterX__marshmallow,https://github.com/PerimeterX/marshmallow
PhakornKiong__go-pattern-match,https://github.com/PhakornKiong/go-pattern-match
Pixboost__transformimgs,https://github.com/Pixboost/transformimgs
PuerkitoBio__gocostmodel,https://github.com/PuerkitoBio/gocostmodel
PuerkitoBio__goquery,https://github.com/PuerkitoBio/goquery
PumpkinSeed__errors,https://github.com/PumpkinSeed/errors
PumpkinSeed__structs,https://github.com/PumpkinSeed/structs
Qntfy__kazaam,https://github.com/Qntfy/kazaam
Raezil__GoEventBus,https://github.com/Raezil/GoEventBus
RezaSi__go-interview-practice,https://github.com/RezaSi/go-interview-practice
RibbonFilter__ribbonGo,https://github.com/RibbonFilter/ribbonGo
RichardKnop__go-fixtures,https://github.com/RichardKnop/go-fixtures
RichardKnop__jsonhal,https://github.com/RichardKnop/jsonhal
RichardKnop__machinery,https://github.com/RichardKnop/machinery
RichardKnop__minisql,https://github.com/RichardKnop/minisql
RoaringBitmap__roaring,https://github.com/RoaringBitmap/roaring
SaiNageswarS__go-api-boot,https://github.com/SaiNageswarS/go-api-boot
SaidinWoT__timespan,https://github.com/SaidinWoT/timespan
SchwarzIT__hypermatch,https://github.com/SchwarzIT/hypermatch
SebastiaanKlippert__go-wkhtmltopdf,https://github.com/SebastiaanKlippert/go-wkhtmltopdf
SeldonIO__goven,https://github.com/SeldonIO/goven
SharkByteSoftware__go-snk,https://github.com/SharkByteSoftware/go-snk
Sherifabdlnaby__gpool,https://github.com/Sherifabdlnaby/gpool
Shopify__go-lua,https://github.com/Shopify/go-lua
Shopify__sarama,https://github.com/Shopify/sarama
SimonBaeumer__cmd,https://github.com/SimonBaeumer/cmd
SimonBaeumer__commander,https://github.com/SimonBaeumer/commander
SimonWaldherr__golang-benchmarks,https://github.com/SimonWaldherr/golang-benchmarks
SimonWaldherr__golang-examples,https://github.com/SimonWaldherr/golang-examples
Sioro-Neoku__go-peerflix,https://github.com/Sioro-Neoku/go-peerflix
Sirupsen__logrus,https://github.com/Sirupsen/logrus
SonicRoshan__falcon,https://github.com/SonicRoshan/falcon
SonicRoshan__scope,https://github.com/SonicRoshan/scope
SonicRoshan__straf,https://github.com/SonicRoshan/straf
Southclaws__fault,https://github.com/Southclaws/fault
SpatiumPortae__portal,https://github.com/SpatiumPortae/portal
SpectoLabs__hoverfly,https://github.com/SpectoLabs/hoverfly
StabbyCutyou__moldova,https://github.com/StabbyCutyou/moldova
StudioSol__set,https://github.com/StudioSol/set
Talento90__go-health,https://github.com/Talento90/go-health
TeaEntityLab__fpGo,https://github.com/TeaEntityLab/fpGo
Terry-Mao__gopush-cluster,https://github.com/Terry-Mao/gopush-cluster
TheColonyCC__colony-sdk-go,https://github.com/TheColonyCC/colony-sdk-go
TheCreeper__go-notify,https://github.com/TheCreeper/go-notify
ThePaw__go-gt,https://github.com/ThePaw/go-gt
ThePaw__probab,https://github.com/ThePaw/probab
TheTannerRyan__ring,https://github.com/TheTannerRyan/ring
ThomasObenaus__go-conf,https://github.com/ThomasObenaus/go-conf
ThreeDotsLabs__watermill,https://github.com/ThreeDotsLabs/watermill
TimothyYe__skm,https://github.com/TimothyYe/skm
Tochemey__goakt,https://github.com/Tochemey/goakt
TrueFurby__go-callvis,https://github.com/TrueFurby/go-callvis
TwinProduction__gatus,https://github.com/TwinProduction/gatus
Ullaakut__cameradar,https://github.com/Ullaakut/cameradar
Unrud__remote-touchpad,https://github.com/Unrud/remote-touchpad
VerizonDigital__vflow,https://github.com/VerizonDigital/vflow
Vertamedia__chproxy,https://github.com/Vertamedia/chproxy
VictoriaMetrics__VictoriaMetrics,https://github.com/VictoriaMetrics/VictoriaMetrics
VictoriaMetrics__fastcache,https://github.com/VictoriaMetrics/fastcache
VinGarcia__ksql,https://github.com/VinGarcia/ksql
VividCortex__ewma,https://github.com/VividCortex/ewma
VividCortex__godaemon,https://github.com/VividCortex/godaemon
VividCortex__multitick,https://github.com/VividCortex/multitick
VividCortex__pm,https://github.com/VividCortex/pm
VividCortex__robustly,https://github.com/VividCortex/robustly
VividCortex__siesta,https://github.com/VividCortex/siesta
Voxray-AI__Voxray,https://github.com/Voxray-AI/Voxray
Wing924__hostutils,https://github.com/Wing924/hostutils
Wing924__ltsv,https://github.com/Wing924/ltsv
Wing924__shellwords,https://github.com/Wing924/shellwords
Wissance__stringFormatter,https://github.com/Wissance/stringFormatter
Workiva__go-datastructures,https://github.com/Workiva/go-datastructures
Xamber__Varis,https://github.com/Xamber/Varis
Yiling-J__cacheme-go,https://github.com/Yiling-J/cacheme-go
Yiling-J__piper,https://github.com/Yiling-J/piper
Yiling-J__theine-go,https://github.com/Yiling-J/theine-go
Zaba505__gws,https://github.com/Zaba505/gws
Zxilly__go-size-analyzer,https://github.com/Zxilly/go-size-analyzer
a-h__templ,https://github.com/a-h/templ
a2800276__porter,https://github.com/a2800276/porter
a8m__go-lang-cheat-sheet,https://github.com/a8m/go-lang-cheat-sheet
a8m__rql,https://github.com/a8m/rql
aafeher__go-sitemap-parser,https://github.com/aafeher/go-sitemap-parser
aalpar__deheap,https://github.com/aalpar/deheap
aarzilli__golua,https://github.com/aarzilli/golua
abadojack__whatlanggo,https://github.com/abadojack/whatlanggo
abahmed__kwatch,https://github.com/abahmed/kwatch
abdullahselek__go-here,https://github.com/abdullahselek/go-here
abecodes__dft,https://github.com/abecodes/dft
abemedia__go-don,https://github.com/abemedia/go-don
abhimanyu003__sttr,https://github.com/abhimanyu003/sttr
abice__go-enum,https://github.com/abice/go-enum
abiosoft__colima,https://github.com/abiosoft/colima
abrahambotros__lore,https://github.com/abrahambotros/lore
abraithwaite__jeff,https://github.com/abraithwaite/jeff
abusomani__go-palette,https://github.com/abusomani/go-palette
abusomani__jsonhandlers,https://github.com/abusomani/jsonhandlers
achannarasappa__ticker,https://github.com/achannarasappa/ticker
aclindsa__ofxgo,https://github.com/aclindsa/ofxgo
adam-hanna__jwt-auth,https://github.com/adam-hanna/jwt-auth
adam-hanna__sessions,https://github.com/adam-hanna/sessions
adamluzsi__testcase,https://github.com/adamluzsi/testcase
adelowo__gulter,https://github.com/adelowo/gulter
adelowo__onecache,https://github.com/adelowo/onecache
adhocore__gronx,https://github.com/adhocore/gronx
adlio__schema,https://github.com/adlio/schema
adlio__trello,https://github.com/adlio/trello
adnanh__webhook,https://github.com/adnanh/webhook
adrg__libvlc-go,https://github.com/adrg/libvlc-go
adrg__xdg,https://github.com/adrg/xdg
adrianbrad__queue,https://github.com/adrianbrad/queue
adrianmo__go-nmea,https://github.com/adrianmo/go-nmea
adrianosela__multikey,https://github.com/adrianosela/multikey
adrianosela__sslmgr,https://github.com/adrianosela/sslmgr
aerogo__codetree,https://github.com/aerogo/codetree
aerogo__log,https://github.com/aerogo/log
aerospike__aerospike-client-go,https://github.com/aerospike/aerospike-client-go
afjoseph__RAKE.Go,https://github.com/afjoseph/RAKE.Go
agenticenv__agent-sdk-go,https://github.com/agenticenv/agent-sdk-go
agext__levenshtein,https://github.com/agext/levenshtein
agext__uuid,https://github.com/agext/uuid
agilira__argus,https://github.com/agilira/argus
agilira__flash-flags,https://github.com/agilira/flash-flags
agilira__orpheus,https://github.com/agilira/orpheus
agnivade__levenshtein,https://github.com/agnivade/levenshtein
agnivade__wasmbrowsertest,https://github.com/agnivade/wasmbrowsertest
agoalofalife__event,https://github.com/agoalofalife/event
agonopol__go-stem,https://github.com/agonopol/go-stem
ahmadraza100__dotlock,https://github.com/ahmadraza100/dotlock
ahmedakef__gotutor,https://github.com/ahmedakef/gotutor
ahmetalpbalkan__go-linq,https://github.com/ahmetalpbalkan/go-linq
ahmetalpbalkan__govvv,https://github.com/ahmetalpbalkan/govvv
aidarkhanov__nanoid,https://github.com/aidarkhanov/nanoid
aio-arch__graphlib,https://github.com/aio-arch/graphlib
airbusgeo__godal,https://github.com/airbusgeo/godal
ajitpratap0__GoSQLX,https://github.com/ajitpratap0/GoSQLX
ajstarks__svgo,https://github.com/ajstarks/svgo
ajvb__kala,https://github.com/ajvb/kala
akamensky__argparse,https://github.com/akamensky/argparse
akrennmair__gopcap,https://github.com/akrennmair/gopcap
akrylysov__pogreb,https://github.com/akrylysov/pogreb
alajmo__mani,https://github.com/alajmo/mani
alajmo__sake,https://github.com/alajmo/sake
alanzng__manifestor,https://github.com/alanzng/manifestor
albrow__forms,https://github.com/albrow/forms
albrow__zoom,https://github.com/albrow/zoom
aldor007__mort,https://github.com/aldor007/mort
alebeck__boring,https://github.com/alebeck/boring
alecthomas__go_serialization_benchmarks,https://github.com/alecthomas/go_serialization_benchmarks
alecthomas__kingpin,https://github.com/alecthomas/kingpin
alecthomas__kong,https://github.com/alecthomas/kong
alegrey91__fwdctl,https://github.com/alegrey91/fwdctl
aler9__goroslib,https://github.com/aler9/goroslib
aler9__gortsplib,https://github.com/aler9/gortsplib
alesr__redact,https://github.com/alesr/redact
alesr__templator,https://github.com/alesr/templator
alexcesaro__log,https://github.com/alexcesaro/log
alexcfv__go-pcaplite,https://github.com/alexcfv/go-pcaplite
alexedwards__scs,https://github.com/alexedwards/scs
alexeyco__binder,https://github.com/alexeyco/binder
alexeyco__pig,https://github.com/alexeyco/pig
alexeyco__simpletable,https://github.com/alexeyco/simpletable
alexflint__go-arg,https://github.com/alexflint/go-arg
alexliesenfeld__health,https://github.com/alexliesenfeld/health
alexpantyukhin__go-pattern-match,https://github.com/alexpantyukhin/go-pattern-match
alexsergivan__transliterator,https://github.com/alexsergivan/transliterator
alexsniffin__gosd,https://github.com/alexsniffin/gosd
alfiankan__crab-config-files-templating,https://github.com/alfiankan/crab-config-files-templating
alibaba__opentelemetry-go-auto-instrumentation,https://github.com/alibaba/opentelemetry-go-auto-instrumentation
aliexpressru__gomemcached,https://github.com/aliexpressru/gomemcached
alioygur__gores,https://github.com/alioygur/gores
alitto__pond,https://github.com/alitto/pond
alixaxel__genex,https://github.com/alixaxel/genex
alixaxel__pagerank,https://github.com/alixaxel/pagerank
allaboutapps__go-starter,https://github.com/allaboutapps/go-starter
allegro__bigcache,https://github.com/allegro/bigcache
alouche__rodent,https://github.com/alouche/rodent
alpeb__go-finance,https://github.com/alpeb/go-finance
alvii147__gloop,https://github.com/alvii147/gloop
alwindoss__morse,https://github.com/alwindoss/morse
amacneil__dbmate,https://github.com/amacneil/dbmate
amallia__go-ef,https://github.com/amallia/go-ef
amimof__huego,https://github.com/amimof/huego
amit-davidson__Chronos,https://github.com/amit-davidson/Chronos
amit-davidson__LibraDB,https://github.com/amit-davidson/LibraDB
amit-davidson__awesome-golang-workshops,https://github.com/amit-davidson/awesome-golang-workshops
amjadjibon__memsh,https://github.com/amjadjibon/memsh
amoghe__distillog,https://github.com/amoghe/distillog
anacrolix__dht,https://github.com/anacrolix/dht
anacrolix__torrent,https://github.com/anacrolix/torrent
anacrolix__utp,https://github.com/anacrolix/utp
anatol__booster,https://github.com/anatol/booster
anatol__luks.go,https://github.com/anatol/luks.go
anchore__syft,https://github.com/anchore/syft
andizzle__rwdb,https://github.com/andizzle/rwdb
andlabs__ui,https://github.com/andlabs/ui
andreimerlescu__entpassgen,https://github.com/andreimerlescu/entpassgen
andrewstuart__goq,https://github.com/andrewstuart/goq
andskur__argon2-hashing,https://github.com/andskur/argon2-hashing
andy2046__failured,https://github.com/andy2046/failured
andy2046__tik,https://github.com/andy2046/tik
andybons__hipchat,https://github.com/andybons/hipchat
andygeiss__ecs,https://github.com/andygeiss/ecs
andygeiss__esp32-transpiler,https://github.com/andygeiss/esp32-transpiler
andygrunwald__cachet,https://github.com/andygrunwald/cachet
andygrunwald__go-gerrit,https://github.com/andygrunwald/go-gerrit
andygrunwald__go-jira,https://github.com/andygrunwald/go-jira
andygrunwald__go-trending,https://github.com/andygrunwald/go-trending
andygrunwald__megos,https://github.com/andygrunwald/megos
andygrunwald__vdf,https://github.com/andygrunwald/vdf
ankorstore__yokai,https://github.com/ankorstore/yokai
anqiansong__sqlgen,https://github.com/anqiansong/sqlgen
ansd__lastpass-go,https://github.com/ansd/lastpass-go
antchfx__antch,https://github.com/antchfx/antch
antchfx__htmlquery,https://github.com/antchfx/htmlquery
antchfx__xmlquery,https://github.com/antchfx/xmlquery
antchfx__xpath,https://github.com/antchfx/xpath
antham__chyle,https://github.com/antham/chyle
antham__envh,https://github.com/antham/envh
antham__ghokin,https://github.com/antham/ghokin
antham__gommit,https://github.com/antham/gommit
antham__strumt,https://github.com/antham/strumt
antham__yogo,https://github.com/antham/yogo
anthdm__hollywood,https://github.com/anthdm/hollywood
anthonynsimon__bild,https://github.com/anthonynsimon/bild
antonmedv__expr,https://github.com/antonmedv/expr
antonmedv__fx,https://github.com/antonmedv/fx
antst__go-apispec,https://github.com/antst/go-apispec
aofei__cameron,https://github.com/aofei/cameron
aofei__sandid,https://github.com/aofei/sandid
apache__calcite-avatica-go,https://github.com/apache/calcite-avatica-go
apecloud__kubeblocks,https://github.com/apecloud/kubeblocks
apex__log,https://github.com/apex/log
aplescia-chwy__lets-go,https://github.com/aplescia-chwy/lets-go
appleboy__drone-jenkins,https://github.com/appleboy/drone-jenkins
appleboy__drone-line,https://github.com/appleboy/drone-line
appleboy__drone-scp,https://github.com/appleboy/drone-scp
appleboy__easyssh-proxy,https://github.com/appleboy/easyssh-proxy
appleboy__gofight,https://github.com/appleboy/gofight
appleboy__gorush,https://github.com/appleboy/gorush
apsdehal__go-logger,https://github.com/apsdehal/go-logger
aptly-dev__aptly,https://github.com/aptly-dev/aptly
araddon__dateparse,https://github.com/araddon/dateparse
aragossa__pii-shield,https://github.com/aragossa/pii-shield
arceus-7__chroma16,https://github.com/arceus-7/chroma16
arch-go__arch-go,https://github.com/arch-go/arch-go
ardanlabs__service,https://github.com/ardanlabs/service
arduino__arduino-cli,https://github.com/arduino/arduino-cli
ariga__atlas,https://github.com/ariga/atlas
arikama__go-mysql-test-container,https://github.com/arikama/go-mysql-test-container
arl__statsviz,https://github.com/arl/statsviz
arthurkiller__rollingWriter,https://github.com/arthurkiller/rollingWriter
arthurkushman__buildsqlx,https://github.com/arthurkushman/buildsqlx
arthurkushman__pgo,https://github.com/arthurkushman/pgo
artonge__go-csv-tag,https://github.com/artonge/go-csv-tag
artonge__go-gtfs,https://github.com/artonge/go-gtfs
artyom__autoflags,https://github.com/artyom/autoflags
arunsupe__semantic-grep,https://github.com/arunsupe/semantic-grep
arunsworld__nursery,https://github.com/arunsworld/nursery
arxdsilva__golang-ifood-sdk,https://github.com/arxdsilva/golang-ifood-sdk
asafschers__goscore,https://github.com/asafschers/goscore
asaskevich__EventBus,https://github.com/asaskevich/EventBus
asaskevich__govalidator,https://github.com/asaskevich/govalidator
asciimoo__colly,https://github.com/asciimoo/colly
asciimoo__wuzz,https://github.com/asciimoo/wuzz
asdine__storm,https://github.com/asdine/storm
ashleymcnamara__gophers,https://github.com/ashleymcnamara/gophers
ashwingopalsamy__uuidcheck,https://github.com/ashwingopalsamy/uuidcheck
askeladdk__prattle,https://github.com/askeladdk/prattle
assafmo__joincap,https://github.com/assafmo/joincap
astaxie__build-web-application-with-golang,https://github.com/astaxie/build-web-application-with-golang
asticode__go-astiav,https://github.com/asticode/go-astiav
asticode__go-astisub,https://github.com/asticode/go-astisub
asticode__go-astitodo,https://github.com/asticode/go-astitodo
asticode__go-astits,https://github.com/asticode/go-astits
asty-org__asty,https://github.com/asty-org/asty
asynkron__protoactor-go,https://github.com/asynkron/protoactor-go
atelpis__enflag,https://github.com/atelpis/enflag
atemerev__skynet,https://github.com/atemerev/skynet
augmentable-dev__tickgit,https://github.com/augmentable-dev/tickgit
aurelien-rainone__go-rquad,https://github.com/aurelien-rainone/go-rquad
authzed__spicedb,https://github.com/authzed/spicedb
auyer__steganography,https://github.com/auyer/steganography
avahidi__interpol,https://github.com/avahidi/interpol
avast__retry-go,https://github.com/avast/retry-go
avelino__slugify,https://github.com/avelino/slugify
avito-tech__go-transaction-manager,https://github.com/avito-tech/go-transaction-manager
avito-tech__normalize,https://github.com/avito-tech/normalize
awalterschulze__goderive,https://github.com/awalterschulze/goderive
awalterschulze__gographviz,https://github.com/awalterschulze/gographviz
awnumar__memguard,https://github.com/awnumar/memguard
awoodbeck__strftime,https://github.com/awoodbeck/strftime
aws__aws-sdk-go-v2,https://github.com/aws/aws-sdk-go-v2
awsong__MMSEGO,https://github.com/awsong/MMSEGO
axelspringer__go-chronos,https://github.com/axelspringer/go-chronos
axiomhq__hyperloglog,https://github.com/axiomhq/hyperloglog
axllent__mailpit,https://github.com/axllent/mailpit
axzilla__templui,https://github.com/axzilla/templui
aybabtme__portproxy,https://github.com/aybabtme/portproxy
aymanhs__nanotdb,https://github.com/aymanhs/nanotdb
aymerick__douceur,https://github.com/aymerick/douceur
aytechnet__decimal,https://github.com/aytechnet/decimal
azer__logger,https://github.com/azer/logger
azr__generators,https://github.com/azr/generators
baalimago__wd-41,https://github.com/baalimago/wd-41
bahlo__go-styleguide,https://github.com/bahlo/go-styleguide
balerter__balerter,https://github.com/balerter/balerter
balinomad__go-mockfs,https://github.com/balinomad/go-mockfs
bamzi__jobrunner,https://github.com/bamzi/jobrunner
barasher__go-exiftool,https://github.com/barasher/go-exiftool
bart6114__cheek,https://github.com/bart6114/cheek
bartventer__gorm-multitenancy,https://github.com/bartventer/gorm-multitenancy
barweiss__go-tuple,https://github.com/barweiss/go-tuple
bayandin__awesome-awesomeness,https://github.com/bayandin/awesome-awesomeness
bcicen__ctop,https://github.com/bcicen/ctop
bdjimmy__gbind,https://github.com/bdjimmy/gbind
beatlabs__harvester,https://github.com/beatlabs/harvester
beatlabs__patron,https://github.com/beatlabs/patron
bebop__poly,https://github.com/bebop/poly
becheran__roumon,https://github.com/becheran/roumon
beefsack__go-astar,https://github.com/beefsack/go-astar
beefsack__go-rate,https://github.com/beefsack/go-rate
beego__beego,https://github.com/beego/beego
benbjohnson__ego,https://github.com/benbjohnson/ego
bengadbois__pewpew,https://github.com/bengadbois/pewpew
benmanns__goworker,https://github.com/benmanns/goworker
benthosdev__benthos,https://github.com/benthosdev/benthos
betrybe__playbook-go,https://github.com/betrybe/playbook-go
beyang__hgo,https://github.com/beyang/hgo
bhmj__jsonslice,https://github.com/bhmj/jsonslice
bhope__hedge,https://github.com/bhope/hedge
biter777__countries,https://github.com/biter777/countries
bitfield__gotestdox,https://github.com/bitfield/gotestdox
bitfield__qrand,https://github.com/bitfield/qrand
bitfield__script,https://github.com/bitfield/script
bitfield__uptimerobot,https://github.com/bitfield/uptimerobot
bits-and-blooms__bitset,https://github.com/bits-and-blooms/bitset
bits-and-blooms__bloom,https://github.com/bits-and-blooms/bloom
bleenco__abstruse,https://github.com/bleenco/abstruse
blevesearch__bleve,https://github.com/blevesearch/bleve
blevesearch__segment,https://github.com/blevesearch/segment
blind-oracle__cortex-tenant,https://github.com/blind-oracle/cortex-tenant
blind-oracle__nginx-prometheus,https://github.com/blind-oracle/nginx-prometheus
blind-oracle__psql-streamer,https://github.com/blind-oracle/psql-streamer
blind-oracle__riemann-relay,https://github.com/blind-oracle/riemann-relay
blinklabs-io__nview,https://github.com/blinklabs-io/nview
blockloop__scan,https://github.com/blockloop/scan
bluele__gcache,https://github.com/bluele/gcache
bluetuith-org__bluetuith,https://github.com/bluetuith-org/bluetuith
bmf-san__ggc,https://github.com/bmf-san/ggc
bmf-san__goblin,https://github.com/bmf-san/goblin
bmf-san__gondola,https://github.com/bmf-san/gondola
bndr__gopencils,https://github.com/bndr/gopencils
bndr__gotabulate,https://github.com/bndr/gotabulate
bobg__basexx,https://github.com/bobg/basexx
bobg__combo,https://github.com/bobg/combo
bobg__decouple,https://github.com/bobg/decouple
bobg__encid,https://github.com/bobg/encid
bobg__go-generics,https://github.com/bobg/go-generics
bobg__hashsplit,https://github.com/bobg/hashsplit
bobg__htree,https://github.com/bobg/htree
bobg__merkle,https://github.com/bobg/merkle
bobg__mid,https://github.com/bobg/mid
bobg__modver,https://github.com/bobg/modver
bobg__subcmd,https://github.com/bobg/subcmd
bogdanfinn__tls-client,https://github.com/bogdanfinn/tls-client
bogem__id3v2,https://github.com/bogem/id3v2
bojanz__address,https://github.com/bojanz/address
bojanz__currency,https://github.com/bojanz/currency
bokwoon95__go-structured-query,https://github.com/bokwoon95/go-structured-query
bolknote__go-gd,https://github.com/bolknote/go-gd
boot-go__boot,https://github.com/boot-go/boot
borderstech__artifex,https://github.com/borderstech/artifex
born-ml__born,https://github.com/born-ml/born
bouk__gonerics,https://github.com/bouk/gonerics
box-cli-maker__box-cli-maker,https://github.com/box-cli-maker/box-cli-maker
boxesandglue__bagme,https://github.com/boxesandglue/bagme
boyter__scc,https://github.com/boyter/scc
bozd4g__go-http-client,https://github.com/bozd4g/go-http-client
bradfitz__gomemcache,https://github.com/bradfitz/gomemcache
bradleyfalzon__apicompat,https://github.com/bradleyfalzon/apicompat
bradleyjkemp__cupaloy,https://github.com/bradleyjkemp/cupaloy
brandonyoungdev__tldx,https://github.com/brandonyoungdev/tldx
briandowns__spinner,https://github.com/briandowns/spinner
brianvoe__gofakeit,https://github.com/brianvoe/gofakeit
brianvoe__sjwt,https://github.com/brianvoe/sjwt
brunomvsouza__ynab.go,https://github.com/brunomvsouza/ynab.go
bsm__redeo,https://github.com/bsm/redeo
bsm__redislock,https://github.com/bsm/redislock
btnguyen2k__gocosmos,https://github.com/btnguyen2k/gocosmos
btnguyen2k__olaf,https://github.com/btnguyen2k/olaf
buaazp__fasthttprouter,https://github.com/buaazp/fasthttprouter
buger__gor,https://github.com/buger/gor
buraksezer__consistent,https://github.com/buraksezer/consistent
bwmarrin__discordgo,https://github.com/bwmarrin/discordgo
bykof__gostradamus,https://github.com/bykof/gostradamus
bytebase__bytebase,https://github.com/bytebase/bytebase
bytedance__sonic,https://github.com/bytedance/sonic
bzick__tokenizer,https://github.com/bzick/tokenizer
c-bata__go-prompt,https://github.com/c-bata/go-prompt
c-bata__goptuna,https://github.com/c-bata/goptuna
c-robinson__iplib,https://github.com/c-robinson/iplib
c9s__bbgo,https://github.com/c9s/bbgo
caarlos0__env,https://github.com/caarlos0/env
caarlos0__log,https://github.com/caarlos0/log
cabify__gotoprom,https://github.com/cabify/gotoprom
cabify__logrusiowriter,https://github.com/cabify/logrusiowriter
cabify__timex,https://github.com/cabify/timex
caddyserver__caddy,https://github.com/caddyserver/caddy
caddyserver__certmagic,https://github.com/caddyserver/certmagic
calpa__urusai,https://github.com/calpa/urusai
camgraff__protoxy,https://github.com/camgraff/protoxy
capillariesio__capillaries,https://github.com/capillariesio/capillaries
carbocation__interpose,https://github.com/carbocation/interpose
carlescere__goback,https://github.com/carlescere/goback
carlescere__scheduler,https://github.com/carlescere/scheduler
carlmjohnson__be,https://github.com/carlmjohnson/be
carlmjohnson__flowmatic,https://github.com/carlmjohnson/flowmatic
carlmjohnson__requests,https://github.com/carlmjohnson/requests
catchplay__scaffold,https://github.com/catchplay/scaffold
cavaliercoder__grab,https://github.com/cavaliercoder/grab
ccbrown__api-fu,https://github.com/ccbrown/api-fu
ccding__go-stun,https://github.com/ccding/go-stun
cch123__elasticsql,https://github.com/cch123/elasticsql
ccoVeille__go-safecast,https://github.com/ccoVeille/go-safecast
cdipaolo__goml,https://github.com/cdipaolo/goml
cenkalti__rain,https://github.com/cenkalti/rain
centerorbit__depcharge,https://github.com/centerorbit/depcharge
centrifugal__centrifugo,https://github.com/centrifugal/centrifugo
cep21__circuit,https://github.com/cep21/circuit
ceshihao__windowsupdate,https://github.com/ceshihao/windowsupdate
chai2010__go-ast-book,https://github.com/chai2010/go-ast-book
chaindead__modup,https://github.com/chaindead/modup
chaindead__zerocfg,https://github.com/chaindead/zerocfg
chainifynet__aws-encryption-sdk-go,https://github.com/chainifynet/aws-encryption-sdk-go
chanced__caps,https://github.com/chanced/caps
chanify__chanify,https://github.com/chanify/chanify
chapar-rest__chapar,https://github.com/chapar-rest/chapar
charlievieth__fastwalk,https://github.com/charlievieth/fastwalk
charlievieth__strcase,https://github.com/charlievieth/strcase
charmbracelet__bubbles,https://github.com/charmbracelet/bubbles
charmbracelet__bubbletea,https://github.com/charmbracelet/bubbletea
charmbracelet__lipgloss,https://github.com/charmbracelet/lipgloss
charmbracelet__wish,https://github.com/charmbracelet/wish
checkr__flagr,https://github.com/checkr/flagr
cheng-zhongliang__event,https://github.com/cheng-zhongliang/event
chenmingyong0423__go-mongox,https://github.com/chenmingyong0423/go-mongox
chenquan__go-pkg,https://github.com/chenquan/go-pkg
cheshir__go-mq,https://github.com/cheshir/go-mq
cheshir__ttlcache,https://github.com/cheshir/ttlcache
cheynewallace__tabby,https://github.com/cheynewallace/tabby
chmenegatti__go-date-fns,https://github.com/chmenegatti/go-date-fns
chmike__securecookie,https://github.com/chmike/securecookie
chmike__varint,https://github.com/chmike/varint
chonla__cellwalker,https://github.com/chonla/cellwalker
chonthu__go-google-analytics,https://github.com/chonthu/go-google-analytics
chriscross0__go-restcountries,https://github.com/chriscross0/go-restcountries
chrislusf__gleam,https://github.com/chrislusf/gleam
chrislusf__glow,https://github.com/chrislusf/glow
chrislusf__seaweedfs,https://github.com/chrislusf/seaweedfs
chrislusf__vasto,https://github.com/chrislusf/vasto
chrismckenzie__dropship,https://github.com/chrismckenzie/dropship
chrispassas__nfdump,https://github.com/chrispassas/nfdump
chrispassas__silk,https://github.com/chrispassas/silk
chyroc__lark,https://github.com/chyroc/lark
chzyer__logex,https://github.com/chzyer/logex
cihangir__neo4j,https://github.com/cihangir/neo4j
cihub__seelog,https://github.com/cihub/seelog
cilium__ebpf,https://github.com/cilium/ebpf
cimgui__cimgui,https://github.com/cimgui/cimgui
cinar__checker,https://github.com/cinar/checker
cinar__indicator,https://github.com/cinar/indicator
circa10a__go-aws-news,https://github.com/circa10a/go-aws-news
cjhutto__vaderSentiment,https://github.com/cjhutto/vaderSentiment
claygod__Bxog,https://github.com/claygod/Bxog
claygod__PiHex,https://github.com/claygod/PiHex
claygod__coffer,https://github.com/claygod/coffer
claygod__microservice,https://github.com/claygod/microservice
claygod__transaction,https://github.com/claygod/transaction
clbanning__mxj,https://github.com/clbanning/mxj
clevabit__libgoffi,https://github.com/clevabit/libgoffi
clevergo__jsend,https://github.com/clevergo/jsend
clok__kemba,https://github.com/clok/kemba
cloudflare__cloudflared,https://github.com/cloudflare/cloudflared
cloudquery__cloudquery,https://github.com/cloudquery/cloudquery
cloudwego__hertz,https://github.com/cloudwego/hertz
cloudwego__kitex,https://github.com/cloudwego/kitex
cloudwego__netpoll,https://github.com/cloudwego/netpoll
clubpay__ronykit,https://github.com/clubpay/ronykit
cmd-stream__cmd-stream-go,https://github.com/cmd-stream/cmd-stream-go
cockroachdb__cockroach,https://github.com/cockroachdb/cockroach
cockroachdb__errors,https://github.com/cockroachdb/errors
cockroachdb__pebble,https://github.com/cockroachdb/pebble
cocoonspace__dynjson,https://github.com/cocoonspace/dynjson
cocoonspace__fsm,https://github.com/cocoonspace/fsm
codemodus__catena,https://github.com/codemodus/catena
codemodus__chain,https://github.com/codemodus/chain
codemodus__kace,https://github.com/codemodus/kace
codenotary__immudb,https://github.com/codenotary/immudb
codesenberg__bombardier,https://github.com/codesenberg/bombardier
codeship__codeship-go,https://github.com/codeship/codeship-go
codingconcepts__dg,https://github.com/codingconcepts/dg
codingconcepts__env,https://github.com/codingconcepts/env
codingsince1985__checksum,https://github.com/codingsince1985/checksum
codingsince1985__couchcache,https://github.com/codingsince1985/couchcache
codingsince1985__geo-golang,https://github.com/codingsince1985/geo-golang
cogentcore__core,https://github.com/cogentcore/core
coinpaprika__coinpaprika-api-go-client,https://github.com/coinpaprika/coinpaprika-api-go-client
colinhacks__zod,https://github.com/colinhacks/zod
cometbft__cometbft,https://github.com/cometbft/cometbft
componego__componego,https://github.com/componego/componego
confluentinc__confluent-kafka-go,https://github.com/confluentinc/confluent-kafka-go
connectordb__connectordb,https://github.com/connectordb/connectordb
consbio__mbtileserver,https://github.com/consbio/mbtileserver
containers__podman-tui,https://github.com/containers/podman-tui
containous__traefik,https://github.com/containous/traefik
containrrr__shoutrrr,https://github.com/containrrr/shoutrrr
corazawaf__coraza,https://github.com/corazawaf/coraza
corbym__gocrest,https://github.com/corbym/gocrest
corbym__gogiven,https://github.com/corbym/gogiven
coregx__ahocorasick,https://github.com/coregx/ahocorasick
coregx__coregex,https://github.com/coregx/coregex
coregx__fursy,https://github.com/coregx/fursy
coregx__gxpdf,https://github.com/coregx/gxpdf
coregx__relica,https://github.com/coregx/relica
coregx__signals,https://github.com/coregx/signals
corona10__goimagehash,https://github.com/corona10/goimagehash
corona10__goimghdr,https://github.com/corona10/goimghdr
cortesi__devd,https://github.com/cortesi/devd
cosiner__argv,https://github.com/cosiner/argv
cosmos__cosmos-sdk,https://github.com/cosmos/cosmos-sdk
cosmtrek__air,https://github.com/cosmtrek/air
cossacklabs__acra,https://github.com/cossacklabs/acra
cossacklabs__themis,https://github.com/cossacklabs/themis
couchbase__go-couchbase,https://github.com/couchbase/go-couchbase
couchbase__gocb,https://github.com/couchbase/gocb
couchbase__goforestdb,https://github.com/couchbase/goforestdb
couchbase__moss,https://github.com/couchbase/moss
cpmech__gosl,https://github.com/cpmech/gosl
create-go-app__cli,https://github.com/create-go-app/cli
cristalhq__acmd,https://github.com/cristalhq/acmd
cristalhq__aconfig,https://github.com/cristalhq/aconfig
cristalhq__builq,https://github.com/cristalhq/builq
cristalhq__jwt,https://github.com/cristalhq/jwt
cristianoliveira__ergo,https://github.com/cristianoliveira/ergo
crleonard__pingtower,https://github.com/crleonard/pingtower
crufter__borg,https://github.com/crufter/borg
cryptojuice__gobrew,https://github.com/cryptojuice/gobrew
cshum__imagor,https://github.com/cshum/imagor
cstockton__go-conv,https://github.com/cstockton/go-conv
cswank__kcli,https://github.com/cswank/kcli
ctreminiom__go-atlassian,https://github.com/ctreminiom/go-atlassian
cubahno__connexions,https://github.com/cubahno/connexions
cucumber__godog,https://github.com/cucumber/godog
cvilsmeier__sqinn-go,https://github.com/cvilsmeier/sqinn-go
cweill__gotests,https://github.com/cweill/gotests
cybergarage__go-job,https://github.com/cybergarage/go-job
cybertec-postgresql__pg_timetable,https://github.com/cybertec-postgresql/pg_timetable
cyruzin__golang-tmdb,https://github.com/cyruzin/golang-tmdb
cyruzin__tome,https://github.com/cyruzin/tome
cyucelen__marker,https://github.com/cyucelen/marker
cyucelen__walker,https://github.com/cyucelen/walker
d5__tengo,https://github.com/d5/tengo
dagu-go__dagu,https://github.com/dagu-go/dagu
daichi-m__go18ds,https://github.com/daichi-m/go18ds
dailymotion__oplog,https://github.com/dailymotion/oplog
dakera-ai__dakera-go,https://github.com/dakera-ai/dakera-go
dancannon__gorethink,https://github.com/dancannon/gorethink
daneharrigan__hipchat,https://github.com/daneharrigan/hipchat
danieldk__go2vec,https://github.com/danieldk/go2vec
danielgtaylor__huma,https://github.com/danielgtaylor/huma
dannyvankooten__vat,https://github.com/dannyvankooten/vat
dariubs__GoBooks,https://github.com/dariubs/GoBooks
dastoori__higgs,https://github.com/dastoori/higgs
datarootsio__tf-profile,https://github.com/datarootsio/tf-profile
datastream__libsvm,https://github.com/datastream/libsvm
dathoangnd__gonet,https://github.com/dathoangnd/gonet
dave__blast,https://github.com/dave/blast
dave__jennifer,https://github.com/dave/jennifer
davecgh__go-spew,https://github.com/davecgh/go-spew
davecheney__autobench,https://github.com/davecheney/autobench
daveshanley__vacuum,https://github.com/daveshanley/vacuum
davidbyttow__govips,https://github.com/davidbyttow/govips
daviddengcn__go-colortext,https://github.com/daviddengcn/go-colortext
daviddengcn__go-pr,https://github.com/daviddengcn/go-pr
davrodpin__mole,https://github.com/davrodpin/mole
db47h__decimal,https://github.com/db47h/decimal
db47h__ngaro,https://github.com/db47h/ngaro
dchest__stemmer,https://github.com/dchest/stemmer
ddddddO__gtree,https://github.com/ddddddO/gtree
ddelizia__channelify,https://github.com/ddelizia/channelify
ddo__rq,https://github.com/ddo/rq
ddosify__alaz,https://github.com/ddosify/alaz
ddosify__ddosify,https://github.com/ddosify/ddosify
ddymko__go-jsonerror,https://github.com/ddymko/go-jsonerror
deatil__go-array,https://github.com/deatil/go-array
deatil__go-datebin,https://github.com/deatil/go-datebin
deatil__go-events,https://github.com/deatil/go-events
deatil__go-jwt,https://github.com/deatil/go-jwt
deckarep__golang-set,https://github.com/deckarep/golang-set
deckarep__gosx-notifier,https://github.com/deckarep/gosx-notifier
dedalqq__omg.jsonparser,https://github.com/dedalqq/omg.jsonparser
dedalqq__omg.testingtools,https://github.com/dedalqq/omg.testingtools
deepaksinghvi__cdule,https://github.com/deepaksinghvi/cdule
deepmap__oapi-codegen,https://github.com/deepmap/oapi-codegen
defcronyke__godscache,https://github.com/defcronyke/godscache
denisenkom__go-mssqldb,https://github.com/denisenkom/go-mssqldb
dennwc__dom,https://github.com/dennwc/dom
derailed__k9s,https://github.com/derailed/k9s
derekparker__delve,https://github.com/derekparker/delve
derekparker__trie,https://github.com/derekparker/trie
desertbit__glue,https://github.com/desertbit/glue
destel__rill,https://github.com/destel/rill
detectlanguage__detectlanguage-go,https://github.com/detectlanguage/detectlanguage-go
deuill__go-php,https://github.com/deuill/go-php
devfacet__gocmd,https://github.com/devfacet/gocmd
dghubble__gologin,https://github.com/dghubble/gologin
dghubble__sling,https://github.com/dghubble/sling
dgraph-io__badger,https://github.com/dgraph-io/badger
dgraph-io__dgraph,https://github.com/dgraph-io/dgraph
dgraph-io__ristretto,https://github.com/dgraph-io/ristretto
dgruber__drmaa,https://github.com/dgruber/drmaa
dgryski__go-jump,https://github.com/dgryski/go-jump
dh1tw__gosamplerate,https://github.com/dh1tw/gosamplerate
diamondburned__arikawa,https://github.com/diamondburned/arikawa
diankong__GoDocTooltip,https://github.com/diankong/GoDocTooltip
didi__gendry,https://github.com/didi/gendry
didip__tollbooth,https://github.com/didip/tollbooth
diegomarangoni__typenv,https://github.com/diegomarangoni/typenv
dietsche__textbelt,https://github.com/dietsche/textbelt
digitalcrab__browscap_go,https://github.com/digitalcrab/browscap_go
digota__digota,https://github.com/digota/digota
dikhan__terraform-provider-openapi,https://github.com/dikhan/terraform-provider-openapi
dimfeld__httptreemux,https://github.com/dimfeld/httptreemux
dimiro1__banner,https://github.com/dimiro1/banner
dimiro1__health,https://github.com/dimiro1/health
dimuska139__go-email-normalizer,https://github.com/dimuska139/go-email-normalizer
dimuska139__rawg-sdk-go,https://github.com/dimuska139/rawg-sdk-go
dinakars777__moody,https://github.com/dinakars777/moody
dinopuguh__gosentiwordnet,https://github.com/dinopuguh/gosentiwordnet
dirkaholic__kyoo,https://github.com/dirkaholic/kyoo
disintegration__gift,https://github.com/disintegration/gift
disintegration__imaging,https://github.com/disintegration/imaging
disksing__iter,https://github.com/disksing/iter
distatus__battery,https://github.com/distatus/battery
dixonwille__skywalker,https://github.com/dixonwille/skywalker
dixonwille__wlog,https://github.com/dixonwille/wlog
dixonwille__wmenu,https://github.com/dixonwille/wmenu
dnaeon__go-vcr,https://github.com/dnaeon/go-vcr
dnnrly__abbreviate,https://github.com/dnnrly/abbreviate
dnnrly__hoofli,https://github.com/dnnrly/hoofli
dnnrly__httpref,https://github.com/dnnrly/httpref
dnnrly__wait-for,https://github.com/dnnrly/wait-for
dnote__dnote,https://github.com/dnote/dnote
documize__community,https://github.com/documize/community
doganarif__govisual,https://github.com/doganarif/govisual
dolthub__dolt,https://github.com/dolthub/dolt
dominikh__go-mode.el,https://github.com/dominikh/go-mode.el
dominikh__go-tools,https://github.com/dominikh/go-tools
donatj__mpo,https://github.com/donatj/mpo
doors-dev__doors,https://github.com/doors-dev/doors
doors-dev__gox,https://github.com/doors-dev/gox
dop251__goja,https://github.com/dop251/goja
dotchain__dot,https://github.com/dotchain/dot
doug-martin__goqu,https://github.com/doug-martin/goqu
dragonflyoss__Dragonfly2,https://github.com/dragonflyoss/Dragonfly2
drakkan__sftpgo,https://github.com/drakkan/sftpgo
drewstinnett__go-output-format,https://github.com/drewstinnett/go-output-format
dromara__carbon,https://github.com/dromara/carbon
drone__drone,https://github.com/drone/drone
dropbox__godropbox,https://github.com/dropbox/godropbox
dsbasko__go-cfg,https://github.com/dsbasko/go-cfg
dtgorski__typex,https://github.com/dtgorski/typex
dtylman__gowd,https://github.com/dtylman/gowd
duanckham__hands,https://github.com/duanckham/hands
duke-git__lancet,https://github.com/duke-git/lancet
dukex__mixpanel,https://github.com/dukex/mixpanel
dundee__gdu,https://github.com/dundee/gdu
dunglas__frankenphp,https://github.com/dunglas/frankenphp
dunglas__mercure,https://github.com/dunglas/mercure
dustin__go-humanize,https://github.com/dustin/go-humanize
dustinblackman__gomodrun,https://github.com/dustinblackman/gomodrun
dveselov__mystem,https://github.com/dveselov/mystem
dvyukov__go-fuzz,https://github.com/dvyukov/go-fuzz
dwin__goArgonPass,https://github.com/dwin/goArgonPass
dwin__goSecretBoxPassword,https://github.com/dwin/goSecretBoxPassword
e-XpertSolutions__go-cluster,https://github.com/e-XpertSolutions/go-cluster
e-dard__godist,https://github.com/e-dard/godist
e-dard__netbug,https://github.com/e-dard/netbug
e154__smart-home,https://github.com/e154/smart-home
eaburns__Watch,https://github.com/eaburns/Watch
eaigner__shield,https://github.com/eaigner/shield
eapache__go-resiliency,https://github.com/eapache/go-resiliency
ebitengine__purego,https://github.com/ebitengine/purego
echocat__slf4g,https://github.com/echocat/slf4g
edermanoel94__rest-go,https://github.com/edermanoel94/rest-go
editorconfig__editorconfig-core-go,https://github.com/editorconfig/editorconfig-core-go
edoger__zkits-logger,https://github.com/edoger/zkits-logger
eduardonunesp__sslb,https://github.com/eduardonunesp/sslb
eduncan911__podcast,https://github.com/eduncan911/podcast
edwingeng__deque,https://github.com/edwingeng/deque
edwingeng__doublejump,https://github.com/edwingeng/doublejump
edwingeng__hotswap,https://github.com/edwingeng/hotswap
edwingeng__wuid,https://github.com/edwingeng/wuid
egonelbre__gophers,https://github.com/egonelbre/gophers
ekkinox__yai,https://github.com/ekkinox/yai
eko__gocache,https://github.com/eko/gocache
elC0mpa__aws-doctor,https://github.com/elC0mpa/aws-doctor
elastic__go-elasticsearch,https://github.com/elastic/go-elasticsearch
elastic__go-freelru,https://github.com/elastic/go-freelru
elazarl__goproxy,https://github.com/elazarl/goproxy
elgohr__go-localstack,https://github.com/elgohr/go-localstack
elgohr__stop-and-go,https://github.com/elgohr/stop-and-go
elgopher__pi,https://github.com/elgopher/pi
elgris__sqrl,https://github.com/elgris/sqrl
elgs__gojq,https://github.com/elgs/gojq
elgs__jsonql,https://github.com/elgs/jsonql
elithrar__simple-scrypt,https://github.com/elithrar/simple-scrypt
elliotwutingfeng__go-fasttld,https://github.com/elliotwutingfeng/go-fasttld
elves__elvish,https://github.com/elves/elvish
embano1__memlog,https://github.com/embano1/memlog
emersion__go-imap,https://github.com/emersion/go-imap
emersion__go-message,https://github.com/emersion/go-message
emersion__go-vcard,https://github.com/emersion/go-vcard
emicklei__mora,https://github.com/emicklei/mora
emicklei__proto,https://github.com/emicklei/proto
emiddleton__gads,https://github.com/emiddleton/gads
emirpasic__gods,https://github.com/emirpasic/gods
emitter-io__emitter,https://github.com/emitter-io/emitter
emperror__emperror,https://github.com/emperror/emperror
emperror__errors,https://github.com/emperror/errors
emvi__hide,https://github.com/emvi/hide
emvi__null,https://github.com/emvi/null
endeveit__enca,https://github.com/endeveit/enca
endeveit__guesslanguage,https://github.com/endeveit/guesslanguage
energye__energy,https://github.com/energye/energy
enetx__fsm,https://github.com/enetx/fsm
enetx__g,https://github.com/enetx/g
enetx__surf,https://github.com/enetx/surf
enetx__tg,https://github.com/enetx/tg
enriquebris__goconcurrentqueue,https://github.com/enriquebris/goconcurrentqueue
epiclabs-io__elastic,https://github.com/epiclabs-io/elastic
ergo-services__ergo,https://github.com/ergo-services/ergo
erni27__imcache,https://github.com/erni27/imcache
esemplastic__unis,https://github.com/esemplastic/unis
esimov__gogu,https://github.com/esimov/gogu
essentialkaos__branca,https://github.com/essentialkaos/branca
esurdam__go-sophos,https://github.com/esurdam/go-sophos
esurdam__go-swagger-ui,https://github.com/esurdam/go-swagger-ui
etcd-io__bbolt,https://github.com/etcd-io/bbolt
etcd-io__etcd,https://github.com/etcd-io/etcd
etcd-io__raft,https://github.com/etcd-io/raft
ethereum__go-ethereum,https://github.com/ethereum/go-ethereum
etherlabsio__healthcheck,https://github.com/etherlabsio/healthcheck
evrone__go-clean-template,https://github.com/evrone/go-clean-template
ewwwwwqm__logdump,https://github.com/ewwwwwqm/logdump
extism__go-sdk,https://github.com/extism/go-sdk
faabiosr__cachego,https://github.com/faabiosr/cachego
faabiosr__echo-middleware,https://github.com/faabiosr/echo-middleware
fabiocicerchia__go-proxy-cache,https://github.com/fabiocicerchia/go-proxy-cache
faceair__jio,https://github.com/faceair/jio
facebook__ent,https://github.com/facebook/ent
failsafe-go__failsafe-go,https://github.com/failsafe-go/failsafe-go
fanux__lhttp,https://github.com/fanux/lhttp
fastschema__fastschema,https://github.com/fastschema/fastschema
fatih__vim-go,https://github.com/fatih/vim-go
fawick__speedtest-resize,https://github.com/fawick/speedtest-resize
fclairamb__ftpserverlib,https://github.com/fclairamb/ftpserverlib
feichai0017__NoKV,https://github.com/feichai0017/NoKV
ferama__rospo,https://github.com/ferama/rospo
fergusstrange__embedded-postgres,https://github.com/fergusstrange/embedded-postgres
fern4lvarez__piladb,https://github.com/fern4lvarez/piladb
feyeleanor__GoSpeed,https://github.com/feyeleanor/GoSpeed
fiam__gounidecode,https://github.com/fiam/gounidecode
fieldryand__goflow,https://github.com/fieldryand/goflow
firasdarwish__ore,https://github.com/firasdarwish/ore
fish-tennis__gnet,https://github.com/fish-tennis/gnet
flannel-io__flannel,https://github.com/flannel-io/flannel
fleetdm__fleet,https://github.com/fleetdm/fleet
floatdrop__debounce,https://github.com/floatdrop/debounce
flosch__pongo2,https://github.com/flosch/pongo2
flowbaker__flowbaker,https://github.com/flowbaker/flowbaker
flower-corp__lotusdb,https://github.com/flower-corp/lotusdb
fogfish__dynamo,https://github.com/fogfish/dynamo
fogleman__gg,https://github.com/fogleman/gg
fogleman__ln,https://github.com/fogleman/ln
fogleman__nes,https://github.com/fogleman/nes
fogleman__pt,https://github.com/fogleman/pt
foolin__goview,https://github.com/foolin/goview
foolin__pagser,https://github.com/foolin/pagser
formancehq__ledger,https://github.com/formancehq/ledger
fortio__fortio,https://github.com/fortio/fortio
fox-toolkit__fox,https://github.com/fox-toolkit/fox
foxcpp__maddy,https://github.com/foxcpp/maddy
francesconi__go-rampart,https://github.com/francesconi/go-rampart
francoispqt__onelog,https://github.com/francoispqt/onelog
franela__goblin,https://github.com/franela/goblin
free__concurrent-writer,https://github.com/free/concurrent-writer
fulldump__biff,https://github.com/fulldump/biff
fulldump__goconfig,https://github.com/fulldump/goconfig
furdarius__rabbitroutine,https://github.com/furdarius/rabbitroutine
fxamacker__cbor,https://github.com/fxamacker/cbor
fxsjy__jieba,https://github.com/fxsjy/jieba
fyne-io__fyne,https://github.com/fyne-io/fyne
g3n__engine,https://github.com/g3n/engine
g4s8__envdoc,https://github.com/g4s8/envdoc
gabrie30__ghorg,https://github.com/gabrie30/ghorg
gabriel-vasile__mimetype,https://github.com/gabriel-vasile/mimetype
gabstv__go-bsdiff,https://github.com/gabstv/go-bsdiff
gabyx__githooks,https://github.com/gabyx/githooks
gagliardetto__solana-go,https://github.com/gagliardetto/solana-go
gaia-pipeline__gaia,https://github.com/gaia-pipeline/gaia
gaissmai__bart,https://github.com/gaissmai/bart
galeone__igor,https://github.com/galeone/igor
galeone__rts,https://github.com/galeone/rts
galeone__tfgo,https://github.com/galeone/tfgo
gambol99__go-marathon,https://github.com/gambol99/go-marathon
gammazero__deque,https://github.com/gammazero/deque
gammazero__radixtree,https://github.com/gammazero/radixtree
gammazero__workerpool,https://github.com/gammazero/workerpool
gansidui__gotcp,https://github.com/gansidui/gotcp
gansidui__skiplist,https://github.com/gansidui/skiplist
garethgeorge__backrest,https://github.com/garethgeorge/backrest
gatewayd-io__gatewayd,https://github.com/gatewayd-io/gatewayd
gavv__httpexpect,https://github.com/gavv/httpexpect
gchaincl__dotsql,https://github.com/gchaincl/dotsql
gchaincl__httplab,https://github.com/gchaincl/httplab
gempir__go-twitch-irc,https://github.com/gempir/go-twitch-irc
gen2brain__go-unarr,https://github.com/gen2brain/go-unarr
gen2brain__malgo,https://github.com/gen2brain/malgo
gen2brain__raylib-go,https://github.com/gen2brain/raylib-go
gentee__gentee,https://github.com/gentee/gentee
georgebuilds__anneal,https://github.com/georgebuilds/anneal
georgysavva__scany,https://github.com/georgysavva/scany
gernest__alien,https://github.com/gernest/alien
get-woke__woke,https://github.com/get-woke/woke
getfider__fider,https://github.com/getfider/fider
getlantern__systray,https://github.com/getlantern/systray
getsentry__sentry-go,https://github.com/getsentry/sentry-go
getveil__veil,https://github.com/getveil/veil
ggicci__httpin,https://github.com/ggicci/httpin
gha-common__go-beautiful-html-coverage,https://github.com/gha-common/go-beautiful-html-coverage
ghostiam__binstruct,https://github.com/ghostiam/binstruct
gilbertchen__duplicacy,https://github.com/gilbertchen/duplicacy
gin-gonic__gin,https://github.com/gin-gonic/gin
giorgisio__goav,https://github.com/giorgisio/goav
git-time-metric__gtm,https://github.com/git-time-metric/gtm
gizak__termui,https://github.com/gizak/termui
gkampitakis__go-snaps,https://github.com/gkampitakis/go-snaps
gliderlabs__ssh,https://github.com/gliderlabs/ssh
globalsign__mgo,https://github.com/globalsign/mgo
glycerine__bambam,https://github.com/glycerine/bambam
glycerine__go-capnproto,https://github.com/glycerine/go-capnproto
gmsec__micro,https://github.com/gmsec/micro
gnolang__gno,https://github.com/gnolang/gno
go-acme__lego,https://github.com/go-acme/lego
go-authgate__authgate,https://github.com/go-authgate/authgate
go-beans__go,https://github.com/go-beans/go
go-chi__chi,https://github.com/go-chi/chi
go-co-op__gocron,https://github.com/go-co-op/gocron
go-critic__go-critic,https://github.com/go-critic/go-critic
go-eagle__eagle,https://github.com/go-eagle/eagle
go-ego__gse,https://github.com/go-ego/gse
go-errr__go,https://github.com/go-errr/go
go-external-config__aws,https://github.com/go-external-config/aws
go-external-config__consul,https://github.com/go-external-config/consul
go-external-config__go,https://github.com/go-external-config/go
go-external-config__vault,https://github.com/go-external-config/vault
go-ffmt__ffmt,https://github.com/go-ffmt/ffmt
go-fuego__fuego,https://github.com/go-fuego/fuego
go-furnace__go-furnace,https://github.com/go-furnace/go-furnace
go-git__go-git,https://github.com/go-git/go-git
go-gitea__gitea,https://github.com/go-gitea/gitea
go-gl__gl,https://github.com/go-gl/gl
go-gl__glfw,https://github.com/go-gl/glfw
go-gl__mathgl,https://github.com/go-gl/mathgl
go-gorm__gorm,https://github.com/go-gorm/gorm
go-gormigrate__gormigrate,https://github.com/go-gormigrate/gormigrate
go-gorp__gorp,https://github.com/go-gorp/gorp
go-goyave__goyave,https://github.com/go-goyave/goyave
go-hep__hep,https://github.com/go-hep/hep
go-ini__ini,https://github.com/go-ini/ini
go-jet__jet,https://github.com/go-jet/jet
go-jose__go-jose,https://github.com/go-jose/go-jose
go-kata__kinit,https://github.com/go-kata/kinit
go-kit__kit,https://github.com/go-kit/kit
go-kivik__kivik,https://github.com/go-kivik/kivik
go-kod__kod,https://github.com/go-kod/kod
go-kratos__kratos,https://github.com/go-kratos/kratos
go-lark__lark,https://github.com/go-lark/lark
go-music-theory__music-theory,https://github.com/go-music-theory/music-theory
go-nunu__nunu,https://github.com/go-nunu/nunu
go-oas__docs,https://github.com/go-oas/docs
go-ole__go-ole,https://github.com/go-ole/go-ole
go-ozzo__ozzo-dbx,https://github.com/go-ozzo/ozzo-dbx
go-ozzo__ozzo-log,https://github.com/go-ozzo/ozzo-log
go-ozzo__ozzo-routing,https://github.com/go-ozzo/ozzo-routing
go-ozzo__ozzo-validation,https://github.com/go-ozzo/ozzo-validation
go-perfstat__go,https://github.com/go-perfstat/go
go-playground__assert,https://github.com/go-playground/assert
go-playground__form,https://github.com/go-playground/form
go-playground__generate,https://github.com/go-playground/generate
go-playground__lars,https://github.com/go-playground/lars
go-playground__log,https://github.com/go-playground/log
go-playground__overalls,https://github.com/go-playground/overalls
go-playground__pool,https://github.com/go-playground/pool
go-playground__pure,https://github.com/go-playground/pure
go-playground__stats,https://github.com/go-playground/stats
go-playground__validator,https://github.com/go-playground/validator
go-playground__webhooks,https://github.com/go-playground/webhooks
go-reform__reform,https://github.com/go-reform/reform
go-rel__rel,https://github.com/go-rel/rel
go-resty__resty,https://github.com/go-resty/resty
go-rod__rod,https://github.com/go-rod/rod
go-rtc__stun,https://github.com/go-rtc/stun
go-sigma__sigma,https://github.com/go-sigma/sigma
go-sonic__sonic,https://github.com/go-sonic/sonic
go-spring__spring-core,https://github.com/go-spring/spring-core
go-sprout__sprout,https://github.com/go-sprout/sprout
go-sql-driver__mysql,https://github.com/go-sql-driver/mysql
go-swagger__go-swagger,https://github.com/go-swagger/go-swagger
go-task__task,https://github.com/go-task/task
go-telegram-bot-api__telegram-bot-api,https://github.com/go-telegram-bot-api/telegram-bot-api
go-telegram__bot,https://github.com/go-telegram/bot
go-testfixtures__testfixtures,https://github.com/go-testfixtures/testfixtures
go-the-way__exl,https://github.com/go-the-way/exl
go-the-way__sg,https://github.com/go-the-way/sg
go-the-way__validator,https://github.com/go-the-way/validator
go-vgo__robotgo,https://github.com/go-vgo/robotgo
go-webgpu__goffi,https://github.com/go-webgpu/goffi
go-xkg__xkg,https://github.com/go-xkg/xkg
go-zoo__bone,https://github.com/go-zoo/bone
go-zoox__fetch,https://github.com/go-zoox/fetch
go2hx__go2hx,https://github.com/go2hx/go2hx
goadesign__goa,https://github.com/goadesign/goa
goava__di,https://github.com/goava/di
gobeam__Stringy,https://github.com/gobeam/Stringy
gobeam__mongo-go-pagination,https://github.com/gobeam/mongo-go-pagination
gobridge__about-us,https://github.com/gobridge/about-us
gobuffalo__pop,https://github.com/gobuffalo/pop
gobuffalo__validate,https://github.com/gobuffalo/validate
goccmack__gocc,https://github.com/goccmack/gocc
gocircuit__circuit,https://github.com/gocircuit/circuit
gocraft__web,https://github.com/gocraft/web
godbus__dbus,https://github.com/godbus/dbus
godror__godror,https://github.com/godror/godror
gofiber__fiber,https://github.com/gofiber/fiber
goforj__godump,https://github.com/goforj/godump
gofr-dev__gofr,https://github.com/gofr-dev/gofr
gofrs__uuid,https://github.com/gofrs/uuid
gogf__gf,https://github.com/gogf/gf
gogpu__gg,https://github.com/gogpu/gg
gogpu__gogpu,https://github.com/gogpu/gogpu
gogpu__naga,https://github.com/gogpu/naga
gogpu__systray,https://github.com/gogpu/systray
gogpu__ui,https://github.com/gogpu/ui
gogpu__wgpu,https://github.com/gogpu/wgpu
gographics__imagick,https://github.com/gographics/imagick
goioc__di,https://github.com/goioc/di
goioc__retro,https://github.com/goioc/retro
goiot__devices,https://github.com/goiot/devices
gojek__darkroom,https://github.com/gojek/darkroom
gojektech__heimdall,https://github.com/gojektech/heimdall
goji__goji,https://github.com/goji/goji
gojuno__go-zooz,https://github.com/gojuno/go-zooz
gojuno__minimock,https://github.com/gojuno/minimock
golang-design__clipboard,https://github.com/golang-design/clipboard
golang-jwt__jwt,https://github.com/golang-jwt/jwt
golang-migrate__migrate,https://github.com/golang-migrate/migrate
golang-module__dongle,https://github.com/golang-module/dongle
golang-standards__project-layout,https://github.com/golang-standards/project-layout
golang-templates__seed,https://github.com/golang-templates/seed
golang__geo,https://github.com/golang/geo
golang__glog,https://github.com/golang/glog
golang__go,https://github.com/golang/go
golang__groupcache,https://github.com/golang/groupcache
golang__oauth2,https://github.com/golang/oauth2
golang__protobuf,https://github.com/golang/protobuf
golang__tools,https://github.com/golang/tools
golang__vscode-go,https://github.com/golang/vscode-go
golangci__golangci-lint,https://github.com/golangci/golangci-lint
golobby__config,https://github.com/golobby/config
golobby__container,https://github.com/golobby/container
golobby__orm,https://github.com/golobby/orm
golobby__router,https://github.com/golobby/router
goml__gobrain,https://github.com/goml/gobrain
gomlx__gomlx,https://github.com/gomlx/gomlx
gomodule__redigo,https://github.com/gomodule/redigo
gomutex__godocx,https://github.com/gomutex/godocx
gone-io__gone,https://github.com/gone-io/gone
gontainer__gontainer,https://github.com/gontainer/gontainer
gontainer__reflectpro,https://github.com/gontainer/reflectpro
gonum__gonum,https://github.com/gonum/gonum
gonum__plot,https://github.com/gonum/plot
gonutz__d3d9,https://github.com/gonutz/d3d9
gonutz__prototype,https://github.com/gonutz/prototype
goodsign__libtextcat,https://github.com/goodsign/libtextcat
goodsign__snowball,https://github.com/goodsign/snowball
google__cayley,https://github.com/google/cayley
google__cel-go,https://github.com/google/cel-go
google__gnxi,https://github.com/google/gnxi
google__go-cmp,https://github.com/google/go-cmp
google__go-gcm,https://github.com/google/go-gcm
google__go-github,https://github.com/google/go-github
google__go-querystring,https://github.com/google/go-querystring
google__google-api-go-client,https://github.com/google/google-api-go-client
google__gopacket,https://github.com/google/gopacket
google__ko,https://github.com/google/ko
google__leveldb,https://github.com/google/leveldb
google__starlark-go,https://github.com/google/starlark-go
google__uuid,https://github.com/google/uuid
gookit__color,https://github.com/gookit/color
gookit__config,https://github.com/gookit/config
gookit__filter,https://github.com/gookit/filter
gookit__rux,https://github.com/gookit/rux
gookit__slog,https://github.com/gookit/slog
gookit__validate,https://github.com/gookit/validate
gopherjs__gopherjs,https://github.com/gopherjs/gopherjs
gopherlibs__appindicator,https://github.com/gopherlibs/appindicator
gopinath-langote__1build,https://github.com/gopinath-langote/1build
goptics__varmq,https://github.com/goptics/varmq
goptics__vizb,https://github.com/goptics/vizb
gopxl__beep,https://github.com/gopxl/beep
gopxl__pixel,https://github.com/gopxl/pixel
goradd__got,https://github.com/goradd/got
goradd__html5tag,https://github.com/goradd/html5tag
goradd__maps,https://github.com/goradd/maps
goravel__goravel,https://github.com/goravel/goravel
goraz__onion,https://github.com/goraz/onion
gordonklaus__portaudio,https://github.com/gordonklaus/portaudio
goreleaser__goreleaser,https://github.com/goreleaser/goreleaser
gorgonia__gorgonia,https://github.com/gorgonia/gorgonia
gorilla__csrf,https://github.com/gorilla/csrf
gorilla__mux,https://github.com/gorilla/mux
goroute__route,https://github.com/goroute/route
goschtalt__approx,https://github.com/goschtalt/approx
gosimple__slug,https://github.com/gosimple/slug
gosuri__go-store,https://github.com/gosuri/go-store
gosuri__uilive,https://github.com/gosuri/uilive
gosuri__uiprogress,https://github.com/gosuri/uiprogress
gosuri__uitable,https://github.com/gosuri/uitable
gotestyourself__gotest.tools,https://github.com/gotestyourself/gotest.tools
gotidy__copy,https://github.com/gotidy/copy
gotidy__ptr,https://github.com/gotidy/ptr
gotk3__gotk3,https://github.com/gotk3/gotk3
gotranspile__cxgo,https://github.com/gotranspile/cxgo
govalues__decimal,https://github.com/govalues/decimal
govalues__money,https://github.com/govalues/money
gowebapi__webapi,https://github.com/gowebapi/webapi
gowww__router,https://github.com/gowww/router
goxjs__gl,https://github.com/goxjs/gl
goxjs__glfw,https://github.com/goxjs/glfw
goyek__goyek,https://github.com/goyek/goyek
grafana__k6,https://github.com/grafana/k6
graphql-go__graphql,https://github.com/graphql-go/graphql
greencoda__confiq,https://github.com/greencoda/confiq
gregdel__pushover,https://github.com/gregdel/pushover
grijul__otpgen,https://github.com/grijul/otpgen
groovili__gogtrends,https://github.com/groovili/gogtrends
grpc__grpc-go,https://github.com/grpc/grpc-go
gsamokovarov__jump,https://github.com/gsamokovarov/jump
guiferpa__gody,https://github.com/guiferpa/gody
gulien__orbit,https://github.com/gulien/orbit
guptarohit__asciigraph,https://github.com/guptarohit/asciigraph
gurkankaymak__hocon,https://github.com/gurkankaymak/hocon
gurukami__typ,https://github.com/gurukami/typ
guumaster__hostctl,https://github.com/guumaster/hostctl
gyozatech__noodlog,https://github.com/gyozatech/noodlog
gyuho__goraph,https://github.com/gyuho/goraph
h2non__baloo,https://github.com/h2non/baloo
h2non__bimg,https://github.com/h2non/bimg
h2non__filetype,https://github.com/h2non/filetype
h2non__gentleman,https://github.com/h2non/gentleman
h2non__imaginary,https://github.com/h2non/imaginary
hackebrot__turtle,https://github.com/hackebrot/turtle
hailocab__go-geoindex,https://github.com/hailocab/go-geoindex
hajimehoshi__ebiten,https://github.com/hajimehoshi/ebiten
hajimehoshi__oto,https://github.com/hajimehoshi/oto
hako__durafmt,https://github.com/hako/durafmt
hamed-yousefi__gowl,https://github.com/hamed-yousefi/gowl
hapijs__joi,https://github.com/hapijs/joi
happy-sdk__happy,https://github.com/happy-sdk/happy
harkaitz__go-faketime,https://github.com/harkaitz/go-faketime
harrytran103__7_days_of_go,https://github.com/harrytran103/7_days_of_go
harshaneel__localaik,https://github.com/harshaneel/localaik
hashicorp__cli,https://github.com/hashicorp/cli
hashicorp__go-cleanhttp,https://github.com/hashicorp/go-cleanhttp
hashicorp__go-dbw,https://github.com/hashicorp/go-dbw
hashicorp__go-getter,https://github.com/hashicorp/go-getter
hashicorp__go-multierror,https://github.com/hashicorp/go-multierror
hashicorp__go-retryablehttp,https://github.com/hashicorp/go-retryablehttp
hashicorp__logutils,https://github.com/hashicorp/logutils
hashicorp__mdns,https://github.com/hashicorp/mdns
hashicorp__mql,https://github.com/hashicorp/mql
hashicorp__raft,https://github.com/hashicorp/raft
hashmap-kz__relimpact,https://github.com/hashmap-kz/relimpact
hatchet-dev__hatchet,https://github.com/hatchet-dev/hatchet
hawx__img,https://github.com/hawx/img
haxpax__gosms,https://github.com/haxpax/gosms
hbagdi__go-unsplash,https://github.com/hbagdi/go-unsplash
hbollon__go-edlib,https://github.com/hbollon/go-edlib
hdt3213__godis,https://github.com/hdt3213/godis
heartwilltell__log,https://github.com/heartwilltell/log
hectane__hectane,https://github.com/hectane/hectane
hedhyw__gherkingen,https://github.com/hedhyw/gherkingen
hedhyw__json-log-viewer,https://github.com/hedhyw/json-log-viewer
hedhyw__otelinji,https://github.com/hedhyw/otelinji
hedhyw__rex,https://github.com/hedhyw/rex
hedzr__cmdr,https://github.com/hedzr/cmdr
hedzr__store,https://github.com/hedzr/store
heetch__confita,https://github.com/heetch/confita
henvic__httpretty,https://github.com/henvic/httpretty
hexdigest__execpool,https://github.com/hexdigest/execpool
hexdigest__gounit,https://github.com/hexdigest/gounit
hexdigest__gounit-vim,https://github.com/hexdigest/gounit-vim
hexdigest__gowrap,https://github.com/hexdigest/gowrap
hexdigest__prep,https://github.com/hexdigest/prep
hibiken__asynq,https://github.com/hibiken/asynq
hidevopsio__hiboot,https://github.com/hidevopsio/hiboot
hillu__go-yara,https://github.com/hillu/go-yara
hishamkaram__geoserver,https://github.com/hishamkaram/geoserver
hishamkaram__gismanager,https://github.com/hishamkaram/gismanager
hjson__hjson-go,https://github.com/hjson/hjson-go
hlandau__acme,https://github.com/hlandau/acme
hlandau__passlib,https://github.com/hlandau/passlib
hmdsefi__gograph,https://github.com/hmdsefi/gograph
homedepot__flop,https://github.com/homedepot/flop
hpcloud__tail,https://github.com/hpcloud/tail
hprose__hprose-golang,https://github.com/hprose/hprose-golang
hrygo__hotplex,https://github.com/hrygo/hotplex
hscells__doi,https://github.com/hscells/doi
hsluoyz__casbin,https://github.com/hsluoyz/casbin
htcat__htcat,https://github.com/htcat/htcat
huandu__facebook,https://github.com/huandu/facebook
huandu__go-sqlbuilder,https://github.com/huandu/go-sqlbuilder
huandu__xstrings,https://github.com/huandu/xstrings
hugocarreira__go-decent-copy,https://github.com/hugocarreira/go-decent-copy
husobee__vestigo,https://github.com/husobee/vestigo
huydang284__fixedwidth,https://github.com/huydang284/fixedwidth
hybridgroup__gobot,https://github.com/hybridgroup/gobot
hybridgroup__gocv,https://github.com/hybridgroup/gocv
hyfather__pipeline,https://github.com/hyfather/pipeline
hypebeast__go-osc,https://github.com/hypebeast/go-osc
hyperboloide__lk,https://github.com/hyperboloide/lk
hyperboloide__pdfgen,https://github.com/hyperboloide/pdfgen
hyperledger__fabric,https://github.com/hyperledger/fabric
hyperonym__ratus,https://github.com/hyperonym/ratus
i-love-flamingo__dingo,https://github.com/i-love-flamingo/dingo
i-love-flamingo__flamingo,https://github.com/i-love-flamingo/flamingo
i-love-flamingo__flamingo-commerce,https://github.com/i-love-flamingo/flamingo-commerce
i25959341__orderbook,https://github.com/i25959341/orderbook
ian-kent__go-log,https://github.com/ian-kent/go-log
ian-kent__linkio,https://github.com/ian-kent/linkio
ian-kent__purl,https://github.com/ian-kent/purl
iancmcc__bingo,https://github.com/iancmcc/bingo
ianlopshire__go-fixedwidth,https://github.com/ianlopshire/go-fixedwidth
ianlopshire__go-ssm-config,https://github.com/ianlopshire/go-ssm-config
icelain__jokeapi,https://github.com/icelain/jokeapi
ichiban__prolog,https://github.com/ichiban/prolog
icza__backscanner,https://github.com/icza/backscanner
icza__bitio,https://github.com/icza/bitio
icza__minquery,https://github.com/icza/minquery
icza__session,https://github.com/icza/session
igrmk__treemap,https://github.com/igrmk/treemap
ihebu__dsu,https://github.com/ihebu/dsu
ijt__go-anytime,https://github.com/ijt/go-anytime
ik5__gostrutils,https://github.com/ik5/gostrutils
ikawaha__kagome,https://github.com/ikawaha/kagome
ikeikeikeike__go-sitemap-generator,https://github.com/ikeikeikeike/go-sitemap-generator
ilyakaznacheev__cleanenv,https://github.com/ilyakaznacheev/cleanenv
imdario__mergo,https://github.com/imdario/mergo
immortal__immortal,https://github.com/immortal/immortal
imroc__req,https://github.com/imroc/req
in-toto__in-toto-golang,https://github.com/in-toto/in-toto-golang
inancgumus__learngo,https://github.com/inancgumus/learngo
inconshreveable__gonative,https://github.com/inconshreveable/gonative
inconshreveable__log15,https://github.com/inconshreveable/log15
incu6us__goimports-reviser,https://github.com/incu6us/goimports-reviser
indeedeng__iwf,https://github.com/indeedeng/iwf
influxdb__influxdb,https://github.com/influxdb/influxdb
innogames__slack-bot,https://github.com/innogames/slack-bot
insidieux__inizio,https://github.com/insidieux/inizio
integrii__flaggy,https://github.com/integrii/flaggy
intel-go__nff-go,https://github.com/intel-go/nff-go
invopop__ctxi18n,https://github.com/invopop/ctxi18n
invopop__gobl,https://github.com/invopop/gobl
ip2location__ip2location-io-go,https://github.com/ip2location/ip2location-io-go
ipfs__kubo,https://github.com/ipfs/kubo
ironsmile__euterpe,https://github.com/ironsmile/euterpe
isacikgoz__gitbatch,https://github.com/isacikgoz/gitbatch
isbm__textwrap,https://github.com/isbm/textwrap
italolelis__outboxer,https://github.com/italolelis/outboxer
itchyny__bed,https://github.com/itchyny/bed
ivanilves__lstags,https://github.com/ivanilves/lstags
ivpusic__grpool,https://github.com/ivpusic/grpool
ivpusic__rerun,https://github.com/ivpusic/rerun
iwanbk__bcache,https://github.com/iwanbk/bcache
iyashjayesh__goscaf,https://github.com/iyashjayesh/goscaf
iyashjayesh__monigo,https://github.com/iyashjayesh/monigo
jackc__pgx,https://github.com/jackc/pgx
jaegertracing__jaeger,https://github.com/jaegertracing/jaeger
jaffee__commandeer,https://github.com/jaffee/commandeer
jaisonerick__macwifi,https://github.com/jaisonerick/macwifi
jakehl__goid,https://github.com/jakehl/goid
james-bowman__nlp,https://github.com/james-bowman/nlp
james-bowman__sparse,https://github.com/james-bowman/sparse
jameycribbs__hare,https://github.com/jameycribbs/hare
jandelgado__rabtap,https://github.com/jandelgado/rabtap
janiltonmaciel__statiks,https://github.com/janiltonmaciel/statiks
janpfeifer__gonb,https://github.com/janpfeifer/gonb
jarcoal__httpmock,https://github.com/jarcoal/httpmock
jaredfolkins__badactor,https://github.com/jaredfolkins/badactor
jaschaephraim__lrserver,https://github.com/jaschaephraim/lrserver
jasonlvhit__gocron,https://github.com/jasonlvhit/gocron
jawher__mow.cli,https://github.com/jawher/mow.cli
jaypipes__ghw,https://github.com/jaypipes/ghw
jbrodriguez__mlog,https://github.com/jbrodriguez/mlog
jbrukh__bayesian,https://github.com/jbrukh/bayesian
jcla1__gisp,https://github.com/jcla1/gisp
jcuga__golongpoll,https://github.com/jcuga/golongpoll
jeffail__leaps,https://github.com/jeffail/leaps
jellydator__newsapi-go,https://github.com/jellydator/newsapi-go
jellydator__ttlcache,https://github.com/jellydator/ttlcache
jenkins-zh__jenkins-cli,https://github.com/jenkins-zh/jenkins-cli
jeroenrinzema__commander,https://github.com/jeroenrinzema/commander
jeroenrinzema__psql-wire,https://github.com/jeroenrinzema/psql-wire
jessevdk__go-flags,https://github.com/jessevdk/go-flags
jexia__semaphore,https://github.com/jexia/semaphore
jf-tech__omniparser,https://github.com/jf-tech/omniparser
jfcg__sorty,https://github.com/jfcg/sorty
jfcg__yell,https://github.com/jfcg/yell
jfeliu007__goplantuml,https://github.com/jfeliu007/goplantuml
jferrl__go-githubauth,https://github.com/jferrl/go-githubauth
jfilipczyk__gomatch,https://github.com/jfilipczyk/gomatch
jfrog__froggit-go,https://github.com/jfrog/froggit-go
jgroeneveld__schema,https://github.com/jgroeneveld/schema
jgroeneveld__trial,https://github.com/jgroeneveld/trial
jidicula__go-fuzz-action,https://github.com/jidicula/go-fuzz-action
jimlambrt__gldap,https://github.com/jimlambrt/gldap
jimrobinson__kvbench,https://github.com/jimrobinson/kvbench
jinzhu__now,https://github.com/jinzhu/now
jirenius__go-res,https://github.com/jirenius/go-res
jkaninda__goma-gateway,https://github.com/jkaninda/goma-gateway
jlaffaye__ftp,https://github.com/jlaffaye/ftp
jltorresm__otpgo,https://github.com/jltorresm/otpgo
jmattheis__goverter,https://github.com/jmattheis/goverter
jmcvetta__neoism,https://github.com/jmcvetta/neoism
jmhodges__levigo,https://github.com/jmhodges/levigo
jmoiron__sqlx,https://github.com/jmoiron/sqlx
jmorganca__ollama,https://github.com/jmorganca/ollama
joakimcarlsson__ai,https://github.com/joakimcarlsson/ai
joakimcarlsson__bonk,https://github.com/joakimcarlsson/bonk
joeig__go-powerdns,https://github.com/joeig/go-powerdns
joerdav__xc,https://github.com/joerdav/xc
joetifa2003__mm-go,https://github.com/joetifa2003/mm-go
johnfercher__maroto,https://github.com/johnfercher/maroto
joho__godotenv,https://github.com/joho/godotenv
jokruger__dec128,https://github.com/jokruger/dec128
jolestar__go-commons-pool,https://github.com/jolestar/go-commons-pool
jon-codes__getopt,https://github.com/jon-codes/getopt
jonathanslenders__python-prompt-toolkit,https://github.com/jonathanslenders/python-prompt-toolkit
jonbaldie__go-mutesting,https://github.com/jonbaldie/go-mutesting
jonboulle__clockwork,https://github.com/jonboulle/clockwork
jonchun__pathtype,https://github.com/jonchun/pathtype
jonoton__scout,https://github.com/jonoton/scout
jonreiter__govader,https://github.com/jonreiter/govader
joomcode__errorx,https://github.com/joomcode/errorx
jordan-wright__email,https://github.com/jordan-wright/email
jorelosorio__spellingcorrector,https://github.com/jorelosorio/spellingcorrector
jorelosorio__web-mercator-projection,https://github.com/jorelosorio/web-mercator-projection
josa42__coc-go,https://github.com/josa42/coc-go
joshmedeski__sesh,https://github.com/joshmedeski/sesh
jovandeginste__payme,https://github.com/jovandeginste/payme
jroimartin__gocui,https://github.com/jroimartin/gocui
jschoedt__go-firestorm,https://github.com/jschoedt/go-firestorm
jsgilmore__gostorm,https://github.com/jsgilmore/gostorm
json-iterator__go,https://github.com/json-iterator/go
jszwec__csvutil,https://github.com/jszwec/csvutil
jszwedko__go-circleci,https://github.com/jszwedko/go-circleci
juicedata__juicefs,https://github.com/juicedata/juicefs
julienschmidt__go-http-routing-benchmark,https://github.com/julienschmidt/go-http-routing-benchmark
julienschmidt__httprouter,https://github.com/julienschmidt/httprouter
junegunn__fzf,https://github.com/junegunn/fzf
junevm__cdns,https://github.com/junevm/cdns
junioryono__godi,https://github.com/junioryono/godi
junk1tm__env,https://github.com/junk1tm/env
justinas__alice,https://github.com/justinas/alice
justinas__nosurf,https://github.com/justinas/nosurf
jutkko__copy-pasta,https://github.com/jutkko/copy-pasta
jvcoutinho__lit,https://github.com/jvcoutinho/lit
jxskiss__mcli,https://github.com/jxskiss/mcli
jyotiska__go-webcolors,https://github.com/jyotiska/go-webcolors
k-capehart__go-salesforce,https://github.com/k-capehart/go-salesforce
k0kubun__pp,https://github.com/k0kubun/pp
k0sproject__k0s,https://github.com/k0sproject/k0s
k3d-io__k3d,https://github.com/k3d-io/k3d
k3s-io__k3s,https://github.com/k3s-io/k3s
k8gb-io__k8gb,https://github.com/k8gb-io/k8gb
kahoon__pending,https://github.com/kahoon/pending
kak-tus__ami,https://github.com/kak-tus/ami
kak-tus__nan,https://github.com/kak-tus/nan
kamildrazkiewicz__go-flow,https://github.com/kamildrazkiewicz/go-flow
kamilsk__breaker,https://github.com/kamilsk/breaker
kamilsk__retry,https://github.com/kamilsk/retry
kamilsk__semaphore,https://github.com/kamilsk/semaphore
kamilsk__tracer,https://github.com/kamilsk/tracer
kamva__mgm,https://github.com/kamva/mgm
karl-cardenas-coding__go-lambda-cleanup,https://github.com/karl-cardenas-coding/go-lambda-cleanup
karlseguin__the-little-go-book,https://github.com/karlseguin/the-little-go-book
kazhuravlev__database-gateway,https://github.com/kazhuravlev/database-gateway
kazhuravlev__git-tools,https://github.com/kazhuravlev/git-tools
kazhuravlev__healthcheck,https://github.com/kazhuravlev/healthcheck
kazhuravlev__just,https://github.com/kazhuravlev/just
kazhuravlev__optional,https://github.com/kazhuravlev/optional
kazhuravlev__options-gen,https://github.com/kazhuravlev/options-gen
kazu__loncha,https://github.com/kazu/loncha
kcmvp__gob,https://github.com/kcmvp/gob
kdomanski__iso9660,https://github.com/kdomanski/iso9660
keilerkonzept__topk,https://github.com/keilerkonzept/topk
kelindar__bitmap,https://github.com/kelindar/bitmap
kelindar__column,https://github.com/kelindar/column
kelindar__tile,https://github.com/kelindar/tile
kelseyhightower__confd,https://github.com/kelseyhightower/confd
kelseyhightower__envconfig,https://github.com/kelseyhightower/envconfig
keploy__keploy,https://github.com/keploy/keploy
kevinburke__nacl,https://github.com/kevinburke/nacl
kevincobain2000__gobrew,https://github.com/kevincobain2000/gobrew
keygx__Go-gopher-Vector,https://github.com/keygx/Go-gopher-Vector
khaiql__dbcleaner,https://github.com/khaiql/dbcleaner
khezen__avro,https://github.com/khezen/avro
khezen__evoli,https://github.com/khezen/evoli
khezen__rootfinding,https://github.com/khezen/rootfinding
kilgaloon__leprechaun,https://github.com/kilgaloon/leprechaun
kinbiko__jsonassert,https://github.com/kinbiko/jsonassert
kirillDanshin__avgRating,https://github.com/kirillDanshin/avgRating
kirillDanshin__dlog,https://github.com/kirillDanshin/dlog
kirillDanshin__llb,https://github.com/kirillDanshin/llb
kisielk__errcheck,https://github.com/kisielk/errcheck
kitabisa__teler-waf,https://github.com/kitabisa/teler-waf
kjkrol__goke,https://github.com/kjkrol/goke
kkyr__fig,https://github.com/kkyr/fig
kkyr__go-recipe,https://github.com/kkyr/go-recipe
knadh__koanf,https://github.com/knadh/koanf
knbr13__gitcs,https://github.com/knbr13/gitcs
knights-analytics__hugot,https://github.com/knights-analytics/hugot
kniren__gota,https://github.com/kniren/gota
knocknote__octillery,https://github.com/knocknote/octillery
knq__chromedp,https://github.com/knq/chromedp
knq__usql,https://github.com/knq/usql
knq__xo,https://github.com/knq/xo
koffeinsource__go-imgur,https://github.com/koffeinsource/go-imgur
kolesa-team__go-webp,https://github.com/kolesa-team/go-webp
koltyakov__gosip,https://github.com/koltyakov/gosip
koofr__graval,https://github.com/koofr/graval
kool-dev__kool,https://github.com/kool-dev/kool
korandiz__v4l,https://github.com/korandiz/v4l
koss-null__FuncFrog,https://github.com/koss-null/FuncFrog
koss-null__list,https://github.com/koss-null/list
koyachi__go-nude,https://github.com/koyachi/go-nude
kpango__glg,https://github.com/kpango/glg
kpfaulkner__borders,https://github.com/kpfaulkner/borders
krayzpipes__cronticker,https://github.com/krayzpipes/cronticker
krotik__dudeldu,https://github.com/krotik/dudeldu
krotik__ecal,https://github.com/krotik/ecal
krotik__eliasdb,https://github.com/krotik/eliasdb
kslamph__tronlib,https://github.com/kslamph/tronlib
ktr0731__evans,https://github.com/ktr0731/evans
kubenetworks__kubevpn,https://github.com/kubenetworks/kubevpn
kubernetes-sigs__kind,https://github.com/kubernetes-sigs/kind
kubernetes__kubernetes,https://github.com/kubernetes/kubernetes
kubernetes__minikube,https://github.com/kubernetes/minikube
kubeservice-stack__common,https://github.com/kubeservice-stack/common
kubeshark__kubeshark,https://github.com/kubeshark/kubeshark
kubevela__kubevela,https://github.com/kubevela/kubevela
kyleconroy__sqlc,https://github.com/kyleconroy/sqlc
kyoh86__richgo,https://github.com/kyoh86/richgo
kyuff__anchor,https://github.com/kyuff/anchor
kzahedi__goent,https://github.com/kzahedi/goent
lab210-dev__async-job,https://github.com/lab210-dev/async-job
labstack__echo,https://github.com/labstack/echo
labstack__gommon,https://github.com/labstack/gommon
lacion__cookiecutter-golang,https://github.com/lacion/cookiecutter-golang
lajosbencz__glo,https://github.com/lajosbencz/glo
lalamove__konfig,https://github.com/lalamove/konfig
lampctl__go-sse,https://github.com/lampctl/go-sse
lana__go-commandbus,https://github.com/lana/go-commandbus
lane-c-wagner__go-password-validator,https://github.com/lane-c-wagner/go-password-validator
larapulse__migrator,https://github.com/larapulse/migrator
lawzava__go-pg-migrate,https://github.com/lawzava/go-pg-migrate
lazynop__lazyenv,https://github.com/lazynop/lazyenv
leaanthony__clir,https://github.com/leaanthony/clir
leaanthony__debme,https://github.com/leaanthony/debme
leaanthony__slicer,https://github.com/leaanthony/slicer
leandro-lugaresi__hub,https://github.com/leandro-lugaresi/hub
leberKleber__go-mpris,https://github.com/leberKleber/go-mpris
leebenson__conform,https://github.com/leebenson/conform
leekchan__accounting,https://github.com/leekchan/accounting
leekchan__timeutil,https://github.com/leekchan/timeutil
leodido__structcli,https://github.com/leodido/structcli
leodip__goiabada,https://github.com/leodip/goiabada
leonelquinteros__gotext,https://github.com/leonelquinteros/gotext
leozz37__hare,https://github.com/leozz37/hare
leporo__sqlf,https://github.com/leporo/sqlf
lesismal__arpc,https://github.com/lesismal/arpc
lesismal__nbio,https://github.com/lesismal/nbio
lestrrat-go__jwx,https://github.com/lestrrat-go/jwx
levigross__grequests,https://github.com/levigross/grequests
lf-edge__ekuiper,https://github.com/lf-edge/ekuiper
lib4u__fake-useragent,https://github.com/lib4u/fake-useragent
lib4u__grequest,https://github.com/lib4u/grequest
lib__pq,https://github.com/lib/pq
libgit2__git2go,https://github.com/libgit2/git2go
liftbridge-io__liftbridge,https://github.com/liftbridge-io/liftbridge
lightningnetwork__lnd,https://github.com/lightningnetwork/lnd
lim-yoona__tcpack,https://github.com/lim-yoona/tcpack
limiu82214__gojmapr,https://github.com/limiu82214/gojmapr
lindb__lindb,https://github.com/lindb/lindb
lingrino__vaku,https://github.com/lingrino/vaku
linkedin__goavro,https://github.com/linkedin/goavro
linvon__cuckoo-filter,https://github.com/linvon/cuckoo-filter
linxGnu__goseaweedfs,https://github.com/linxGnu/goseaweedfs
linxGnu__mssqlx,https://github.com/linxGnu/mssqlx
liudng__dogo,https://github.com/liudng/dogo
liujianping__job,https://github.com/liujianping/job
liweiyi88__onedump,https://github.com/liweiyi88/onedump
liyue201__gostl,https://github.com/liyue201/gostl
llir__llvm,https://github.com/llir/llvm
lmittmann__tint,https://github.com/lmittmann/tint
lni__dragonboat,https://github.com/lni/dragonboat
logpacker__PayPal-Go-SDK,https://github.com/logpacker/PayPal-Go-SDK
logrange__linker,https://github.com/logrange/linker
logrusorgru__aurora,https://github.com/logrusorgru/aurora
lonng__nano,https://github.com/lonng/nano
loom-go__loom,https://github.com/loom-go/loom
loov__lensm,https://github.com/loov/lensm
lopezator__migrator,https://github.com/lopezator/migrator
loveleshsharma__gohive,https://github.com/loveleshsharma/gohive
lqs__sqlingo,https://github.com/lqs/sqlingo
lrita__cmap,https://github.com/lrita/cmap
lrita__numa,https://github.com/lrita/numa
lucas-clemente__quic-go,https://github.com/lucas-clemente/quic-go
lucasepe__tbd,https://github.com/lucasepe/tbd
lucasgomide__snitch,https://github.com/lucasgomide/snitch
lucassscaravelli__ej,https://github.com/lucassscaravelli/ej
lucmq__go-shelve,https://github.com/lucmq/go-shelve
lukasz-madon__awesome-remote-job,https://github.com/lukasz-madon/awesome-remote-job
luno__workflow,https://github.com/luno/workflow
luraproject__lura,https://github.com/luraproject/lura
lvyahui8__goenum,https://github.com/lvyahui8/goenum
lxn__walk,https://github.com/lxn/walk
lxzan__gws,https://github.com/lxzan/gws
lycheeverse__lychee,https://github.com/lycheeverse/lychee
lynxbase__lynxdb,https://github.com/lynxbase/lynxdb
lyonnee__hmap,https://github.com/lyonnee/hmap
lyonnee__hvalid,https://github.com/lyonnee/hvalid
m-zajac__json2go,https://github.com/m-zajac/json2go
m1__go-generate-password,https://github.com/m1/go-generate-password
maargenton__go-testpredicate,https://github.com/maargenton/go-testpredicate
maddevsio__fcm,https://github.com/maddevsio/fcm
madflojo__tasks,https://github.com/madflojo/tasks
madflojo__testcerts,https://github.com/madflojo/testcerts
mafredri__cdp,https://github.com/mafredri/cdp
mafulong__godal,https://github.com/mafulong/godal
magefile__mage,https://github.com/magefile/mage
magic003__alice,https://github.com/magic003/alice
maguro__pbf,https://github.com/maguro/pbf
mailchain__mailchain,https://github.com/mailchain/mailchain
mailgun__mailgun-go,https://github.com/mailgun/mailgun-go
mailhog__MailHog,https://github.com/mailhog/MailHog
mailhog__smtp,https://github.com/mailhog/smtp
mainak55512__stto,https://github.com/mainak55512/stto
maja42__goval,https://github.com/maja42/goval
malaschitz__randomForest,https://github.com/malaschitz/randomForest
mamal72__golyrics,https://github.com/mamal72/golyrics
mantil-io__mantil,https://github.com/mantil-io/mantil
manuelbcd__go-openproject,https://github.com/manuelbcd/go-openproject
marekm4__color-extractor,https://github.com/marekm4/color-extractor
mariocandela__beelzebub,https://github.com/mariocandela/beelzebub
mariomac__gostream,https://github.com/mariomac/gostream
markbates__goth,https://github.com/markbates/goth
markfarnan__go-canvas,https://github.com/markfarnan/go-canvas
markphelps__flipt,https://github.com/markphelps/flipt
marlow__marlow,https://github.com/marlow/marlow
marrow16__valix,https://github.com/marrow16/valix
maruel__panicparse,https://github.com/maruel/panicparse
marusama__cyclicbarrier,https://github.com/marusama/cyclicbarrier
marusama__semaphore,https://github.com/marusama/semaphore
marwanhawari__stew,https://github.com/marwanhawari/stew
masterzen__winrm,https://github.com/masterzen/winrm
masterzen__winrm-cli,https://github.com/masterzen/winrm-cli
matcornic__hermes,https://github.com/matcornic/hermes
matm__go-nowpayments,https://github.com/matm/go-nowpayments
matryer__gopherize.me,https://github.com/matryer/gopherize.me
matryer__is,https://github.com/matryer/is
matryer__moq,https://github.com/matryer/moq
mattbaird__elastigo,https://github.com/mattbaird/elastigo
mattcunningham__gumblr,https://github.com/mattcunningham/gumblr
mattn__anko,https://github.com/mattn/anko
mattn__go-adodb,https://github.com/mattn/go-adodb
mattn__go-colorable,https://github.com/mattn/go-colorable
mattn__go-isatty,https://github.com/mattn/go-isatty
mattn__go-oci8,https://github.com/mattn/go-oci8
mattn__go-runewidth,https://github.com/mattn/go-runewidth
mattn__go-sqlite3,https://github.com/mattn/go-sqlite3
mattn__goveralls,https://github.com/mattn/goveralls
matzefriedrich__parsley,https://github.com/matzefriedrich/parsley
mavihq__persian,https://github.com/mavihq/persian
maxatome__go-testdeep,https://github.com/maxatome/go-testdeep
maxatome__go-vitotrol,https://github.com/maxatome/go-vitotrol
maxbolgarin__abstract,https://github.com/maxbolgarin/abstract
maxbolgarin__contem,https://github.com/maxbolgarin/contem
maxbolgarin__lang,https://github.com/maxbolgarin/lang
maxbrunsfeld__counterfeiter,https://github.com/maxbrunsfeld/counterfeiter
maxclaus__gaper,https://github.com/maxclaus/gaper
maypok86__otter,https://github.com/maypok86/otter
mbndr__logo,https://github.com/mbndr/logo
mbrostami__consistenthash,https://github.com/mbrostami/consistenthash
mccoyst__validate,https://github.com/mccoyst/validate
mccutchen__go-httpbin,https://github.com/mccutchen/go-httpbin
mdaliyan__icache,https://github.com/mdaliyan/icache
mdempsky__unconvert,https://github.com/mdempsky/unconvert
mdlayher__arp,https://github.com/mdlayher/arp
mdlayher__dhcp6,https://github.com/mdlayher/dhcp6
mdlayher__ethernet,https://github.com/mdlayher/ethernet
megaease__easegress,https://github.com/megaease/easegress
megaease__easeprobe,https://github.com/megaease/easeprobe
mehanizm__airtable,https://github.com/mehanizm/airtable
mehanizm__iuliia-go,https://github.com/mehanizm/iuliia-go
mehdihadeli__Go-MediatR,https://github.com/mehdihadeli/Go-MediatR
mehdipourfar__webp-server,https://github.com/mehdipourfar/webp-server
mehrdadrad__mylg,https://github.com/mehrdadrad/mylg
mehrdadrad__tcpdog,https://github.com/mehrdadrad/tcpdog
meloalright__guora,https://github.com/meloalright/guora
melvinodsa__go-iam,https://github.com/melvinodsa/go-iam
mengzhuo__cookiestxt,https://github.com/mengzhuo/cookiestxt
mennanov__limiters,https://github.com/mennanov/limiters
metacall__core,https://github.com/metacall/core
metalfm__transactor,https://github.com/metalfm/transactor
mewkiz__flac,https://github.com/mewkiz/flac
mfridman__tparse,https://github.com/mfridman/tparse
mgechev__revive,https://github.com/mgechev/revive
mgtv-tech__jetcache-go,https://github.com/mgtv-tech/jetcache-go
mgutz__logxi,https://github.com/mgutz/logxi
mhmtszr__concurrent-swiss-map,https://github.com/mhmtszr/concurrent-swiss-map
mholt__archives,https://github.com/mholt/archives
mibk__dupl,https://github.com/mibk/dupl
michiwend__gomusicbrainz,https://github.com/michiwend/gomusicbrainz
michiwend__goplaceholder,https://github.com/michiwend/goplaceholder
mickep76__encdec,https://github.com/mickep76/encdec
mickep76__mapslice-json,https://github.com/mickep76/mapslice-json
micro__go-micro,https://github.com/micro/go-micro
micro__micro,https://github.com/micro/micro
microcosm-cc__bluemonday,https://github.com/microcosm-cc/bluemonday
miekg__dns,https://github.com/miekg/dns
miguelmota__golang-for-nodejs-developers,https://github.com/miguelmota/golang-for-nodejs-developers
miguelpragier__handy,https://github.com/miguelpragier/handy
mikekonan__go-countries,https://github.com/mikekonan/go-countries
mikekonan__go-types,https://github.com/mikekonan/go-types
mikespook__gorbac,https://github.com/mikespook/gorbac
mikestefanello__backlite,https://github.com/mikestefanello/backlite
mikestefanello__pagoda,https://github.com/mikestefanello/pagoda
miku__zek,https://github.com/miku/zek
milad-abbasi__gonfig,https://github.com/milad-abbasi/gonfig
miladibra10__vjson,https://github.com/miladibra10/vjson
milosgajdos__go-estimate,https://github.com/milosgajdos/go-estimate
milvus-io__milvus,https://github.com/milvus-io/milvus
mingard__sitemap-format,https://github.com/mingard/sitemap-format
mingrammer__commonregex,https://github.com/mingrammer/commonregex
minio__mc,https://github.com/minio/mc
minio__minio,https://github.com/minio/minio
minio__minio-go,https://github.com/minio/minio-go
miniscruff__changie,https://github.com/miniscruff/changie
minus5__gofreetds,https://github.com/minus5/gofreetds
miolini__datacounter,https://github.com/miolini/datacounter
miolini__jsonf,https://github.com/miolini/jsonf
mirecl__catboost-cgo,https://github.com/mirecl/catboost-cgo
mitchellh__packer,https://github.com/mitchellh/packer
mjibson__go-dsp,https://github.com/mjibson/go-dsp
mjl-__mox,https://github.com/mjl-/mox
mk-5__fjira,https://github.com/mk-5/fjira
mkchoi212__fac,https://github.com/mkchoi212/fac
mkideal__cli,https://github.com/mkideal/cli
mlange-42__ark,https://github.com/mlange-42/ark
mlimaloureiro__golog,https://github.com/mlimaloureiro/golog
mmadfox__go-geojson2h3,https://github.com/mmadfox/go-geojson2h3
mmadfox__go-h3geo-dist,https://github.com/mmadfox/go-h3geo-dist
mmalcek__bafi,https://github.com/mmalcek/bafi
mmcdole__gofeed,https://github.com/mmcdole/gofeed
moby__moby,https://github.com/moby/moby
mochi-co__mqtt,https://github.com/mochi-co/mqtt
mocktools__go-smtp-mock,https://github.com/mocktools/go-smtp-mock
mojocn__base64Captcha,https://github.com/mojocn/base64Captcha
monaco-io__request,https://github.com/monaco-io/request
mongodb__mongo-go-driver,https://github.com/mongodb/mongo-go-driver
monmohan__xferspdy,https://github.com/monmohan/xferspdy
monoculum__formam,https://github.com/monoculum/formam
montanaflynn__stats,https://github.com/montanaflynn/stats
moov-io__ach,https://github.com/moov-io/ach
moovweb__gvm,https://github.com/moovweb/gvm
mosajjal__dnsmonster,https://github.com/mosajjal/dnsmonster
moshebe__gebug,https://github.com/moshebe/gebug
motrboat__hotcoal,https://github.com/motrboat/hotcoal
mouuff__go-rocket-update,https://github.com/mouuff/go-rocket-update
mozillazg__go-httpheader,https://github.com/mozillazg/go-httpheader
mozillazg__go-pinyin,https://github.com/mozillazg/go-pinyin
mozillazg__go-slugify,https://github.com/mozillazg/go-slugify
mozillazg__go-unidecode,https://github.com/mozillazg/go-unidecode
mozillazg__request,https://github.com/mozillazg/request
mr-linch__go-tg,https://github.com/mr-linch/go-tg
mrLSD__go-benchmark-app,https://github.com/mrLSD/go-benchmark-app
mrbenosborne__tripadvisor-golang,https://github.com/mrbenosborne/tripadvisor-golang
msempere__golarm,https://github.com/msempere/golarm
msoap__go-carpet,https://github.com/msoap/go-carpet
msoap__shell2http,https://github.com/msoap/shell2http
msyrus__vscode-go-doc,https://github.com/msyrus/vscode-go-doc
mszostok__version,https://github.com/mszostok/version
mudler__LocalAI,https://github.com/mudler/LocalAI
mudler__anagent,https://github.com/mudler/anagent
muesli__cache2go,https://github.com/muesli/cache2go
muesli__regommend,https://github.com/muesli/regommend
muesli__smartcrop,https://github.com/muesli/smartcrop
muesli__termenv,https://github.com/muesli/termenv
muir__libschema,https://github.com/muir/libschema
muir__nchi,https://github.com/muir/nchi
muir__nfigure,https://github.com/muir/nfigure
muir__nject,https://github.com/muir/nject
muir__reflectutils,https://github.com/muir/reflectutils
mum4k__termdash,https://github.com/mum4k/termdash
murlokswarm__app,https://github.com/murlokswarm/app
mus-format__mus-go,https://github.com/mus-format/mus-go
mustafaturan__bus,https://github.com/mustafaturan/bus
muyo__sno,https://github.com/muyo/sno
mvdan__sh,https://github.com/mvdan/sh
mvdan__xurls,https://github.com/mvdan/xurls
mvmaasakkers__certificates,https://github.com/mvmaasakkers/certificates
mvmaasakkers__go-problemdetails,https://github.com/mvmaasakkers/go-problemdetails
mvrilo__go-redoc,https://github.com/mvrilo/go-redoc
mxpv__patreon-go,https://github.com/mxpv/patreon-go
mxschmitt__playwright-go,https://github.com/mxschmitt/playwright-go
mymmrac__telego,https://github.com/mymmrac/telego
naegelejd__brewerydb,https://github.com/naegelejd/brewerydb
nakagami__firebirdsql,https://github.com/nakagami/firebirdsql
nalgeon__redka,https://github.com/nalgeon/redka
name5566__leaf,https://github.com/name5566/leaf
nanomsg__mangos,https://github.com/nanomsg/mangos
nanovms__ops,https://github.com/nanovms/ops
nao1215__gup,https://github.com/nao1215/gup
napalu__goopt,https://github.com/napalu/goopt
napsy__go-css,https://github.com/napsy/go-css
nar10z__go-accumulator,https://github.com/nar10z/go-accumulator
nasermirzaei89__env,https://github.com/nasermirzaei89/env
natefinch__lumberjack,https://github.com/natefinch/lumberjack
nathan-osman__go-sunrise,https://github.com/nathan-osman/go-sunrise
nats-io__nats-server,https://github.com/nats-io/nats-server
nats-io__nats.go,https://github.com/nats-io/nats.go
naughtygopher__currency,https://github.com/naughtygopher/currency
naughtygopher__errors,https://github.com/naughtygopher/errors
naughtygopher__goapp,https://github.com/naughtygopher/goapp
naughtygopher__nibbler,https://github.com/naughtygopher/nibbler
naughtygopher__pocache,https://github.com/naughtygopher/pocache
naughtygopher__webgo,https://github.com/naughtygopher/webgo
navidys__gopensky,https://github.com/navidys/gopensky
nazar256__parapipe,https://github.com/nazar256/parapipe
nbari__violetear,https://github.com/nbari/violetear
ncruces__go-sqlite3,https://github.com/ncruces/go-sqlite3
ncruces__zenity,https://github.com/ncruces/zenity
ndabAP__entitydebs,https://github.com/ndabAP/entitydebs
neelance__graphql-go,https://github.com/neelance/graphql-go
neilotoole__errgroup,https://github.com/neilotoole/errgroup
neilotoole__jsoncolor,https://github.com/neilotoole/jsoncolor
neilotoole__sq,https://github.com/neilotoole/sq
netresearch__go-cron,https://github.com/netresearch/go-cron
netresearch__ofelia,https://github.com/netresearch/ofelia
neuronlabs__errors,https://github.com/neuronlabs/errors
neurosnap__sentences,https://github.com/neurosnap/sentences
nexcode__rpcplatform,https://github.com/nexcode/rpcplatform
ngamux__ngamux,https://github.com/ngamux/ngamux
nicklaw5__go-respond,https://github.com/nicklaw5/go-respond
nicksnyder__go-i18n,https://github.com/nicksnyder/go-i18n
nicobistolfi__go-postgres-s3-backup,https://github.com/nicobistolfi/go-postgres-s3-backup
nicola-strappazzon__password-manager,https://github.com/nicola-strappazzon/password-manager
nikepan__clickhouse-bulk,https://github.com/nikepan/clickhouse-bulk
nikhilsaraf__go-tools,https://github.com/nikhilsaraf/go-tools
nikogura__dbt,https://github.com/nikogura/dbt
nikogura__gomason,https://github.com/nikogura/gomason
nikolaydubina__calendarheatmap,https://github.com/nikolaydubina/calendarheatmap
nikolaydubina__fpdecimal,https://github.com/nikolaydubina/fpdecimal
nikolaydubina__fpmoney,https://github.com/nikolaydubina/fpmoney
nikolaydubina__go-enum-encoding,https://github.com/nikolaydubina/go-enum-encoding
nikolaydubina__go-instrument,https://github.com/nikolaydubina/go-instrument
nikolaydubina__go-ml-benchmarks,https://github.com/nikolaydubina/go-ml-benchmarks
nikolaydubina__htmljson,https://github.com/nikolaydubina/htmljson
nikolaydubina__htmlyaml,https://github.com/nikolaydubina/htmlyaml
nikolaydubina__jsonl-graph,https://github.com/nikolaydubina/jsonl-graph
nikolaydubina__watchhttp,https://github.com/nikolaydubina/watchhttp
nil-go__konf,https://github.com/nil-go/konf
nilpoona__leakhound,https://github.com/nilpoona/leakhound
nilpoona__zerohand,https://github.com/nilpoona/zerohand
ninedraft__gocryforhelp,https://github.com/ninedraft/gocryforhelp
nishanths__go-xkcd,https://github.com/nishanths/go-xkcd
nitishm__go-rejson,https://github.com/nitishm/go-rejson
nkmr-jp__zl,https://github.com/nkmr-jp/zl
nlpodyssey__spago,https://github.com/nlpodyssey/spago
no-src__gofs,https://github.com/no-src/gofs
no-src__log,https://github.com/no-src/log
no-src__nscache,https://github.com/no-src/nscache
noelyahan__mergi,https://github.com/noelyahan/mergi
nofeaturesonlybugs__set,https://github.com/nofeaturesonlybugs/set
noneback__go-taskflow,https://github.com/noneback/go-taskflow
norunners__vert,https://github.com/norunners/vert
nottechdm__notnet,https://github.com/nottechdm/notnet
novalagung__gubrak,https://github.com/novalagung/gubrak
nproc__parseargs-go,https://github.com/nproc/parseargs-go
nsf__gocode,https://github.com/nsf/gocode
nsf__termbox-go,https://github.com/nsf/termbox-go
nsqio__go-nsq,https://github.com/nsqio/go-nsq
nstratos__go-myanimelist,https://github.com/nstratos/go-myanimelist
nullism__bqb,https://github.com/nullism/bqb
nullne__evaluator,https://github.com/nullne/evaluator
num30__config,https://github.com/num30/config
number571__go-peer,https://github.com/number571/go-peer
nwillc__genfuncs,https://github.com/nwillc/genfuncs
nxdir-s__pipelines,https://github.com/nxdir-s/pipelines
nyaosorg__go-readline-ny,https://github.com/nyaosorg/go-readline-ny
nytlabs__streamtools,https://github.com/nytlabs/streamtools
o1egl__fwencoder,https://github.com/o1egl/fwencoder
o1egl__govatar,https://github.com/o1egl/govatar
o1egl__paseto,https://github.com/o1egl/paseto
oaStuff__clusteredBigCache,https://github.com/oaStuff/clusteredBigCache
oagudo__outbox,https://github.com/oagudo/outbox
oakmound__oak,https://github.com/oakmound/oak
oaswrap__spec,https://github.com/oaswrap/spec
objectbox__objectbox-go,https://github.com/objectbox/objectbox-go
oblq__swap,https://github.com/oblq/swap
ockam-network__did,https://github.com/ockam-network/did
ocornut__imgui,https://github.com/ocornut/imgui
octago__sflags,https://github.com/octago/sflags
octomation__go-module,https://github.com/octomation/go-module
odeke-em__drive,https://github.com/odeke-em/drive
offen__docker-volume-backup,https://github.com/offen/docker-volume-backup
ohler55__ojg,https://github.com/ohler55/ojg
oklahomer__go-sarah,https://github.com/oklahomer/go-sarah
oklog__ulid,https://github.com/oklog/ulid
olahol__melody,https://github.com/olahol/melody
olebedev__emitter,https://github.com/olebedev/emitter
olebedev__when,https://github.com/olebedev/when
olivere__elastic,https://github.com/olivere/elastic
oluwajubelo1__otellix,https://github.com/oluwajubelo1/otellix
olvrng__ujson,https://github.com/olvrng/ujson
omeid__uconfig,https://github.com/omeid/uconfig
onatm__clockwerk,https://github.com/onatm/clockwerk
onllm-dev__onWatch,https://github.com/onllm-dev/onWatch
onrik__ethrpc,https://github.com/onrik/ethrpc
onrik__micha,https://github.com/onrik/micha
openfga__openfga,https://github.com/openfga/openfga
openrundev__openrun,https://github.com/openrundev/openrun
opensaucerer__barf,https://github.com/opensaucerer/barf
openshift__osin,https://github.com/openshift/osin
openziti-test-kitchen__zssh,https://github.com/openziti-test-kitchen/zssh
openziti__sdk-golang,https://github.com/openziti/sdk-golang
openziti__ziti,https://github.com/openziti/ziti
opnlabs__dot,https://github.com/opnlabs/dot
optimus-hft__go-ipmux,https://github.com/optimus-hft/go-ipmux
opus-domini__fast-shot,https://github.com/opus-domini/fast-shot
oracle__coherence-go-client,https://github.com/oracle/coherence-go-client
oras-project__oras,https://github.com/oras-project/oras
oriser__regroup,https://github.com/oriser/regroup
orlangure__gnomock,https://github.com/orlangure/gnomock
orneryd__NornicDB,https://github.com/orneryd/NornicDB
ory__keto,https://github.com/ory/keto
osamingo__checkdigit,https://github.com/osamingo/checkdigit
osamingo__gaurun-client,https://github.com/osamingo/gaurun-client
osamingo__gosh,https://github.com/osamingo/gosh
osamingo__indigo,https://github.com/osamingo/indigo
osamingo__jsonrpc,https://github.com/osamingo/jsonrpc
osamingo__shamoji,https://github.com/osamingo/shamoji
osrg__gobgp,https://github.com/osrg/gobgp
ostafen__clover,https://github.com/ostafen/clover
osteele__liquid,https://github.com/osteele/liquid
osteele__tuesday,https://github.com/osteele/tuesday
ostrost__ostent,https://github.com/ostrost/ostent
otiai10__copy,https://github.com/otiai10/copy
otiai10__gosseract,https://github.com/otiai10/gosseract
otiai10__ocrserver,https://github.com/otiai10/ocrserver
otiai10__openaigo,https://github.com/otiai10/openaigo
ovh__cds,https://github.com/ovh/cds
ovh__utask,https://github.com/ovh/utask
owenthereal__upterm,https://github.com/owenthereal/upterm
owulveryck__onnx-go,https://github.com/owulveryck/onnx-go
oxyno-zeta__s3-proxy,https://github.com/oxyno-zeta/s3-proxy
ozankasikci__dockerfile-generator,https://github.com/ozankasikci/dockerfile-generator
ozgio__strutil,https://github.com/ozgio/strutil
ozontech__testo,https://github.com/ozontech/testo
pancsta__asyncmachine-go,https://github.com/pancsta/asyncmachine-go
panjf2000__ants,https://github.com/panjf2000/ants
panjf2000__gnet,https://github.com/panjf2000/gnet
pantrif__s2-geojson,https://github.com/pantrif/s2-geojson
pantrif__url-shortener,https://github.com/pantrif/url-shortener
paololazzari__play,https://github.com/paololazzari/play
paranoidguy__databunker,https://github.com/paranoidguy/databunker
pardnchiu__go-jwt,https://github.com/pardnchiu/go-jwt
pardnchiu__go-scheduler,https://github.com/pardnchiu/go-scheduler
pariz__gountries,https://github.com/pariz/gountries
parsyl__parquet,https://github.com/parsyl/parquet
pascaldekloe__colfer,https://github.com/pascaldekloe/colfer
pascaldekloe__jwt,https://github.com/pascaldekloe/jwt
pascaldekloe__metrics,https://github.com/pascaldekloe/metrics
pashagolub__pgxmock,https://github.com/pashagolub/pgxmock
patrickhener__goshs,https://github.com/patrickhener/goshs
patrikeh__go-deep,https://github.com/patrikeh/go-deep
paulmach__orb,https://github.com/paulmach/orb
paulmach__osm,https://github.com/paulmach/osm
pavlo__gosuite,https://github.com/pavlo/gosuite
paypal__gatt,https://github.com/paypal/gatt
pdfcpu__pdfcpu,https://github.com/pdfcpu/pdfcpu
pdupub__go-pdu,https://github.com/pdupub/go-pdu
peak__s5cmd,https://github.com/peak/s5cmd
pebbe__textcat,https://github.com/pebbe/textcat
pebbe__zmq2,https://github.com/pebbe/zmq2
pebbe__zmq3,https://github.com/pebbe/zmq3
pebbe__zmq4,https://github.com/pebbe/zmq4
peco__peco,https://github.com/peco/peco
peczenyj__structalign,https://github.com/peczenyj/structalign
peczenyj__xpool,https://github.com/peczenyj/xpool
pelletier__go-toml,https://github.com/pelletier/go-toml
pemistahl__lingua-go,https://github.com/pemistahl/lingua-go
percolate__charlatan,https://github.com/percolate/charlatan
percolate__retry,https://github.com/percolate/retry
pesos__grofer,https://github.com/pesos/grofer
peterbourgon__diskv,https://github.com/peterbourgon/diskv
peterh__liner,https://github.com/peterh/liner
peterstace__simplefeatures,https://github.com/peterstace/simplefeatures
pgrwl__pgrwl,https://github.com/pgrwl/pgrwl
phelmkamp__valor,https://github.com/phelmkamp/valor
philipjkim__goreadability,https://github.com/philipjkim/goreadability
philippgille__chromem-go,https://github.com/philippgille/chromem-go
philippgille__gokv,https://github.com/philippgille/gokv
philippgille__ln-paywall,https://github.com/philippgille/ln-paywall
philips-labs__spiffe-vault,https://github.com/philips-labs/spiffe-vault
phoenix-tui__phoenix,https://github.com/phoenix-tui/phoenix
phuslu__log,https://github.com/phuslu/log
piaohao__godis,https://github.com/piaohao/godis
pieterclaerhout__go-finance,https://github.com/pieterclaerhout/go-finance
pieterclaerhout__go-log,https://github.com/pieterclaerhout/go-log
pieterclaerhout__go-waitgroup,https://github.com/pieterclaerhout/go-waitgroup
piglig__go-qr,https://github.com/piglig/go-qr
pikoci__pikoci,https://github.com/pikoci/pikoci
pilosa__go-pilosa,https://github.com/pilosa/go-pilosa
pingcap__failpoint,https://github.com/pingcap/failpoint
pingcap__tidb,https://github.com/pingcap/tidb
pions__webrtc,https://github.com/pions/webrtc
pioz__countries,https://github.com/pioz/countries
pioz__faker,https://github.com/pioz/faker
pipe-cd__pipecd,https://github.com/pipe-cd/pipecd
pixie-labs__pixie,https://github.com/pixie-labs/pixie
pjebs__optimus-go,https://github.com/pjebs/optimus-go
pkg__errors,https://github.com/pkg/errors
pkg__profile,https://github.com/pkg/profile
pkg__sftp,https://github.com/pkg/sftp
plandem__xlsx,https://github.com/plandem/xlsx
plar__go-adaptive-radix-tree,https://github.com/plar/go-adaptive-radix-tree
playlyfe__playlyfe-go-sdk,https://github.com/playlyfe/playlyfe-go-sdk
plusvic__yara,https://github.com/plusvic/yara
pocketbase__pocketbase,https://github.com/pocketbase/pocketbase
pointlander__peg,https://github.com/pointlander/peg
pokanop__nostromo,https://github.com/pokanop/nostromo
polaris1119__The-Golang-Standard-Library-by-Example,https://github.com/polaris1119/The-Golang-Standard-Library-by-Example
polera__gonameparts,https://github.com/polera/gonameparts
polera__publicip,https://github.com/polera/publicip
pomerium__pomerium,https://github.com/pomerium/pomerium
posener__client-timing,https://github.com/posener/client-timing
posener__cmd,https://github.com/posener/cmd
posener__complete,https://github.com/posener/complete
posener__ctxutil,https://github.com/posener/ctxutil
posener__wstest,https://github.com/posener/wstest
prashantgupta24__activity-tracker,https://github.com/prashantgupta24/activity-tracker
prashantgupta24__firewalld-rest,https://github.com/prashantgupta24/firewalld-rest
prashantgupta24__go-clip,https://github.com/prashantgupta24/go-clip
prashantgupta24__mac-sleep-notifier,https://github.com/prashantgupta24/mac-sleep-notifier
pravj__geopattern,https://github.com/pravj/geopattern
presbrey__go-multiproxy,https://github.com/presbrey/go-multiproxy
presbrey__ollamafarm,https://github.com/presbrey/ollamafarm
preslavmihaylov__todocheck,https://github.com/preslavmihaylov/todocheck
pressly__goose,https://github.com/pressly/goose
pressly__sup,https://github.com/pressly/sup
prest__prest,https://github.com/prest/prest
primetalk__goio,https://github.com/primetalk/goio
prisma__prisma-client-go,https://github.com/prisma/prisma-client-go
profe-ajedrez__obreron,https://github.com/profe-ajedrez/obreron
progrium__darwinkit,https://github.com/progrium/darwinkit
prometheus__prometheus,https://github.com/prometheus/prometheus
psampaz__go-mod-outdated,https://github.com/psampaz/go-mod-outdated
psampaz__gothanks,https://github.com/psampaz/gothanks
psampaz__slice,https://github.com/psampaz/slice
pterm__pterm,https://github.com/pterm/pterm
pupizoid__ormlite,https://github.com/pupizoid/ormlite
qeesung__image2ascii,https://github.com/qeesung/image2ascii
qiniu__checkstyle,https://github.com/qiniu/checkstyle
qiniu__goc,https://github.com/qiniu/goc
qiniu__qmgo,https://github.com/qiniu/qmgo
qmuntal__gltf,https://github.com/qmuntal/gltf
qmuntal__opc,https://github.com/qmuntal/opc
qmuntal__stateless,https://github.com/qmuntal/stateless
quagmt__udecimal,https://github.com/quagmt/udecimal
quantumcycle__metaerr,https://github.com/quantumcycle/metaerr
quii__learn-go-with-tests,https://github.com/quii/learn-go-with-tests
quii__mockingjay-server,https://github.com/quii/mockingjay-server
qustavo__sqlhooks,https://github.com/qustavo/sqlhooks
qvcloud__broker,https://github.com/qvcloud/broker
rabbitmq__amqp091-go,https://github.com/rabbitmq/amqp091-go
raeperd__kickstart.go,https://github.com/raeperd/kickstart.go
rafael-santiago__cherry,https://github.com/rafael-santiago/cherry
rafaelespinoza__godfish,https://github.com/rafaelespinoza/godfish
rafaeljesus__nsq-event-bus,https://github.com/rafaeljesus/nsq-event-bus
rafaeljesus__parallel-fn,https://github.com/rafaeljesus/parallel-fn
rafaeljesus__rabbus,https://github.com/rafaeljesus/rabbus
rafaeljesus__retry-go,https://github.com/rafaeljesus/retry-go
rafaeljesus__tempdb,https://github.com/rafaeljesus/tempdb
rainu__go-command-chain,https://github.com/rainu/go-command-chain
rajnandan1__go-tripper,https://github.com/rajnandan1/go-tripper
rakyll__hey,https://github.com/rakyll/hey
rapito__go-shopify,https://github.com/rapito/go-shopify
rapito__go-spotify,https://github.com/rapito/go-spotify
raszia__gotiny,https://github.com/raszia/gotiny
raviqqe__muffet,https://github.com/raviqqe/muffet
ravsii__textra,https://github.com/ravsii/textra
razonyang__fastrouter,https://github.com/razonyang/fastrouter
rbmuller__datatrax,https://github.com/rbmuller/datatrax
rbrahul__exception,https://github.com/rbrahul/exception
rbrahul__gofp,https://github.com/rbrahul/gofp
rbretecher__go-postman-collection,https://github.com/rbretecher/go-postman-collection
rdrdr__hamcrest,https://github.com/rdrdr/hamcrest
reaganiwadha__grapher,https://github.com/reaganiwadha/grapher
recoilme__pudge,https://github.com/recoilme/pudge
recolude__unitpacking,https://github.com/recolude/unitpacking
redis__go-redis,https://github.com/redis/go-redis
reedom__convergen,https://github.com/reedom/convergen
reeflective__console,https://github.com/reeflective/console
reeflective__readline,https://github.com/reeflective/readline
rekby__fastuuid,https://github.com/rekby/fastuuid
rekby__fixenv,https://github.com/rekby/fixenv
rekby__lets-proxy2,https://github.com/rekby/lets-proxy2
rekby__objwalker,https://github.com/rekby/objwalker
rekurt__go-propisyu,https://github.com/rekurt/go-propisyu
rekurt__gost-crypto,https://github.com/rekurt/gost-crypto
rekurt__ymsdk,https://github.com/rekurt/ymsdk
relvacode__iso8601,https://github.com/relvacode/iso8601
repeale__fp-go,https://github.com/repeale/fp-go
restic__restic,https://github.com/restic/restic
reugn__async,https://github.com/reugn/async
reugn__equalizer,https://github.com/reugn/equalizer
reugn__go-quartz,https://github.com/reugn/go-quartz
reugn__go-streams,https://github.com/reugn/go-streams
reugn__wifiqr,https://github.com/reugn/wifiqr
revel__revel,https://github.com/revel/revel
rexrun-dev__rex,https://github.com/rexrun-dev/rex
rezmoss__axios4go,https://github.com/rezmoss/axios4go
rfberaldo__sqlz,https://github.com/rfberaldo/sqlz
rhnvrm__simples3,https://github.com/rhnvrm/simples3
rhosocial__go-dag,https://github.com/rhosocial/go-dag
rhymond__go-money,https://github.com/rhymond/go-money
ricardolonga__jsongo,https://github.com/ricardolonga/jsongo
richardwilkes__unison,https://github.com/richardwilkes/unison
rickb777__date,https://github.com/rickb777/date
rinchsan__device-check-go,https://github.com/rinchsan/device-check-go
rjNemo__underscore,https://github.com/rjNemo/underscore
rjeczalik__interfaces,https://github.com/rjeczalik/interfaces
rjeczalik__notify,https://github.com/rjeczalik/notify
rjohnsondev__golibstemmer,https://github.com/rjohnsondev/golibstemmer
rjohnsondev__vim-compiler-go,https://github.com/rjohnsondev/vim-compiler-go
rk__go-cron,https://github.com/rk/go-cron
rkoesters__xdg,https://github.com/rkoesters/xdg
rlmcpherson__s3gof3r,https://github.com/rlmcpherson/s3gof3r
rluders__canery,https://github.com/rluders/canery
rluders__httpsuite,https://github.com/rluders/httpsuite
robfig__bind,https://github.com/robfig/bind
robfig__soy,https://github.com/robfig/soy
robinjoseph08__go-pg-migrations,https://github.com/robinjoseph08/go-pg-migrations
robinjoseph08__redisqueue,https://github.com/robinjoseph08/redisqueue
roblaszczak__go-cleanarch,https://github.com/roblaszczak/go-cleanarch
roblillack__spot,https://github.com/roblillack/spot
rocketlaunchr__dataframe-go,https://github.com/rocketlaunchr/dataframe-go
rocketlaunchr__dbq,https://github.com/rocketlaunchr/dbq
rocketlaunchr__igo,https://github.com/rocketlaunchr/igo
rogeralsing__gophers,https://github.com/rogeralsing/gophers
rogerwelin__cassowary,https://github.com/rogerwelin/cassowary
romshark__jscan,https://github.com/romshark/jscan
romshark__sched,https://github.com/romshark/sched
romshark__yamagiconf,https://github.com/romshark/yamagiconf
rookie-ninja__rk-boot,https://github.com/rookie-ninja/rk-boot
rookie-ninja__rk-gin,https://github.com/rookie-ninja/rk-gin
rookie-ninja__rk-grpc,https://github.com/rookie-ninja/rk-grpc
rookii__paicehusk,https://github.com/rookii/paicehusk
root-gg__plik,https://github.com/root-gg/plik
roseduan__rosedb,https://github.com/roseduan/rosedb
rotisserie__eris,https://github.com/rotisserie/eris
roylee0704__gron,https://github.com/roylee0704/gron
rqlite__gorqlite,https://github.com/rqlite/gorqlite
rqlite__rqlite,https://github.com/rqlite/rqlite
rs__cors,https://github.com/rs/cors
rs__formjson,https://github.com/rs/formjson
rs__xid,https://github.com/rs/xid
rs__xlog,https://github.com/rs/xlog
rs__xmux,https://github.com/rs/xmux
rs__zerolog,https://github.com/rs/zerolog
rsjethani__secret,https://github.com/rsjethani/secret
rsteube__carapace,https://github.com/rsteube/carapace
rsteube__carapace-bin,https://github.com/rsteube/carapace-bin
rsteube__carapace-spec,https://github.com/rsteube/carapace-spec
rubenv__sql-migrate,https://github.com/rubenv/sql-migrate
rubyist__circuitbreaker,https://github.com/rubyist/circuitbreaker
rueian__rueidis,https://github.com/rueian/rueidis
rulego__rulego,https://github.com/rulego/rulego
rulego__streamsql,https://github.com/rulego/streamsql
rushteam__gosql,https://github.com/rushteam/gosql
russross__blackfriday,https://github.com/russross/blackfriday
ryanbressler__CloudForest,https://github.com/ryanbressler/CloudForest
rylans__getlang,https://github.com/rylans/getlang
s0ders__go-semver-release,https://github.com/s0ders/go-semver-release
s0rg__crawley,https://github.com/s0rg/crawley
s0rg__decompose,https://github.com/s0rg/decompose
s0rg__fantasyname,https://github.com/s0rg/fantasyname
s0rg__grid,https://github.com/s0rg/grid
s0rg__quadtree,https://github.com/s0rg/quadtree
sadlil__go-trigger,https://github.com/sadlil/go-trigger
safedep__vet,https://github.com/safedep/vet
sagikazarmark__modern-go-application,https://github.com/sagikazarmark/modern-go-application
saivedant169__AegisFlow,https://github.com/saivedant169/AegisFlow
sajjadrabiee__go-constant,https://github.com/sajjadrabiee/go-constant
sakirsensoy__genv,https://github.com/sakirsensoy/genv
saleh-rahimzadeh__go-words,https://github.com/saleh-rahimzadeh/go-words
samber__do,https://github.com/samber/do
samber__lo,https://github.com/samber/lo
samber__mo,https://github.com/samber/mo
samber__oops,https://github.com/samber/oops
samber__ro,https://github.com/samber/ro
samber__slog-formatter,https://github.com/samber/slog-formatter
samber__slog-multi,https://github.com/samber/slog-multi
samuelcouch__clarifai,https://github.com/samuelcouch/clarifai
sanathp__statusok,https://github.com/sanathp/statusok
sanbornm__go-selfupdate,https://github.com/sanbornm/go-selfupdate
sanbornm__mp,https://github.com/sanbornm/mp
sanketplus__go-mysql-lock,https://github.com/sanketplus/go-mysql-lock
sashabaranov__go-openai,https://github.com/sashabaranov/go-openai
sashamelentyev__usestdlibvars,https://github.com/sashamelentyev/usestdlibvars
savsgio__atreugo,https://github.com/savsgio/atreugo
sbabiv__rmqconn,https://github.com/sbabiv/rmqconn
sbabiv__xml2map,https://github.com/sbabiv/xml2map
sbstjn__allot,https://github.com/sbstjn/allot
scaleway__scaleway-cli,https://github.com/scaleway/scaleway-cli
schigh__circuit,https://github.com/schigh/circuit
schigh__health,https://github.com/schigh/health
schigh__str,https://github.com/schigh/str
schollz__croc,https://github.com/schollz/croc
schollz__peerdiscovery,https://github.com/schollz/peerdiscovery
schollz__progressbar,https://github.com/schollz/progressbar
schuyler__neural-go,https://github.com/schuyler/neural-go
scigolib__hdf5,https://github.com/scigolib/hdf5
scigolib__matlab,https://github.com/scigolib/matlab
sciter-sdk__go-sciter,https://github.com/sciter-sdk/go-sciter
scraly__gophers,https://github.com/scraly/gophers
scryinfo__dp,https://github.com/scryinfo/dp
sdcoffey__techan,https://github.com/sdcoffey/techan
sdqri__effdsl,https://github.com/sdqri/effdsl
sdrapkin__guid,https://github.com/sdrapkin/guid
seanhagen__bradleyterry,https://github.com/seanhagen/bradleyterry
sebest__logrusly,https://github.com/sebest/logrusly
sebest__xff,https://github.com/sebest/xff
seborama__fuego,https://github.com/seborama/fuego
seborama__govcr,https://github.com/seborama/govcr
segmentio__golines,https://github.com/segmentio/golines
seiflotfy__count-min-log,https://github.com/seiflotfy/count-min-log
seiflotfy__cuckoofilter,https://github.com/seiflotfy/cuckoofilter
seiflotfy__skizze,https://github.com/seiflotfy/skizze
semihalev__sdns,https://github.com/semihalev/sdns
sendgrid__sendgrid-go,https://github.com/sendgrid/sendgrid-go
senselogic__GENERIS,https://github.com/senselogic/GENERIS
sensepost__gowitness,https://github.com/sensepost/gowitness
sensorbee__sensorbee,https://github.com/sensorbee/sensorbee
sergiotapia__smitego,https://github.com/sergiotapia/smitego
sethgrid__pester,https://github.com/sethgrid/pester
sgreben__flagvar,https://github.com/sgreben/flagvar
sgreben__piecewiselinear,https://github.com/sgreben/piecewiselinear
sgrodriguez__ddt,https://github.com/sgrodriguez/ddt
shabbyrobe__xmlwriter,https://github.com/shabbyrobe/xmlwriter
shady831213__algorithms,https://github.com/shady831213/algorithms
shafreeck__retry,https://github.com/shafreeck/retry
shaj13__go-guardian,https://github.com/shaj13/go-guardian
shalakhin__gophericons,https://github.com/shalakhin/gophericons
shenwei356__taxonkit,https://github.com/shenwei356/taxonkit
sherifabdlnaby__configuro,https://github.com/sherifabdlnaby/configuro
shettyh__threadpool,https://github.com/shettyh/threadpool
shinagawa-web__gomarklint,https://github.com/shinagawa-web/gomarklint
shirou__gopsutil,https://github.com/shirou/gopsutil
shockerli__cvt,https://github.com/shockerli/cvt
shomali11__gridder,https://github.com/shomali11/gridder
shomali11__util,https://github.com/shomali11/util
shomali11__xredis,https://github.com/shomali11/xredis
shoobyban__sshman,https://github.com/shoobyban/sshman
shopify__toxiproxy,https://github.com/shopify/toxiproxy
shopspring__decimal,https://github.com/shopspring/decimal
shoriwe__fullproxy,https://github.com/shoriwe/fullproxy
shpota__goxygen,https://github.com/shpota/goxygen
shubhamzanwar__design-patterns,https://github.com/shubhamzanwar/design-patterns
shurcooL__Go-Package-Store,https://github.com/shurcooL/Go-Package-Store
shurcooL__githubql,https://github.com/shurcooL/githubql
shurcooL__gostatus,https://github.com/shurcooL/gostatus
shurcooL__trayhost,https://github.com/shurcooL/trayhost
shurcooL__vfsgen,https://github.com/shurcooL/vfsgen
siddontang__go-log,https://github.com/siddontang/go-log
siddontang__go-mysql,https://github.com/siddontang/go-mysql
siddontang__ledisdb,https://github.com/siddontang/ledisdb
sideshow__apns2,https://github.com/sideshow/apns2
sigstore__cosign,https://github.com/sigstore/cosign
sillecelik__go-gopher,https://github.com/sillecelik/go-gopher
simonnilsson__ask,https://github.com/simonnilsson/ask
simukti__sqldb-logger,https://github.com/simukti/sqldb-logger
sindresorhus__awesome,https://github.com/sindresorhus/awesome
sinhashubham95__bleep,https://github.com/sinhashubham95/bleep
sinhashubham95__go-actuator,https://github.com/sinhashubham95/go-actuator
sinhashubham95__jsonic,https://github.com/sinhashubham95/jsonic
sinhashubham95__moxy,https://github.com/sinhashubham95/moxy
sipin__gorazor,https://github.com/sipin/gorazor
sirnewton01__godbg,https://github.com/sirnewton01/godbg
sixafter__aes-ctr-drbg,https://github.com/sixafter/aes-ctr-drbg
sj14__dbbench,https://github.com/sj14/dbbench
sjwhitworth__golearn,https://github.com/sjwhitworth/golearn
skanehira__gjo,https://github.com/skanehira/gjo
skeema__skeema,https://github.com/skeema/skeema
skelterjohn__geom,https://github.com/skelterjohn/geom
skibish__ddns,https://github.com/skibish/ddns
skovtunenko__graterm,https://github.com/skovtunenko/graterm
slack-go__slack,https://github.com/slack-go/slack
slack-io__slacker,https://github.com/slack-io/slacker
slipros__roamer,https://github.com/slipros/roamer
slotix__dataflowkit,https://github.com/slotix/dataflowkit
smallnest__go-web-framework-benchmark,https://github.com/smallnest/go-web-framework-benchmark
smallnest__langgraphgo,https://github.com/smallnest/langgraphgo
smallnest__rpcx,https://github.com/smallnest/rpcx
smancke__guble,https://github.com/smancke/guble
smartystreets__goconvey,https://github.com/smartystreets/goconvey
snwfdhmp__errlog,https://github.com/snwfdhmp/errlog
socifi__jazz,https://github.com/socifi/jazz
solher__arangolite,https://github.com/solher/arangolite
songgao__ether,https://github.com/songgao/ether
songgao__water,https://github.com/songgao/water
sonh__qs,https://github.com/sonh/qs
soniah__awsenv,https://github.com/soniah/awsenv
soniah__evaler,https://github.com/soniah/evaler
soniah__gosnmp,https://github.com/soniah/gosnmp
sosedoff__pgweb,https://github.com/sosedoff/pgweb
sostronk__go-steam,https://github.com/sostronk/go-steam
sourcegraph__conc,https://github.com/sourcegraph/conc
sourcegraph__go-vcs,https://github.com/sourcegraph/go-vcs
sourcegraph__zoekt,https://github.com/sourcegraph/zoekt
soypat__godesim,https://github.com/soypat/godesim
soypat__natiu-mqtt,https://github.com/soypat/natiu-mqtt
soypat__rebed,https://github.com/soypat/rebed
spatial-go__geoos,https://github.com/spatial-go/geoos
speedata__go-lua,https://github.com/speedata/go-lua
spf13__afero,https://github.com/spf13/afero
spf13__cobra,https://github.com/spf13/cobra
spf13__pflag,https://github.com/spf13/pflag
spf13__viper,https://github.com/spf13/viper
spiffe__spire,https://github.com/spiffe/spire
spiral__roadrunner,https://github.com/spiral/roadrunner
spyzhov__ajson,https://github.com/spyzhov/ajson
sqs__goreturns,https://github.com/sqs/goreturns
src-d__hercules,https://github.com/src-d/hercules
srfrog__dict,https://github.com/srfrog/dict
ssgreg__journald,https://github.com/ssgreg/journald
ssgreg__repeat,https://github.com/ssgreg/repeat
ssgreg__stl,https://github.com/ssgreg/stl
ssh-vault__ssh-vault,https://github.com/ssh-vault/ssh-vault
stabbycutyou__buffstreams,https://github.com/stabbycutyou/buffstreams
stackerzzq__xj2go,https://github.com/stackerzzq/xj2go
stacktower-io__stacktower,https://github.com/stacktower-io/stacktower
stanipetrosyan__go-eventbus,https://github.com/stanipetrosyan/go-eventbus
starwalkn__kono,https://github.com/starwalkn/kono
staskobzar__goagi,https://github.com/staskobzar/goagi
staskobzar__goami2,https://github.com/staskobzar/goami2
steambap__captcha,https://github.com/steambap/captcha
steevin__neuron-cli,https://github.com/steevin/neuron-cli
stefanprodan__podinfo,https://github.com/stefanprodan/podinfo
stephenafamo__bob,https://github.com/stephenafamo/bob
stephens2424__muxchain,https://github.com/stephens2424/muxchain
stesla__gospecify,https://github.com/stesla/gospecify
stianeikeland__go-rpio,https://github.com/stianeikeland/go-rpio
stoewer__go-week,https://github.com/stoewer/go-week
stretchr__testify,https://github.com/stretchr/testify
striker2000__petrovich,https://github.com/striker2000/petrovich
stripe__stripe-go,https://github.com/stripe/stripe-go
structy__log,https://github.com/structy/log
studiosol__async,https://github.com/studiosol/async
stv0g__gont,https://github.com/stv0g/gont
subchen__go-log,https://github.com/subchen/go-log
subchen__go-trylock,https://github.com/subchen/go-trylock
subosito__gotenv,https://github.com/subosito/gotenv
subpop__go-ini,https://github.com/subpop/go-ini
sunary__sqlize,https://github.com/sunary/sqlize
sunwxg__goshark,https://github.com/sunwxg/goshark
superwhiskers__crunch,https://github.com/superwhiskers/crunch
surenderthakran__gomind,https://github.com/surenderthakran/gomind
surrealdb__surrealdb.go,https://github.com/surrealdb/surrealdb.go
surullabs__lint,https://github.com/surullabs/lint
suzuki-shunsuke__flute,https://github.com/suzuki-shunsuke/flute
switchupcb__copygen,https://github.com/switchupcb/copygen
switchupcb__disgo,https://github.com/switchupcb/disgo
swithek__sessionup,https://github.com/swithek/sessionup
sybrexsys__RapidMQ,https://github.com/sybrexsys/RapidMQ
syndtr__goleveldb,https://github.com/syndtr/goleveldb
syntaqx__cookie,https://github.com/syntaqx/cookie
syntaqx__env,https://github.com/syntaqx/env
syntaqx__serve,https://github.com/syntaqx/serve
syst3mctl__godoclive,https://github.com/syst3mctl/godoclive
szyhf__go-excel,https://github.com/szyhf/go-excel
szyhf__go-gcache,https://github.com/szyhf/go-gcache
tal-tech__go-zero,https://github.com/tal-tech/go-zero
tarent__loginsrv,https://github.com/tarent/loginsrv
tarmac-project__tarmac,https://github.com/tarmac-project/tarmac
taskctl__taskctl,https://github.com/taskctl/taskctl
taubyte__tau,https://github.com/taubyte/tau
tchayen__triangolatte,https://github.com/tchayen/triangolatte
tdewolff__canvas,https://github.com/tdewolff/canvas
tdewolff__minify,https://github.com/tdewolff/minify
tealeg__xlsx,https://github.com/tealeg/xlsx
technohippy__go-glmatrix,https://github.com/technohippy/go-glmatrix
tejo__boxed,https://github.com/tejo/boxed
tejzpr__ordered-concurrently,https://github.com/tejzpr/ordered-concurrently
temporalio__sdk-go,https://github.com/temporalio/sdk-go
tendermint__tendermint,https://github.com/tendermint/tendermint
tenntenn__gopher-stickers,https://github.com/tenntenn/gopher-stickers
tenntenn__gpath,https://github.com/tenntenn/gpath
teris-io__cli,https://github.com/teris-io/cli
teris-io__log,https://github.com/teris-io/log
teris-io__shortid,https://github.com/teris-io/shortid
testcontainers__testcontainers-go,https://github.com/testcontainers/testcontainers-go
tg123__go-htpasswd,https://github.com/tg123/go-htpasswd
the4thamigo-uk__conflate,https://github.com/the4thamigo-uk/conflate
theckman__yacspin,https://github.com/theckman/yacspin
thedevsaddam__gojsonq,https://github.com/thedevsaddam/gojsonq
thedevsaddam__govalidator,https://github.com/thedevsaddam/govalidator
thedevsaddam__renderer,https://github.com/thedevsaddam/renderer
thedevsaddam__retry,https://github.com/thedevsaddam/retry
thedevsir__gosuccinctly,https://github.com/thedevsir/gosuccinctly
therecipe__qt,https://github.com/therecipe/qt
thestrukture__ide,https://github.com/thestrukture/ide
thevxn__dish,https://github.com/thevxn/dish
thewhitetulip__web-dev-golang-anti-textbook,https://github.com/thewhitetulip/web-dev-golang-anti-textbook
thoas__go-funk,https://github.com/thoas/go-funk
thoas__picfit,https://github.com/thoas/picfit
thoas__stats,https://github.com/thoas/stats
thoj__go-galib,https://github.com/thoj/go-galib
thomaspoignant__go-feature-flag,https://github.com/thomaspoignant/go-feature-flag
tibcosoftware__flogo,https://github.com/tibcosoftware/flogo
tickstem__cron,https://github.com/tickstem/cron
tickstem__heartbeat,https://github.com/tickstem/heartbeat
tickstem__uptime,https://github.com/tickstem/uptime
tickstem__verify,https://github.com/tickstem/verify
tidwall__buntdb,https://github.com/tidwall/buntdb
tidwall__gjson,https://github.com/tidwall/gjson
tidwall__sjson,https://github.com/tidwall/sjson
tidwall__tile38,https://github.com/tidwall/tile38
tiendc__autowire,https://github.com/tiendc/autowire
tiendc__go-csvlib,https://github.com/tiendc/go-csvlib
tiendc__go-deepcopy,https://github.com/tiendc/go-deepcopy
tiendc__go-validator,https://github.com/tiendc/go-validator
tiendc__gofn,https://github.com/tiendc/gofn
timandy__routine,https://github.com/timandy/routine
timbray__quamina,https://github.com/timbray/quamina
timdp__lwc,https://github.com/timdp/lwc
timkaye11__goRecommend,https://github.com/timkaye11/goRecommend
timothyye__godns,https://github.com/timothyye/godns
timsolov__rest-query-parser,https://github.com/timsolov/rest-query-parser
tinygo-org__tinygo,https://github.com/tinygo-org/tinygo
tirthpatell__threads-go,https://github.com/tirthpatell/threads-go
tj__mmake,https://github.com/tj/mmake
tkrop__go-testing,https://github.com/tkrop/go-testing
tmc__langchaingo,https://github.com/tmc/langchaingo
tmrts__boilr,https://github.com/tmrts/boilr
tmrts__go-patterns,https://github.com/tmrts/go-patterns
tobyhede__go-underscore,https://github.com/tobyhede/go-underscore
tockins__realize,https://github.com/tockins/realize
todotxt__todo.txt,https://github.com/todotxt/todo.txt
tomarrell__wrapcheck,https://github.com/tomarrell/wrapcheck
tomcraven__goga,https://github.com/tomcraven/goga
tomlazar__table,https://github.com/tomlazar/table
tomodian__release,https://github.com/tomodian/release
tomwright__dasel,https://github.com/tomwright/dasel
tomwright__queryparam,https://github.com/tomwright/queryparam
toorop__go-dkim,https://github.com/toorop/go-dkim
topfreegames__apm,https://github.com/topfreegames/apm
topfreegames__pitaya,https://github.com/topfreegames/pitaya
tosone__minimp3,https://github.com/tosone/minimp3
tricksterproxy__trickster,https://github.com/tricksterproxy/trickster
trivago__gollum,https://github.com/trivago/gollum
trpc-group__trpc-go,https://github.com/trpc-group/trpc-go
truemail-rb__truemail-go,https://github.com/truemail-rb/truemail-go
tsenart__vegeta,https://github.com/tsenart/vegeta
tucnak__climax,https://github.com/tucnak/climax
tucnak__telebot,https://github.com/tucnak/telebot
tuupola__branca-spec,https://github.com/tuupola/branca-spec
tuvistavie__structomap,https://github.com/tuvistavie/structomap
tuxychandru__pubsub,https://github.com/tuxychandru/pubsub
tv42__mockhttp,https://github.com/tv42/mockhttp
twharmon__golamb,https://github.com/twharmon/golamb
twharmon__gosql,https://github.com/twharmon/gosql
twharmon__gouid,https://github.com/twharmon/gouid
twharmon__govalid,https://github.com/twharmon/govalid
twharmon__slices,https://github.com/twharmon/slices
two__tspool,https://github.com/two/tspool
txn2__kubefwd,https://github.com/txn2/kubefwd
tyler-smith__golang-sql-benchmark,https://github.com/tyler-smith/golang-sql-benchmark
tylertreat__BoomFilters,https://github.com/tylertreat/BoomFilters
tylertreat__Comcast,https://github.com/tylertreat/Comcast
tylertreat__go-benchmarks,https://github.com/tylertreat/go-benchmarks
tylerwince__godbg,https://github.com/tylerwince/godbg
tylfin__dynatomic,https://github.com/tylfin/dynatomic
uadmin__uadmin,https://github.com/uadmin/uadmin
uber-go__cadence-client,https://github.com/uber-go/cadence-client
uber-go__dig,https://github.com/uber-go/dig
uber-go__fx,https://github.com/uber-go/fx
uber-go__guide,https://github.com/uber-go/guide
uber-go__mock,https://github.com/uber-go/mock
uber-go__multierr,https://github.com/uber-go/multierr
uber-go__zap,https://github.com/uber-go/zap
uber__h3-go,https://github.com/uber/h3-go
ubgo__lock,https://github.com/ubgo/lock
udhos__jazigo,https://github.com/udhos/jazigo
ufoscout__go-up,https://github.com/ufoscout/go-up
ugorji__go,https://github.com/ugorji/go
ulikunitz__xz,https://github.com/ulikunitz/xz
ulovecode__gdcache,https://github.com/ulovecode/gdcache
ulule__deepcopier,https://github.com/ulule/deepcopier
ulule__limiter,https://github.com/ulule/limiter
ungerik__go-cairo,https://github.com/ungerik/go-cairo
ungerik__go-dry,https://github.com/ungerik/go-dry
ungerik__go3d,https://github.com/ungerik/go3d
unidoc__unioffice,https://github.com/unidoc/unioffice
unilibs__uniwidth,https://github.com/unilibs/uniwidth
unionj-cloud__go-doudou,https://github.com/unionj-cloud/go-doudou
uniplaces__carbon,https://github.com/uniplaces/carbon
uniqush__uniqush-push,https://github.com/uniqush/uniqush-push
unit-io__unitd,https://github.com/unit-io/unitd
unit-io__unitdb,https://github.com/unit-io/unitdb
unix4fun__naclpipe,https://github.com/unix4fun/naclpipe
unki2aut__go-mpd,https://github.com/unki2aut/go-mpd
unrolled__render,https://github.com/unrolled/render
unrolled__secure,https://github.com/unrolled/secure
updatecli__updatecli,https://github.com/updatecli/updatecli
upper__db,https://github.com/upper/db
uptrace__bun,https://github.com/uptrace/bun
urfave__cli,https://github.com/urfave/cli
urfave__negroni,https://github.com/urfave/negroni
ursiform__sleuth,https://github.com/ursiform/sleuth
us__den,https://github.com/us/den
usk81__generic,https://github.com/usk81/generic
utahta__go-cronowriter,https://github.com/utahta/go-cronowriter
utekaravinash__gopaapi5,https://github.com/utekaravinash/gopaapi5
vadiminshakov__committer,https://github.com/vadiminshakov/committer
vaelen__iot,https://github.com/vaelen/iot
vahiiiid__go-rest-api-boilerplate,https://github.com/vahiiiid/go-rest-api-boilerplate
valord577__mailx,https://github.com/valord577/mailx
valyala__fasthttp,https://github.com/valyala/fasthttp
valyala__fastjson,https://github.com/valyala/fastjson
valyala__fasttemplate,https://github.com/valyala/fasttemplate
valyala__gorpc,https://github.com/valyala/gorpc
valyala__quicktemplate,https://github.com/valyala/quicktemplate
vanng822__go-premailer,https://github.com/vanng822/go-premailer
vardius__gocontainer,https://github.com/vardius/gocontainer
vardius__gollback,https://github.com/vardius/gollback
vardius__gorouter,https://github.com/vardius/gorouter
vardius__message-bus,https://github.com/vardius/message-bus
vardius__worker-pool,https://github.com/vardius/worker-pool
vbauerster__mpb,https://github.com/vbauerster/mpb
vcaesar__tt,https://github.com/vcaesar/tt
vdobler__chart,https://github.com/vdobler/chart
veandco__go-sdl2,https://github.com/veandco/go-sdl2
vectaport__flowgraph,https://github.com/vectaport/flowgraph
vektra__mockery,https://github.com/vektra/mockery
verdverm__frisby,https://github.com/verdverm/frisby
verifid__vl-go,https://github.com/verifid/vl-go
viant__afs,https://github.com/viant/afs
viant__asc,https://github.com/viant/asc
viant__bgc,https://github.com/viant/bgc
viant__dsc,https://github.com/viant/dsc
viant__dsunit,https://github.com/viant/dsunit
viant__endly,https://github.com/viant/endly
viant__ptrie,https://github.com/viant/ptrie
viant__toolbox,https://github.com/viant/toolbox
vibridi__gomock,https://github.com/vibridi/gomock
viccon__sturdyc,https://github.com/viccon/sturdyc
vimeda__pletter,https://github.com/vimeda/pletter
viney-shih__go-cache,https://github.com/viney-shih/go-cache
viney-shih__go-lock,https://github.com/viney-shih/go-lock
vinod-morya__fibersse,https://github.com/vinod-morya/fibersse
vinta__awesome-python,https://github.com/vinta/awesome-python
visionmedia__debug,https://github.com/visionmedia/debug
visualfc__liteide,https://github.com/visualfc/liteide
vivek-ng__concurrency-limiter,https://github.com/vivek-ng/concurrency-limiter
vkuznet__x509proxy,https://github.com/vkuznet/x509proxy
vladopajic__go-actor,https://github.com/vladopajic/go-actor
vladopajic__go-test-coverage,https://github.com/vladopajic/go-test-coverage
vodolaz095__dqueue,https://github.com/vodolaz095/dqueue
volatiletech__authboss,https://github.com/volatiletech/authboss
volatiletech__sqlboiler,https://github.com/volatiletech/sqlboiler
volodymyrprokopyuk__go-blockchain,https://github.com/volodymyrprokopyuk/go-blockchain
vorlif__spreak,https://github.com/vorlif/spreak
vrecan__death,https://github.com/vrecan/death
vrischmann__envconfig,https://github.com/vrischmann/envconfig
vtopc__epoch,https://github.com/vtopc/epoch
wI2L__jettison,https://github.com/wI2L/jettison
wI2L__jsondiff,https://github.com/wI2L/jsondiff
wa-lang__wa,https://github.com/wa-lang/wa
wabarc__wayback,https://github.com/wabarc/wayback
wagoodman__dive,https://github.com/wagoodman/dive
wajox__gobase,https://github.com/wajox/gobase
wangyoucao577__go-project-layout,https://github.com/wangyoucao577/go-project-layout
webhookx-io__webhookx,https://github.com/webhookx-io/webhookx
webriots__rate,https://github.com/webriots/rate
wellington__go-libsass,https://github.com/wellington/go-libsass
wellington__wellington,https://github.com/wellington/wellington
wendigo__go-bind-plugin,https://github.com/wendigo/go-bind-plugin
wenerme__go-req,https://github.com/wenerme/go-req
wesovilabs__koazee,https://github.com/wesovilabs/koazee
wesql__wescale,https://github.com/wesql/wescale
wgliang__goreporter,https://github.com/wgliang/goreporter
whitaker-io__machine,https://github.com/whitaker-io/machine
white-pony__go-fann,https://github.com/white-pony/go-fann
wisp-trading__wisp,https://github.com/wisp-trading/wisp
wit-ai__wit-go,https://github.com/wit-ai/wit-go
wkhere__bcl,https://github.com/wkhere/bcl
wlbr__feiertage,https://github.com/wlbr/feiertage
wlevene__ini,https://github.com/wlevene/ini
wneessen__go-hibp,https://github.com/wneessen/go-hibp
wneessen__go-mail,https://github.com/wneessen/go-mail
woodpecker-ci__woodpecker,https://github.com/woodpecker-ci/woodpecker
workanator__go-ataman,https://github.com/workanator/go-ataman
workanator__go-floc,https://github.com/workanator/go-floc
wroge__scan,https://github.com/wroge/scan
wroge__wgs84,https://github.com/wroge/wgs84
wzshiming__ctc,https://github.com/wzshiming/ctc
wzshiming__gotype,https://github.com/wzshiming/gotype
wzshiming__httpproxy,https://github.com/wzshiming/httpproxy
x-mod__routine,https://github.com/x-mod/routine
x1unix__docker-go-mingw,https://github.com/x1unix/docker-go-mingw
xaionaro-go__secureio,https://github.com/xaionaro-go/secureio
xcodersun__eywa,https://github.com/xcodersun/eywa
xfxdev__xlog,https://github.com/xfxdev/xlog
xfxdev__xtcp,https://github.com/xfxdev/xtcp
xgzlucario__rotom,https://github.com/xgzlucario/rotom
xhd2015__xgo,https://github.com/xhd2015/xgo
xhit__go-simple-mail,https://github.com/xhit/go-simple-mail
xhit__go-str2duration,https://github.com/xhit/go-str2duration
xiaonanln__goworld,https://github.com/xiaonanln/goworld
xiaoxin01__typeregistry,https://github.com/xiaoxin01/typeregistry
xis__baraka,https://github.com/xis/baraka
xitonix__trubka,https://github.com/xitonix/trubka
xjasonlyu__tun2socks,https://github.com/xjasonlyu/tun2socks
xml-comp__xml-comp,https://github.com/xml-comp/xml-comp
xorcare__pointer,https://github.com/xorcare/pointer
xta__okrun,https://github.com/xta/okrun
xtaci__gaio,https://github.com/xtaci/gaio
xtaci__gonet,https://github.com/xtaci/gonet
xtaci__kcp-go,https://github.com/xtaci/kcp-go
xtaci__kcptun,https://github.com/xtaci/kcptun
xujiajun__godbal,https://github.com/xujiajun/godbal
xujiajun__gorouter,https://github.com/xujiajun/gorouter
xujiajun__gotokenizer,https://github.com/xujiajun/gotokenizer
xujiajun__nutsdb,https://github.com/xujiajun/nutsdb
xuri__aurora,https://github.com/xuri/aurora
xuri__excelize,https://github.com/xuri/excelize
xuri__xgen,https://github.com/xuri/xgen
xwjdsh__awesome-go-extra,https://github.com/xwjdsh/awesome-go-extra
xwjdsh__manssh,https://github.com/xwjdsh/manssh
xxjwxc__ginrpc,https://github.com/xxjwxc/ginrpc
xxjwxc__gofal,https://github.com/xxjwxc/gofal
xxjwxc__gormt,https://github.com/xxjwxc/gormt
xxjwxc__gowp,https://github.com/xxjwxc/gowp
xybor-x__xylog,https://github.com/xybor-x/xylog
xyproto__algernon,https://github.com/xyproto/algernon
xyproto__permissions,https://github.com/xyproto/permissions
yaa110__go-persian-calendar,https://github.com/yaa110/go-persian-calendar
yaa110__goterator,https://github.com/yaa110/goterator
yahoo__vssh,https://github.com/yahoo/vssh
yaitoo__async,https://github.com/yaitoo/async
yaitoo__xun,https://github.com/yaitoo/xun
yanyiwu__gojieba,https://github.com/yanyiwu/gojieba
yaronn__blessed-contrib,https://github.com/yaronn/blessed-contrib
yaronsumel__filler,https://github.com/yaronsumel/filler
yaronsumel__grapes,https://github.com/yaronsumel/grapes
yassinebenaid__bunster,https://github.com/yassinebenaid/bunster
yassinebenaid__godump,https://github.com/yassinebenaid/godump
yazgazan__jaydiff,https://github.com/yazgazan/jaydiff
ybbus__httpretry,https://github.com/ybbus/httpretry
ybbus__jsonrpc,https://github.com/ybbus/jsonrpc
ydb-platform__ydb-go-sdk,https://github.com/ydb-platform/ydb-go-sdk
yeqown__go-qrcode,https://github.com/yeqown/go-qrcode
yl2chen__cidranger,https://github.com/yl2chen/cidranger
yookoala__restit,https://github.com/yookoala/restit
yourbasic__bit,https://github.com/yourbasic/bit
yourbasic__bloom,https://github.com/yourbasic/bloom
yourbasic__graph,https://github.com/yourbasic/graph
yourbasic__radix,https://github.com/yourbasic/radix
youthlin__stream,https://github.com/youthlin/stream
youthlin__t,https://github.com/youthlin/t
youtube__vitess,https://github.com/youtube/vitess
ysmood__got,https://github.com/ysmood/got
yudppp__throttle,https://github.com/yudppp/throttle
yuin__goldmark,https://github.com/yuin/goldmark
yuin__gopher-lua,https://github.com/yuin/gopher-lua
yunabe__lgo,https://github.com/yunabe/lgo
yuroyoro__goast-viewer,https://github.com/yuroyoro/goast-viewer
yuseferi__envyaml,https://github.com/yuseferi/envyaml
yuseferi__gocache,https://github.com/yuseferi/gocache
yuseferi__scheduler,https://github.com/yuseferi/scheduler
yuseferi__zax,https://github.com/yuseferi/zax
yusufcanb__tlm,https://github.com/yusufcanb/tlm
yvasiyarov__php_session_decoder,https://github.com/yvasiyarov/php_session_decoder
z5labs__bedrock,https://github.com/z5labs/bedrock
z7zmey__php-parser,https://github.com/z7zmey/php-parser
zRedShift__mimemagic,https://github.com/zRedShift/mimemagic
zach-klippenstein__goregen,https://github.com/zach-klippenstein/goregen
zc2638__swag,https://github.com/zc2638/swag
zcalusic__sysinfo,https://github.com/zcalusic/sysinfo
zegl__goriak,https://github.com/zegl/goriak
zekroTJA__timedmap,https://github.com/zekroTJA/timedmap
zendev-sh__goai,https://github.com/zendev-sh/goai
zendev-sh__zenflow,https://github.com/zendev-sh/zenflow
zenthangplus__go-workerpool,https://github.com/zenthangplus/go-workerpool
zenthangplus__goccm,https://github.com/zenthangplus/goccm
zeromq__libzmq,https://github.com/zeromq/libzmq
zerosnake0__go-json-benchmark,https://github.com/zerosnake0/go-json-benchmark
zerosnake0__goctx,https://github.com/zerosnake0/goctx
zerosnake0__jzon,https://github.com/zerosnake0/jzon
zhenghaoz__gorse,https://github.com/zhenghaoz/gorse
zhenjl__bloom,https://github.com/zhenjl/bloom
zhenjl__porter2,https://github.com/zhenjl/porter2
zhuangsirui__binpacker,https://github.com/zhuangsirui/binpacker
zhufuyi__sponge,https://github.com/zhufuyi/sponge
zhulongcheng__testsql,https://github.com/zhulongcheng/testsql
zimmski__tavor,https://github.com/zimmski/tavor
zitadel__oidc,https://github.com/zitadel/oidc
zitadel__passwap,https://github.com/zitadel/passwap
zitryss__go-sample,https://github.com/zitryss/go-sample
ziutek__emgo,https://github.com/ziutek/emgo
zoharbabin__web-researcher-mcp,https://github.com/zoharbabin/web-researcher-mcp
zoomio__tagify,https://github.com/zoomio/tagify
zoumo__goset,https://github.com/zoumo/goset
zpatrick__rclient,https://github.com/zpatrick/rclient
zserge__webview,https://github.com/zserge/webview
ztrue__shutdown,https://github.com/ztrue/shutdown
ztrue__tracerr,https://github.com/ztrue/tracerr
zubairhamed__canopus,https://github.com/zubairhamed/canopus
