[supervise2] 開始 2026-08-04T13:41:22Z 並列=3 対象=1528 PGID=4797
[supervise2] round 1: 済み 18 / 1528  2026-08-04T13:41:22Z
# rerun2 開始 2026-08-04T13:41:22.979Z 対象=1528 (SHA未記録=1→SKIP) 上限=Infinity
# rerun2 開始 2026-08-04T13:41:22.980Z 対象=1528 (SHA未記録=1→SKIP) 上限=Infinity
# 7月に main を除外できていなかった repo（予測集合。この集合の repo のみ july_main_bug を許す）= 7 件: Lifailon__lazyjournal antonmedv__fx box-cli-maker__box-cli-maker dghubble__sling dtgorski__typex homedepot__flop naughtygopher__errors
# 7月に main を除外できていなかった repo（予測集合。この集合の repo のみ july_main_bug を許す）= 7 件: Lifailon__lazyjournal antonmedv__fx box-cli-maker__box-cli-maker dghubble__sling dtgorski__typex homedepot__flop naughtygopher__errors
# 7月側の記録が使えず比較できない repo（july_unavailable。ゲートは通すが verify.csv に残す）= 9 件: codemodus__catena dimuska139__rawg-sdk-go ggicci__httpin kubernetes__kubernetes mehrdadrad__tcpdog presbrey__ollamafarm rakyll__hey tendermint__tendermint zRedShift__mimemagic
# 7月側の記録が使えず比較できない repo（july_unavailable。ゲートは通すが verify.csv に残す）= 9 件: codemodus__catena dimuska139__rawg-sdk-go ggicci__httpin kubernetes__kubernetes mehrdadrad__tcpdog presbrey__ollamafarm rakyll__hey tendermint__tendermint zRedShift__mimemagic
[1] gobeam__mongo-go-pagination ... [1] marlow__marlow ... # rerun2 開始 2026-08-04T13:41:23.008Z 対象=1528 (SHA未記録=1→SKIP) 上限=Infinity
# 7月に main を除外できていなかった repo（予測集合。この集合の repo のみ july_main_bug を許す）= 7 件: Lifailon__lazyjournal antonmedv__fx box-cli-maker__box-cli-maker dghubble__sling dtgorski__typex homedepot__flop naughtygopher__errors
# 7月側の記録が使えず比較できない repo（july_unavailable。ゲートは通すが verify.csv に残す）= 9 件: codemodus__catena dimuska139__rawg-sdk-go ggicci__httpin kubernetes__kubernetes mehrdadrad__tcpdog presbrey__ollamafarm rakyll__hey tendermint__tendermint zRedShift__mimemagic
[1] pantrif__url-shortener ... OK gt(imp/impT/all)=1/2/2 err=0 verify(match/bug/unavail/differ)=4/0/0/0 8s
[2] benmanns__goworker ... OK gt(imp/impT/all)=2/3/3 err=0 verify(match/bug/unavail/differ)=4/0/0/0 8s
[2] miguelmota__golang-for-nodejs-developers ... OK gt(imp/impT/all)=12/12/55 err=0 verify(match/bug/unavail/differ)=4/0/0/0 16s
[2] golobby__orm ... OK gt(imp/impT/all)=4/4/13 err=0 verify(match/bug/unavail/differ)=4/0/0/0 11s
[3] Allenxuxu__gev ... OK gt(imp/impT/all)=14/19/45 err=0 verify(match/bug/unavail/differ)=4/0/0/0 16s
[3] mainak55512__stto ... OK gt(imp/impT/all)=19/23/63 err=0 verify(match/bug/unavail/differ)=4/0/0/0 19s
[4] xhit__go-simple-mail ... OK gt(imp/impT/all)=9/9/196 err=0 verify(match/bug/unavail/differ)=4/0/0/0 32s
[3] Yiling-J__cacheme-go ... OK gt(imp/impT/all)=3/3/4 err=0 verify(match/bug/unavail/differ)=4/0/0/0 13s
[4] buger__gor ... OK gt(imp/impT/all)=1/1/8 err=0 verify(match/bug/unavail/differ)=4/0/0/0 12s
[5] smallnest__rpcx ... OK gt(imp/impT/all)=13/17/164 err=0 verify(match/bug/unavail/differ)=4/0/0/0 32s
[4] flower-corp__lotusdb ... [supervise2] 中断された census2/rerun2/out/buger__gor/ を掃除して再試行対象に戻す
[supervise2] 中断された census2/rerun2/out/flower-corp__lotusdb/ を掃除して再試行対象に戻す
[supervise2] 中断された census2/rerun2/out/smallnest__rpcx/ を掃除して再試行対象に戻す
[supervise2] 開始 2026-08-04T13:44:39Z 並列=3 対象=1528 PGID=10786
[supervise2] round 1: 済み 28 / 1528  2026-08-04T13:44:39Z
# rerun2 開始 2026-08-04T13:44:39.377Z 対象=1528 (SHA未記録=1→SKIP) 上限=Infinity
# 7月に main を除外できていなかった repo（予測集合。この集合の repo のみ july_main_bug を許す）= 7 件: Lifailon__lazyjournal antonmedv__fx box-cli-maker__box-cli-maker dghubble__sling dtgorski__typex homedepot__flop naughtygopher__errors
# 7月側の記録が使えず比較できない repo（july_unavailable。ゲートは通すが verify.csv に残す）= 9 件: codemodus__catena dimuska139__rawg-sdk-go ggicci__httpin kubernetes__kubernetes mehrdadrad__tcpdog presbrey__ollamafarm rakyll__hey tendermint__tendermint zRedShift__mimemagic
# rerun2 開始 2026-08-04T13:44:39.373Z 対象=1528 (SHA未記録=1→SKIP) 上限=Infinity
# 7月に main を除外できていなかった repo（予測集合。この集合の repo のみ july_main_bug を許す）= 7 件: Lifailon__lazyjournal antonmedv__fx box-cli-maker__box-cli-maker dghubble__sling dtgorski__typex homedepot__flop naughtygopher__errors
# 7月側の記録が使えず比較できない repo（july_unavailable。ゲートは通すが verify.csv に残す）= 9 件: codemodus__catena dimuska139__rawg-sdk-go ggicci__httpin kubernetes__kubernetes mehrdadrad__tcpdog presbrey__ollamafarm rakyll__hey tendermint__tendermint zRedShift__mimemagic
# rerun2 開始 2026-08-04T13:44:39.388Z 対象=1528 (SHA未記録=1→SKIP) 上限=Infinity
# 7月に main を除外できていなかった repo（予測集合。この集合の repo のみ july_main_bug を許す）= 7 件: Lifailon__lazyjournal antonmedv__fx box-cli-maker__box-cli-maker dghubble__sling dtgorski__typex homedepot__flop naughtygopher__errors
# 7月側の記録が使えず比較できない repo（july_unavailable。ゲートは通すが verify.csv に残す）= 9 件: codemodus__catena dimuska139__rawg-sdk-go ggicci__httpin kubernetes__kubernetes mehrdadrad__tcpdog presbrey__ollamafarm rakyll__hey tendermint__tendermint zRedShift__mimemagic
[1] buger__gor ... [1] buger__gor ... [1] smallnest__rpcx ... SKIP(retryable/sha_fetch_failed)
node:internal/fs/rimraf:203
      throw err;
      ^

Error: ENOTEMPTY: directory not empty, rmdir '/tmp/rr2_buger__gor/src/.git/hooks'
    at Object.rmdirSync (node:fs:1193:11)
    at _rmdirSync (node:internal/fs/rimraf:261:21)
    at rimrafSync (node:internal/fs/rimraf:194:7)
    at node:internal/fs/rimraf:254:9
    at Array.forEach (<anonymous>)
    at _rmdirSync (node:internal/fs/rimraf:251:7)
    at rimrafSync (node:internal/fs/rimraf:194:7)
    at node:internal/fs/rimraf:254:9
    at Array.forEach (<anonymous>)
    at _rmdirSync (node:internal/fs/rimraf:251:7) {
  errno: -39,
  code: 'ENOTEMPTY',
  syscall: 'rmdir',
  path: '/tmp/rr2_buger__gor/src/.git/hooks'
}

Node.js v22.22.2
node:fs:2430
    return binding.writeFileUtf8(
                   ^

Error: ENOENT: no such file or directory, open '/workspace/sbom/census2/rerun2/out/buger__gor/stderr/syft.log'
    at Object.writeFileSync (node:fs:2430:20)
    at Object.<anonymous> (/workspace/sbom/census2/rerun2/rerun2.js:229:20)
    at Module._compile (node:internal/modules/cjs/loader:1705:14)
    at Object..js (node:internal/modules/cjs/loader:1838:10)
    at Module.load (node:internal/modules/cjs/loader:1441:32)
    at Function._load (node:internal/modules/cjs/loader:1263:12)
    at TracingChannel.traceSync (node:diagnostics_channel:328:14)
    at wrapModuleLoad (node:internal/modules/cjs/loader:237:24)
    at Function.executeUserEntryPoint [as runMain] (node:internal/modules/run_main:171:5)
    at node:internal/main/run_main_module:36:49 {
  errno: -2,
  code: 'ENOENT',
  syscall: 'open',
  path: '/workspace/sbom/census2/rerun2/out/buger__gor/stderr/syft.log'
}

Node.js v22.22.2
OK gt(imp/impT/all)=49/55/186 err=0 verify(match/bug/unavail/differ)=4/0/0/0 31s
[2] flower-corp__lotusdb ... OK gt(imp/impT/all)=20/24/59 err=0 verify(match/bug/unavail/differ)=4/0/0/0 19s
[3] vahiiiid__go-rest-api-boilerplate ... OK gt(imp/impT/all)=60/65/288 err=0 verify(match/bug/unavail/differ)=4/0/0/0 70s
[4] PerimeterX__envite ... OK gt(imp/impT/all)=34/37/74 err=0 verify(match/bug/unavail/differ)=4/0/0/0 18s
[5] matryer__moq ... OK gt(imp/impT/all)=3/4/9 err=0 verify(match/bug/unavail/differ)=4/0/0/0 9s
[6] bozd4g__go-http-client ... OK gt(imp/impT/all)=1/5/7 err=0 verify(match/bug/unavail/differ)=4/0/0/0 7s
[7] mikestefanello__backlite ... OK gt(imp/impT/all)=8/11/35 err=0 verify(match/bug/unavail/differ)=4/0/0/0 18s
[8] go-rel__rel ... OK gt(imp/impT/all)=2/7/28 err=0 verify(match/bug/unavail/differ)=4/0/0/0 9s
[9] openfga__openfga ... OK gt(imp/impT/all)=134/139/294 err=0 verify(match/bug/unavail/differ)=4/0/0/0 58s
[10] wlevene__ini ... OK gt(imp/impT/all)=2/2/2 err=0 verify(match/bug/unavail/differ)=4/0/0/0 6s
[11] robfig__soy ... OK gt(imp/impT/all)=4/8/25 err=0 verify(match/bug/unavail/differ)=4/0/0/0 10s
[12] wagoodman__dive ... OK gt(imp/impT/all)=83/98/148 err=0 verify(match/bug/unavail/differ)=4/0/0/0 17s
[13] hyperledger__fabric ... OK gt(imp/impT/all)=111/115/498 err=0 verify(match/bug/unavail/differ)=4/0/0/0 46s
[14] lalamove__konfig ... OK gt(imp/impT/all)=51/65/245 err=0 verify(match/bug/unavail/differ)=4/0/0/0 30s
[15] kyuff__anchor ... OK gt(imp/impT/all)=1/1/10 err=0 verify(match/bug/unavail/differ)=4/0/0/0 9s
[16] bobg__htree ... OK gt(imp/impT/all)=2/4/10 err=0 verify(match/bug/unavail/differ)=4/0/0/0 8s
[17] go-zoox__fetch ... OK gt(imp/impT/all)=7/9/15 err=0 verify(match/bug/unavail/differ)=4/0/0/0 9s
[18] dimiro1__health ... OK gt(imp/impT/all)=1/3/4 err=0 verify(match/bug/unavail/differ)=4/0/0/0 6s
[19] immortal__immortal ... OK gt(imp/impT/all)=6/6/7 err=0 verify(match/bug/unavail/differ)=4/0/0/0 7s
[20] derekparker__delve ... OK gt(imp/impT/all)=19/20/37 err=0 verify(match/bug/unavail/differ)=4/0/0/0 78s
[21] x-mod__routine ... OK gt(imp/impT/all)=7/7/34 err=0 verify(match/bug/unavail/differ)=4/0/0/0 12s
[22] GiGurra__boa ... OK gt(imp/impT/all)=2/2/7 err=0 verify(match/bug/unavail/differ)=4/0/0/0 8s
[23] SpectoLabs__hoverfly ... OK gt(imp/impT/all)=79/81/170 err=0 verify(match/bug/unavail/differ)=4/0/0/0 23s
[24] yazgazan__jaydiff ... OK gt(imp/impT/all)=8/8/8 err=0 verify(match/bug/unavail/differ)=4/0/0/0 7s
[25] go-gorm__gorm ... OK gt(imp/impT/all)=3/5/8 err=0 verify(match/bug/unavail/differ)=4/0/0/0 19s
[26] hashmap-kz__relimpact ... OK gt(imp/impT/all)=7/7/14 err=0 verify(match/bug/unavail/differ)=4/0/0/0 9s
[27] dtylman__gowd ... OK gt(imp/impT/all)=1/4/8 err=0 verify(match/bug/unavail/differ)=4/0/0/0 13s
[28] Dynom__TySug ... OK gt(imp/impT/all)=8/9/16 err=0 verify(match/bug/unavail/differ)=4/0/0/0 9s
[29] gagliardetto__solana-go ... [supervise2] 中断された census2/rerun2/out/buger__gor/ を掃除して再試行対象に戻す
[supervise2] 中断された census2/rerun2/out/gagliardetto__solana-go/ を掃除して再試行対象に戻す
[supervise2] 開始 2026-08-04T14:46:27Z 並列=3 対象=1528 PGID=6432
[supervise2] round 1: 済み 56 / 1528  2026-08-04T14:46:27Z
# rerun2 開始 2026-08-04T14:46:27.782Z 対象=1528 (SHA未記録=1→SKIP) 上限=Infinity
# 7月に main を除外できていなかった repo（予測集合。この集合の repo のみ july_main_bug を許す）= 7 件: Lifailon__lazyjournal antonmedv__fx box-cli-maker__box-cli-maker dghubble__sling dtgorski__typex homedepot__flop naughtygopher__errors
# 7月側の記録が使えず比較できない repo（july_unavailable。ゲートは通すが verify.csv に残す）= 9 件: codemodus__catena dimuska139__rawg-sdk-go ggicci__httpin kubernetes__kubernetes mehrdadrad__tcpdog presbrey__ollamafarm rakyll__hey tendermint__tendermint zRedShift__mimemagic
# rerun2 開始 2026-08-04T14:46:27.813Z 対象=1528 (SHA未記録=1→SKIP) 上限=Infinity
# 7月に main を除外できていなかった repo（予測集合。この集合の repo のみ july_main_bug を許す）= 7 件: Lifailon__lazyjournal antonmedv__fx box-cli-maker__box-cli-maker dghubble__sling dtgorski__typex homedepot__flop naughtygopher__errors
# 7月側の記録が使えず比較できない repo（july_unavailable。ゲートは通すが verify.csv に残す）= 9 件: codemodus__catena dimuska139__rawg-sdk-go ggicci__httpin kubernetes__kubernetes mehrdadrad__tcpdog presbrey__ollamafarm rakyll__hey tendermint__tendermint zRedShift__mimemagic
# rerun2 開始 2026-08-04T14:46:27.861Z 対象=1528 (SHA未記録=1→SKIP) 上限=Infinity
# 7月に main を除外できていなかった repo（予測集合。この集合の repo のみ july_main_bug を許す）= 7 件: Lifailon__lazyjournal antonmedv__fx box-cli-maker__box-cli-maker dghubble__sling dtgorski__typex homedepot__flop naughtygopher__errors
# 7月側の記録が使えず比較できない repo（july_unavailable。ゲートは通すが verify.csv に残す）= 9 件: codemodus__catena dimuska139__rawg-sdk-go ggicci__httpin kubernetes__kubernetes mehrdadrad__tcpdog presbrey__ollamafarm rakyll__hey tendermint__tendermint zRedShift__mimemagic
[1] buger__gor ... [1] buger__gor ... [1] buger__gor ... SKIP(retryable/sha_fetch_failed)
[2] gagliardetto__solana-go ... SKIP(retryable/sha_fetch_failed)
[2] vectaport__flowgraph ... SKIP(retryable/sha_fetch_failed)
[2] Haraj-backend__hex-monscape ... OK gt(imp/impT/all)=3/3/6 err=0 verify(match/bug/late/unavail/toolna/differ)=4/0/0/0/0/0 42s
[3] shopify__toxiproxy ... OK gt(imp/impT/all)=16/20/53 err=0 verify(match/bug/late/unavail/toolna/differ)=4/0/0/0/0/0 41s
[3] mongodb__mongo-go-driver ... OK gt(imp/impT/all)=66/77/133 err=0 verify(match/bug/late/unavail/toolna/differ)=4/0/0/0/0/0 55s
[3] asticode__go-astiav ... OK gt(imp/impT/all)=1/5/7 err=0 verify(match/bug/late/unavail/toolna/differ)=4/0/0/0/0/0 8s
[4] CalebQ42__bbConvert ... OK gt(imp/impT/all)=21/21/52 err=0 verify(match/bug/late/unavail/toolna/differ)=4/0/0/0/0/0 26s
[4] omeid__uconfig ... OK gt(imp/impT/all)=1/1/1 err=0 verify(match/bug/late/unavail/toolna/differ)=4/0/0/0/0/0 6s
[5] couchbase__moss ... OK gt(imp/impT/all)=8/9/123 err=0 verify(match/bug/late/unavail/toolna/differ)=4/0/0/0/0/0 32s
[4] seiflotfy__count-min-log ... OK gt(imp/impT/all)=2/3/6 err=0 verify(match/bug/late/unavail/toolna/differ)=4/0/0/0/0/0 7s
[5] recolude__unitpacking ... OK gt(imp/impT/all)=3/3/4 err=0 verify(match/bug/late/unavail/toolna/differ)=4/0/0/0/0/0 6s
[6] alesr__templator ... OK gt(imp/impT/all)=1/1/1 err=0 verify(match/bug/late/unavail/toolna/differ)=4/0/0/0/0/0 6s
[5] 42Atomys__webhooked ... OK gt(imp/impT/all)=2/6/9 err=0 verify(match/bug/late/unavail/toolna/differ)=4/0/0/0/0/0 7s
[6] kazhuravlev__git-tools ... OK gt(imp/impT/all)=1/5/10 err=0 verify(match/bug/late/unavail/toolna/differ)=4/0/0/0/0/0 8s
[7] richardwilkes__unison ... OK gt(imp/impT/all)=24/24/54 err=0 verify(match/bug/late/unavail/toolna/differ)=4/0/0/0/0/0 17s
[7] uptrace__bun ... OK gt(imp/impT/all)=26/29/181 err=0 verify(match/bug/late/unavail/toolna/differ)=4/0/0/0/0/0 21s
[6] presbrey__ollamafarm ... OK gt(imp/impT/all)=14/14/24 err=0 verify(match/bug/late/unavail/toolna/differ)=4/0/0/0/0/0 24s
[8] goxjs__glfw ... OK gt(imp/impT/all)=1/1/1 err=0 verify(match/bug/late/unavail/toolna/differ)=4/0/0/0/0/0 14s
[9] fern4lvarez__piladb ... OK gt(imp/impT/all)=1/2/3 err=0 verify(match/bug/late/unavail/toolna/differ)=4/0/0/0/0/0 8s
[10] esurdam__go-swagger-ui ... OK gt(imp/impT/all)=9/13/22 err=0 verify(match/bug/late/unavail/toolna/differ)=4/0/0/0/0/0 31s
[8] CloudyKit__jet ... OK gt(imp/impT/all)=1/1/1 err=0 verify(match/bug/late/unavail/toolna/differ)=4/0/0/0/0/0 6s
[11] axiomhq__hyperloglog ... OK gt(imp/impT/all)=1/1/1 err=0 verify(match/bug/late/unavail/toolna/differ)=4/0/0/0/0/0 5s
[9] Sirupsen__logrus ... OK gt(imp/impT/all)=8/8/104 err=0 verify(match/bug/late/unavail/toolna/differ)=0/0/0/4/0/0 39s
[7] antham__yogo ... OK gt(imp/impT/all)=2/6/15 err=0 verify(match/bug/late/unavail/toolna/differ)=4/0/0/0/0/0 7s
[12] peterstace__simplefeatures ... OK gt(imp/impT/all)=5/5/7 err=0 verify(match/bug/late/unavail/toolna/differ)=4/0/0/0/0/0 8s
[10] bytebase__bytebase ... OK gt(imp/impT/all)=17/22/40 err=0 verify(match/bug/late/unavail/toolna/differ)=4/0/0/0/0/0 10s
[8] xuri__xgen ... OK gt(imp/impT/all)=2/2/3 err=0 verify(match/bug/late/unavail/toolna/differ)=4/0/0/0/0/0 7s
[13] cybertec-postgresql__pg_timetable ... OK gt(imp/impT/all)=2/6/14 err=0 verify(match/bug/late/unavail/toolna/differ)=4/0/0/0/0/0 11s
[9] labstack__echo ... OK gt(imp/impT/all)=1/7/15 err=0 verify(match/bug/late/unavail/toolna/differ)=4/0/0/0/0/0 11s
[10] mmcdole__gofeed ... OK gt(imp/impT/all)=84/85/140 err=0 verify(match/bug/late/unavail/toolna/differ)=4/0/0/0/0/0 31s
[14] mattn__goveralls ... OK gt(imp/impT/all)=6/10/20 err=0 verify(match/bug/late/unavail/toolna/differ)=4/0/0/0/0/0 13s
[11] s0rg__decompose ... OK gt(imp/impT/all)=2/2/10 err=0 verify(match/bug/late/unavail/toolna/differ)=4/0/0/0/0/0 10s
[15] mdlayher__dhcp6 ... OK gt(imp/impT/all)=1/1/1 err=0 verify(match/bug/late/unavail/toolna/differ)=4/0/0/0/0/0 7s
[16] esimov__gogu ... OK gt(imp/impT/all)=26/26/69 err=0 verify(match/bug/late/unavail/toolna/differ)=4/0/0/0/0/0 22s
[12] AllenDang__cimgui-go ... OK gt(imp/impT/all)=2/6/12 err=0 verify(match/bug/late/unavail/toolna/differ)=4/0/0/0/0/0 9s
[17] codingsince1985__geo-golang ... OK gt(imp/impT/all)=1/5/7 err=0 verify(match/bug/late/unavail/toolna/differ)=4/0/0/0/0/0 8s
[18] valyala__quicktemplate ... OK gt(imp/impT/all)=4/4/9 err=0 verify(match/bug/late/unavail/toolna/differ)=4/0/0/0/0/0 10s
[19] utahta__go-cronowriter ... OK gt(imp/impT/all)=2/2/10 err=0 verify(match/bug/late/unavail/toolna/differ)=4/0/0/0/0/0 6s
[20] google__go-github ... OK gt(imp/impT/all)=8/8/30 err=0 verify(match/bug/late/unavail/toolna/differ)=4/0/0/0/0/0 25s
[13] krotik__ecal ... OK gt(imp/impT/all)=1/1/1 err=0 verify(match/bug/late/unavail/toolna/differ)=4/0/0/0/0/0 15s
[14] avito-tech__normalize ... OK gt(imp/impT/all)=1/1/3 err=0 verify(match/bug/late/unavail/toolna/differ)=4/0/0/0/0/0 5s
[15] mafulong__godal ... OK gt(imp/impT/all)=1/2/2 err=0 verify(match/bug/late/unavail/toolna/differ)=4/0/0/0/0/0 32s
[21] bradleyjkemp__cupaloy ... OK gt(imp/impT/all)=2/5/6 err=0 verify(match/bug/late/unavail/toolna/differ)=4/0/0/0/0/0 7s
[22] raszia__gotiny ... OK gt(imp/impT/all)=10/14/180 err=0 verify(match/bug/late/unavail/toolna/differ)=4/0/0/0/0/0 24s
OK gt(imp/impT/all)=1/1/1 err=0 verify(match/bug/late/unavail/toolna/differ)=4/0/0/0/0/0 5s
[23] kpfaulkner__borders ... [16] corazawaf__coraza ... OK gt(imp/impT/all)=1/1/2 err=0 verify(match/bug/late/unavail/toolna/differ)=4/0/0/0/0/0 8s
[24] antchfx__xmlquery ... OK gt(imp/impT/all)=4/4/14 err=0 verify(match/bug/late/unavail/toolna/differ)=4/0/0/0/0/0 8s
[25] mvmaasakkers__certificates ... OK gt(imp/impT/all)=17/23/125 err=0 verify(match/bug/late/unavail/toolna/differ)=4/0/0/0/0/0 19s
[17] oklog__ulid ... OK gt(imp/impT/all)=13/13/44 err=0 verify(match/bug/late/unavail/toolna/differ)=4/0/0/0/0/0 8s
[26] boxesandglue__bagme ... OK gt(imp/impT/all)=1/1/1 err=0 verify(match/bug/late/unavail/toolna/differ)=4/0/0/0/0/0 5s
[18] pancsta__asyncmachine-go ... OK gt(imp/impT/all)=17/17/22 err=0 verify(match/bug/late/unavail/toolna/differ)=4/0/0/0/0/0 11s
[27] pascaldekloe__colfer ... OK gt(imp/impT/all)=3/4/14 err=0 verify(match/bug/late/unavail/toolna/differ)=4/0/0/0/0/0 19s
[28] slipros__roamer ... OK gt(imp/impT/all)=321/324/983 err=0 verify(match/bug/late/unavail/toolna/differ)=4/0/0/0/0/0 219s
OK gt(imp/impT/all)=11/11/17 err=0 verify(match/bug/late/unavail/toolna/differ)=4/0/0/0/0/0 35s
[29] steevin__neuron-cli ... [11] galeone__tfgo ... OK gt(imp/impT/all)=2/2/5 err=0 verify(match/bug/late/unavail/toolna/differ)=4/0/0/0/0/0 7s
[12] cilium__ebpf ... OK gt(imp/impT/all)=69/69/118 err=0 verify(match/bug/late/unavail/toolna/differ)=4/0/0/0/0/0 22s
[30] antchfx__htmlquery ... OK gt(imp/impT/all)=4/4/14 err=0 verify(match/bug/late/unavail/toolna/differ)=4/0/0/0/0/0 9s
[31] ajvb__kala ... OK gt(imp/impT/all)=7/12/86 err=0 verify(match/bug/late/unavail/toolna/differ)=4/0/0/0/0/0 26s
[13] go-playground__webhooks ... OK gt(imp/impT/all)=1/5/7 err=0 verify(match/bug/late/unavail/toolna/differ)=4/0/0/0/0/0 6s
[14] MarvinJWendt__testza ... OK gt(imp/impT/all)=232/270/551 err=0 verify(match/bug/late/unavail/toolna/differ)=4/0/0/0/0/0 107s
[19] HazelnutParadise__insyra ... OK gt(imp/impT/all)=16/16/28 err=0 verify(match/bug/late/unavail/toolna/differ)=4/0/0/0/0/0 8s
[15] jexia__semaphore ... OK gt(imp/impT/all)=41/50/234 err=0 verify(match/bug/late/unavail/toolna/differ)=4/0/0/0/0/0 33s
[32] cabify__timex ... OK gt(imp/impT/all)=5/5/6 err=0 verify(match/bug/late/unavail/toolna/differ)=4/0/0/0/0/0 7s
[33] huandu__go-sqlbuilder ... OK gt(imp/impT/all)=2/4/9 err=0 verify(match/bug/late/unavail/toolna/differ)=4/0/0/0/0/0 6s
[34] ipfs__kubo ... OK gt(imp/impT/all)=47/52/230 err=0 verify(match/bug/late/unavail/toolna/differ)=4/0/0/0/0/0 41s
[16] napalu__goopt ... OK gt(imp/impT/all)=7/11/19 err=0 verify(match/bug/late/unavail/toolna/differ)=4/0/0/0/0/0 17s
[17] didip__tollbooth ... OK gt(imp/impT/all)=1/1/6 err=0 verify(match/bug/late/unavail/toolna/differ)=4/0/0/0/0/0 6s
[18] szyhf__go-excel ... OK gt(imp/impT/all)=1/1/1 err=0 verify(match/bug/late/unavail/toolna/differ)=4/0/0/0/0/0 9s
[19] pebbe__textcat ... OK gt(imp/impT/all)=1/1/1 err=0 verify(match/bug/late/unavail/toolna/differ)=4/0/0/0/0/0 6s
[20] gabrie30__ghorg ... OK gt(imp/impT/all)=53/53/94 err=0 verify(match/bug/late/unavail/toolna/differ)=4/0/0/0/0/0 16s
[21] jfcg__sorty ... OK gt(imp/impT/all)=1/2/3 err=0 verify(match/bug/late/unavail/toolna/differ)=4/0/0/0/0/0 5s
OK gt(imp/impT/all)=128/134/517 err=0 verify(match/bug/late/unavail/toolna/differ)=4/0/0/0/0/0 105s
[22] confluentinc__confluent-kafka-go ... [20] jf-tech__omniparser ... OK gt(imp/impT/all)=21/24/126 err=0 verify(match/bug/late/unavail/toolna/differ)=4/0/0/0/0/0 23s
OK gt(imp/impT/all)=255/260/585 err=0 verify(match/bug/late/unavail/toolna/differ)=4/0/0/0/0/0 96s
[21] ansd__lastpass-go ... [35] neuronlabs__errors ... OK gt(imp/impT/all)=1/4/5 err=0 verify(match/bug/late/unavail/toolna/differ)=4/0/0/0/0/0 7s
[36] julienschmidt__go-http-routing-benchmark ... OK gt(imp/impT/all)=1/10/34 err=0 verify(match/bug/late/unavail/toolna/differ)=4/0/0/0/0/0 14s
[supervise2] 中断された census2/rerun2/out/confluentinc__confluent-kafka-go/ を掃除して再試行対象に戻す
[supervise2] 中断された census2/rerun2/out/julienschmidt__go-http-routing-benchmark/ を掃除して再試行対象に戻す
[supervise2] 開始 2026-08-04T14:57:12Z 並列=3 対象=1528 PGID=28670
[supervise2] round 1: 済み 131 / 1528  2026-08-04T14:57:12Z
# rerun2 開始 2026-08-04T14:57:12.431Z 対象=1528 (SHA未記録=1→SKIP) 上限=Infinity
# 7月に main を除外できていなかった repo（予測集合。この集合の repo のみ july_main_bug を許す）= 7 件: Lifailon__lazyjournal antonmedv__fx box-cli-maker__box-cli-maker dghubble__sling dtgorski__typex homedepot__flop naughtygopher__errors
# 7月側の記録が使えず比較できない repo（july_unavailable。ゲートは通すが verify.csv に残す）= 9 件: codemodus__catena dimuska139__rawg-sdk-go ggicci__httpin kubernetes__kubernetes mehrdadrad__tcpdog presbrey__ollamafarm rakyll__hey tendermint__tendermint zRedShift__mimemagic
# rerun2 開始 2026-08-04T14:57:12.436Z 対象=1528 (SHA未記録=1→SKIP) 上限=Infinity
# 7月に main を除外できていなかった repo（予測集合。この集合の repo のみ july_main_bug を許す）= 7 件: Lifailon__lazyjournal antonmedv__fx box-cli-maker__box-cli-maker dghubble__sling dtgorski__typex homedepot__flop naughtygopher__errors
# 7月側の記録が使えず比較できない repo（july_unavailable。ゲートは通すが verify.csv に残す）= 9 件: codemodus__catena dimuska139__rawg-sdk-go ggicci__httpin kubernetes__kubernetes mehrdadrad__tcpdog presbrey__ollamafarm rakyll__hey tendermint__tendermint zRedShift__mimemagic
# rerun2 開始 2026-08-04T14:57:12.445Z 対象=1528 (SHA未記録=1→SKIP) 上限=Infinity
# 7月に main を除外できていなかった repo（予測集合。この集合の repo のみ july_main_bug を許す）= 7 件: Lifailon__lazyjournal antonmedv__fx box-cli-maker__box-cli-maker dghubble__sling dtgorski__typex homedepot__flop naughtygopher__errors
# 7月側の記録が使えず比較できない repo（july_unavailable。ゲートは通すが verify.csv に残す）= 9 件: codemodus__catena dimuska139__rawg-sdk-go ggicci__httpin kubernetes__kubernetes mehrdadrad__tcpdog presbrey__ollamafarm rakyll__hey tendermint__tendermint zRedShift__mimemagic
[1] confluentinc__confluent-kafka-go ... [1] confluentinc__confluent-kafka-go ... [1] julienschmidt__go-http-routing-benchmark ... node:internal/fs/rimraf:203
      throw err;
      ^

Error: ENOTEMPTY: directory not empty, rmdir '/tmp/rr2_confluentinc__confluent-kafka-go/src/.git'
    at Object.rmdirSync (node:fs:1193:11)
    at _rmdirSync (node:internal/fs/rimraf:261:21)
    at rimrafSync (node:internal/fs/rimraf:194:7)
    at node:internal/fs/rimraf:254:9
    at Array.forEach (<anonymous>)
    at _rmdirSync (node:internal/fs/rimraf:251:7)
    at rimrafSync (node:internal/fs/rimraf:194:7)
    at Object.rmSync (node:fs:1239:10)
    at Object.<anonymous> (/workspace/sbom/census2/rerun2/rerun2.js:226:8)
    at Module._compile (node:internal/modules/cjs/loader:1705:14) {
  errno: -39,
  code: 'ENOTEMPTY',
  syscall: 'rmdir',
  path: '/tmp/rr2_confluentinc__confluent-kafka-go/src/.git'
}

Node.js v22.22.2
OK gt(imp/impT/all)=82/82/134 err=0 verify(match/bug/late/unavail/toolna/differ)=4/0/0/0/0/0 14s
[2] cabify__gotoprom ... OK gt(imp/impT/all)=10/15/48 err=0 verify(match/bug/late/unavail/toolna/differ)=4/0/0/0/0/0 12s
[3] xwjdsh__awesome-go-extra ... OK gt(imp/impT/all)=9/9/94 err=0 verify(match/bug/late/unavail/toolna/differ)=4/0/0/0/0/0 27s
[4] kelindar__tile ... OK gt(imp/impT/all)=2/6/8 err=0 verify(match/bug/late/unavail/toolna/differ)=4/0/0/0/0/0 9s
[5] krotik__dudeldu ... OK gt(imp/impT/all)=1/1/1 err=0 verify(match/bug/late/unavail/toolna/differ)=4/0/0/0/0/0 12s
[6] ip2location__ip2location-io-go ... OK gt(imp/impT/all)=2/2/6 err=0 verify(match/bug/late/unavail/toolna/differ)=4/0/0/0/0/0 11s
[7] taskctl__taskctl ... OK gt(imp/impT/all)=40/40/63 err=0 verify(match/bug/late/unavail/toolna/differ)=4/0/0/0/0/0 13s
[8] go-critic__go-critic ... OK gt(imp/impT/all)=19/19/24 err=0 verify(match/bug/late/unavail/toolna/differ)=4/0/0/0/0/0 9s
[9] clevabit__libgoffi ... OK gt(imp/impT/all)=1/1/1 err=0 verify(match/bug/late/unavail/toolna/differ)=4/0/0/0/0/0 5s
[10] vadiminshakov__committer ... OK gt(imp/impT/all)=93/93/283 err=0 verify(match/bug/late/unavail/toolna/differ)=4/0/0/0/0/0 122s
[2] robinjoseph08__go-pg-migrations ... OK gt(imp/impT/all)=11/15/74 err=0 verify(match/bug/late/unavail/toolna/differ)=4/0/0/0/0/0 11s
[3] rulego__rulego ... OK gt(imp/impT/all)=24/28/111 err=0 verify(match/bug/late/unavail/toolna/differ)=4/0/0/0/0/0 30s
[11] lynxbase__lynxdb ... OK gt(imp/impT/all)=18/18/37 err=0 verify(match/bug/late/unavail/toolna/differ)=4/0/0/0/0/0 16s
[4] thomaspoignant__go-feature-flag ... OK gt(imp/impT/all)=90/91/232 err=0 verify(match/bug/late/unavail/toolna/differ)=4/0/0/0/0/0 43s
[12] Zaba505__gws ... OK gt(imp/impT/all)=2/2/33 err=0 verify(match/bug/late/unavail/toolna/differ)=4/0/0/0/0/0 9s
[13] osteele__liquid ... OK gt(imp/impT/all)=2/6/373 err=0 verify(match/bug/late/unavail/toolna/differ)=4/0/0/0/0/0 53s
[14] nikolaydubina__fpmoney ... OK gt(imp/impT/all)=1/1/1 err=0 verify(match/bug/late/unavail/toolna/differ)=4/0/0/0/0/0 4s
[15] JohannesKaufmann__html-to-markdown ... OK gt(imp/impT/all)=15/15/29 err=0 verify(match/bug/late/unavail/toolna/differ)=4/0/0/0/0/0 9s
[16] aliexpressru__gomemcached ... OK gt(imp/impT/all)=18/23/56 err=0 verify(match/bug/late/unavail/toolna/differ)=4/0/0/0/0/0 15s
[17] zc2638__swag ... OK gt(imp/impT/all)=256/284/726 err=0 verify(match/bug/late/unavail/toolna/differ)=4/0/0/0/0/0 134s
[5] caddyserver__caddy ... OK gt(imp/impT/all)=1/5/13 err=0 verify(match/bug/late/unavail/toolna/differ)=4/0/0/0/0/0 8s
[18] hashicorp__go-retryablehttp ... OK gt(imp/impT/all)=1/6/12 err=0 verify(match/bug/late/unavail/toolna/differ)=4/0/0/0/0/0 7s
[19] kazhuravlev__options-gen ... OK gt(imp/impT/all)=11/15/23 err=0 verify(match/bug/late/unavail/toolna/differ)=4/0/0/0/0/0 11s
[20] openrundev__openrun ... OK gt(imp/impT/all)=213/213/479 err=0 verify(match/bug/late/unavail/toolna/differ)=4/0/0/0/0/0 93s
OK gt(imp/impT/all)=159/163/549 err=0 verify(match/bug/late/unavail/toolna/differ)=4/0/0/0/0/0 112s
[21] gobuffalo__pop ... [6] gogpu__systray ... OK gt(imp/impT/all)=1/1/3 err=0 verify(match/bug/late/unavail/toolna/differ)=4/0/0/0/0/0 7s
[7] fabiocicerchia__go-proxy-cache ... OK gt(imp/impT/all)=50/54/71 err=0 verify(match/bug/late/unavail/toolna/differ)=4/0/0/0/0/0 14s
[22] Edgenesis__shifu ... OK gt(imp/impT/all)=48/52/98 err=0 verify(match/bug/late/unavail/toolna/differ)=4/0/0/0/0/0 18s
[8] iyashjayesh__monigo ... OK gt(imp/impT/all)=42/42/93 err=0 verify(match/bug/late/unavail/toolna/differ)=4/0/0/0/0/0 54s
[9] mattn__go-colorable ... OK gt(imp/impT/all)=2/2/2 err=0 verify(match/bug/late/unavail/toolna/differ)=4/0/0/0/0/0 6s
[10] agilira__orpheus ... OK gt(imp/impT/all)=5/5/5 err=0 verify(match/bug/late/unavail/toolna/differ)=4/0/0/0/0/0 9s
[11] chrislusf__gleam ... OK gt(imp/impT/all)=126/134/435 err=0 verify(match/bug/late/unavail/toolna/differ)=4/0/0/0/0/0 97s
[23] goccmack__gocc ... OK gt(imp/impT/all)=1/1/2 err=0 verify(match/bug/late/unavail/toolna/differ)=4/0/0/0/0/0 8s
[24] assafmo__joincap ... OK gt(imp/impT/all)=5/5/12 err=0 verify(match/bug/late/unavail/toolna/differ)=4/0/0/0/0/0 8s
[25] gmsec__micro ... OK gt(imp/impT/all)=68/68/278 err=0 verify(match/bug/late/unavail/toolna/differ)=4/0/0/0/0/0 53s
[12] milosgajdos__go-estimate ... [supervise2] 中断された census2/rerun2/out/gmsec__micro/ を掃除して再試行対象に戻す
[supervise2] 中断された census2/rerun2/out/milosgajdos__go-estimate/ を掃除して再試行対象に戻す
[supervise2] 開始 2026-08-04T16:17:03Z 並列=3 対象=1528 PGID=2564
[supervise2] round 1: 済み 166 / 1528  2026-08-04T16:17:03Z
# rerun2 開始 2026-08-04T16:17:03.790Z 対象=1528 (SHA未記録=1→SKIP) 上限=Infinity
# 7月に main を除外できていなかった repo（予測集合。この集合の repo のみ july_main_bug を許す）= 7 件: Lifailon__lazyjournal antonmedv__fx box-cli-maker__box-cli-maker dghubble__sling dtgorski__typex homedepot__flop naughtygopher__errors
# 7月側の記録が使えず比較できない repo（july_unavailable。ゲートは通すが verify.csv に残す）= 9 件: codemodus__catena dimuska139__rawg-sdk-go ggicci__httpin kubernetes__kubernetes mehrdadrad__tcpdog presbrey__ollamafarm rakyll__hey tendermint__tendermint zRedShift__mimemagic
# rerun2 開始 2026-08-04T16:17:03.806Z 対象=1528 (SHA未記録=1→SKIP) 上限=Infinity
# 7月に main を除外できていなかった repo（予測集合。この集合の repo のみ july_main_bug を許す）= 7 件: Lifailon__lazyjournal antonmedv__fx box-cli-maker__box-cli-maker dghubble__sling dtgorski__typex homedepot__flop naughtygopher__errors
# 7月側の記録が使えず比較できない repo（july_unavailable。ゲートは通すが verify.csv に残す）= 9 件: codemodus__catena dimuska139__rawg-sdk-go ggicci__httpin kubernetes__kubernetes mehrdadrad__tcpdog presbrey__ollamafarm rakyll__hey tendermint__tendermint zRedShift__mimemagic
# rerun2 開始 2026-08-04T16:17:03.798Z 対象=1528 (SHA未記録=1→SKIP) 上限=Infinity
# 7月に main を除外できていなかった repo（予測集合。この集合の repo のみ july_main_bug を許す）= 7 件: Lifailon__lazyjournal antonmedv__fx box-cli-maker__box-cli-maker dghubble__sling dtgorski__typex homedepot__flop naughtygopher__errors
# 7月側の記録が使えず比較できない repo（july_unavailable。ゲートは通すが verify.csv に残す）= 9 件: codemodus__catena dimuska139__rawg-sdk-go ggicci__httpin kubernetes__kubernetes mehrdadrad__tcpdog presbrey__ollamafarm rakyll__hey tendermint__tendermint zRedShift__mimemagic
[1] gmsec__micro ... [1] gmsec__micro ... [1] gmsec__micro ... SKIP(retryable/sha_fetch_failed)
SKIP(retryable/sha_fetch_failed)
[2] milosgajdos__go-estimate ... [2] lazynop__lazyenv ... SKIP(retryable/sha_fetch_failed)
[2] Unrud__remote-touchpad ... OK gt(imp/impT/all)=2/2/8 err=0 verify(match/bug/late/unavail/toolna/differ)=4/0/0/0/0/0 45s
[3] codingsince1985__couchcache ... OK gt(imp/impT/all)=21/25/40 err=0 verify(match/bug/late/unavail/toolna/differ)=4/0/0/0/0/0 48s
[3] francesconi__go-rampart ... OK gt(imp/impT/all)=13/17/52 err=0 verify(match/bug/late/unavail/toolna/differ)=4/0/0/0/0/0 52s
[3] xitonix__trubka ... OK gt(imp/impT/all)=10/10/21 err=0 verify(match/bug/late/unavail/toolna/differ)=4/0/0/0/0/0 10s
[4] philips-labs__spiffe-vault ... OK gt(imp/impT/all)=1/1/6 err=0 verify(match/bug/late/unavail/toolna/differ)=4/0/0/0/0/0 8s
[4] samber__oops ... OK gt(imp/impT/all)=5/10/76 err=0 verify(match/bug/late/unavail/toolna/differ)=4/0/0/0/0/0 24s
[5] golobby__config ... OK gt(imp/impT/all)=45/45/124 err=0 verify(match/bug/late/unavail/toolna/differ)=4/0/0/0/0/0 29s
[4] icza__minquery ... OK gt(imp/impT/all)=24/28/91 err=0 verify(match/bug/late/unavail/toolna/differ)=4/0/0/0/0/0 30s
[5] go-kata__kinit ... OK gt(imp/impT/all)=5/8/16 err=0 verify(match/bug/late/unavail/toolna/differ)=4/0/0/0/0/0 6s
[6] rafaelespinoza__godfish ... OK gt(imp/impT/all)=1/2/6 err=0 verify(match/bug/late/unavail/toolna/differ)=4/0/0/0/0/0 7s
[5] tiendc__go-csvlib ... OK gt(imp/impT/all)=2/2/2 err=0 verify(match/bug/late/unavail/toolna/differ)=4/0/0/0/0/0 6s
[6] opnlabs__dot ... OK gt(imp/impT/all)=4/8/10 err=0 verify(match/bug/late/unavail/toolna/differ)=4/0/0/0/0/0 8s
[6] blinklabs-io__nview ... OK gt(imp/impT/all)=23/23/68 err=0 verify(match/bug/late/unavail/toolna/differ)=4/0/0/0/0/0 20s
[7] gosuri__uiprogress ... OK gt(imp/impT/all)=29/32/54 err=0 verify(match/bug/late/unavail/toolna/differ)=4/0/0/0/0/0 16s
[7] mum4k__termdash ... OK gt(imp/impT/all)=1/1/3 err=0 verify(match/bug/late/unavail/toolna/differ)=4/0/0/0/0/0 6s
[8] Humpheh__goboy ... OK gt(imp/impT/all)=22/22/59 err=0 verify(match/bug/late/unavail/toolna/differ)=4/0/0/0/0/0 19s
[7] uber-go__dig ... OK gt(imp/impT/all)=4/4/6 err=0 verify(match/bug/late/unavail/toolna/differ)=4/0/0/0/0/0 7s
[8] krotik__eliasdb ... OK gt(imp/impT/all)=11/11/20 err=0 verify(match/bug/late/unavail/toolna/differ)=4/0/0/0/0/0 14s
[8] pterm__pterm ... OK gt(imp/impT/all)=8/12/28 err=0 verify(match/bug/late/unavail/toolna/differ)=4/0/0/0/0/0 13s
[9] FiloSottile__age ... OK gt(imp/impT/all)=3/3/3 err=0 verify(match/bug/late/unavail/toolna/differ)=4/0/0/0/0/0 9s
[9] pardnchiu__go-jwt ... OK gt(imp/impT/all)=10/14/29 err=0 verify(match/bug/late/unavail/toolna/differ)=4/0/0/0/0/0 12s
[9] nikogura__gomason ... OK gt(imp/impT/all)=6/9/17 err=0 verify(match/bug/late/unavail/toolna/differ)=4/0/0/0/0/0 11s
[10] becheran__roumon ... OK gt(imp/impT/all)=5/9/12 err=0 verify(match/bug/late/unavail/toolna/differ)=4/0/0/0/0/0 8s
[11] 0xERR0R__blocky ... OK gt(imp/impT/all)=20/20/52 err=0 verify(match/bug/late/unavail/toolna/differ)=4/0/0/0/0/0 15s
[10] Jagerente__gocfg ... OK gt(imp/impT/all)=13/14/30 err=0 verify(match/bug/late/unavail/toolna/differ)=4/0/0/0/0/0 16s
[10] posener__cmd ... OK gt(imp/impT/all)=1/5/7 err=0 verify(match/bug/late/unavail/toolna/differ)=4/0/0/0/0/0 8s
[11] sourcegraph__zoekt ... OK gt(imp/impT/all)=5/9/12 err=0 verify(match/bug/late/unavail/toolna/differ)=4/0/0/0/0/0 8s
[11] libgit2__git2go ... OK gt(imp/impT/all)=1/2/6 err=0 verify(match/bug/late/unavail/toolna/differ)=4/0/0/0/0/0 12s
[12] wangyoucao577__go-project-layout ... OK gt(imp/impT/all)=2/2/2 err=0 verify(match/bug/late/unavail/toolna/differ)=4/0/0/0/0/0 7s
[13] pdupub__go-pdu ... OK gt(imp/impT/all)=128/132/334 err=0 verify(match/bug/late/unavail/toolna/differ)=4/0/0/0/0/0 63s
[12] psampaz__gothanks ... OK gt(imp/impT/all)=5/5/32 err=0 verify(match/bug/late/unavail/toolna/differ)=4/0/0/0/0/0 12s
[13] spiffe__spire ... OK gt(imp/impT/all)=121/131/387 err=0 verify(match/bug/late/unavail/toolna/differ)=4/0/0/0/0/0 93s
[12] msoap__go-carpet ... OK gt(imp/impT/all)=138/138/442 err=0 verify(match/bug/late/unavail/toolna/differ)=4/0/0/0/0/0 79s
[14] gilbertchen__duplicacy ... OK gt(imp/impT/all)=7/7/16 err=0 verify(match/bug/late/unavail/toolna/differ)=4/0/0/0/0/0 10s
[13] VividCortex__robustly ... OK gt(imp/impT/all)=1/1/1 err=0 verify(match/bug/late/unavail/toolna/differ)=4/0/0/0/0/0 8s
[14] rubyist__circuitbreaker ... OK gt(imp/impT/all)=2/3/3 err=0 verify(match/bug/late/unavail/toolna/differ)=4/0/0/0/0/0 6s
[15] vinod-morya__fibersse ... OK gt(imp/impT/all)=16/16/28 err=0 verify(match/bug/late/unavail/toolna/differ)=4/0/0/0/0/0 12s
[16] nicksnyder__go-i18n ... OK gt(imp/impT/all)=60/61/119 err=0 verify(match/bug/late/unavail/toolna/differ)=4/0/0/0/0/0 31s
[15] zoomio__tagify ... OK gt(imp/impT/all)=3/3/7 err=0 verify(match/bug/late/unavail/toolna/differ)=4/0/0/0/0/0 9s
[17] dikhan__terraform-provider-openapi ... OK gt(imp/impT/all)=15/19/33 err=0 verify(match/bug/late/unavail/toolna/differ)=4/0/0/0/0/0 12s
[16] janiltonmaciel__statiks ... OK gt(imp/impT/all)=65/74/221 err=0 verify(match/bug/late/unavail/toolna/differ)=4/0/0/0/0/0 19s
[18] markfarnan__go-canvas ... OK gt(imp/impT/all)=3/3/7 err=0 verify(match/bug/late/unavail/toolna/differ)=4/0/0/0/0/0 8s
[19] catchplay__scaffold ... OK gt(imp/impT/all)=7/41/66 err=0 verify(match/bug/late/unavail/toolna/differ)=4/0/0/0/0/0 23s
[17] lf-edge__ekuiper ... OK gt(imp/impT/all)=2/6/8 err=0 verify(match/bug/late/unavail/toolna/differ)=4/0/0/0/0/0 8s
[20] chaindead__modup ... OK gt(imp/impT/all)=27/27/44 err=0 verify(match/bug/late/unavail/toolna/differ)=4/0/0/0/0/0 16s
[21] jfeliu007__goplantuml ... OK gt(imp/impT/all)=2/2/78 err=0 verify(match/bug/late/unavail/toolna/differ)=4/0/0/0/0/0 10s
[22] google__ko ... OK gt(imp/impT/all)=307/308/800 err=0 verify(match/bug/late/unavail/toolna/differ)=4/0/0/0/0/0 164s
[14] kjkrol__goke ... OK gt(imp/impT/all)=1/5/7 err=0 verify(match/bug/late/unavail/toolna/differ)=4/0/0/0/0/0 11s
[15] garethgeorge__backrest ... OK gt(imp/impT/all)=44/50/130 err=0 verify(match/bug/late/unavail/toolna/differ)=4/0/0/0/0/0 31s
[16] arikama__go-mysql-test-container ... OK gt(imp/impT/all)=151/155/923 err=0 verify(match/bug/late/unavail/toolna/differ)=4/0/0/0/0/0 126s
OK gt(imp/impT/all)=27/31/302 err=0 verify(match/bug/late/unavail/toolna/differ)=4/0/0/0/0/0 23s
[17] duke-git__lancet ... [18] miniscruff__changie ... OK gt(imp/impT/all)=2/2/6 err=0 verify(match/bug/late/unavail/toolna/differ)=4/0/0/0/0/0 9s
[18] go-acme__lego ... OK gt(imp/impT/all)=43/43/62 err=0 verify(match/bug/late/unavail/toolna/differ)=4/0/0/0/0/0 12s
[19] go-sonic__sonic ... OK gt(imp/impT/all)=158/158/511 err=0 verify(match/bug/late/unavail/toolna/differ)=4/0/0/0/0/0 118s
[23] moov-io__ach ... OK gt(imp/impT/all)=97/97/211 err=0 verify(match/bug/late/unavail/toolna/differ)=4/0/0/0/0/0 45s
[20] knq__xo ... [supervise2] 中断された census2/rerun2/out/go-acme__lego/ を掃除して再試行対象に戻す
[supervise2] 中断された census2/rerun2/out/knq__xo/ を掃除して再試行対象に戻す
[supervise2] 中断された census2/rerun2/out/moov-io__ach/ を掃除して再試行対象に戻す
[supervise2] 開始 2026-08-05T05:16:23Z 並列=3 対象=1528 PGID=5625
[supervise2] round 1: 済み 222 / 1528  2026-08-05T05:16:23Z
# rerun2 開始 2026-08-05T05:16:23.590Z 対象=1528 (SHA未記録=1→SKIP) 上限=Infinity
# rerun2 開始 2026-08-05T05:16:23.602Z 対象=1528 (SHA未記録=1→SKIP) 上限=Infinity
# 7月に main を除外できていなかった repo（予測集合。この集合の repo のみ july_main_bug を許す）= 7 件: Lifailon__lazyjournal antonmedv__fx box-cli-maker__box-cli-maker dghubble__sling dtgorski__typex homedepot__flop naughtygopher__errors
# 7月側の記録が使えず比較できない repo（july_unavailable。ゲートは通すが verify.csv に残す）= 9 件: codemodus__catena dimuska139__rawg-sdk-go ggicci__httpin kubernetes__kubernetes mehrdadrad__tcpdog presbrey__ollamafarm rakyll__hey tendermint__tendermint zRedShift__mimemagic
# 7月に main を除外できていなかった repo（予測集合。この集合の repo のみ july_main_bug を許す）= 7 件: Lifailon__lazyjournal antonmedv__fx box-cli-maker__box-cli-maker dghubble__sling dtgorski__typex homedepot__flop naughtygopher__errors
# 7月側の記録が使えず比較できない repo（july_unavailable。ゲートは通すが verify.csv に残す）= 9 件: codemodus__catena dimuska139__rawg-sdk-go ggicci__httpin kubernetes__kubernetes mehrdadrad__tcpdog presbrey__ollamafarm rakyll__hey tendermint__tendermint zRedShift__mimemagic
# rerun2 開始 2026-08-05T05:16:23.610Z 対象=1528 (SHA未記録=1→SKIP) 上限=Infinity
# 7月に main を除外できていなかった repo（予測集合。この集合の repo のみ july_main_bug を許す）= 7 件: Lifailon__lazyjournal antonmedv__fx box-cli-maker__box-cli-maker dghubble__sling dtgorski__typex homedepot__flop naughtygopher__errors
# 7月側の記録が使えず比較できない repo（july_unavailable。ゲートは通すが verify.csv に残す）= 9 件: codemodus__catena dimuska139__rawg-sdk-go ggicci__httpin kubernetes__kubernetes mehrdadrad__tcpdog presbrey__ollamafarm rakyll__hey tendermint__tendermint zRedShift__mimemagic
[1] go-acme__lego ... [1] go-acme__lego ... [1] go-acme__lego ... SKIP(retryable/sha_fetch_failed)
[2] moov-io__ach ... SKIP(retryable/sha_fetch_failed)
[2] knq__xo ... SKIP(retryable/sha_fetch_failed)
[2] loov__lensm ... OK gt(imp/impT/all)=13/13/39 err=0 verify(match/bug/late/unavail/toolna/differ)=4/0/0/0/0/0 45s
[3] shomali11__gridder ... OK gt(imp/impT/all)=33/33/79 err=0 verify(match/bug/late/unavail/toolna/differ)=4/0/0/0/0/0 47s
[3] smartystreets__goconvey ... OK gt(imp/impT/all)=3/7/10 err=0 verify(match/bug/late/unavail/toolna/differ)=4/0/0/0/0/0 7s
[4] neilotoole__sq ... OK gt(imp/impT/all)=4/4/24 err=0 verify(match/bug/late/unavail/toolna/differ)=4/0/0/0/0/0 12s
[4] miladibra10__vjson ... OK gt(imp/impT/all)=7/11/13 err=0 verify(match/bug/late/unavail/toolna/differ)=4/0/0/0/0/0 12s
[5] k-capehart__go-salesforce ... OK gt(imp/impT/all)=31/31/194 err=0 verify(match/bug/late/unavail/toolna/differ)=4/0/0/0/0/0 81s
[3] cockroachdb__errors ... OK gt(imp/impT/all)=6/6/33 err=0 verify(match/bug/late/unavail/toolna/differ)=4/0/0/0/0/0 19s
[6] orlangure__gnomock ... OK gt(imp/impT/all)=17/23/188 err=0 verify(match/bug/late/unavail/toolna/differ)=4/0/0/0/0/0 42s
[4] james-bowman__sparse ... OK gt(imp/impT/all)=1/2/22 err=0 verify(match/bug/late/unavail/toolna/differ)=4/0/0/0/0/0 9s
[5] malaschitz__randomForest ... OK gt(imp/impT/all)=124/130/504 err=0 verify(match/bug/late/unavail/toolna/differ)=4/0/0/0/0/0 82s
[5] kubernetes-sigs__kind ... OK gt(imp/impT/all)=127/134/274 err=0 verify(match/bug/late/unavail/toolna/differ)=4/0/0/0/0/0 57s
[7] gkampitakis__go-snaps ... OK gt(imp/impT/all)=2/2/244 err=0 verify(match/bug/late/unavail/toolna/differ)=4/0/0/0/0/0 31s
OK gt(imp/impT/all)=11/11/23 err=0 verify(match/bug/late/unavail/toolna/differ)=4/0/0/0/0/0 11s
[8] MordaTeam__go-config ... [6] RoaringBitmap__roaring ... OK gt(imp/impT/all)=11/11/23 err=0 verify(match/bug/late/unavail/toolna/differ)=4/0/0/0/0/0 30s
[6] appleboy__gorush ... OK gt(imp/impT/all)=2/7/19 err=0 verify(match/bug/late/unavail/toolna/differ)=4/0/0/0/0/0 15s
[7] bamzi__jobrunner ... OK gt(imp/impT/all)=1/1/1 err=0 verify(match/bug/late/unavail/toolna/differ)=4/0/0/0/0/0 6s
[8] zendev-sh__zenflow ... OK gt(imp/impT/all)=12/13/63 err=0 verify(match/bug/late/unavail/toolna/differ)=4/0/0/0/0/0 23s
[9] getlantern__systray ... OK gt(imp/impT/all)=20/61/231 err=0 verify(match/bug/late/unavail/toolna/differ)=4/0/0/0/0/0 46s
[9] gookit__config ... OK gt(imp/impT/all)=9/9/17 err=0 verify(match/bug/late/unavail/toolna/differ)=4/0/0/0/0/0 8s
[10] nalgeon__redka ... OK gt(imp/impT/all)=13/13/18 err=0 verify(match/bug/late/unavail/toolna/differ)=4/0/0/0/0/0 10s
[10] pesos__grofer ... OK gt(imp/impT/all)=5/6/6 err=0 verify(match/bug/late/unavail/toolna/differ)=4/0/0/0/0/0 15s
[11] seiflotfy__cuckoofilter ... OK gt(imp/impT/all)=130/136/391 err=0 verify(match/bug/late/unavail/toolna/differ)=4/0/0/0/0/0 64s
[7] kpango__glg ... OK gt(imp/impT/all)=1/5/7 err=0 verify(match/bug/late/unavail/toolna/differ)=4/0/0/0/0/0 7s
[12] g4s8__envdoc ... OK gt(imp/impT/all)=2/6/14 err=0 verify(match/bug/late/unavail/toolna/differ)=4/0/0/0/0/0 8s
[8] bobg__combo ... OK gt(imp/impT/all)=2/4/19 err=0 verify(match/bug/late/unavail/toolna/differ)=4/0/0/0/0/0 10s
[13] maxbrunsfeld__counterfeiter ... OK gt(imp/impT/all)=5/5/9 err=0 verify(match/bug/late/unavail/toolna/differ)=4/0/0/0/0/0 8s
[9] cogentcore__core ... OK gt(imp/impT/all)=4/9/19 err=0 verify(match/bug/late/unavail/toolna/differ)=4/0/0/0/0/0 12s
[14] harshaneel__localaik ... OK gt(imp/impT/all)=42/42/380 err=0 verify(match/bug/late/unavail/toolna/differ)=4/0/0/0/0/0 56s
[11] ikawaha__kagome ... OK gt(imp/impT/all)=22/22/83 err=0 verify(match/bug/late/unavail/toolna/differ)=4/0/0/0/0/0 25s
[15] grafana__k6 ... OK gt(imp/impT/all)=3/3/4 err=0 verify(match/bug/late/unavail/toolna/differ)=4/0/0/0/0/0 12s
[12] posener__wstest ... OK gt(imp/impT/all)=66/66/123 err=0 verify(match/bug/late/unavail/toolna/differ)=4/0/0/0/0/0 45s
[10] uber-go__fx ... OK gt(imp/impT/all)=1/5/7 err=0 verify(match/bug/late/unavail/toolna/differ)=4/0/0/0/0/0 13s
[13] hyperboloide__lk ... OK gt(imp/impT/all)=4/9/15 err=0 verify(match/bug/late/unavail/toolna/differ)=4/0/0/0/0/0 11s
[11] authzed__spicedb ... OK gt(imp/impT/all)=3/7/10 err=0 verify(match/bug/late/unavail/toolna/differ)=4/0/0/0/0/0 9s
[14] circa10a__go-aws-news ... OK gt(imp/impT/all)=89/89/174 err=0 verify(match/bug/late/unavail/toolna/differ)=4/0/0/0/0/0 38s
[16] containers__podman-tui ... OK gt(imp/impT/all)=32/36/48 err=0 verify(match/bug/late/unavail/toolna/differ)=4/0/0/0/0/0 16s
[15] dgraph-io__ristretto ... OK gt(imp/impT/all)=3/8/10 err=0 verify(match/bug/late/unavail/toolna/differ)=4/0/0/0/0/0 14s
[16] mewkiz__flac ... OK gt(imp/impT/all)=3/3/9 err=0 verify(match/bug/late/unavail/toolna/differ)=4/0/0/0/0/0 9s
[17] swithek__sessionup ... OK gt(imp/impT/all)=3/3/3 err=0 verify(match/bug/late/unavail/toolna/differ)=4/0/0/0/0/0 7s
[18] structy__log ... OK gt(imp/impT/all)=3/3/3 err=0 verify(match/bug/late/unavail/toolna/differ)=4/0/0/0/0/0 6s
[19] unionj-cloud__go-doudou ... OK gt(imp/impT/all)=128/135/484 err=0 verify(match/bug/late/unavail/toolna/differ)=4/0/0/0/0/0 58s
[17] containous__traefik ... OK gt(imp/impT/all)=228/230/469 err=0 verify(match/bug/late/unavail/toolna/differ)=4/0/0/0/0/0 95s
[12] kitabisa__teler-waf ... OK gt(imp/impT/all)=254/260/756 err=0 verify(match/bug/late/unavail/toolna/differ)=4/0/0/0/0/0 131s
[20] MatProGo-dev__MatProInterface.go ... OK gt(imp/impT/all)=2/2/18 err=0 verify(match/bug/late/unavail/toolna/differ)=4/0/0/0/0/0 10s
[21] jxskiss__mcli ... OK gt(imp/impT/all)=1/5/7 err=0 verify(match/bug/late/unavail/toolna/differ)=4/0/0/0/0/0 7s
[22] jcuga__golongpoll ... OK gt(imp/impT/all)=1/1/1 err=0 verify(match/bug/late/unavail/toolna/differ)=4/0/0/0/0/0 5s
[23] greencoda__confiq ... OK gt(imp/impT/all)=8/8/9 err=0 verify(match/bug/late/unavail/toolna/differ)=4/0/0/0/0/0 7s
[24] emperror__emperror ... OK gt(imp/impT/all)=4/4/8 err=0 verify(match/bug/late/unavail/toolna/differ)=4/0/0/0/0/0 7s
[25] gavv__httpexpect ... [supervise2] 中断された census2/rerun2/out/containous__traefik/ を掃除して再試行対象に戻す
[supervise2] 中断された census2/rerun2/out/gavv__httpexpect/ を掃除して再試行対象に戻す
[supervise2] 中断された census2/rerun2/out/kitabisa__teler-waf/ を掃除して再試行対象に戻す
[supervise2] 開始 2026-08-05T05:25:59Z 並列=3 対象=1528 PGID=19310
[supervise2] round 1: 済み 271 / 1528  2026-08-05T05:25:59Z
# rerun2 開始 2026-08-05T05:26:00.062Z 対象=1528 (SHA未記録=1→SKIP) 上限=Infinity
# 7月に main を除外できていなかった repo（予測集合。この集合の repo のみ july_main_bug を許す）= 7 件: Lifailon__lazyjournal antonmedv__fx box-cli-maker__box-cli-maker dghubble__sling dtgorski__typex homedepot__flop naughtygopher__errors
# 7月側の記録が使えず比較できない repo（july_unavailable。ゲートは通すが verify.csv に残す）= 9 件: codemodus__catena dimuska139__rawg-sdk-go ggicci__httpin kubernetes__kubernetes mehrdadrad__tcpdog presbrey__ollamafarm rakyll__hey tendermint__tendermint zRedShift__mimemagic
# rerun2 開始 2026-08-05T05:26:00.065Z 対象=1528 (SHA未記録=1→SKIP) 上限=Infinity
# 7月に main を除外できていなかった repo（予測集合。この集合の repo のみ july_main_bug を許す）= 7 件: Lifailon__lazyjournal antonmedv__fx box-cli-maker__box-cli-maker dghubble__sling dtgorski__typex homedepot__flop naughtygopher__errors
# 7月側の記録が使えず比較できない repo（july_unavailable。ゲートは通すが verify.csv に残す）= 9 件: codemodus__catena dimuska139__rawg-sdk-go ggicci__httpin kubernetes__kubernetes mehrdadrad__tcpdog presbrey__ollamafarm rakyll__hey tendermint__tendermint zRedShift__mimemagic
# rerun2 開始 2026-08-05T05:26:00.061Z 対象=1528 (SHA未記録=1→SKIP) 上限=Infinity
# 7月に main を除外できていなかった repo（予測集合。この集合の repo のみ july_main_bug を許す）= 7 件: Lifailon__lazyjournal antonmedv__fx box-cli-maker__box-cli-maker dghubble__sling dtgorski__typex homedepot__flop naughtygopher__errors
# 7月側の記録が使えず比較できない repo（july_unavailable。ゲートは通すが verify.csv に残す）= 9 件: codemodus__catena dimuska139__rawg-sdk-go ggicci__httpin kubernetes__kubernetes mehrdadrad__tcpdog presbrey__ollamafarm rakyll__hey tendermint__tendermint zRedShift__mimemagic
[1] containous__traefik ... [1] containous__traefik ... [1] kitabisa__teler-waf ... SKIP(retryable/sha_fetch_failed)
node:internal/fs/rimraf:203
      throw err;
      ^

Error: ENOTEMPTY: directory not empty, rmdir '/tmp/rr2_containous__traefik/src/pkg/config'
    at Object.rmdirSync (node:fs:1193:11)
    at _rmdirSync (node:internal/fs/rimraf:261:21)
    at rimrafSync (node:internal/fs/rimraf:194:7)
    at node:internal/fs/rimraf:254:9
    at Array.forEach (<anonymous>)
    at _rmdirSync (node:internal/fs/rimraf:251:7)
    at rimrafSync (node:internal/fs/rimraf:194:7)
    at node:internal/fs/rimraf:254:9
    at Array.forEach (<anonymous>)
    at _rmdirSync (node:internal/fs/rimraf:251:7) {
  errno: -39,
  code: 'ENOTEMPTY',
  syscall: 'rmdir',
  path: '/tmp/rr2_containous__traefik/src/pkg/config'
}

Node.js v22.22.2
SKIP(retryable/sha_fetch_failed)
[2] gavv__httpexpect ... OK gt(imp/impT/all)=30/32/58 err=0 verify(match/bug/late/unavail/toolna/differ)=4/0/0/0/0/0 19s
[3] RichardKnop__machinery ... OK gt(imp/impT/all)=46/50/118 err=0 verify(match/bug/late/unavail/toolna/differ)=4/0/0/0/0/0 24s
[4] awnumar__memguard ... OK gt(imp/impT/all)=4/4/7 err=0 verify(match/bug/late/unavail/toolna/differ)=4/0/0/0/0/0 6s
[5] unidoc__unioffice ... OK gt(imp/impT/all)=28/28/46 err=0 verify(match/bug/late/unavail/toolna/differ)=4/0/0/0/0/0 21s
[6] posener__complete ... OK gt(imp/impT/all)=2/6/8 err=0 verify(match/bug/late/unavail/toolna/differ)=4/0/0/0/0/0 6s
[7] nanomsg__mangos ... OK gt(imp/impT/all)=2/2/7 err=0 verify(match/bug/late/unavail/toolna/differ)=4/0/0/0/0/0 7s
[8] briandowns__spinner ... OK gt(imp/impT/all)=5/5/5 err=0 verify(match/bug/late/unavail/toolna/differ)=4/0/0/0/0/0 7s
[9] Sherifabdlnaby__gpool ... OK gt(imp/impT/all)=1/1/2 err=0 verify(match/bug/late/unavail/toolna/differ)=4/0/0/0/0/0 6s
[10] shurcooL__githubql ... OK gt(imp/impT/all)=164/167/608 err=0 verify(match/bug/late/unavail/toolna/differ)=4/0/0/0/0/0 113s
[2] nicola-strappazzon__password-manager ... OK gt(imp/impT/all)=2/2/3 err=0 verify(match/bug/late/unavail/toolna/differ)=4/0/0/0/0/0 8s
[11] alajmo__sake ... OK gt(imp/impT/all)=12/16/41 err=0 verify(match/bug/late/unavail/toolna/differ)=4/0/0/0/0/0 11s
[3] 1set__cronrange ... OK gt(imp/impT/all)=19/21/44 err=0 verify(match/bug/late/unavail/toolna/differ)=4/0/0/0/0/0 11s
[12] psampaz__go-mod-outdated ... OK gt(imp/impT/all)=1/1/1 err=0 verify(match/bug/late/unavail/toolna/differ)=4/0/0/0/0/0 5s
[4] offen__docker-volume-backup ... OK gt(imp/impT/all)=3/3/3 err=0 verify(match/bug/late/unavail/toolna/differ)=4/0/0/0/0/0 5s
[13] Southclaws__fault ... OK gt(imp/impT/all)=9/16/53 err=0 verify(match/bug/late/unavail/toolna/differ)=4/0/0/0/0/0 9s
[14] lucasepe__tbd ... OK gt(imp/impT/all)=21/26/49 err=0 verify(match/bug/late/unavail/toolna/differ)=4/0/0/0/0/0 12s
[15] golang__oauth2 ... OK gt(imp/impT/all)=1/1/1 err=0 verify(match/bug/late/unavail/toolna/differ)=4/0/0/0/0/0 5s
[16] jirenius__go-res ... OK gt(imp/impT/all)=20/20/60 err=0 verify(match/bug/late/unavail/toolna/differ)=4/0/0/0/0/0 7s
[17] peterbourgon__diskv ... OK gt(imp/impT/all)=1/1/1 err=0 verify(match/bug/late/unavail/toolna/differ)=4/0/0/0/0/0 5s
[18] ChainSafe__gossamer ... OK gt(imp/impT/all)=88/88/395 err=0 verify(match/bug/late/unavail/toolna/differ)=4/0/0/0/0/0 73s
[5] goradd__got ... OK gt(imp/impT/all)=1/5/11 err=0 verify(match/bug/late/unavail/toolna/differ)=4/0/0/0/0/0 8s
[6] pilosa__go-pilosa ... OK gt(imp/impT/all)=5/5/167 err=0 verify(match/bug/late/unavail/toolna/differ)=4/0/0/0/0/0 17s
[7] zcalusic__sysinfo ... OK gt(imp/impT/all)=1/1/1 err=0 verify(match/bug/late/unavail/toolna/differ)=4/0/0/0/0/0 6s
[8] aler9__gortsplib ... OK gt(imp/impT/all)=12/18/28 err=0 verify(match/bug/late/unavail/toolna/differ)=4/0/0/0/0/0 11s
[9] cweill__gotests ... OK gt(imp/impT/all)=3/3/8 err=0 verify(match/bug/late/unavail/toolna/differ)=4/0/0/0/0/0 8s
[10] xyproto__permissions ... OK gt(imp/impT/all)=11/11/20 err=0 verify(match/bug/late/unavail/toolna/differ)=4/0/0/0/0/0 8s
[11] suzuki-shunsuke__flute ... OK gt(imp/impT/all)=193/196/565 err=0 verify(match/bug/late/unavail/toolna/differ)=4/0/0/0/0/0 94s
OK gt(imp/impT/all)=5/6/20 err=0 verify(match/bug/late/unavail/toolna/differ)=4/0/0/0/0/0 7s
[12] liftbridge-io__liftbridge ... [19] benthosdev__benthos ... OK gt(imp/impT/all)=64/68/360 err=0 verify(match/bug/late/unavail/toolna/differ)=4/0/0/0/0/0 58s
[13] elC0mpa__aws-doctor ... OK gt(imp/impT/all)=86/86/114 err=0 verify(match/bug/late/unavail/toolna/differ)=4/0/0/0/0/0 37s
[14] nwillc__genfuncs ... OK gt(imp/impT/all)=1/5/12 err=0 verify(match/bug/late/unavail/toolna/differ)=4/0/0/0/0/0 8s
[15] keilerkonzept__topk ... OK gt(imp/impT/all)=1/3/3 err=0 verify(match/bug/late/unavail/toolna/differ)=4/0/0/0/0/0 5s
[16] chenquan__go-pkg ... OK gt(imp/impT/all)=2/7/22 err=0 verify(match/bug/late/unavail/toolna/differ)=4/0/0/0/0/0 9s
[17] BrianLeishman__go-imap ... OK gt(imp/impT/all)=26/26/37 err=0 verify(match/bug/late/unavail/toolna/differ)=4/0/0/0/0/0 10s
[18] knbr13__gitcs ... OK gt(imp/impT/all)=27/27/57 err=0 verify(match/bug/late/unavail/toolna/differ)=4/0/0/0/0/0 15s
[19] logpacker__PayPal-Go-SDK ... OK gt(imp/impT/all)=3/3/434 err=0 verify(match/bug/late/unavail/toolna/differ)=4/0/0/0/0/0 50s
[20] dnnrly__hoofli ... OK gt(imp/impT/all)=9/22/218 err=0 verify(match/bug/late/unavail/toolna/differ)=4/0/0/0/0/0 22s
[21] dimiro1__banner ... OK gt(imp/impT/all)=4/4/4 err=0 verify(match/bug/late/unavail/toolna/differ)=4/0/0/0/0/0 5s
[22] gnolang__gno ... OK gt(imp/impT/all)=497/510/1405 err=0 verify(match/bug/late/unavail/toolna/differ)=4/0/0/0/0/0 268s
[20] vanng822__go-premailer ... OK gt(imp/impT/all)=17/21/34 err=0 verify(match/bug/late/unavail/toolna/differ)=4/0/0/0/0/0 9s
[21] yuseferi__envyaml ... OK gt(imp/impT/all)=2/5/7 err=0 verify(match/bug/late/unavail/toolna/differ)=4/0/0/0/0/0 6s
[22] go-furnace__go-furnace ... [supervise2] 中断された census2/rerun2/out/gnolang__gno/ を掃除して再試行対象に戻す
[supervise2] 中断された census2/rerun2/out/go-furnace__go-furnace/ を掃除して再試行対象に戻す
[supervise2] 開始 2026-08-05T05:35:36Z 並列=3 対象=1528 PGID=31146
[supervise2] round 1: 済み 312 / 1528  2026-08-05T05:35:36Z
# rerun2 開始 2026-08-05T05:35:36.749Z 対象=1528 (SHA未記録=1→SKIP) 上限=Infinity
# 7月に main を除外できていなかった repo（予測集合。この集合の repo のみ july_main_bug を許す）= 7 件: Lifailon__lazyjournal antonmedv__fx box-cli-maker__box-cli-maker dghubble__sling dtgorski__typex homedepot__flop naughtygopher__errors
# 7月側の記録が使えず比較できない repo（july_unavailable。ゲートは通すが verify.csv に残す）= 9 件: codemodus__catena dimuska139__rawg-sdk-go ggicci__httpin kubernetes__kubernetes mehrdadrad__tcpdog presbrey__ollamafarm rakyll__hey tendermint__tendermint zRedShift__mimemagic
# rerun2 開始 2026-08-05T05:35:36.753Z 対象=1528 (SHA未記録=1→SKIP) 上限=Infinity
# 7月に main を除外できていなかった repo（予測集合。この集合の repo のみ july_main_bug を許す）= 7 件: Lifailon__lazyjournal antonmedv__fx box-cli-maker__box-cli-maker dghubble__sling dtgorski__typex homedepot__flop naughtygopher__errors
# 7月側の記録が使えず比較できない repo（july_unavailable。ゲートは通すが verify.csv に残す）= 9 件: codemodus__catena dimuska139__rawg-sdk-go ggicci__httpin kubernetes__kubernetes mehrdadrad__tcpdog presbrey__ollamafarm rakyll__hey tendermint__tendermint zRedShift__mimemagic
# rerun2 開始 2026-08-05T05:35:36.759Z 対象=1528 (SHA未記録=1→SKIP) 上限=Infinity
# 7月に main を除外できていなかった repo（予測集合。この集合の repo のみ july_main_bug を許す）= 7 件: Lifailon__lazyjournal antonmedv__fx box-cli-maker__box-cli-maker dghubble__sling dtgorski__typex homedepot__flop naughtygopher__errors
# 7月側の記録が使えず比較できない repo（july_unavailable。ゲートは通すが verify.csv に残す）= 9 件: codemodus__catena dimuska139__rawg-sdk-go ggicci__httpin kubernetes__kubernetes mehrdadrad__tcpdog presbrey__ollamafarm rakyll__hey tendermint__tendermint zRedShift__mimemagic
[1] containous__traefik ... [1] gnolang__gno ... [1] go-furnace__go-furnace ... OK gt(imp/impT/all)=34/34/66 err=0 verify(match/bug/late/unavail/toolna/differ)=4/0/0/0/0/0 40s
[2] flannel-io__flannel ... OK gt(imp/impT/all)=96/98/254 err=0 verify(match/bug/late/unavail/toolna/differ)=4/0/0/0/0/0 98s
[2] s0rg__fantasyname ... OK gt(imp/impT/all)=72/120/295 err=0 verify(match/bug/late/unavail/toolna/differ)=4/0/0/0/0/0 70s
[3] eaburns__Watch ... OK gt(imp/impT/all)=1/1/4 err=0 verify(match/bug/late/unavail/toolna/differ)=4/0/0/0/0/0 11s
[3] bobg__modver ... OK gt(imp/impT/all)=3/3/3 err=0 verify(match/bug/late/unavail/toolna/differ)=4/0/0/0/0/0 8s
[4] manuelbcd__go-openproject ... OK gt(imp/impT/all)=5/5/15 err=0 verify(match/bug/late/unavail/toolna/differ)=4/0/0/0/0/0 10s
[5] osamingo__shamoji ... OK gt(imp/impT/all)=27/27/60 err=0 verify(match/bug/late/unavail/toolna/differ)=4/0/0/0/0/0 18s
[4] tomodian__release ... OK gt(imp/impT/all)=14/18/29 err=0 verify(match/bug/late/unavail/toolna/differ)=4/0/0/0/0/0 8s
[5] wzshiming__ctc ... OK gt(imp/impT/all)=6/6/9 err=0 verify(match/bug/late/unavail/toolna/differ)=4/0/0/0/0/0 11s
[6] hashicorp__raft ... OK gt(imp/impT/all)=1/1/2 err=0 verify(match/bug/late/unavail/toolna/differ)=4/0/0/0/0/0 8s
[6] tomarrell__wrapcheck ... OK gt(imp/impT/all)=10/14/77 err=0 verify(match/bug/late/unavail/toolna/differ)=4/0/0/0/0/0 17s
[7] tmc__langchaingo ... OK gt(imp/impT/all)=19/22/120 err=0 verify(match/bug/late/unavail/toolna/differ)=4/0/0/0/0/0 26s
[7] pioz__countries ... OK gt(imp/impT/all)=1/4/6 err=0 verify(match/bug/late/unavail/toolna/differ)=4/0/0/0/0/0 23s
[8] hackebrot__turtle ... OK gt(imp/impT/all)=2/4/100 err=0 verify(match/bug/late/unavail/toolna/differ)=4/0/0/0/0/0 21s
[9] hajimehoshi__ebiten ... OK gt(imp/impT/all)=352/377/937 err=0 verify(match/bug/late/unavail/toolna/differ)=4/0/0/0/0/0 222s
[2] kcmvp__gob ... SKIP(retryable/sha_fetch_failed)
[3] chrislusf__seaweedfs ... OK gt(imp/impT/all)=23/23/32 err=0 verify(match/bug/late/unavail/toolna/differ)=4/0/0/0/0/0 27s
[10] kcmvp__gob ... SKIP(retryable/sha_fetch_failed)
[11] gorilla__csrf ... OK gt(imp/impT/all)=1/1/2 err=0 verify(match/bug/late/unavail/toolna/differ)=4/0/0/0/0/0 9s
[12] fox-toolkit__fox ... OK gt(imp/impT/all)=2/6/20 err=0 verify(match/bug/late/unavail/toolna/differ)=4/0/0/0/0/0 11s
[13] nlpodyssey__spago ... OK gt(imp/impT/all)=1/5/13 err=0 verify(match/bug/late/unavail/toolna/differ)=4/0/0/0/0/0 11s
[14] NicoNex__echotron ... OK gt(imp/impT/all)=1/1/17 err=0 verify(match/bug/late/unavail/toolna/differ)=4/0/0/0/0/0 12s
[15] etcd-io__raft ... OK gt(imp/impT/all)=6/6/10 err=0 verify(match/bug/late/unavail/toolna/differ)=4/0/0/0/0/0 9s
[16] karl-cardenas-coding__go-lambda-cleanup ... OK gt(imp/impT/all)=24/67/111 err=0 verify(match/bug/late/unavail/toolna/differ)=4/0/0/0/0/0 20s
[17] Pixboost__transformimgs ... OK gt(imp/impT/all)=3/3/3 err=0 verify(match/bug/late/unavail/toolna/differ)=4/0/0/0/0/0 6s
[18] xyproto__algernon ... OK gt(imp/impT/all)=246/280/883 err=0 verify(match/bug/late/unavail/toolna/differ)=4/0/0/0/0/0 179s
[8] kcmvp__gob ... SKIP(retryable/sha_fetch_failed)
[9] kelindar__bitmap ... OK gt(imp/impT/all)=2/6/9 err=0 verify(match/bug/late/unavail/toolna/differ)=4/0/0/0/0/0 9s
[10] asdine__storm ... OK gt(imp/impT/all)=111/111/222 err=0 verify(match/bug/late/unavail/toolna/differ)=4/0/0/0/0/0 28s
[19] z7zmey__php-parser ... OK gt(imp/impT/all)=5/8/19 err=0 verify(match/bug/late/unavail/toolna/differ)=4/0/0/0/0/0 8s
[11] temporalio__sdk-go ... OK gt(imp/impT/all)=2/5/6 err=0 verify(match/bug/late/unavail/toolna/differ)=4/0/0/0/0/0 20s
[20] navidys__gopensky ... OK gt(imp/impT/all)=4/17/49 err=0 verify(match/bug/late/unavail/toolna/differ)=4/0/0/0/0/0 13s
[21] Breeze0806__go-etl ... OK gt(imp/impT/all)=24/25/70 err=0 verify(match/bug/late/unavail/toolna/differ)=4/0/0/0/0/0 38s
[12] leberKleber__go-mpris ... OK gt(imp/impT/all)=1/5/7 err=0 verify(match/bug/late/unavail/toolna/differ)=4/0/0/0/0/0 7s
[13] stefanprodan__podinfo ... OK gt(imp/impT/all)=54/54/103 err=0 verify(match/bug/late/unavail/toolna/differ)=4/0/0/0/0/0 20s
[22] andy2046__failured ... OK gt(imp/impT/all)=1/1/1 err=0 verify(match/bug/late/unavail/toolna/differ)=4/0/0/0/0/0 7s
[23] consbio__mbtileserver ... OK gt(imp/impT/all)=21/21/35 err=0 verify(match/bug/late/unavail/toolna/differ)=4/0/0/0/0/0 10s
[24] 1set__todotxt ... OK gt(imp/impT/all)=76/76/135 err=0 verify(match/bug/late/unavail/toolna/differ)=4/0/0/0/0/0 24s
[14] bdjimmy__gbind ... OK gt(imp/impT/all)=1/1/1 err=0 verify(match/bug/late/unavail/toolna/differ)=4/0/0/0/0/0 6s
[25] xybor-x__xylog ... OK gt(imp/impT/all)=4/4/4 err=0 verify(match/bug/late/unavail/toolna/differ)=4/0/0/0/0/0 6s
[26] 0xcafed00d__joystick ... OK gt(imp/impT/all)=6/17/35 err=0 verify(match/bug/late/unavail/toolna/differ)=4/0/0/0/0/0 11s
[15] ijt__go-anytime ... OK gt(imp/impT/all)=318/322/1163 err=0 verify(match/bug/late/unavail/toolna/differ)=4/0/0/0/0/0 213s
OK gt(imp/impT/all)=3/3/3 err=0 verify(match/bug/late/unavail/toolna/differ)=4/0/0/0/0/0 7s
[27] yuin__gopher-lua ... [4] s0rg__crawley ... OK gt(imp/impT/all)=1/6/9 err=0 verify(match/bug/late/unavail/toolna/differ)=4/0/0/0/0/0 7s
[16] rapito__go-spotify ... OK gt(imp/impT/all)=1/1/4 err=0 verify(match/bug/late/unavail/toolna/differ)=4/0/0/0/0/0 8s
[28] msoap__shell2http ... OK gt(imp/impT/all)=4/4/9 err=0 verify(match/bug/late/unavail/toolna/differ)=4/0/0/0/0/0 9s
[5] slotix__dataflowkit ... OK gt(imp/impT/all)=2/2/24 err=0 verify(match/bug/late/unavail/toolna/differ)=4/0/0/0/0/0 7s
[29] Fs02__go-todo-backend ... OK gt(imp/impT/all)=32/35/51 err=0 verify(match/bug/late/unavail/toolna/differ)=4/0/0/0/0/0 12s
[6] GuilhermeCaruso__mooncake ... OK gt(imp/impT/all)=16/17/51 err=0 verify(match/bug/late/unavail/toolna/differ)=4/0/0/0/0/0 11s
[30] getveil__veil ... OK gt(imp/impT/all)=21/25/135 err=0 verify(match/bug/late/unavail/toolna/differ)=4/0/0/0/0/0 26s
[17] octomation__go-module ... OK gt(imp/impT/all)=4/4/10 err=0 verify(match/bug/late/unavail/toolna/differ)=4/0/0/0/0/0 9s
[7] flowbaker__flowbaker ... OK gt(imp/impT/all)=1/1/1 err=0 verify(match/bug/late/unavail/toolna/differ)=4/0/0/0/0/0 10s
[18] alexeyco__simpletable ... OK gt(imp/impT/all)=2/2/2 err=0 verify(match/bug/late/unavail/toolna/differ)=4/0/0/0/0/0 6s
[19] allaboutapps__go-starter ... OK gt(imp/impT/all)=25/25/59 err=0 verify(match/bug/late/unavail/toolna/differ)=4/0/0/0/0/0 20s
[31] tricksterproxy__trickster ... OK gt(imp/impT/all)=87/95/247 err=0 verify(match/bug/late/unavail/toolna/differ)=4/0/0/0/0/0 45s
[20] edwingeng__wuid ... OK gt(imp/impT/all)=176/179/307 err=0 verify(match/bug/late/unavail/toolna/differ)=4/0/0/0/0/0 70s
[8] timdp__lwc ... OK gt(imp/impT/all)=21/21/46 err=0 verify(match/bug/late/unavail/toolna/differ)=4/0/0/0/0/0 12s
[21] sdrapkin__guid ... OK gt(imp/impT/all)=1/1/1 err=0 verify(match/bug/late/unavail/toolna/differ)=4/0/0/0/0/0 6s
[22] VictoriaMetrics__VictoriaMetrics ... OK gt(imp/impT/all)=3/3/3 err=0 verify(match/bug/late/unavail/toolna/differ)=4/0/0/0/0/0 7s
[9] koffeinsource__go-imgur ... OK gt(imp/impT/all)=4/8/14 err=0 verify(match/bug/late/unavail/toolna/differ)=4/0/0/0/0/0 9s
[10] deepaksinghvi__cdule ... [supervise2] 中断された census2/rerun2/out/VictoriaMetrics__VictoriaMetrics/ を掃除して再試行対象に戻す
[supervise2] 中断された census2/rerun2/out/deepaksinghvi__cdule/ を掃除して再試行対象に戻す
[supervise2] 中断された census2/rerun2/out/tricksterproxy__trickster/ を掃除して再試行対象に戻す
[supervise2] 開始 2026-08-05T05:45:14Z 並列=3 対象=1528 PGID=18344
[supervise2] round 1: 済み 370 / 1528  2026-08-05T05:45:14Z
# rerun2 開始 2026-08-05T05:45:14.267Z 対象=1528 (SHA未記録=1→SKIP) 上限=Infinity
# 7月に main を除外できていなかった repo（予測集合。この集合の repo のみ july_main_bug を許す）= 7 件: Lifailon__lazyjournal antonmedv__fx box-cli-maker__box-cli-maker dghubble__sling dtgorski__typex homedepot__flop naughtygopher__errors
# 7月側の記録が使えず比較できない repo（july_unavailable。ゲートは通すが verify.csv に残す）= 9 件: codemodus__catena dimuska139__rawg-sdk-go ggicci__httpin kubernetes__kubernetes mehrdadrad__tcpdog presbrey__ollamafarm rakyll__hey tendermint__tendermint zRedShift__mimemagic
# rerun2 開始 2026-08-05T05:45:14.276Z 対象=1528 (SHA未記録=1→SKIP) 上限=Infinity
# 7月に main を除外できていなかった repo（予測集合。この集合の repo のみ july_main_bug を許す）= 7 件: Lifailon__lazyjournal antonmedv__fx box-cli-maker__box-cli-maker dghubble__sling dtgorski__typex homedepot__flop naughtygopher__errors
# 7月側の記録が使えず比較できない repo（july_unavailable。ゲートは通すが verify.csv に残す）= 9 件: codemodus__catena dimuska139__rawg-sdk-go ggicci__httpin kubernetes__kubernetes mehrdadrad__tcpdog presbrey__ollamafarm rakyll__hey tendermint__tendermint zRedShift__mimemagic
# rerun2 開始 2026-08-05T05:45:14.281Z 対象=1528 (SHA未記録=1→SKIP) 上限=Infinity
# 7月に main を除外できていなかった repo（予測集合。この集合の repo のみ july_main_bug を許す）= 7 件: Lifailon__lazyjournal antonmedv__fx box-cli-maker__box-cli-maker dghubble__sling dtgorski__typex homedepot__flop naughtygopher__errors
# 7月側の記録が使えず比較できない repo（july_unavailable。ゲートは通すが verify.csv に残す）= 9 件: codemodus__catena dimuska139__rawg-sdk-go ggicci__httpin kubernetes__kubernetes mehrdadrad__tcpdog presbrey__ollamafarm rakyll__hey tendermint__tendermint zRedShift__mimemagic
[1] deepaksinghvi__cdule ... [1] tricksterproxy__trickster ... node:internal/fs/rimraf:203
      throw err;
      ^

Error: ENOTEMPTY: directory not empty, rmdir '/tmp/rr2_VictoriaMetrics__VictoriaMetrics/mod/k8s.io/client-go@v0.36.2'
    at Object.rmdirSync (node:fs:1193:11)
    at _rmdirSync (node:internal/fs/rimraf:261:21)
    at rimrafSync (node:internal/fs/rimraf:194:7)
    at node:internal/fs/rimraf:254:9
    at Array.forEach (<anonymous>)
    at _rmdirSync (node:internal/fs/rimraf:251:7)
    at rimrafSync (node:internal/fs/rimraf:194:7)
    at node:internal/fs/rimraf:254:9
    at Array.forEach (<anonymous>)
    at _rmdirSync (node:internal/fs/rimraf:251:7) {
  errno: -39,
  code: 'ENOTEMPTY',
  syscall: 'rmdir',
  path: '/tmp/rr2_VictoriaMetrics__VictoriaMetrics/mod/k8s.io/client-go@v0.36.2'
}

Node.js v22.22.2
OK gt(imp/impT/all)=34/40/123 err=0 verify(match/bug/late/unavail/toolna/differ)=4/0/0/0/0/0 25s
[2] KusionStack__kusion ... OK gt(imp/impT/all)=57/65/542 err=0 verify(match/bug/late/unavail/toolna/differ)=4/0/0/0/0/0 85s
[2] tidwall__sjson ... OK gt(imp/impT/all)=3/3/3 err=0 verify(match/bug/late/unavail/toolna/differ)=4/0/0/0/0/0 5s
[3] volodymyrprokopyuk__go-blockchain ... OK gt(imp/impT/all)=10/10/48 err=0 verify(match/bug/late/unavail/toolna/differ)=4/0/0/0/0/0 15s
[4] rickb777__date ... OK gt(imp/impT/all)=4/4/10 err=0 verify(match/bug/late/unavail/toolna/differ)=4/0/0/0/0/0 7s
[5] jeffail__leaps ... OK gt(imp/impT/all)=14/14/91 err=0 verify(match/bug/late/unavail/toolna/differ)=4/0/0/0/0/0 26s
[6] e154__smart-home ... OK gt(imp/impT/all)=325/334/805 err=0 verify(match/bug/late/unavail/toolna/differ)=4/0/0/0/0/0 135s
[3] yuseferi__zax ... OK gt(imp/impT/all)=2/6/10 err=0 verify(match/bug/late/unavail/toolna/differ)=4/0/0/0/0/0 7s
[4] neilotoole__jsoncolor ... OK gt(imp/impT/all)=5/12/14 err=0 verify(match/bug/late/unavail/toolna/differ)=4/0/0/0/0/0 8s
[5] anchore__syft ... OK gt(imp/impT/all)=139/142/750 err=0 verify(match/bug/late/unavail/toolna/differ)=4/0/0/0/0/0 123s
[7] dwin__goSecretBoxPassword ... # ★ differ=1 を dwin__goSecretBoxPassword で検出 → STOP を作成し全ワーカーを停止する
OK gt(imp/impT/all)=2/4/8 err=0 verify(match/bug/late/unavail/toolna/differ)=3/0/0/0/0/1 7s
# STOP を検出したので停止する: differ=1 at dwin__goSecretBoxPassword (2026-08-05T05:49:47.370Z) pid=18365

# 完了 処理=7 成功=373 SKIP=0
# 検証 match=27 july_main_bug=0 july_main_bug_late=0 july_unavailable=0 july_tool_na=0 differ=1
# ★ differ=1 — 報告のトリガー
OK gt(imp/impT/all)=288/305/782 err=0 verify(match/bug/late/unavail/toolna/differ)=4/0/0/0/0/0 126s
# STOP を検出したので停止する: differ=1 at dwin__goSecretBoxPassword (2026-08-05T05:49:47.370Z) pid=18365

# 完了 処理=5 成功=372 SKIP=0
# 検証 match=20 july_main_bug=0 july_main_bug_late=0 july_unavailable=0 july_tool_na=0 differ=0
[supervise2] STOP を検出したので再投入しない: differ=1 at dwin__goSecretBoxPassword (2026-08-05T05:49:47.370Z) pid=18365
[supervise2] 終了 2026-08-05T05:50:24Z
[supervise2] 中断された census2/rerun2/out/VictoriaMetrics__VictoriaMetrics/ を掃除して再試行対象に戻す
[supervise2] 開始 2026-08-05T08:49:12Z 並列=3 対象=1528 PGID=2558
[supervise2] round 1: 済み 382 / 1528  2026-08-05T08:49:12Z
# rerun2 開始 2026-08-05T08:49:13.084Z 対象=1528 (SHA未記録=1→SKIP) 上限=Infinity
# 7月に main を除外できていなかった repo（予測集合。この集合の repo のみ july_main_bug を許す）= 7 件: Lifailon__lazyjournal antonmedv__fx box-cli-maker__box-cli-maker dghubble__sling dtgorski__typex homedepot__flop naughtygopher__errors
# 7月側の記録が使えず比較できない repo（july_unavailable。ゲートは通すが verify.csv に残す）= 9 件: codemodus__catena dimuska139__rawg-sdk-go ggicci__httpin kubernetes__kubernetes mehrdadrad__tcpdog presbrey__ollamafarm rakyll__hey tendermint__tendermint zRedShift__mimemagic
# rerun2 開始 2026-08-05T08:49:13.078Z 対象=1528 (SHA未記録=1→SKIP) 上限=Infinity
# rerun2 開始 2026-08-05T08:49:13.073Z 対象=1528 (SHA未記録=1→SKIP) 上限=Infinity
# 7月に main を除外できていなかった repo（予測集合。この集合の repo のみ july_main_bug を許す）= 7 件: Lifailon__lazyjournal antonmedv__fx box-cli-maker__box-cli-maker dghubble__sling dtgorski__typex homedepot__flop naughtygopher__errors
# 7月側の記録が使えず比較できない repo（july_unavailable。ゲートは通すが verify.csv に残す）= 9 件: codemodus__catena dimuska139__rawg-sdk-go ggicci__httpin kubernetes__kubernetes mehrdadrad__tcpdog presbrey__ollamafarm rakyll__hey tendermint__tendermint zRedShift__mimemagic
# 7月に main を除外できていなかった repo（予測集合。この集合の repo のみ july_main_bug を許す）= 7 件: Lifailon__lazyjournal antonmedv__fx box-cli-maker__box-cli-maker dghubble__sling dtgorski__typex homedepot__flop naughtygopher__errors
# 7月側の記録が使えず比較できない repo（july_unavailable。ゲートは通すが verify.csv に残す）= 9 件: codemodus__catena dimuska139__rawg-sdk-go ggicci__httpin kubernetes__kubernetes mehrdadrad__tcpdog presbrey__ollamafarm rakyll__hey tendermint__tendermint zRedShift__mimemagic
[1] VictoriaMetrics__VictoriaMetrics ... [1] robinjoseph08__redisqueue ... [1] pions__webrtc ... OK gt(imp/impT/all)=2/6/40 err=0 verify(match/bug/late/unavail/toolna/cache/differ)=4/0/0/0/0/0/0 48s
[2] ziutek__emgo ... OK gt(imp/impT/all)=21/25/50 err=0 verify(match/bug/late/unavail/toolna/cache/differ)=4/0/0/0/0/0/0 50s
[2] octago__sflags ... OK gt(imp/impT/all)=13/16/24 err=0 verify(match/bug/late/unavail/toolna/cache/differ)=4/0/0/0/0/0/0 13s
[3] liweiyi88__onedump ... OK gt(imp/impT/all)=1/1/4 err=0 verify(match/bug/late/unavail/toolna/cache/differ)=4/0/0/0/0/0/0 17s
[3] cloudquery__cloudquery ... OK gt(imp/impT/all)=73/79/148 err=0 verify(match/bug/late/unavail/toolna/cache/differ)=4/0/0/0/0/0/0 84s
[4] sj14__dbbench ... OK gt(imp/impT/all)=170/170/565 err=0 verify(match/bug/late/unavail/toolna/cache/differ)=4/0/0/0/0/0/0 153s
[2] beego__beego ... OK gt(imp/impT/all)=149/149/364 err=0 verify(match/bug/late/unavail/toolna/cache/differ)=4/0/0/0/0/0/0 125s
[4] etcd-io__bbolt ... OK gt(imp/impT/all)=71/78/198 err=0 verify(match/bug/late/unavail/toolna/cache/differ)=4/0/0/0/0/0/0 40s
[3] pikoci__pikoci ... OK gt(imp/impT/all)=62/67/247 err=0 verify(match/bug/late/unavail/toolna/cache/differ)=4/0/0/0/0/0/0 59s
[5] MaxHalford__eaopt ... OK gt(imp/impT/all)=1/1/1 err=0 verify(match/bug/late/unavail/toolna/cache/differ)=4/0/0/0/0/0/0 9s
[6] schollz__croc ... OK gt(imp/impT/all)=7/9/65 err=0 verify(match/bug/late/unavail/toolna/cache/differ)=4/0/0/0/0/0/0 24s
[5] MonaxGT__parsefields ... OK gt(imp/impT/all)=25/29/48 err=0 verify(match/bug/late/unavail/toolna/cache/differ)=4/0/0/0/0/0/0 11s
[7] megaease__easegress ... OK gt(imp/impT/all)=7/7/17 err=0 verify(match/bug/late/unavail/toolna/cache/differ)=4/0/0/0/0/0/0 12s
[6] spf13__afero ... OK gt(imp/impT/all)=64/67/184 err=0 verify(match/bug/late/unavail/toolna/cache/differ)=4/0/0/0/0/0/0 38s
[4] k0sproject__k0s ... OK gt(imp/impT/all)=1/1/4 err=0 verify(match/bug/late/unavail/toolna/cache/differ)=4/0/0/0/0/0/0 24s
[7] oracle__coherence-go-client ... OK gt(imp/impT/all)=7/7/40 err=0 verify(match/bug/late/unavail/toolna/cache/differ)=4/0/0/0/0/0/0 30s
[8] go-co-op__gocron ... OK gt(imp/impT/all)=3/8/14 err=0 verify(match/bug/late/unavail/toolna/cache/differ)=4/0/0/0/0/0/0 8s
[9] us__den ... OK gt(imp/impT/all)=57/61/126 err=0 verify(match/bug/late/unavail/toolna/cache/differ)=4/0/0/0/0/0/0 24s
[10] gotidy__copy ... OK gt(imp/impT/all)=1/1/1 err=0 verify(match/bug/late/unavail/toolna/cache/differ)=4/0/0/0/0/0/0 5s
[11] reaganiwadha__grapher ... OK gt(imp/impT/all)=1/12/26 err=0 verify(match/bug/late/unavail/toolna/cache/differ)=4/0/0/0/0/0/0 8s
[12] sinhashubham95__moxy ... OK gt(imp/impT/all)=21/25/39 err=0 verify(match/bug/late/unavail/toolna/cache/differ)=4/0/0/0/0/0/0 11s
[13] pocketbase__pocketbase ... OK gt(imp/impT/all)=38/38/78 err=0 verify(match/bug/late/unavail/toolna/cache/differ)=4/0/0/0/0/0/0 19s
[14] nilpoona__leakhound ... OK gt(imp/impT/all)=267/274/608 err=0 verify(match/bug/late/unavail/toolna/cache/differ)=4/0/0/0/0/0/0 129s
[5] pressly__sup ... OK gt(imp/impT/all)=4/4/10 err=0 verify(match/bug/late/unavail/toolna/cache/differ)=4/0/0/0/0/0/0 9s
[15] Yiling-J__piper ... OK gt(imp/impT/all)=5/5/12 err=0 verify(match/bug/late/unavail/toolna/cache/differ)=4/0/0/0/0/0/0 9s
[6] inconshreveable__log15 ... OK gt(imp/impT/all)=320/348/769 err=0 verify(match/bug/late/unavail/toolna/cache/differ)=4/0/0/0/0/0/0 152s
[8] alecthomas__kingpin ... OK gt(imp/impT/all)=3/3/3 err=0 verify(match/bug/late/unavail/toolna/cache/differ)=4/0/0/0/0/0/0 6s
[7] nikolaydubina__jsonl-graph ... OK gt(imp/impT/all)=1/1/1 err=0 verify(match/bug/late/unavail/toolna/cache/differ)=4/0/0/0/0/0/0 6s
[8] asciimoo__wuzz ... OK gt(imp/impT/all)=2/6/8 err=0 verify(match/bug/late/unavail/toolna/cache/differ)=4/0/0/0/0/0/0 10s
[9] smallnest__langgraphgo ... OK gt(imp/impT/all)=15/19/160 err=0 verify(match/bug/late/unavail/toolna/cache/differ)=4/0/0/0/0/0/0 29s
[16] reedom__convergen ... OK gt(imp/impT/all)=24/24/39 err=0 verify(match/bug/late/unavail/toolna/cache/differ)=4/0/0/0/0/0/0 17s
[9] c-bata__go-prompt ... OK gt(imp/impT/all)=4/9/15 err=0 verify(match/bug/late/unavail/toolna/cache/differ)=4/0/0/0/0/0/0 13s
[17] vibridi__gomock ... OK gt(imp/impT/all)=3/3/7 err=0 verify(match/bug/late/unavail/toolna/cache/differ)=4/0/0/0/0/0/0 8s
[10] faabiosr__echo-middleware ... OK gt(imp/impT/all)=4/8/11 err=0 verify(match/bug/late/unavail/toolna/cache/differ)=4/0/0/0/0/0/0 8s
[18] ethereum__go-ethereum ... OK gt(imp/impT/all)=28/28/67 err=0 verify(match/bug/late/unavail/toolna/cache/differ)=4/0/0/0/0/0/0 13s
[11] prest__prest ... OK gt(imp/impT/all)=47/48/84 err=0 verify(match/bug/late/unavail/toolna/cache/differ)=4/0/0/0/0/0/0 16s
[12] pkg__profile ... OK gt(imp/impT/all)=2/2/13 err=0 verify(match/bug/late/unavail/toolna/cache/differ)=4/0/0/0/0/0/0 9s
[13] zitadel__passwap ... OK gt(imp/impT/all)=2/2/5 err=0 verify(match/bug/late/unavail/toolna/cache/differ)=4/0/0/0/0/0/0 7s
[14] centerorbit__depcharge ... OK gt(imp/impT/all)=4/7/15 err=0 verify(match/bug/late/unavail/toolna/cache/differ)=4/0/0/0/0/0/0 7s
[15] amit-davidson__LibraDB ... OK gt(imp/impT/all)=5/5/7 err=0 verify(match/bug/late/unavail/toolna/cache/differ)=4/0/0/0/0/0/0 5s
[16] bokwoon95__go-structured-query ... OK gt(imp/impT/all)=148/156/309 err=0 verify(match/bug/late/unavail/toolna/cache/differ)=4/0/0/0/0/0/0 61s
[19] HDT3213__rdb ... OK gt(imp/impT/all)=50/56/350 err=0 verify(match/bug/late/unavail/toolna/cache/differ)=4/0/0/0/0/0/0 95s
OK gt(imp/impT/all)=9/12/108 err=0 verify(match/bug/late/unavail/toolna/cache/differ)=4/0/0/0/0/0/0 15s
[17] jackc__pgx ... [10] codesenberg__bombardier ... OK gt(imp/impT/all)=7/7/18 err=0 verify(match/bug/late/unavail/toolna/cache/differ)=4/0/0/0/0/0/0 11s
[20] shurcooL__gostatus ... OK gt(imp/impT/all)=5/9/19 err=0 verify(match/bug/late/unavail/toolna/cache/differ)=4/0/0/0/0/0/0 9s
[18] lxzan__gws ... OK gt(imp/impT/all)=18/18/34 err=0 verify(match/bug/late/unavail/toolna/cache/differ)=4/0/0/0/0/0/0 13s
OK gt(imp/impT/all)=6/6/6 err=0 verify(match/bug/late/unavail/toolna/cache/differ)=4/0/0/0/0/0/0 9s
[11] achannarasappa__ticker ... [21] lightningnetwork__lnd ... OK gt(imp/impT/all)=1/5/7 err=0 verify(match/bug/late/unavail/toolna/cache/differ)=4/0/0/0/0/0/0 9s
[19] brandonyoungdev__tldx ... OK gt(imp/impT/all)=48/52/72 err=0 verify(match/bug/late/unavail/toolna/cache/differ)=4/0/0/0/0/0/0 30s
[20] optimus-hft__go-ipmux ... OK gt(imp/impT/all)=15/19/100 err=0 verify(match/bug/late/unavail/toolna/cache/differ)=4/0/0/0/0/0/0 26s
[21] stephenafamo__bob ... OK gt(imp/impT/all)=37/48/366 err=0 verify(match/bug/late/unavail/toolna/cache/differ)=4/0/0/0/0/0/0 66s
[12] semihalev__sdns ... [supervise2] 中断された census2/rerun2/out/lightningnetwork__lnd/ を掃除して再試行対象に戻す
[supervise2] 中断された census2/rerun2/out/semihalev__sdns/ を掃除して再試行対象に戻す
[supervise2] 中断された census2/rerun2/out/stephenafamo__bob/ を掃除して再試行対象に戻す
[supervise2] 開始 2026-08-05T09:01:05Z 並列=3 対象=1528 PGID=18177
[supervise2] round 1: 済み 433 / 1528  2026-08-05T09:01:05Z
# rerun2 開始 2026-08-05T09:01:05.893Z 対象=1528 (SHA未記録=1→SKIP) 上限=Infinity
# 7月に main を除外できていなかった repo（予測集合。この集合の repo のみ july_main_bug を許す）= 7 件: Lifailon__lazyjournal antonmedv__fx box-cli-maker__box-cli-maker dghubble__sling dtgorski__typex homedepot__flop naughtygopher__errors
# 7月側の記録が使えず比較できない repo（july_unavailable。ゲートは通すが verify.csv に残す）= 9 件: codemodus__catena dimuska139__rawg-sdk-go ggicci__httpin kubernetes__kubernetes mehrdadrad__tcpdog presbrey__ollamafarm rakyll__hey tendermint__tendermint zRedShift__mimemagic
# rerun2 開始 2026-08-05T09:01:05.897Z 対象=1528 (SHA未記録=1→SKIP) 上限=Infinity
# 7月に main を除外できていなかった repo（予測集合。この集合の repo のみ july_main_bug を許す）= 7 件: Lifailon__lazyjournal antonmedv__fx box-cli-maker__box-cli-maker dghubble__sling dtgorski__typex homedepot__flop naughtygopher__errors
# 7月側の記録が使えず比較できない repo（july_unavailable。ゲートは通すが verify.csv に残す）= 9 件: codemodus__catena dimuska139__rawg-sdk-go ggicci__httpin kubernetes__kubernetes mehrdadrad__tcpdog presbrey__ollamafarm rakyll__hey tendermint__tendermint zRedShift__mimemagic
# rerun2 開始 2026-08-05T09:01:05.899Z 対象=1528 (SHA未記録=1→SKIP) 上限=Infinity
# 7月に main を除外できていなかった repo（予測集合。この集合の repo のみ july_main_bug を許す）= 7 件: Lifailon__lazyjournal antonmedv__fx box-cli-maker__box-cli-maker dghubble__sling dtgorski__typex homedepot__flop naughtygopher__errors
# 7月側の記録が使えず比較できない repo（july_unavailable。ゲートは通すが verify.csv に残す）= 9 件: codemodus__catena dimuska139__rawg-sdk-go ggicci__httpin kubernetes__kubernetes mehrdadrad__tcpdog presbrey__ollamafarm rakyll__hey tendermint__tendermint zRedShift__mimemagic
[1] lightningnetwork__lnd ... [1] stephenafamo__bob ... [1] semihalev__sdns ... OK gt(imp/impT/all)=64/66/112 err=0 verify(match/bug/late/unavail/toolna/cache/differ)=4/0/0/0/0/0/0 42s
[2] mochi-co__mqtt ... OK gt(imp/impT/all)=101/103/185 err=0 verify(match/bug/late/unavail/toolna/cache/differ)=4/0/0/0/0/0/0 58s
[2] monaco-io__request ... OK gt(imp/impT/all)=1/1/6 err=0 verify(match/bug/late/unavail/toolna/cache/differ)=4/0/0/0/0/0/0 7s
[3] zendev-sh__goai ... OK gt(imp/impT/all)=2/3/9 err=0 verify(match/bug/late/unavail/toolna/cache/differ)=4/0/0/0/0/0/0 13s
[4] chainifynet__aws-encryption-sdk-go ... OK gt(imp/impT/all)=40/47/191 err=0 verify(match/bug/late/unavail/toolna/cache/differ)=4/0/0/0/0/0/0 37s
[3] vbauerster__mpb ... OK gt(imp/impT/all)=19/24/32 err=0 verify(match/bug/late/unavail/toolna/cache/differ)=4/0/0/0/0/0/0 21s
[5] mehanizm__airtable ... OK gt(imp/impT/all)=5/5/12 err=0 verify(match/bug/late/unavail/toolna/cache/differ)=4/0/0/0/0/0/0 23s
[4] xwjdsh__manssh ... OK gt(imp/impT/all)=1/1/1 err=0 verify(match/bug/late/unavail/toolna/cache/differ)=4/0/0/0/0/0/0 6s
[6] ctreminiom__go-atlassian ... OK gt(imp/impT/all)=5/8/10 err=0 verify(match/bug/late/unavail/toolna/cache/differ)=4/0/0/0/0/0/0 8s
[5] jltorresm__otpgo ... OK gt(imp/impT/all)=127/127/529 err=0 verify(match/bug/late/unavail/toolna/cache/differ)=4/0/0/0/0/0/0 112s
OK gt(imp/impT/all)=11/11/13 err=0 verify(match/bug/late/unavail/toolna/cache/differ)=4/0/0/0/0/0/0 9s
[7] bcicen__ctop ... [2] valyala__fasttemplate ... OK gt(imp/impT/all)=1/1/1 err=0 verify(match/bug/late/unavail/toolna/cache/differ)=4/0/0/0/0/0/0 6s
[6] naughtygopher__pocache ... OK gt(imp/impT/all)=1/1/1 err=0 verify(match/bug/late/unavail/toolna/cache/differ)=4/0/0/0/0/0/0 7s
[3] wI2L__jsondiff ... OK gt(imp/impT/all)=1/5/7 err=0 verify(match/bug/late/unavail/toolna/cache/differ)=4/0/0/0/0/0/0 8s
[7] ccbrown__api-fu ... OK gt(imp/impT/all)=4/4/4 err=0 verify(match/bug/late/unavail/toolna/cache/differ)=4/0/0/0/0/0/0 6s
[4] Mutasem-mk4__procscope ... OK gt(imp/impT/all)=43/43/104 err=0 verify(match/bug/late/unavail/toolna/cache/differ)=4/0/0/0/0/0/0 15s
[8] vektra__mockery ... OK gt(imp/impT/all)=11/15/28 err=0 verify(match/bug/late/unavail/toolna/cache/differ)=4/0/0/0/0/0/0 31s
[8] timsolov__rest-query-parser ... OK gt(imp/impT/all)=1/7/11 err=0 verify(match/bug/late/unavail/toolna/cache/differ)=4/0/0/0/0/0/0 9s
[9] cyucelen__marker ... OK gt(imp/impT/all)=50/50/101 err=0 verify(match/bug/late/unavail/toolna/cache/differ)=4/0/0/0/0/0/0 39s
[5] bsm__redeo ... OK gt(imp/impT/all)=4/8/10 err=0 verify(match/bug/late/unavail/toolna/cache/differ)=4/0/0/0/0/0/0 9s
[10] rqlite__rqlite ... OK gt(imp/impT/all)=1/3/3 err=0 verify(match/bug/late/unavail/toolna/cache/differ)=4/0/0/0/0/0/0 8s
[6] syndtr__goleveldb ... OK gt(imp/impT/all)=38/38/407 err=0 verify(match/bug/late/unavail/toolna/cache/differ)=4/0/0/0/0/0/0 55s
[9] gobuffalo__validate ... OK gt(imp/impT/all)=10/14/35 err=0 verify(match/bug/late/unavail/toolna/cache/differ)=4/0/0/0/0/0/0 16s
[7] koss-null__FuncFrog ... OK gt(imp/impT/all)=2/6/8 err=0 verify(match/bug/late/unavail/toolna/cache/differ)=4/0/0/0/0/0/0 9s
[10] gofr-dev__gofr ... OK gt(imp/impT/all)=1/5/18 err=0 verify(match/bug/late/unavail/toolna/cache/differ)=4/0/0/0/0/0/0 21s
[8] kubernetes__minikube ... OK gt(imp/impT/all)=84/84/211 err=0 verify(match/bug/late/unavail/toolna/cache/differ)=4/0/0/0/0/0/0 55s
[11] codemodus__catena ... OK gt(imp/impT/all)=6/6/9 err=0 verify(match/bug/late/unavail/toolna/cache/differ)=0/0/0/4/0/0/0 24s
[12] deepmap__oapi-codegen ... OK gt(imp/impT/all)=16/19/55 err=0 verify(match/bug/late/unavail/toolna/cache/differ)=4/0/0/0/0/0/0 29s
[13] zenthangplus__go-workerpool ... OK gt(imp/impT/all)=1/5/7 err=0 verify(match/bug/late/unavail/toolna/cache/differ)=4/0/0/0/0/0/0 7s
[14] NdoleStudio__go-otelroundtripper ... OK gt(imp/impT/all)=93/100/590 err=0 verify(match/bug/late/unavail/toolna/cache/differ)=4/0/0/0/0/0/0 105s
[11] vardius__gorouter ... OK gt(imp/impT/all)=7/16/23 err=0 verify(match/bug/late/unavail/toolna/cache/differ)=4/0/0/0/0/0/0 10s
[15] cometbft__cometbft ... OK gt(imp/impT/all)=4/4/9 err=0 verify(match/bug/late/unavail/toolna/cache/differ)=4/0/0/0/0/0/0 10s
[12] limiu82214__gojmapr ... OK gt(imp/impT/all)=1/8/11 err=0 verify(match/bug/late/unavail/toolna/cache/differ)=4/0/0/0/0/0/0 7s
[13] jonoton__scout ... OK gt(imp/impT/all)=219/222/528 err=0 verify(match/bug/late/unavail/toolna/cache/differ)=4/0/0/0/0/0/0 127s
[9] knq__chromedp ... OK gt(imp/impT/all)=56/56/88 err=0 verify(match/bug/late/unavail/toolna/cache/differ)=4/0/0/0/0/0/0 29s
[14] golang-design__clipboard ... OK gt(imp/impT/all)=6/8/9 err=0 verify(match/bug/late/unavail/toolna/cache/differ)=4/0/0/0/0/0/0 7s
[10] ncruces__zenity ... OK gt(imp/impT/all)=1/2/15 err=0 verify(match/bug/late/unavail/toolna/cache/differ)=4/0/0/0/0/0/0 7s
[11] jandelgado__rabtap ... OK gt(imp/impT/all)=3/3/13 err=0 verify(match/bug/late/unavail/toolna/cache/differ)=4/0/0/0/0/0/0 9s
[15] antham__ghokin ... OK gt(imp/impT/all)=16/16/23 err=0 verify(match/bug/late/unavail/toolna/cache/differ)=4/0/0/0/0/0/0 12s
[12] TheCreeper__go-notify ... OK gt(imp/impT/all)=23/27/42 err=0 verify(match/bug/late/unavail/toolna/cache/differ)=4/0/0/0/0/0/0 11s
[16] galeone__rts ... OK gt(imp/impT/all)=1/1/1 err=0 verify(match/bug/late/unavail/toolna/cache/differ)=4/0/0/0/0/0/0 6s
[13] dsbasko__go-cfg ... OK gt(imp/impT/all)=2/2/6 err=0 verify(match/bug/late/unavail/toolna/cache/differ)=4/0/0/0/0/0/0 6s
[17] maypok86__otter ... OK gt(imp/impT/all)=5/8/10 err=0 verify(match/bug/late/unavail/toolna/cache/differ)=4/0/0/0/0/0/0 9s
[14] dotchain__dot ... OK gt(imp/impT/all)=4/4/6 err=0 verify(match/bug/late/unavail/toolna/cache/differ)=4/0/0/0/0/0/0 14s
[18] nanovms__ops ... OK gt(imp/impT/all)=143/156/438 err=0 verify(match/bug/late/unavail/toolna/cache/differ)=4/0/0/0/0/0/0 96s
[16] zegl__goriak ... OK gt(imp/impT/all)=4/8/11 err=0 verify(match/bug/late/unavail/toolna/cache/differ)=4/0/0/0/0/0/0 10s
[17] zitadel__oidc ... OK gt(imp/impT/all)=25/31/48 err=0 verify(match/bug/late/unavail/toolna/cache/differ)=4/0/0/0/0/0/0 15s
[18] bobg__decouple ... OK gt(imp/impT/all)=4/6/12 err=0 verify(match/bug/late/unavail/toolna/cache/differ)=4/0/0/0/0/0/0 11s
[19] dropbox__godropbox ... OK gt(imp/impT/all)=6/10/309 err=0 verify(match/bug/late/unavail/toolna/cache/differ)=4/0/0/0/0/0/0 53s
[15] ydb-platform__ydb-go-sdk ... OK gt(imp/impT/all)=8/10/17 err=0 verify(match/bug/late/unavail/toolna/cache/differ)=4/0/0/0/0/0/0 17s
[20] RichardKnop__minisql ... OK gt(imp/impT/all)=7/13/42 err=0 verify(match/bug/late/unavail/toolna/cache/differ)=4/0/0/0/0/0/0 20s
[21] arceus-7__chroma16 ... OK gt(imp/impT/all)=13/13/16 err=0 verify(match/bug/late/unavail/toolna/cache/differ)=4/0/0/0/0/0/0 9s
[22] airbusgeo__godal ... OK gt(imp/impT/all)=17/17/76 err=0 verify(match/bug/late/unavail/toolna/cache/differ)=4/0/0/0/0/0/0 57s
[16] ardanlabs__service ... OK gt(imp/impT/all)=63/64/176 err=0 verify(match/bug/late/unavail/toolna/cache/differ)=4/0/0/0/0/0/0 26s
[17] taubyte__tau ... OK gt(imp/impT/all)=196/201/521 err=0 verify(match/bug/late/unavail/toolna/cache/differ)=4/0/0/0/0/0/0 143s
OK gt(imp/impT/all)=51/55/318 err=0 verify(match/bug/late/unavail/toolna/cache/differ)=4/0/0/0/0/0/0 51s
[23] PaesslerAG__gval ... [19] abice__go-enum ... OK gt(imp/impT/all)=1/2/2 err=0 verify(match/bug/late/unavail/toolna/cache/differ)=4/0/0/0/0/0/0 7s
[24] neelance__graphql-go ...   differ=1 → module cache を温めて取り直す
OK gt(imp/impT/all)=8/8/18 err=0 verify(match/bug/late/unavail/toolna/cache/differ)=4/0/0/0/0/0/0 12s
[25] xxjwxc__ginrpc ...   再判定: cache_sensitive=0 differ=1
# ★ 未説明の differ=1 at abice__go-enum [trivy] — 温め直しても7月を再現しなかった
# → STOP を作成し全ワーカーを停止する（本物の再現失敗のため）
OK gt(imp/impT/all)=23/29/49 err=0 verify(match/bug/late/unavail/toolna/cache/differ)=3/0/0/0/0/0/1 22s
# STOP を検出したので停止する: unexplained differ=1 at abice__go-enum [trivy] (2026-08-05T09:10:25.212Z) pid=18199

# 完了 処理=19 成功=465 SKIP=0
# 検証 match=75 july_main_bug=0 july_main_bug_late=0 july_unavailable=0 july_tool_na=0 cache_sensitive=0 differ=1
# ★ differ=1 — 報告のトリガー
[supervise2] 中断された census2/rerun2/out/taubyte__tau/ を掃除して再試行対象に戻す
[supervise2] 中断された census2/rerun2/out/xxjwxc__ginrpc/ を掃除して再試行対象に戻す
[supervise2] 開始 2026-08-05T09:20:02Z 並列=3 対象=1528 PGID=2557
[supervise2] round 1: 済み 492 / 1528  2026-08-05T09:20:02Z
# rerun2 開始 2026-08-05T09:20:03.032Z 対象=1528 (SHA未記録=1→SKIP) 上限=Infinity
# 7月に main を除外できていなかった repo（予測集合。この集合の repo のみ july_main_bug を許す）= 7 件: Lifailon__lazyjournal antonmedv__fx box-cli-maker__box-cli-maker dghubble__sling dtgorski__typex homedepot__flop naughtygopher__errors
# 7月側の記録が使えず比較できない repo（july_unavailable。ゲートは通すが verify.csv に残す）= 9 件: codemodus__catena dimuska139__rawg-sdk-go ggicci__httpin kubernetes__kubernetes mehrdadrad__tcpdog presbrey__ollamafarm rakyll__hey tendermint__tendermint zRedShift__mimemagic
# rerun2 開始 2026-08-05T09:20:03.055Z 対象=1528 (SHA未記録=1→SKIP) 上限=Infinity
# 7月に main を除外できていなかった repo（予測集合。この集合の repo のみ july_main_bug を許す）= 7 件: Lifailon__lazyjournal antonmedv__fx box-cli-maker__box-cli-maker dghubble__sling dtgorski__typex homedepot__flop naughtygopher__errors
# 7月側の記録が使えず比較できない repo（july_unavailable。ゲートは通すが verify.csv に残す）= 9 件: codemodus__catena dimuska139__rawg-sdk-go ggicci__httpin kubernetes__kubernetes mehrdadrad__tcpdog presbrey__ollamafarm rakyll__hey tendermint__tendermint zRedShift__mimemagic
# rerun2 開始 2026-08-05T09:20:03.056Z 対象=1528 (SHA未記録=1→SKIP) 上限=Infinity
# 7月に main を除外できていなかった repo（予測集合。この集合の repo のみ july_main_bug を許す）= 7 件: Lifailon__lazyjournal antonmedv__fx box-cli-maker__box-cli-maker dghubble__sling dtgorski__typex homedepot__flop naughtygopher__errors
# 7月側の記録が使えず比較できない repo（july_unavailable。ゲートは通すが verify.csv に残す）= 9 件: codemodus__catena dimuska139__rawg-sdk-go ggicci__httpin kubernetes__kubernetes mehrdadrad__tcpdog presbrey__ollamafarm rakyll__hey tendermint__tendermint zRedShift__mimemagic
[1] taubyte__tau ... [1] taubyte__tau ... [1] xxjwxc__ginrpc ... SKIP(retryable/sha_fetch_failed)
[2] ahmedakef__gotutor ... SKIP(retryable/sha_fetch_failed)
[2] maxbolgarin__abstract ... OK gt(imp/impT/all)=1/1/1 err=0 verify(match/bug/late/unavail/toolna/cache/differ)=4/0/0/0/0/0/0 12s
[3] aclindsa__ofxgo ... OK gt(imp/impT/all)=14/14/43 err=0 verify(match/bug/late/unavail/toolna/cache/differ)=4/0/0/0/0/0/0 19s
[3] tidwall__tile38 ... OK gt(imp/impT/all)=4/4/11 err=0 verify(match/bug/late/unavail/toolna/cache/differ)=4/0/0/0/0/0/0 8s
[4] dancannon__gorethink ... OK gt(imp/impT/all)=14/15/29 err=0 verify(match/bug/late/unavail/toolna/cache/differ)=4/0/0/0/0/0/0 11s
[5] gopxl__pixel ... OK gt(imp/impT/all)=8/13/20 err=0 verify(match/bug/late/unavail/toolna/cache/differ)=4/0/0/0/0/0/0 13s
[6] appleboy__drone-scp ... OK gt(imp/impT/all)=28/28/308 err=0 verify(match/bug/late/unavail/toolna/cache/differ)=4/0/0/0/0/0/0 45s
[2] codenotary__immudb ... OK gt(imp/impT/all)=15/19/26 err=0 verify(match/bug/late/unavail/toolna/cache/differ)=4/0/0/0/0/0/0 17s
[7] go-eagle__eagle ... OK gt(imp/impT/all)=118/120/315 err=0 verify(match/bug/late/unavail/toolna/cache/differ)=4/0/0/0/0/0/0 78s
[4] cabify__logrusiowriter ... OK gt(imp/impT/all)=2/2/8 err=0 verify(match/bug/late/unavail/toolna/cache/differ)=4/0/0/0/0/0/0 7s
[5] ilyakaznacheev__cleanenv ... OK gt(imp/impT/all)=4/4/5 err=0 verify(match/bug/late/unavail/toolna/cache/differ)=4/0/0/0/0/0/0 6s
[6] jmorganca__ollama ... OK gt(imp/impT/all)=81/85/489 err=0 verify(match/bug/late/unavail/toolna/cache/differ)=4/0/0/0/0/0/0 77s
[3] tockins__realize ... OK gt(imp/impT/all)=19/19/27 err=0 verify(match/bug/late/unavail/toolna/cache/differ)=4/0/0/0/0/0/0 12s
[4] jgroeneveld__trial ... OK gt(imp/impT/all)=71/75/176 err=0 verify(match/bug/late/unavail/toolna/cache/differ)=4/0/0/0/0/0/0 28s
[7] adelowo__onecache ... OK gt(imp/impT/all)=1/1/1 err=0 verify(match/bug/late/unavail/toolna/cache/differ)=4/0/0/0/0/0/0 5s
[5] tkrop__go-testing ... OK gt(imp/impT/all)=2/2/21 err=0 verify(match/bug/late/unavail/toolna/cache/differ)=4/0/0/0/0/0/0 10s
[8] go-gormigrate__gormigrate ... OK gt(imp/impT/all)=10/12/25 err=0 verify(match/bug/late/unavail/toolna/cache/differ)=4/0/0/0/0/0/0 12s
[6] fogfish__dynamo ... OK gt(imp/impT/all)=4/4/9 err=0 verify(match/bug/late/unavail/toolna/cache/differ)=4/0/0/0/0/0/0 10s
[9] xuri__aurora ... OK gt(imp/impT/all)=29/30/36 err=0 verify(match/bug/late/unavail/toolna/cache/differ)=4/0/0/0/0/0/0 7s
[7] kkyr__fig ... OK gt(imp/impT/all)=1/2/2 err=0 verify(match/bug/late/unavail/toolna/cache/differ)=4/0/0/0/0/0/0 6s
[10] siddontang__ledisdb ... OK gt(imp/impT/all)=3/3/8 err=0 verify(match/bug/late/unavail/toolna/cache/differ)=4/0/0/0/0/0/0 6s
[8] mdlayher__ethernet ... OK gt(imp/impT/all)=6/6/10 err=0 verify(match/bug/late/unavail/toolna/cache/differ)=4/0/0/0/0/0/0 8s
[9] dnote__dnote ... OK gt(imp/impT/all)=13/13/34 err=0 verify(match/bug/late/unavail/toolna/cache/differ)=4/0/0/0/0/0/0 11s
[11] golang__protobuf ... OK gt(imp/impT/all)=1/2/3 err=0 verify(match/bug/late/unavail/toolna/cache/differ)=4/0/0/0/0/0/0 7s
[12] Knuspii__CrunchyCleaner ... OK gt(imp/impT/all)=29/29/51 err=0 verify(match/bug/late/unavail/toolna/cache/differ)=4/0/0/0/0/0/0 12s
[10] tj__mmake ... OK gt(imp/impT/all)=3/3/15 err=0 verify(match/bug/late/unavail/toolna/cache/differ)=4/0/0/0/0/0/0 9s
[13] oblq__swap ... OK gt(imp/impT/all)=6/6/44 err=0 verify(match/bug/late/unavail/toolna/cache/differ)=4/0/0/0/0/0/0 10s
[11] doganarif__govisual ... OK gt(imp/impT/all)=2/6/12 err=0 verify(match/bug/late/unavail/toolna/cache/differ)=4/0/0/0/0/0/0 7s
[14] groovili__gogtrends ... OK gt(imp/impT/all)=4/8/11 err=0 verify(match/bug/late/unavail/toolna/cache/differ)=4/0/0/0/0/0/0 12s
[15] kamva__mgm ... OK gt(imp/impT/all)=185/188/823 err=0 verify(match/bug/late/unavail/toolna/cache/differ)=4/0/0/0/0/0/0 152s
[8] jonreiter__govader ... OK gt(imp/impT/all)=1/1/12 err=0 verify(match/bug/late/unavail/toolna/cache/differ)=4/0/0/0/0/0/0 21s
[12] ThomasObenaus__go-conf ... OK gt(imp/impT/all)=16/17/26 err=0 verify(match/bug/late/unavail/toolna/cache/differ)=4/0/0/0/0/0/0 13s
[16] naughtygopher__goapp ... OK gt(imp/impT/all)=1/1/11 err=0 verify(match/bug/late/unavail/toolna/cache/differ)=4/0/0/0/0/0/0 11s
[9] masterzen__winrm-cli ... OK gt(imp/impT/all)=19/22/161 err=0 verify(match/bug/late/unavail/toolna/cache/differ)=4/0/0/0/0/0/0 11s
[13] whitaker-io__machine ... OK gt(imp/impT/all)=10/13/14 err=0 verify(match/bug/late/unavail/toolna/cache/differ)=4/0/0/0/0/0/0 10s
[10] ovh__cds ... OK gt(imp/impT/all)=49/49/95 err=0 verify(match/bug/late/unavail/toolna/cache/differ)=4/0/0/0/0/0/0 31s
[17] MonaxGT__gomalshare ... OK gt(imp/impT/all)=1/1/1 err=0 verify(match/bug/late/unavail/toolna/cache/differ)=4/0/0/0/0/0/0 25s
[14] cosmos__cosmos-sdk ... OK gt(imp/impT/all)=1/1/1 err=0 verify(match/bug/late/unavail/toolna/cache/differ)=4/0/0/0/0/0/0 30s
[18] tdewolff__canvas ... OK gt(imp/impT/all)=63/64/151 err=0 verify(match/bug/late/unavail/toolna/cache/differ)=4/0/0/0/0/0/0 78s
[19] yaronsumel__grapes ... OK gt(imp/impT/all)=3/3/15 err=0 verify(match/bug/late/unavail/toolna/cache/differ)=4/0/0/0/0/0/0 9s
[20] ostafen__clover ... OK gt(imp/impT/all)=17/22/62 err=0 verify(match/bug/late/unavail/toolna/cache/differ)=4/0/0/0/0/0/0 13s
[21] awalterschulze__goderive ... OK gt(imp/impT/all)=3/3/7 err=0 verify(match/bug/late/unavail/toolna/cache/differ)=4/0/0/0/0/0/0 8s
[22] sashamelentyev__usestdlibvars ... OK gt(imp/impT/all)=3/3/8 err=0 verify(match/bug/late/unavail/toolna/cache/differ)=4/0/0/0/0/0/0 8s
[23] go-sigma__sigma ... OK gt(imp/impT/all)=289/293/757 err=0 verify(match/bug/late/unavail/toolna/cache/differ)=4/0/0/0/0/0/0 178s
[15] RichardKnop__go-fixtures ...   differ=1 → module cache を温めて取り直す
  再判定: cache_sensitive=1 differ=0
OK gt(imp/impT/all)=1/6/10 err=0 verify(match/bug/late/unavail/toolna/cache/differ)=3/0/0/0/0/1/0 13s
[16] aws__aws-sdk-go-v2 ... OK gt(imp/impT/all)=313/316/765 err=0 verify(match/bug/late/unavail/toolna/cache/differ)=4/0/0/0/0/0/0 215s
[11] knights-analytics__hugot ... OK gt(imp/impT/all)=24/24/93 err=0 verify(match/bug/late/unavail/toolna/cache/differ)=4/0/0/0/0/0/0 27s
[12] paulmach__orb ... OK gt(imp/impT/all)=3/3/23 err=0 verify(match/bug/late/unavail/toolna/cache/differ)=4/0/0/0/0/0/0 12s
[13] disintegration__imaging ...   differ=1 → module cache を温めて取り直す
  再判定: cache_sensitive=1 differ=0
OK gt(imp/impT/all)=1/1/2 err=0 verify(match/bug/late/unavail/toolna/cache/differ)=3/0/0/0/0/1/0 10s
[14] happy-sdk__happy ...   differ=4 → module cache を温めて取り直す
  再判定: cache_sensitive=0 differ=4
# ★ 未説明の differ=4 at happy-sdk__happy [syft trivy cdxgen cyclonedx-gomod] — 温め直しても7月を再現しなかった
# → STOP を作成し全ワーカーを停止する（未調査の再現失敗のため）
OK gt(imp/impT/all)=0/0/0 err=4 verify(match/bug/late/unavail/toolna/cache/differ)=0/0/0/0/0/0/4 11s
# STOP を検出したので停止する: unexplained differ=4 at happy-sdk__happy [syft trivy cdxgen cyclonedx-gomod] (2026-08-05T09:28:56.369Z) pid=2576

# 完了 処理=14 成功=525 SKIP=1
# 検証 match=47 july_main_bug=0 july_main_bug_late=0 july_unavailable=0 july_tool_na=0 cache_sensitive=1 differ=4
# ★ differ=4 — 報告のトリガー
[supervise2] 中断された census2/rerun2/out/aws__aws-sdk-go-v2/ を掃除して再試行対象に戻す
[supervise2] 中断された census2/rerun2/out/go-sigma__sigma/ を掃除して再試行対象に戻す
[supervise2] 開始 2026-08-05T09:32:20Z 並列=3 対象=1528 PGID=27319
[supervise2] round 1: 済み 541 / 1528  2026-08-05T09:32:20Z
# rerun2 開始 2026-08-05T09:32:20.305Z 対象=1528 (SHA未記録=1→SKIP) 上限=Infinity
# rerun2 開始 2026-08-05T09:32:20.305Z 対象=1528 (SHA未記録=1→SKIP) 上限=Infinity
# rerun2 開始 2026-08-05T09:32:20.305Z 対象=1528 (SHA未記録=1→SKIP) 上限=Infinity
# 7月に main を除外できていなかった repo（予測集合。この集合の repo のみ july_main_bug を許す）= 7 件: Lifailon__lazyjournal antonmedv__fx box-cli-maker__box-cli-maker dghubble__sling dtgorski__typex homedepot__flop naughtygopher__errors
# 7月側の記録が使えず比較できない repo（july_unavailable。ゲートは通すが verify.csv に残す）= 9 件: codemodus__catena dimuska139__rawg-sdk-go ggicci__httpin kubernetes__kubernetes mehrdadrad__tcpdog presbrey__ollamafarm rakyll__hey tendermint__tendermint zRedShift__mimemagic
# 7月に main を除外できていなかった repo（予測集合。この集合の repo のみ july_main_bug を許す）= 7 件: Lifailon__lazyjournal antonmedv__fx box-cli-maker__box-cli-maker dghubble__sling dtgorski__typex homedepot__flop naughtygopher__errors
# 7月側の記録が使えず比較できない repo（july_unavailable。ゲートは通すが verify.csv に残す）= 9 件: codemodus__catena dimuska139__rawg-sdk-go ggicci__httpin kubernetes__kubernetes mehrdadrad__tcpdog presbrey__ollamafarm rakyll__hey tendermint__tendermint zRedShift__mimemagic
# 7月に main を除外できていなかった repo（予測集合。この集合の repo のみ july_main_bug を許す）= 7 件: Lifailon__lazyjournal antonmedv__fx box-cli-maker__box-cli-maker dghubble__sling dtgorski__typex homedepot__flop naughtygopher__errors
# 7月側の記録が使えず比較できない repo（july_unavailable。ゲートは通すが verify.csv に残す）= 9 件: codemodus__catena dimuska139__rawg-sdk-go ggicci__httpin kubernetes__kubernetes mehrdadrad__tcpdog presbrey__ollamafarm rakyll__hey tendermint__tendermint zRedShift__mimemagic
[1] taubyte__tau ... [1] taubyte__tau ... [1] go-sigma__sigma ... SKIP(retryable/sha_fetch_failed)
node:internal/fs/rimraf:203
      throw err;
      ^

Error: ENOTEMPTY: directory not empty, rmdir '/tmp/rr2_taubyte__tau/src/tools/tau'
    at Object.rmdirSync (node:fs:1193:11)
    at _rmdirSync (node:internal/fs/rimraf:261:21)
    at rimrafSync (node:internal/fs/rimraf:194:7)
    at node:internal/fs/rimraf:254:9
    at Array.forEach (<anonymous>)
    at _rmdirSync (node:internal/fs/rimraf:251:7)
    at rimrafSync (node:internal/fs/rimraf:194:7)
    at node:internal/fs/rimraf:254:9
    at Array.forEach (<anonymous>)
    at _rmdirSync (node:internal/fs/rimraf:251:7) {
  errno: -39,
  code: 'ENOTEMPTY',
  syscall: 'rmdir',
  path: '/tmp/rr2_taubyte__tau/src/tools/tau'
}

Node.js v22.22.2
SKIP(retryable/sha_fetch_failed)
[2] aws__aws-sdk-go-v2 ... OK gt(imp/impT/all)=1/1/1 err=0 verify(match/bug/late/unavail/toolna/cache/differ)=4/0/0/0/0/0/0 237s
[3] ikeikeikeike__go-sitemap-generator ... OK gt(imp/impT/all)=2/3/3 err=0 verify(match/bug/late/unavail/toolna/cache/differ)=4/0/0/0/0/0/0 5s
[4] Jacobbrewer1__patcher ... OK gt(imp/impT/all)=486/491/1283 err=0 verify(match/bug/late/unavail/toolna/cache/differ)=4/0/0/0/0/0/0 257s
[2] gorgonia__gorgonia ... OK gt(imp/impT/all)=6/6/97 err=0 verify(match/bug/late/unavail/toolna/cache/differ)=4/0/0/0/0/0/0 14s
[5] alajmo__mani ... OK gt(imp/impT/all)=25/28/52 err=0 verify(match/bug/late/unavail/toolna/cache/differ)=4/0/0/0/0/0/0 13s
[6] andygrunwald__go-gerrit ... OK gt(imp/impT/all)=1/1/2 err=0 verify(match/bug/late/unavail/toolna/cache/differ)=4/0/0/0/0/0/0 6s
[7] axllent__mailpit ... OK gt(imp/impT/all)=27/31/123 err=0 verify(match/bug/late/unavail/toolna/cache/differ)=4/0/0/0/0/0/0 32s
[3] hdt3213__godis ... OK gt(imp/impT/all)=55/55/87 err=0 verify(match/bug/late/unavail/toolna/cache/differ)=4/0/0/0/0/0/0 19s
[8] muir__libschema ... OK gt(imp/impT/all)=19/19/97 err=0 verify(match/bug/late/unavail/toolna/cache/differ)=4/0/0/0/0/0/0 21s
[4] ivanilves__lstags ... OK gt(imp/impT/all)=10/12/19 err=0 verify(match/bug/late/unavail/toolna/cache/differ)=4/0/0/0/0/0/0 11s
[9] twharmon__gosql ... OK gt(imp/impT/all)=1/3/3 err=0 verify(match/bug/late/unavail/toolna/cache/differ)=4/0/0/0/0/0/0 9s
[10] seborama__govcr ... OK gt(imp/impT/all)=21/24/40 err=0 verify(match/bug/late/unavail/toolna/cache/differ)=4/0/0/0/0/0/0 15s
[5] coregx__fursy ... OK gt(imp/impT/all)=16/28/33 err=0 verify(match/bug/late/unavail/toolna/cache/differ)=4/0/0/0/0/0/0 12s
[11] quii__learn-go-with-tests ... OK gt(imp/impT/all)=2/3/3 err=0 verify(match/bug/late/unavail/toolna/cache/differ)=4/0/0/0/0/0/0 9s
[12] foolin__goview ... OK gt(imp/impT/all)=2/2/2 err=0 verify(match/bug/late/unavail/toolna/cache/differ)=4/0/0/0/0/0/0 22s
[6] btnguyen2k__gocosmos ... OK gt(imp/impT/all)=6/7/7 err=0 verify(match/bug/late/unavail/toolna/cache/differ)=4/0/0/0/0/0/0 9s
[7] Fs02__grimoire ... OK gt(imp/impT/all)=48/48/144 err=0 verify(match/bug/late/unavail/toolna/cache/differ)=4/0/0/0/0/0/0 16s
[13] cmd-stream__cmd-stream-go ... OK gt(imp/impT/all)=11/12/12 err=0 verify(match/bug/late/unavail/toolna/cache/differ)=4/0/0/0/0/0/0 6s
[8] TrueFurby__go-callvis ... OK gt(imp/impT/all)=7/7/11 err=0 verify(match/bug/late/unavail/toolna/cache/differ)=4/0/0/0/0/0/0 7s
[14] go-external-config__aws ... OK gt(imp/impT/all)=21/21/25 err=0 verify(match/bug/late/unavail/toolna/cache/differ)=4/0/0/0/0/0/0 7s
[15] PerimeterX__marshmallow ... OK gt(imp/impT/all)=9/9/20 err=0 verify(match/bug/late/unavail/toolna/cache/differ)=4/0/0/0/0/0/0 11s
[9] kslamph__tronlib ... OK gt(imp/impT/all)=2/4/5 err=0 verify(match/bug/late/unavail/toolna/cache/differ)=4/0/0/0/0/0/0 8s
[16] andy2046__tik ... OK gt(imp/impT/all)=3/3/22 err=0 verify(match/bug/late/unavail/toolna/cache/differ)=4/0/0/0/0/0/0 9s
[17] hibiken__asynq ... OK gt(imp/impT/all)=10/11/23 err=0 verify(match/bug/late/unavail/toolna/cache/differ)=4/0/0/0/0/0/0 13s
[18] dixonwille__wlog ... OK gt(imp/impT/all)=1/5/10 err=0 verify(match/bug/late/unavail/toolna/cache/differ)=4/0/0/0/0/0/0 7s
[19] bogem__id3v2 ... OK gt(imp/impT/all)=1/1/2 err=0 verify(match/bug/late/unavail/toolna/cache/differ)=4/0/0/0/0/0/0 8s
[20] primetalk__goio ... OK gt(imp/impT/all)=17/21/201 err=0 verify(match/bug/late/unavail/toolna/cache/differ)=4/0/0/0/0/0/0 53s
OK gt(imp/impT/all)=3/7/13 err=0 verify(match/bug/late/unavail/toolna/cache/differ)=4/0/0/0/0/0/0 8s
[21] doors-dev__gox ... [10] shomali11__xredis ... OK gt(imp/impT/all)=2/6/6 err=0 verify(match/bug/late/unavail/toolna/cache/differ)=4/0/0/0/0/0/0 6s
[11] facebook__ent ... OK gt(imp/impT/all)=21/21/67 err=0 verify(match/bug/late/unavail/toolna/cache/differ)=4/0/0/0/0/0/0 25s
[22] ekkinox__yai ... OK gt(imp/impT/all)=37/44/91 err=0 verify(match/bug/late/unavail/toolna/cache/differ)=4/0/0/0/0/0/0 33s
[12] rekurt__go-propisyu ... OK gt(imp/impT/all)=1/5/7 err=0 verify(match/bug/late/unavail/toolna/cache/differ)=4/0/0/0/0/0/0 8s
[13] the4thamigo-uk__conflate ... OK gt(imp/impT/all)=7/10/11 err=0 verify(match/bug/late/unavail/toolna/cache/differ)=4/0/0/0/0/0/0 7s
[14] blind-oracle__cortex-tenant ... OK gt(imp/impT/all)=44/47/121 err=0 verify(match/bug/late/unavail/toolna/cache/differ)=4/0/0/0/0/0/0 45s
[23] dgraph-io__dgraph ... OK gt(imp/impT/all)=157/157/349 err=0 verify(match/bug/late/unavail/toolna/cache/differ)=4/0/0/0/0/0/0 53s
[24] donatj__mpo ... OK gt(imp/impT/all)=1/1/2 err=0 verify(match/bug/late/unavail/toolna/cache/differ)=4/0/0/0/0/0/0 7s
[25] kubernetes__kubernetes ... [supervise2] 中断された census2/rerun2/out/blind-oracle__cortex-tenant/ を掃除して再試行対象に戻す
[supervise2] 中断された census2/rerun2/out/kubernetes__kubernetes/ を掃除して再試行対象に戻す
[supervise2] 開始 2026-08-05T13:33:04Z 並列=3 対象=1528 PGID=2198
[supervise2] round 1: 済み 578 / 1528  2026-08-05T13:33:04Z
# rerun2 開始 2026-08-05T13:33:04.518Z 対象=1528 (SHA未記録=1→SKIP) 上限=Infinity
# 7月に main を除外できていなかった repo（予測集合。この集合の repo のみ july_main_bug を許す）= 7 件: Lifailon__lazyjournal antonmedv__fx box-cli-maker__box-cli-maker dghubble__sling dtgorski__typex homedepot__flop naughtygopher__errors
# 7月側の記録が使えず比較できない repo（july_unavailable。ゲートは通すが verify.csv に残す）= 9 件: codemodus__catena dimuska139__rawg-sdk-go ggicci__httpin kubernetes__kubernetes mehrdadrad__tcpdog presbrey__ollamafarm rakyll__hey tendermint__tendermint zRedShift__mimemagic
# rerun2 開始 2026-08-05T13:33:04.512Z 対象=1528 (SHA未記録=1→SKIP) 上限=Infinity
# 7月に main を除外できていなかった repo（予測集合。この集合の repo のみ july_main_bug を許す）= 7 件: Lifailon__lazyjournal antonmedv__fx box-cli-maker__box-cli-maker dghubble__sling dtgorski__typex homedepot__flop naughtygopher__errors
# 7月側の記録が使えず比較できない repo（july_unavailable。ゲートは通すが verify.csv に残す）= 9 件: codemodus__catena dimuska139__rawg-sdk-go ggicci__httpin kubernetes__kubernetes mehrdadrad__tcpdog presbrey__ollamafarm rakyll__hey tendermint__tendermint zRedShift__mimemagic
# rerun2 開始 2026-08-05T13:33:04.535Z 対象=1528 (SHA未記録=1→SKIP) 上限=Infinity
# 7月に main を除外できていなかった repo（予測集合。この集合の repo のみ july_main_bug を許す）= 7 件: Lifailon__lazyjournal antonmedv__fx box-cli-maker__box-cli-maker dghubble__sling dtgorski__typex homedepot__flop naughtygopher__errors
# 7月側の記録が使えず比較できない repo（july_unavailable。ゲートは通すが verify.csv に残す）= 9 件: codemodus__catena dimuska139__rawg-sdk-go ggicci__httpin kubernetes__kubernetes mehrdadrad__tcpdog presbrey__ollamafarm rakyll__hey tendermint__tendermint zRedShift__mimemagic
[1] blind-oracle__cortex-tenant ... [1] blind-oracle__cortex-tenant ... [1] blind-oracle__cortex-tenant ... SKIP(retryable/sha_fetch_failed)
SKIP(retryable/sha_fetch_failed)
[2] kubernetes__kubernetes ... [2] emperror__errors ... SKIP(retryable/sha_fetch_failed)
[2] hexdigest__gowrap ... OK gt(imp/impT/all)=3/3/7 err=0 verify(match/bug/late/unavail/toolna/cache/differ)=4/0/0/0/0/0/0 66s
[3] yeqown__go-qrcode ... OK gt(imp/impT/all)=16/21/77 err=0 verify(match/bug/late/unavail/toolna/cache/differ)=4/0/0/0/0/0/0 70s
[3] sideshow__apns2 ... OK gt(imp/impT/all)=2/6/34 err=0 verify(match/bug/late/unavail/toolna/cache/differ)=4/0/0/0/0/0/0 16s
[4] dgraph-io__badger ... OK gt(imp/impT/all)=7/11/18 err=0 verify(match/bug/late/unavail/toolna/cache/differ)=4/0/0/0/0/0/0 13s
[4] go-nunu__nunu ... OK gt(imp/impT/all)=12/12/33 err=0 verify(match/bug/late/unavail/toolna/cache/differ)=4/0/0/0/0/0/0 12s
[5] foxcpp__maddy ... OK gt(imp/impT/all)=18/22/35 err=0 verify(match/bug/late/unavail/toolna/cache/differ)=4/0/0/0/0/0/0 15s
[5] cockroachdb__cockroach ... OK gt(imp/impT/all)=195/195/0 err=2 verify(match/bug/late/unavail/toolna/cache/differ)=0/0/0/4/0/0/0 131s
[3] soypat__godesim ... OK gt(imp/impT/all)=2/2/37 err=0 verify(match/bug/late/unavail/toolna/cache/differ)=4/0/0/0/0/0/0 16s
[4] andrewstuart__goq ... OK gt(imp/impT/all)=3/6/12 err=0 verify(match/bug/late/unavail/toolna/cache/differ)=4/0/0/0/0/0/0 10s
[5] kubevela__kubevela ... OK gt(imp/impT/all)=106/108/403 err=0 verify(match/bug/late/unavail/toolna/cache/differ)=4/0/0/0/0/0/0 78s
[6] go-goyave__goyave ... OK gt(imp/impT/all)=77/81/384 err=0 verify(match/bug/late/unavail/toolna/cache/differ)=4/0/0/0/0/0/0 89s
[7] lucas-clemente__quic-go ... OK gt(imp/impT/all)=7/12/28 err=0 verify(match/bug/late/unavail/toolna/cache/differ)=4/0/0/0/0/0/0 11s
[8] ITcathyh__conexec ... OK gt(imp/impT/all)=1/2/2 err=0 verify(match/bug/late/unavail/toolna/cache/differ)=4/0/0/0/0/0/0 6s
[9] 32leaves__bel ... OK gt(imp/impT/all)=1/3/9 err=0 verify(match/bug/late/unavail/toolna/cache/differ)=4/0/0/0/0/0/0 16s
[10] gographics__imagick ... OK gt(imp/impT/all)=1/1/1 err=0 verify(match/bug/late/unavail/toolna/cache/differ)=4/0/0/0/0/0/0 7s
[11] wabarc__wayback ... OK gt(imp/impT/all)=401/407/1166 err=0 verify(match/bug/late/unavail/toolna/cache/differ)=4/0/0/0/0/0/0 272s
OK gt(imp/impT/all)=284/289/828 err=0 verify(match/bug/late/unavail/toolna/cache/differ)=4/0/0/0/0/0/0 214s
[6] mdempsky__unconvert ... [6] getsentry__sentry-go ... OK gt(imp/impT/all)=4/4/9 err=0 verify(match/bug/late/unavail/toolna/cache/differ)=4/0/0/0/0/0/0 22s
[7] abhimanyu003__sttr ... OK gt(imp/impT/all)=140/140/408 err=0 verify(match/bug/late/unavail/toolna/cache/differ)=4/0/0/0/0/0/0 93s
[12] pokanop__nostromo ... OK gt(imp/impT/all)=3/11/227 err=0 verify(match/bug/late/unavail/toolna/cache/differ)=4/0/0/0/0/0/0 35s
OK gt(imp/impT/all)=42/42/64 err=0 verify(match/bug/late/unavail/toolna/cache/differ)=4/0/0/0/0/0/0 15s
[8] incu6us__goimports-reviser ... [7] muir__nject ... OK gt(imp/impT/all)=2/6/8 err=0 verify(match/bug/late/unavail/toolna/cache/differ)=4/0/0/0/0/0/0 10s
[8] dnnrly__httpref ... OK gt(imp/impT/all)=4/8/18 err=0 verify(match/bug/late/unavail/toolna/cache/differ)=4/0/0/0/0/0/0 12s
[9] inancgumus__learngo ... OK gt(imp/impT/all)=10/10/12 err=0 verify(match/bug/late/unavail/toolna/cache/differ)=4/0/0/0/0/0/0 14s
[10] uniqush__uniqush-push ... OK gt(imp/impT/all)=20/31/183 err=0 verify(match/bug/late/unavail/toolna/cache/differ)=4/0/0/0/0/0/0 24s
[9] alexflint__go-arg ... OK gt(imp/impT/all)=54/54/327 err=0 verify(match/bug/late/unavail/toolna/cache/differ)=4/0/0/0/0/0/0 48s
[13] testcontainers__testcontainers-go ... OK gt(imp/impT/all)=6/6/24 err=0 verify(match/bug/late/unavail/toolna/cache/differ)=4/0/0/0/0/0/0 11s
[11] jaffee__commandeer ... OK gt(imp/impT/all)=1/5/7 err=0 verify(match/bug/late/unavail/toolna/cache/differ)=4/0/0/0/0/0/0 7s
[10] jmattheis__goverter ... OK gt(imp/impT/all)=2/2/94 err=0 verify(match/bug/late/unavail/toolna/cache/differ)=4/0/0/0/0/0/0 46s
[12] hedhyw__json-log-viewer ... OK gt(imp/impT/all)=4/8/22 err=0 verify(match/bug/late/unavail/toolna/cache/differ)=4/0/0/0/0/0/0 65s
[11] 1set__starlet ... OK gt(imp/impT/all)=34/34/59 err=0 verify(match/bug/late/unavail/toolna/cache/differ)=4/0/0/0/0/0/0 40s
[13] sdcoffey__techan ... OK gt(imp/impT/all)=12/12/25 err=0 verify(match/bug/late/unavail/toolna/cache/differ)=4/0/0/0/0/0/0 19s
[12] DeRuina__timberjack ... [supervise2] 中断された census2/rerun2/out/DeRuina__timberjack/ を掃除して再試行対象に戻す
[supervise2] 中断された census2/rerun2/out/sdcoffey__techan/ を掃除して再試行対象に戻す
[supervise2] 中断された census2/rerun2/out/testcontainers__testcontainers-go/ を掃除して再試行対象に戻す
[supervise2] 開始 2026-08-05T13:42:46Z 並列=3 対象=1528 PGID=15823
[supervise2] round 1: 済み 611 / 1528  2026-08-05T13:42:46Z
# rerun2 開始 2026-08-05T13:42:46.645Z 対象=1528 (SHA未記録=1→SKIP) 上限=Infinity
# 7月に main を除外できていなかった repo（予測集合。この集合の repo のみ july_main_bug を許す）= 7 件: Lifailon__lazyjournal antonmedv__fx box-cli-maker__box-cli-maker dghubble__sling dtgorski__typex homedepot__flop naughtygopher__errors
# 7月側の記録が使えず比較できない repo（july_unavailable。ゲートは通すが verify.csv に残す）= 9 件: codemodus__catena dimuska139__rawg-sdk-go ggicci__httpin kubernetes__kubernetes mehrdadrad__tcpdog presbrey__ollamafarm rakyll__hey tendermint__tendermint zRedShift__mimemagic
# rerun2 開始 2026-08-05T13:42:46.659Z 対象=1528 (SHA未記録=1→SKIP) 上限=Infinity
# 7月に main を除外できていなかった repo（予測集合。この集合の repo のみ july_main_bug を許す）= 7 件: Lifailon__lazyjournal antonmedv__fx box-cli-maker__box-cli-maker dghubble__sling dtgorski__typex homedepot__flop naughtygopher__errors
# 7月側の記録が使えず比較できない repo（july_unavailable。ゲートは通すが verify.csv に残す）= 9 件: codemodus__catena dimuska139__rawg-sdk-go ggicci__httpin kubernetes__kubernetes mehrdadrad__tcpdog presbrey__ollamafarm rakyll__hey tendermint__tendermint zRedShift__mimemagic
# rerun2 開始 2026-08-05T13:42:46.664Z 対象=1528 (SHA未記録=1→SKIP) 上限=Infinity
# 7月に main を除外できていなかった repo（予測集合。この集合の repo のみ july_main_bug を許す）= 7 件: Lifailon__lazyjournal antonmedv__fx box-cli-maker__box-cli-maker dghubble__sling dtgorski__typex homedepot__flop naughtygopher__errors
# 7月側の記録が使えず比較できない repo（july_unavailable。ゲートは通すが verify.csv に残す）= 9 件: codemodus__catena dimuska139__rawg-sdk-go ggicci__httpin kubernetes__kubernetes mehrdadrad__tcpdog presbrey__ollamafarm rakyll__hey tendermint__tendermint zRedShift__mimemagic
[1] testcontainers__testcontainers-go ... [1] sdcoffey__techan ... [1] DeRuina__timberjack ... OK gt(imp/impT/all)=5/5/7 err=0 verify(match/bug/late/unavail/toolna/cache/differ)=4/0/0/0/0/0/0 22s
[2] mattn__go-adodb ... OK gt(imp/impT/all)=1/2/2 err=0 verify(match/bug/late/unavail/toolna/cache/differ)=4/0/0/0/0/0/0 32s
[2] leebenson__conform ... OK gt(imp/impT/all)=2/2/5 err=0 verify(match/bug/late/unavail/toolna/cache/differ)=4/0/0/0/0/0/0 50s
[3] jaegertracing__jaeger ... OK gt(imp/impT/all)=1/7/16 err=0 verify(match/bug/late/unavail/toolna/cache/differ)=4/0/0/0/0/0/0 46s
[3] unrolled__render ... OK gt(imp/impT/all)=2/2/2 err=0 verify(match/bug/late/unavail/toolna/cache/differ)=4/0/0/0/0/0/0 8s
[4] shoobyban__sshman ... OK gt(imp/impT/all)=43/44/78 err=0 verify(match/bug/late/unavail/toolna/cache/differ)=4/0/0/0/0/0/0 109s
[2] hybridgroup__gocv ... OK gt(imp/impT/all)=9/13/176 err=0 verify(match/bug/late/unavail/toolna/cache/differ)=4/0/0/0/0/0/0 28s
[5] siddontang__go-mysql ... OK gt(imp/impT/all)=4/5/14 err=0 verify(match/bug/late/unavail/toolna/cache/differ)=4/0/0/0/0/0/0 9s
[3] deckarep__golang-set ... OK gt(imp/impT/all)=21/22/41 err=0 verify(match/bug/late/unavail/toolna/cache/differ)=4/0/0/0/0/0/0 18s
[6] Zxilly__go-size-analyzer ... OK gt(imp/impT/all)=1/1/13 err=0 verify(match/bug/late/unavail/toolna/cache/differ)=4/0/0/0/0/0/0 11s
[4] mus-format__mus-go ... OK gt(imp/impT/all)=4/4/8 err=0 verify(match/bug/late/unavail/toolna/cache/differ)=4/0/0/0/0/0/0 10s
[5] xujiajun__nutsdb ... OK gt(imp/impT/all)=13/13/20 err=0 verify(match/bug/late/unavail/toolna/cache/differ)=4/0/0/0/0/0/0 9s
[6] dustinblackman__gomodrun ... OK gt(imp/impT/all)=57/61/121 err=0 verify(match/bug/late/unavail/toolna/cache/differ)=4/0/0/0/0/0/0 32s
[7] mszostok__version ... OK gt(imp/impT/all)=6/15/43 err=0 verify(match/bug/late/unavail/toolna/cache/differ)=4/0/0/0/0/0/0 23s
[7] minio__minio ... OK gt(imp/impT/all)=29/32/55 err=0 verify(match/bug/late/unavail/toolna/cache/differ)=4/0/0/0/0/0/0 16s
[8] txn2__kubefwd ... OK gt(imp/impT/all)=316/320/589 err=0 verify(match/bug/late/unavail/toolna/cache/differ)=4/0/0/0/0/0/0 108s
[4] go-spring__spring-core ... OK gt(imp/impT/all)=15/15/41 err=0 verify(match/bug/late/unavail/toolna/cache/differ)=4/0/0/0/0/0/0 23s
[5] govalues__money ... OK gt(imp/impT/all)=1/1/1 err=0 verify(match/bug/late/unavail/toolna/cache/differ)=4/0/0/0/0/0/0 6s
[6] schollz__progressbar ... OK gt(imp/impT/all)=5/11/14 err=0 verify(match/bug/late/unavail/toolna/cache/differ)=4/0/0/0/0/0/0 8s
[7] VerizonDigital__vflow ... OK gt(imp/impT/all)=105/105/197 err=0 verify(match/bug/late/unavail/toolna/cache/differ)=4/0/0/0/0/0/0 45s
[9] matcornic__hermes ... OK gt(imp/impT/all)=38/38/156 err=0 verify(match/bug/late/unavail/toolna/cache/differ)=4/0/0/0/0/0/0 16s
[8] rulego__streamsql ... OK gt(imp/impT/all)=24/28/43 err=0 verify(match/bug/late/unavail/toolna/cache/differ)=4/0/0/0/0/0/0 12s
[10] tg123__go-htpasswd ... OK gt(imp/impT/all)=1/5/7 err=0 verify(match/bug/late/unavail/toolna/cache/differ)=4/0/0/0/0/0/0 9s
[9] Gituser143__cryptgo ... OK gt(imp/impT/all)=2/6/12 err=0 verify(match/bug/late/unavail/toolna/cache/differ)=4/0/0/0/0/0/0 9s
[11] gopinath-langote__1build ... OK gt(imp/impT/all)=22/22/106 err=0 verify(match/bug/late/unavail/toolna/cache/differ)=4/0/0/0/0/0/0 13s
[12] born-ml__born ... OK gt(imp/impT/all)=26/26/183 err=0 verify(match/bug/late/unavail/toolna/cache/differ)=4/0/0/0/0/0/0 20s
[10] elliotwutingfeng__go-fasttld ... OK gt(imp/impT/all)=9/13/16 err=0 verify(match/bug/late/unavail/toolna/cache/differ)=4/0/0/0/0/0/0 14s
[13] safedep__vet ... OK gt(imp/impT/all)=13/16/32 err=0 verify(match/bug/late/unavail/toolna/cache/differ)=4/0/0/0/0/0/0 11s
[11] progrium__darwinkit ... OK gt(imp/impT/all)=241/243/599 err=0 verify(match/bug/late/unavail/toolna/cache/differ)=4/0/0/0/0/0/0 115s
[8] denisenkom__go-mssqldb ... OK gt(imp/impT/all)=1/1/1 err=0 verify(match/bug/late/unavail/toolna/cache/differ)=4/0/0/0/0/0/0 14s
[12] k3s-io__k3s ... OK gt(imp/impT/all)=14/14/32 err=0 verify(match/bug/late/unavail/toolna/cache/differ)=4/0/0/0/0/0/0 20s
[9] gookit__rux ... OK gt(imp/impT/all)=6/6/8 err=0 verify(match/bug/late/unavail/toolna/cache/differ)=4/0/0/0/0/0/0 19s
[10] i-love-flamingo__dingo ... OK gt(imp/impT/all)=1/5/24 err=0 verify(match/bug/late/unavail/toolna/cache/differ)=4/0/0/0/0/0/0 18s
[11] gin-gonic__gin ... OK gt(imp/impT/all)=18/25/57 err=0 verify(match/bug/late/unavail/toolna/cache/differ)=4/0/0/0/0/0/0 20s
[12] jaschaephraim__lrserver ... OK gt(imp/impT/all)=2/7/25 err=0 verify(match/bug/late/unavail/toolna/cache/differ)=4/0/0/0/0/0/0 12s
[13] microcosm-cc__bluemonday ... OK gt(imp/impT/all)=3/3/7 err=0 verify(match/bug/late/unavail/toolna/cache/differ)=4/0/0/0/0/0/0 7s
[14] kevincobain2000__gobrew ... OK gt(imp/impT/all)=15/19/28 err=0 verify(match/bug/late/unavail/toolna/cache/differ)=4/0/0/0/0/0/0 10s
[15] daveshanley__vacuum ... OK gt(imp/impT/all)=94/95/242 err=0 verify(match/bug/late/unavail/toolna/cache/differ)=4/0/0/0/0/0/0 55s
[16] artonge__go-gtfs ... OK gt(imp/impT/all)=1/1/1 err=0 verify(match/bug/late/unavail/toolna/cache/differ)=4/0/0/0/0/0/0 5s
[17] elithrar__simple-scrypt ... OK gt(imp/impT/all)=1/1/5 err=0 verify(match/bug/late/unavail/toolna/cache/differ)=4/0/0/0/0/0/0 7s
[18] nilpoona__zerohand ... OK gt(imp/impT/all)=3/3/8 err=0 verify(match/bug/late/unavail/toolna/cache/differ)=4/0/0/0/0/0/0 6s
[19] mvdan__xurls ... OK gt(imp/impT/all)=1/3/9 err=0 verify(match/bug/late/unavail/toolna/cache/differ)=4/0/0/0/0/0/0 8s
[20] gontainer__gontainer ... OK gt(imp/impT/all)=419/419/1112 err=0 verify(match/bug/late/unavail/toolna/cache/differ)=4/0/0/0/0/0/0 193s
[13] indeedeng__iwf ... OK gt(imp/impT/all)=12/15/61 err=0 verify(match/bug/late/unavail/toolna/cache/differ)=4/0/0/0/0/0/0 10s
[21] zerosnake0__goctx ... OK gt(imp/impT/all)=1/6/8 err=0 verify(match/bug/late/unavail/toolna/cache/differ)=4/0/0/0/0/0/0 7s
[22] hyperonym__ratus ... OK gt(imp/impT/all)=437/437/1132 err=0 verify(match/bug/late/unavail/toolna/cache/differ)=4/0/0/0/0/0/0 239s
[14] kazu__loncha ... OK gt(imp/impT/all)=40/40/82 err=0 verify(match/bug/late/unavail/toolna/cache/differ)=4/0/0/0/0/0/0 19s
[23] leodido__structcli ... OK gt(imp/impT/all)=93/93/238 err=0 verify(match/bug/late/unavail/toolna/cache/differ)=4/0/0/0/0/0/0 34s
[14] borderstech__artifex ... OK gt(imp/impT/all)=1/4/5 err=0 verify(match/bug/late/unavail/toolna/cache/differ)=4/0/0/0/0/0/0 7s
[15] mgtv-tech__jetcache-go ... OK gt(imp/impT/all)=7/11/320 err=0 verify(match/bug/late/unavail/toolna/cache/differ)=4/0/0/0/0/0/0 18s
[15] ulule__limiter ... OK gt(imp/impT/all)=19/35/74 err=0 verify(match/bug/late/unavail/toolna/cache/differ)=4/0/0/0/0/0/0 17s
[24] a8m__rql ... OK gt(imp/impT/all)=14/28/61 err=0 verify(match/bug/late/unavail/toolna/cache/differ)=4/0/0/0/0/0/0 14s
[16] minio__minio-go ... OK gt(imp/impT/all)=5/6/17 err=0 verify(match/bug/late/unavail/toolna/cache/differ)=4/0/0/0/0/0/0 9s
[25] blind-oracle__nginx-prometheus ... OK gt(imp/impT/all)=27/27/50 err=0 verify(match/bug/late/unavail/toolna/cache/differ)=4/0/0/0/0/0/0 13s
[16] skeema__skeema ... OK gt(imp/impT/all)=9/9/14 err=0 verify(match/bug/late/unavail/toolna/cache/differ)=4/0/0/0/0/0/0 10s
[17] rjeczalik__notify ... OK gt(imp/impT/all)=1/1/1 err=0 verify(match/bug/late/unavail/toolna/cache/differ)=4/0/0/0/0/0/0 8s
[18] gordonklaus__portaudio ... [supervise2] 中断された census2/rerun2/out/blind-oracle__nginx-prometheus/ を掃除して再試行対象に戻す
[supervise2] 中断された census2/rerun2/out/gordonklaus__portaudio/ を掃除して再試行対象に戻す
[supervise2] 中断された census2/rerun2/out/minio__minio-go/ を掃除して再試行対象に戻す
[supervise2] 開始 2026-08-05T13:52:29Z 並列=3 対象=1528 PGID=1203
[supervise2] round 1: 済み 667 / 1528  2026-08-05T13:52:29Z
# rerun2 開始 2026-08-05T13:52:29.871Z 対象=1528 (SHA未記録=1→SKIP) 上限=Infinity
# 7月に main を除外できていなかった repo（予測集合。この集合の repo のみ july_main_bug を許す）= 7 件: Lifailon__lazyjournal antonmedv__fx box-cli-maker__box-cli-maker dghubble__sling dtgorski__typex homedepot__flop naughtygopher__errors
# 7月側の記録が使えず比較できない repo（july_unavailable。ゲートは通すが verify.csv に残す）= 9 件: codemodus__catena dimuska139__rawg-sdk-go ggicci__httpin kubernetes__kubernetes mehrdadrad__tcpdog presbrey__ollamafarm rakyll__hey tendermint__tendermint zRedShift__mimemagic
# rerun2 開始 2026-08-05T13:52:29.870Z 対象=1528 (SHA未記録=1→SKIP) 上限=Infinity
# 7月に main を除外できていなかった repo（予測集合。この集合の repo のみ july_main_bug を許す）= 7 件: Lifailon__lazyjournal antonmedv__fx box-cli-maker__box-cli-maker dghubble__sling dtgorski__typex homedepot__flop naughtygopher__errors
# 7月側の記録が使えず比較できない repo（july_unavailable。ゲートは通すが verify.csv に残す）= 9 件: codemodus__catena dimuska139__rawg-sdk-go ggicci__httpin kubernetes__kubernetes mehrdadrad__tcpdog presbrey__ollamafarm rakyll__hey tendermint__tendermint zRedShift__mimemagic
# rerun2 開始 2026-08-05T13:52:29.870Z 対象=1528 (SHA未記録=1→SKIP) 上限=Infinity
# 7月に main を除外できていなかった repo（予測集合。この集合の repo のみ july_main_bug を許す）= 7 件: Lifailon__lazyjournal antonmedv__fx box-cli-maker__box-cli-maker dghubble__sling dtgorski__typex homedepot__flop naughtygopher__errors
# 7月側の記録が使えず比較できない repo（july_unavailable。ゲートは通すが verify.csv に残す）= 9 件: codemodus__catena dimuska139__rawg-sdk-go ggicci__httpin kubernetes__kubernetes mehrdadrad__tcpdog presbrey__ollamafarm rakyll__hey tendermint__tendermint zRedShift__mimemagic
[1] minio__minio-go ... [1] blind-oracle__nginx-prometheus ... [1] gordonklaus__portaudio ... OK gt(imp/impT/all)=1/1/1 err=0 verify(match/bug/late/unavail/toolna/cache/differ)=4/0/0/0/0/0/0 9s
[2] mehrdadrad__tcpdog ... OK gt(imp/impT/all)=14/18/213 err=0 verify(match/bug/late/unavail/toolna/cache/differ)=4/0/0/0/0/0/0 32s
OK gt(imp/impT/all)=42/44/99 err=0 verify(match/bug/late/unavail/toolna/cache/differ)=0/0/0/4/0/0/0 23s
[3] i-love-flamingo__flamingo ... [2] blind-oracle__psql-streamer ... OK gt(imp/impT/all)=18/18/405 err=0 verify(match/bug/late/unavail/toolna/cache/differ)=4/0/0/0/0/0/0 39s
[2] nikolaydubina__watchhttp ... OK gt(imp/impT/all)=3/4/9 err=0 verify(match/bug/late/unavail/toolna/cache/differ)=4/0/0/0/0/0/0 10s
[3] sosedoff__pgweb ... OK gt(imp/impT/all)=33/36/125 err=0 verify(match/bug/late/unavail/toolna/cache/differ)=4/0/0/0/0/0/0 21s
[3] kazhuravlev__just ... OK gt(imp/impT/all)=2/6/12 err=0 verify(match/bug/late/unavail/toolna/cache/differ)=4/0/0/0/0/0/0 9s
[4] PuerkitoBio__goquery ... OK gt(imp/impT/all)=35/39/86 err=0 verify(match/bug/late/unavail/toolna/cache/differ)=4/0/0/0/0/0/0 19s
OK gt(imp/impT/all)=63/64/230 err=0 verify(match/bug/late/unavail/toolna/cache/differ)=4/0/0/0/0/0/0 36s
[4] fogleman__nes ... [4] aymanhs__nanotdb ... OK gt(imp/impT/all)=2/2/6 err=0 verify(match/bug/late/unavail/toolna/cache/differ)=4/0/0/0/0/0/0 7s
[5] ClickHouse__clickhouse-go ... OK gt(imp/impT/all)=3/3/3 err=0 verify(match/bug/late/unavail/toolna/cache/differ)=4/0/0/0/0/0/0 9s
[5] shomali11__util ... OK gt(imp/impT/all)=2/2/2 err=0 verify(match/bug/late/unavail/toolna/cache/differ)=4/0/0/0/0/0/0 10s
[5] datarootsio__tf-profile ... OK gt(imp/impT/all)=1/4/4 err=0 verify(match/bug/late/unavail/toolna/cache/differ)=4/0/0/0/0/0/0 6s
[6] bykof__gostradamus ... OK gt(imp/impT/all)=7/11/19 err=0 verify(match/bug/late/unavail/toolna/cache/differ)=4/0/0/0/0/0/0 7s
[6] go-playground__log ... OK gt(imp/impT/all)=1/5/7 err=0 verify(match/bug/late/unavail/toolna/cache/differ)=4/0/0/0/0/0/0 7s
[7] DylanMeeus__hasgo ... OK gt(imp/impT/all)=55/56/105 err=0 verify(match/bug/late/unavail/toolna/cache/differ)=4/0/0/0/0/0/0 23s
[6] matm__go-nowpayments ... OK gt(imp/impT/all)=4/4/8 err=0 verify(match/bug/late/unavail/toolna/cache/differ)=4/0/0/0/0/0/0 9s
[7] volatiletech__authboss ... OK gt(imp/impT/all)=6/6/7 err=0 verify(match/bug/late/unavail/toolna/cache/differ)=4/0/0/0/0/0/0 7s
[7] hashicorp__cli ... OK gt(imp/impT/all)=2/2/8 err=0 verify(match/bug/late/unavail/toolna/cache/differ)=4/0/0/0/0/0/0 9s
[8] zoharbabin__web-researcher-mcp ... OK gt(imp/impT/all)=5/6/16 err=0 verify(match/bug/late/unavail/toolna/cache/differ)=4/0/0/0/0/0/0 14s
[8] krayzpipes__cronticker ... OK gt(imp/impT/all)=20/20/35 err=0 verify(match/bug/late/unavail/toolna/cache/differ)=4/0/0/0/0/0/0 10s
[8] dghubble__gologin ... OK gt(imp/impT/all)=1/1/1 err=0 verify(match/bug/late/unavail/toolna/cache/differ)=4/0/0/0/0/0/0 8s
[9] nsf__termbox-go ... OK gt(imp/impT/all)=3/3/3 err=0 verify(match/bug/late/unavail/toolna/cache/differ)=4/0/0/0/0/0/0 9s
[10] murlokswarm__app ... OK gt(imp/impT/all)=6/10/22 err=0 verify(match/bug/late/unavail/toolna/cache/differ)=4/0/0/0/0/0/0 11s
[11] chanify__chanify ... OK gt(imp/impT/all)=34/34/74 err=0 verify(match/bug/late/unavail/toolna/cache/differ)=4/0/0/0/0/0/0 32s
[9] mjl-__mox ... OK gt(imp/impT/all)=23/23/67 err=0 verify(match/bug/late/unavail/toolna/cache/differ)=4/0/0/0/0/0/0 15s
[10] eduardonunesp__sslb ... OK gt(imp/impT/all)=7/7/14 err=0 verify(match/bug/late/unavail/toolna/cache/differ)=4/0/0/0/0/0/0 6s
[11] nats-io__nats.go ... OK gt(imp/impT/all)=34/36/444 err=0 verify(match/bug/late/unavail/toolna/cache/differ)=4/0/0/0/0/0/0 68s
[9] knadh__koanf ... OK gt(imp/impT/all)=42/43/167 err=0 verify(match/bug/late/unavail/toolna/cache/differ)=4/0/0/0/0/0/0 46s
[12] kelseyhightower__confd ... OK gt(imp/impT/all)=6/12/24 err=0 verify(match/bug/late/unavail/toolna/cache/differ)=4/0/0/0/0/0/0 31s
[12] marrow16__valix ... OK gt(imp/impT/all)=4/8/16 err=0 verify(match/bug/late/unavail/toolna/cache/differ)=4/0/0/0/0/0/0 11s
[13] golang-migrate__migrate ... OK gt(imp/impT/all)=4/4/221 err=0 verify(match/bug/late/unavail/toolna/cache/differ)=4/0/0/0/0/0/0 39s
[10] go-swagger__go-swagger ... OK gt(imp/impT/all)=51/51/261 err=0 verify(match/bug/late/unavail/toolna/cache/differ)=4/0/0/0/0/0/0 35s
[13] yahoo__vssh ... OK gt(imp/impT/all)=66/66/92 err=0 verify(match/bug/late/unavail/toolna/cache/differ)=4/0/0/0/0/0/0 18s
[11] goravel__goravel ... OK gt(imp/impT/all)=1/3/14 err=0 verify(match/bug/late/unavail/toolna/cache/differ)=4/0/0/0/0/0/0 13s
[14] mfridman__tparse ... OK gt(imp/impT/all)=14/18/24 err=0 verify(match/bug/late/unavail/toolna/cache/differ)=4/0/0/0/0/0/0 12s
[15] shoriwe__fullproxy ... OK gt(imp/impT/all)=38/38/63 err=0 verify(match/bug/late/unavail/toolna/cache/differ)=4/0/0/0/0/0/0 14s
[16] hsluoyz__casbin ... OK gt(imp/impT/all)=3/3/3 err=0 verify(match/bug/late/unavail/toolna/cache/differ)=4/0/0/0/0/0/0 6s
[17] pressly__goose ... OK gt(imp/impT/all)=137/137/239 err=0 verify(match/bug/late/unavail/toolna/cache/differ)=4/0/0/0/0/0/0 42s
[12] yookoala__restit ... OK gt(imp/impT/all)=2/2/8 err=0 verify(match/bug/late/unavail/toolna/cache/differ)=4/0/0/0/0/0/0 10s
[13] panjf2000__ants ... OK gt(imp/impT/all)=1/5/7 err=0 verify(match/bug/late/unavail/toolna/cache/differ)=4/0/0/0/0/0/0 8s
[14] wneessen__go-mail ... OK gt(imp/impT/all)=175/183/502 err=0 verify(match/bug/late/unavail/toolna/cache/differ)=4/0/0/0/0/0/0 89s
OK gt(imp/impT/all)=2/2/8 err=0 verify(match/bug/late/unavail/toolna/cache/differ)=4/0/0/0/0/0/0 8s
[15] alexcfv__go-pcaplite ... [14] k0kubun__pp ... OK gt(imp/impT/all)=1/1/10 err=0 verify(match/bug/late/unavail/toolna/cache/differ)=4/0/0/0/0/0/0 6s
[16] reugn__wifiqr ... OK gt(imp/impT/all)=4/4/7 err=0 verify(match/bug/late/unavail/toolna/cache/differ)=4/0/0/0/0/0/0 7s
[15] mailgun__mailgun-go ... OK gt(imp/impT/all)=5/5/13 err=0 verify(match/bug/late/unavail/toolna/cache/differ)=4/0/0/0/0/0/0 6s
[17] adelowo__gulter ... OK gt(imp/impT/all)=75/75/208 err=0 verify(match/bug/late/unavail/toolna/cache/differ)=4/0/0/0/0/0/0 44s
[18] vimeda__pletter ... OK gt(imp/impT/all)=2/2/4 err=0 verify(match/bug/late/unavail/toolna/cache/differ)=4/0/0/0/0/0/0 6s
[19] ungerik__go3d ... OK gt(imp/impT/all)=36/42/62 err=0 verify(match/bug/late/unavail/toolna/cache/differ)=4/0/0/0/0/0/0 14s
[18] mxschmitt__playwright-go ... OK gt(imp/impT/all)=1/1/1 err=0 verify(match/bug/late/unavail/toolna/cache/differ)=4/0/0/0/0/0/0 5s
[20] viccon__sturdyc ... OK gt(imp/impT/all)=3/7/77 err=0 verify(match/bug/late/unavail/toolna/cache/differ)=4/0/0/0/0/0/0 23s
[16] guumaster__hostctl ... OK gt(imp/impT/all)=3/13/32 err=0 verify(match/bug/late/unavail/toolna/cache/differ)=4/0/0/0/0/0/0 9s
[19] charmbracelet__wish ... OK gt(imp/impT/all)=1/2/2 err=0 verify(match/bug/late/unavail/toolna/cache/differ)=4/0/0/0/0/0/0 9s
[21] hedzr__cmdr ... OK gt(imp/impT/all)=25/28/105 err=0 verify(match/bug/late/unavail/toolna/cache/differ)=4/0/0/0/0/0/0 17s
[17] cockroachdb__pebble ... OK gt(imp/impT/all)=12/12/20 err=0 verify(match/bug/late/unavail/toolna/cache/differ)=4/0/0/0/0/0/0 12s
[22] nstratos__go-myanimelist ... OK gt(imp/impT/all)=43/45/80 err=0 verify(match/bug/late/unavail/toolna/cache/differ)=4/0/0/0/0/0/0 18s
[20] HugoSmits86__nativewebp ... OK gt(imp/impT/all)=1/1/3 err=0 verify(match/bug/late/unavail/toolna/cache/differ)=4/0/0/0/0/0/0 8s
[23] esurdam__go-sophos ... OK gt(imp/impT/all)=1/1/2 err=0 verify(match/bug/late/unavail/toolna/cache/differ)=4/0/0/0/0/0/0 8s
[21] fclairamb__ftpserverlib ... OK gt(imp/impT/all)=2/2/3 err=0 verify(match/bug/late/unavail/toolna/cache/differ)=4/0/0/0/0/0/0 8s
[24] oaswrap__spec ... OK gt(imp/impT/all)=3/8/13 err=0 verify(match/bug/late/unavail/toolna/cache/differ)=4/0/0/0/0/0/0 17s
[22] asticode__go-astisub ... OK gt(imp/impT/all)=7/7/197 err=0 verify(match/bug/late/unavail/toolna/cache/differ)=4/0/0/0/0/0/0 22s
[25] gontainer__reflectpro ... OK gt(imp/impT/all)=4/8/14 err=0 verify(match/bug/late/unavail/toolna/cache/differ)=4/0/0/0/0/0/0 7s
[23] deatil__go-jwt ... OK gt(imp/impT/all)=2/2/5 err=0 verify(match/bug/late/unavail/toolna/cache/differ)=4/0/0/0/0/0/0 7s
[24] pingcap__failpoint ... OK gt(imp/impT/all)=1/5/7 err=0 verify(match/bug/late/unavail/toolna/cache/differ)=4/0/0/0/0/0/0 8s
[26] rubenv__sql-migrate ... OK gt(imp/impT/all)=3/8/16 err=0 verify(match/bug/late/unavail/toolna/cache/differ)=4/0/0/0/0/0/0 11s
[25] rekby__fastuuid ... OK gt(imp/impT/all)=50/54/238 err=0 verify(match/bug/late/unavail/toolna/cache/differ)=4/0/0/0/0/0/0 57s
[18] kilgaloon__leprechaun ... OK gt(imp/impT/all)=30/34/71 err=0 verify(match/bug/late/unavail/toolna/cache/differ)=4/0/0/0/0/0/0 13s
[27] peczenyj__structalign ... OK gt(imp/impT/all)=1/5/7 err=0 verify(match/bug/late/unavail/toolna/cache/differ)=4/0/0/0/0/0/0 7s
[26] appleboy__drone-line ... OK gt(imp/impT/all)=18/21/37 err=0 verify(match/bug/late/unavail/toolna/cache/differ)=4/0/0/0/0/0/0 10s
[19] ichiban__prolog ... OK gt(imp/impT/all)=18/18/25 err=0 verify(match/bug/late/unavail/toolna/cache/differ)=4/0/0/0/0/0/0 11s
[28] elazarl__goproxy ... OK gt(imp/impT/all)=32/36/59 err=0 verify(match/bug/late/unavail/toolna/cache/differ)=4/0/0/0/0/0/0 12s
[27] miku__zek ... OK gt(imp/impT/all)=2/7/13 err=0 verify(match/bug/late/unavail/toolna/cache/differ)=4/0/0/0/0/0/0 7s
[20] pariz__gountries ... OK gt(imp/impT/all)=2/7/15 err=0 verify(match/bug/late/unavail/toolna/cache/differ)=4/0/0/0/0/0/0 12s
[29] Bilibili__discovery ... OK gt(imp/impT/all)=1/4/6 err=0 verify(match/bug/late/unavail/toolna/cache/differ)=4/0/0/0/0/0/0 8s
[21] gogpu__gogpu ... OK gt(imp/impT/all)=3/3/9 err=0 verify(match/bug/late/unavail/toolna/cache/differ)=4/0/0/0/0/0/0 9s
[28] Guitarbum722__align ... OK gt(imp/impT/all)=1/1/1 err=0 verify(match/bug/late/unavail/toolna/cache/differ)=4/0/0/0/0/0/0 7s
[29] documize__community ... OK gt(imp/impT/all)=6/6/7 err=0 verify(match/bug/late/unavail/toolna/cache/differ)=4/0/0/0/0/0/0 10s
[22] cossacklabs__acra ... OK gt(imp/impT/all)=23/27/211 err=0 verify(match/bug/late/unavail/toolna/cache/differ)=4/0/0/0/0/0/0 25s
[30] couchbase__go-couchbase ... OK gt(imp/impT/all)=39/39/80 err=0 verify(match/bug/late/unavail/toolna/cache/differ)=4/0/0/0/0/0/0 19s
[30] zRedShift__mimemagic ... OK gt(imp/impT/all)=2/2/10 err=0 verify(match/bug/late/unavail/toolna/cache/differ)=0/0/0/4/0/0/0 11s
[31] mymmrac__telego ... OK gt(imp/impT/all)=10/10/28 err=0 verify(match/bug/late/unavail/toolna/cache/differ)=4/0/0/0/0/0/0 15s
[31] paololazzari__play ... OK gt(imp/impT/all)=14/14/31 err=0 verify(match/bug/late/unavail/toolna/cache/differ)=4/0/0/0/0/0/0 11s
[32] nikolaydubina__calendarheatmap ... OK gt(imp/impT/all)=7/11/30 err=0 verify(match/bug/late/unavail/toolna/cache/differ)=4/0/0/0/0/0/0 15s
[32] kyoh86__richgo ... OK gt(imp/impT/all)=7/11/13 err=0 verify(match/bug/late/unavail/toolna/cache/differ)=4/0/0/0/0/0/0 7s
[33] jeroenrinzema__commander ... OK gt(imp/impT/all)=2/2/13 err=0 verify(match/bug/late/unavail/toolna/cache/differ)=4/0/0/0/0/0/0 10s
[33] fastschema__fastschema ... OK gt(imp/impT/all)=110/110/367 err=0 verify(match/bug/late/unavail/toolna/cache/differ)=4/0/0/0/0/0/0 55s
[23] hybridgroup__gobot ... OK gt(imp/impT/all)=25/29/73 err=0 verify(match/bug/late/unavail/toolna/cache/differ)=4/0/0/0/0/0/0 23s
[24] Henry-Sarabia__igdb ... OK gt(imp/impT/all)=4/4/5 err=0 verify(match/bug/late/unavail/toolna/cache/differ)=4/0/0/0/0/0/0 8s
[25] drewstinnett__go-output-format ... OK gt(imp/impT/all)=1/1/2 err=0 verify(match/bug/late/unavail/toolna/cache/differ)=4/0/0/0/0/0/0 8s
[26] no-src__nscache ... OK gt(imp/impT/all)=12/12/368 err=0 verify(match/bug/late/unavail/toolna/cache/differ)=4/0/0/0/0/0/0 45s
[34] unix4fun__naclpipe ... OK gt(imp/impT/all)=2/2/2 err=0 verify(match/bug/late/unavail/toolna/cache/differ)=4/0/0/0/0/0/0 6s
[35] kak-tus__nan ... OK gt(imp/impT/all)=9/13/21 err=0 verify(match/bug/late/unavail/toolna/cache/differ)=4/0/0/0/0/0/0 7s
[36] otiai10__copy ... OK gt(imp/impT/all)=2/3/3 err=0 verify(match/bug/late/unavail/toolna/cache/differ)=4/0/0/0/0/0/0 5s
[37] pipe-cd__pipecd ... OK gt(imp/impT/all)=41/41/104 err=0 verify(match/bug/late/unavail/toolna/cache/differ)=4/0/0/0/0/0/0 23s
[27] ndabAP__entitydebs ... [supervise2] 中断された census2/rerun2/out/fastschema__fastschema/ を掃除して再試行対象に戻す
[supervise2] 中断された census2/rerun2/out/ndabAP__entitydebs/ を掃除して再試行対象に戻す
[supervise2] 中断された census2/rerun2/out/pipe-cd__pipecd/ を掃除して再試行対象に戻す
[supervise2] 開始 2026-08-05T14:19:24Z 並列=3 対象=1528 PGID=2559
[supervise2] round 1: 済み 761 / 1528  2026-08-05T14:19:24Z
# rerun2 開始 2026-08-05T14:19:24.855Z 対象=1528 (SHA未記録=1→SKIP) 上限=Infinity
# 7月に main を除外できていなかった repo（予測集合。この集合の repo のみ july_main_bug を許す）= 7 件: Lifailon__lazyjournal antonmedv__fx box-cli-maker__box-cli-maker dghubble__sling dtgorski__typex homedepot__flop naughtygopher__errors
# 7月側の記録が使えず比較できない repo（july_unavailable。ゲートは通すが verify.csv に残す）= 9 件: codemodus__catena dimuska139__rawg-sdk-go ggicci__httpin kubernetes__kubernetes mehrdadrad__tcpdog presbrey__ollamafarm rakyll__hey tendermint__tendermint zRedShift__mimemagic
# rerun2 開始 2026-08-05T14:19:24.941Z 対象=1528 (SHA未記録=1→SKIP) 上限=Infinity
# 7月に main を除外できていなかった repo（予測集合。この集合の repo のみ july_main_bug を許す）= 7 件: Lifailon__lazyjournal antonmedv__fx box-cli-maker__box-cli-maker dghubble__sling dtgorski__typex homedepot__flop naughtygopher__errors
# 7月側の記録が使えず比較できない repo（july_unavailable。ゲートは通すが verify.csv に残す）= 9 件: codemodus__catena dimuska139__rawg-sdk-go ggicci__httpin kubernetes__kubernetes mehrdadrad__tcpdog presbrey__ollamafarm rakyll__hey tendermint__tendermint zRedShift__mimemagic
# rerun2 開始 2026-08-05T14:19:24.956Z 対象=1528 (SHA未記録=1→SKIP) 上限=Infinity
# 7月に main を除外できていなかった repo（予測集合。この集合の repo のみ july_main_bug を許す）= 7 件: Lifailon__lazyjournal antonmedv__fx box-cli-maker__box-cli-maker dghubble__sling dtgorski__typex homedepot__flop naughtygopher__errors
# 7月側の記録が使えず比較できない repo（july_unavailable。ゲートは通すが verify.csv に残す）= 9 件: codemodus__catena dimuska139__rawg-sdk-go ggicci__httpin kubernetes__kubernetes mehrdadrad__tcpdog presbrey__ollamafarm rakyll__hey tendermint__tendermint zRedShift__mimemagic
[1] fastschema__fastschema ... [1] fastschema__fastschema ... [1] fastschema__fastschema ... SKIP(retryable/sha_fetch_failed)
[2] pipe-cd__pipecd ... SKIP(permanent/no_go_mod)
node:internal/fs/rimraf:203
      throw err;
      ^

Error: ENOTEMPTY: directory not empty, rmdir '/tmp/rr2_fastschema__fastschema/src'
    at Object.rmdirSync (node:fs:1193:11)
    at _rmdirSync (node:internal/fs/rimraf:261:21)
    at rimrafSync (node:internal/fs/rimraf:194:7)
    at node:internal/fs/rimraf:254:9
    at Array.forEach (<anonymous>)
    at _rmdirSync (node:internal/fs/rimraf:251:7)
    at rimrafSync (node:internal/fs/rimraf:194:7)
    at Object.rmSync (node:fs:1239:10)
    at Object.<anonymous> (/workspace/sbom/census2/rerun2/rerun2.js:254:44)
    at Module._compile (node:internal/modules/cjs/loader:1705:14) {
  errno: -39,
  code: 'ENOTEMPTY',
  syscall: 'rmdir',
  path: '/tmp/rr2_fastschema__fastschema/src'
}

Node.js v22.22.2
SKIP(retryable/sha_fetch_failed)
[2] ndabAP__entitydebs ... OK gt(imp/impT/all)=29/30/79 err=0 verify(match/bug/late/unavail/toolna/cache/differ)=4/0/0/0/0/0/0 100s
[3] hedhyw__gherkingen ... OK gt(imp/impT/all)=6/10/22 err=0 verify(match/bug/late/unavail/toolna/cache/differ)=4/0/0/0/0/0/0 8s
[4] pupizoid__ormlite ... OK gt(imp/impT/all)=4/7/7 err=0 verify(match/bug/late/unavail/toolna/cache/differ)=4/0/0/0/0/0/0 5s
[5] apex__log ... OK gt(imp/impT/all)=18/23/48 err=0 verify(match/bug/late/unavail/toolna/cache/differ)=4/0/0/0/0/0/0 12s
[6] timothyye__godns ... OK gt(imp/impT/all)=172/198/554 err=0 verify(match/bug/late/unavail/toolna/cache/differ)=4/0/0/0/0/0/0 135s
[3] leonelquinteros__gotext ... OK gt(imp/impT/all)=33/33/66 err=0 verify(match/bug/late/unavail/toolna/cache/differ)=4/0/0/0/0/0/0 16s
[7] markbates__goth ... OK gt(imp/impT/all)=3/3/8 err=0 verify(match/bug/late/unavail/toolna/cache/differ)=4/0/0/0/0/0/0 8s
[4] furdarius__rabbitroutine ... OK gt(imp/impT/all)=3/7/13 err=0 verify(match/bug/late/unavail/toolna/cache/differ)=4/0/0/0/0/0/0 7s
[5] piaohao__godis ... OK gt(imp/impT/all)=19/25/44 err=0 verify(match/bug/late/unavail/toolna/cache/differ)=4/0/0/0/0/0/0 10s
[8] shenwei356__taxonkit ... OK gt(imp/impT/all)=1/4/6 err=0 verify(match/bug/late/unavail/toolna/cache/differ)=4/0/0/0/0/0/0 7s
[6] arl__statsviz ... OK gt(imp/impT/all)=1/3/10 err=0 verify(match/bug/late/unavail/toolna/cache/differ)=4/0/0/0/0/0/0 26s
[7] mholt__archives ...   differ=1 → module cache を温めて取り直す
  再判定: cache_sensitive=0 differ=1
# ★ 未説明の differ=1 at shenwei356__taxonkit [trivy] — 温め直しても7月を再現しなかった
# → STOP を作成し全ワーカーを停止する（未調査の再現失敗のため）
OK gt(imp/impT/all)=31/31/74 err=0 verify(match/bug/late/unavail/toolna/cache/differ)=3/0/0/0/0/0/1 41s
# STOP を検出したので停止する: unexplained differ=1 at shenwei356__taxonkit [trivy] (2026-08-05T14:23:38.814Z) pid=2581

# 完了 処理=8 成功=763 SKIP=1
# 検証 match=27 july_main_bug=0 july_main_bug_late=0 july_unavailable=0 july_tool_na=0 cache_sensitive=0 differ=1
# ★ differ=1 — 報告のトリガー
OK gt(imp/impT/all)=19/19/81 err=0 verify(match/bug/late/unavail/toolna/cache/differ)=4/0/0/0/0/0/0 24s
# STOP を検出したので停止する: unexplained differ=1 at shenwei356__taxonkit [trivy] (2026-08-05T14:23:38.814Z) pid=2581

# 完了 処理=7 成功=765 SKIP=1
# 検証 match=24 july_main_bug=0 july_main_bug_late=0 july_unavailable=0 july_tool_na=0 cache_sensitive=0 differ=0
[supervise2] STOP を検出したので再投入しない: unexplained differ=1 at shenwei356__taxonkit [trivy] (2026-08-05T14:23:38.814Z) pid=2581
[supervise2] 終了 2026-08-05T14:23:54Z
[supervise2] 開始 2026-08-05T14:26:31Z 並列=3 対象=1528 PGID=8552
[supervise2] round 1: 済み 774 / 1528  2026-08-05T14:26:31Z
# rerun2 開始 2026-08-05T14:26:31.480Z 対象=1528 (SHA未記録=1→SKIP) 上限=Infinity
# 7月に main を除外できていなかった repo（予測集合。この集合の repo のみ july_main_bug を許す）= 7 件: Lifailon__lazyjournal antonmedv__fx box-cli-maker__box-cli-maker dghubble__sling dtgorski__typex homedepot__flop naughtygopher__errors
# 7月側の記録が使えず比較できない repo（july_unavailable。ゲートは通すが verify.csv に残す）= 9 件: codemodus__catena dimuska139__rawg-sdk-go ggicci__httpin kubernetes__kubernetes mehrdadrad__tcpdog presbrey__ollamafarm rakyll__hey tendermint__tendermint zRedShift__mimemagic
# rerun2 開始 2026-08-05T14:26:31.486Z 対象=1528 (SHA未記録=1→SKIP) 上限=Infinity
# 7月に main を除外できていなかった repo（予測集合。この集合の repo のみ july_main_bug を許す）= 7 件: Lifailon__lazyjournal antonmedv__fx box-cli-maker__box-cli-maker dghubble__sling dtgorski__typex homedepot__flop naughtygopher__errors
# 7月側の記録が使えず比較できない repo（july_unavailable。ゲートは通すが verify.csv に残す）= 9 件: codemodus__catena dimuska139__rawg-sdk-go ggicci__httpin kubernetes__kubernetes mehrdadrad__tcpdog presbrey__ollamafarm rakyll__hey tendermint__tendermint zRedShift__mimemagic
[1] fastschema__fastschema ... # rerun2 開始 2026-08-05T14:26:31.497Z 対象=1528 (SHA未記録=1→SKIP) 上限=Infinity
# 7月に main を除外できていなかった repo（予測集合。この集合の repo のみ july_main_bug を許す）= 7 件: Lifailon__lazyjournal antonmedv__fx box-cli-maker__box-cli-maker dghubble__sling dtgorski__typex homedepot__flop naughtygopher__errors
# 7月側の記録が使えず比較できない repo（july_unavailable。ゲートは通すが verify.csv に残す）= 9 件: codemodus__catena dimuska139__rawg-sdk-go ggicci__httpin kubernetes__kubernetes mehrdadrad__tcpdog presbrey__ollamafarm rakyll__hey tendermint__tendermint zRedShift__mimemagic
[1] OldPanda__bloomfilter ... [1] adnanh__webhook ... OK gt(imp/impT/all)=2/2/20 err=0 verify(match/bug/late/unavail/toolna/cache/differ)=4/0/0/0/0/0/0 9s
[2] beatlabs__patron ... OK gt(imp/impT/all)=10/10/20 err=0 verify(match/bug/late/unavail/toolna/cache/differ)=4/0/0/0/0/0/0 10s
[2] adlio__trello ... OK gt(imp/impT/all)=1/1/1 err=0 verify(match/bug/late/unavail/toolna/cache/differ)=4/0/0/0/0/0/0 8s
[3] capillariesio__capillaries ... OK gt(imp/impT/all)=51/54/119 err=0 verify(match/bug/late/unavail/toolna/cache/differ)=4/0/0/0/0/0/0 26s
[4] joetifa2003__mm-go ... OK gt(imp/impT/all)=76/77/116 err=0 verify(match/bug/late/unavail/toolna/cache/differ)=4/0/0/0/0/0/0 38s
[3] go-sql-driver__mysql ... OK gt(imp/impT/all)=1/5/7 err=0 verify(match/bug/late/unavail/toolna/cache/differ)=4/0/0/0/0/0/0 7s
[5] Henry-Sarabia__sliceconv ... OK gt(imp/impT/all)=1/1/1 err=0 verify(match/bug/late/unavail/toolna/cache/differ)=4/0/0/0/0/0/0 6s
[4] emvi__hide ... OK gt(imp/impT/all)=1/1/1 err=0 verify(match/bug/late/unavail/toolna/cache/differ)=4/0/0/0/0/0/0 7s
[6] enetx__tg ... OK gt(imp/impT/all)=1/1/1 err=0 verify(match/bug/late/unavail/toolna/cache/differ)=4/0/0/0/0/0/0 6s
[5] tealeg__xlsx ... OK gt(imp/impT/all)=10/11/19 err=0 verify(match/bug/late/unavail/toolna/cache/differ)=4/0/0/0/0/0/0 9s
[6] beatlabs__harvester ... OK gt(imp/impT/all)=7/7/11 err=0 verify(match/bug/late/unavail/toolna/cache/differ)=4/0/0/0/0/0/0 10s
[7] switchupcb__copygen ... OK gt(imp/impT/all)=6/6/16 err=0 verify(match/bug/late/unavail/toolna/cache/differ)=4/0/0/0/0/0/0 11s
[8] gopxl__beep ... OK gt(imp/impT/all)=150/150/369 err=0 verify(match/bug/late/unavail/toolna/cache/differ)=4/0/0/0/0/0/0 82s
OK gt(imp/impT/all)=20/24/112 err=0 verify(match/bug/late/unavail/toolna/cache/differ)=4/0/0/0/0/0/0 14s
[7] bsm__redislock ... [2] couchbase__gocb ... OK gt(imp/impT/all)=21/22/37 err=0 verify(match/bug/late/unavail/toolna/cache/differ)=4/0/0/0/0/0/0 13s
[9] tomwright__dasel ... OK gt(imp/impT/all)=3/3/11 err=0 verify(match/bug/late/unavail/toolna/cache/differ)=4/0/0/0/0/0/0 11s
[8] eduncan911__podcast ... OK gt(imp/impT/all)=1/5/7 err=0 verify(match/bug/late/unavail/toolna/cache/differ)=4/0/0/0/0/0/0 8s
[9] ceshihao__windowsupdate ... OK gt(imp/impT/all)=1/1/2 err=0 verify(match/bug/late/unavail/toolna/cache/differ)=4/0/0/0/0/0/0 7s
[10] shirou__gopsutil ... OK gt(imp/impT/all)=33/33/65 err=0 verify(match/bug/late/unavail/toolna/cache/differ)=4/0/0/0/0/0/0 18s
[10] ianlopshire__go-ssm-config ... OK gt(imp/impT/all)=23/29/60 err=0 verify(match/bug/late/unavail/toolna/cache/differ)=4/0/0/0/0/0/0 29s
[3] mafredri__cdp ... OK gt(imp/impT/all)=3/7/16 err=0 verify(match/bug/late/unavail/toolna/cache/differ)=4/0/0/0/0/0/0 8s
[11] maargenton__go-testpredicate ... OK gt(imp/impT/all)=5/8/13 err=0 verify(match/bug/late/unavail/toolna/cache/differ)=4/0/0/0/0/0/0 11s
[4] moshebe__gebug ... OK gt(imp/impT/all)=3/3/13 err=0 verify(match/bug/late/unavail/toolna/cache/differ)=4/0/0/0/0/0/0 13s
[11] lindb__lindb ... OK gt(imp/impT/all)=3/3/8 err=0 verify(match/bug/late/unavail/toolna/cache/differ)=4/0/0/0/0/0/0 9s
[12] schollz__peerdiscovery ... OK gt(imp/impT/all)=2/6/18 err=0 verify(match/bug/late/unavail/toolna/cache/differ)=4/0/0/0/0/0/0 13s
[13] go-task__task ... OK gt(imp/impT/all)=38/38/80 err=0 verify(match/bug/late/unavail/toolna/cache/differ)=4/0/0/0/0/0/0 21s
[5] gonum__gonum ... OK gt(imp/impT/all)=10/12/38 err=0 verify(match/bug/late/unavail/toolna/cache/differ)=4/0/0/0/0/0/0 19s
[6] saivedant169__AegisFlow ... OK gt(imp/impT/all)=161/162/482 err=0 verify(match/bug/late/unavail/toolna/cache/differ)=4/0/0/0/0/0/0 86s
[12] objectbox__objectbox-go ... OK gt(imp/impT/all)=69/72/165 err=0 verify(match/bug/late/unavail/toolna/cache/differ)=4/0/0/0/0/0/0 53s
OK gt(imp/impT/all)=2/2/2 err=0 verify(match/bug/late/unavail/toolna/cache/differ)=4/0/0/0/0/0/0 7s
[13] asticode__go-astits ... [7] fleetdm__fleet ... OK gt(imp/impT/all)=2/6/8 err=0 verify(match/bug/late/unavail/toolna/cache/differ)=4/0/0/0/0/0/0 11s
[14] ddosify__alaz ... OK gt(imp/impT/all)=123/125/387 err=0 verify(match/bug/late/unavail/toolna/cache/differ)=4/0/0/0/0/0/0 98s
[14] mattn__go-isatty ... OK gt(imp/impT/all)=1/1/1 err=0 verify(match/bug/late/unavail/toolna/cache/differ)=4/0/0/0/0/0/0 9s
[15] kazhuravlev__database-gateway ... OK gt(imp/impT/all)=115/118/324 err=0 verify(match/bug/late/unavail/toolna/cache/differ)=4/0/0/0/0/0/0 89s
[15] go-sprout__sprout ... OK gt(imp/impT/all)=13/14/26 err=0 verify(match/bug/late/unavail/toolna/cache/differ)=4/0/0/0/0/0/0 14s
[16] PIMPfiction__govader_backend ... OK gt(imp/impT/all)=83/83/235 err=0 verify(match/bug/late/unavail/toolna/cache/differ)=4/0/0/0/0/0/0 93s
[16] soniah__gosnmp ... OK gt(imp/impT/all)=12/16/31 err=0 verify(match/bug/late/unavail/toolna/cache/differ)=4/0/0/0/0/0/0 11s
[17] gopherlibs__appindicator ... OK gt(imp/impT/all)=1/1/1 err=0 verify(match/bug/late/unavail/toolna/cache/differ)=4/0/0/0/0/0/0 7s
[18] Mutasem-mk4__gspy ... OK gt(imp/impT/all)=1/5/17 err=0 verify(match/bug/late/unavail/toolna/cache/differ)=4/0/0/0/0/0/0 10s
[17] pantrif__s2-geojson ... OK gt(imp/impT/all)=13/16/26 err=0 verify(match/bug/late/unavail/toolna/cache/differ)=4/0/0/0/0/0/0 15s
[18] davidbyttow__govips ... OK gt(imp/impT/all)=17/17/55 err=0 verify(match/bug/late/unavail/toolna/cache/differ)=4/0/0/0/0/0/0 21s
[19] bytedance__sonic ... OK gt(imp/impT/all)=6/10/36 err=0 verify(match/bug/late/unavail/toolna/cache/differ)=4/0/0/0/0/0/0 12s
[20] bitfield__gotestdox ... OK gt(imp/impT/all)=3/7/18 err=0 verify(match/bug/late/unavail/toolna/cache/differ)=4/0/0/0/0/0/0 17s
[19] bwmarrin__discordgo ... OK gt(imp/impT/all)=1/1/1 err=0 verify(match/bug/late/unavail/toolna/cache/differ)=4/0/0/0/0/0/0 8s
[20] leporo__sqlf ... OK gt(imp/impT/all)=5/8/12 err=0 verify(match/bug/late/unavail/toolna/cache/differ)=4/0/0/0/0/0/0 13s
[21] jfilipczyk__gomatch ... OK gt(imp/impT/all)=1/6/8 err=0 verify(match/bug/late/unavail/toolna/cache/differ)=4/0/0/0/0/0/0 8s
[21] nicobistolfi__go-postgres-s3-backup ... OK gt(imp/impT/all)=1/4/5 err=0 verify(match/bug/late/unavail/toolna/cache/differ)=4/0/0/0/0/0/0 7s
[22] leekchan__accounting ... OK gt(imp/impT/all)=20/20/26 err=0 verify(match/bug/late/unavail/toolna/cache/differ)=4/0/0/0/0/0/0 9s
[22] caarlos0__log ... OK gt(imp/impT/all)=3/3/4 err=0 verify(match/bug/late/unavail/toolna/cache/differ)=4/0/0/0/0/0/0 6s
[23] google__gnxi ... OK gt(imp/impT/all)=16/16/21 err=0 verify(match/bug/late/unavail/toolna/cache/differ)=4/0/0/0/0/0/0 9s
[23] kubeservice-stack__common ... OK gt(imp/impT/all)=50/50/401 err=0 verify(match/bug/late/unavail/toolna/cache/differ)=4/0/0/0/0/0/0 73s
[24] subosito__gotenv ... OK gt(imp/impT/all)=1/5/10 err=0 verify(match/bug/late/unavail/toolna/cache/differ)=4/0/0/0/0/0/0 8s
[25] mosajjal__dnsmonster ... OK gt(imp/impT/all)=117/152/532 err=0 verify(match/bug/late/unavail/toolna/cache/differ)=4/0/0/0/0/0/0 103s
OK gt(imp/impT/all)=334/341/902 err=0 verify(match/bug/late/unavail/toolna/cache/differ)=4/0/0/0/0/0/0 304s
[24] knocknote__octillery ... [8] golang__vscode-go ... OK gt(imp/impT/all)=15/15/27 err=0 verify(match/bug/late/unavail/toolna/cache/differ)=4/0/0/0/0/0/0 12s
[25] go-fuego__fuego ... OK gt(imp/impT/all)=79/79/276 err=0 verify(match/bug/late/unavail/toolna/cache/differ)=4/0/0/0/0/0/0 60s
[26] Kachit__gorm-seeder ... OK gt(imp/impT/all)=2/2/7 err=0 verify(match/bug/late/unavail/toolna/cache/differ)=4/0/0/0/0/0/0 33s
[9] starwalkn__kono ... OK gt(imp/impT/all)=3/19/67 err=0 verify(match/bug/late/unavail/toolna/cache/differ)=4/0/0/0/0/0/0 13s
[27] arduino__arduino-cli ... [supervise2] 中断された census2/rerun2/out/arduino__arduino-cli/ を掃除して再試行対象に戻す
[supervise2] 中断された census2/rerun2/out/go-fuego__fuego/ を掃除して再試行対象に戻す
[supervise2] 中断された census2/rerun2/out/starwalkn__kono/ を掃除して再試行対象に戻す
[supervise2] 開始 2026-08-05T14:49:26Z 並列=3 対象=1528 PGID=2197
[supervise2] round 1: 済み 832 / 1528  2026-08-05T14:49:26Z
# rerun2 開始 2026-08-05T14:49:27.197Z 対象=1528 (SHA未記録=1→SKIP) 上限=Infinity
# rerun2 開始 2026-08-05T14:49:27.205Z 対象=1528 (SHA未記録=1→SKIP) 上限=Infinity
# rerun2 開始 2026-08-05T14:49:27.193Z 対象=1528 (SHA未記録=1→SKIP) 上限=Infinity
# 7月に main を除外できていなかった repo（予測集合。この集合の repo のみ july_main_bug を許す）= 7 件: Lifailon__lazyjournal antonmedv__fx box-cli-maker__box-cli-maker dghubble__sling dtgorski__typex homedepot__flop naughtygopher__errors
# 7月に main を除外できていなかった repo（予測集合。この集合の repo のみ july_main_bug を許す）= 7 件: Lifailon__lazyjournal antonmedv__fx box-cli-maker__box-cli-maker dghubble__sling dtgorski__typex homedepot__flop naughtygopher__errors
# 7月側の記録が使えず比較できない repo（july_unavailable。ゲートは通すが verify.csv に残す）= 9 件: codemodus__catena dimuska139__rawg-sdk-go ggicci__httpin kubernetes__kubernetes mehrdadrad__tcpdog presbrey__ollamafarm rakyll__hey tendermint__tendermint zRedShift__mimemagic
# 7月側の記録が使えず比較できない repo（july_unavailable。ゲートは通すが verify.csv に残す）= 9 件: codemodus__catena dimuska139__rawg-sdk-go ggicci__httpin kubernetes__kubernetes mehrdadrad__tcpdog presbrey__ollamafarm rakyll__hey tendermint__tendermint zRedShift__mimemagic
# 7月に main を除外できていなかった repo（予測集合。この集合の repo のみ july_main_bug を許す）= 7 件: Lifailon__lazyjournal antonmedv__fx box-cli-maker__box-cli-maker dghubble__sling dtgorski__typex homedepot__flop naughtygopher__errors
# 7月側の記録が使えず比較できない repo（july_unavailable。ゲートは通すが verify.csv に残す）= 9 件: codemodus__catena dimuska139__rawg-sdk-go ggicci__httpin kubernetes__kubernetes mehrdadrad__tcpdog presbrey__ollamafarm rakyll__hey tendermint__tendermint zRedShift__mimemagic
[1] go-fuego__fuego ... [1] go-fuego__fuego ... [1] go-fuego__fuego ... SKIP(retryable/sha_fetch_failed)
[2] starwalkn__kono ... SKIP(retryable/sha_fetch_failed)
[2] arduino__arduino-cli ... SKIP(retryable/sha_fetch_failed)
[2] xaionaro-go__secureio ... OK gt(imp/impT/all)=14/20/30 err=0 verify(match/bug/late/unavail/toolna/cache/differ)=4/0/0/0/0/0/0 44s
[3] boyter__scc ... OK gt(imp/impT/all)=54/61/128 err=0 verify(match/bug/late/unavail/toolna/cache/differ)=4/0/0/0/0/0/0 57s
[3] edwingeng__doublejump ... OK gt(imp/impT/all)=1/1/1 err=0 verify(match/bug/late/unavail/toolna/cache/differ)=4/0/0/0/0/0/0 7s
[4] DATA-DOG__go-sqlmock ... OK gt(imp/impT/all)=43/43/83 err=0 verify(match/bug/late/unavail/toolna/cache/differ)=4/0/0/0/0/0/0 23s
[4] Eun__go-convert ... OK gt(imp/impT/all)=1/1/1 err=0 verify(match/bug/late/unavail/toolna/cache/differ)=4/0/0/0/0/0/0 6s
[5] jkaninda__goma-gateway ... OK gt(imp/impT/all)=5/5/7 err=0 verify(match/bug/late/unavail/toolna/cache/differ)=4/0/0/0/0/0/0 7s
[5] codingconcepts__dg ... OK gt(imp/impT/all)=5/8/14 err=0 verify(match/bug/late/unavail/toolna/cache/differ)=4/0/0/0/0/0/0 9s
[6] hajimehoshi__oto ... OK gt(imp/impT/all)=2/2/3 err=0 verify(match/bug/late/unavail/toolna/cache/differ)=4/0/0/0/0/0/0 6s
[7] gonum__plot ... OK gt(imp/impT/all)=9/11/38 err=0 verify(match/bug/late/unavail/toolna/cache/differ)=4/0/0/0/0/0/0 13s
[8] arthurkushman__buildsqlx ... OK gt(imp/impT/all)=3/7/12 err=0 verify(match/bug/late/unavail/toolna/cache/differ)=4/0/0/0/0/0/0 7s
[9] danielgtaylor__huma ... OK gt(imp/impT/all)=81/87/448 err=0 verify(match/bug/late/unavail/toolna/cache/differ)=4/0/0/0/0/0/0 122s
[3] mk-5__fjira ... OK gt(imp/impT/all)=48/52/94 err=0 verify(match/bug/late/unavail/toolna/cache/differ)=4/0/0/0/0/0/0 19s
[10] SpatiumPortae__portal ... OK gt(imp/impT/all)=16/19/37 err=0 verify(match/bug/late/unavail/toolna/cache/differ)=4/0/0/0/0/0/0 10s
[4] rocketlaunchr__dbq ... OK gt(imp/impT/all)=63/66/308 err=0 verify(match/bug/late/unavail/toolna/cache/differ)=4/0/0/0/0/0/0 71s
[6] abiosoft__colima ... OK gt(imp/impT/all)=5/7/77 err=0 verify(match/bug/late/unavail/toolna/cache/differ)=4/0/0/0/0/0/0 14s
[5] dagu-go__dagu ... OK gt(imp/impT/all)=17/17/29 err=0 verify(match/bug/late/unavail/toolna/cache/differ)=4/0/0/0/0/0/0 8s
[7] ozankasikci__dockerfile-generator ... OK gt(imp/impT/all)=3/7/35 err=0 verify(match/bug/late/unavail/toolna/cache/differ)=4/0/0/0/0/0/0 9s
[8] joakimcarlsson__bonk ... OK gt(imp/impT/all)=12/12/23 err=0 verify(match/bug/late/unavail/toolna/cache/differ)=4/0/0/0/0/0/0 12s
[9] gentee__gentee ... OK gt(imp/impT/all)=3/3/14 err=0 verify(match/bug/late/unavail/toolna/cache/differ)=4/0/0/0/0/0/0 8s
[10] dnnrly__wait-for ... OK gt(imp/impT/all)=10/22/66 err=0 verify(match/bug/late/unavail/toolna/cache/differ)=4/0/0/0/0/0/0 15s
[11] ysmood__got ... OK gt(imp/impT/all)=51/82/293 err=0 verify(match/bug/late/unavail/toolna/cache/differ)=4/0/0/0/0/0/0 66s
[11] dnaeon__go-vcr ... OK gt(imp/impT/all)=1/1/3 err=0 verify(match/bug/late/unavail/toolna/cache/differ)=4/0/0/0/0/0/0 7s
[12] nitishm__go-rejson ... OK gt(imp/impT/all)=1/1/1 err=0 verify(match/bug/late/unavail/toolna/cache/differ)=4/0/0/0/0/0/0 6s
[12] leozz37__hare ... OK gt(imp/impT/all)=4/4/4 err=0 verify(match/bug/late/unavail/toolna/cache/differ)=4/0/0/0/0/0/0 6s
[13] go-hep__hep ... OK gt(imp/impT/all)=4/4/13 err=0 verify(match/bug/late/unavail/toolna/cache/differ)=4/0/0/0/0/0/0 7s
[13] aafeher__go-sitemap-parser ... OK gt(imp/impT/all)=2/2/8 err=0 verify(match/bug/late/unavail/toolna/cache/differ)=4/0/0/0/0/0/0 9s
[14] wajox__gobase ... OK gt(imp/impT/all)=55/58/93 err=0 verify(match/bug/late/unavail/toolna/cache/differ)=4/0/0/0/0/0/0 23s
[14] anatol__luks.go ... OK gt(imp/impT/all)=39/43/92 err=0 verify(match/bug/late/unavail/toolna/cache/differ)=4/0/0/0/0/0/0 14s
[15] Voxray-AI__Voxray ... OK gt(imp/impT/all)=5/13/19 err=0 verify(match/bug/late/unavail/toolna/cache/differ)=4/0/0/0/0/0/0 8s
[15] khezen__avro ... OK gt(imp/impT/all)=3/4/4 err=0 verify(match/bug/late/unavail/toolna/cache/differ)=4/0/0/0/0/0/0 7s
[16] bogdanfinn__tls-client ... OK gt(imp/impT/all)=15/19/32 err=0 verify(match/bug/late/unavail/toolna/cache/differ)=4/0/0/0/0/0/0 14s
[17] appleboy__easyssh-proxy ... OK gt(imp/impT/all)=3/7/14 err=0 verify(match/bug/late/unavail/toolna/cache/differ)=4/0/0/0/0/0/0 9s
[18] viant__bgc ... OK gt(imp/impT/all)=149/149/363 err=0 verify(match/bug/late/unavail/toolna/cache/differ)=4/0/0/0/0/0/0 64s
[16] cyruzin__golang-tmdb ... OK gt(imp/impT/all)=281/281/915 err=0 verify(match/bug/late/unavail/toolna/cache/differ)=1/0/0/0/3/0/0 151s
[6] segmentio__golines ... OK gt(imp/impT/all)=31/37/102 err=0 verify(match/bug/late/unavail/toolna/cache/differ)=4/0/0/0/0/0/0 35s
[19] go-kit__kit ... OK gt(imp/impT/all)=1/5/7 err=0 verify(match/bug/late/unavail/toolna/cache/differ)=4/0/0/0/0/0/0 10s
[17] kak-tus__ami ... OK gt(imp/impT/all)=18/21/47 err=0 verify(match/bug/late/unavail/toolna/cache/differ)=4/0/0/0/0/0/0 14s
[7] charmbracelet__lipgloss ... OK gt(imp/impT/all)=3/10/33 err=0 verify(match/bug/late/unavail/toolna/cache/differ)=4/0/0/0/0/0/0 9s
[18] youtube__vitess ... OK gt(imp/impT/all)=15/17/23 err=0 verify(match/bug/late/unavail/toolna/cache/differ)=4/0/0/0/0/0/0 12s
[8] google__google-api-go-client ... OK gt(imp/impT/all)=78/83/229 err=0 verify(match/bug/late/unavail/toolna/cache/differ)=4/0/0/0/0/0/0 25s
[20] joerdav__xc ... OK gt(imp/impT/all)=25/25/48 err=0 verify(match/bug/late/unavail/toolna/cache/differ)=4/0/0/0/0/0/0 14s
[21] Oudwins__zog ... OK gt(imp/impT/all)=5/6/12 err=0 verify(match/bug/late/unavail/toolna/cache/differ)=4/0/0/0/0/0/0 9s
[22] kazhuravlev__healthcheck ... OK gt(imp/impT/all)=10/15/43 err=0 verify(match/bug/late/unavail/toolna/cache/differ)=4/0/0/0/0/0/0 15s
[23] xtaci__kcp-go ... OK gt(imp/impT/all)=28/29/100 err=0 verify(match/bug/late/unavail/toolna/cache/differ)=4/0/0/0/0/0/0 46s
[9] nikolaydubina__go-instrument ... OK gt(imp/impT/all)=8/13/40 err=0 verify(match/bug/late/unavail/toolna/cache/differ)=4/0/0/0/0/0/0 8s
[24] OTA-Insight__bqwriter ... OK gt(imp/impT/all)=1/1/8 err=0 verify(match/bug/late/unavail/toolna/cache/differ)=4/0/0/0/0/0/0 8s
[10] olivere__elastic ... OK gt(imp/impT/all)=13/15/53 err=0 verify(match/bug/late/unavail/toolna/cache/differ)=4/0/0/0/0/0/0 13s
[11] Noooste__azuretls-client ... OK gt(imp/impT/all)=201/207/490 err=0 verify(match/bug/late/unavail/toolna/cache/differ)=4/0/0/0/0/0/0 97s
[19] gookit__color ... OK gt(imp/impT/all)=1/2/4 err=0 verify(match/bug/late/unavail/toolna/cache/differ)=4/0/0/0/0/0/0 7s
[20] faabiosr__cachego ... OK gt(imp/impT/all)=35/35/202 err=0 verify(match/bug/late/unavail/toolna/cache/differ)=4/0/0/0/0/0/0 50s
[25] AfterShip__email-verifier ... OK gt(imp/impT/all)=21/24/132 err=0 verify(match/bug/late/unavail/toolna/cache/differ)=4/0/0/0/0/0/0 33s
[12] h2non__imaginary ... OK gt(imp/impT/all)=16/17/31 err=0 verify(match/bug/late/unavail/toolna/cache/differ)=4/0/0/0/0/0/0 11s
[21] go-resty__resty ... OK gt(imp/impT/all)=4/10/22 err=0 verify(match/bug/late/unavail/toolna/cache/differ)=4/0/0/0/0/0/0 10s
[26] anatol__booster ... OK gt(imp/impT/all)=5/5/44 err=0 verify(match/bug/late/unavail/toolna/cache/differ)=4/0/0/0/0/0/0 10s
[13] fergusstrange__embedded-postgres ... OK gt(imp/impT/all)=1/1/5 err=0 verify(match/bug/late/unavail/toolna/cache/differ)=4/0/0/0/0/0/0 7s
[22] iyashjayesh__goscaf ... OK gt(imp/impT/all)=2/7/12 err=0 verify(match/bug/late/unavail/toolna/cache/differ)=4/0/0/0/0/0/0 8s
[14] ThreeDotsLabs__watermill ... OK gt(imp/impT/all)=11/11/31 err=0 verify(match/bug/late/unavail/toolna/cache/differ)=4/0/0/0/0/0/0 9s
[23] apecloud__kubeblocks ... OK gt(imp/impT/all)=38/38/65 err=0 verify(match/bug/late/unavail/toolna/cache/differ)=4/0/0/0/0/0/0 24s
[27] asynkron__protoactor-go ... OK gt(imp/impT/all)=22/23/54 err=0 verify(match/bug/late/unavail/toolna/cache/differ)=4/0/0/0/0/0/0 64s
[15] emicklei__mora ... OK gt(imp/impT/all)=12/12/39 err=0 verify(match/bug/late/unavail/toolna/cache/differ)=4/0/0/0/0/0/0 10s
[16] woodpecker-ci__woodpecker ... [supervise2] 中断された census2/rerun2/out/apecloud__kubeblocks/ を掃除して再試行対象に戻す
[supervise2] 中断された census2/rerun2/out/asynkron__protoactor-go/ を掃除して再試行対象に戻す
[supervise2] 中断された census2/rerun2/out/woodpecker-ci__woodpecker/ を掃除して再試行対象に戻す
[supervise2] 開始 2026-08-05T14:59:13Z 並列=3 対象=1528 PGID=20780
[supervise2] round 1: 済み 893 / 1528  2026-08-05T14:59:13Z
# rerun2 開始 2026-08-05T14:59:13.972Z 対象=1528 (SHA未記録=1→SKIP) 上限=Infinity
# 7月に main を除外できていなかった repo（予測集合。この集合の repo のみ july_main_bug を許す）= 7 件: Lifailon__lazyjournal antonmedv__fx box-cli-maker__box-cli-maker dghubble__sling dtgorski__typex homedepot__flop naughtygopher__errors
# 7月側の記録が使えず比較できない repo（july_unavailable。ゲートは通すが verify.csv に残す）= 9 件: codemodus__catena dimuska139__rawg-sdk-go ggicci__httpin kubernetes__kubernetes mehrdadrad__tcpdog presbrey__ollamafarm rakyll__hey tendermint__tendermint zRedShift__mimemagic
# rerun2 開始 2026-08-05T14:59:13.975Z 対象=1528 (SHA未記録=1→SKIP) 上限=Infinity
# 7月に main を除外できていなかった repo（予測集合。この集合の repo のみ july_main_bug を許す）= 7 件: Lifailon__lazyjournal antonmedv__fx box-cli-maker__box-cli-maker dghubble__sling dtgorski__typex homedepot__flop naughtygopher__errors
# 7月側の記録が使えず比較できない repo（july_unavailable。ゲートは通すが verify.csv に残す）= 9 件: codemodus__catena dimuska139__rawg-sdk-go ggicci__httpin kubernetes__kubernetes mehrdadrad__tcpdog presbrey__ollamafarm rakyll__hey tendermint__tendermint zRedShift__mimemagic
# rerun2 開始 2026-08-05T14:59:13.989Z 対象=1528 (SHA未記録=1→SKIP) 上限=Infinity
# 7月に main を除外できていなかった repo（予測集合。この集合の repo のみ july_main_bug を許す）= 7 件: Lifailon__lazyjournal antonmedv__fx box-cli-maker__box-cli-maker dghubble__sling dtgorski__typex homedepot__flop naughtygopher__errors
# 7月側の記録が使えず比較できない repo（july_unavailable。ゲートは通すが verify.csv に残す）= 9 件: codemodus__catena dimuska139__rawg-sdk-go ggicci__httpin kubernetes__kubernetes mehrdadrad__tcpdog presbrey__ollamafarm rakyll__hey tendermint__tendermint zRedShift__mimemagic
[1] apecloud__kubeblocks ... [1] apecloud__kubeblocks ... [1] apecloud__kubeblocks ... SKIP(retryable/sha_fetch_failed)
[2] asynkron__protoactor-go ... node:fs:2430
    return binding.writeFileUtf8(
                   ^

Error: ENOENT: no such file or directory, open '/workspace/sbom/census2/rerun2/out/apecloud__kubeblocks/stderr/syft.log'
    at Object.writeFileSync (node:fs:2430:20)
    at Object.<anonymous> (/workspace/sbom/census2/rerun2/rerun2.js:287:20)
    at Module._compile (node:internal/modules/cjs/loader:1705:14)
    at Object..js (node:internal/modules/cjs/loader:1838:10)
    at Module.load (node:internal/modules/cjs/loader:1441:32)
    at Function._load (node:internal/modules/cjs/loader:1263:12)
    at TracingChannel.traceSync (node:diagnostics_channel:328:14)
    at wrapModuleLoad (node:internal/modules/cjs/loader:237:24)
    at Function.executeUserEntryPoint [as runMain] (node:internal/modules/run_main:171:5)
    at node:internal/main/run_main_module:36:49 {
  errno: -2,
  code: 'ENOENT',
  syscall: 'open',
  path: '/workspace/sbom/census2/rerun2/out/apecloud__kubeblocks/stderr/syft.log'
}

Node.js v22.22.2
node:fs:2430
    return binding.writeFileUtf8(
                   ^

Error: ENOENT: no such file or directory, open '/workspace/sbom/census2/rerun2/out/apecloud__kubeblocks/stderr/syft.log'
    at Object.writeFileSync (node:fs:2430:20)
    at Object.<anonymous> (/workspace/sbom/census2/rerun2/rerun2.js:287:20)
    at Module._compile (node:internal/modules/cjs/loader:1705:14)
    at Object..js (node:internal/modules/cjs/loader:1838:10)
    at Module.load (node:internal/modules/cjs/loader:1441:32)
    at Function._load (node:internal/modules/cjs/loader:1263:12)
    at TracingChannel.traceSync (node:diagnostics_channel:328:14)
    at wrapModuleLoad (node:internal/modules/cjs/loader:237:24)
    at Function.executeUserEntryPoint [as runMain] (node:internal/modules/run_main:171:5)
    at node:internal/main/run_main_module:36:49 {
  errno: -2,
  code: 'ENOENT',
  syscall: 'open',
  path: '/workspace/sbom/census2/rerun2/out/apecloud__kubeblocks/stderr/syft.log'
}

Node.js v22.22.2
OK gt(imp/impT/all)=107/109/219 err=0 verify(match/bug/late/unavail/toolna/cache/differ)=4/0/0/0/0/0/0 63s
[3] woodpecker-ci__woodpecker ... OK gt(imp/impT/all)=201/206/413 err=0 verify(match/bug/late/unavail/toolna/cache/differ)=4/0/0/0/0/0/0 67s
[4] a-h__templ ... OK gt(imp/impT/all)=16/20/27 err=0 verify(match/bug/late/unavail/toolna/cache/differ)=4/0/0/0/0/0/0 30s
[5] rs__zerolog ... OK gt(imp/impT/all)=6/6/7 err=0 verify(match/bug/late/unavail/toolna/cache/differ)=4/0/0/0/0/0/0 9s
[6] hedhyw__otelinji ...   differ=1 → module cache を温めて取り直す
  再判定: cache_sensitive=0 differ=1
# ★ 未説明の differ=1 at hedhyw__otelinji [trivy] — 温め直しても7月を再現しなかった
# → STOP を作成し全ワーカーを停止する（未調査の再現失敗のため）
OK gt(imp/impT/all)=11/18/39 err=0 verify(match/bug/late/unavail/toolna/cache/differ)=3/0/0/0/0/0/1 18s
# STOP を検出したので停止する: unexplained differ=1 at hedhyw__otelinji [trivy] (2026-08-05T15:02:26.656Z) pid=20802

# 完了 処理=6 成功=894 SKIP=1
# 検証 match=19 july_main_bug=0 july_main_bug_late=0 july_unavailable=0 july_tool_na=0 cache_sensitive=0 differ=1
# ★ differ=1 — 報告のトリガー
[supervise2] STOP を検出したので再投入しない: unexplained differ=1 at hedhyw__otelinji [trivy] (2026-08-05T15:02:26.656Z) pid=20802
[supervise2] 終了 2026-08-05T15:02:28Z
[supervise2] 中断された census2/rerun2/out/apecloud__kubeblocks/ を掃除して再試行対象に戻す
[supervise2] 開始 2026-08-05T15:05:08Z 並列=3 対象=1528 PGID=25701
[supervise2] round 1: 済み 898 / 1528  2026-08-05T15:05:08Z
# rerun2 開始 2026-08-05T15:05:08.656Z 対象=1528 (SHA未記録=1→SKIP) 上限=Infinity
# 7月に main を除外できていなかった repo（予測集合。この集合の repo のみ july_main_bug を許す）= 7 件: Lifailon__lazyjournal antonmedv__fx box-cli-maker__box-cli-maker dghubble__sling dtgorski__typex homedepot__flop naughtygopher__errors
# 7月側の記録が使えず比較できない repo（july_unavailable。ゲートは通すが verify.csv に残す）= 9 件: codemodus__catena dimuska139__rawg-sdk-go ggicci__httpin kubernetes__kubernetes mehrdadrad__tcpdog presbrey__ollamafarm rakyll__hey tendermint__tendermint zRedShift__mimemagic
# rerun2 開始 2026-08-05T15:05:08.672Z 対象=1528 (SHA未記録=1→SKIP) 上限=Infinity
[1] apecloud__kubeblocks ... # 7月に main を除外できていなかった repo（予測集合。この集合の repo のみ july_main_bug を許す）= 7 件: Lifailon__lazyjournal antonmedv__fx box-cli-maker__box-cli-maker dghubble__sling dtgorski__typex homedepot__flop naughtygopher__errors
# 7月側の記録が使えず比較できない repo（july_unavailable。ゲートは通すが verify.csv に残す）= 9 件: codemodus__catena dimuska139__rawg-sdk-go ggicci__httpin kubernetes__kubernetes mehrdadrad__tcpdog presbrey__ollamafarm rakyll__hey tendermint__tendermint zRedShift__mimemagic
# rerun2 開始 2026-08-05T15:05:08.678Z 対象=1528 (SHA未記録=1→SKIP) 上限=Infinity
# 7月に main を除外できていなかった repo（予測集合。この集合の repo のみ july_main_bug を許す）= 7 件: Lifailon__lazyjournal antonmedv__fx box-cli-maker__box-cli-maker dghubble__sling dtgorski__typex homedepot__flop naughtygopher__errors
# 7月側の記録が使えず比較できない repo（july_unavailable。ゲートは通すが verify.csv に残す）= 9 件: codemodus__catena dimuska139__rawg-sdk-go ggicci__httpin kubernetes__kubernetes mehrdadrad__tcpdog presbrey__ollamafarm rakyll__hey tendermint__tendermint zRedShift__mimemagic
[1] mojocn__base64Captcha ... [1] antst__go-apispec ... OK gt(imp/impT/all)=2/2/14 err=0 verify(match/bug/late/unavail/toolna/cache/differ)=4/0/0/0/0/0/0 28s
[2] lni__dragonboat ... OK gt(imp/impT/all)=4/9/16 err=0 verify(match/bug/late/unavail/toolna/cache/differ)=4/0/0/0/0/0/0 41s
[2] edwingeng__hotswap ... OK gt(imp/impT/all)=36/40/221 err=0 verify(match/bug/late/unavail/toolna/cache/differ)=4/0/0/0/0/0/0 16s
[3] jeroenrinzema__psql-wire ... OK gt(imp/impT/all)=16/16/172 err=0 verify(match/bug/late/unavail/toolna/cache/differ)=4/0/0/0/0/0/0 14s
[3] gogpu__gg ... OK gt(imp/impT/all)=10/11/28 err=0 verify(match/bug/late/unavail/toolna/cache/differ)=4/0/0/0/0/0/0 11s
[4] AppsFlyer__go-sundheit ... OK gt(imp/impT/all)=1/7/11 err=0 verify(match/bug/late/unavail/toolna/cache/differ)=4/0/0/0/0/0/0 11s
[5] nsqio__go-nsq ... OK gt(imp/impT/all)=6/8/12 err=0 verify(match/bug/late/unavail/toolna/cache/differ)=4/0/0/0/0/0/0 16s
[4] rsteube__carapace ... OK gt(imp/impT/all)=1/1/1 err=0 verify(match/bug/late/unavail/toolna/cache/differ)=4/0/0/0/0/0/0 5s
[6] matzefriedrich__parsley ... OK gt(imp/impT/all)=4/4/11 err=0 verify(match/bug/late/unavail/toolna/cache/differ)=4/0/0/0/0/0/0 8s
[5] openziti-test-kitchen__zssh ... OK gt(imp/impT/all)=8/12/16 err=0 verify(match/bug/late/unavail/toolna/cache/differ)=4/0/0/0/0/0/0 8s
[7] go-kratos__kratos ... OK gt(imp/impT/all)=135/139/337 err=0 verify(match/bug/late/unavail/toolna/cache/differ)=4/0/0/0/0/0/0 90s
[2] maguro__pbf ... OK gt(imp/impT/all)=14/18/38 err=0 verify(match/bug/late/unavail/toolna/cache/differ)=4/0/0/0/0/0/0 18s
OK gt(imp/impT/all)=14/14/52 err=0 verify(match/bug/late/unavail/toolna/cache/differ)=4/0/0/0/0/0/0 34s
[3] drone__drone ... [8] bmf-san__gondola ... OK gt(imp/impT/all)=2/2/3 err=0 verify(match/bug/late/unavail/toolna/cache/differ)=4/0/0/0/0/0/0 6s
[9] Shopify__sarama ... OK gt(imp/impT/all)=14/18/37 err=0 verify(match/bug/late/unavail/toolna/cache/differ)=4/0/0/0/0/0/0 24s
[10] grpc__grpc-go ... OK gt(imp/impT/all)=107/107/361 err=0 verify(match/bug/late/unavail/toolna/cache/differ)=4/0/0/0/0/0/0 68s
[6] c9s__bbgo ... OK gt(imp/impT/all)=129/130/379 err=0 verify(match/bug/late/unavail/toolna/cache/differ)=4/0/0/0/0/0/0 65s
OK gt(imp/impT/all)=39/40/85 err=0 verify(match/bug/late/unavail/toolna/cache/differ)=4/0/0/0/0/0/0 67s
[7] xtaci__gaio ... [11] agenticenv__agent-sdk-go ... OK gt(imp/impT/all)=1/1/1 err=0 verify(match/bug/late/unavail/toolna/cache/differ)=4/0/0/0/0/0/0 7s
[8] viant__endly ... OK gt(imp/impT/all)=217/222/801 err=0 verify(match/bug/late/unavail/toolna/cache/differ)=4/0/0/0/0/0/0 159s
[4] koltyakov__gosip ... OK gt(imp/impT/all)=204/208/630 err=0 verify(match/bug/late/unavail/toolna/cache/differ)=4/0/0/0/0/0/0 55s
[9] andskur__argon2-hashing ... OK gt(imp/impT/all)=17/17/33 err=0 verify(match/bug/late/unavail/toolna/cache/differ)=4/0/0/0/0/0/0 8s
[5] skibish__ddns ... OK gt(imp/impT/all)=2/2/5 err=0 verify(match/bug/late/unavail/toolna/cache/differ)=4/0/0/0/0/0/0 7s
[10] meloalright__guora ... OK gt(imp/impT/all)=111/113/385 err=0 verify(match/bug/late/unavail/toolna/cache/differ)=4/0/0/0/0/0/0 74s
[12] codeship__codeship-go ... OK gt(imp/impT/all)=17/18/119 err=0 verify(match/bug/late/unavail/toolna/cache/differ)=4/0/0/0/0/0/0 24s
[6] trpc-group__trpc-go ... OK gt(imp/impT/all)=38/61/229 err=0 verify(match/bug/late/unavail/toolna/cache/differ)=4/0/0/0/0/0/0 36s
[11] insidieux__inizio ... OK gt(imp/impT/all)=1/7/264 err=0 verify(match/bug/late/unavail/toolna/cache/differ)=4/0/0/0/0/0/0 34s
[13] SaiNageswarS__go-api-boot ... OK gt(imp/impT/all)=37/42/67 err=0 verify(match/bug/late/unavail/toolna/cache/differ)=4/0/0/0/0/0/0 18s
[7] goioc__di ... OK gt(imp/impT/all)=2/6/8 err=0 verify(match/bug/late/unavail/toolna/cache/differ)=4/0/0/0/0/0/0 8s
[8] energye__energy ... OK gt(imp/impT/all)=51/55/154 err=0 verify(match/bug/late/unavail/toolna/cache/differ)=4/0/0/0/0/0/0 25s
[12] shaj13__go-guardian ... OK gt(imp/impT/all)=5/5/8 err=0 verify(match/bug/late/unavail/toolna/cache/differ)=4/0/0/0/0/0/0 15s
[9] invopop__gobl ... OK gt(imp/impT/all)=19/25/94 err=0 verify(match/bug/late/unavail/toolna/cache/differ)=4/0/0/0/0/0/0 13s
[13] pieterclaerhout__go-log ... OK gt(imp/impT/all)=15/19/64 err=0 verify(match/bug/late/unavail/toolna/cache/differ)=4/0/0/0/0/0/0 16s
[10] hashicorp__go-getter ... OK gt(imp/impT/all)=7/11/19 err=0 verify(match/bug/late/unavail/toolna/cache/differ)=4/0/0/0/0/0/0 8s
[14] llir__llvm ... OK gt(imp/impT/all)=92/92/308 err=0 verify(match/bug/late/unavail/toolna/cache/differ)=4/0/0/0/0/0/0 55s
OK gt(imp/impT/all)=5/6/18 err=0 verify(match/bug/late/unavail/toolna/cache/differ)=4/0/0/0/0/0/0 11s
[15] dunglas__mercure ... [14] elgs__gojq ... OK gt(imp/impT/all)=1/1/5 err=0 verify(match/bug/late/unavail/toolna/cache/differ)=4/0/0/0/0/0/0 10s
[15] viant__afs ... OK gt(imp/impT/all)=5/11/79 err=0 verify(match/bug/late/unavail/toolna/cache/differ)=4/0/0/0/0/0/0 10s
[16] bobg__hashsplit ... OK gt(imp/impT/all)=1/1/6 err=0 verify(match/bug/late/unavail/toolna/cache/differ)=4/0/0/0/0/0/0 6s
[17] antham__chyle ... OK gt(imp/impT/all)=32/38/91 err=0 verify(match/bug/late/unavail/toolna/cache/differ)=4/0/0/0/0/0/0 30s
[16] z5labs__bedrock ... OK gt(imp/impT/all)=73/73/240 err=0 verify(match/bug/late/unavail/toolna/cache/differ)=4/0/0/0/0/0/0 46s
[11] unit-io__unitdb ... OK gt(imp/impT/all)=37/43/73 err=0 verify(match/bug/late/unavail/toolna/cache/differ)=4/0/0/0/0/0/0 15s
[18] melvinodsa__go-iam ... OK gt(imp/impT/all)=13/13/51 err=0 verify(match/bug/late/unavail/toolna/cache/differ)=4/0/0/0/0/0/0 13s
[12] agilira__argus ... OK gt(imp/impT/all)=37/41/85 err=0 verify(match/bug/late/unavail/toolna/cache/differ)=4/0/0/0/0/0/0 18s
[17] hashicorp__mdns ... OK gt(imp/impT/all)=5/5/6 err=0 verify(match/bug/late/unavail/toolna/cache/differ)=4/0/0/0/0/0/0 12s
[13] xxjwxc__gormt ... OK gt(imp/impT/all)=3/3/12 err=0 verify(match/bug/late/unavail/toolna/cache/differ)=4/0/0/0/0/0/0 11s
[18] cosmtrek__air ... OK gt(imp/impT/all)=60/60/97 err=0 verify(match/bug/late/unavail/toolna/cache/differ)=4/0/0/0/0/0/0 27s
[19] claygod__microservice ... OK gt(imp/impT/all)=30/30/68 err=0 verify(match/bug/late/unavail/toolna/cache/differ)=4/0/0/0/0/0/0 12s
[20] panjf2000__gnet ... OK gt(imp/impT/all)=7/11/16 err=0 verify(match/bug/late/unavail/toolna/cache/differ)=4/0/0/0/0/0/0 8s
[21] italolelis__outboxer ... OK gt(imp/impT/all)=19/23/199 err=0 verify(match/bug/late/unavail/toolna/cache/differ)=4/0/0/0/0/0/0 40s
[19] muir__nfigure ... OK gt(imp/impT/all)=48/48/324 err=0 verify(match/bug/late/unavail/toolna/cache/differ)=4/0/0/0/0/0/0 46s
[14] lingrino__vaku ... OK gt(imp/impT/all)=7/20/27 err=0 verify(match/bug/late/unavail/toolna/cache/differ)=4/0/0/0/0/0/0 10s
[20] FreeLeh__GoFreeDB ... OK gt(imp/impT/all)=25/27/178 err=0 verify(match/bug/late/unavail/toolna/cache/differ)=4/0/0/0/0/0/0 35s
[22] hbagdi__go-unsplash ... OK gt(imp/impT/all)=16/22/93 err=0 verify(match/bug/late/unavail/toolna/cache/differ)=4/0/0/0/0/0/0 16s
[21] ahmadraza100__dotlock ... OK gt(imp/impT/all)=1/6/10 err=0 verify(match/bug/late/unavail/toolna/cache/differ)=4/0/0/0/0/0/0 7s
[23] goptics__vizb ... OK gt(imp/impT/all)=25/67/170 err=0 verify(match/bug/late/unavail/toolna/cache/differ)=4/0/0/0/0/0/0 35s
[15] bluetuith-org__bluetuith ... OK gt(imp/impT/all)=32/32/58 err=0 verify(match/bug/late/unavail/toolna/cache/differ)=4/0/0/0/0/0/0 13s
[22] syst3mctl__godoclive ... OK gt(imp/impT/all)=24/24/81 err=0 verify(match/bug/late/unavail/toolna/cache/differ)=4/0/0/0/0/0/0 26s
[24] abemedia__go-don ... OK gt(imp/impT/all)=8/8/17 err=0 verify(match/bug/late/unavail/toolna/cache/differ)=4/0/0/0/0/0/0 28s
[23] wneessen__go-hibp ... OK gt(imp/impT/all)=42/42/71 err=0 verify(match/bug/late/unavail/toolna/cache/differ)=4/0/0/0/0/0/0 32s
[16] bobg__basexx ... OK gt(imp/impT/all)=1/1/1 err=0 verify(match/bug/late/unavail/toolna/cache/differ)=4/0/0/0/0/0/0 6s
[17] Hossiy21__razify ... OK gt(imp/impT/all)=1/1/1 err=0 verify(match/bug/late/unavail/toolna/cache/differ)=4/0/0/0/0/0/0 6s
[24] ncruces__go-sqlite3 ... OK gt(imp/impT/all)=13/13/30 err=0 verify(match/bug/late/unavail/toolna/cache/differ)=4/0/0/0/0/0/0 18s
[25] ory__keto ... [supervise2] 中断された census2/rerun2/out/Hossiy21__razify/ を掃除して再試行対象に戻す
[supervise2] 中断された census2/rerun2/out/ncruces__go-sqlite3/ を掃除して再試行対象に戻す
[supervise2] 中断された census2/rerun2/out/ory__keto/ を掃除して再試行対象に戻す
[supervise2] 開始 2026-08-06T01:20:33Z 並列=3 対象=1528 PGID=2198
[supervise2] round 1: 済み 961 / 1528  2026-08-06T01:20:33Z
# rerun2 開始 2026-08-06T01:20:34.384Z 対象=1528 (SHA未記録=1→SKIP) 上限=Infinity
# 7月に main を除外できていなかった repo（予測集合。この集合の repo のみ july_main_bug を許す）= 7 件: Lifailon__lazyjournal antonmedv__fx box-cli-maker__box-cli-maker dghubble__sling dtgorski__typex homedepot__flop naughtygopher__errors
# 7月側の記録が使えず比較できない repo（july_unavailable。ゲートは通すが verify.csv に残す）= 9 件: codemodus__catena dimuska139__rawg-sdk-go ggicci__httpin kubernetes__kubernetes mehrdadrad__tcpdog presbrey__ollamafarm rakyll__hey tendermint__tendermint zRedShift__mimemagic
# rerun2 開始 2026-08-06T01:20:34.385Z 対象=1528 (SHA未記録=1→SKIP) 上限=Infinity
# 7月に main を除外できていなかった repo（予測集合。この集合の repo のみ july_main_bug を許す）= 7 件: Lifailon__lazyjournal antonmedv__fx box-cli-maker__box-cli-maker dghubble__sling dtgorski__typex homedepot__flop naughtygopher__errors
# 7月側の記録が使えず比較できない repo（july_unavailable。ゲートは通すが verify.csv に残す）= 9 件: codemodus__catena dimuska139__rawg-sdk-go ggicci__httpin kubernetes__kubernetes mehrdadrad__tcpdog presbrey__ollamafarm rakyll__hey tendermint__tendermint zRedShift__mimemagic
# rerun2 開始 2026-08-06T01:20:34.384Z 対象=1528 (SHA未記録=1→SKIP) 上限=Infinity
# 7月に main を除外できていなかった repo（予測集合。この集合の repo のみ july_main_bug を許す）= 7 件: Lifailon__lazyjournal antonmedv__fx box-cli-maker__box-cli-maker dghubble__sling dtgorski__typex homedepot__flop naughtygopher__errors
# 7月側の記録が使えず比較できない repo（july_unavailable。ゲートは通すが verify.csv に残す）= 9 件: codemodus__catena dimuska139__rawg-sdk-go ggicci__httpin kubernetes__kubernetes mehrdadrad__tcpdog presbrey__ollamafarm rakyll__hey tendermint__tendermint zRedShift__mimemagic
[1] Hossiy21__razify ... [1] Hossiy21__razify ... [1] Hossiy21__razify ... SKIP(retryable/sha_fetch_failed)
[2] ncruces__go-sqlite3 ... SKIP(retryable/sha_fetch_failed)
[2] ory__keto ... SKIP(retryable/sha_fetch_failed)
[2] ggicci__httpin ... OK gt(imp/impT/all)=11/18/25 err=0 verify(match/bug/late/unavail/toolna/cache/differ)=0/0/0/4/0/0/0 75s
OK gt(imp/impT/all)=10/12/17 err=0 verify(match/bug/late/unavail/toolna/cache/differ)=4/0/0/0/0/0/0 76s
[3] pgrwl__pgrwl ... [3] cortesi__devd ... OK gt(imp/impT/all)=21/21/41 err=0 verify(match/bug/late/unavail/toolna/cache/differ)=4/0/0/0/0/0/0 17s
[4] hprose__hprose-golang ... OK gt(imp/impT/all)=48/48/77 err=0 verify(match/bug/late/unavail/toolna/cache/differ)=4/0/0/0/0/0/0 24s
[4] jvcoutinho__lit ... OK gt(imp/impT/all)=12/16/26 err=0 verify(match/bug/late/unavail/toolna/cache/differ)=4/0/0/0/0/0/0 11s
[5] pashagolub__pgxmock ... OK gt(imp/impT/all)=3/7/12 err=0 verify(match/bug/late/unavail/toolna/cache/differ)=4/0/0/0/0/0/0 8s
[5] muir__reflectutils ... OK gt(imp/impT/all)=6/10/19 err=0 verify(match/bug/late/unavail/toolna/cache/differ)=4/0/0/0/0/0/0 9s
[6] Forceu__gokapi ... OK gt(imp/impT/all)=2/6/13 err=0 verify(match/bug/late/unavail/toolna/cache/differ)=4/0/0/0/0/0/0 8s
[6] upper__db ... OK gt(imp/impT/all)=166/169/471 err=0 verify(match/bug/late/unavail/toolna/cache/differ)=4/0/0/0/0/0/0 148s
[3] iancmcc__bingo ... OK gt(imp/impT/all)=45/47/106 err=0 verify(match/bug/late/unavail/toolna/cache/differ)=4/0/0/0/0/0/0 36s
[7] lestrrat-go__jwx ... OK gt(imp/impT/all)=1/4/10 err=0 verify(match/bug/late/unavail/toolna/cache/differ)=4/0/0/0/0/0/0 7s
[4] jutkko__copy-pasta ... OK gt(imp/impT/all)=8/8/20 err=0 verify(match/bug/late/unavail/toolna/cache/differ)=4/0/0/0/0/0/0 16s
[8] bleenco__abstruse ... OK gt(imp/impT/all)=30/34/114 err=0 verify(match/bug/late/unavail/toolna/cache/differ)=4/0/0/0/0/0/0 57s
[7] ovh__utask ... OK gt(imp/impT/all)=10/18/29 err=0 verify(match/bug/late/unavail/toolna/cache/differ)=4/0/0/0/0/0/0 14s
[5] junegunn__fzf ... OK gt(imp/impT/all)=6/6/18 err=0 verify(match/bug/late/unavail/toolna/cache/differ)=4/0/0/0/0/0/0 12s
[6] stackerzzq__xj2go ... OK gt(imp/impT/all)=2/2/5 err=0 verify(match/bug/late/unavail/toolna/cache/differ)=4/0/0/0/0/0/0 10s
[7] camgraff__protoxy ... OK gt(imp/impT/all)=84/85/160 err=0 verify(match/bug/late/unavail/toolna/cache/differ)=4/0/0/0/0/0/0 28s
[8] cloudwego__netpoll ... OK gt(imp/impT/all)=3/3/12 err=0 verify(match/bug/late/unavail/toolna/cache/differ)=4/0/0/0/0/0/0 10s
[9] go-music-theory__music-theory ... OK gt(imp/impT/all)=2/5/6 err=0 verify(match/bug/late/unavail/toolna/cache/differ)=4/0/0/0/0/0/0 7s
[10] gotestyourself__gotest.tools ... OK gt(imp/impT/all)=9/12/112 err=0 verify(match/bug/late/unavail/toolna/cache/differ)=4/0/0/0/0/0/0 22s
[8] chrispassas__nfdump ... OK gt(imp/impT/all)=4/4/7 err=0 verify(match/bug/late/unavail/toolna/cache/differ)=4/0/0/0/0/0/0 8s
[11] emersion__go-imap ... OK gt(imp/impT/all)=1/1/1 err=0 verify(match/bug/late/unavail/toolna/cache/differ)=4/0/0/0/0/0/0 9s
[9] xxjwxc__gowp ... OK gt(imp/impT/all)=2/2/12 err=0 verify(match/bug/late/unavail/toolna/cache/differ)=4/0/0/0/0/0/0 7s
[12] scigolib__matlab ... OK gt(imp/impT/all)=111/111/553 err=0 verify(match/bug/late/unavail/toolna/cache/differ)=4/0/0/0/0/0/0 68s
[9] FrancoLiberali__cql ... OK gt(imp/impT/all)=1/5/7 err=0 verify(match/bug/late/unavail/toolna/cache/differ)=4/0/0/0/0/0/0 10s
[13] Antonito__gfile ... OK gt(imp/impT/all)=12/12/149 err=0 verify(match/bug/late/unavail/toolna/cache/differ)=4/0/0/0/0/0/0 22s
[10] arxdsilva__golang-ifood-sdk ... OK gt(imp/impT/all)=8/9/18 err=0 verify(match/bug/late/unavail/toolna/cache/differ)=4/0/0/0/0/0/0 7s
[11] gaia-pipeline__gaia ... OK gt(imp/impT/all)=16/33/113 err=0 verify(match/bug/late/unavail/toolna/cache/differ)=4/0/0/0/0/0/0 18s
[10] kkyr__go-recipe ... OK gt(imp/impT/all)=31/35/51 err=0 verify(match/bug/late/unavail/toolna/cache/differ)=4/0/0/0/0/0/0 18s
[14] gatewayd-io__gatewayd ... OK gt(imp/impT/all)=8/8/18 err=0 verify(match/bug/late/unavail/toolna/cache/differ)=4/0/0/0/0/0/0 11s
[11] nar10z__go-accumulator ... OK gt(imp/impT/all)=2/7/9 err=0 verify(match/bug/late/unavail/toolna/cache/differ)=4/0/0/0/0/0/0 17s
[12] bobg__go-generics ... OK gt(imp/impT/all)=75/79/388 err=0 verify(match/bug/late/unavail/toolna/cache/differ)=4/0/0/0/0/0/0 29s
[12] Code-Hex__Neo-cowsay ... OK gt(imp/impT/all)=1/1/1 err=0 verify(match/bug/late/unavail/toolna/cache/differ)=4/0/0/0/0/0/0 6s
[13] golang__tools ... OK gt(imp/impT/all)=3/4/5 err=0 verify(match/bug/late/unavail/toolna/cache/differ)=4/0/0/0/0/0/0 8s
[13] tarent__loginsrv ... OK gt(imp/impT/all)=5/6/10 err=0 verify(match/bug/late/unavail/toolna/cache/differ)=4/0/0/0/0/0/0 20s
[14] enetx__fsm ... OK gt(imp/impT/all)=34/39/65 err=0 verify(match/bug/late/unavail/toolna/cache/differ)=4/0/0/0/0/0/0 19s
[14] muir__nchi ... OK gt(imp/impT/all)=148/151/344 err=0 verify(match/bug/late/unavail/toolna/cache/differ)=4/0/0/0/0/0/0 56s
[15] anacrolix__dht ... OK gt(imp/impT/all)=5/5/9 err=0 verify(match/bug/late/unavail/toolna/cache/differ)=4/0/0/0/0/0/0 10s
[15] arthurkiller__rollingWriter ... OK gt(imp/impT/all)=7/11/54 err=0 verify(match/bug/late/unavail/toolna/cache/differ)=4/0/0/0/0/0/0 10s
[15] pingcap__tidb ... OK gt(imp/impT/all)=1/4/5 err=0 verify(match/bug/late/unavail/toolna/cache/differ)=4/0/0/0/0/0/0 7s
[16] mariomac__gostream ... OK gt(imp/impT/all)=1/5/13 err=0 verify(match/bug/late/unavail/toolna/cache/differ)=4/0/0/0/0/0/0 9s
[17] samber__lo ... OK gt(imp/impT/all)=1/7/18 err=0 verify(match/bug/late/unavail/toolna/cache/differ)=4/0/0/0/0/0/0 12s
[18] chaindead__zerocfg ... OK gt(imp/impT/all)=2/5/7 err=0 verify(match/bug/late/unavail/toolna/cache/differ)=4/0/0/0/0/0/0 7s
[19] rinchsan__device-check-go ... OK gt(imp/impT/all)=2/2/6 err=0 verify(match/bug/late/unavail/toolna/cache/differ)=4/0/0/0/0/0/0 6s
[20] stripe__stripe-go ... OK gt(imp/impT/all)=71/80/355 err=0 verify(match/bug/late/unavail/toolna/cache/differ)=4/0/0/0/0/0/0 58s
OK gt(imp/impT/all)=4/4/6 err=0 verify(match/bug/late/unavail/toolna/cache/differ)=4/0/0/0/0/0/0 11s
[21] kazhuravlev__optional ... [16] milvus-io__milvus ... OK gt(imp/impT/all)=1/4/6 err=0 verify(match/bug/late/unavail/toolna/cache/differ)=4/0/0/0/0/0/0 8s
[22] Eun__go-hit ... OK gt(imp/impT/all)=30/35/52 err=0 verify(match/bug/late/unavail/toolna/cache/differ)=4/0/0/0/0/0/0 42s
[23] qiniu__goc ... OK gt(imp/impT/all)=42/47/492 err=0 verify(match/bug/late/unavail/toolna/cache/differ)=4/0/0/0/0/0/0 62s
[24] Ullaakut__cameradar ... OK gt(imp/impT/all)=76/80/175 err=0 verify(match/bug/late/unavail/toolna/cache/differ)=4/0/0/0/0/0/0 31s
[25] anqiansong__sqlgen ... [supervise2] 中断された census2/rerun2/out/anqiansong__sqlgen/ を掃除して再試行対象に戻す
[supervise2] 中断された census2/rerun2/out/milvus-io__milvus/ を掃除して再試行対象に戻す
[supervise2] 中断された census2/rerun2/out/pingcap__tidb/ を掃除して再試行対象に戻す
[supervise2] 開始 2026-08-06T01:30:17Z 並列=3 対象=1528 PGID=17167
[supervise2] round 1: 済み 1012 / 1528  2026-08-06T01:30:17Z
# rerun2 開始 2026-08-06T01:30:17.118Z 対象=1528 (SHA未記録=1→SKIP) 上限=Infinity
# 7月に main を除外できていなかった repo（予測集合。この集合の repo のみ july_main_bug を許す）= 7 件: Lifailon__lazyjournal antonmedv__fx box-cli-maker__box-cli-maker dghubble__sling dtgorski__typex homedepot__flop naughtygopher__errors
# 7月側の記録が使えず比較できない repo（july_unavailable。ゲートは通すが verify.csv に残す）= 9 件: codemodus__catena dimuska139__rawg-sdk-go ggicci__httpin kubernetes__kubernetes mehrdadrad__tcpdog presbrey__ollamafarm rakyll__hey tendermint__tendermint zRedShift__mimemagic
# rerun2 開始 2026-08-06T01:30:17.124Z 対象=1528 (SHA未記録=1→SKIP) 上限=Infinity
# 7月に main を除外できていなかった repo（予測集合。この集合の repo のみ july_main_bug を許す）= 7 件: Lifailon__lazyjournal antonmedv__fx box-cli-maker__box-cli-maker dghubble__sling dtgorski__typex homedepot__flop naughtygopher__errors
# 7月側の記録が使えず比較できない repo（july_unavailable。ゲートは通すが verify.csv に残す）= 9 件: codemodus__catena dimuska139__rawg-sdk-go ggicci__httpin kubernetes__kubernetes mehrdadrad__tcpdog presbrey__ollamafarm rakyll__hey tendermint__tendermint zRedShift__mimemagic
# rerun2 開始 2026-08-06T01:30:17.129Z 対象=1528 (SHA未記録=1→SKIP) 上限=Infinity
# 7月に main を除外できていなかった repo（予測集合。この集合の repo のみ july_main_bug を許す）= 7 件: Lifailon__lazyjournal antonmedv__fx box-cli-maker__box-cli-maker dghubble__sling dtgorski__typex homedepot__flop naughtygopher__errors
# 7月側の記録が使えず比較できない repo（july_unavailable。ゲートは通すが verify.csv に残す）= 9 件: codemodus__catena dimuska139__rawg-sdk-go ggicci__httpin kubernetes__kubernetes mehrdadrad__tcpdog presbrey__ollamafarm rakyll__hey tendermint__tendermint zRedShift__mimemagic
[1] pingcap__tidb ... [1] milvus-io__milvus ... [1] milvus-io__milvus ... SKIP(retryable/sha_fetch_failed)
[2] anqiansong__sqlgen ... SKIP(retryable/sha_fetch_failed)
[2] gogpu__wgpu ... OK gt(imp/impT/all)=5/5/6 err=0 verify(match/bug/late/unavail/toolna/cache/differ)=4/0/0/0/0/0/0 10s
[3] tidwall__gjson ... OK gt(imp/impT/all)=2/2/2 err=0 verify(match/bug/late/unavail/toolna/cache/differ)=4/0/0/0/0/0/0 7s
[4] olebedev__when ... OK gt(imp/impT/all)=2/5/6 err=0 verify(match/bug/late/unavail/toolna/cache/differ)=4/0/0/0/0/0/0 8s
[5] firasdarwish__ore ... OK gt(imp/impT/all)=38/44/278 err=0 verify(match/bug/late/unavail/toolna/cache/differ)=4/0/0/0/0/0/0 26s
[3] openshift__osin ... OK gt(imp/impT/all)=4/4/6 err=0 verify(match/bug/late/unavail/toolna/cache/differ)=4/0/0/0/0/0/0 10s
[6] tdewolff__minify ... OK gt(imp/impT/all)=7/7/13 err=0 verify(match/bug/late/unavail/toolna/cache/differ)=4/0/0/0/0/0/0 13s
[4] DarthPestilane__easytcp ... OK gt(imp/impT/all)=8/9/14 err=0 verify(match/bug/late/unavail/toolna/cache/differ)=4/0/0/0/0/0/0 12s
[7] gookit__slog ... OK gt(imp/impT/all)=11/15/30 err=0 verify(match/bug/late/unavail/toolna/cache/differ)=4/0/0/0/0/0/0 9s
[5] Konstantin8105__c4go ... OK gt(imp/impT/all)=4/8/8 err=0 verify(match/bug/late/unavail/toolna/cache/differ)=4/0/0/0/0/0/0 8s
[6] charlievieth__strcase ... OK gt(imp/impT/all)=10/10/14 err=0 verify(match/bug/late/unavail/toolna/cache/differ)=4/0/0/0/0/0/0 11s
[8] oluwajubelo1__otellix ... OK gt(imp/impT/all)=1/1/1 err=0 verify(match/bug/late/unavail/toolna/cache/differ)=4/0/0/0/0/0/0 9s
[7] Kachit__appstore-sdk-go ... OK gt(imp/impT/all)=2/7/9 err=0 verify(match/bug/late/unavail/toolna/cache/differ)=4/0/0/0/0/0/0 7s
[8] fish-tennis__gnet ... OK gt(imp/impT/all)=2/2/4 err=0 verify(match/bug/late/unavail/toolna/cache/differ)=4/0/0/0/0/0/0 8s
[9] milad-abbasi__gonfig ... OK gt(imp/impT/all)=3/6/8 err=0 verify(match/bug/late/unavail/toolna/cache/differ)=4/0/0/0/0/0/0 6s
[10] sqs__goreturns ... OK gt(imp/impT/all)=3/3/9 err=0 verify(match/bug/late/unavail/toolna/cache/differ)=4/0/0/0/0/0/0 9s
[11] koofr__graval ... OK gt(imp/impT/all)=5/16/25 err=0 verify(match/bug/late/unavail/toolna/cache/differ)=4/0/0/0/0/0/0 9s
[12] Tochemey__goakt ... OK gt(imp/impT/all)=64/64/303 err=0 verify(match/bug/late/unavail/toolna/cache/differ)=4/0/0/0/0/0/0 69s
[9] bobg__encid ... OK gt(imp/impT/all)=10/10/70 err=0 verify(match/bug/late/unavail/toolna/cache/differ)=4/0/0/0/0/0/0 29s
[10] go-external-config__go ... OK gt(imp/impT/all)=4/7/9 err=0 verify(match/bug/late/unavail/toolna/cache/differ)=4/0/0/0/0/0/0 8s
[11] volatiletech__sqlboiler ... OK gt(imp/impT/all)=129/162/309 err=0 verify(match/bug/late/unavail/toolna/cache/differ)=4/0/0/0/0/0/0 61s
[13] RibbonFilter__ribbonGo ... OK gt(imp/impT/all)=2/2/4 err=0 verify(match/bug/late/unavail/toolna/cache/differ)=4/0/0/0/0/0/0 8s
[14] imroc__req ... OK gt(imp/impT/all)=299/334/883 err=0 verify(match/bug/late/unavail/toolna/cache/differ)=4/0/0/0/0/0/0 194s
[2] milvus-io__milvus ... OK gt(imp/impT/all)=11/11/29 err=0 verify(match/bug/late/unavail/toolna/cache/differ)=4/0/0/0/0/0/0 24s
[15] itchyny__bed ... OK gt(imp/impT/all)=8/8/15 err=0 verify(match/bug/late/unavail/toolna/cache/differ)=4/0/0/0/0/0/0 14s
[16] jonbaldie__go-mutesting ... OK gt(imp/impT/all)=44/49/176 err=0 verify(match/bug/late/unavail/toolna/cache/differ)=4/0/0/0/0/0/0 55s
[12] mattn__go-runewidth ... OK gt(imp/impT/all)=1/1/1 err=0 verify(match/bug/late/unavail/toolna/cache/differ)=4/0/0/0/0/0/0 12s
[13] mdlayher__arp ... OK gt(imp/impT/all)=21/21/34 err=0 verify(match/bug/late/unavail/toolna/cache/differ)=4/0/0/0/0/0/0 27s
[17] orneryd__NornicDB ... OK gt(imp/impT/all)=7/7/12 err=0 verify(match/bug/late/unavail/toolna/cache/differ)=4/0/0/0/0/0/0 14s
[14] EngoEngine__engo ... OK gt(imp/impT/all)=17/21/45 err=0 verify(match/bug/late/unavail/toolna/cache/differ)=4/0/0/0/0/0/0 22s
[15] fieldryand__goflow ... OK gt(imp/impT/all)=23/23/48 err=0 verify(match/bug/late/unavail/toolna/cache/differ)=4/0/0/0/0/0/0 15s
[16] mariocandela__beelzebub ... OK gt(imp/impT/all)=29/37/68 err=0 verify(match/bug/late/unavail/toolna/cache/differ)=4/0/0/0/0/0/0 17s
[17] blockloop__scan ... OK gt(imp/impT/all)=1/6/16 err=0 verify(match/bug/late/unavail/toolna/cache/differ)=4/0/0/0/0/0/0 8s
[18] rocketlaunchr__dataframe-go ... OK gt(imp/impT/all)=115/115/388 err=0 verify(match/bug/late/unavail/toolna/cache/differ)=4/0/0/0/0/0/0 107s
[18] muesli__smartcrop ... OK gt(imp/impT/all)=45/48/197 err=0 verify(match/bug/late/unavail/toolna/cache/differ)=4/0/0/0/0/0/0 41s
[19] sunary__sqlize ... OK gt(imp/impT/all)=2/2/12 err=0 verify(match/bug/late/unavail/toolna/cache/differ)=4/0/0/0/0/0/0 10s
[19] evrone__go-clean-template ... OK gt(imp/impT/all)=274/279/806 err=0 verify(match/bug/late/unavail/toolna/cache/differ)=4/0/0/0/0/0/0 167s
[3] adam-hanna__sessions ... OK gt(imp/impT/all)=2/2/2 err=0 verify(match/bug/late/unavail/toolna/cache/differ)=4/0/0/0/0/0/0 7s
[4] cristalhq__aconfig ... OK gt(imp/impT/all)=1/1/1 err=0 verify(match/bug/late/unavail/toolna/cache/differ)=4/0/0/0/0/0/0 8s
[5] valyala__fasthttp ... OK gt(imp/impT/all)=7/7/12 err=0 verify(match/bug/late/unavail/toolna/cache/differ)=4/0/0/0/0/0/0 11s
[6] revel__revel ... OK gt(imp/impT/all)=36/36/340 err=0 verify(match/bug/late/unavail/toolna/cache/differ)=4/0/0/0/0/0/0 52s
[20] tomlazar__table ... OK gt(imp/impT/all)=17/21/27 err=0 verify(match/bug/late/unavail/toolna/cache/differ)=4/0/0/0/0/0/0 9s
[7] tiendc__go-validator ... OK gt(imp/impT/all)=6/10/12 err=0 verify(match/bug/late/unavail/toolna/cache/differ)=4/0/0/0/0/0/0 11s
[21] zerosnake0__go-json-benchmark ... OK gt(imp/impT/all)=6/10/12 err=0 verify(match/bug/late/unavail/toolna/cache/differ)=4/0/0/0/0/0/0 10s
[8] olahol__melody ... OK gt(imp/impT/all)=17/18/30 err=0 verify(match/bug/late/unavail/toolna/cache/differ)=4/0/0/0/0/0/0 10s
[22] rookie-ninja__rk-grpc ... OK gt(imp/impT/all)=1/5/7 err=0 verify(match/bug/late/unavail/toolna/cache/differ)=4/0/0/0/0/0/0 10s
[9] Clivern__Beaver ... OK gt(imp/impT/all)=41/41/172 err=0 verify(match/bug/late/unavail/toolna/cache/differ)=4/0/0/0/0/0/0 37s
[10] innogames__slack-bot ... OK gt(imp/impT/all)=61/65/431 err=0 verify(match/bug/late/unavail/toolna/cache/differ)=4/0/0/0/0/0/0 63s
[23] sinhashubham95__go-actuator ... OK gt(imp/impT/all)=81/86/825 err=0 verify(match/bug/late/unavail/toolna/cache/differ)=4/0/0/0/0/0/0 129s
[20] bobg__mid ... OK gt(imp/impT/all)=3/7/10 err=0 verify(match/bug/late/unavail/toolna/cache/differ)=4/0/0/0/0/0/0 8s
[24] mehdipourfar__webp-server ... OK gt(imp/impT/all)=1/2/3 err=0 verify(match/bug/late/unavail/toolna/cache/differ)=4/0/0/0/0/0/0 6s
[21] fortio__fortio ... OK gt(imp/impT/all)=7/8/15 err=0 verify(match/bug/late/unavail/toolna/cache/differ)=4/0/0/0/0/0/0 9s
[25] aptly-dev__aptly ... OK gt(imp/impT/all)=28/31/74 err=0 verify(match/bug/late/unavail/toolna/cache/differ)=4/0/0/0/0/0/0 21s
[22] Balaji01-4D__pgxcli ... OK gt(imp/impT/all)=73/75/275 err=0 verify(match/bug/late/unavail/toolna/cache/differ)=4/0/0/0/0/0/0 63s
[11] zitryss__go-sample ... OK gt(imp/impT/all)=3/3/3 err=0 verify(match/bug/late/unavail/toolna/cache/differ)=4/0/0/0/0/0/0 7s
[12] VinGarcia__ksql ... OK gt(imp/impT/all)=63/66/164 err=0 verify(match/bug/late/unavail/toolna/cache/differ)=4/0/0/0/0/0/0 33s
[23] vladopajic__go-test-coverage ... OK gt(imp/impT/all)=4/4/12 err=0 verify(match/bug/late/unavail/toolna/cache/differ)=4/0/0/0/0/0/0 32s
[13] presbrey__go-multiproxy ... [supervise2] 中断された census2/rerun2/out/aptly-dev__aptly/ を掃除して再試行対象に戻す
[supervise2] 中断された census2/rerun2/out/presbrey__go-multiproxy/ を掃除して再試行対象に戻す
[supervise2] 中断された census2/rerun2/out/vladopajic__go-test-coverage/ を掃除して再試行対象に戻す
[supervise2] 開始 2026-08-06T02:03:23Z 並列=3 対象=1528 PGID=2194
[supervise2] round 1: 済み 1068 / 1528  2026-08-06T02:03:23Z
# rerun2 開始 2026-08-06T02:03:23.652Z 対象=1528 (SHA未記録=1→SKIP) 上限=Infinity
# rerun2 開始 2026-08-06T02:03:23.661Z 対象=1528 (SHA未記録=1→SKIP) 上限=Infinity
# rerun2 開始 2026-08-06T02:03:23.659Z 対象=1528 (SHA未記録=1→SKIP) 上限=Infinity
# 7月に main を除外できていなかった repo（予測集合。この集合の repo のみ july_main_bug を許す）= 7 件: Lifailon__lazyjournal antonmedv__fx box-cli-maker__box-cli-maker dghubble__sling dtgorski__typex homedepot__flop naughtygopher__errors
# 7月側の記録が使えず比較できない repo（july_unavailable。ゲートは通すが verify.csv に残す）= 9 件: codemodus__catena dimuska139__rawg-sdk-go ggicci__httpin kubernetes__kubernetes mehrdadrad__tcpdog presbrey__ollamafarm rakyll__hey tendermint__tendermint zRedShift__mimemagic
# 7月に main を除外できていなかった repo（予測集合。この集合の repo のみ july_main_bug を許す）= 7 件: Lifailon__lazyjournal antonmedv__fx box-cli-maker__box-cli-maker dghubble__sling dtgorski__typex homedepot__flop naughtygopher__errors
# 7月に main を除外できていなかった repo（予測集合。この集合の repo のみ july_main_bug を許す）= 7 件: Lifailon__lazyjournal antonmedv__fx box-cli-maker__box-cli-maker dghubble__sling dtgorski__typex homedepot__flop naughtygopher__errors
# 7月側の記録が使えず比較できない repo（july_unavailable。ゲートは通すが verify.csv に残す）= 9 件: codemodus__catena dimuska139__rawg-sdk-go ggicci__httpin kubernetes__kubernetes mehrdadrad__tcpdog presbrey__ollamafarm rakyll__hey tendermint__tendermint zRedShift__mimemagic
# 7月側の記録が使えず比較できない repo（july_unavailable。ゲートは通すが verify.csv に残す）= 9 件: codemodus__catena dimuska139__rawg-sdk-go ggicci__httpin kubernetes__kubernetes mehrdadrad__tcpdog presbrey__ollamafarm rakyll__hey tendermint__tendermint zRedShift__mimemagic
[1] aptly-dev__aptly ... [1] aptly-dev__aptly ... [1] aptly-dev__aptly ... SKIP(retryable/sha_fetch_failed)
[2] vladopajic__go-test-coverage ... SKIP(retryable/sha_fetch_failed)
[2] presbrey__go-multiproxy ... SKIP(retryable/sha_fetch_failed)
[2] rueian__rueidis ... OK gt(imp/impT/all)=2/7/13 err=0 verify(match/bug/late/unavail/toolna/cache/differ)=4/0/0/0/0/0/0 41s
[3] golang__groupcache ... OK gt(imp/impT/all)=1/6/37 err=0 verify(match/bug/late/unavail/toolna/cache/differ)=4/0/0/0/0/0/0 43s
[3] unki2aut__go-mpd ... OK gt(imp/impT/all)=15/20/64 err=0 verify(match/bug/late/unavail/toolna/cache/differ)=4/0/0/0/0/0/0 45s
[3] go-rod__rod ... OK gt(imp/impT/all)=2/2/4 err=0 verify(match/bug/late/unavail/toolna/cache/differ)=4/0/0/0/0/0/0 7s
[4] cloudwego__hertz ... OK gt(imp/impT/all)=1/4/10 err=0 verify(match/bug/late/unavail/toolna/cache/differ)=4/0/0/0/0/0/0 7s
[4] bobg__subcmd ... OK gt(imp/impT/all)=6/7/14 err=0 verify(match/bug/late/unavail/toolna/cache/differ)=4/0/0/0/0/0/0 7s
[4] Melkeydev__go-blueprint ... OK gt(imp/impT/all)=1/2/3 err=0 verify(match/bug/late/unavail/toolna/cache/differ)=4/0/0/0/0/0/0 6s
[5] theckman__yacspin ... OK gt(imp/impT/all)=6/7/8 err=0 verify(match/bug/late/unavail/toolna/cache/differ)=4/0/0/0/0/0/0 6s
[6] go-lark__lark ... OK gt(imp/impT/all)=20/20/33 err=0 verify(match/bug/late/unavail/toolna/cache/differ)=4/0/0/0/0/0/0 12s
[5] antham__gommit ... OK gt(imp/impT/all)=13/18/26 err=0 verify(match/bug/late/unavail/toolna/cache/differ)=4/0/0/0/0/0/0 15s
[5] hidevopsio__hiboot ... OK gt(imp/impT/all)=1/6/8 err=0 verify(match/bug/late/unavail/toolna/cache/differ)=4/0/0/0/0/0/0 9s
[7] sensepost__gowitness ... OK gt(imp/impT/all)=37/42/71 err=0 verify(match/bug/late/unavail/toolna/cache/differ)=4/0/0/0/0/0/0 23s
[6] jschoedt__go-firestorm ... OK gt(imp/impT/all)=89/89/151 err=0 verify(match/bug/late/unavail/toolna/cache/differ)=4/0/0/0/0/0/0 29s
[8] odeke-em__drive ... OK gt(imp/impT/all)=91/91/203 err=0 verify(match/bug/late/unavail/toolna/cache/differ)=4/0/0/0/0/0/0 39s
[6] bitfield__script ... OK gt(imp/impT/all)=15/16/32 err=0 verify(match/bug/late/unavail/toolna/cache/differ)=4/0/0/0/0/0/0 21s
[7] gosimple__slug ... OK gt(imp/impT/all)=1/1/1 err=0 verify(match/bug/late/unavail/toolna/cache/differ)=4/0/0/0/0/0/0 7s
[8] samber__do ... OK gt(imp/impT/all)=3/6/23 err=0 verify(match/bug/late/unavail/toolna/cache/differ)=4/0/0/0/0/0/0 18s
[7] EchoVault__EchoVault ... OK gt(imp/impT/all)=38/38/98 err=0 verify(match/bug/late/unavail/toolna/cache/differ)=4/0/0/0/0/0/0 28s
[9] galeone__igor ... OK gt(imp/impT/all)=1/1/1 err=0 verify(match/bug/late/unavail/toolna/cache/differ)=4/0/0/0/0/0/0 6s
[10] bitfield__uptimerobot ... OK gt(imp/impT/all)=1/6/87 err=0 verify(match/bug/late/unavail/toolna/cache/differ)=4/0/0/0/0/0/0 23s
[9] kubeshark__kubeshark ... OK gt(imp/impT/all)=30/31/96 err=0 verify(match/bug/late/unavail/toolna/cache/differ)=4/0/0/0/0/0/0 20s
[8] CovenantSQL__CovenantSQL ... OK gt(imp/impT/all)=16/17/246 err=0 verify(match/bug/late/unavail/toolna/cache/differ)=4/0/0/0/0/0/0 33s
[11] goraz__onion ... OK gt(imp/impT/all)=87/92/238 err=0 verify(match/bug/late/unavail/toolna/cache/differ)=4/0/0/0/0/0/0 30s
[9] dominikh__go-tools ... OK gt(imp/impT/all)=15/18/175 err=0 verify(match/bug/late/unavail/toolna/cache/differ)=4/0/0/0/0/0/0 11s
[12] s0ders__go-semver-release ... OK gt(imp/impT/all)=7/8/12 err=0 verify(match/bug/late/unavail/toolna/cache/differ)=4/0/0/0/0/0/0 12s
[10] chenmingyong0423__go-mongox ... OK gt(imp/impT/all)=36/39/70 err=0 verify(match/bug/late/unavail/toolna/cache/differ)=4/0/0/0/0/0/0 15s
[13] editorconfig__editorconfig-core-go ... OK gt(imp/impT/all)=9/13/24 err=0 verify(match/bug/late/unavail/toolna/cache/differ)=4/0/0/0/0/0/0 12s
[11] centrifugal__centrifugo ... OK gt(imp/impT/all)=3/3/10 err=0 verify(match/bug/late/unavail/toolna/cache/differ)=4/0/0/0/0/0/0 6s
[14] Raezil__GoEventBus ... OK gt(imp/impT/all)=129/129/350 err=0 verify(match/bug/late/unavail/toolna/cache/differ)=4/0/0/0/0/0/0 67s
[10] pemistahl__lingua-go ... OK gt(imp/impT/all)=6/6/12 err=0 verify(match/bug/late/unavail/toolna/cache/differ)=4/0/0/0/0/0/0 12s
[15] goadesign__goa ... OK gt(imp/impT/all)=3/7/15 err=0 verify(match/bug/late/unavail/toolna/cache/differ)=4/0/0/0/0/0/0 14s
[11] romshark__yamagiconf ... OK gt(imp/impT/all)=9/12/23 err=0 verify(match/bug/late/unavail/toolna/cache/differ)=4/0/0/0/0/0/0 10s
[12] VividCortex__pm ... OK gt(imp/impT/all)=20/30/70 err=0 verify(match/bug/late/unavail/toolna/cache/differ)=4/0/0/0/0/0/0 20s
[16] ajstarks__svgo ... OK gt(imp/impT/all)=1/1/1 err=0 verify(match/bug/late/unavail/toolna/cache/differ)=4/0/0/0/0/0/0 5s
[13] asticode__go-astitodo ... OK gt(imp/impT/all)=1/5/7 err=0 verify(match/bug/late/unavail/toolna/cache/differ)=4/0/0/0/0/0/0 6s
[14] TwinProduction__gatus ... OK gt(imp/impT/all)=3/3/14 err=0 verify(match/bug/late/unavail/toolna/cache/differ)=4/0/0/0/0/0/0 11s
[17] markphelps__flipt ... OK gt(imp/impT/all)=133/133/331 err=0 verify(match/bug/late/unavail/toolna/cache/differ)=4/0/0/0/0/0/0 63s
[12] micro__go-micro ... OK gt(imp/impT/all)=88/89/162 err=0 verify(match/bug/late/unavail/toolna/cache/differ)=4/0/0/0/0/0/0 51s
[15] tendermint__tendermint ... OK gt(imp/impT/all)=78/92/227 err=0 verify(match/bug/late/unavail/toolna/cache/differ)=4/0/0/0/0/0/0 72s
[13] minio__mc ... OK gt(imp/impT/all)=302/309/730 err=0 verify(match/bug/late/unavail/toolna/cache/differ)=4/0/0/0/0/0/0 124s
[18] asciimoo__colly ... OK gt(imp/impT/all)=65/77/692 err=0 verify(match/bug/late/unavail/toolna/cache/differ)=0/0/0/4/0/0/0 80s
[16] ktr0731__evans ... OK gt(imp/impT/all)=18/18/33 err=0 verify(match/bug/late/unavail/toolna/cache/differ)=4/0/0/0/0/0/0 11s
[19] bojanz__currency ... OK gt(imp/impT/all)=1/1/2 err=0 verify(match/bug/late/unavail/toolna/cache/differ)=4/0/0/0/0/0/0 6s
[20] MUlt1mate__protoc-gen-httpgo ... OK gt(imp/impT/all)=2/3/10 err=0 verify(match/bug/late/unavail/toolna/cache/differ)=4/0/0/0/0/0/0 20s
[21] mkchoi212__fac ... OK gt(imp/impT/all)=101/105/541 err=0 verify(match/bug/late/unavail/toolna/cache/differ)=4/0/0/0/0/0/0 77s
[14] go-beans__go ... OK gt(imp/impT/all)=7/7/13 err=0 verify(match/bug/late/unavail/toolna/cache/differ)=4/0/0/0/0/0/0 8s
[22] m1__go-generate-password ... OK gt(imp/impT/all)=5/9/10 err=0 verify(match/bug/late/unavail/toolna/cache/differ)=4/0/0/0/0/0/0 6s
[15] moby__moby ... OK gt(imp/impT/all)=2/6/12 err=0 verify(match/bug/late/unavail/toolna/cache/differ)=4/0/0/0/0/0/0 5s
[23] yassinebenaid__bunster ... OK gt(imp/impT/all)=5/5/15 err=0 verify(match/bug/late/unavail/toolna/cache/differ)=4/0/0/0/0/0/0 9s
[24] uber-go__mock ... OK gt(imp/impT/all)=4/8/14 err=0 verify(match/bug/late/unavail/toolna/cache/differ)=4/0/0/0/0/0/0 11s
[25] levigross__grequests ... OK gt(imp/impT/all)=55/65/560 err=0 verify(match/bug/late/unavail/toolna/cache/differ)=4/0/0/0/0/0/0 72s
[17] andygrunwald__go-jira ... OK gt(imp/impT/all)=2/6/14 err=0 verify(match/bug/late/unavail/toolna/cache/differ)=4/0/0/0/0/0/0 9s
[26] mgechev__revive ... OK gt(imp/impT/all)=4/5/5 err=0 verify(match/bug/late/unavail/toolna/cache/differ)=4/0/0/0/0/0/0 8s
[18] ironsmile__euterpe ... OK gt(imp/impT/all)=16/18/91 err=0 verify(match/bug/late/unavail/toolna/cache/differ)=4/0/0/0/0/0/0 27s
[19] google__cayley ... OK gt(imp/impT/all)=14/14/18 err=0 verify(match/bug/late/unavail/toolna/cache/differ)=4/0/0/0/0/0/0 33s
[27] paulmach__osm ... OK gt(imp/impT/all)=5/6/39 err=0 verify(match/bug/late/unavail/toolna/cache/differ)=4/0/0/0/0/0/0 13s
[28] tiendc__gofn ... OK gt(imp/impT/all)=1/5/7 err=0 verify(match/bug/late/unavail/toolna/cache/differ)=4/0/0/0/0/0/0 6s
[29] Netflix__chaosmonkey ... OK gt(imp/impT/all)=24/24/37 err=0 verify(match/bug/late/unavail/toolna/cache/differ)=4/0/0/0/0/0/0 9s
[30] spf13__viper ... OK gt(imp/impT/all)=280/285/825 err=0 verify(match/bug/late/unavail/toolna/cache/differ)=4/0/0/0/0/0/0 96s
[16] lonng__nano ... OK gt(imp/impT/all)=11/15/25 err=0 verify(match/bug/late/unavail/toolna/cache/differ)=4/0/0/0/0/0/0 21s
OK gt(imp/impT/all)=14/20/68 err=0 verify(match/bug/late/unavail/toolna/cache/differ)=4/0/0/0/0/0/0 18s
[31] dnnrly__abbreviate ... [17] plandem__xlsx ... [supervise2] 中断された census2/rerun2/out/dnnrly__abbreviate/ を掃除して再試行対象に戻す
[supervise2] 中断された census2/rerun2/out/google__cayley/ を掃除して再試行対象に戻す
[supervise2] 中断された census2/rerun2/out/plandem__xlsx/ を掃除して再試行対象に戻す
[supervise2] 開始 2026-08-06T02:13:04Z 並列=3 対象=1528 PGID=19966
[supervise2] round 1: 済み 1130 / 1528  2026-08-06T02:13:04Z
# rerun2 開始 2026-08-06T02:13:04.114Z 対象=1528 (SHA未記録=1→SKIP) 上限=Infinity
# 7月に main を除外できていなかった repo（予測集合。この集合の repo のみ july_main_bug を許す）= 7 件: Lifailon__lazyjournal antonmedv__fx box-cli-maker__box-cli-maker dghubble__sling dtgorski__typex homedepot__flop naughtygopher__errors
# 7月側の記録が使えず比較できない repo（july_unavailable。ゲートは通すが verify.csv に残す）= 9 件: codemodus__catena dimuska139__rawg-sdk-go ggicci__httpin kubernetes__kubernetes mehrdadrad__tcpdog presbrey__ollamafarm rakyll__hey tendermint__tendermint zRedShift__mimemagic
# rerun2 開始 2026-08-06T02:13:04.140Z 対象=1528 (SHA未記録=1→SKIP) 上限=Infinity
# 7月に main を除外できていなかった repo（予測集合。この集合の repo のみ july_main_bug を許す）= 7 件: Lifailon__lazyjournal antonmedv__fx box-cli-maker__box-cli-maker dghubble__sling dtgorski__typex homedepot__flop naughtygopher__errors
# 7月側の記録が使えず比較できない repo（july_unavailable。ゲートは通すが verify.csv に残す）= 9 件: codemodus__catena dimuska139__rawg-sdk-go ggicci__httpin kubernetes__kubernetes mehrdadrad__tcpdog presbrey__ollamafarm rakyll__hey tendermint__tendermint zRedShift__mimemagic
# rerun2 開始 2026-08-06T02:13:04.141Z 対象=1528 (SHA未記録=1→SKIP) 上限=Infinity
# 7月に main を除外できていなかった repo（予測集合。この集合の repo のみ july_main_bug を許す）= 7 件: Lifailon__lazyjournal antonmedv__fx box-cli-maker__box-cli-maker dghubble__sling dtgorski__typex homedepot__flop naughtygopher__errors
# 7月側の記録が使えず比較できない repo（july_unavailable。ゲートは通すが verify.csv に残す）= 9 件: codemodus__catena dimuska139__rawg-sdk-go ggicci__httpin kubernetes__kubernetes mehrdadrad__tcpdog presbrey__ollamafarm rakyll__hey tendermint__tendermint zRedShift__mimemagic
[1] google__cayley ... [1] dnnrly__abbreviate ... [1] google__cayley ... node:internal/fs/rimraf:203
      throw err;
      ^

Error: ENOTEMPTY: directory not empty, rmdir '/tmp/rr2_google__cayley/src/.git/hooks'
    at Object.rmdirSync (node:fs:1193:11)
    at _rmdirSync (node:internal/fs/rimraf:261:21)
    at rimrafSync (node:internal/fs/rimraf:194:7)
    at node:internal/fs/rimraf:254:9
    at Array.forEach (<anonymous>)
    at _rmdirSync (node:internal/fs/rimraf:251:7)
    at rimrafSync (node:internal/fs/rimraf:194:7)
    at node:internal/fs/rimraf:254:9
    at Array.forEach (<anonymous>)
    at _rmdirSync (node:internal/fs/rimraf:251:7) {
  errno: -39,
  code: 'ENOTEMPTY',
  syscall: 'rmdir',
  path: '/tmp/rr2_google__cayley/src/.git/hooks'
}

Node.js v22.22.2
OK gt(imp/impT/all)=2/14/172 err=0 verify(match/bug/late/unavail/toolna/cache/differ)=4/0/0/0/0/0/0 9s
[2] plandem__xlsx ... OK gt(imp/impT/all)=1/4/6 err=0 verify(match/bug/late/unavail/toolna/cache/differ)=4/0/0/0/0/0/0 7s
[3] dundee__gdu ... OK gt(imp/impT/all)=39/42/78 err=0 verify(match/bug/late/unavail/toolna/cache/differ)=4/0/0/0/0/0/0 18s
[4] connectordb__connectordb ... OK gt(imp/impT/all)=46/46/246 err=0 verify(match/bug/late/unavail/toolna/cache/differ)=4/0/0/0/0/0/0 15s
[5] amjadjibon__memsh ... OK gt(imp/impT/all)=91/93/440 err=0 verify(match/bug/late/unavail/toolna/cache/differ)=4/0/0/0/0/0/0 61s
[2] bits-and-blooms__bloom ... OK gt(imp/impT/all)=1/2/2 err=0 verify(match/bug/late/unavail/toolna/cache/differ)=4/0/0/0/0/0/0 5s
[3] gofiber__fiber ... OK gt(imp/impT/all)=17/22/29 err=0 verify(match/bug/late/unavail/toolna/cache/differ)=4/0/0/0/0/0/0 12s
OK gt(imp/impT/all)=56/56/115 err=0 verify(match/bug/late/unavail/toolna/cache/differ)=4/0/0/0/0/0/0 28s
[4] agnivade__wasmbrowsertest ... [6] src-d__hercules ... OK gt(imp/impT/all)=9/9/16 err=0 verify(match/bug/late/unavail/toolna/cache/differ)=4/0/0/0/0/0/0 8s
[5] SimonBaeumer__commander ... OK gt(imp/impT/all)=28/30/58 err=0 verify(match/bug/late/unavail/toolna/cache/differ)=4/0/0/0/0/0/0 13s
[6] DMcP89__tinycare-tui ... OK gt(imp/impT/all)=49/53/87 err=0 verify(match/bug/late/unavail/toolna/cache/differ)=4/0/0/0/0/0/0 23s
[7] cybergarage__go-job ... OK gt(imp/impT/all)=29/31/64 err=0 verify(match/bug/late/unavail/toolna/cache/differ)=4/0/0/0/0/0/0 16s
[7] go-kod__kod ...   differ=1 → module cache を温めて取り直す
OK gt(imp/impT/all)=52/55/93 err=0 verify(match/bug/late/unavail/toolna/cache/differ)=4/0/0/0/0/0/0 17s
[8] tal-tech__go-zero ...   再判定: cache_sensitive=0 differ=1
# ★ 未説明の differ=1 at cybergarage__go-job [syft] — 温め直しても7月を再現しなかった
# → STOP を作成し全ワーカーを停止する（未調査の再現失敗のため）
OK gt(imp/impT/all)=48/48/137 err=0 verify(match/bug/late/unavail/toolna/cache/differ)=3/0/0/0/0/0/1 41s
# STOP を検出したので停止する: unexplained differ=1 at cybergarage__go-job [syft] (2026-08-06T02:15:28.293Z) pid=19989

# 完了 処理=7 成功=1137 SKIP=0
# 検証 match=27 july_main_bug=0 july_main_bug_late=0 july_unavailable=0 july_tool_na=0 cache_sensitive=0 differ=1
# ★ differ=1 — 報告のトリガー
OK gt(imp/impT/all)=120/125/222 err=0 verify(match/bug/late/unavail/toolna/cache/differ)=4/0/0/0/0/0/0 35s
# STOP を検出したので停止する: unexplained differ=1 at cybergarage__go-job [syft] (2026-08-06T02:15:28.293Z) pid=19989

# 完了 処理=8 成功=1139 SKIP=0
# 検証 match=32 july_main_bug=0 july_main_bug_late=0 july_unavailable=0 july_tool_na=0 cache_sensitive=0 differ=0
[supervise2] STOP を検出したので再投入しない: unexplained differ=1 at cybergarage__go-job [syft] (2026-08-06T02:15:28.293Z) pid=19989
[supervise2] 終了 2026-08-06T02:15:56Z
[supervise2] 開始 2026-08-06T02:19:12Z 並列=3 対象=1528 PGID=26483
[supervise2] round 1: 済み 1145 / 1528  2026-08-06T02:19:12Z
# rerun2 開始 2026-08-06T02:19:12.448Z 対象=1528 (SHA未記録=1→SKIP) 上限=Infinity
# 7月に main を除外できていなかった repo（予測集合。この集合の repo のみ july_main_bug を許す）= 7 件: Lifailon__lazyjournal antonmedv__fx box-cli-maker__box-cli-maker dghubble__sling dtgorski__typex homedepot__flop naughtygopher__errors
# 7月側の記録が使えず比較できない repo（july_unavailable。ゲートは通すが verify.csv に残す）= 9 件: codemodus__catena dimuska139__rawg-sdk-go ggicci__httpin kubernetes__kubernetes mehrdadrad__tcpdog presbrey__ollamafarm rakyll__hey tendermint__tendermint zRedShift__mimemagic
# rerun2 開始 2026-08-06T02:19:12.450Z 対象=1528 (SHA未記録=1→SKIP) 上限=Infinity
# 7月に main を除外できていなかった repo（予測集合。この集合の repo のみ july_main_bug を許す）= 7 件: Lifailon__lazyjournal antonmedv__fx box-cli-maker__box-cli-maker dghubble__sling dtgorski__typex homedepot__flop naughtygopher__errors
# 7月側の記録が使えず比較できない repo（july_unavailable。ゲートは通すが verify.csv に残す）= 9 件: codemodus__catena dimuska139__rawg-sdk-go ggicci__httpin kubernetes__kubernetes mehrdadrad__tcpdog presbrey__ollamafarm rakyll__hey tendermint__tendermint zRedShift__mimemagic
# rerun2 開始 2026-08-06T02:19:12.453Z 対象=1528 (SHA未記録=1→SKIP) 上限=Infinity
# 7月に main を除外できていなかった repo（予測集合。この集合の repo のみ july_main_bug を許す）= 7 件: Lifailon__lazyjournal antonmedv__fx box-cli-maker__box-cli-maker dghubble__sling dtgorski__typex homedepot__flop naughtygopher__errors
# 7月側の記録が使えず比較できない repo（july_unavailable。ゲートは通すが verify.csv に残す）= 9 件: codemodus__catena dimuska139__rawg-sdk-go ggicci__httpin kubernetes__kubernetes mehrdadrad__tcpdog presbrey__ollamafarm rakyll__hey tendermint__tendermint zRedShift__mimemagic
[1] Workiva__go-datastructures ... [1] wellington__wellington ... [1] savsgio__atreugo ... OK gt(imp/impT/all)=7/7/18 err=0 verify(match/bug/late/unavail/toolna/cache/differ)=4/0/0/0/0/0/0 8s
[2] maxclaus__gaper ... OK gt(imp/impT/all)=7/8/14 err=0 verify(match/bug/late/unavail/toolna/cache/differ)=4/0/0/0/0/0/0 9s
[2] PaddleHQ__go-aws-ssm ... OK gt(imp/impT/all)=10/10/105 err=0 verify(match/bug/late/unavail/toolna/cache/differ)=4/0/0/0/0/0/0 12s
[2] netresearch__ofelia ... OK gt(imp/impT/all)=9/14/20 err=0 verify(match/bug/late/unavail/toolna/cache/differ)=4/0/0/0/0/0/0 8s
[3] go-the-way__exl ... OK gt(imp/impT/all)=3/3/11 err=0 verify(match/bug/late/unavail/toolna/cache/differ)=4/0/0/0/0/0/0 13s
[3] spiral__roadrunner ... OK gt(imp/impT/all)=11/11/19 err=0 verify(match/bug/late/unavail/toolna/cache/differ)=4/0/0/0/0/0/0 8s
[4] carlmjohnson__requests ... OK gt(imp/impT/all)=43/48/90 err=0 verify(match/bug/late/unavail/toolna/cache/differ)=4/0/0/0/0/0/0 17s
[3] yuseferi__scheduler ... OK gt(imp/impT/all)=1/1/5 err=0 verify(match/bug/late/unavail/toolna/cache/differ)=4/0/0/0/0/0/0 10s
[5] LimeChain__gosemble ... OK gt(imp/impT/all)=4/52/121 err=0 verify(match/bug/late/unavail/toolna/cache/differ)=4/0/0/0/0/0/0 23s
[4] jenkins-zh__jenkins-cli ... OK gt(imp/impT/all)=26/26/284 err=0 verify(match/bug/late/unavail/toolna/cache/differ)=4/0/0/0/0/0/0 21s
[6] golang__geo ... OK gt(imp/impT/all)=1/2/2 err=0 verify(match/bug/late/unavail/toolna/cache/differ)=4/0/0/0/0/0/0 8s
[7] Colin4k1024__Aetheris ... OK gt(imp/impT/all)=201/201/537 err=0 verify(match/bug/late/unavail/toolna/cache/differ)=4/0/0/0/0/0/0 46s
[4] chrispassas__silk ... OK gt(imp/impT/all)=2/2/2 err=0 verify(match/bug/late/unavail/toolna/cache/differ)=4/0/0/0/0/0/0 17s
[5] rekurt__ymsdk ... OK gt(imp/impT/all)=2/2/8 err=0 verify(match/bug/late/unavail/toolna/cache/differ)=4/0/0/0/0/0/0 7s
[6] Boeing__config-file-validator ... OK gt(imp/impT/all)=67/80/422 err=0 verify(match/bug/late/unavail/toolna/cache/differ)=4/0/0/0/0/0/0 42s
[5] gone-io__gone ... OK gt(imp/impT/all)=1/1/9 err=0 verify(match/bug/late/unavail/toolna/cache/differ)=4/0/0/0/0/0/0 9s
[6] k8gb-io__k8gb ... OK gt(imp/impT/all)=124/124/267 err=0 verify(match/bug/late/unavail/toolna/cache/differ)=4/0/0/0/0/0/0 51s
[8] elastic__go-elasticsearch ... OK gt(imp/impT/all)=42/47/100 err=0 verify(match/bug/late/unavail/toolna/cache/differ)=4/0/0/0/0/0/0 26s
[7] augmentable-dev__tickgit ... OK gt(imp/impT/all)=19/19/125 err=0 verify(match/bug/late/unavail/toolna/cache/differ)=4/0/0/0/0/0/0 24s
[8] root-gg__plik ... OK gt(imp/impT/all)=7/7/19 err=0 verify(match/bug/late/unavail/toolna/cache/differ)=4/0/0/0/0/0/0 35s
[9] mudler__LocalAI ... OK gt(imp/impT/all)=99/100/313 err=0 verify(match/bug/late/unavail/toolna/cache/differ)=4/0/0/0/0/0/0 79s
[7] cenkalti__rain ... OK gt(imp/impT/all)=113/113/348 err=0 verify(match/bug/late/unavail/toolna/cache/differ)=4/0/0/0/0/0/0 42s
[9] jessevdk__go-flags ... OK gt(imp/impT/all)=1/2/11 err=0 verify(match/bug/late/unavail/toolna/cache/differ)=4/0/0/0/0/0/0 7s
[10] emersion__go-message ... OK gt(imp/impT/all)=41/47/70 err=0 verify(match/bug/late/unavail/toolna/cache/differ)=4/0/0/0/0/0/0 18s
[8] embano1__memlog ... OK gt(imp/impT/all)=1/1/10 err=0 verify(match/bug/late/unavail/toolna/cache/differ)=4/0/0/0/0/0/0 10s
[11] go-playground__validator ... OK gt(imp/impT/all)=1/4/7 err=0 verify(match/bug/late/unavail/toolna/cache/differ)=4/0/0/0/0/0/0 9s
[9] getfider__fider ... OK gt(imp/impT/all)=7/8/17 err=0 verify(match/bug/late/unavail/toolna/cache/differ)=4/0/0/0/0/0/0 12s
[12] GuilhermeCaruso__anko ... OK gt(imp/impT/all)=3/3/14 err=0 verify(match/bug/late/unavail/toolna/cache/differ)=4/0/0/0/0/0/0 9s
[13] uber-go__zap ... OK gt(imp/impT/all)=1/7/12 err=0 verify(match/bug/late/unavail/toolna/cache/differ)=4/0/0/0/0/0/0 10s
[14] webhookx-io__webhookx ... OK gt(imp/impT/all)=40/40/365 err=0 verify(match/bug/late/unavail/toolna/cache/differ)=4/0/0/0/0/0/0 57s
[10] abahmed__kwatch ... OK gt(imp/impT/all)=57/59/90 err=0 verify(match/bug/late/unavail/toolna/cache/differ)=4/0/0/0/0/0/0 20s
[11] o1egl__govatar ... OK gt(imp/impT/all)=4/8/12 err=0 verify(match/bug/late/unavail/toolna/cache/differ)=4/0/0/0/0/0/0 6s
[12] linvon__cuckoo-filter ... OK gt(imp/impT/all)=1/1/1 err=0 verify(match/bug/late/unavail/toolna/cache/differ)=4/0/0/0/0/0/0 6s
[13] jroimartin__gocui ... OK gt(imp/impT/all)=132/141/410 err=0 verify(match/bug/late/unavail/toolna/cache/differ)=4/0/0/0/0/0/0 70s
[15] peak__s5cmd ... OK gt(imp/impT/all)=2/2/2 err=0 verify(match/bug/late/unavail/toolna/cache/differ)=4/0/0/0/0/0/0 5s
[14] number571__go-peer ... OK gt(imp/impT/all)=5/5/10 err=0 verify(match/bug/late/unavail/toolna/cache/differ)=4/0/0/0/0/0/0 9s
[15] rsteube__carapace-bin ... OK gt(imp/impT/all)=29/30/60 err=0 verify(match/bug/late/unavail/toolna/cache/differ)=4/0/0/0/0/0/0 19s
[16] json-iterator__go ... OK gt(imp/impT/all)=2/7/9 err=0 verify(match/bug/late/unavail/toolna/cache/differ)=4/0/0/0/0/0/0 7s
[17] xuri__excelize ... OK gt(imp/impT/all)=8/13/20 err=0 verify(match/bug/late/unavail/toolna/cache/differ)=4/0/0/0/0/0/0 9s
[18] cyucelen__walker ... OK gt(imp/impT/all)=17/17/27 err=0 verify(match/bug/late/unavail/toolna/cache/differ)=4/0/0/0/0/0/0 27s
[16] lawzava__go-pg-migrate ... OK gt(imp/impT/all)=456/469/1125 err=0 verify(match/bug/late/unavail/toolna/cache/differ)=4/0/0/0/0/0/0 199s
OK gt(imp/impT/all)=5/12/32 err=0 verify(match/bug/late/unavail/toolna/cache/differ)=4/0/0/0/0/0/0 8s
[17] kisielk__errcheck ... OK gt(imp/impT/all)=3/20/45 err=0 verify(match/bug/late/unavail/toolna/cache/differ)=4/0/0/0/0/0/0 11s
[19] oxyno-zeta__s3-proxy ... [10] godror__godror ... OK gt(imp/impT/all)=3/3/8 err=0 verify(match/bug/late/unavail/toolna/cache/differ)=4/0/0/0/0/0/0 9s
[18] dop251__goja ... OK gt(imp/impT/all)=5/11/23 err=0 verify(match/bug/late/unavail/toolna/cache/differ)=4/0/0/0/0/0/0 12s
[11] anthonynsimon__bild ... OK gt(imp/impT/all)=5/7/19 err=0 verify(match/bug/late/unavail/toolna/cache/differ)=4/0/0/0/0/0/0 11s
[19] linkedin__goavro ... OK gt(imp/impT/all)=4/4/10 err=0 verify(match/bug/late/unavail/toolna/cache/differ)=4/0/0/0/0/0/0 8s
[12] cswank__kcli ... OK gt(imp/impT/all)=1/5/7 err=0 verify(match/bug/late/unavail/toolna/cache/differ)=4/0/0/0/0/0/0 8s
[20] ajitpratap0__GoSQLX ... OK gt(imp/impT/all)=65/65/131 err=0 verify(match/bug/late/unavail/toolna/cache/differ)=4/0/0/0/0/0/0 28s
[20] s0rg__grid ... OK gt(imp/impT/all)=30/30/49 err=0 verify(match/bug/late/unavail/toolna/cache/differ)=4/0/0/0/0/0/0 13s
[13] c-robinson__iplib ... OK gt(imp/impT/all)=6/6/12 err=0 verify(match/bug/late/unavail/toolna/cache/differ)=4/0/0/0/0/0/0 9s
[21] doors-dev__doors ... OK gt(imp/impT/all)=1/1/1 err=0 verify(match/bug/late/unavail/toolna/cache/differ)=4/0/0/0/0/0/0 6s
[14] aurelien-rainone__go-rquad ... OK gt(imp/impT/all)=1/1/1 err=0 verify(match/bug/late/unavail/toolna/cache/differ)=4/0/0/0/0/0/0 7s
[15] steambap__captcha ... OK gt(imp/impT/all)=15/66/130 err=0 verify(match/bug/late/unavail/toolna/cache/differ)=4/0/0/0/0/0/0 24s
[21] corona10__goimagehash ... OK gt(imp/impT/all)=16/16/46 err=0 verify(match/bug/late/unavail/toolna/cache/differ)=4/0/0/0/0/0/0 16s
[22] hatchet-dev__hatchet ... OK gt(imp/impT/all)=2/2/3 err=0 verify(match/bug/late/unavail/toolna/cache/differ)=4/0/0/0/0/0/0 8s
[16] openziti__sdk-golang ... OK gt(imp/impT/all)=1/1/1 err=0 verify(match/bug/late/unavail/toolna/cache/differ)=4/0/0/0/0/0/0 6s
[22] cshum__imagor ... OK gt(imp/impT/all)=76/80/248 err=0 verify(match/bug/late/unavail/toolna/cache/differ)=4/0/0/0/0/0/0 36s
[17] C2FO__vfs ... OK gt(imp/impT/all)=85/97/291 err=0 verify(match/bug/late/unavail/toolna/cache/differ)=4/0/0/0/0/0/0 59s
[23] loom-go__loom ... OK gt(imp/impT/all)=2/6/8 err=0 verify(match/bug/late/unavail/toolna/cache/differ)=4/0/0/0/0/0/0 7s
[24] araddon__dateparse ... OK gt(imp/impT/all)=3/7/9 err=0 verify(match/bug/late/unavail/toolna/cache/differ)=4/0/0/0/0/0/0 5s
[25] goxjs__gl ... OK gt(imp/impT/all)=87/94/268 err=0 verify(match/bug/late/unavail/toolna/cache/differ)=4/0/0/0/0/0/0 45s
[18] nikogura__dbt ... OK gt(imp/impT/all)=246/249/430 err=0 verify(match/bug/late/unavail/toolna/cache/differ)=4/0/0/0/0/0/0 86s
[23] g3n__engine ... OK gt(imp/impT/all)=1/2/10 err=0 verify(match/bug/late/unavail/toolna/cache/differ)=4/0/0/0/0/0/0 11s
[26] claygod__coffer ... OK gt(imp/impT/all)=3/4/20 err=0 verify(match/bug/late/unavail/toolna/cache/differ)=4/0/0/0/0/0/0 7s
[27] GoogleCloudPlatform__gcloud-golang ... OK gt(imp/impT/all)=4/4/7 err=0 verify(match/bug/late/unavail/toolna/cache/differ)=4/0/0/0/0/0/0 10s
[24] gojuno__minimock ... OK gt(imp/impT/all)=61/64/136 err=0 verify(match/bug/late/unavail/toolna/cache/differ)=4/0/0/0/0/0/0 32s
[19] wkhere__bcl ... OK gt(imp/impT/all)=10/12/38 err=0 verify(match/bug/late/unavail/toolna/cache/differ)=4/0/0/0/0/0/0 22s
[25] xjasonlyu__tun2socks ... OK gt(imp/impT/all)=1/2/2 err=0 verify(match/bug/late/unavail/toolna/cache/differ)=4/0/0/0/0/0/0 5s
[20] gchaincl__httplab ... OK gt(imp/impT/all)=6/9/9 err=0 verify(match/bug/late/unavail/toolna/cache/differ)=4/0/0/0/0/0/0 12s
[21] qustavo__sqlhooks ... [supervise2] 中断された census2/rerun2/out/GoogleCloudPlatform__gcloud-golang/ を掃除して再試行対象に戻す
[supervise2] 中断された census2/rerun2/out/qustavo__sqlhooks/ を掃除して再試行対象に戻す
[supervise2] 中断された census2/rerun2/out/xjasonlyu__tun2socks/ を掃除して再試行対象に戻す
[supervise2] 開始 2026-08-06T03:27:56Z 並列=3 対象=1528 PGID=2197
[supervise2] round 1: 済み 1215 / 1528  2026-08-06T03:27:56Z
# rerun2 開始 2026-08-06T03:27:57.432Z 対象=1528 (SHA未記録=1→SKIP) 上限=Infinity
# rerun2 開始 2026-08-06T03:27:57.430Z 対象=1528 (SHA未記録=1→SKIP) 上限=Infinity
# 7月に main を除外できていなかった repo（予測集合。この集合の repo のみ july_main_bug を許す）= 7 件: Lifailon__lazyjournal antonmedv__fx box-cli-maker__box-cli-maker dghubble__sling dtgorski__typex homedepot__flop naughtygopher__errors
# 7月側の記録が使えず比較できない repo（july_unavailable。ゲートは通すが verify.csv に残す）= 9 件: codemodus__catena dimuska139__rawg-sdk-go ggicci__httpin kubernetes__kubernetes mehrdadrad__tcpdog presbrey__ollamafarm rakyll__hey tendermint__tendermint zRedShift__mimemagic
# 7月に main を除外できていなかった repo（予測集合。この集合の repo のみ july_main_bug を許す）= 7 件: Lifailon__lazyjournal antonmedv__fx box-cli-maker__box-cli-maker dghubble__sling dtgorski__typex homedepot__flop naughtygopher__errors
# rerun2 開始 2026-08-06T03:27:57.419Z 対象=1528 (SHA未記録=1→SKIP) 上限=Infinity
# 7月側の記録が使えず比較できない repo（july_unavailable。ゲートは通すが verify.csv に残す）= 9 件: codemodus__catena dimuska139__rawg-sdk-go ggicci__httpin kubernetes__kubernetes mehrdadrad__tcpdog presbrey__ollamafarm rakyll__hey tendermint__tendermint zRedShift__mimemagic
# 7月に main を除外できていなかった repo（予測集合。この集合の repo のみ july_main_bug を許す）= 7 件: Lifailon__lazyjournal antonmedv__fx box-cli-maker__box-cli-maker dghubble__sling dtgorski__typex homedepot__flop naughtygopher__errors
# 7月側の記録が使えず比較できない repo（july_unavailable。ゲートは通すが verify.csv に残す）= 9 件: codemodus__catena dimuska139__rawg-sdk-go ggicci__httpin kubernetes__kubernetes mehrdadrad__tcpdog presbrey__ollamafarm rakyll__hey tendermint__tendermint zRedShift__mimemagic
[1] GoogleCloudPlatform__gcloud-golang ... [1] GoogleCloudPlatform__gcloud-golang ... [1] GoogleCloudPlatform__gcloud-golang ... SKIP(retryable/sha_fetch_failed)
SKIP(retryable/sha_fetch_failed)
[2] xjasonlyu__tun2socks ... [2] xjasonlyu__tun2socks ... SKIP(retryable/sha_fetch_failed)
[3] qustavo__sqlhooks ... SKIP(retryable/sha_fetch_failed)
[3] mantil-io__mantil ... SKIP(retryable/sha_fetch_failed)
[2] xjasonlyu__tun2socks ... OK gt(imp/impT/all)=2/8/20 err=0 verify(match/bug/late/unavail/toolna/cache/differ)=4/0/0/0/0/0/0 53s
[4] mikekonan__go-types ... OK gt(imp/impT/all)=4/4/12 err=0 verify(match/bug/late/unavail/toolna/cache/differ)=4/0/0/0/0/0/0 9s
[5] andygrunwald__go-trending ... OK gt(imp/impT/all)=3/3/14 err=0 verify(match/bug/late/unavail/toolna/cache/differ)=4/0/0/0/0/0/0 8s
[6] preslavmihaylov__todocheck ... OK gt(imp/impT/all)=21/24/150 err=0 verify(match/bug/late/unavail/toolna/cache/differ)=4/0/0/0/0/0/0 72s
[3] dwin__goArgonPass ... OK gt(imp/impT/all)=85/90/237 err=0 verify(match/bug/late/unavail/toolna/cache/differ)=4/0/0/0/0/0/0 73s
[4] tickstem__cron ... OK gt(imp/impT/all)=8/8/11 err=0 verify(match/bug/late/unavail/toolna/cache/differ)=4/0/0/0/0/0/0 8s
[7] spf13__cobra ... OK gt(imp/impT/all)=2/6/15 err=0 verify(match/bug/late/unavail/toolna/cache/differ)=4/0/0/0/0/0/0 8s
[4] go-kivik__kivik ... OK gt(imp/impT/all)=6/10/17 err=0 verify(match/bug/late/unavail/toolna/cache/differ)=4/0/0/0/0/0/0 8s
[5] aldor007__mort ... OK gt(imp/impT/all)=4/4/6 err=0 verify(match/bug/late/unavail/toolna/cache/differ)=4/0/0/0/0/0/0 11s
[8] shinagawa-web__gomarklint ... OK gt(imp/impT/all)=4/4/12 err=0 verify(match/bug/late/unavail/toolna/cache/differ)=4/0/0/0/0/0/0 15s
[9] nikepan__clickhouse-bulk ... OK gt(imp/impT/all)=19/23/49 err=0 verify(match/bug/late/unavail/toolna/cache/differ)=4/0/0/0/0/0/0 19s
[10] nao1215__gup ... OK gt(imp/impT/all)=95/105/326 err=0 verify(match/bug/late/unavail/toolna/cache/differ)=4/0/0/0/0/0/0 46s
[6] pixie-labs__pixie ... OK gt(imp/impT/all)=14/16/38 err=0 verify(match/bug/late/unavail/toolna/cache/differ)=4/0/0/0/0/0/0 14s
[11] google__cel-go ... OK gt(imp/impT/all)=32/38/380 err=0 verify(match/bug/late/unavail/toolna/cache/differ)=4/0/0/0/0/0/0 61s
[5] seborama__fuego ... OK gt(imp/impT/all)=3/7/11 err=0 verify(match/bug/late/unavail/toolna/cache/differ)=4/0/0/0/0/0/0 9s
[6] ddddddO__gtree ... OK gt(imp/impT/all)=8/9/17 err=0 verify(match/bug/late/unavail/toolna/cache/differ)=4/0/0/0/0/0/0 15s
[12] bmf-san__ggc ... OK gt(imp/impT/all)=4/5/9 err=0 verify(match/bug/late/unavail/toolna/cache/differ)=4/0/0/0/0/0/0 11s
[13] go-external-config__consul ... OK gt(imp/impT/all)=8/9/15 err=0 verify(match/bug/late/unavail/toolna/cache/differ)=4/0/0/0/0/0/0 12s
[7] matryer__gopherize.me ... OK gt(imp/impT/all)=21/21/103 err=0 verify(match/bug/late/unavail/toolna/cache/differ)=4/0/0/0/0/0/0 17s
[14] liujianping__job ... OK gt(imp/impT/all)=20/20/100 err=0 verify(match/bug/late/unavail/toolna/cache/differ)=4/0/0/0/0/0/0 26s
[8] abraithwaite__jeff ... OK gt(imp/impT/all)=6/10/21 err=0 verify(match/bug/late/unavail/toolna/cache/differ)=4/0/0/0/0/0/0 11s
[9] uadmin__uadmin ... OK gt(imp/impT/all)=25/25/115 err=0 verify(match/bug/late/unavail/toolna/cache/differ)=4/0/0/0/0/0/0 24s
[15] reeflective__console ... OK gt(imp/impT/all)=27/27/47 err=0 verify(match/bug/late/unavail/toolna/cache/differ)=4/0/0/0/0/0/0 10s
[10] juicedata__juicefs ... OK gt(imp/impT/all)=11/11/33 err=0 verify(match/bug/late/unavail/toolna/cache/differ)=4/0/0/0/0/0/0 10s
[16] updatecli__updatecli ... OK gt(imp/impT/all)=261/263/647 err=0 verify(match/bug/late/unavail/toolna/cache/differ)=4/0/0/0/0/0/0 121s
[7] vdobler__chart ... OK gt(imp/impT/all)=4/4/8 err=0 verify(match/bug/late/unavail/toolna/cache/differ)=4/0/0/0/0/0/0 8s
[8] alexeyco__pig ... OK gt(imp/impT/all)=9/10/30 err=0 verify(match/bug/late/unavail/toolna/cache/differ)=4/0/0/0/0/0/0 10s
[9] derailed__k9s ... OK gt(imp/impT/all)=305/317/713 err=0 verify(match/bug/late/unavail/toolna/cache/differ)=4/0/0/0/0/0/0 131s
[11] drakkan__sftpgo ... OK gt(imp/impT/all)=311/333/759 err=0 verify(match/bug/late/unavail/toolna/cache/differ)=3/0/0/0/1/0/0 165s
[17] gotranspile__cxgo ... OK gt(imp/impT/all)=12/15/22 err=0 verify(match/bug/late/unavail/toolna/cache/differ)=4/0/0/0/0/0/0 9s
[18] georgebuilds__anneal ... OK gt(imp/impT/all)=23/32/52 err=0 verify(match/bug/late/unavail/toolna/cache/differ)=4/0/0/0/0/0/0 17s
[19] barweiss__go-tuple ... OK gt(imp/impT/all)=1/5/11 err=0 verify(match/bug/late/unavail/toolna/cache/differ)=4/0/0/0/0/0/0 8s
[20] isacikgoz__gitbatch ... OK gt(imp/impT/all)=371/373/920 err=0 verify(match/bug/late/unavail/toolna/cache/differ)=4/0/0/0/0/0/0 166s
[10] muesli__termenv ... OK gt(imp/impT/all)=5/5/5 err=0 verify(match/bug/late/unavail/toolna/cache/differ)=4/0/0/0/0/0/0 8s
[11] dixonwille__wmenu ... OK gt(imp/impT/all)=45/45/153 err=0 verify(match/bug/late/unavail/toolna/cache/differ)=4/0/0/0/0/0/0 28s
[21] osamingo__indigo ... OK gt(imp/impT/all)=2/2/2 err=0 verify(match/bug/late/unavail/toolna/cache/differ)=4/0/0/0/0/0/0 5s
[22] Alejandro-M-P__git-courer ... OK gt(imp/impT/all)=4/8/13 err=0 verify(match/bug/late/unavail/toolna/cache/differ)=4/0/0/0/0/0/0 7s
[12] jferrl__go-githubauth ... OK gt(imp/impT/all)=148/157/522 err=0 verify(match/bug/late/unavail/toolna/cache/differ)=4/0/0/0/0/0/0 112s
[12] emitter-io__emitter ... OK gt(imp/impT/all)=2/2/3 err=0 verify(match/bug/late/unavail/toolna/cache/differ)=4/0/0/0/0/0/0 7s
[13] keploy__keploy ... OK gt(imp/impT/all)=45/49/74 err=0 verify(match/bug/late/unavail/toolna/cache/differ)=4/0/0/0/0/0/0 18s
[23] restic__restic ... [supervise2] 中断された census2/rerun2/out/emitter-io__emitter/ を掃除して再試行対象に戻す
[supervise2] 中断された census2/rerun2/out/keploy__keploy/ を掃除して再試行対象に戻す
[supervise2] 中断された census2/rerun2/out/restic__restic/ を掃除して再試行対象に戻す
[supervise2] 開始 2026-08-06T03:37:36Z 並列=3 対象=1528 PGID=14237
[supervise2] round 1: 済み 1256 / 1528  2026-08-06T03:37:36Z
# rerun2 開始 2026-08-06T03:37:36.114Z 対象=1528 (SHA未記録=1→SKIP) 上限=Infinity
# 7月に main を除外できていなかった repo（予測集合。この集合の repo のみ july_main_bug を許す）= 7 件: Lifailon__lazyjournal antonmedv__fx box-cli-maker__box-cli-maker dghubble__sling dtgorski__typex homedepot__flop naughtygopher__errors
# 7月側の記録が使えず比較できない repo（july_unavailable。ゲートは通すが verify.csv に残す）= 9 件: codemodus__catena dimuska139__rawg-sdk-go ggicci__httpin kubernetes__kubernetes mehrdadrad__tcpdog presbrey__ollamafarm rakyll__hey tendermint__tendermint zRedShift__mimemagic
# rerun2 開始 2026-08-06T03:37:36.119Z 対象=1528 (SHA未記録=1→SKIP) 上限=Infinity
# 7月に main を除外できていなかった repo（予測集合。この集合の repo のみ july_main_bug を許す）= 7 件: Lifailon__lazyjournal antonmedv__fx box-cli-maker__box-cli-maker dghubble__sling dtgorski__typex homedepot__flop naughtygopher__errors
# 7月側の記録が使えず比較できない repo（july_unavailable。ゲートは通すが verify.csv に残す）= 9 件: codemodus__catena dimuska139__rawg-sdk-go ggicci__httpin kubernetes__kubernetes mehrdadrad__tcpdog presbrey__ollamafarm rakyll__hey tendermint__tendermint zRedShift__mimemagic
# rerun2 開始 2026-08-06T03:37:36.119Z 対象=1528 (SHA未記録=1→SKIP) 上限=Infinity
# 7月に main を除外できていなかった repo（予測集合。この集合の repo のみ july_main_bug を許す）= 7 件: Lifailon__lazyjournal antonmedv__fx box-cli-maker__box-cli-maker dghubble__sling dtgorski__typex homedepot__flop naughtygopher__errors
# 7月側の記録が使えず比較できない repo（july_unavailable。ゲートは通すが verify.csv に残す）= 9 件: codemodus__catena dimuska139__rawg-sdk-go ggicci__httpin kubernetes__kubernetes mehrdadrad__tcpdog presbrey__ollamafarm rakyll__hey tendermint__tendermint zRedShift__mimemagic
[1] emitter-io__emitter ... [1] emitter-io__emitter ... [1] keploy__keploy ... node:internal/fs/rimraf:203
      throw err;
      ^

Error: ENOTEMPTY: directory not empty, rmdir '/tmp/rr2_emitter-io__emitter/src/.git'
    at Object.rmdirSync (node:fs:1193:11)
    at _rmdirSync (node:internal/fs/rimraf:261:21)
    at rimrafSync (node:internal/fs/rimraf:194:7)
    at node:internal/fs/rimraf:254:9
    at Array.forEach (<anonymous>)
    at _rmdirSync (node:internal/fs/rimraf:251:7)
    at rimrafSync (node:internal/fs/rimraf:194:7)
    at Object.rmSync (node:fs:1239:10)
    at Object.<anonymous> (/workspace/sbom/census2/rerun2/rerun2.js:260:8)
    at Module._compile (node:internal/modules/cjs/loader:1705:14) {
  errno: -39,
  code: 'ENOTEMPTY',
  syscall: 'rmdir',
  path: '/tmp/rr2_emitter-io__emitter/src/.git'
}

Node.js v22.22.2
OK gt(imp/impT/all)=59/59/137 err=0 verify(match/bug/late/unavail/toolna/cache/differ)=4/0/0/0/0/0/0 26s
[2] restic__restic ... OK gt(imp/impT/all)=85/86/284 err=0 verify(match/bug/late/unavail/toolna/cache/differ)=4/0/0/0/0/0/0 43s
[3] cdipaolo__goml ... OK gt(imp/impT/all)=1/5/8 err=0 verify(match/bug/late/unavail/toolna/cache/differ)=4/0/0/0/0/0/0 6s
[4] oklahomer__go-sarah ... OK gt(imp/impT/all)=11/11/19 err=0 verify(match/bug/late/unavail/toolna/cache/differ)=4/0/0/0/0/0/0 7s
[5] rogerwelin__cassowary ... OK gt(imp/impT/all)=33/33/133 err=0 verify(match/bug/late/unavail/toolna/cache/differ)=4/0/0/0/0/0/0 19s
[6] patrickhener__goshs ... OK gt(imp/impT/all)=171/171/637 err=0 verify(match/bug/late/unavail/toolna/cache/differ)=4/0/0/0/0/0/0 119s
[2] i-love-flamingo__flamingo-commerce ... OK gt(imp/impT/all)=96/96/330 err=0 verify(match/bug/late/unavail/toolna/cache/differ)=4/0/0/0/0/0/0 62s
[7] madflojo__tasks ... OK gt(imp/impT/all)=1/1/1 err=0 verify(match/bug/late/unavail/toolna/cache/differ)=4/0/0/0/0/0/0 9s
[8] amacneil__dbmate ... OK gt(imp/impT/all)=120/161/354 err=0 verify(match/bug/late/unavail/toolna/cache/differ)=4/0/0/0/0/0/0 59s
[3] JoshuaDoes__gofuckyourself ... OK gt(imp/impT/all)=1/1/4 err=0 verify(match/bug/late/unavail/toolna/cache/differ)=4/0/0/0/0/0/0 10s
[4] gabstv__go-bsdiff ... OK gt(imp/impT/all)=1/1/1 err=0 verify(match/bug/late/unavail/toolna/cache/differ)=4/0/0/0/0/0/0 7s
[5] owulveryck__onnx-go ... OK gt(imp/impT/all)=36/36/129 err=0 verify(match/bug/late/unavail/toolna/cache/differ)=4/0/0/0/0/0/0 22s
[6] shabbyrobe__xmlwriter ... OK gt(imp/impT/all)=1/1/2 err=0 verify(match/bug/late/unavail/toolna/cache/differ)=4/0/0/0/0/0/0 7s
[7] rushteam__gosql ... OK gt(imp/impT/all)=1/2/2 err=0 verify(match/bug/late/unavail/toolna/cache/differ)=4/0/0/0/0/0/0 5s
[8] zhufuyi__sponge ... OK gt(imp/impT/all)=69/70/355 err=0 verify(match/bug/late/unavail/toolna/cache/differ)=4/0/0/0/0/0/0 74s
[9] lana__go-commandbus ... OK gt(imp/impT/all)=4/4/24 err=0 verify(match/bug/late/unavail/toolna/cache/differ)=4/0/0/0/0/0/0 10s
[10] coregx__gxpdf ... OK gt(imp/impT/all)=11/15/27 err=0 verify(match/bug/late/unavail/toolna/cache/differ)=4/0/0/0/0/0/0 13s
[11] kelindar__column ... OK gt(imp/impT/all)=13/17/21 err=0 verify(match/bug/late/unavail/toolna/cache/differ)=4/0/0/0/0/0/0 9s
[12] maruel__panicparse ... OK gt(imp/impT/all)=4/5/5 err=0 verify(match/bug/late/unavail/toolna/cache/differ)=4/0/0/0/0/0/0 6s
[13] bart6114__cheek ... OK gt(imp/impT/all)=29/33/114 err=0 verify(match/bug/late/unavail/toolna/cache/differ)=4/0/0/0/0/0/0 33s
[14] foolin__pagser ... OK gt(imp/impT/all)=210/212/497 err=0 verify(match/bug/late/unavail/toolna/cache/differ)=4/0/0/0/0/0/0 93s
[9] get-woke__woke ... OK gt(imp/impT/all)=9/9/28 err=0 verify(match/bug/late/unavail/toolna/cache/differ)=4/0/0/0/0/0/0 10s
[15] romshark__sched ... OK gt(imp/impT/all)=3/7/15 err=0 verify(match/bug/late/unavail/toolna/cache/differ)=4/0/0/0/0/0/0 7s
[16] Qntfy__kazaam ... OK gt(imp/impT/all)=2/2/2 err=0 verify(match/bug/late/unavail/toolna/cache/differ)=4/0/0/0/0/0/0 5s
[17] therecipe__qt ... OK gt(imp/impT/all)=33/36/152 err=0 verify(match/bug/late/unavail/toolna/cache/differ)=4/0/0/0/0/0/0 20s
[10] azer__logger ... OK gt(imp/impT/all)=1/1/1 err=0 verify(match/bug/late/unavail/toolna/cache/differ)=4/0/0/0/0/0/0 5s
[11] elves__elvish ... OK gt(imp/impT/all)=7/8/14 err=0 verify(match/bug/late/unavail/toolna/cache/differ)=4/0/0/0/0/0/0 9s
[12] adrianosela__sslmgr ... OK gt(imp/impT/all)=6/9/15 err=0 verify(match/bug/late/unavail/toolna/cache/differ)=4/0/0/0/0/0/0 48s
[18] slack-io__slacker ... OK gt(imp/impT/all)=5/5/12 err=0 verify(match/bug/late/unavail/toolna/cache/differ)=4/0/0/0/0/0/0 6s
[19] stoewer__go-week ... OK gt(imp/impT/all)=1/6/9 err=0 verify(match/bug/late/unavail/toolna/cache/differ)=4/0/0/0/0/0/0 6s
[20] Andrew-M-C__go.jsonvalue ... OK gt(imp/impT/all)=46/49/198 err=0 verify(match/bug/late/unavail/toolna/cache/differ)=4/0/0/0/0/0/0 50s
[13] Masterminds__squirrel ... OK gt(imp/impT/all)=1/4/10 err=0 verify(match/bug/late/unavail/toolna/cache/differ)=4/0/0/0/0/0/0 8s
[21] oras-project__oras ... OK gt(imp/impT/all)=2/5/5 err=0 verify(match/bug/late/unavail/toolna/cache/differ)=4/0/0/0/0/0/0 7s
[14] xiaonanln__goworld ... OK gt(imp/impT/all)=22/22/41 err=0 verify(match/bug/late/unavail/toolna/cache/differ)=4/0/0/0/0/0/0 13s
[22] doug-martin__goqu ... OK gt(imp/impT/all)=33/36/55 err=0 verify(match/bug/late/unavail/toolna/cache/differ)=4/0/0/0/0/0/0 11s
[15] bebop__poly ... OK gt(imp/impT/all)=5/13/26 err=0 verify(match/bug/late/unavail/toolna/cache/differ)=4/0/0/0/0/0/0 9s
[23] coinpaprika__coinpaprika-api-go-client ... OK gt(imp/impT/all)=7/13/22 err=0 verify(match/bug/late/unavail/toolna/cache/differ)=4/0/0/0/0/0/0 9s
[16] kyleconroy__sqlc ... OK gt(imp/impT/all)=1/5/8 err=0 verify(match/bug/late/unavail/toolna/cache/differ)=4/0/0/0/0/0/0 7s
[24] megaease__easeprobe ... OK gt(imp/impT/all)=94/97/158 err=0 verify(match/bug/late/unavail/toolna/cache/differ)=4/0/0/0/0/0/0 34s
[25] pieterclaerhout__go-finance ... OK gt(imp/impT/all)=1/5/7 err=0 verify(match/bug/late/unavail/toolna/cache/differ)=4/0/0/0/0/0/0 7s
[26] thestrukture__ide ... OK gt(imp/impT/all)=37/40/89 err=0 verify(match/bug/late/unavail/toolna/cache/differ)=4/0/0/0/0/0/0 44s
[17] tinygo-org__tinygo ... OK gt(imp/impT/all)=20/20/92 err=0 verify(match/bug/late/unavail/toolna/cache/differ)=4/0/0/0/0/0/0 16s
[27] yaitoo__xun ... OK gt(imp/impT/all)=11/15/22 err=0 verify(match/bug/late/unavail/toolna/cache/differ)=4/0/0/0/0/0/0 11s
[28] xgzlucario__rotom ... OK gt(imp/impT/all)=15/17/89 err=0 verify(match/bug/late/unavail/toolna/cache/differ)=4/0/0/0/0/0/0 26s
[18] go-ozzo__ozzo-routing ... OK gt(imp/impT/all)=2/6/9 err=0 verify(match/bug/late/unavail/toolna/cache/differ)=4/0/0/0/0/0/0 7s
[19] gomlx__gomlx ... OK gt(imp/impT/all)=32/39/129 err=0 verify(match/bug/late/unavail/toolna/cache/differ)=4/0/0/0/0/0/0 25s
[29] georgysavva__scany ... OK gt(imp/impT/all)=39/48/126 err=0 verify(match/bug/late/unavail/toolna/cache/differ)=4/0/0/0/0/0/0 31s
[20] Yiling-J__theine-go ... OK gt(imp/impT/all)=6/15/91 err=0 verify(match/bug/late/unavail/toolna/cache/differ)=4/0/0/0/0/0/0 15s
[30] alibaba__opentelemetry-go-auto-instrumentation ... OK gt(imp/impT/all)=3/8/14 err=0 verify(match/bug/late/unavail/toolna/cache/differ)=4/0/0/0/0/0/0 10s
[21] balerter__balerter ... [supervise2] 中断された census2/rerun2/out/alibaba__opentelemetry-go-auto-instrumentation/ を掃除して再試行対象に戻す
[supervise2] 中断された census2/rerun2/out/balerter__balerter/ を掃除して再試行対象に戻す
[supervise2] 開始 2026-08-06T03:47:18Z 並列=3 対象=1528 PGID=27621
[supervise2] round 1: 済み 1305 / 1528  2026-08-06T03:47:18Z
# rerun2 開始 2026-08-06T03:47:19.003Z 対象=1528 (SHA未記録=1→SKIP) 上限=Infinity
# 7月に main を除外できていなかった repo（予測集合。この集合の repo のみ july_main_bug を許す）= 7 件: Lifailon__lazyjournal antonmedv__fx box-cli-maker__box-cli-maker dghubble__sling dtgorski__typex homedepot__flop naughtygopher__errors
# 7月側の記録が使えず比較できない repo（july_unavailable。ゲートは通すが verify.csv に残す）= 9 件: codemodus__catena dimuska139__rawg-sdk-go ggicci__httpin kubernetes__kubernetes mehrdadrad__tcpdog presbrey__ollamafarm rakyll__hey tendermint__tendermint zRedShift__mimemagic
# rerun2 開始 2026-08-06T03:47:19.164Z 対象=1528 (SHA未記録=1→SKIP) 上限=Infinity
# 7月に main を除外できていなかった repo（予測集合。この集合の repo のみ july_main_bug を許す）= 7 件: Lifailon__lazyjournal antonmedv__fx box-cli-maker__box-cli-maker dghubble__sling dtgorski__typex homedepot__flop naughtygopher__errors
# 7月側の記録が使えず比較できない repo（july_unavailable。ゲートは通すが verify.csv に残す）= 9 件: codemodus__catena dimuska139__rawg-sdk-go ggicci__httpin kubernetes__kubernetes mehrdadrad__tcpdog presbrey__ollamafarm rakyll__hey tendermint__tendermint zRedShift__mimemagic
# rerun2 開始 2026-08-06T03:47:19.258Z 対象=1528 (SHA未記録=1→SKIP) 上限=Infinity
# 7月に main を除外できていなかった repo（予測集合。この集合の repo のみ july_main_bug を許す）= 7 件: Lifailon__lazyjournal antonmedv__fx box-cli-maker__box-cli-maker dghubble__sling dtgorski__typex homedepot__flop naughtygopher__errors
# 7月側の記録が使えず比較できない repo（july_unavailable。ゲートは通すが verify.csv に残す）= 9 件: codemodus__catena dimuska139__rawg-sdk-go ggicci__httpin kubernetes__kubernetes mehrdadrad__tcpdog presbrey__ollamafarm rakyll__hey tendermint__tendermint zRedShift__mimemagic
[1] balerter__balerter ... [1] amit-davidson__Chronos ... node:internal/fs/rimraf:203
      throw err;
      ^

Error: ENOTEMPTY: directory not empty, rmdir '/tmp/rr2_alibaba__opentelemetry-go-auto-instrumentation/mod/cache/download'
    at Object.rmdirSync (node:fs:1193:11)
    at _rmdirSync (node:internal/fs/rimraf:261:21)
    at rimrafSync (node:internal/fs/rimraf:194:7)
    at node:internal/fs/rimraf:254:9
    at Array.forEach (<anonymous>)
    at _rmdirSync (node:internal/fs/rimraf:251:7)
    at rimrafSync (node:internal/fs/rimraf:194:7)
    at node:internal/fs/rimraf:254:9
    at Array.forEach (<anonymous>)
    at _rmdirSync (node:internal/fs/rimraf:251:7) {
  errno: -39,
  code: 'ENOTEMPTY',
  syscall: 'rmdir',
  path: '/tmp/rr2_alibaba__opentelemetry-go-auto-instrumentation/mod/cache/download'
}

Node.js v22.22.2
OK gt(imp/impT/all)=7/7/15 err=0 verify(match/bug/late/unavail/toolna/cache/differ)=4/0/0/0/0/0/0 11s
[2] go-ozzo__ozzo-validation ... OK gt(imp/impT/all)=1/5/7 err=0 verify(match/bug/late/unavail/toolna/cache/differ)=4/0/0/0/0/0/0 7s
[3] francoispqt__onelog ... OK gt(imp/impT/all)=1/4/4 err=0 verify(match/bug/late/unavail/toolna/cache/differ)=4/0/0/0/0/0/0 5s
[4] roseduan__rosedb ... OK gt(imp/impT/all)=58/64/145 err=0 verify(match/bug/late/unavail/toolna/cache/differ)=4/0/0/0/0/0/0 27s
[2] labstack__gommon ... OK gt(imp/impT/all)=6/10/17 err=0 verify(match/bug/late/unavail/toolna/cache/differ)=4/0/0/0/0/0/0 7s
[5] in-toto__in-toto-golang ... OK gt(imp/impT/all)=5/9/11 err=0 verify(match/bug/late/unavail/toolna/cache/differ)=4/0/0/0/0/0/0 6s
[3] ferama__rospo ... OK gt(imp/impT/all)=22/22/44 err=0 verify(match/bug/late/unavail/toolna/cache/differ)=4/0/0/0/0/0/0 11s
[4] nyaosorg__go-readline-ny ... OK gt(imp/impT/all)=21/22/61 err=0 verify(match/bug/late/unavail/toolna/cache/differ)=4/0/0/0/0/0/0 16s
[6] mkideal__cli ... OK gt(imp/impT/all)=9/9/12 err=0 verify(match/bug/late/unavail/toolna/cache/differ)=4/0/0/0/0/0/0 8s
[5] slack-go__slack ... OK gt(imp/impT/all)=8/12/23 err=0 verify(match/bug/late/unavail/toolna/cache/differ)=4/0/0/0/0/0/0 9s
[7] go2hx__go2hx ... OK gt(imp/impT/all)=1/6/8 err=0 verify(match/bug/late/unavail/toolna/cache/differ)=4/0/0/0/0/0/0 7s
[6] fxamacker__cbor ... OK gt(imp/impT/all)=1/1/5 err=0 verify(match/bug/late/unavail/toolna/cache/differ)=4/0/0/0/0/0/0 6s
[8] rookie-ninja__rk-gin ... OK gt(imp/impT/all)=1/1/1 err=0 verify(match/bug/late/unavail/toolna/cache/differ)=4/0/0/0/0/0/0 6s
[7] peterh__liner ... OK gt(imp/impT/all)=1/1/2 err=0 verify(match/bug/late/unavail/toolna/cache/differ)=4/0/0/0/0/0/0 6s
[8] oakmound__oak ... OK gt(imp/impT/all)=14/14/30 err=0 verify(match/bug/late/unavail/toolna/cache/differ)=4/0/0/0/0/0/0 10s
[9] alebeck__boring ... OK gt(imp/impT/all)=6/7/8 err=0 verify(match/bug/late/unavail/toolna/cache/differ)=4/0/0/0/0/0/0 7s
[10] e-XpertSolutions__go-cluster ... OK gt(imp/impT/all)=67/70/212 err=0 verify(match/bug/late/unavail/toolna/cache/differ)=4/0/0/0/0/0/0 33s
[9] oagudo__outbox ... OK gt(imp/impT/all)=1/1/14 err=0 verify(match/bug/late/unavail/toolna/cache/differ)=4/0/0/0/0/0/0 11s
[11] marwanhawari__stew ... OK gt(imp/impT/all)=1/1/1 err=0 verify(match/bug/late/unavail/toolna/cache/differ)=4/0/0/0/0/0/0 11s
[10] gogpu__ui ... OK gt(imp/impT/all)=25/25/55 err=0 verify(match/bug/late/unavail/toolna/cache/differ)=4/0/0/0/0/0/0 12s
[12] johnfercher__maroto ... OK gt(imp/impT/all)=11/11/15 err=0 verify(match/bug/late/unavail/toolna/cache/differ)=4/0/0/0/0/0/0 13s
[11] gookit__filter ... OK gt(imp/impT/all)=2/4/7 err=0 verify(match/bug/late/unavail/toolna/cache/differ)=4/0/0/0/0/0/0 9s
[12] dunglas__frankenphp ... OK gt(imp/impT/all)=21/21/31 err=0 verify(match/bug/late/unavail/toolna/cache/differ)=4/0/0/0/0/0/0 21s
[13] etcd-io__etcd ... OK gt(imp/impT/all)=41/44/93 err=0 verify(match/bug/late/unavail/toolna/cache/differ)=4/0/0/0/0/0/0 40s
[13] viney-shih__go-lock ... OK gt(imp/impT/all)=1/5/7 err=0 verify(match/bug/late/unavail/toolna/cache/differ)=4/0/0/0/0/0/0 6s
[14] o1egl__paseto ... OK gt(imp/impT/all)=4/8/12 err=0 verify(match/bug/late/unavail/toolna/cache/differ)=4/0/0/0/0/0/0 7s
[15] ariga__atlas ... OK gt(imp/impT/all)=17/18/37 err=0 verify(match/bug/late/unavail/toolna/cache/differ)=4/0/0/0/0/0/0 35s
[16] go-testfixtures__testfixtures ... OK gt(imp/impT/all)=83/83/756 err=0 verify(match/bug/late/unavail/toolna/cache/differ)=4/0/0/0/0/0/0 84s
[14] youthlin__t ... OK gt(imp/impT/all)=4/7/34 err=0 verify(match/bug/late/unavail/toolna/cache/differ)=4/0/0/0/0/0/0 13s
[15] dennwc__dom ... OK gt(imp/impT/all)=25/25/34 err=0 verify(match/bug/late/unavail/toolna/cache/differ)=4/0/0/0/0/0/0 10s
[16] google__starlark-go ... OK gt(imp/impT/all)=2/2/346 err=0 verify(match/bug/late/unavail/toolna/cache/differ)=4/0/0/0/0/0/0 36s
[17] ghostiam__binstruct ... OK gt(imp/impT/all)=4/5/8 err=0 verify(match/bug/late/unavail/toolna/cache/differ)=4/0/0/0/0/0/0 12s
[17] osrg__gobgp ... OK gt(imp/impT/all)=1/3/4 err=0 verify(match/bug/late/unavail/toolna/cache/differ)=4/0/0/0/0/0/0 7s
[18] goreleaser__goreleaser ... OK gt(imp/impT/all)=45/51/128 err=0 verify(match/bug/late/unavail/toolna/cache/differ)=4/0/0/0/0/0/0 26s
[18] gopherjs__gopherjs ... OK gt(imp/impT/all)=13/15/27 err=0 verify(match/bug/late/unavail/toolna/cache/differ)=4/0/0/0/0/0/0 10s
[19] oriser__regroup ... OK gt(imp/impT/all)=1/5/11 err=0 verify(match/bug/late/unavail/toolna/cache/differ)=4/0/0/0/0/0/0 7s
[20] go-the-way__validator ... OK gt(imp/impT/all)=1/1/7 err=0 verify(match/bug/late/unavail/toolna/cache/differ)=4/0/0/0/0/0/0 6s
[21] Evertras__bubble-table ... OK gt(imp/impT/all)=19/23/35 err=0 verify(match/bug/late/unavail/toolna/cache/differ)=4/0/0/0/0/0/0 8s
[22] SimonWaldherr__golang-examples ... OK gt(imp/impT/all)=39/42/145 err=0 verify(match/bug/late/unavail/toolna/cache/differ)=4/0/0/0/0/0/0 37s
[23] alegrey91__fwdctl ... OK gt(imp/impT/all)=24/24/112 err=0 verify(match/bug/late/unavail/toolna/cache/differ)=4/0/0/0/0/0/0 22s
[24] extism__go-sdk ... OK gt(imp/impT/all)=7/11/34 err=0 verify(match/bug/late/unavail/toolna/cache/differ)=4/0/0/0/0/0/0 16s
[25] redis__go-redis ... OK gt(imp/impT/all)=4/6/11 err=0 verify(match/bug/late/unavail/toolna/cache/differ)=4/0/0/0/0/0/0 18s
[26] peco__peco ... OK gt(imp/impT/all)=13/17/28 err=0 verify(match/bug/late/unavail/toolna/cache/differ)=4/0/0/0/0/0/0 10s
[27] charmbracelet__bubbletea ... OK gt(imp/impT/all)=336/363/933 err=0 verify(match/bug/late/unavail/toolna/cache/differ)=4/0/0/0/0/0/0 158s
[19] phoenix-tui__phoenix ... OK gt(imp/impT/all)=15/17/20 err=0 verify(match/bug/late/unavail/toolna/cache/differ)=4/0/0/0/0/0/0 14s
[28] lesismal__nbio ... OK gt(imp/impT/all)=9/9/14 err=0 verify(match/bug/late/unavail/toolna/cache/differ)=4/0/0/0/0/0/0 13s
[20] gonutz__prototype ... OK gt(imp/impT/all)=3/3/7 err=0 verify(match/bug/late/unavail/toolna/cache/differ)=4/0/0/0/0/0/0 8s
[29] VictoriaMetrics__fastcache ... OK gt(imp/impT/all)=2/2/6 err=0 verify(match/bug/late/unavail/toolna/cache/differ)=4/0/0/0/0/0/0 6s
[21] m-zajac__json2go ... OK gt(imp/impT/all)=3/7/9 err=0 verify(match/bug/late/unavail/toolna/cache/differ)=4/0/0/0/0/0/0 6s
[22] nats-io__nats-server ... OK gt(imp/impT/all)=3/4/8 err=0 verify(match/bug/late/unavail/toolna/cache/differ)=4/0/0/0/0/0/0 7s
[30] pomerium__pomerium ... OK gt(imp/impT/all)=9/10/23 err=0 verify(match/bug/late/unavail/toolna/cache/differ)=4/0/0/0/0/0/0 15s
[23] go-git__go-git ... OK gt(imp/impT/all)=18/22/34 err=0 verify(match/bug/late/unavail/toolna/cache/differ)=4/0/0/0/0/0/0 14s
[24] cch123__elasticsql ... OK gt(imp/impT/all)=1/1/1 err=0 verify(match/bug/late/unavail/toolna/cache/differ)=4/0/0/0/0/0/0 5s
[25] knq__usql ... OK gt(imp/impT/all)=308/335/820 err=0 verify(match/bug/late/unavail/toolna/cache/differ)=4/0/0/0/0/0/0 86s
[31] go-vgo__robotgo ... OK gt(imp/impT/all)=15/15/40 err=0 verify(match/bug/late/unavail/toolna/cache/differ)=4/0/0/0/0/0/0 9s
[32] elgohr__go-localstack ... OK gt(imp/impT/all)=62/67/116 err=0 verify(match/bug/late/unavail/toolna/cache/differ)=4/0/0/0/0/0/0 25s
[supervise2] 中断された census2/rerun2/out/alibaba__opentelemetry-go-auto-instrumentation/ を掃除して再試行対象に戻す
[supervise2] 中断された census2/rerun2/out/knq__usql/ を掃除して再試行対象に戻す
[supervise2] 開始 2026-08-06T05:46:44Z 並列=3 対象=1528 PGID=2201
[supervise2] round 1: 済み 1361 / 1528  2026-08-06T05:46:44Z
# rerun2 開始 2026-08-06T05:46:44.885Z 対象=1528 (SHA未記録=1→SKIP) 上限=Infinity
# 7月に main を除外できていなかった repo（予測集合。この集合の repo のみ july_main_bug を許す）= 7 件: Lifailon__lazyjournal antonmedv__fx box-cli-maker__box-cli-maker dghubble__sling dtgorski__typex homedepot__flop naughtygopher__errors
# 7月側の記録が使えず比較できない repo（july_unavailable。ゲートは通すが verify.csv に残す）= 9 件: codemodus__catena dimuska139__rawg-sdk-go ggicci__httpin kubernetes__kubernetes mehrdadrad__tcpdog presbrey__ollamafarm rakyll__hey tendermint__tendermint zRedShift__mimemagic
# rerun2 開始 2026-08-06T05:46:44.941Z 対象=1528 (SHA未記録=1→SKIP) 上限=Infinity
# rerun2 開始 2026-08-06T05:46:44.942Z 対象=1528 (SHA未記録=1→SKIP) 上限=Infinity
# 7月に main を除外できていなかった repo（予測集合。この集合の repo のみ july_main_bug を許す）= 7 件: Lifailon__lazyjournal antonmedv__fx box-cli-maker__box-cli-maker dghubble__sling dtgorski__typex homedepot__flop naughtygopher__errors
# 7月に main を除外できていなかった repo（予測集合。この集合の repo のみ july_main_bug を許す）= 7 件: Lifailon__lazyjournal antonmedv__fx box-cli-maker__box-cli-maker dghubble__sling dtgorski__typex homedepot__flop naughtygopher__errors
# 7月側の記録が使えず比較できない repo（july_unavailable。ゲートは通すが verify.csv に残す）= 9 件: codemodus__catena dimuska139__rawg-sdk-go ggicci__httpin kubernetes__kubernetes mehrdadrad__tcpdog presbrey__ollamafarm rakyll__hey tendermint__tendermint zRedShift__mimemagic
# 7月側の記録が使えず比較できない repo（july_unavailable。ゲートは通すが verify.csv に残す）= 9 件: codemodus__catena dimuska139__rawg-sdk-go ggicci__httpin kubernetes__kubernetes mehrdadrad__tcpdog presbrey__ollamafarm rakyll__hey tendermint__tendermint zRedShift__mimemagic
[1] alibaba__opentelemetry-go-auto-instrumentation ... [1] alibaba__opentelemetry-go-auto-instrumentation ... [1] alibaba__opentelemetry-go-auto-instrumentation ... node:internal/fs/rimraf:203
      throw err;
      ^

Error: ENOTEMPTY: directory not empty, rmdir '/tmp/rr2_alibaba__opentelemetry-go-auto-instrumentation/src/.git'
    at Object.rmdirSync (node:fs:1193:11)
    at _rmdirSync (node:internal/fs/rimraf:261:21)
    at rimrafSync (node:internal/fs/rimraf:194:7)
    at node:internal/fs/rimraf:254:9
    at Array.forEach (<anonymous>)
    at _rmdirSync (node:internal/fs/rimraf:251:7)
    at rimrafSync (node:internal/fs/rimraf:194:7)
    at Object.rmSync (node:fs:1239:10)
    at Object.<anonymous> (/workspace/sbom/census2/rerun2/rerun2.js:260:8)
    at Module._compile (node:internal/modules/cjs/loader:1705:14) {
  errno: -39,
  code: 'ENOTEMPTY',
  syscall: 'rmdir',
  path: '/tmp/rr2_alibaba__opentelemetry-go-auto-instrumentation/src/.git'
}
node:internal/fs/rimraf:203
      throw err;
      ^

Error: ENOTEMPTY: directory not empty, rmdir '/tmp/rr2_alibaba__opentelemetry-go-auto-instrumentation/src/.git'
    at Object.rmdirSync (node:fs:1193:11)
    at _rmdirSync (node:internal/fs/rimraf:261:21)
    at rimrafSync (node:internal/fs/rimraf:194:7)
    at node:internal/fs/rimraf:254:9
    at Array.forEach (<anonymous>)
    at _rmdirSync (node:internal/fs/rimraf:251:7)
    at rimrafSync (node:internal/fs/rimraf:194:7)
    at Object.rmSync (node:fs:1239:10)
    at Object.<anonymous> (/workspace/sbom/census2/rerun2/rerun2.js:260:8)
    at Module._compile (node:internal/modules/cjs/loader:1705:14) {
  errno: -39,
  code: 'ENOTEMPTY',
  syscall: 'rmdir',
  path: '/tmp/rr2_alibaba__opentelemetry-go-auto-instrumentation/src/.git'
}

Node.js v22.22.2

Node.js v22.22.2
OK gt(imp/impT/all)=52/54/130 err=0 verify(match/bug/late/unavail/toolna/cache/differ)=4/0/0/0/0/0/0 277s
[2] knq__usql ... OK gt(imp/impT/all)=303/333/729 err=0 verify(match/bug/late/unavail/toolna/cache/differ)=4/0/0/0/0/0/0 129s
[3] nakagami__firebirdsql ... OK gt(imp/impT/all)=4/8/13 err=0 verify(match/bug/late/unavail/toolna/cache/differ)=4/0/0/0/0/0/0 10s
[4] mvdan__sh ... OK gt(imp/impT/all)=5/11/17 err=0 verify(match/bug/late/unavail/toolna/cache/differ)=4/0/0/0/0/0/0 13s
[5] SonicRoshan__straf ... OK gt(imp/impT/all)=1/5/7 err=0 verify(match/bug/late/unavail/toolna/cache/differ)=4/0/0/0/0/0/0 6s
[6] 2ykwang__mac-cleanup-go ... OK gt(imp/impT/all)=25/25/35 err=0 verify(match/bug/late/unavail/toolna/cache/differ)=4/0/0/0/0/0/0 11s
[7] kubenetworks__kubevpn ... [supervise2] 中断された census2/rerun2/out/kubenetworks__kubevpn/ を掃除して再試行対象に戻す
[supervise2] 開始 2026-08-06T05:56:36Z 並列=3 対象=1528 PGID=11143
[supervise2] round 1: 済み 1367 / 1528  2026-08-06T05:56:36Z
# rerun2 開始 2026-08-06T05:56:36.607Z 対象=1528 (SHA未記録=1→SKIP) 上限=Infinity
# 7月に main を除外できていなかった repo（予測集合。この集合の repo のみ july_main_bug を許す）= 7 件: Lifailon__lazyjournal antonmedv__fx box-cli-maker__box-cli-maker dghubble__sling dtgorski__typex homedepot__flop naughtygopher__errors
# 7月側の記録が使えず比較できない repo（july_unavailable。ゲートは通すが verify.csv に残す）= 9 件: codemodus__catena dimuska139__rawg-sdk-go ggicci__httpin kubernetes__kubernetes mehrdadrad__tcpdog presbrey__ollamafarm rakyll__hey tendermint__tendermint zRedShift__mimemagic
# rerun2 開始 2026-08-06T05:56:36.615Z 対象=1528 (SHA未記録=1→SKIP) 上限=Infinity
# 7月に main を除外できていなかった repo（予測集合。この集合の repo のみ july_main_bug を許す）= 7 件: Lifailon__lazyjournal antonmedv__fx box-cli-maker__box-cli-maker dghubble__sling dtgorski__typex homedepot__flop naughtygopher__errors
# 7月側の記録が使えず比較できない repo（july_unavailable。ゲートは通すが verify.csv に残す）= 9 件: codemodus__catena dimuska139__rawg-sdk-go ggicci__httpin kubernetes__kubernetes mehrdadrad__tcpdog presbrey__ollamafarm rakyll__hey tendermint__tendermint zRedShift__mimemagic
# rerun2 開始 2026-08-06T05:56:36.624Z 対象=1528 (SHA未記録=1→SKIP) 上限=Infinity
# 7月に main を除外できていなかった repo（予測集合。この集合の repo のみ july_main_bug を許す）= 7 件: Lifailon__lazyjournal antonmedv__fx box-cli-maker__box-cli-maker dghubble__sling dtgorski__typex homedepot__flop naughtygopher__errors
# 7月側の記録が使えず比較できない repo（july_unavailable。ゲートは通すが verify.csv に残す）= 9 件: codemodus__catena dimuska139__rawg-sdk-go ggicci__httpin kubernetes__kubernetes mehrdadrad__tcpdog presbrey__ollamafarm rakyll__hey tendermint__tendermint zRedShift__mimemagic
[1] kubenetworks__kubevpn ... [1] kubenetworks__kubevpn ... [1] kubenetworks__kubevpn ... SKIP(retryable/sha_fetch_failed)
[2] sagikazarmark__modern-go-application ... SKIP(retryable/sha_fetch_failed)
node:internal/fs/rimraf:203
      throw err;
      ^

Error: ENOTEMPTY: directory not empty, rmdir '/tmp/rr2_kubenetworks__kubevpn/src/pkg/handler'
    at Object.rmdirSync (node:fs:1193:11)
    at _rmdirSync (node:internal/fs/rimraf:261:21)
    at rimrafSync (node:internal/fs/rimraf:194:7)
    at node:internal/fs/rimraf:254:9
    at Array.forEach (<anonymous>)
    at _rmdirSync (node:internal/fs/rimraf:251:7)
    at rimrafSync (node:internal/fs/rimraf:194:7)
    at node:internal/fs/rimraf:254:9
    at Array.forEach (<anonymous>)
    at _rmdirSync (node:internal/fs/rimraf:251:7) {
  errno: -39,
  code: 'ENOTEMPTY',
  syscall: 'rmdir',
  path: '/tmp/rr2_kubenetworks__kubevpn/src/pkg/handler'
}

Node.js v22.22.2
SKIP(retryable/sha_fetch_failed)
[2] lib4u__fake-useragent ... OK gt(imp/impT/all)=1/1/5 err=0 verify(match/bug/late/unavail/toolna/cache/differ)=4/0/0/0/0/0/0 8s
[3] anthdm__hollywood ... OK gt(imp/impT/all)=82/86/289 err=0 verify(match/bug/late/unavail/toolna/cache/differ)=4/0/0/0/0/0/0 21s
[3] baalimago__wd-41 ... OK gt(imp/impT/all)=4/4/8 err=0 verify(match/bug/late/unavail/toolna/cache/differ)=4/0/0/0/0/0/0 9s
[4] SeldonIO__goven ... OK gt(imp/impT/all)=38/42/117 err=0 verify(match/bug/late/unavail/toolna/cache/differ)=4/0/0/0/0/0/0 29s
[4] xhd2015__xgo ... OK gt(imp/impT/all)=4/21/81 err=0 verify(match/bug/late/unavail/toolna/cache/differ)=4/0/0/0/0/0/0 21s
[5] aerospike__aerospike-client-go ... OK gt(imp/impT/all)=3/14/47 err=0 verify(match/bug/late/unavail/toolna/cache/differ)=4/0/0/0/0/0/0 32s
[6] go-ego__gse ... OK gt(imp/impT/all)=1/1/1 err=0 verify(match/bug/late/unavail/toolna/cache/differ)=4/0/0/0/0/0/0 38s
[5] gojek__darkroom ... OK gt(imp/impT/all)=1/2/2 err=0 verify(match/bug/late/unavail/toolna/cache/differ)=4/0/0/0/0/0/0 7s
[7] mehrdadrad__mylg ... OK gt(imp/impT/all)=20/21/36 err=0 verify(match/bug/late/unavail/toolna/cache/differ)=4/0/0/0/0/0/0 13s
[8] rookie-ninja__rk-boot ... OK gt(imp/impT/all)=55/55/274 err=0 verify(match/bug/late/unavail/toolna/cache/differ)=4/0/0/0/0/0/0 23s
[6] rainu__go-command-chain ... OK gt(imp/impT/all)=1/6/22 err=0 verify(match/bug/late/unavail/toolna/cache/differ)=4/0/0/0/0/0/0 20s
[7] aplescia-chwy__lets-go ... OK gt(imp/impT/all)=11/15/44 err=0 verify(match/bug/late/unavail/toolna/cache/differ)=4/0/0/0/0/0/0 35s
[8] dimuska139__rawg-sdk-go ... OK gt(imp/impT/all)=34/37/168 err=0 verify(match/bug/late/unavail/toolna/cache/differ)=4/0/0/0/0/0/0 71s
[9] c-bata__goptuna ... OK gt(imp/impT/all)=1/6/8 err=0 verify(match/bug/late/unavail/toolna/cache/differ)=0/0/0/4/0/0/0 12s
[9] jovandeginste__payme ... OK gt(imp/impT/all)=19/23/38 err=0 verify(match/bug/late/unavail/toolna/cache/differ)=4/0/0/0/0/0/0 17s
[10] truemail-rb__truemail-go ... OK gt(imp/impT/all)=19/19/54 err=0 verify(match/bug/late/unavail/toolna/cache/differ)=4/0/0/0/0/0/0 25s
[10] janpfeifer__gonb ... OK gt(imp/impT/all)=12/12/22 err=0 verify(match/bug/late/unavail/toolna/cache/differ)=4/0/0/0/0/0/0 13s
[11] blevesearch__bleve ... OK gt(imp/impT/all)=31/35/58 err=0 verify(match/bug/late/unavail/toolna/cache/differ)=4/0/0/0/0/0/0 19s
[11] caddyserver__certmagic ... OK gt(imp/impT/all)=34/34/64 err=0 verify(match/bug/late/unavail/toolna/cache/differ)=4/0/0/0/0/0/0 20s
[12] bengadbois__pewpew ... OK gt(imp/impT/all)=13/13/32 err=0 verify(match/bug/late/unavail/toolna/cache/differ)=4/0/0/0/0/0/0 11s
[12] go-oas__docs ... OK gt(imp/impT/all)=1/1/5 err=0 verify(match/bug/late/unavail/toolna/cache/differ)=4/0/0/0/0/0/0 7s
[13] miekg__dns ... OK gt(imp/impT/all)=19/19/38 err=0 verify(match/bug/late/unavail/toolna/cache/differ)=4/0/0/0/0/0/0 12s
[13] fawick__speedtest-resize ... OK gt(imp/impT/all)=6/6/7 err=0 verify(match/bug/late/unavail/toolna/cache/differ)=4/0/0/0/0/0/0 8s
[14] gammazero__workerpool ... OK gt(imp/impT/all)=2/3/11 err=0 verify(match/bug/late/unavail/toolna/cache/differ)=4/0/0/0/0/0/0 10s
[14] linxGnu__mssqlx ... OK gt(imp/impT/all)=1/1/1 err=0 verify(match/bug/late/unavail/toolna/cache/differ)=4/0/0/0/0/0/0 6s
[15] luno__workflow ... OK gt(imp/impT/all)=6/10/13 err=0 verify(match/bug/late/unavail/toolna/cache/differ)=4/0/0/0/0/0/0 7s
[15] viant__dsc ... OK gt(imp/impT/all)=15/16/42 err=0 verify(match/bug/late/unavail/toolna/cache/differ)=4/0/0/0/0/0/0 32s
[16] jfrog__froggit-go ... OK gt(imp/impT/all)=39/43/124 err=0 verify(match/bug/late/unavail/toolna/cache/differ)=4/0/0/0/0/0/0 30s
[17] samber__slog-multi ... OK gt(imp/impT/all)=3/8/28 err=0 verify(match/bug/late/unavail/toolna/cache/differ)=4/0/0/0/0/0/0 12s
[18] tidwall__buntdb ... OK gt(imp/impT/all)=7/9/9 err=0 verify(match/bug/late/unavail/toolna/cache/differ)=4/0/0/0/0/0/0 6s
[19] samber__mo ... OK gt(imp/impT/all)=4/5/16 err=0 verify(match/bug/late/unavail/toolna/cache/differ)=4/0/0/0/0/0/0 9s
[20] rsteube__carapace-spec ... OK gt(imp/impT/all)=5/5/20 err=0 verify(match/bug/late/unavail/toolna/cache/differ)=4/0/0/0/0/0/0 8s
[21] create-go-app__cli ... OK gt(imp/impT/all)=13/23/338 err=0 verify(match/bug/late/unavail/toolna/cache/differ)=4/0/0/0/0/0/0 101s
[16] sherifabdlnaby__configuro ... OK gt(imp/impT/all)=28/28/64 err=0 verify(match/bug/late/unavail/toolna/cache/differ)=4/0/0/0/0/0/0 17s
[22] mr-linch__go-tg ... OK gt(imp/impT/all)=23/23/115 err=0 verify(match/bug/late/unavail/toolna/cache/differ)=4/0/0/0/0/0/0 16s
[17] alfiankan__crab-config-files-templating ... OK gt(imp/impT/all)=2/7/13 err=0 verify(match/bug/late/unavail/toolna/cache/differ)=4/0/0/0/0/0/0 11s
[23] flosch__pongo2 ... OK gt(imp/impT/all)=2/6/12 err=0 verify(match/bug/late/unavail/toolna/cache/differ)=4/0/0/0/0/0/0 7s
[18] sgreben__flagvar ... OK gt(imp/impT/all)=1/1/1 err=0 verify(match/bug/late/unavail/toolna/cache/differ)=4/0/0/0/0/0/0 7s
[19] google__gopacket ... OK gt(imp/impT/all)=1/1/4 err=0 verify(match/bug/late/unavail/toolna/cache/differ)=4/0/0/0/0/0/0 9s
[24] luraproject__lura ... OK gt(imp/impT/all)=2/4/6 err=0 verify(match/bug/late/unavail/toolna/cache/differ)=4/0/0/0/0/0/0 9s
[20] dinakars777__moody ... OK gt(imp/impT/all)=26/26/61 err=0 verify(match/bug/late/unavail/toolna/cache/differ)=4/0/0/0/0/0/0 18s
[25] charmbracelet__bubbles ... OK gt(imp/impT/all)=3/3/29 err=0 verify(match/bug/late/unavail/toolna/cache/differ)=4/0/0/0/0/0/0 14s
[21] davrodpin__mole ... OK gt(imp/impT/all)=21/24/30 err=0 verify(match/bug/late/unavail/toolna/cache/differ)=4/0/0/0/0/0/0 10s
[26] Allra-Fintech__mdv ... OK gt(imp/impT/all)=17/20/52 err=0 verify(match/bug/late/unavail/toolna/cache/differ)=4/0/0/0/0/0/0 11s
[22] scaleway__scaleway-cli ... OK gt(imp/impT/all)=6/6/15 err=0 verify(match/bug/late/unavail/toolna/cache/differ)=4/0/0/0/0/0/0 9s
[27] go-external-config__vault ... OK gt(imp/impT/all)=22/22/59 err=0 verify(match/bug/late/unavail/toolna/cache/differ)=4/0/0/0/0/0/0 17s
[28] hashicorp__go-dbw ... OK gt(imp/impT/all)=27/28/90 err=0 verify(match/bug/late/unavail/toolna/cache/differ)=4/0/0/0/0/0/0 14s
[29] TimothyYe__skm ... OK gt(imp/impT/all)=7/7/9 err=0 verify(match/bug/late/unavail/toolna/cache/differ)=4/0/0/0/0/0/0 10s
[30] appleboy__drone-jenkins ... OK gt(imp/impT/all)=7/11/15 err=0 verify(match/bug/late/unavail/toolna/cache/differ)=4/0/0/0/0/0/0 9s
[31] checkr__flagr ... [supervise2] 中断された census2/rerun2/out/checkr__flagr/ を掃除して再試行対象に戻す
[supervise2] 中断された census2/rerun2/out/scaleway__scaleway-cli/ を掃除して再試行対象に戻す
[supervise2] 開始 2026-08-06T06:06:18Z 並列=3 対象=1528 PGID=25939
[supervise2] round 1: 済み 1417 / 1528  2026-08-06T06:06:18Z
# rerun2 開始 2026-08-06T06:06:18.746Z 対象=1528 (SHA未記録=1→SKIP) 上限=Infinity
# 7月に main を除外できていなかった repo（予測集合。この集合の repo のみ july_main_bug を許す）= 7 件: Lifailon__lazyjournal antonmedv__fx box-cli-maker__box-cli-maker dghubble__sling dtgorski__typex homedepot__flop naughtygopher__errors
# 7月側の記録が使えず比較できない repo（july_unavailable。ゲートは通すが verify.csv に残す）= 9 件: codemodus__catena dimuska139__rawg-sdk-go ggicci__httpin kubernetes__kubernetes mehrdadrad__tcpdog presbrey__ollamafarm rakyll__hey tendermint__tendermint zRedShift__mimemagic
# rerun2 開始 2026-08-06T06:06:18.755Z 対象=1528 (SHA未記録=1→SKIP) 上限=Infinity
# 7月に main を除外できていなかった repo（予測集合。この集合の repo のみ july_main_bug を許す）= 7 件: Lifailon__lazyjournal antonmedv__fx box-cli-maker__box-cli-maker dghubble__sling dtgorski__typex homedepot__flop naughtygopher__errors
# 7月側の記録が使えず比較できない repo（july_unavailable。ゲートは通すが verify.csv に残す）= 9 件: codemodus__catena dimuska139__rawg-sdk-go ggicci__httpin kubernetes__kubernetes mehrdadrad__tcpdog presbrey__ollamafarm rakyll__hey tendermint__tendermint zRedShift__mimemagic
# rerun2 開始 2026-08-06T06:06:18.782Z 対象=1528 (SHA未記録=1→SKIP) 上限=Infinity
# 7月に main を除外できていなかった repo（予測集合。この集合の repo のみ july_main_bug を許す）= 7 件: Lifailon__lazyjournal antonmedv__fx box-cli-maker__box-cli-maker dghubble__sling dtgorski__typex homedepot__flop naughtygopher__errors
# 7月側の記録が使えず比較できない repo（july_unavailable。ゲートは通すが verify.csv に残す）= 9 件: codemodus__catena dimuska139__rawg-sdk-go ggicci__httpin kubernetes__kubernetes mehrdadrad__tcpdog presbrey__ollamafarm rakyll__hey tendermint__tendermint zRedShift__mimemagic
[1] scaleway__scaleway-cli ... [1] scaleway__scaleway-cli ... [1] checkr__flagr ... SKIP(retryable/sha_fetch_failed)
[2] bartventer__gorm-multitenancy ... SKIP(retryable/sha_fetch_failed)
[2] roblillack__spot ... OK gt(imp/impT/all)=1/1/3 err=0 verify(match/bug/late/unavail/toolna/cache/differ)=4/0/0/0/0/0/0 15s
[3] go-playground__pure ... OK gt(imp/impT/all)=9/9/14 err=0 verify(match/bug/late/unavail/toolna/cache/differ)=4/0/0/0/0/0/0 21s
[3] essentialkaos__branca ... OK gt(imp/impT/all)=3/3/3 err=0 verify(match/bug/late/unavail/toolna/cache/differ)=4/0/0/0/0/0/0 7s
[4] vorlif__spreak ... OK gt(imp/impT/all)=2/6/13 err=0 verify(match/bug/late/unavail/toolna/cache/differ)=4/0/0/0/0/0/0 10s
[4] aler9__goroslib ... OK gt(imp/impT/all)=1/5/10 err=0 verify(match/bug/late/unavail/toolna/cache/differ)=4/0/0/0/0/0/0 11s
[5] gookit__validate ... OK gt(imp/impT/all)=3/6/8 err=0 verify(match/bug/late/unavail/toolna/cache/differ)=4/0/0/0/0/0/0 13s
[6] prashantgupta24__firewalld-rest ... OK gt(imp/impT/all)=22/26/54 err=0 verify(match/bug/late/unavail/toolna/cache/differ)=4/0/0/0/0/0/0 16s
[5] aragossa__pii-shield ... OK gt(imp/impT/all)=2/2/2 err=0 verify(match/bug/late/unavail/toolna/cache/differ)=4/0/0/0/0/0/0 6s
[7] RichardKnop__jsonhal ... OK gt(imp/impT/all)=1/4/4 err=0 verify(match/bug/late/unavail/toolna/cache/differ)=4/0/0/0/0/0/0 7s
[8] mitchellh__packer ... OK gt(imp/impT/all)=13/14/41 err=0 verify(match/bug/late/unavail/toolna/cache/differ)=4/0/0/0/0/0/0 31s
[6] bhmj__jsonslice ... OK gt(imp/impT/all)=1/1/1 err=0 verify(match/bug/late/unavail/toolna/cache/differ)=4/0/0/0/0/0/0 8s
[7] junevm__cdns ... OK gt(imp/impT/all)=40/45/65 err=0 verify(match/bug/late/unavail/toolna/cache/differ)=4/0/0/0/0/0/0 16s
[8] cheshir__go-mq ... OK gt(imp/impT/all)=160/164/511 err=0 verify(match/bug/late/unavail/toolna/cache/differ)=4/0/0/0/0/0/0 111s
[2] yusufcanb__tlm ... OK gt(imp/impT/all)=42/42/153 err=0 verify(match/bug/late/unavail/toolna/cache/differ)=4/0/0/0/0/0/0 37s
[3] 99designs__gqlgen ... OK gt(imp/impT/all)=18/23/38 err=0 verify(match/bug/late/unavail/toolna/cache/differ)=4/0/0/0/0/0/0 21s
[4] DrmagicE__gmqtt ... OK gt(imp/impT/all)=5/5/416 err=0 verify(match/bug/late/unavail/toolna/cache/differ)=4/0/0/0/0/0/0 107s
[9] qvcloud__broker ... OK gt(imp/impT/all)=376/376/859 err=0 verify(match/bug/late/unavail/toolna/cache/differ)=4/0/0/0/0/0/0 165s
[9] chapar-rest__chapar ... OK gt(imp/impT/all)=47/47/312 err=0 verify(match/bug/late/unavail/toolna/cache/differ)=4/0/0/0/0/0/0 60s
[5] smallnest__go-web-framework-benchmark ... OK gt(imp/impT/all)=62/65/142 err=0 verify(match/bug/late/unavail/toolna/cache/differ)=4/0/0/0/0/0/0 32s
[10] uber-go__cadence-client ... OK gt(imp/impT/all)=128/128/277 err=0 verify(match/bug/late/unavail/toolna/cache/differ)=4/0/0/0/0/0/0 33s
[6] kniren__gota ... OK gt(imp/impT/all)=75/80/267 err=0 verify(match/bug/late/unavail/toolna/cache/differ)=4/0/0/0/0/0/0 54s
[10] corbym__gogiven ... OK gt(imp/impT/all)=1/2/2 err=0 verify(match/bug/late/unavail/toolna/cache/differ)=4/0/0/0/0/0/0 7s
[11] Sioro-Neoku__go-peerflix ... OK gt(imp/impT/all)=2/2/37 err=0 verify(match/bug/late/unavail/toolna/cache/differ)=4/0/0/0/0/0/0 15s
[7] codingsince1985__checksum ... OK gt(imp/impT/all)=2/3/6 err=0 verify(match/bug/late/unavail/toolna/cache/differ)=4/0/0/0/0/0/0 9s
[8] Ad3bay0c__routex ... OK gt(imp/impT/all)=34/34/121 err=0 verify(match/bug/late/unavail/toolna/cache/differ)=4/0/0/0/0/0/0 19s
[12] no-src__log ... OK gt(imp/impT/all)=48/52/147 err=0 verify(match/bug/late/unavail/toolna/cache/differ)=4/0/0/0/0/0/0 54s
[11] jellydator__ttlcache ... OK gt(imp/impT/all)=1/1/2 err=0 verify(match/bug/late/unavail/toolna/cache/differ)=4/0/0/0/0/0/0 22s
[13] clok__kemba ... OK gt(imp/impT/all)=1/6/11 err=0 verify(match/bug/late/unavail/toolna/cache/differ)=4/0/0/0/0/0/0 9s
[12] mehdihadeli__Go-MediatR ... OK gt(imp/impT/all)=5/9/16 err=0 verify(match/bug/late/unavail/toolna/cache/differ)=4/0/0/0/0/0/0 9s
[14] go-reform__reform ... OK gt(imp/impT/all)=33/39/89 err=0 verify(match/bug/late/unavail/toolna/cache/differ)=4/0/0/0/0/0/0 40s
[9] osamingo__jsonrpc ... OK gt(imp/impT/all)=1/5/13 err=0 verify(match/bug/late/unavail/toolna/cache/differ)=4/0/0/0/0/0/0 13s
OK gt(imp/impT/all)=7/10/13 err=0 verify(match/bug/late/unavail/toolna/cache/differ)=4/0/0/0/0/0/0 9s
[10] ssgreg__journald ... [13] sanbornm__go-selfupdate ... OK gt(imp/impT/all)=10/15/25 err=0 verify(match/bug/late/unavail/toolna/cache/differ)=4/0/0/0/0/0/0 17s
[15] udhos__jazigo ... OK gt(imp/impT/all)=1/1/1 err=0 verify(match/bug/late/unavail/toolna/cache/differ)=4/0/0/0/0/0/0 7s
OK gt(imp/impT/all)=1/4/4 err=0 verify(match/bug/late/unavail/toolna/cache/differ)=4/0/0/0/0/0/0 7s
[14] golang-module__dongle ... [11] nkmr-jp__zl ... OK gt(imp/impT/all)=2/6/11 err=0 verify(match/bug/late/unavail/toolna/cache/differ)=4/0/0/0/0/0/0 13s
[15] carlmjohnson__flowmatic ... OK gt(imp/impT/all)=8/8/24 err=0 verify(match/bug/late/unavail/toolna/cache/differ)=4/0/0/0/0/0/0 20s
[16] go-gitea__gitea ... OK gt(imp/impT/all)=1/1/1 err=0 verify(match/bug/late/unavail/toolna/cache/differ)=4/0/0/0/0/0/0 6s
[16] hashicorp__mql ... OK gt(imp/impT/all)=7/10/17 err=0 verify(match/bug/late/unavail/toolna/cache/differ)=4/0/0/0/0/0/0 20s
[12] heetch__confita ... OK gt(imp/impT/all)=1/5/20 err=0 verify(match/bug/late/unavail/toolna/cache/differ)=4/0/0/0/0/0/0 15s
[17] reeflective__readline ... OK gt(imp/impT/all)=34/38/131 err=0 verify(match/bug/late/unavail/toolna/cache/differ)=4/0/0/0/0/0/0 23s
[13] hishamkaram__gismanager ... OK gt(imp/impT/all)=2/4/12 err=0 verify(match/bug/late/unavail/toolna/cache/differ)=4/0/0/0/0/0/0 11s
[18] fyne-io__fyne ... OK gt(imp/impT/all)=46/46/68 err=0 verify(match/bug/late/unavail/toolna/cache/differ)=4/0/0/0/0/0/0 28s
[19] arunsupe__semantic-grep ... OK gt(imp/impT/all)=4/4/7 err=0 verify(match/bug/late/unavail/toolna/cache/differ)=4/0/0/0/0/0/0 9s
[20] formancehq__ledger ... OK gt(imp/impT/all)=92/95/403 err=0 verify(match/bug/late/unavail/toolna/cache/differ)=4/0/0/0/0/0/0 93s
[14] goioc__retro ... OK gt(imp/impT/all)=1/6/9 err=0 verify(match/bug/late/unavail/toolna/cache/differ)=4/0/0/0/0/0/0 8s
[15] wesql__wescale ... OK gt(imp/impT/all)=202/222/391 err=0 verify(match/bug/late/unavail/toolna/cache/differ)=4/0/0/0/0/0/0 93s
OK gt(imp/impT/all)=258/258/707 err=0 verify(match/bug/late/unavail/toolna/cache/differ)=4/0/0/0/0/0/0 159s
[17] gogf__gf ... [21] thoas__picfit ... [supervise2] 中断された census2/rerun2/out/gogf__gf/ を掃除して再試行対象に戻す
[supervise2] 中断された census2/rerun2/out/thoas__picfit/ を掃除して再試行対象に戻す
[supervise2] 中断された census2/rerun2/out/wesql__wescale/ を掃除して再試行対象に戻す
[supervise2] 開始 2026-08-06T07:40:07Z 並列=3 対象=1528 PGID=2197
[supervise2] round 1: 済み 1465 / 1528  2026-08-06T07:40:07Z
# rerun2 開始 2026-08-06T07:40:07.837Z 対象=1528 (SHA未記録=1→SKIP) 上限=Infinity
# 7月に main を除外できていなかった repo（予測集合。この集合の repo のみ july_main_bug を許す）= 7 件: Lifailon__lazyjournal antonmedv__fx box-cli-maker__box-cli-maker dghubble__sling dtgorski__typex homedepot__flop naughtygopher__errors
# 7月側の記録が使えず比較できない repo（july_unavailable。ゲートは通すが verify.csv に残す）= 9 件: codemodus__catena dimuska139__rawg-sdk-go ggicci__httpin kubernetes__kubernetes mehrdadrad__tcpdog presbrey__ollamafarm rakyll__hey tendermint__tendermint zRedShift__mimemagic
# rerun2 開始 2026-08-06T07:40:07.855Z 対象=1528 (SHA未記録=1→SKIP) 上限=Infinity
# 7月に main を除外できていなかった repo（予測集合。この集合の repo のみ july_main_bug を許す）= 7 件: Lifailon__lazyjournal antonmedv__fx box-cli-maker__box-cli-maker dghubble__sling dtgorski__typex homedepot__flop naughtygopher__errors
# 7月側の記録が使えず比較できない repo（july_unavailable。ゲートは通すが verify.csv に残す）= 9 件: codemodus__catena dimuska139__rawg-sdk-go ggicci__httpin kubernetes__kubernetes mehrdadrad__tcpdog presbrey__ollamafarm rakyll__hey tendermint__tendermint zRedShift__mimemagic
# rerun2 開始 2026-08-06T07:40:07.863Z 対象=1528 (SHA未記録=1→SKIP) 上限=Infinity
# 7月に main を除外できていなかった repo（予測集合。この集合の repo のみ july_main_bug を許す）= 7 件: Lifailon__lazyjournal antonmedv__fx box-cli-maker__box-cli-maker dghubble__sling dtgorski__typex homedepot__flop naughtygopher__errors
# 7月側の記録が使えず比較できない repo（july_unavailable。ゲートは通すが verify.csv に残す）= 9 件: codemodus__catena dimuska139__rawg-sdk-go ggicci__httpin kubernetes__kubernetes mehrdadrad__tcpdog presbrey__ollamafarm rakyll__hey tendermint__tendermint zRedShift__mimemagic
[1] scaleway__scaleway-cli ... [1] scaleway__scaleway-cli ... [1] scaleway__scaleway-cli ... SKIP(retryable/sha_fetch_failed)
[2] wesql__wescale ... SKIP(retryable/sha_fetch_failed)
[2] gogf__gf ... SKIP(retryable/sha_fetch_failed)
[2] thoas__picfit ... OK gt(imp/impT/all)=27/27/43 err=0 verify(match/bug/late/unavail/toolna/cache/differ)=4/0/0/0/0/0/0 143s
[3] failsafe-go__failsafe-go ... OK gt(imp/impT/all)=12/12/43 err=0 verify(match/bug/late/unavail/toolna/cache/differ)=4/0/0/0/0/0/0 17s
[4] qiniu__qmgo ... OK gt(imp/impT/all)=16/21/32 err=0 verify(match/bug/late/unavail/toolna/cache/differ)=4/0/0/0/0/0/0 14s
[5] kevinburke__nacl ... OK gt(imp/impT/all)=81/81/379 err=0 verify(match/bug/late/unavail/toolna/cache/differ)=4/0/0/0/0/0/0 179s
[3] sigstore__cosign ... OK gt(imp/impT/all)=1/3/7 err=0 verify(match/bug/late/unavail/toolna/cache/differ)=4/0/0/0/0/0/0 9s
[6] axzilla__templui ... OK gt(imp/impT/all)=7/7/39 err=0 verify(match/bug/late/unavail/toolna/cache/differ)=4/0/0/0/0/0/0 19s
[7] cucumber__godog ... OK gt(imp/impT/all)=189/200/586 err=0 verify(match/bug/late/unavail/toolna/cache/differ)=4/0/0/0/0/0/0 217s
OK gt(imp/impT/all)=12/12/23 err=0 verify(match/bug/late/unavail/toolna/cache/differ)=4/0/0/0/0/0/0 11s
[8] stacktower-io__stacktower ... [3] samber__ro ... OK gt(imp/impT/all)=3/8/127 err=0 verify(match/bug/late/unavail/toolna/cache/differ)=4/0/0/0/0/0/0 46s
OK gt(imp/impT/all)=35/35/54 err=0 verify(match/bug/late/unavail/toolna/cache/differ)=4/0/0/0/0/0/0 48s
[9] surrealdb__surrealdb.go ... [4] viney-shih__go-cache ... OK gt(imp/impT/all)=11/12/20 err=0 verify(match/bug/late/unavail/toolna/cache/differ)=4/0/0/0/0/0/0 14s
[10] ik5__gostrutils ... OK gt(imp/impT/all)=10/14/48 err=0 verify(match/bug/late/unavail/toolna/cache/differ)=4/0/0/0/0/0/0 17s
[5] bhope__hedge ... OK gt(imp/impT/all)=1/1/10 err=0 verify(match/bug/late/unavail/toolna/cache/differ)=4/0/0/0/0/0/0 11s
[11] spatial-go__geoos ... OK gt(imp/impT/all)=2/2/6 err=0 verify(match/bug/late/unavail/toolna/cache/differ)=4/0/0/0/0/0/0 8s
[12] go-jet__jet ... OK gt(imp/impT/all)=6/6/39 err=0 verify(match/bug/late/unavail/toolna/cache/differ)=4/0/0/0/0/0/0 19s
[6] Antonboom__testifylint ... OK gt(imp/impT/all)=3/3/8 err=0 verify(match/bug/late/unavail/toolna/cache/differ)=4/0/0/0/0/0/0 13s
OK gt(imp/impT/all)=10/10/21 err=0 verify(match/bug/late/unavail/toolna/cache/differ)=4/0/0/0/0/0/0 17s
[13] kool-dev__kool ... [7] no-src__gofs ... OK gt(imp/impT/all)=35/37/91 err=0 verify(match/bug/late/unavail/toolna/cache/differ)=4/0/0/0/0/0/0 19s
[14] samber__slog-formatter ... OK gt(imp/impT/all)=4/10/18 err=0 verify(match/bug/late/unavail/toolna/cache/differ)=4/0/0/0/0/0/0 9s
[15] cloudwego__kitex ... OK gt(imp/impT/all)=83/84/182 err=0 verify(match/bug/late/unavail/toolna/cache/differ)=4/0/0/0/0/0/0 35s
[8] mmadfox__go-h3geo-dist ... OK gt(imp/impT/all)=1/1/7 err=0 verify(match/bug/late/unavail/toolna/cache/differ)=4/0/0/0/0/0/0 8s
[9] mmalcek__bafi ... OK gt(imp/impT/all)=41/41/80 err=0 verify(match/bug/late/unavail/toolna/cache/differ)=4/0/0/0/0/0/0 21s
[16] Crocmagnon__fatcontext ... OK gt(imp/impT/all)=10/10/31 err=0 verify(match/bug/late/unavail/toolna/cache/differ)=4/0/0/0/0/0/0 14s
[10] elgopher__pi ... OK gt(imp/impT/all)=258/262/787 err=0 verify(match/bug/late/unavail/toolna/cache/differ)=4/0/0/0/0/0/0 197s
OK gt(imp/impT/all)=3/3/8 err=0 verify(match/bug/late/unavail/toolna/cache/differ)=4/0/0/0/0/0/0 10s
[17] arch-go__arch-go ... [4] otiai10__ocrserver ... OK gt(imp/impT/all)=10/14/42 err=0 verify(match/bug/late/unavail/toolna/cache/differ)=4/0/0/0/0/0/0 16s
[11] invopop__ctxi18n ... OK gt(imp/impT/all)=2/3/10 err=0 verify(match/bug/late/unavail/toolna/cache/differ)=4/0/0/0/0/0/0 11s
[5] pdfcpu__pdfcpu ... OK gt(imp/impT/all)=26/27/102 err=0 verify(match/bug/late/unavail/toolna/cache/differ)=4/0/0/0/0/0/0 25s
[18] wisp-trading__wisp ... OK gt(imp/impT/all)=2/5/37 err=0 verify(match/bug/late/unavail/toolna/cache/differ)=4/0/0/0/0/0/0 16s
[12] dragonflyoss__Dragonfly2 ... OK gt(imp/impT/all)=12/12/23 err=0 verify(match/bug/late/unavail/toolna/cache/differ)=4/0/0/0/0/0/0 26s
[6] tucnak__telebot ... OK gt(imp/impT/all)=20/23/186 err=0 verify(match/bug/late/unavail/toolna/cache/differ)=4/0/0/0/0/0/0 36s
[7] owenthereal__upterm ... OK gt(imp/impT/all)=120/126/313 err=0 verify(match/bug/late/unavail/toolna/cache/differ)=4/0/0/0/0/0/0 64s
[19] gliderlabs__ssh ... OK gt(imp/impT/all)=2/2/6 err=0 verify(match/bug/late/unavail/toolna/cache/differ)=4/0/0/0/0/0/0 9s
[20] jimlambrt__gldap ... [supervise2] 中断された census2/rerun2/out/dragonflyoss__Dragonfly2/ を掃除して再試行対象に戻す
[supervise2] 中断された census2/rerun2/out/jimlambrt__gldap/ を掃除して再試行対象に戻す
[supervise2] 中断された census2/rerun2/out/owenthereal__upterm/ を掃除して再試行対象に戻す
[supervise2] 開始 2026-08-06T07:49:46Z 並列=3 対象=1528 PGID=13954
[supervise2] round 1: 済み 1499 / 1528  2026-08-06T07:49:46Z
# rerun2 開始 2026-08-06T07:49:46.787Z 対象=1528 (SHA未記録=1→SKIP) 上限=Infinity
# 7月に main を除外できていなかった repo（予測集合。この集合の repo のみ july_main_bug を許す）= 7 件: Lifailon__lazyjournal antonmedv__fx box-cli-maker__box-cli-maker dghubble__sling dtgorski__typex homedepot__flop naughtygopher__errors
# 7月側の記録が使えず比較できない repo（july_unavailable。ゲートは通すが verify.csv に残す）= 9 件: codemodus__catena dimuska139__rawg-sdk-go ggicci__httpin kubernetes__kubernetes mehrdadrad__tcpdog presbrey__ollamafarm rakyll__hey tendermint__tendermint zRedShift__mimemagic
# rerun2 開始 2026-08-06T07:49:46.798Z 対象=1528 (SHA未記録=1→SKIP) 上限=Infinity
# 7月に main を除外できていなかった repo（予測集合。この集合の repo のみ july_main_bug を許す）= 7 件: Lifailon__lazyjournal antonmedv__fx box-cli-maker__box-cli-maker dghubble__sling dtgorski__typex homedepot__flop naughtygopher__errors
# 7月側の記録が使えず比較できない repo（july_unavailable。ゲートは通すが verify.csv に残す）= 9 件: codemodus__catena dimuska139__rawg-sdk-go ggicci__httpin kubernetes__kubernetes mehrdadrad__tcpdog presbrey__ollamafarm rakyll__hey tendermint__tendermint zRedShift__mimemagic
# rerun2 開始 2026-08-06T07:49:46.824Z 対象=1528 (SHA未記録=1→SKIP) 上限=Infinity
# 7月に main を除外できていなかった repo（予測集合。この集合の repo のみ july_main_bug を許す）= 7 件: Lifailon__lazyjournal antonmedv__fx box-cli-maker__box-cli-maker dghubble__sling dtgorski__typex homedepot__flop naughtygopher__errors
# 7月側の記録が使えず比較できない repo（july_unavailable。ゲートは通すが verify.csv に残す）= 9 件: codemodus__catena dimuska139__rawg-sdk-go ggicci__httpin kubernetes__kubernetes mehrdadrad__tcpdog presbrey__ollamafarm rakyll__hey tendermint__tendermint zRedShift__mimemagic
[1] dragonflyoss__Dragonfly2 ... [1] dragonflyoss__Dragonfly2 ... [1] owenthereal__upterm ... node:internal/fs/rimraf:203
      throw err;
      ^

Error: ENOTEMPTY: directory not empty, rmdir '/tmp/rr2_dragonflyoss__Dragonfly2/src/.git/hooks'
    at Object.rmdirSync (node:fs:1193:11)
    at _rmdirSync (node:internal/fs/rimraf:261:21)
    at rimrafSync (node:internal/fs/rimraf:194:7)
    at node:internal/fs/rimraf:254:9
    at Array.forEach (<anonymous>)
    at _rmdirSync (node:internal/fs/rimraf:251:7)
    at rimrafSync (node:internal/fs/rimraf:194:7)
    at node:internal/fs/rimraf:254:9
    at Array.forEach (<anonymous>)
    at _rmdirSync (node:internal/fs/rimraf:251:7) {
  errno: -39,
  code: 'ENOTEMPTY',
  syscall: 'rmdir',
  path: '/tmp/rr2_dragonflyoss__Dragonfly2/src/.git/hooks'
}

Node.js v22.22.2
OK gt(imp/impT/all)=118/124/336 err=0 verify(match/bug/late/unavail/toolna/cache/differ)=4/0/0/0/0/0/0 40s
[2] jimlambrt__gldap ... OK gt(imp/impT/all)=16/16/48 err=0 verify(match/bug/late/unavail/toolna/cache/differ)=4/0/0/0/0/0/0 11s
[3] tsenart__vegeta ... OK gt(imp/impT/all)=20/31/216 err=0 verify(match/bug/late/unavail/toolna/cache/differ)=4/0/0/0/0/0/0 58s
[4] apache__calcite-avatica-go ... OK gt(imp/impT/all)=192/197/612 err=0 verify(match/bug/late/unavail/toolna/cache/differ)=4/0/0/0/0/0/0 117s
[2] rjeczalik__interfaces ... OK gt(imp/impT/all)=12/12/32 err=0 verify(match/bug/late/unavail/toolna/cache/differ)=4/0/0/0/0/0/0 11s
[5] vladopajic__go-actor ... OK gt(imp/impT/all)=1/1/6 err=0 verify(match/bug/late/unavail/toolna/cache/differ)=4/0/0/0/0/0/0 8s
[3] shurcooL__vfsgen ... OK gt(imp/impT/all)=1/6/11 err=0 verify(match/bug/late/unavail/toolna/cache/differ)=4/0/0/0/0/0/0 8s
[6] alecthomas__go_serialization_benchmarks ... OK gt(imp/impT/all)=1/5/12 err=0 verify(match/bug/late/unavail/toolna/cache/differ)=4/0/0/0/0/0/0 11s
[4] pkg__sftp ... OK gt(imp/impT/all)=48/48/232 err=0 verify(match/bug/late/unavail/toolna/cache/differ)=4/0/0/0/0/0/0 18s
[7] mikestefanello__pagoda ... OK gt(imp/impT/all)=2/6/12 err=0 verify(match/bug/late/unavail/toolna/cache/differ)=4/0/0/0/0/0/0 10s
[5] NodePassProject__nodepass ... OK gt(imp/impT/all)=10/10/25 err=0 verify(match/bug/late/unavail/toolna/cache/differ)=4/0/0/0/0/0/0 14s
[6] sinhashubham95__bleep ... OK gt(imp/impT/all)=1/1/1 err=0 verify(match/bug/late/unavail/toolna/cache/differ)=4/0/0/0/0/0/0 6s
[7] gizak__termui ... OK gt(imp/impT/all)=55/57/97 err=0 verify(match/bug/late/unavail/toolna/cache/differ)=4/0/0/0/0/0/0 23s
[8] stretchr__testify ... OK gt(imp/impT/all)=4/4/4 err=0 verify(match/bug/late/unavail/toolna/cache/differ)=4/0/0/0/0/0/0 8s
[8] Vertamedia__chproxy ... OK gt(imp/impT/all)=2/2/3 err=0 verify(match/bug/late/unavail/toolna/cache/differ)=4/0/0/0/0/0/0 8s
[9] prashantgupta24__go-clip ... OK gt(imp/impT/all)=20/28/60 err=0 verify(match/bug/late/unavail/toolna/cache/differ)=4/0/0/0/0/0/0 18s
[9] veandco__go-sdl2 ... OK gt(imp/impT/all)=21/25/47 err=0 verify(match/bug/late/unavail/toolna/cache/differ)=4/0/0/0/0/0/0 16s
[10] rekby__lets-proxy2 ... OK gt(imp/impT/all)=43/43/124 err=0 verify(match/bug/late/unavail/toolna/cache/differ)=4/0/0/0/0/0/0 20s
OK gt(imp/impT/all)=2/2/14 err=0 verify(match/bug/late/unavail/toolna/cache/differ)=4/0/0/0/0/0/0 22s
[10] coregx__coregex ... [11] raviqqe__muffet ... OK gt(imp/impT/all)=2/2/2 err=0 verify(match/bug/late/unavail/toolna/cache/differ)=4/0/0/0/0/0/0 8s
[11] openziti__ziti ... OK gt(imp/impT/all)=17/22/35 err=0 verify(match/bug/late/unavail/toolna/cache/differ)=4/0/0/0/0/0/0 14s
[12] anacrolix__utp ... OK gt(imp/impT/all)=7/13/112 err=0 verify(match/bug/late/unavail/toolna/cache/differ)=4/0/0/0/0/0/0 16s
[13] cloudflare__cloudflared ... OK gt(imp/impT/all)=68/72/160 err=0 verify(match/bug/late/unavail/toolna/cache/differ)=4/0/0/0/0/0/0 31s
[14] joshmedeski__sesh ... OK gt(imp/impT/all)=36/36/52 err=0 verify(match/bug/late/unavail/toolna/cache/differ)=4/0/0/0/0/0/0 15s
[15] mennanov__limiters ... OK gt(imp/impT/all)=55/69/188 err=0 verify(match/bug/late/unavail/toolna/cache/differ)=4/0/0/0/0/0/0 36s
[16] i25959341__orderbook ... OK gt(imp/impT/all)=2/2/2 err=0 verify(match/bug/late/unavail/toolna/cache/differ)=4/0/0/0/0/0/0 7s
[17] onllm-dev__onWatch ... OK gt(imp/impT/all)=180/182/546 err=0 verify(match/bug/late/unavail/toolna/cache/differ)=4/0/0/0/0/0/0 114s
[12] gojektech__heimdall ... OK gt(imp/impT/all)=6/6/7 err=0 verify(match/bug/late/unavail/toolna/cache/differ)=4/0/0/0/0/0/0 9s

# 完了 処理=12 成功=1520 SKIP=0
# 検証 match=48 july_main_bug=0 july_main_bug_late=0 july_unavailable=0 july_tool_na=0 cache_sensitive=0 differ=0
OK gt(imp/impT/all)=23/23/169 err=0 verify(match/bug/late/unavail/toolna/cache/differ)=4/0/0/0/0/0/0 50s

# 完了 処理=17 成功=1519 SKIP=0
# 検証 match=68 july_main_bug=0 july_main_bug_late=0 july_unavailable=0 july_tool_na=0 cache_sensitive=0 differ=0
[supervise2] 全 1528 件完了 2026-08-06T07:56:18Z
[supervise2] 終了 2026-08-06T07:56:18Z
