repo,tool,gt_imp_july,gt_imp_now,gt_impT_july,gt_impT_now,gt_all_july,gt_all_now,gt_counts_ok,july_n_all_raw,now_gt_all_tsv_lines,july_scores,now_main,now_main_empty,now_warm_cache,emptymain_source,verdict
0xERR0R__blocky,syft,128,128,132,132,334,334,yes,335,334,231/0/103/128/103/0/132/99/0,231/0/103/128/103/0/132/99/0,,,no,match
0xERR0R__blocky,trivy,128,128,132,132,334,334,yes,335,334,194/0/140/128/66/0/132/62/0,194/0/140/128/66/0/132/62/0,,,no,match
0xERR0R__blocky,cdxgen,128,128,132,132,334,334,yes,335,334,128/0/206/128/0/0/128/0/4,128/0/206/128/0/0/128/0/4,,,no,match
0xERR0R__blocky,cyclonedx-gomod,128,128,132,132,334,334,yes,335,334,188/0/146/128/60/0/128/60/4,188/0/146/128/60/0/128/60/4,,,no,match
0xcafed00d__joystick,syft,3,3,3,3,3,3,yes,4,3,3/0/0/3/0/0/3/0/0,3/0/0/3/0/0/3/0/0,,,no,match
0xcafed00d__joystick,trivy,3,3,3,3,3,3,yes,4,3,3/0/0/3/0/0/3/0/0,3/0/0/3/0/0/3/0/0,,,no,match
0xcafed00d__joystick,cdxgen,3,3,3,3,3,3,yes,4,3,3/0/0/3/0/0/3/0/0,3/0/0/3/0/0/3/0/0,,,no,match
0xcafed00d__joystick,cyclonedx-gomod,3,3,3,3,3,3,yes,4,3,3/0/0/3/0/0/3/0/0,3/0/0/3/0/0/3/0/0,,,no,match
1set__cronrange,syft,1,1,1,1,1,1,yes,2,1,1/0/0/1/0/0/1/0/0,1/0/0/1/0/0/1/0/0,,,no,match
1set__cronrange,trivy,1,1,1,1,1,1,yes,2,1,1/1/0/1/1/0/1/1/0,1/1/0/1/1/0/1/1/0,,,no,match
1set__cronrange,cdxgen,1,1,1,1,1,1,yes,2,1,1/0/0/1/0/0/1/0/0,1/0/0/1/0/0/1/0/0,,,no,match
1set__cronrange,cyclonedx-gomod,1,1,1,1,1,1,yes,2,1,1/0/0/1/0/0/1/0/0,1/0/0/1/0/0/1/0/0,,,no,match
1set__starlet,syft,12,12,12,12,25,25,yes,26,25,24/13/1/12/25/0/12/25/0,24/13/1/12/25/0/12/25/0,,,no,match
1set__starlet,trivy,12,12,12,12,25,25,yes,26,25,13/13/12/12/14/0/12/14/0,13/13/12/12/14/0/12/14/0,,,no,match
1set__starlet,cdxgen,12,12,12,12,25,25,yes,26,25,13/10/12/12/11/0/12/11/0,13/10/12/12/11/0/12/11/0,,,no,match
1set__starlet,cyclonedx-gomod,12,12,12,12,25,25,yes,26,25,12/0/13/12/0/0/12/0/0,12/0/13/12/0/0/12/0/0,,,no,match
1set__todotxt,syft,1,1,1,1,1,1,yes,2,1,1/0/0/1/0/0/1/0/0,1/0/0/1/0/0/1/0/0,,,no,match
1set__todotxt,trivy,1,1,1,1,1,1,yes,2,1,1/0/0/1/0/0/1/0/0,1/0/0/1/0/0/1/0/0,,,no,match
1set__todotxt,cdxgen,1,1,1,1,1,1,yes,2,1,1/0/0/1/0/0/1/0/0,1/0/0/1/0/0/1/0/0,,,no,match
1set__todotxt,cyclonedx-gomod,1,1,1,1,1,1,yes,2,1,1/0/0/1/0/0/1/0/0,1/0/0/1/0/0/1/0/0,,,no,match
2ykwang__mac-cleanup-go,syft,25,25,25,25,35,35,yes,36,35,29/0/6/25/4/0/25/4/0,29/0/6/25/4/0/25/4/0,,,no,match
2ykwang__mac-cleanup-go,trivy,25,25,25,25,35,35,yes,36,35,25/0/10/25/0/0/25/0/0,25/0/10/25/0/0/25/0/0,,,no,match
2ykwang__mac-cleanup-go,cdxgen,25,25,25,25,35,35,yes,36,35,25/0/10/25/0/0/25/0/0,25/0/10/25/0/0/25/0/0,,,no,match
2ykwang__mac-cleanup-go,cyclonedx-gomod,25,25,25,25,35,35,yes,36,35,25/0/10/25/0/0/25/0/0,25/0/10/25/0/0/25/0/0,,,no,match
32leaves__bel,syft,1,1,3,3,9,9,yes,10,9,8/0/1/1/7/0/3/5/0,8/0/1/1/7/0/3/5/0,,,no,match
32leaves__bel,trivy,1,1,3,3,9,9,yes,10,9,9/0/0/1/8/0/3/6/0,9/0/0/1/8/0/3/6/0,,,no,match
32leaves__bel,cdxgen,1,1,3,3,9,9,yes,10,9,1/0/8/1/0/0/1/0/2,1/0/8/1/0/0/1/0/2,,,no,match
32leaves__bel,cyclonedx-gomod,1,1,3,3,9,9,yes,10,9,1/0/8/1/0/0/1/0/2,1/0/8/1/0/0/1/0/2,,,no,match
42Atomys__webhooked,syft,26,26,29,29,181,181,yes,182,181,48/0/133/26/22/0/29/19/0,48/0/133/26/22/0/29/19/0,,,no,match
42Atomys__webhooked,trivy,26,26,29,29,181,181,yes,182,181,31/0/150/26/5/0/29/2/0,31/0/150/26/5/0/29/2/0,,,no,match
42Atomys__webhooked,cdxgen,26,26,29,29,181,181,yes,182,181,26/0/155/26/0/0/26/0/3,26/0/155/26/0/0/26/0/3,,,no,match
42Atomys__webhooked,cyclonedx-gomod,26,26,29,29,181,181,yes,182,181,27/0/154/26/1/0/26/1/3,27/0/154/26/1/0/26/1/3,,,no,match
99designs__gqlgen,syft,18,18,23,23,38,38,yes,39,38,31/44/7/18/57/0/23/52/0,31/44/7/18/57/0/23/52/0,,,no,match
99designs__gqlgen,trivy,18,18,23,23,38,38,yes,39,38,25/31/13/18/38/0/23/33/0,25/31/13/18/38/0/23/33/0,,,no,match
99designs__gqlgen,cdxgen,18,18,23,23,38,38,yes,39,38,18/20/20/18/20/0/18/20/5,18/20/20/18/20/0/18/20/5,,,no,match
99designs__gqlgen,cyclonedx-gomod,18,18,23,23,38,38,yes,39,38,19/0/19/18/1/0/18/1/5,19/0/19/18/1/0/18/1/5,,,no,match
Ad3bay0c__routex,syft,33,33,39,39,89,89,yes,90,89,54/0/35/33/21/0/39/15/0,54/0/35/33/21/0/39/15/0,,,no,match
Ad3bay0c__routex,trivy,33,33,39,39,89,89,yes,90,89,39/0/50/33/6/0/39/0/0,39/0/50/33/6/0/39/0/0,,,no,match
Ad3bay0c__routex,cdxgen,33,33,39,39,89,89,yes,90,89,33/0/56/33/0/0/33/0/6,33/0/56/33/0/0/33/0/6,,,no,match
Ad3bay0c__routex,cyclonedx-gomod,33,33,39,39,89,89,yes,90,89,33/0/56/33/0/0/33/0/6,33/0/56/33/0/0/33/0/6,,,no,match
AfterShip__email-verifier,syft,4,4,10,10,22,22,yes,23,22,14/0/8/4/10/0/10/4/0,14/0/8/4/10/0/10/4/0,,,no,match
AfterShip__email-verifier,trivy,4,4,10,10,22,22,yes,23,22,12/0/10/4/8/0/10/2/0,12/0/10/4/8/0/10/2/0,,,no,match
AfterShip__email-verifier,cdxgen,4,4,10,10,22,22,yes,23,22,4/0/18/4/0/0/4/0/6,4/0/18/4/0/0/4/0/6,,,no,match
AfterShip__email-verifier,cyclonedx-gomod,4,4,10,10,22,22,yes,23,22,4/0/18/4/0/0/4/0/6,4/0/18/4/0/0/4/0/6,,,no,match
Alejandro-M-P__git-courer,syft,45,45,49,49,74,74,yes,75,74,63/0/11/45/18/0/49/14/0,63/0/11/45/18/0/49/14/0,,,no,match
Alejandro-M-P__git-courer,trivy,45,45,49,49,74,74,yes,75,74,52/0/22/45/7/0/49/3/0,52/0/22/45/7/0/49/3/0,,,no,match
Alejandro-M-P__git-courer,cdxgen,45,45,49,49,74,74,yes,75,74,45/0/29/45/0/0/45/0/4,45/0/29/45/0/0/45/0/4,,,no,match
Alejandro-M-P__git-courer,cyclonedx-gomod,45,45,49,49,74,74,yes,75,74,47/0/27/45/2/0/45/2/4,47/0/27/45/2/0/45/2/4,,,no,match
AllenDang__cimgui-go,syft,8,8,8,8,30,30,yes,31,30,14/15/16/8/21/0/8/21/0,14/15/16/8/21/0/8/21/0,,,no,match
AllenDang__cimgui-go,trivy,8,8,8,8,30,30,yes,31,30,13/6/17/8/11/0/8/11/0,13/6/17/8/11/0/8/11/0,,,no,match
AllenDang__cimgui-go,cdxgen,8,8,8,8,30,30,yes,31,30,10/5/20/8/7/0/8/7/0,10/5/20/8/7/0/8/7/0,,,no,match
AllenDang__cimgui-go,cyclonedx-gomod,8,8,8,8,30,30,yes,31,30,11/0/19/8/3/0/8/3/0,11/0/19/8/3/0/8/3/0,,,no,match
Allenxuxu__gev,syft,19,19,23,23,63,63,yes,64,63,31/0/32/19/12/0/23/8/0,31/0/32/19/12/0/23/8/0,,,no,match
Allenxuxu__gev,trivy,19,19,23,23,63,63,yes,64,63,63/0/0/19/44/0/23/40/0,63/0/0/19/44/0/23/40/0,,,no,match
Allenxuxu__gev,cdxgen,19,19,23,23,63,63,yes,64,63,19/0/44/19/0/0/19/0/4,19/0/44/19/0/0/19/0/4,,,no,match
Allenxuxu__gev,cyclonedx-gomod,19,19,23,23,63,63,yes,64,63,19/0/44/19/0/0/19/0/4,19/0/44/19/0/0/19/0/4,,,no,match
Allra-Fintech__mdv,syft,6,6,6,6,15,15,yes,16,15,9/0/6/6/3/0/6/3/0,9/0/6/6/3/0/6/3/0,,,no,match
Allra-Fintech__mdv,trivy,6,6,6,6,15,15,yes,16,15,6/0/9/6/0/0/6/0/0,6/0/9/6/0/0/6/0/0,,,no,match
Allra-Fintech__mdv,cdxgen,6,6,6,6,15,15,yes,16,15,6/0/9/6/0/0/6/0/0,6/0/9/6/0/0/6/0/0,,,no,match
Allra-Fintech__mdv,cyclonedx-gomod,6,6,6,6,15,15,yes,16,15,6/0/9/6/0/0/6/0/0,6/0/9/6/0/0/6/0/0,,,no,match
Andrew-M-C__go.jsonvalue,syft,1,1,4,4,10,10,yes,11,10,4/0/6/1/3/0/4/0/0,4/0/6/1/3/0/4/0/0,,,no,match
Andrew-M-C__go.jsonvalue,trivy,1,1,4,4,10,10,yes,11,10,10/0/0/1/9/0/4/6/0,10/0/0/1/9/0/4/6/0,,,no,match
Andrew-M-C__go.jsonvalue,cdxgen,1,1,4,4,10,10,yes,11,10,1/0/9/1/0/0/1/0/3,1/0/9/1/0/0/1/0/3,,,no,match
Andrew-M-C__go.jsonvalue,cyclonedx-gomod,1,1,4,4,10,10,yes,11,10,1/0/9/1/0/0/1/0/3,1/0/9/1/0/0/1/0/3,,,no,match
Antonboom__testifylint,syft,3,3,3,3,8,8,yes,9,8,6/16/2/3/19/0/3/19/0,6/16/2/3/19/0/3/19/0,,,no,match
Antonboom__testifylint,trivy,3,3,3,3,8,8,yes,9,8,4/12/4/3/13/0/3/13/0,4/12/4/3/13/0/3/13/0,,,no,match
Antonboom__testifylint,cdxgen,3,3,3,3,8,8,yes,9,8,4/11/4/3/12/0/3/12/0,4/11/4/3/12/0/3/12/0,,,no,match
Antonboom__testifylint,cyclonedx-gomod,3,3,3,3,8,8,yes,9,8,2/0/6/2/0/1/2/0/1,2/0/6/2/0/1/2/0/1,,,no,match
Antonito__gfile,syft,31,31,35,35,51,51,yes,52,51,40/0/11/31/9/0/35/5/0,40/0/11/31/9/0/35/5/0,,,no,match
Antonito__gfile,trivy,31,31,35,35,51,51,yes,52,51,36/0/15/31/5/0/35/1/0,36/0/15/31/5/0/35/1/0,,,no,match
Antonito__gfile,cdxgen,31,31,35,35,51,51,yes,52,51,31/0/20/31/0/0/31/0/4,31/0/20/31/0/0/31/0/4,,,no,match
Antonito__gfile,cyclonedx-gomod,31,31,35,35,51,51,yes,52,51,32/0/19/31/1/0/31/1/4,32/0/19/31/1/0/31/1/4,,,no,match
AppsFlyer__go-sundheit,syft,1,1,7,7,11,11,yes,12,11,10/5/1/1/14/0/7/8/0,10/5/1/1/14/0/7/8/0,,,no,match
AppsFlyer__go-sundheit,trivy,1,1,7,7,11,11,yes,12,11,9/3/2/1/11/0/7/5/0,9/3/2/1/11/0/7/5/0,,,no,match
AppsFlyer__go-sundheit,cdxgen,1,1,7,7,11,11,yes,12,11,1/1/10/1/1/0/1/1/6,1/1/10/1/1/0/1/1/6,,,no,match
AppsFlyer__go-sundheit,cyclonedx-gomod,1,1,7,7,11,11,yes,12,11,1/0/10/1/0/0/1/0/6,1/0/10/1/0/0/1/0/6,,,no,match
Balaji01-4D__pgxcli,syft,63,63,66,66,164,164,yes,165,164,130/0/34/63/67/0/66/64/0,130/0/34/63/67/0/66/64/0,,,no,match
Balaji01-4D__pgxcli,trivy,63,63,66,66,164,164,yes,165,164,112/0/52/63/49/0/66/46/0,112/0/52/63/49/0/66/46/0,,,no,match
Balaji01-4D__pgxcli,cdxgen,63,63,66,66,164,164,yes,165,164,63/0/101/63/0/0/63/0/3,63/0/101/63/0/0/63/0/3,,,no,match
Balaji01-4D__pgxcli,cyclonedx-gomod,63,63,66,66,164,164,yes,165,164,64/0/100/63/1/0/63/1/3,64/0/100/63/1/0/63/1/3,,,no,match
Bilibili__discovery,syft,23,23,27,27,211,211,yes,212,211,39/0/172/23/16/0/27/12/0,39/0/172/23/16/0/27/12/0,,,no,match
Bilibili__discovery,trivy,23,23,27,27,211,211,yes,212,211,211/0/0/23/188/0/27/184/0,211/0/0/23/188/0/27/184/0,,,no,match
Bilibili__discovery,cdxgen,23,23,27,27,211,211,yes,212,211,23/0/188/23/0/0/23/0/4,23/0/188/23/0/0/23/0/4,,,no,match
Bilibili__discovery,cyclonedx-gomod,23,23,27,27,211,211,yes,212,211,26/0/185/23/3/0/23/3/4,26/0/185/23/3/0/23/3/4,,,no,match
Boeing__config-file-validator,syft,42,42,47,47,100,100,yes,101,100,66/0/34/42/24/0/47/19/0,66/0/34/42/24/0/47/19/0,,,no,match
Boeing__config-file-validator,trivy,42,42,47,47,100,100,yes,101,100,48/0/52/42/6/0/47/1/0,48/0/52/42/6/0/47/1/0,,,no,match
Boeing__config-file-validator,cdxgen,42,42,47,47,100,100,yes,101,100,42/0/58/42/0/0/42/0/5,42/0/58/42/0/0/42/0/5,,,no,match
Boeing__config-file-validator,cyclonedx-gomod,42,42,47,47,100,100,yes,101,100,44/0/56/42/2/0/43/1/4,44/0/56/42/2/0/43/1/4,,,no,match
Breeze0806__go-etl,syft,54,54,54,54,103,103,yes,104,103,75/0/28/54/21/0/54/21/0,75/0/28/54/21/0/54/21/0,,,no,match
Breeze0806__go-etl,trivy,54,54,54,54,103,103,yes,104,103,55/0/48/54/1/0/54/1/0,55/0/48/54/1/0/54/1/0,,,no,match
Breeze0806__go-etl,cdxgen,54,54,54,54,103,103,yes,104,103,54/0/49/54/0/0/54/0/0,54/0/49/54/0/0/54/0/0,,,no,match
Breeze0806__go-etl,cyclonedx-gomod,54,54,54,54,103,103,yes,104,103,55/0/48/54/1/0/54/1/0,55/0/48/54/1/0/54/1/0,,,no,match
BrianLeishman__go-imap,syft,26,26,26,26,37,37,yes,38,37,30/0/7/26/4/0/26/4/0,30/0/7/26/4/0/26/4/0,,,no,match
BrianLeishman__go-imap,trivy,26,26,26,26,37,37,yes,38,37,26/0/11/26/0/0/26/0/0,26/0/11/26/0/0/26/0/0,,,no,match
BrianLeishman__go-imap,cdxgen,26,26,26,26,37,37,yes,38,37,26/0/11/26/0/0/26/0/0,26/0/11/26/0/0/26/0/0,,,no,match
BrianLeishman__go-imap,cyclonedx-gomod,26,26,26,26,37,37,yes,38,37,26/0/11/26/0/0/26/0/0,26/0/11/26/0/0/26/0/0,,,no,match
C2FO__vfs,syft,87,87,94,94,268,268,yes,269,268,131/9/137/87/53/0/94/46/0,131/9/137/87/53/0/94/46/0,,,no,match
C2FO__vfs,trivy,87,87,94,94,268,268,yes,269,268,97/6/171/87/16/0/94/9/0,97/6/171/87/16/0/94/9/0,,,no,match
C2FO__vfs,cdxgen,87,87,94,94,268,268,yes,269,268,90/3/178/87/6/0/89/4/5,90/3/178/87/6/0/89/4/5,,,no,match
C2FO__vfs,cyclonedx-gomod,87,87,94,94,268,268,yes,269,268,87/0/181/86/1/1/86/1/8,87/0/181/86/1/1/86/1/8,,,no,match
CalebQ42__bbConvert,syft,1,1,1,1,1,1,yes,2,1,1/0/0/1/0/0/1/0/0,1/0/0/1/0/0/1/0/0,,,no,match
CalebQ42__bbConvert,trivy,1,1,1,1,1,1,yes,2,1,1/0/0/1/0/0/1/0/0,1/0/0/1/0/0/1/0/0,,,no,match
CalebQ42__bbConvert,cdxgen,1,1,1,1,1,1,yes,2,1,1/0/0/1/0/0/1/0/0,1/0/0/1/0/0/1/0/0,,,no,match
CalebQ42__bbConvert,cyclonedx-gomod,1,1,1,1,1,1,yes,2,1,1/0/0/1/0/0/1/0/0,1/0/0/1/0/0/1/0/0,,,no,match
ChainSafe__gossamer,syft,193,193,196,196,565,565,yes,566,565,241/18/324/190/69/3/193/66/3,241/18/324/190/69/3/193/66/3,,,no,match
ChainSafe__gossamer,trivy,193,193,196,196,565,565,yes,566,565,212/16/353/190/38/3/193/35/3,212/16/353/190/38/3/193/35/3,,,no,match
ChainSafe__gossamer,cdxgen,193,193,196,196,565,565,yes,566,565,198/7/367/193/12/0/193/12/3,198/7/367/193/12/0/193/12/3,,,no,match
ChainSafe__gossamer,cyclonedx-gomod,193,193,196,196,565,565,yes,566,565,189/3/376/181/11/12/181/11/15,189/3/376/181/11/12/181/11/15,,,no,match
ClickHouse__clickhouse-go,syft,55,55,56,56,105,105,yes,106,105,77/0/28/55/22/0/56/21/0,77/0/28/55/22/0/56/21/0,,,no,match
ClickHouse__clickhouse-go,trivy,55,55,56,56,105,105,yes,106,105,63/0/42/55/8/0/56/7/0,63/0/42/55/8/0/56/7/0,,,no,match
ClickHouse__clickhouse-go,cdxgen,55,55,56,56,105,105,yes,106,105,55/0/50/55/0/0/55/0/1,55/0/50/55/0/0/55/0/1,,,no,match
ClickHouse__clickhouse-go,cyclonedx-gomod,55,55,56,56,105,105,yes,106,105,62/0/43/55/7/0/55/7/1,62/0/43/55/7/0/55/7/1,,,no,match
Clivern__Beaver,syft,41,41,41,41,172,172,yes,173,172,67/0/105/41/26/0/41/26/0,67/0/105/41/26/0/41/26/0,,,no,match
Clivern__Beaver,trivy,41,41,41,41,172,172,yes,173,172,55/0/117/41/14/0/41/14/0,55/0/117/41/14/0/41/14/0,,,no,match
Clivern__Beaver,cdxgen,41,41,41,41,172,172,yes,173,172,41/0/131/41/0/0/41/0/0,41/0/131/41/0/0/41/0/0,,,no,match
Clivern__Beaver,cyclonedx-gomod,41,41,41,41,172,172,yes,173,172,51/0/121/41/10/0/41/10/0,51/0/121/41/10/0/41/10/0,,,no,match
CloudyKit__jet,syft,1,1,1,1,1,1,yes,2,1,1/0/0/1/0/0/1/0/0,1/0/0/1/0/0/1/0/0,,,no,match
CloudyKit__jet,trivy,1,1,1,1,1,1,yes,2,1,1/0/0/1/0/0/1/0/0,1/0/0/1/0/0/1/0/0,,,no,match
CloudyKit__jet,cdxgen,1,1,1,1,1,1,yes,2,1,1/0/0/1/0/0/1/0/0,1/0/0/1/0/0/1/0/0,,,no,match
CloudyKit__jet,cyclonedx-gomod,1,1,1,1,1,1,yes,2,1,1/0/0/1/0/0/1/0/0,1/0/0/1/0/0/1/0/0,,,no,match
Code-Hex__Neo-cowsay,syft,3,3,4,4,5,5,yes,6,5,5/16/0/3/18/0/4/17/0,5/16/0/3/18/0/4/17/0,,,no,match
Code-Hex__Neo-cowsay,trivy,3,3,4,4,5,5,yes,6,5,5/22/0/3/24/0/4/23/0,5/22/0/3/24/0/4/23/0,,,no,match
Code-Hex__Neo-cowsay,cdxgen,3,3,4,4,5,5,yes,6,5,3/13/2/3/13/0/3/13/1,3/13/2/3/13/0/3/13/1,,,no,match
Code-Hex__Neo-cowsay,cyclonedx-gomod,3,3,4,4,5,5,yes,6,5,3/0/2/3/0/0/3/0/1,3/0/2/3/0/0/3/0/1,,,no,match
Colin4k1024__Aetheris,syft,124,124,124,124,267,267,yes,268,267,153/15/114/124/44/0/124/44/0,153/15/114/124/44/0/124/44/0,,,no,match
Colin4k1024__Aetheris,trivy,124,124,124,124,267,267,yes,268,267,132/13/135/124/21/0/124/21/0,132/13/135/124/21/0/124/21/0,,,no,match
Colin4k1024__Aetheris,cdxgen,124,124,124,124,267,267,yes,268,267,125/11/142/124/12/0/124/12/0,125/11/142/124/12/0/124/12/0,,,no,match
Colin4k1024__Aetheris,cyclonedx-gomod,124,124,124,124,267,267,yes,268,267,126/0/141/121/5/3/121/5/3,126/0/141/121/5/3/121/5/3,,,no,match
CovenantSQL__CovenantSQL,syft,87,87,92,92,238,238,yes,239,238,126/1/112/86/41/1/91/36/1,126/1/112/86/41/1/91/36/1,,,no,match
CovenantSQL__CovenantSQL,trivy,87,87,92,92,238,238,yes,239,238,237/1/1/86/152/1/91/147/1,237/1/1/86/152/1/91/147/1,,,no,match
CovenantSQL__CovenantSQL,cdxgen,87,87,92,92,238,238,yes,239,238,87/0/151/87/0/0/87/0/5,87/0/151/87/0/0/87/0/5,,,no,match
CovenantSQL__CovenantSQL,cyclonedx-gomod,87,87,92,92,238,238,yes,239,238,93/1/145/86/8/1/86/8/6,93/1/145/86/8/1/86/8/6,,,no,match
Crocmagnon__fatcontext,syft,3,3,3,3,8,8,yes,9,8,4/0/4/3/1/0/3/1/0,4/0/4/3/1/0/3/1/0,,,no,match
Crocmagnon__fatcontext,trivy,3,3,3,3,8,8,yes,9,8,3/0/5/3/0/0/3/0/0,3/0/5/3/0/0/3/0/0,,,no,match
Crocmagnon__fatcontext,cdxgen,3,3,3,3,8,8,yes,9,8,3/0/5/3/0/0/3/0/0,3/0/5/3/0/0/3/0/0,,,no,match
Crocmagnon__fatcontext,cyclonedx-gomod,3,3,3,3,8,8,yes,9,8,2/0/6/2/0/1/2/0/1,2/0/6/2/0/1/2/0/1,,,no,match
DATA-DOG__go-sqlmock,syft,1,1,1,1,1,1,yes,2,1,1/0/0/1/0/0/1/0/0,1/0/0/1/0/0/1/0/0,,,no,match
DATA-DOG__go-sqlmock,trivy,1,1,1,1,1,1,yes,2,1,1/0/0/1/0/0/1/0/0,1/0/0/1/0/0/1/0/0,,,no,match
DATA-DOG__go-sqlmock,cdxgen,1,1,1,1,1,1,yes,2,1,1/0/0/1/0/0/1/0/0,1/0/0/1/0/0/1/0/0,,,no,match
DATA-DOG__go-sqlmock,cyclonedx-gomod,1,1,1,1,1,1,yes,2,1,1/0/0/1/0/0/1/0/0,1/0/0/1/0/0/1/0/0,,,no,match
DMcP89__tinycare-tui,syft,29,29,31,31,64,64,yes,65,64,51/0/13/29/22/0/31/20/0,51/0/13/29/22/0/31/20/0,,,no,match
DMcP89__tinycare-tui,trivy,29,29,31,31,64,64,yes,65,64,36/0/28/29/7/0/31/5/0,36/0/28/29/7/0/31/5/0,,,no,match
DMcP89__tinycare-tui,cdxgen,29,29,31,31,64,64,yes,65,64,29/0/35/29/0/0/29/0/2,29/0/35/29/0/0/29/0/2,,,no,match
DMcP89__tinycare-tui,cyclonedx-gomod,29,29,31,31,64,64,yes,65,64,33/0/31/29/4/0/29/4/2,33/0/31/29/4/0/29/4/2,,,no,match
DarthPestilane__easytcp,syft,11,11,15,15,30,30,yes,31,30,20/0/10/11/9/0/15/5/0,20/0/10/11/9/0/15/5/0,,,no,match
DarthPestilane__easytcp,trivy,11,11,15,15,30,30,yes,31,30,18/0/12/11/7/0/15/3/0,18/0/12/11/7/0/15/3/0,,,no,match
DarthPestilane__easytcp,cdxgen,11,11,15,15,30,30,yes,31,30,11/0/19/11/0/0/11/0/4,11/0/19/11/0/0/11/0/4,,,no,match
DarthPestilane__easytcp,cyclonedx-gomod,11,11,15,15,30,30,yes,31,30,14/0/16/11/3/0/11/3/4,14/0/16/11/3/0/11/3/4,,,no,match
DeRuina__timberjack,syft,1,1,2,2,2,2,yes,3,2,2/0/0/1/1/0/2/0/0,2/0/0/1/1/0/2/0/0,,,no,match
DeRuina__timberjack,trivy,1,1,2,2,2,2,yes,3,2,2/0/0/1/1/0/2/0/0,2/0/0/1/1/0/2/0/0,,,no,match
DeRuina__timberjack,cdxgen,1,1,2,2,2,2,yes,3,2,1/0/1/1/0/0/1/0/1,1/0/1/1/0/0/1/0/1,,,no,match
DeRuina__timberjack,cyclonedx-gomod,1,1,2,2,2,2,yes,3,2,1/0/1/1/0/0/1/0/1,1/0/1/1/0/0/1/0/1,,,no,match
DrmagicE__gmqtt,syft,47,47,47,47,312,312,yes,313,312,119/0/193/47/72/0/47/72/0,119/0/193/47/72/0/47/72/0,,,no,match
DrmagicE__gmqtt,trivy,47,47,47,47,312,312,yes,313,312,105/0/207/47/58/0/47/58/0,105/0/207/47/58/0/47/58/0,,,no,match
DrmagicE__gmqtt,cdxgen,47,47,47,47,312,312,yes,313,312,47/0/265/47/0/0/47/0/0,47/0/265/47/0/0/47/0/0,,,no,match
DrmagicE__gmqtt,cyclonedx-gomod,47,47,47,47,312,312,yes,313,312,104/0/208/47/57/0/47/57/0,104/0/208/47/57/0/47/57/0,,,no,match
DylanMeeus__hasgo,syft,2,2,2,2,8,8,yes,9,8,2/1/6/2/1/0/2/1/0,2/1/6/2/1/0/2/1/0,,,no,match
DylanMeeus__hasgo,trivy,2,2,2,2,8,8,yes,9,8,8/1/0/2/7/0/2/7/0,8/1/0/2/7/0/2/7/0,,,no,match
DylanMeeus__hasgo,cdxgen,2,2,2,2,8,8,yes,9,8,2/0/6/2/0/0/2/0/0,2/0/6/2/0/0/2/0/0,,,no,match
DylanMeeus__hasgo,cyclonedx-gomod,2,2,2,2,8,8,yes,9,8,2/0/6/2/0/0/2/0/0,2/0/6/2/0/0/2/0/0,,,no,match
Dynom__TySug,syft,8,8,9,9,16,16,yes,17,16,13/0/3/8/5/0/9/4/0,13/0/3/8/5/0/9/4/0,,,no,match
Dynom__TySug,trivy,8,8,9,9,16,16,yes,17,16,10/0/6/8/2/0/9/1/0,10/0/6/8/2/0/9/1/0,,,no,match
Dynom__TySug,cdxgen,8,8,9,9,16,16,yes,17,16,8/0/8/8/0/0/8/0/1,8/0/8/8/0/0/8/0/1,,,no,match
Dynom__TySug,cyclonedx-gomod,8,8,9,9,16,16,yes,17,16,9/0/7/8/1/0/8/1/1,9/0/7/8/1/0/8/1/1,,,no,match
EchoVault__EchoVault,syft,30,30,31,31,96,96,yes,97,96,40/0/56/30/10/0/31/9/0,40/0/56/30/10/0/31/9/0,,,no,match
EchoVault__EchoVault,trivy,30,30,31,31,96,96,yes,97,96,31/0/65/30/1/0/31/0/0,31/0/65/30/1/0/31/0/0,,,no,match
EchoVault__EchoVault,cdxgen,30,30,31,31,96,96,yes,97,96,30/0/66/30/0/0/30/0/1,30/0/66/30/0/0/30/0/1,,,no,match
EchoVault__EchoVault,cyclonedx-gomod,30,30,31,31,96,96,yes,97,96,30/0/66/30/0/0/30/0/1,30/0/66/30/0/0/30/0/1,,,no,match
Edgenesis__shifu,syft,126,126,134,134,435,435,yes,436,435,166/0/269/126/40/0/134/32/0,166/0/269/126/40/0/134/32/0,,,no,match
Edgenesis__shifu,trivy,126,126,134,134,435,435,yes,436,435,137/0/298/126/11/0/134/3/0,137/0/298/126/11/0/134/3/0,,,no,match
Edgenesis__shifu,cdxgen,126,126,134,134,435,435,yes,436,435,126/0/309/126/0/0/126/0/8,126/0/309/126/0/0/126/0/8,,,no,match
Edgenesis__shifu,cyclonedx-gomod,126,126,134,134,435,435,yes,436,435,119/0/316/118/1/8/118/1/16,119/0/316/118/1/8/118/1/16,,,no,match
EngoEngine__engo,syft,17,17,21,21,45,45,yes,46,45,31/0/14/17/14/0/21/10/0,31/0/14/17/14/0/21/10/0,,,no,match
EngoEngine__engo,trivy,17,17,21,21,45,45,yes,46,45,31/0/14/17/14/0/21/10/0,31/0/14/17/14/0/21/10/0,,,no,match
EngoEngine__engo,cdxgen,17,17,21,21,45,45,yes,46,45,17/0/28/17/0/0/17/0/4,17/0/28/17/0/0/17/0/4,,,no,match
EngoEngine__engo,cyclonedx-gomod,17,17,21,21,45,45,yes,46,45,24/0/21/17/7/0/17/7/4,24/0/21/17/7/0/17/7/4,,,no,match
Eun__go-convert,syft,5,5,5,5,7,7,yes,8,7,6/0/1/5/1/0/5/1/0,6/0/1/5/1/0/5/1/0,,,no,match
Eun__go-convert,trivy,5,5,5,5,7,7,yes,8,7,7/0/0/5/2/0/5/2/0,7/0/0/5/2/0/5/2/0,,,no,match
Eun__go-convert,cdxgen,5,5,5,5,7,7,yes,8,7,5/0/2/5/0/0/5/0/0,5/0/2/5/0/0/5/0/0,,,no,match
Eun__go-convert,cyclonedx-gomod,5,5,5,5,7,7,yes,8,7,5/0/2/5/0/0/5/0/0,5/0/2/5/0/0/5/0/0,,,no,match
Eun__go-hit,syft,30,30,35,35,52,52,yes,53,52,44/0/8/30/14/0/35/9/0,44/0/8/30/14/0/35/9/0,,,no,match
Eun__go-hit,trivy,30,30,35,35,52,52,yes,53,52,52/0/0/30/22/0/35/17/0,52/0/0/30/22/0/35/17/0,,,no,match
Eun__go-hit,cdxgen,30,30,35,35,52,52,yes,53,52,38/0/14/30/8/0/35/3/0,38/0/14/30/8/0/35/3/0,,,no,match
Eun__go-hit,cyclonedx-gomod,30,30,35,35,52,52,yes,53,52,30/0/22/30/0/0/30/0/5,30/0/22/30/0/0/30/0/5,,,no,match
Evertras__bubble-table,syft,19,19,23,23,35,35,yes,36,35,27/0/8/19/8/0/23/4/0,27/0/8/19/8/0/23/4/0,,,no,match
Evertras__bubble-table,trivy,19,19,23,23,35,35,yes,36,35,23/0/12/19/4/0/23/0/0,23/0/12/19/4/0/23/0/0,,,no,match
Evertras__bubble-table,cdxgen,19,19,23,23,35,35,yes,36,35,19/0/16/19/0/0/19/0/4,19/0/16/19/0/0/19/0/4,,,no,match
Evertras__bubble-table,cyclonedx-gomod,19,19,23,23,35,35,yes,36,35,19/0/16/19/0/0/19/0/4,19/0/16/19/0/0/19/0/4,,,no,match
FiloSottile__age,syft,6,6,9,9,17,17,yes,18,17,9/0/8/6/3/0/9/0/0,9/0/8/6/3/0/9/0/0,,,no,match
FiloSottile__age,trivy,6,6,9,9,17,17,yes,18,17,9/0/8/6/3/0/9/0/0,9/0/8/6/3/0/9/0/0,,,no,match
FiloSottile__age,cdxgen,6,6,9,9,17,17,yes,18,17,6/0/11/6/0/0/6/0/3,6/0/11/6/0/0/6/0/3,,,no,match
FiloSottile__age,cyclonedx-gomod,6,6,9,9,17,17,yes,18,17,6/0/11/6/0/0/6/0/3,6/0/11/6/0/0/6/0/3,,,no,match
Forceu__gokapi,syft,30,30,34,34,114,114,yes,115,114,71/0/43/30/41/0/34/37/0,71/0/43/30/41/0/34/37/0,,,no,match
Forceu__gokapi,trivy,30,30,34,34,114,114,yes,115,114,49/0/65/30/19/0/34/15/0,49/0/65/30/19/0/34/15/0,,,no,match
Forceu__gokapi,cdxgen,30,30,34,34,114,114,yes,115,114,49/0/65/30/19/0/34/15/0,49/0/65/30/19/0/34/15/0,,,no,match
Forceu__gokapi,cyclonedx-gomod,30,30,34,34,114,114,yes,115,114,41/0/73/30/11/0/30/11/4,41/0/73/30/11/0/30/11/4,,,no,match
FrancoLiberali__cql,syft,16,16,33,33,113,113,yes,114,113,80/1/33/16/65/0/33/48/0,80/1/33/16/65/0/33/48/0,,,no,match
FrancoLiberali__cql,trivy,16,16,33,33,113,113,yes,114,113,63/1/50/16/48/0/33/31/0,63/1/50/16/48/0/33/31/0,,,no,match
FrancoLiberali__cql,cdxgen,16,16,33,33,113,113,yes,114,113,38/0/75/16/22/0/17/21/16,38/0/75/16/22/0/17/21/16,,,no,match
FrancoLiberali__cql,cyclonedx-gomod,16,16,33,33,113,113,yes,114,113,42/1/71/12/31/4/13/30/20,42/1/71/12/31/4/13/30/20,,,no,match
FreeLeh__GoFreeDB,syft,16,16,22,22,93,93,yes,94,93,29/0/64/16/13/0/22/7/0,29/0/64/16/13/0/22/7/0,,,no,match
FreeLeh__GoFreeDB,trivy,16,16,22,22,93,93,yes,94,93,23/0/70/16/7/0/22/1/0,23/0/70/16/7/0/22/1/0,,,no,match
FreeLeh__GoFreeDB,cdxgen,16,16,22,22,93,93,yes,94,93,16/0/77/16/0/0/16/0/6,16/0/77/16/0/0/16/0/6,,,no,match
FreeLeh__GoFreeDB,cyclonedx-gomod,16,16,22,22,93,93,yes,94,93,17/0/76/16/1/0/16/1/6,17/0/76/16/1/0/16/1/6,,,no,match
Fs02__go-todo-backend,syft,16,16,17,17,51,51,yes,52,51,40/0/11/16/24/0/17/23/0,40/0/11/16/24/0/17/23/0,,,no,match
Fs02__go-todo-backend,trivy,16,16,17,17,51,51,yes,52,51,17/0/34/16/1/0/17/0/0,17/0/34/16/1/0/17/0/0,,,no,match
Fs02__go-todo-backend,cdxgen,16,16,17,17,51,51,yes,52,51,17/0/34/16/1/0/17/0/0,17/0/34/16/1/0/17/0/0,,,no,match
Fs02__go-todo-backend,cyclonedx-gomod,16,16,17,17,51,51,yes,52,51,15/0/36/15/0/1/15/0/2,15/0/36/15/0/1/15/0/2,,,no,match
Fs02__grimoire,syft,11,11,12,12,12,12,yes,13,12,12/0/0/11/1/0/12/0/0,12/0/0/11/1/0/12/0/0,,,no,match
Fs02__grimoire,trivy,11,11,12,12,12,12,yes,13,12,12/0/0/11/1/0/12/0/0,12/0/0/11/1/0/12/0/0,,,no,match
Fs02__grimoire,cdxgen,11,11,12,12,12,12,yes,13,12,11/0/1/11/0/0/11/0/1,11/0/1/11/0/0/11/0/1,,,no,match
Fs02__grimoire,cyclonedx-gomod,11,11,12,12,12,12,yes,13,12,11/0/1/11/0/0/11/0/1,11/0/1/11/0/0/11/0/1,,,no,match
GiGurra__boa,syft,2,2,2,2,7,7,yes,8,7,3/0/4/2/1/0/2/1/0,3/0/4/2/1/0/2/1/0,,,no,match
GiGurra__boa,trivy,2,2,2,2,7,7,yes,8,7,3/0/4/2/1/0/2/1/0,3/0/4/2/1/0/2/1/0,,,no,match
GiGurra__boa,cdxgen,2,2,2,2,7,7,yes,8,7,2/0/5/2/0/0/2/0/0,2/0/5/2/0/0/2/0/0,,,no,match
GiGurra__boa,cyclonedx-gomod,2,2,2,2,7,7,yes,8,7,3/0/4/2/1/0/2/1/0,3/0/4/2/1/0/2/1/0,,,no,match
Gituser143__cryptgo,syft,26,26,26,26,183,183,yes,184,183,38/0/145/26/12/0/26/12/0,38/0/145/26/12/0/26/12/0,,,no,match
Gituser143__cryptgo,trivy,26,26,26,26,183,183,yes,184,183,183/0/0/26/157/0/26/157/0,183/0/0/26/157/0/26/157/0,,,no,match
Gituser143__cryptgo,cdxgen,26,26,26,26,183,183,yes,184,183,26/0/157/26/0/0/26/0/0,26/0/157/26/0/0/26/0/0,,,no,match
Gituser143__cryptgo,cyclonedx-gomod,26,26,26,26,183,183,yes,184,183,27/0/156/26/1/0/26/1/0,27/0/156/26/1/0/26/1/0,,,no,match
GoogleCloudPlatform__gcloud-golang,syft,31,31,47,47,196,196,yes,197,196,185/146/11/31/300/0/47/284/0,185/146/11/31/300/0/47/284/0,,,no,match
GoogleCloudPlatform__gcloud-golang,trivy,31,31,47,47,196,196,yes,197,196,174/137/22/31/280/0/47/264/0,174/137/22/31/280/0/47/264/0,,,no,match
GoogleCloudPlatform__gcloud-golang,cdxgen,31,31,47,47,196,196,yes,197,196,64/47/132/31/80/0/47/64/0,64/47/132/31/80/0/47/64/0,,,no,match
GoogleCloudPlatform__gcloud-golang,cyclonedx-gomod,31,31,47,47,196,196,yes,197,196,30/0/166/30/0/1/30/0/17,30/0/166/30/0/1/30/0/17,,,no,match
GuilhermeCaruso__anko,syft,3,3,3,3,14,14,yes,15,14,5/1/9/3/3/0/3/3/0,5/1/9/3/3/0/3/3/0,,,no,match
GuilhermeCaruso__anko,trivy,3,3,3,3,14,14,yes,15,14,14/2/0/3/13/0/3/13/0,14/2/0/3/13/0/3/13/0,,,no,match
GuilhermeCaruso__anko,cdxgen,3,3,3,3,14,14,yes,15,14,3/0/11/3/0/0/3/0/0,3/0/11/3/0/0/3/0/0,,,no,match
GuilhermeCaruso__anko,cyclonedx-gomod,3,3,3,3,14,14,yes,15,14,3/0/11/3/0/0/3/0/0,3/0/11/3/0/0/3/0/0,,,no,match
GuilhermeCaruso__mooncake,syft,4,4,4,4,10,10,yes,11,10,5/0/5/4/1/0/4/1/0,5/0/5/4/1/0/4/1/0,,,no,match
GuilhermeCaruso__mooncake,trivy,4,4,4,4,10,10,yes,11,10,4/0/6/4/0/0/4/0/0,4/0/6/4/0/0/4/0/0,,,no,match
GuilhermeCaruso__mooncake,cdxgen,4,4,4,4,10,10,yes,11,10,4/0/6/4/0/0/4/0/0,4/0/6/4/0/0/4/0/0,,,no,match
GuilhermeCaruso__mooncake,cyclonedx-gomod,4,4,4,4,10,10,yes,11,10,4/0/6/4/0/0/4/0/0,4/0/6/4/0/0/4/0/0,,,no,match
Guitarbum722__align,syft,1,1,1,1,1,1,yes,2,1,1/0/0/1/0/0/1/0/0,1/0/0/1/0/0/1/0/0,,,no,match
Guitarbum722__align,trivy,1,1,1,1,1,1,yes,2,1,1/0/0/1/0/0/1/0/0,1/0/0/1/0/0/1/0/0,,,no,match
Guitarbum722__align,cdxgen,1,1,1,1,1,1,yes,2,1,1/0/0/1/0/0/1/0/0,1/0/0/1/0/0/1/0/0,,,no,match
Guitarbum722__align,cyclonedx-gomod,1,1,1,1,1,1,yes,2,1,1/0/0/1/0/0/1/0/0,1/0/0/1/0/0/1/0/0,,,no,match
HDT3213__rdb,syft,7,7,7,7,18,18,yes,19,18,12/0/6/7/5/0/7/5/0,12/0/6/7/5/0/7/5/0,,,no,match
HDT3213__rdb,trivy,7,7,7,7,18,18,yes,19,18,8/0/10/7/1/0/7/1/0,8/0/10/7/1/0/7/1/0,,,no,match
HDT3213__rdb,cdxgen,7,7,7,7,18,18,yes,19,18,7/0/11/7/0/0/7/0/0,7/0/11/7/0/0/7/0/0,,,no,match
HDT3213__rdb,cyclonedx-gomod,7,7,7,7,18,18,yes,19,18,8/0/10/7/1/0/7/1/0,8/0/10/7/1/0/7/1/0,,,no,match
Haraj-backend__hex-monscape,syft,16,16,20,20,53,53,yes,54,53,28/0/25/16/12/0/20/8/0,28/0/25/16/12/0/20/8/0,,,no,match
Haraj-backend__hex-monscape,trivy,16,16,20,20,53,53,yes,54,53,22/0/31/16/6/0/20/2/0,22/0/31/16/6/0/20/2/0,,,no,match
Haraj-backend__hex-monscape,cdxgen,16,16,20,20,53,53,yes,54,53,16/0/37/16/0/0/16/0/4,16/0/37/16/0/0/16/0/4,,,no,match
Haraj-backend__hex-monscape,cyclonedx-gomod,16,16,20,20,53,53,yes,54,53,16/0/37/16/0/0/16/0/4,16/0/37/16/0/0/16/0/4,,,no,match
HazelnutParadise__insyra,syft,128,128,134,134,517,517,yes,518,517,196/0/321/128/68/0/134/62/0,196/0/321/128/68/0/134/62/0,,,no,match
HazelnutParadise__insyra,trivy,128,128,134,134,517,517,yes,518,517,148/0/369/128/20/0/134/14/0,148/0/369/128/20/0/134/14/0,,,no,match
HazelnutParadise__insyra,cdxgen,128,128,134,134,517,517,yes,518,517,128/0/389/128/0/0/128/0/6,128/0/389/128/0/0/128/0/6,,,no,match
HazelnutParadise__insyra,cyclonedx-gomod,128,128,134,134,517,517,yes,518,517,134/0/383/121/13/7/121/13/13,134/0/383/121/13/7/121/13/13,,,no,match
Henry-Sarabia__igdb,syft,4,4,4,4,5,5,yes,6,5,5/0/0/4/1/0/4/1/0,5/0/0/4/1/0/4/1/0,,,no,match
Henry-Sarabia__igdb,trivy,4,4,4,4,5,5,yes,6,5,5/0/0/4/1/0/4/1/0,5/0/0/4/1/0/4/1/0,,,no,match
Henry-Sarabia__igdb,cdxgen,4,4,4,4,5,5,yes,6,5,4/0/1/4/0/0/4/0/0,4/0/1/4/0/0/4/0/0,,,no,match
Henry-Sarabia__igdb,cyclonedx-gomod,4,4,4,4,5,5,yes,6,5,4/0/1/4/0/0/4/0/0,4/0/1/4/0/0/4/0/0,,,no,match
Henry-Sarabia__sliceconv,syft,1,1,1,1,1,1,yes,2,1,1/0/0/1/0/0/1/0/0,1/0/0/1/0/0/1/0/0,,,no,match
Henry-Sarabia__sliceconv,trivy,1,1,1,1,1,1,yes,2,1,1/0/0/1/0/0/1/0/0,1/0/0/1/0/0/1/0/0,,,no,match
Henry-Sarabia__sliceconv,cdxgen,1,1,1,1,1,1,yes,2,1,1/0/0/1/0/0/1/0/0,1/0/0/1/0/0/1/0/0,,,no,match
Henry-Sarabia__sliceconv,cyclonedx-gomod,1,1,1,1,1,1,yes,2,1,1/0/0/1/0/0/1/0/0,1/0/0/1/0/0/1/0/0,,,no,match
Hossiy21__razify,syft,6,6,6,6,12,12,yes,13,12,8/0/4/6/2/0/6/2/0,8/0/4/6/2/0/6/2/0,,,no,match
Hossiy21__razify,trivy,6,6,6,6,12,12,yes,13,12,8/0/4/6/2/0/6/2/0,8/0/4/6/2/0/6/2/0,,,no,match
Hossiy21__razify,cdxgen,6,6,6,6,12,12,yes,13,12,6/0/6/6/0/0/6/0/0,6/0/6/6/0/0/6/0/0,,,no,match
Hossiy21__razify,cyclonedx-gomod,6,6,6,6,12,12,yes,13,12,7/0/5/6/1/0/6/1/0,7/0/5/6/1/0/6/1/0,,,no,match
HugoSmits86__nativewebp,syft,1,1,1,1,2,2,yes,3,2,1/0/1/1/0/0/1/0/0,1/0/1/1/0/0/1/0/0,,,no,match
HugoSmits86__nativewebp,trivy,1,1,1,1,2,2,yes,3,2,1/0/1/1/0/0/1/0/0,1/0/1/1/0/0/1/0/0,,,no,match
HugoSmits86__nativewebp,cdxgen,1,1,1,1,2,2,yes,3,2,1/0/1/1/0/0/1/0/0,1/0/1/1/0/0/1/0/0,,,no,match
HugoSmits86__nativewebp,cyclonedx-gomod,1,1,1,1,2,2,yes,3,2,1/0/1/1/0/0/1/0/0,1/0/1/1/0/0/1/0/0,,,no,match
Humpheh__goboy,syft,8,8,12,12,28,28,yes,29,28,17/0/11/8/9/0/12/5/0,17/0/11/8/9/0/12/5/0,,,no,match
Humpheh__goboy,trivy,8,8,12,12,28,28,yes,29,28,16/0/12/8/8/0/12/4/0,16/0/12/8/8/0/12/4/0,,,no,match
Humpheh__goboy,cdxgen,8,8,12,12,28,28,yes,29,28,8/0/20/8/0/0/8/0/4,8/0/20/8/0/0/8/0/4,,,no,match
Humpheh__goboy,cyclonedx-gomod,8,8,12,12,28,28,yes,29,28,12/0/16/8/4/0/8/4/4,12/0/16/8/4/0/8/4/4,,,no,match
ITcathyh__conexec,syft,1,1,2,2,2,2,yes,3,2,2/0/0/1/1/0/2/0/0,2/0/0/1/1/0/2/0/0,,,no,match
ITcathyh__conexec,trivy,1,1,2,2,2,2,yes,3,2,2/0/0/1/1/0/2/0/0,2/0/0/1/1/0/2/0/0,,,no,match
ITcathyh__conexec,cdxgen,1,1,2,2,2,2,yes,3,2,1/0/1/1/0/0/1/0/1,1/0/1/1/0/0/1/0/1,,,no,match
ITcathyh__conexec,cyclonedx-gomod,1,1,2,2,2,2,yes,3,2,1/0/1/1/0/0/1/0/1,1/0/1/1/0/0/1/0/1,,,no,match
Jacobbrewer1__patcher,syft,6,6,6,6,97,97,yes,98,97,38/0/59/6/32/0/6/32/0,38/0/59/6/32/0/6/32/0,,,no,match
Jacobbrewer1__patcher,trivy,6,6,6,6,97,97,yes,98,97,35/0/62/6/29/0/6/29/0,35/0/62/6/29/0/6/29/0,,,no,match
Jacobbrewer1__patcher,cdxgen,6,6,6,6,97,97,yes,98,97,35/0/62/6/29/0/6/29/0,35/0/62/6/29/0/6/29/0,,,no,match
Jacobbrewer1__patcher,cyclonedx-gomod,6,6,6,6,97,97,yes,98,97,35/0/62/6/29/0/6/29/0,35/0/62/6/29/0/6/29/0,,,no,match
Jagerente__gocfg,syft,1,1,5,5,7,7,yes,8,7,6/0/1/1/5/0/5/1/0,6/0/1/1/5/0/5/1/0,,,no,match
Jagerente__gocfg,trivy,1,1,5,5,7,7,yes,8,7,7/0/0/1/6/0/5/2/0,7/0/0/1/6/0/5/2/0,,,no,match
Jagerente__gocfg,cdxgen,1,1,5,5,7,7,yes,8,7,1/0/6/1/0/0/1/0/4,1/0/6/1/0/0/1/0/4,,,no,match
Jagerente__gocfg,cyclonedx-gomod,1,1,5,5,7,7,yes,8,7,1/0/6/1/0/0/1/0/4,1/0/6/1/0/0/1/0/4,,,no,match
JohannesKaufmann__html-to-markdown,syft,15,15,15,15,29,29,yes,30,29,20/0/9/15/5/0/15/5/0,20/0/9/15/5/0/15/5/0,,,no,match
JohannesKaufmann__html-to-markdown,trivy,15,15,15,15,29,29,yes,30,29,15/0/14/15/0/0/15/0/0,15/0/14/15/0/0/15/0/0,,,no,match
JohannesKaufmann__html-to-markdown,cdxgen,15,15,15,15,29,29,yes,30,29,15/0/14/15/0/0/15/0/0,15/0/14/15/0/0/15/0/0,,,no,match
JohannesKaufmann__html-to-markdown,cyclonedx-gomod,15,15,15,15,29,29,yes,30,29,15/0/14/15/0/0/15/0/0,15/0/14/15/0/0/15/0/0,,,no,match
JoshuaDoes__gofuckyourself,syft,1,1,1,1,4,4,yes,5,4,1/0/3/1/0/0/1/0/0,1/0/3/1/0/0/1/0/0,,,no,match
JoshuaDoes__gofuckyourself,trivy,1,1,1,1,4,4,yes,5,4,1/0/3/1/0/0/1/0/0,1/0/3/1/0/0/1/0/0,,,no,match
JoshuaDoes__gofuckyourself,cdxgen,1,1,1,1,4,4,yes,5,4,1/0/3/1/0/0/1/0/0,1/0/3/1/0/0/1/0/0,,,no,match
JoshuaDoes__gofuckyourself,cyclonedx-gomod,1,1,1,1,4,4,yes,5,4,1/0/3/1/0/0/1/0/0,1/0/3/1/0/0/1/0/0,,,no,match
Kachit__appstore-sdk-go,syft,2,2,7,7,9,9,yes,10,9,8/0/1/2/6/0/7/1/0,8/0/1/2/6/0/7/1/0,,,no,match
Kachit__appstore-sdk-go,trivy,2,2,7,7,9,9,yes,10,9,9/0/0/2/7/0/7/2/0,9/0/0/2/7/0/7/2/0,,,no,match
Kachit__appstore-sdk-go,cdxgen,2,2,7,7,9,9,yes,10,9,2/0/7/2/0/0/2/0/5,2/0/7/2/0/0/2/0/5,,,no,match
Kachit__appstore-sdk-go,cyclonedx-gomod,2,2,7,7,9,9,yes,10,9,2/0/7/2/0/0/2/0/5,2/0/7/2/0/0/2/0/5,,,no,match
Kachit__gorm-seeder,syft,3,3,19,19,67,67,yes,68,67,29/0/38/3/26/0/19/10/0,29/0/38/3/26/0/19/10/0,,,no,match
Kachit__gorm-seeder,trivy,3,3,19,19,67,67,yes,68,67,67/0/0/3/64/0/19/48/0,67/0/0/3/64/0/19/48/0,,,no,match
Kachit__gorm-seeder,cdxgen,3,3,19,19,67,67,yes,68,67,3/0/64/3/0/0/3/0/16,3/0/64/3/0/0/3/0/16,,,no,match
Kachit__gorm-seeder,cyclonedx-gomod,3,3,19,19,67,67,yes,68,67,3/0/64/3/0/0/3/0/16,3/0/64/3/0/0/3/0/16,,,no,match
Knuspii__CrunchyCleaner,syft,3,3,3,3,15,15,yes,16,15,11/0/4/3/8/0/3/8/0,11/0/4/3/8/0/3/8/0,,,no,match
Knuspii__CrunchyCleaner,trivy,3,3,3,3,15,15,yes,16,15,7/0/8/3/4/0/3/4/0,7/0/8/3/4/0/3/4/0,,,no,match
Knuspii__CrunchyCleaner,cdxgen,3,3,3,3,15,15,yes,16,15,3/0/12/3/0/0/3/0/0,3/0/12/3/0/0/3/0/0,,,no,match
Knuspii__CrunchyCleaner,cyclonedx-gomod,3,3,3,3,15,15,yes,16,15,7/0/8/3/4/0/3/4/0,7/0/8/3/4/0/3/4/0,,,no,match
Konstantin8105__c4go,syft,4,4,8,8,8,8,yes,9,8,8/0/0/4/4/0/8/0/0,8/0/0/4/4/0/8/0/0,,,no,match
Konstantin8105__c4go,trivy,4,4,8,8,8,8,yes,9,8,8/0/0/4/4/0/8/0/0,8/0/0/4/4/0/8/0/0,,,no,match
Konstantin8105__c4go,cdxgen,4,4,8,8,8,8,yes,9,8,8/0/0/4/4/0/8/0/0,8/0/0/4/4/0/8/0/0,,,no,match
Konstantin8105__c4go,cyclonedx-gomod,4,4,8,8,8,8,yes,9,8,4/0/4/4/0/0/4/0/4,4/0/4/4/0/0/4/0/4,,,no,match
KusionStack__kusion,syft,325,325,334,334,805,805,yes,806,805,396/0/409/325/71/0/334/62/0,396/0/409/325/71/0/334/62/0,,,no,match
KusionStack__kusion,trivy,325,325,334,334,805,805,yes,806,805,350/0/455/325/25/0/334/16/0,350/0/455/325/25/0/334/16/0,,,no,match
KusionStack__kusion,cdxgen,325,325,334,334,805,805,yes,806,805,325/0/480/325/0/0/325/0/9,325/0/480/325/0/0/325/0/9,,,no,match
KusionStack__kusion,cyclonedx-gomod,325,325,334,334,805,805,yes,806,805,332/0/473/322/10/3/322/10/12,332/0/473/322/10/3/322/10/12,,,no,match
Lifailon__lazyjournal,syft,10,10,10,10,21,21,yes,21,20,12/0/9/10/2/0/10/2/0,11/0/9/10/1/0/10/1/0,12/0/9/10/2/0/10/2/0,,predicted,july_main_bug
Lifailon__lazyjournal,trivy,10,10,10,10,21,21,yes,21,20,11/0/10/10/1/0/10/1/0,10/0/10/10/0/0/10/0/0,11/0/10/10/1/0/10/1/0,,predicted,july_main_bug
Lifailon__lazyjournal,cdxgen,10,10,10,10,21,21,yes,21,20,10/0/11/10/0/0/10/0/0,10/0/10/10/0/0/10/0/0,10/0/11/10/0/0/10/0/0,,predicted,july_main_bug
Lifailon__lazyjournal,cyclonedx-gomod,10,10,10,10,21,21,yes,21,20,10/0/11/10/0/0/10/0/0,10/0/10/10/0/0/10/0/0,10/0/11/10/0/0/10/0/0,,predicted,july_main_bug
LimeChain__gosemble,syft,26,26,26,26,284,284,yes,285,284,80/1/204/26/55/0/26/55/0,80/1/204/26/55/0/26/55/0,,,no,match
LimeChain__gosemble,trivy,26,26,26,26,284,284,yes,285,284,77/1/207/26/52/0/26/52/0,77/1/207/26/52/0/26/52/0,,,no,match
LimeChain__gosemble,cdxgen,26,26,26,26,284,284,yes,285,284,81/4/203/26/59/0/26/59/0,81/4/203/26/59/0/26/59/0,,,no,match
LimeChain__gosemble,cyclonedx-gomod,26,26,26,26,284,284,yes,285,284,NA,NA,,,no,match
MUlt1mate__protoc-gen-httpgo,syft,2,2,3,3,10,10,yes,11,10,9/75/1/2/82/0/3/81/0,9/75/1/2/82/0/3/81/0,,,no,match
MUlt1mate__protoc-gen-httpgo,trivy,2,2,3,3,10,10,yes,11,10,9/57/1/2/64/0/3/63/0,9/57/1/2/64/0/3/63/0,,,no,match
MUlt1mate__protoc-gen-httpgo,cdxgen,2,2,3,3,10,10,yes,11,10,8/44/2/2/50/0/3/49/0,8/44/2/2/50/0/3/49/0,,,no,match
MUlt1mate__protoc-gen-httpgo,cyclonedx-gomod,2,2,3,3,10,10,yes,11,10,2/0/8/2/0/0/2/0/1,2/0/8/2/0/0/2/0/1,,,no,match
MarvinJWendt__testza,syft,16,16,16,16,28,28,yes,29,28,19/0/9/16/3/0/16/3/0,19/0/9/16/3/0/16/3/0,,,no,match
MarvinJWendt__testza,trivy,16,16,16,16,28,28,yes,29,28,16/0/12/16/0/0/16/0/0,16/0/12/16/0/0/16/0/0,,,no,match
MarvinJWendt__testza,cdxgen,16,16,16,16,28,28,yes,29,28,16/0/12/16/0/0/16/0/0,16/0/12/16/0/0/16/0/0,,,no,match
MarvinJWendt__testza,cyclonedx-gomod,16,16,16,16,28,28,yes,29,28,16/0/12/16/0/0/16/0/0,16/0/12/16/0/0/16/0/0,,,no,match
Masterminds__squirrel,syft,2,2,5,5,5,5,yes,6,5,5/7/0/2/10/0/5/7/0,5/7/0/2/10/0/5/7/0,,,no,match
Masterminds__squirrel,trivy,2,2,5,5,5,5,yes,6,5,5/14/0/2/17/0/5/14/0,5/14/0/2/17/0/5/14/0,,,no,match
Masterminds__squirrel,cdxgen,2,2,5,5,5,5,yes,6,5,2/0/3/2/0/0/2/0/3,2/0/3/2/0/0/2/0/3,,,no,match
Masterminds__squirrel,cyclonedx-gomod,2,2,5,5,5,5,yes,6,5,2/0/3/2/0/0/2/0/3,2/0/3/2/0/0/2/0/3,,,no,match
MatProGo-dev__MatProInterface.go,syft,2,2,2,2,18,18,yes,19,18,2/0/16/2/0/0/2/0/0,2/0/16/2/0/0/2/0/0,,,no,match
MatProGo-dev__MatProInterface.go,trivy,2,2,2,2,18,18,yes,19,18,2/0/16/2/0/0/2/0/0,2/0/16/2/0/0/2/0/0,,,no,match
MatProGo-dev__MatProInterface.go,cdxgen,2,2,2,2,18,18,yes,19,18,2/0/16/2/0/0/2/0/0,2/0/16/2/0/0/2/0/0,,,no,match
MatProGo-dev__MatProInterface.go,cyclonedx-gomod,2,2,2,2,18,18,yes,19,18,2/0/16/2/0/0/2/0/0,2/0/16/2/0/0/2/0/0,,,no,match
MaxHalford__eaopt,syft,1,1,1,1,1,1,yes,2,1,1/0/0/1/0/0/1/0/0,1/0/0/1/0/0/1/0/0,,,no,match
MaxHalford__eaopt,trivy,1,1,1,1,1,1,yes,2,1,1/0/0/1/0/0/1/0/0,1/0/0/1/0/0/1/0/0,,,no,match
MaxHalford__eaopt,cdxgen,1,1,1,1,1,1,yes,2,1,1/0/0/1/0/0/1/0/0,1/0/0/1/0/0/1/0/0,,,no,match
MaxHalford__eaopt,cyclonedx-gomod,1,1,1,1,1,1,yes,2,1,1/0/0/1/0/0/1/0/0,1/0/0/1/0/0/1/0/0,,,no,match
Melkeydev__go-blueprint,syft,20,20,20,20,33,33,yes,34,33,22/0/11/20/2/0/20/2/0,22/0/11/20/2/0/20/2/0,,,no,match
Melkeydev__go-blueprint,trivy,20,20,20,20,33,33,yes,34,33,22/0/11/20/2/0/20/2/0,22/0/11/20/2/0/20/2/0,,,no,match
Melkeydev__go-blueprint,cdxgen,20,20,20,20,33,33,yes,34,33,20/0/13/20/0/0/20/0/0,20/0/13/20/0/0/20/0/0,,,no,match
Melkeydev__go-blueprint,cyclonedx-gomod,20,20,20,20,33,33,yes,34,33,22/0/11/20/2/0/20/2/0,22/0/11/20/2/0/20/2/0,,,no,match
MonaxGT__gomalshare,syft,1,1,1,1,1,1,yes,2,1,1/0/0/1/0/0/1/0/0,1/0/0/1/0/0/1/0/0,,,no,match
MonaxGT__gomalshare,trivy,1,1,1,1,1,1,yes,2,1,1/0/0/1/0/0/1/0/0,1/0/0/1/0/0/1/0/0,,,no,match
MonaxGT__gomalshare,cdxgen,1,1,1,1,1,1,yes,2,1,1/0/0/1/0/0/1/0/0,1/0/0/1/0/0/1/0/0,,,no,match
MonaxGT__gomalshare,cyclonedx-gomod,1,1,1,1,1,1,yes,2,1,1/0/0/1/0/0/1/0/0,1/0/0/1/0/0/1/0/0,,,no,match
MonaxGT__parsefields,syft,7,7,7,7,17,17,yes,18,17,9/0/8/7/2/0/7/2/0,9/0/8/7/2/0/7/2/0,,,no,match
MonaxGT__parsefields,trivy,7,7,7,7,17,17,yes,18,17,9/0/8/7/2/0/7/2/0,9/0/8/7/2/0/7/2/0,,,no,match
MonaxGT__parsefields,cdxgen,7,7,7,7,17,17,yes,18,17,7/0/10/7/0/0/7/0/0,7/0/10/7/0/0/7/0/0,,,no,match
MonaxGT__parsefields,cyclonedx-gomod,7,7,7,7,17,17,yes,18,17,7/0/10/7/0/0/7/0/0,7/0/10/7/0/0/7/0/0,,,no,match
MordaTeam__go-config,syft,20,20,61,61,231,231,yes,232,231,101/0/130/20/81/0/61/40/0,101/0/130/20/81/0/61/40/0,,,no,match
MordaTeam__go-config,trivy,20,20,61,61,231,231,yes,232,231,69/0/162/20/49/0/61/8/0,69/0/162/20/49/0/61/8/0,,,no,match
MordaTeam__go-config,cdxgen,20,20,61,61,231,231,yes,232,231,20/0/211/20/0/0/20/0/41,20/0/211/20/0/0/20/0/41,,,no,match
MordaTeam__go-config,cyclonedx-gomod,20,20,61,61,231,231,yes,232,231,21/0/210/20/1/0/20/1/41,21/0/210/20/1/0/20/1/41,,,no,match
Mutasem-mk4__gspy,syft,17,17,17,17,55,55,yes,56,55,32/0/23/17/15/0/17/15/0,32/0/23/17/15/0/17/15/0,,,no,match
Mutasem-mk4__gspy,trivy,17,17,17,17,55,55,yes,56,55,21/0/34/17/4/0/17/4/0,21/0/34/17/4/0/17/4/0,,,no,match
Mutasem-mk4__gspy,cdxgen,17,17,17,17,55,55,yes,56,55,17/0/38/17/0/0/17/0/0,17/0/38/17/0/0/17/0/0,,,no,match
Mutasem-mk4__gspy,cyclonedx-gomod,17,17,17,17,55,55,yes,56,55,20/0/35/17/3/0/17/3/0,20/0/35/17/3/0/17/3/0,,,no,match
Mutasem-mk4__procscope,syft,50,50,50,50,101,101,yes,102,101,69/0/32/50/19/0/50/19/0,69/0/32/50/19/0/50/19/0,,,no,match
Mutasem-mk4__procscope,trivy,50,50,50,50,101,101,yes,102,101,51/0/50/50/1/0/50/1/0,51/0/50/50/1/0/50/1/0,,,no,match
Mutasem-mk4__procscope,cdxgen,50,50,50,50,101,101,yes,102,101,51/0/50/50/1/0/50/1/0,51/0/50/50/1/0/50/1/0,,,no,match
Mutasem-mk4__procscope,cyclonedx-gomod,50,50,50,50,101,101,yes,102,101,51/0/50/50/1/0/50/1/0,51/0/50/50/1/0/50/1/0,,,no,match
NdoleStudio__go-otelroundtripper,syft,7,7,16,16,23,23,yes,24,23,21/0/2/7/14/0/16/5/0,21/0/2/7/14/0/16/5/0,,,no,match
NdoleStudio__go-otelroundtripper,trivy,7,7,16,16,23,23,yes,24,23,16/0/7/7/9/0/16/0/0,16/0/7/7/9/0/16/0/0,,,no,match
NdoleStudio__go-otelroundtripper,cdxgen,7,7,16,16,23,23,yes,24,23,7/0/16/7/0/0/7/0/9,7/0/16/7/0/0/7/0/9,,,no,match
NdoleStudio__go-otelroundtripper,cyclonedx-gomod,7,7,16,16,23,23,yes,24,23,7/0/16/7/0/0/7/0/9,7/0/16/7/0/0/7/0/9,,,no,match
Netflix__chaosmonkey,syft,24,24,24,24,37,37,yes,38,37,33/0/4/24/9/0/24/9/0,33/0/4/24/9/0/24/9/0,,,no,match
Netflix__chaosmonkey,trivy,24,24,24,24,37,37,yes,38,37,29/0/8/24/5/0/24/5/0,29/0/8/24/5/0/24/5/0,,,no,match
Netflix__chaosmonkey,cdxgen,24,24,24,24,37,37,yes,38,37,24/0/13/24/0/0/24/0/0,24/0/13/24/0/0/24/0/0,,,no,match
Netflix__chaosmonkey,cyclonedx-gomod,24,24,24,24,37,37,yes,38,37,24/0/13/24/0/0/24/0/0,24/0/13/24/0/0/24/0/0,,,no,match
NicoNex__echotron,syft,1,1,1,1,17,17,yes,18,17,17/0/0/1/16/0/1/16/0,17/0/0/1/16/0/1/16/0,,,no,match
NicoNex__echotron,trivy,1,1,1,1,17,17,yes,18,17,13/0/4/1/12/0/1/12/0,13/0/4/1/12/0/1/12/0,,,no,match
NicoNex__echotron,cdxgen,1,1,1,1,17,17,yes,18,17,3/0/14/1/2/0/1/2/0,3/0/14/1/2/0/1/2/0,,,no,match
NicoNex__echotron,cyclonedx-gomod,1,1,1,1,17,17,yes,18,17,13/0/4/1/12/0/1/12/0,13/0/4/1/12/0/1/12/0,,,no,match
NodePassProject__nodepass,syft,10,10,10,10,25,25,yes,26,25,16/0/9/10/6/0/10/6/0,16/0/9/10/6/0/10/6/0,,,no,match
NodePassProject__nodepass,trivy,10,10,10,10,25,25,yes,26,25,10/0/15/10/0/0/10/0/0,10/0/15/10/0/0/10/0/0,,,no,match
NodePassProject__nodepass,cdxgen,10,10,10,10,25,25,yes,26,25,10/0/15/10/0/0/10/0/0,10/0/15/10/0/0/10/0/0,,,no,match
NodePassProject__nodepass,cyclonedx-gomod,10,10,10,10,25,25,yes,26,25,10/0/15/10/0/0/10/0/0,10/0/15/10/0/0/10/0/0,,,no,match
Noooste__azuretls-client,syft,21,21,24,24,132,132,yes,133,132,41/0/91/21/20/0/24/17/0,41/0/91/21/20/0/24/17/0,,,no,match
Noooste__azuretls-client,trivy,21,21,24,24,132,132,yes,133,132,26/0/106/21/5/0/24/2/0,26/0/106/21/5/0/24/2/0,,,no,match
Noooste__azuretls-client,cdxgen,21,21,24,24,132,132,yes,133,132,21/0/111/21/0/0/21/0/3,21/0/111/21/0/0/21/0/3,,,no,match
Noooste__azuretls-client,cyclonedx-gomod,21,21,24,24,132,132,yes,133,132,21/0/111/21/0/0/21/0/3,21/0/111/21/0/0/21/0/3,,,no,match
OTA-Insight__bqwriter,syft,35,35,35,35,202,202,yes,203,202,54/0/148/35/19/0/35/19/0,54/0/148/35/19/0/35/19/0,,,no,match
OTA-Insight__bqwriter,trivy,35,35,35,35,202,202,yes,203,202,43/0/159/35/8/0/35/8/0,43/0/159/35/8/0/35/8/0,,,no,match
OTA-Insight__bqwriter,cdxgen,35,35,35,35,202,202,yes,203,202,35/0/167/35/0/0/35/0/0,35/0/167/35/0/0/35/0/0,,,no,match
OTA-Insight__bqwriter,cyclonedx-gomod,35,35,35,35,202,202,yes,203,202,42/0/160/35/7/0/35/7/0,42/0/160/35/7/0/35/7/0,,,no,match
OldPanda__bloomfilter,syft,2,2,2,2,20,20,yes,21,20,6/0/14/2/4/0/2/4/0,6/0/14/2/4/0/2/4/0,,,no,match
OldPanda__bloomfilter,trivy,2,2,2,2,20,20,yes,21,20,20/0/0/2/18/0/2/18/0,20/0/0/2/18/0/2/18/0,,,no,match
OldPanda__bloomfilter,cdxgen,2,2,2,2,20,20,yes,21,20,2/0/18/2/0/0/2/0/0,2/0/18/2/0/0/2/0/0,,,no,match
OldPanda__bloomfilter,cyclonedx-gomod,2,2,2,2,20,20,yes,21,20,2/0/18/2/0/0/2/0/0,2/0/18/2/0/0/2/0/0,,,no,match
Oudwins__zog,syft,5,5,6,6,12,12,yes,13,12,8/0/4/5/3/0/6/2/0,8/0/4/5/3/0/6/2/0,,,no,match
Oudwins__zog,trivy,5,5,6,6,12,12,yes,13,12,6/0/6/5/1/0/6/0/0,6/0/6/5/1/0/6/0/0,,,no,match
Oudwins__zog,cdxgen,5,5,6,6,12,12,yes,13,12,5/0/7/5/0/0/5/0/1,5/0/7/5/0/0/5/0/1,,,no,match
Oudwins__zog,cyclonedx-gomod,5,5,6,6,12,12,yes,13,12,5/0/7/5/0/0/5/0/1,5/0/7/5/0/0/5/0/1,,,no,match
PIMPfiction__govader_backend,syft,12,12,16,16,31,31,yes,32,31,18/0/13/12/6/0/16/2/0,18/0/13/12/6/0/16/2/0,,,no,match
PIMPfiction__govader_backend,trivy,12,12,16,16,31,31,yes,32,31,16/0/15/12/4/0/16/0/0,16/0/15/12/4/0/16/0/0,,,no,match
PIMPfiction__govader_backend,cdxgen,12,12,16,16,31,31,yes,32,31,12/0/19/12/0/0/12/0/4,12/0/19/12/0/0/12/0/4,,,no,match
PIMPfiction__govader_backend,cyclonedx-gomod,12,12,16,16,31,31,yes,32,31,12/0/19/12/0/0/12/0/4,12/0/19/12/0/0/12/0/4,,,no,match
PaddleHQ__go-aws-ssm,syft,3,3,3,3,11,11,yes,12,11,7/0/4/3/4/0/3/4/0,7/0/4/3/4/0/3/4/0,,,no,match
PaddleHQ__go-aws-ssm,trivy,3,3,3,3,11,11,yes,12,11,4/0/7/3/1/0/3/1/0,4/0/7/3/1/0/3/1/0,,,no,match
PaddleHQ__go-aws-ssm,cdxgen,3,3,3,3,11,11,yes,12,11,3/0/8/3/0/0/3/0/0,3/0/8/3/0/0/3/0/0,,,no,match
PaddleHQ__go-aws-ssm,cyclonedx-gomod,3,3,3,3,11,11,yes,12,11,3/0/8/3/0/0/3/0/0,3/0/8/3/0/0/3/0/0,,,no,match
PaesslerAG__gval,syft,1,1,2,2,2,2,yes,3,2,2/0/0/1/1/0/2/0/0,2/0/0/1/1/0/2/0/0,,,no,match
PaesslerAG__gval,trivy,1,1,2,2,2,2,yes,3,2,2/0/0/1/1/0/2/0/0,2/0/0/1/1/0/2/0/0,,,no,match
PaesslerAG__gval,cdxgen,1,1,2,2,2,2,yes,3,2,1/0/1/1/0/0/1/0/1,1/0/1/1/0/0/1/0/1,,,no,match
PaesslerAG__gval,cyclonedx-gomod,1,1,2,2,2,2,yes,3,2,1/0/1/1/0/0/1/0/1,1/0/1/1/0/0/1/0/1,,,no,match
PerimeterX__envite,syft,34,34,37,37,74,74,yes,75,74,56/0/18/34/22/0/37/19/0,56/0/18/34/22/0/37/19/0,,,no,match
PerimeterX__envite,trivy,34,34,37,37,74,74,yes,75,74,39/0/35/34/5/0/37/2/0,39/0/35/34/5/0/37/2/0,,,no,match
PerimeterX__envite,cdxgen,34,34,37,37,74,74,yes,75,74,34/0/40/34/0/0/34/0/3,34/0/40/34/0/0/34/0/3,,,no,match
PerimeterX__envite,cyclonedx-gomod,34,34,37,37,74,74,yes,75,74,36/0/38/34/2/0/34/2/3,36/0/38/34/2/0/34/2/3,,,no,match
PerimeterX__marshmallow,syft,2,2,4,4,5,5,yes,6,5,4/0/1/2/2/0/4/0/0,4/0/1/2/2/0/4/0/0,,,no,match
PerimeterX__marshmallow,trivy,2,2,4,4,5,5,yes,6,5,4/0/1/2/2/0/4/0/0,4/0/1/2/2/0/4/0/0,,,no,match
PerimeterX__marshmallow,cdxgen,2,2,4,4,5,5,yes,6,5,2/0/3/2/0/0/2/0/2,2/0/3/2/0/0/2/0/2,,,no,match
PerimeterX__marshmallow,cyclonedx-gomod,2,2,4,4,5,5,yes,6,5,2/0/3/2/0/0/2/0/2,2/0/3/2/0/0/2/0/2,,,no,match
Pixboost__transformimgs,syft,3,3,3,3,3,3,yes,4,3,3/2/0/3/2/0/3/2/0,3/2/0/3/2/0/3/2/0,,,no,match
Pixboost__transformimgs,trivy,3,3,3,3,3,3,yes,4,3,3/2/0/3/2/0/3/2/0,3/2/0/3/2/0/3/2/0,,,no,match
Pixboost__transformimgs,cdxgen,3,3,3,3,3,3,yes,4,3,3/1/0/3/1/0/3/1/0,3/1/0/3/1/0/3/1/0,,,no,match
Pixboost__transformimgs,cyclonedx-gomod,3,3,3,3,3,3,yes,4,3,3/0/0/3/0/0/3/0/0,3/0/0/3/0/0/3/0/0,,,no,match
PuerkitoBio__goquery,syft,2,2,2,2,6,6,yes,7,6,2/0/4/2/0/0/2/0/0,2/0/4/2/0/0/2/0/0,,,no,match
PuerkitoBio__goquery,trivy,2,2,2,2,6,6,yes,7,6,2/0/4/2/0/0/2/0/0,2/0/4/2/0/0/2/0/0,,,no,match
PuerkitoBio__goquery,cdxgen,2,2,2,2,6,6,yes,7,6,2/0/4/2/0/0/2/0/0,2/0/4/2/0/0/2/0/0,,,no,match
PuerkitoBio__goquery,cyclonedx-gomod,2,2,2,2,6,6,yes,7,6,2/0/4/2/0/0/2/0/0,2/0/4/2/0/0/2/0/0,,,no,match
Qntfy__kazaam,syft,2,2,2,2,2,2,yes,3,2,2/0/0/2/0/0/2/0/0,2/0/0/2/0/0/2/0/0,,,no,match
Qntfy__kazaam,trivy,2,2,2,2,2,2,yes,3,2,2/0/0/2/0/0/2/0/0,2/0/0/2/0/0/2/0/0,,,no,match
Qntfy__kazaam,cdxgen,2,2,2,2,2,2,yes,3,2,2/0/0/2/0/0/2/0/0,2/0/0/2/0/0/2/0/0,,,no,match
Qntfy__kazaam,cyclonedx-gomod,2,2,2,2,2,2,yes,3,2,2/0/0/2/0/0/2/0/0,2/0/0/2/0/0/2/0/0,,,no,match
Raezil__GoEventBus,syft,6,6,6,6,12,12,yes,13,12,7/0/5/6/1/0/6/1/0,7/0/5/6/1/0/6/1/0,,,no,match
Raezil__GoEventBus,trivy,6,6,6,6,12,12,yes,13,12,6/1/6/6/1/0/6/1/0,6/1/6/6/1/0/6/1/0,,,no,match
Raezil__GoEventBus,cdxgen,6,6,6,6,12,12,yes,13,12,6/0/6/6/0/0/6/0/0,6/0/6/6/0/0/6/0/0,,,no,match
Raezil__GoEventBus,cyclonedx-gomod,6,6,6,6,12,12,yes,13,12,6/0/6/6/0/0/6/0/0,6/0/6/6/0/0/6/0/0,,,no,match
RibbonFilter__ribbonGo,syft,2,2,2,2,4,4,yes,5,4,4/0/0/2/2/0/2/2/0,4/0/0/2/2/0/2/2/0,,,no,match
RibbonFilter__ribbonGo,trivy,2,2,2,2,4,4,yes,5,4,3/0/1/2/1/0/2/1/0,3/0/1/2/1/0/2/1/0,,,no,match
RibbonFilter__ribbonGo,cdxgen,2,2,2,2,4,4,yes,5,4,2/0/2/2/0/0/2/0/0,2/0/2/2/0/0/2/0/0,,,no,match
RibbonFilter__ribbonGo,cyclonedx-gomod,2,2,2,2,4,4,yes,5,4,3/0/1/2/1/0/2/1/0,3/0/1/2/1/0/2/1/0,,,no,match
RichardKnop__go-fixtures,syft,1,1,6,6,10,10,yes,11,10,10/0/0/1/9/0/6/4/0,9/0/1/1/8/0/6/3/0,,10/0/0/1/9/0/6/4/0,no,cache_sensitive
RichardKnop__go-fixtures,trivy,1,1,6,6,10,10,yes,11,10,10/0/0/1/9/0/6/4/0,10/0/0/1/9/0/6/4/0,,10/0/0/1/9/0/6/4/0,no,match
RichardKnop__go-fixtures,cdxgen,1,1,6,6,10,10,yes,11,10,1/0/9/1/0/0/1/0/5,1/0/9/1/0/0/1/0/5,,1/0/9/1/0/0/1/0/5,no,match
RichardKnop__go-fixtures,cyclonedx-gomod,1,1,6,6,10,10,yes,11,10,1/0/9/1/0/0/1/0/5,1/0/9/1/0/0/1/0/5,,1/0/9/1/0/0/1/0/5,no,match
RichardKnop__jsonhal,syft,1,1,4,4,4,4,yes,5,4,4/0/0/1/3/0/4/0/0,4/0/0/1/3/0/4/0/0,,,no,match
RichardKnop__jsonhal,trivy,1,1,4,4,4,4,yes,5,4,4/0/0/1/3/0/4/0/0,4/0/0/1/3/0/4/0/0,,,no,match
RichardKnop__jsonhal,cdxgen,1,1,4,4,4,4,yes,5,4,1/0/3/1/0/0/1/0/3,1/0/3/1/0/0/1/0/3,,,no,match
RichardKnop__jsonhal,cyclonedx-gomod,1,1,4,4,4,4,yes,5,4,1/0/3/1/0/0/1/0/3,1/0/3/1/0/0/1/0/3,,,no,match
RichardKnop__machinery,syft,46,46,50,50,118,118,yes,119,118,67/20/51/46/41/0/50/37/0,67/20/51/46/41/0/50/37/0,,,no,match
RichardKnop__machinery,trivy,46,46,50,50,118,118,yes,119,118,57/19/61/46/30/0/50/26/0,57/19/61/46/30/0/50/26/0,,,no,match
RichardKnop__machinery,cdxgen,46,46,50,50,118,118,yes,119,118,47/18/71/46/19/0/46/19/4,47/18/71/46/19/0/46/19/4,,,no,match
RichardKnop__machinery,cyclonedx-gomod,46,46,50,50,118,118,yes,119,118,51/0/67/46/5/0/46/5/4,51/0/67/46/5/0/46/5/4,,,no,match
RichardKnop__minisql,syft,7,7,13,13,42,42,yes,43,42,23/0/19/7/16/0/13/10/0,23/0/19/7/16/0/13/10/0,,,no,match
RichardKnop__minisql,trivy,7,7,13,13,42,42,yes,43,42,21/0/21/7/14/0/13/8/0,21/0/21/7/14/0/13/8/0,,,no,match
RichardKnop__minisql,cdxgen,7,7,13,13,42,42,yes,43,42,7/0/35/7/0/0/7/0/6,7/0/35/7/0/0/7/0/6,,,no,match
RichardKnop__minisql,cyclonedx-gomod,7,7,13,13,42,42,yes,43,42,7/0/35/7/0/0/7/0/6,7/0/35/7/0/0/7/0/6,,,no,match
RoaringBitmap__roaring,syft,2,2,7,7,19,19,yes,20,19,14/0/5/2/12/0/7/7/0,14/0/5/2/12/0/7/7/0,,,no,match
RoaringBitmap__roaring,trivy,2,2,7,7,19,19,yes,20,19,12/0/7/2/10/0/7/5/0,12/0/7/2/10/0/7/5/0,,,no,match
RoaringBitmap__roaring,cdxgen,2,2,7,7,19,19,yes,20,19,2/0/17/2/0/0/2/0/5,2/0/17/2/0/0/2/0/5,,,no,match
RoaringBitmap__roaring,cyclonedx-gomod,2,2,7,7,19,19,yes,20,19,7/0/12/2/5/0/2/5/5,7/0/12/2/5/0/2/5/5,,,no,match
SaiNageswarS__go-api-boot,syft,92,92,92,92,308,308,yes,309,308,111/0/197/92/19/0/92/19/0,111/0/197/92/19/0/92/19/0,,,no,match
SaiNageswarS__go-api-boot,trivy,92,92,92,92,308,308,yes,309,308,93/0/215/92/1/0/92/1/0,93/0/215/92/1/0/92/1/0,,,no,match
SaiNageswarS__go-api-boot,cdxgen,92,92,92,92,308,308,yes,309,308,92/0/216/92/0/0/92/0/0,92/0/216/92/0/0/92/0/0,,,no,match
SaiNageswarS__go-api-boot,cyclonedx-gomod,92,92,92,92,308,308,yes,309,308,88/0/220/87/1/5/87/1/5,88/0/220/87/1/5/87/1/5,,,no,match
SeldonIO__goven,syft,4,4,21,21,81,81,yes,82,81,39/0/42/4/35/0/21/18/0,39/0/42/4/35/0/21/18/0,,,no,match
SeldonIO__goven,trivy,4,4,21,21,81,81,yes,82,81,21/0/60/4/17/0/21/0/0,21/0/60/4/17/0/21/0/0,,,no,match
SeldonIO__goven,cdxgen,4,4,21,21,81,81,yes,82,81,4/0/77/4/0/0/4/0/17,4/0/77/4/0/0/4/0/17,,,no,match
SeldonIO__goven,cyclonedx-gomod,4,4,21,21,81,81,yes,82,81,4/0/77/4/0/0/4/0/17,4/0/77/4/0/0/4/0/17,,,no,match
Sherifabdlnaby__gpool,syft,1,1,1,1,2,2,yes,3,2,2/0/0/1/1/0/1/1/0,2/0/0/1/1/0/1/1/0,,,no,match
Sherifabdlnaby__gpool,trivy,1,1,1,1,2,2,yes,3,2,2/0/0/1/1/0/1/1/0,2/0/0/1/1/0/1/1/0,,,no,match
Sherifabdlnaby__gpool,cdxgen,1,1,1,1,2,2,yes,3,2,2/0/0/1/1/0/1/1/0,2/0/0/1/1/0/1/1/0,,,no,match
Sherifabdlnaby__gpool,cyclonedx-gomod,1,1,1,1,2,2,yes,3,2,1/0/1/1/0/0/1/0/0,1/0/1/1/0/0/1/0/0,,,no,match
Shopify__sarama,syft,14,14,18,18,37,37,yes,38,37,25/23/12/14/34/0/18/30/0,25/23/12/14/34/0/18/30/0,,,no,match
Shopify__sarama,trivy,14,14,18,18,37,37,yes,38,37,22/22/15/14/30/0/18/26/0,22/22/15/14/30/0/18/26/0,,,no,match
Shopify__sarama,cdxgen,14,14,18,18,37,37,yes,38,37,15/13/22/14/14/0/14/14/4,15/13/22/14/14/0/14/14/4,,,no,match
Shopify__sarama,cyclonedx-gomod,14,14,18,18,37,37,yes,38,37,14/0/23/14/0/0/14/0/4,14/0/23/14/0/0/14/0/4,,,no,match
SimonBaeumer__commander,syft,28,28,30,30,58,58,yes,59,58,42/0/16/28/14/0/30/12/0,42/0/16/28/14/0/30/12/0,,,no,match
SimonBaeumer__commander,trivy,28,28,30,30,58,58,yes,59,58,39/0/19/28/11/0/30/9/0,39/0/19/28/11/0/30/9/0,,,no,match
SimonBaeumer__commander,cdxgen,28,28,30,30,58,58,yes,59,58,39/0/19/28/11/0/30/9/0,39/0/19/28/11/0/30/9/0,,,no,match
SimonBaeumer__commander,cyclonedx-gomod,28,28,30,30,58,58,yes,59,58,29/0/29/25/4/3/25/4/5,29/0/29/25/4/3/25/4/5,,,no,match
SimonWaldherr__golang-examples,syft,39,39,42,42,145,145,yes,146,145,61/35/84/39/57/0/42/54/0,61/35/84/39/57/0/42/54/0,,,no,match
SimonWaldherr__golang-examples,trivy,39,39,42,42,145,145,yes,146,145,52/32/93/39/45/0/42/42/0,52/32/93/39/45/0/42/42/0,,,no,match
SimonWaldherr__golang-examples,cdxgen,39,39,42,42,145,145,yes,146,145,41/18/104/39/20/0/39/20/3,41/18/104/39/20/0/39/20/3,,,no,match
SimonWaldherr__golang-examples,cyclonedx-gomod,39,39,42,42,145,145,yes,146,145,41/0/104/39/2/0/39/2/3,41/0/104/39/2/0/39/2/3,,,no,match
Sioro-Neoku__go-peerflix,syft,34,34,34,34,121,121,yes,122,121,46/0/75/34/12/0/34/12/0,46/0/75/34/12/0/34/12/0,,,no,match
Sioro-Neoku__go-peerflix,trivy,34,34,34,34,121,121,yes,122,121,121/0/0/34/87/0/34/87/0,121/0/0/34/87/0/34/87/0,,,no,match
Sioro-Neoku__go-peerflix,cdxgen,34,34,34,34,121,121,yes,122,121,34/0/87/34/0/0/34/0/0,34/0/87/34/0/0/34/0/0,,,no,match
Sioro-Neoku__go-peerflix,cyclonedx-gomod,34,34,34,34,121,121,yes,122,121,36/0/85/34/2/0/34/2/0,36/0/85/34/2/0/34/2/0,,,no,match
Sirupsen__logrus,syft,5,5,5,5,7,7,yes,8,7,6/0/1/5/1/0/5/1/0,6/0/1/5/1/0/5/1/0,,,no,match
Sirupsen__logrus,trivy,5,5,5,5,7,7,yes,8,7,5/0/2/5/0/0/5/0/0,5/0/2/5/0/0/5/0/0,,,no,match
Sirupsen__logrus,cdxgen,5,5,5,5,7,7,yes,8,7,5/0/2/5/0/0/5/0/0,5/0/2/5/0/0/5/0/0,,,no,match
Sirupsen__logrus,cyclonedx-gomod,5,5,5,5,7,7,yes,8,7,2/0/5/2/0/3/2/0/3,2/0/5/2/0/3/2/0/3,,,no,match
SonicRoshan__straf,syft,1,1,5,5,7,7,yes,8,7,6/0/1/1/5/0/5/1/0,6/0/1/1/5/0/5/1/0,,,no,match
SonicRoshan__straf,trivy,1,1,5,5,7,7,yes,8,7,7/0/0/1/6/0/5/2/0,7/0/0/1/6/0/5/2/0,,,no,match
SonicRoshan__straf,cdxgen,1,1,5,5,7,7,yes,8,7,1/0/6/1/0/0/1/0/4,1/0/6/1/0/0/1/0/4,,,no,match
SonicRoshan__straf,cyclonedx-gomod,1,1,5,5,7,7,yes,8,7,1/0/6/1/0/0/1/0/4,1/0/6/1/0/0/1/0/4,,,no,match
Southclaws__fault,syft,9,9,16,16,53,53,yes,54,53,18/4/35/9/13/0/16/6/0,18/4/35/9/13/0/16/6/0,,,no,match
Southclaws__fault,trivy,9,9,16,16,53,53,yes,54,53,16/4/37/9/11/0/16/4/0,16/4/37/9/11/0/16/4/0,,,no,match
Southclaws__fault,cdxgen,9,9,16,16,53,53,yes,54,53,9/3/44/9/3/0/9/3/7,9/3/44/9/3/0/9/3/7,,,no,match
Southclaws__fault,cyclonedx-gomod,9,9,16,16,53,53,yes,54,53,9/0/44/9/0/0/9/0/7,9/0/44/9/0/0/9/0/7,,,no,match
SpatiumPortae__portal,syft,51,51,82,82,293,293,yes,294,293,106/0/187/51/55/0/82/24/0,106/0/187/51/55/0/82/24/0,,,no,match
SpatiumPortae__portal,trivy,51,51,82,82,293,293,yes,294,293,95/0/198/51/44/0/82/13/0,95/0/198/51/44/0/82/13/0,,,no,match
SpatiumPortae__portal,cdxgen,51,51,82,82,293,293,yes,294,293,51/0/242/51/0/0/51/0/31,51/0/242/51/0/0/51/0/31,,,no,match
SpatiumPortae__portal,cyclonedx-gomod,51,51,82,82,293,293,yes,294,293,54/0/239/51/3/0/51/3/31,54/0/239/51/3/0/51/3/31,,,no,match
SpectoLabs__hoverfly,syft,79,79,81,81,170,170,yes,171,170,95/0/75/79/16/0/81/14/0,95/0/75/79/16/0/81/14/0,,,no,match
SpectoLabs__hoverfly,trivy,79,79,81,81,170,170,yes,171,170,82/0/88/79/3/0/81/1/0,82/0/88/79/3/0/81/1/0,,,no,match
SpectoLabs__hoverfly,cdxgen,79,79,81,81,170,170,yes,171,170,82/0/88/79/3/0/81/1/0,82/0/88/79/3/0/81/1/0,,,no,match
SpectoLabs__hoverfly,cyclonedx-gomod,79,79,81,81,170,170,yes,171,170,80/0/90/79/1/0/79/1/2,80/0/90/79/1/0/79/1/2,,,no,match
TheCreeper__go-notify,syft,1,1,1,1,1,1,yes,2,1,1/0/0/1/0/0/1/0/0,1/0/0/1/0/0/1/0/0,,,no,match
TheCreeper__go-notify,trivy,1,1,1,1,1,1,yes,2,1,1/0/0/1/0/0/1/0/0,1/0/0/1/0/0/1/0/0,,,no,match
TheCreeper__go-notify,cdxgen,1,1,1,1,1,1,yes,2,1,1/0/0/1/0/0/1/0/0,1/0/0/1/0/0/1/0/0,,,no,match
TheCreeper__go-notify,cyclonedx-gomod,1,1,1,1,1,1,yes,2,1,1/0/0/1/0/0/1/0/0,1/0/0/1/0/0/1/0/0,,,no,match
ThomasObenaus__go-conf,syft,19,19,22,22,161,161,yes,162,161,29/0/132/19/10/0/22/7/0,29/0/132/19/10/0/22/7/0,,,no,match
ThomasObenaus__go-conf,trivy,19,19,22,22,161,161,yes,162,161,22/0/139/19/3/0/22/0/0,22/0/139/19/3/0/22/0/0,,,no,match
ThomasObenaus__go-conf,cdxgen,19,19,22,22,161,161,yes,162,161,19/0/142/19/0/0/19/0/3,19/0/142/19/0/0/19/0/3,,,no,match
ThomasObenaus__go-conf,cyclonedx-gomod,19,19,22,22,161,161,yes,162,161,19/0/142/19/0/0/19/0/3,19/0/142/19/0/0/19/0/3,,,no,match
ThreeDotsLabs__watermill,syft,22,22,23,23,54,54,yes,55,54,38/207/16/22/223/0/23/222/0,38/207/16/22/223/0/23/222/0,,,no,match
ThreeDotsLabs__watermill,trivy,22,22,23,23,54,54,yes,55,54,32/159/22/22/169/0/23/168/0,32/159/22/22/169/0/23/168/0,,,no,match
ThreeDotsLabs__watermill,cdxgen,22,22,23,23,54,54,yes,55,54,28/136/26/22/142/0/22/142/1,28/136/26/22/142/0/22/142/1,,,no,match
ThreeDotsLabs__watermill,cyclonedx-gomod,22,22,23,23,54,54,yes,55,54,22/0/32/22/0/0/22/0/1,22/0/32/22/0/0/22/0/1,,,no,match
TimothyYe__skm,syft,7,7,7,7,9,9,yes,10,9,9/0/0/7/2/0/7/2/0,9/0/0/7/2/0/7/2/0,,,no,match
TimothyYe__skm,trivy,7,7,7,7,9,9,yes,10,9,7/0/2/7/0/0/7/0/0,7/0/2/7/0/0/7/0/0,,,no,match
TimothyYe__skm,cdxgen,7,7,7,7,9,9,yes,10,9,7/0/2/7/0/0/7/0/0,7/0/2/7/0/0/7/0/0,,,no,match
TimothyYe__skm,cyclonedx-gomod,7,7,7,7,9,9,yes,10,9,7/0/2/7/0/0/7/0/0,7/0/2/7/0/0/7/0/0,,,no,match
Tochemey__goakt,syft,129,129,162,162,309,309,yes,310,309,199/0/110/129/70/0/162/37/0,199/0/110/129/70/0/162/37/0,,,no,match
Tochemey__goakt,trivy,129,129,162,162,309,309,yes,310,309,173/0/136/129/44/0/162/11/0,173/0/136/129/44/0/162/11/0,,,no,match
Tochemey__goakt,cdxgen,129,129,162,162,309,309,yes,310,309,129/0/180/129/0/0/129/0/33,129/0/180/129/0/0/129/0/33,,,no,match
Tochemey__goakt,cyclonedx-gomod,129,129,162,162,309,309,yes,310,309,130/0/179/126/4/3/126/4/36,130/0/179/126/4/3/126/4/36,,,no,match
TrueFurby__go-callvis,syft,9,9,9,9,20,20,yes,21,20,13/0/7/9/4/0/9/4/0,13/0/7/9/4/0/9/4/0,,,no,match
TrueFurby__go-callvis,trivy,9,9,9,9,20,20,yes,21,20,10/0/10/9/1/0/9/1/0,10/0/10/9/1/0/9/1/0,,,no,match
TrueFurby__go-callvis,cdxgen,9,9,9,9,20,20,yes,21,20,9/0/11/9/0/0/9/0/0,9/0/11/9/0/0/9/0/0,,,no,match
TrueFurby__go-callvis,cyclonedx-gomod,9,9,9,9,20,20,yes,21,20,10/0/10/9/1/0/9/1/0,10/0/10/9/1/0/9/1/0,,,no,match
TwinProduction__gatus,syft,88,88,89,89,162,162,yes,163,162,126/0/36/88/38/0/89/37/0,126/0/36/88/38/0/89/37/0,,,no,match
TwinProduction__gatus,trivy,88,88,89,89,162,162,yes,163,162,94/0/68/88/6/0/89/5/0,94/0/68/88/6/0/89/5/0,,,no,match
TwinProduction__gatus,cdxgen,88,88,89,89,162,162,yes,163,162,88/0/74/88/0/0/88/0/1,88/0/74/88/0/0/88/0/1,,,no,match
TwinProduction__gatus,cyclonedx-gomod,88,88,89,89,162,162,yes,163,162,93/0/69/88/5/0/88/5/1,93/0/69/88/5/0/88/5/1,,,no,match
Ullaakut__cameradar,syft,76,76,80,80,175,175,yes,176,175,124/0/51/76/48/0/80/44/0,124/0/51/76/48/0/80/44/0,,,no,match
Ullaakut__cameradar,trivy,76,76,80,80,175,175,yes,176,175,82/0/93/76/6/0/80/2/0,82/0/93/76/6/0/80/2/0,,,no,match
Ullaakut__cameradar,cdxgen,76,76,80,80,175,175,yes,176,175,76/0/99/76/0/0/76/0/4,76/0/99/76/0/0/76/0/4,,,no,match
Ullaakut__cameradar,cyclonedx-gomod,76,76,80,80,175,175,yes,176,175,78/0/97/76/2/0/76/2/4,78/0/97/76/2/0/76/2/4,,,no,match
Unrud__remote-touchpad,syft,2,2,2,2,8,8,yes,9,8,5/0/3/2/3/0/2/3/0,5/0/3/2/3/0/2/3/0,,,no,match
Unrud__remote-touchpad,trivy,2,2,2,2,8,8,yes,9,8,5/0/3/2/3/0/2/3/0,5/0/3/2/3/0/2/3/0,,,no,match
Unrud__remote-touchpad,cdxgen,2,2,2,2,8,8,yes,9,8,2/0/6/2/0/0/2/0/0,2/0/6/2/0/0/2/0/0,,,no,match
Unrud__remote-touchpad,cyclonedx-gomod,2,2,2,2,8,8,yes,9,8,5/0/3/2/3/0/2/3/0,5/0/3/2/3/0/2/3/0,,,no,match
VerizonDigital__vflow,syft,38,38,38,38,156,156,yes,157,156,63/0/93/38/25/0/38/25/0,63/0/93/38/25/0/38/25/0,,,no,match
VerizonDigital__vflow,trivy,38,38,38,38,156,156,yes,157,156,42/0/114/38/4/0/38/4/0,42/0/114/38/4/0/38/4/0,,,no,match
VerizonDigital__vflow,cdxgen,38,38,38,38,156,156,yes,157,156,38/0/118/38/0/0/38/0/0,38/0/118/38/0/0/38/0/0,,,no,match
VerizonDigital__vflow,cyclonedx-gomod,38,38,38,38,156,156,yes,157,156,39/0/117/38/1/0/38/1/0,39/0/117/38/1/0/38/1/0,,,no,match
Vertamedia__chproxy,syft,20,20,28,28,60,60,yes,61,60,36/0/24/20/16/0/28/8/0,36/0/24/20/16/0/28/8/0,,,no,match
Vertamedia__chproxy,trivy,20,20,28,28,60,60,yes,61,60,29/0/31/20/9/0/28/1/0,29/0/31/20/9/0/28/1/0,,,no,match
Vertamedia__chproxy,cdxgen,20,20,28,28,60,60,yes,61,60,20/0/40/20/0/0/20/0/8,20/0/40/20/0/0/20/0/8,,,no,match
Vertamedia__chproxy,cyclonedx-gomod,20,20,28,28,60,60,yes,61,60,20/0/40/20/0/0/20/0/8,20/0/40/20/0/0/20/0/8,,,no,match
VictoriaMetrics__VictoriaMetrics,syft,170,170,170,170,565,565,yes,566,565,278/1/287/170/109/0/170/109/0,278/1/287/170/109/0/170/109/0,,,no,match
VictoriaMetrics__VictoriaMetrics,trivy,170,170,170,170,565,565,yes,566,565,171/1/394/170/2/0/170/2/0,171/1/394/170/2/0/170/2/0,,,no,match
VictoriaMetrics__VictoriaMetrics,cdxgen,170,170,170,170,565,565,yes,566,565,171/0/394/170/1/0/170/1/0,171/0/394/170/1/0/170/1/0,,,no,match
VictoriaMetrics__VictoriaMetrics,cyclonedx-gomod,170,170,170,170,565,565,yes,566,565,171/0/394/170/1/0/170/1/0,171/0/394/170/1/0/170/1/0,,,no,match
VictoriaMetrics__fastcache,syft,3,3,4,4,8,8,yes,9,8,7/0/1/3/4/0/4/3/0,7/0/1/3/4/0/4/3/0,,,no,match
VictoriaMetrics__fastcache,trivy,3,3,4,4,8,8,yes,9,8,6/0/2/3/3/0/4/2/0,6/0/2/3/3/0/4/2/0,,,no,match
VictoriaMetrics__fastcache,cdxgen,3,3,4,4,8,8,yes,9,8,6/0/2/3/3/0/4/2/0,6/0/2/3/3/0/4/2/0,,,no,match
VictoriaMetrics__fastcache,cyclonedx-gomod,3,3,4,4,8,8,yes,9,8,3/0/5/3/0/0/3/0/1,3/0/5/3/0/0/3/0/1,,,no,match
VinGarcia__ksql,syft,4,4,4,4,12,12,yes,13,12,9/104/3/4/109/0/4/109/0,9/104/3/4/109/0/4/109/0,,,no,match
VinGarcia__ksql,trivy,4,4,4,4,12,12,yes,13,12,12/151/0/4/159/0/4/159/0,12/151/0/4/159/0/4/159/0,,,no,match
VinGarcia__ksql,cdxgen,4,4,4,4,12,12,yes,13,12,4/62/8/4/62/0/4/62/0,4/62/8/4/62/0/4/62/0,,,no,match
VinGarcia__ksql,cyclonedx-gomod,4,4,4,4,12,12,yes,13,12,4/0/8/4/0/0/4/0/0,4/0/8/4/0/0/4/0/0,,,no,match
VividCortex__pm,syft,1,1,1,1,1,1,yes,2,1,1/0/0/1/0/0/1/0/0,1/0/0/1/0/0/1/0/0,,,no,match
VividCortex__pm,trivy,1,1,1,1,1,1,yes,2,1,1/0/0/1/0/0/1/0/0,1/0/0/1/0/0/1/0/0,,,no,match
VividCortex__pm,cdxgen,1,1,1,1,1,1,yes,2,1,1/0/0/1/0/0/1/0/0,1/0/0/1/0/0/1/0/0,,,no,match
VividCortex__pm,cyclonedx-gomod,1,1,1,1,1,1,yes,2,1,1/0/0/1/0/0/1/0/0,1/0/0/1/0/0/1/0/0,,,no,match
VividCortex__robustly,syft,1,1,1,1,1,1,yes,2,1,1/0/0/1/0/0/1/0/0,1/0/0/1/0/0/1/0/0,,,no,match
VividCortex__robustly,trivy,1,1,1,1,1,1,yes,2,1,1/0/0/1/0/0/1/0/0,1/0/0/1/0/0/1/0/0,,,no,match
VividCortex__robustly,cdxgen,1,1,1,1,1,1,yes,2,1,1/0/0/1/0/0/1/0/0,1/0/0/1/0/0/1/0/0,,,no,match
VividCortex__robustly,cyclonedx-gomod,1,1,1,1,1,1,yes,2,1,1/0/0/1/0/0/1/0/0,1/0/0/1/0/0/1/0/0,,,no,match
Voxray-AI__Voxray,syft,149,149,149,149,363,363,yes,364,363,192/1/171/149/44/0/149/44/0,192/1/171/149/44/0/149/44/0,,,no,match
Voxray-AI__Voxray,trivy,149,149,149,149,363,363,yes,364,363,152/0/211/149/3/0/149/3/0,152/0/211/149/3/0/149/3/0,,,no,match
Voxray-AI__Voxray,cdxgen,149,149,149,149,363,363,yes,364,363,149/0/214/149/0/0/149/0/0,149/0/214/149/0/0/149/0/0,,,no,match
Voxray-AI__Voxray,cyclonedx-gomod,149,149,149,149,363,363,yes,364,363,152/0/211/149/3/0/149/3/0,152/0/211/149/3/0/149/3/0,,,no,match
Workiva__go-datastructures,syft,7,7,7,7,18,18,yes,19,18,8/0/10/7/1/0/7/1/0,8/0/10/7/1/0/7/1/0,,,no,match
Workiva__go-datastructures,trivy,7,7,7,7,18,18,yes,19,18,18/0/0/7/11/0/7/11/0,18/0/0/7/11/0/7/11/0,,,no,match
Workiva__go-datastructures,cdxgen,7,7,7,7,18,18,yes,19,18,7/0/11/7/0/0/7/0/0,7/0/11/7/0/0/7/0/0,,,no,match
Workiva__go-datastructures,cyclonedx-gomod,7,7,7,7,18,18,yes,19,18,6/0/12/6/0/1/6/0/1,6/0/12/6/0/1/6/0/1,,,no,match
Yiling-J__cacheme-go,syft,13,13,17,17,164,164,yes,165,164,28/0/136/13/15/0/17/11/0,28/0/136/13/15/0/17/11/0,,,no,match
Yiling-J__cacheme-go,trivy,13,13,17,17,164,164,yes,165,164,164/0/0/13/151/0/17/147/0,164/0/0/13/151/0/17/147/0,,,no,match
Yiling-J__cacheme-go,cdxgen,13,13,17,17,164,164,yes,165,164,13/0/151/13/0/0/13/0/4,13/0/151/13/0/0/13/0/4,,,no,match
Yiling-J__cacheme-go,cyclonedx-gomod,13,13,17,17,164,164,yes,165,164,14/0/150/13/1/0/13/1/4,14/0/150/13/1/0/13/1/4,,,no,match
Yiling-J__piper,syft,15,15,19,19,160,160,yes,161,160,23/0/137/15/8/0/19/4/0,23/0/137/15/8/0/19/4/0,,,no,match
Yiling-J__piper,trivy,15,15,19,19,160,160,yes,161,160,160/0/0/15/145/0/19/141/0,160/0/0/15/145/0/19/141/0,,,no,match
Yiling-J__piper,cdxgen,15,15,19,19,160,160,yes,161,160,15/0/145/15/0/0/15/0/4,15/0/145/15/0/0/15/0/4,,,no,match
Yiling-J__piper,cyclonedx-gomod,15,15,19,19,160,160,yes,161,160,15/0/145/15/0/0/15/0/4,15/0/145/15/0/0/15/0/4,,,no,match
Yiling-J__theine-go,syft,3,3,8,8,14,14,yes,15,14,12/0/2/3/9/0/8/4/0,12/0/2/3/9/0/8/4/0,,,no,match
Yiling-J__theine-go,trivy,3,3,8,8,14,14,yes,15,14,10/0/4/3/7/0/8/2/0,10/0/4/3/7/0/8/2/0,,,no,match
Yiling-J__theine-go,cdxgen,3,3,8,8,14,14,yes,15,14,3/0/11/3/0/0/3/0/5,3/0/11/3/0/0/3/0/5,,,no,match
Yiling-J__theine-go,cyclonedx-gomod,3,3,8,8,14,14,yes,15,14,3/0/11/3/0/0/3/0/5,3/0/11/3/0/0/3/0/5,,,no,match
Zaba505__gws,syft,2,2,2,2,33,33,yes,34,33,24/0/9/2/22/0/2/22/0,24/0/9/2/22/0/2/22/0,,,no,match
Zaba505__gws,trivy,2,2,2,2,33,33,yes,34,33,33/0/0/2/31/0/2/31/0,33/0/0/2/31/0/2/31/0,,,no,match
Zaba505__gws,cdxgen,2,2,2,2,33,33,yes,34,33,2/0/31/2/0/0/2/0/0,2/0/31/2/0/0/2/0/0,,,no,match
Zaba505__gws,cyclonedx-gomod,2,2,2,2,33,33,yes,34,33,2/0/31/2/0/0/2/0/0,2/0/31/2/0/0/2/0/0,,,no,match
Zxilly__go-size-analyzer,syft,57,57,61,61,121,121,yes,122,121,69/0/52/57/12/0/61/8/0,69/0/52/57/12/0/61/8/0,,,no,match
Zxilly__go-size-analyzer,trivy,57,57,61,61,121,121,yes,122,121,64/0/57/57/7/0/61/3/0,64/0/57/57/7/0/61/3/0,,,no,match
Zxilly__go-size-analyzer,cdxgen,57,57,61,61,121,121,yes,122,121,64/0/57/57/7/0/61/3/0,64/0/57/57/7/0/61/3/0,,,no,match
Zxilly__go-size-analyzer,cyclonedx-gomod,57,57,61,61,121,121,yes,122,121,55/0/66/54/1/3/54/1/7,55/0/66/54/1/3/54/1/7,,,no,match
a-h__templ,syft,16,16,20,20,27,27,yes,28,27,24/129/3/16/137/0/20/133/0,24/129/3/16/137/0/20/133/0,,,no,match
a-h__templ,trivy,16,16,20,20,27,27,yes,28,27,23/110/4/16/117/0/20/113/0,23/110/4/16/117/0/20/113/0,,,no,match
a-h__templ,cdxgen,16,16,20,20,27,27,yes,28,27,NA,NA,,,no,match
a-h__templ,cyclonedx-gomod,16,16,20,20,27,27,yes,28,27,16/0/11/16/0/0/16/0/4,16/0/11/16/0/0/16/0/4,,,no,match
a8m__rql,syft,5,5,6,6,17,17,yes,18,17,12/0/5/5/7/0/6/6/0,12/0/5/5/7/0/6/6/0,,,no,match
a8m__rql,trivy,5,5,6,6,17,17,yes,18,17,17/0/0/5/12/0/6/11/0,17/0/0/5/12/0/6/11/0,,,no,match
a8m__rql,cdxgen,5,5,6,6,17,17,yes,18,17,5/0/12/5/0/0/5/0/1,5/0/12/5/0/0/5/0/1,,,no,match
a8m__rql,cyclonedx-gomod,5,5,6,6,17,17,yes,18,17,5/0/12/5/0/0/5/0/1,5/0/12/5/0/0/5/0/1,,,no,match
aafeher__go-sitemap-parser,syft,2,2,2,2,8,8,yes,9,8,2/0/6/2/0/0/2/0/0,2/0/6/2/0/0/2/0/0,,,no,match
aafeher__go-sitemap-parser,trivy,2,2,2,2,8,8,yes,9,8,2/0/6/2/0/0/2/0/0,2/0/6/2/0/0/2/0/0,,,no,match
aafeher__go-sitemap-parser,cdxgen,2,2,2,2,8,8,yes,9,8,2/0/6/2/0/0/2/0/0,2/0/6/2/0/0/2/0/0,,,no,match
aafeher__go-sitemap-parser,cyclonedx-gomod,2,2,2,2,8,8,yes,9,8,2/0/6/2/0/0/2/0/0,2/0/6/2/0/0/2/0/0,,,no,match
abahmed__kwatch,syft,57,57,59,59,90,90,yes,91,90,70/0/20/57/13/0/59/11/0,70/0/20/57/13/0/59/11/0,,,no,match
abahmed__kwatch,trivy,57,57,59,59,90,90,yes,91,90,61/0/29/57/4/0/59/2/0,61/0/29/57/4/0/59/2/0,,,no,match
abahmed__kwatch,cdxgen,57,57,59,59,90,90,yes,91,90,57/0/33/57/0/0/57/0/2,57/0/33/57/0/0/57/0/2,,,no,match
abahmed__kwatch,cyclonedx-gomod,57,57,59,59,90,90,yes,91,90,55/0/35/54/1/3/54/1/5,55/0/35/54/1/3/54/1/5,,,no,match
abemedia__go-don,syft,13,13,13,13,30,30,yes,31,30,22/31/8/13/40/0/13/40/0,22/31/8/13/40/0/13/40/0,,,no,match
abemedia__go-don,trivy,13,13,13,13,30,30,yes,31,30,17/26/13/13/30/0/13/30/0,17/26/13/13/30/0/13/30/0,,,no,match
abemedia__go-don,cdxgen,13,13,13,13,30,30,yes,31,30,13/0/17/13/0/0/13/0/0,13/0/17/13/0/0/13/0/0,,,no,match
abemedia__go-don,cyclonedx-gomod,13,13,13,13,30,30,yes,31,30,13/0/17/13/0/0/13/0/0,13/0/17/13/0/0/13/0/0,,,no,match
abhimanyu003__sttr,syft,42,42,42,42,64,64,yes,65,64,54/0/10/42/12/0/42/12/0,54/0/10/42/12/0/42/12/0,,,no,match
abhimanyu003__sttr,trivy,42,42,42,42,64,64,yes,65,64,46/0/18/42/4/0/42/4/0,46/0/18/42/4/0/42/4/0,,,no,match
abhimanyu003__sttr,cdxgen,42,42,42,42,64,64,yes,65,64,42/0/22/42/0/0/42/0/0,42/0/22/42/0/0/42/0/0,,,no,match
abhimanyu003__sttr,cyclonedx-gomod,42,42,42,42,64,64,yes,65,64,45/0/19/42/3/0/42/3/0,45/0/19/42/3/0/42/3/0,,,no,match
abice__go-enum,syft,23,23,29,29,49,49,yes,50,49,39/0/10/23/16/0/29/10/0,39/0/10/23/16/0/29/10/0,,,no,match
abice__go-enum,trivy,23,23,29,29,49,49,yes,50,49,35/0/14/23/12/0/29/6/0,34/0/15/23/11/0/29/5/0,,34/0/15/23/11/0/29/5/0,no,differ
abice__go-enum,cdxgen,23,23,29,29,49,49,yes,50,49,23/0/26/23/0/0/23/0/6,23/0/26/23/0/0/23/0/6,,23/0/26/23/0/0/23/0/6,no,match
abice__go-enum,cyclonedx-gomod,23,23,29,29,49,49,yes,50,49,27/0/22/23/4/0/24/3/5,27/0/22/23/4/0/24/3/5,,27/0/22/23/4/0/24/3/5,no,match
abiosoft__colima,syft,17,17,17,17,29,29,yes,30,29,25/0/4/17/8/0/17/8/0,25/0/4/17/8/0/17/8/0,,,no,match
abiosoft__colima,trivy,17,17,17,17,29,29,yes,30,29,19/0/10/17/2/0/17/2/0,19/0/10/17/2/0/17/2/0,,,no,match
abiosoft__colima,cdxgen,17,17,17,17,29,29,yes,30,29,17/0/12/17/0/0/17/0/0,17/0/12/17/0/0/17/0/0,,,no,match
abiosoft__colima,cyclonedx-gomod,17,17,17,17,29,29,yes,30,29,19/0/10/17/2/0/17/2/0,19/0/10/17/2/0/17/2/0,,,no,match
abraithwaite__jeff,syft,6,6,10,10,21,21,yes,22,21,11/0/10/6/5/0/10/1/0,11/0/10/6/5/0/10/1/0,,,no,match
abraithwaite__jeff,trivy,6,6,10,10,21,21,yes,22,21,21/0/0/6/15/0/10/11/0,21/0/0/6/15/0/10/11/0,,,no,match
abraithwaite__jeff,cdxgen,6,6,10,10,21,21,yes,22,21,6/0/15/6/0/0/6/0/4,6/0/15/6/0/0/6/0/4,,,no,match
abraithwaite__jeff,cyclonedx-gomod,6,6,10,10,21,21,yes,22,21,6/0/15/6/0/0/6/0/4,6/0/15/6/0/0/6/0/4,,,no,match
achannarasappa__ticker,syft,37,37,48,48,366,366,yes,367,366,267/0/99/37/230/0/48/219/0,267/0/99/37/230/0/48/219/0,,,no,match
achannarasappa__ticker,trivy,37,37,48,48,366,366,yes,367,366,229/0/137/37/192/0/48/181/0,229/0/137/37/192/0/48/181/0,,,no,match
achannarasappa__ticker,cdxgen,37,37,48,48,366,366,yes,367,366,37/0/329/37/0/0/37/0/11,37/0/329/37/0/0/37/0/11,,,no,match
achannarasappa__ticker,cyclonedx-gomod,37,37,48,48,366,366,yes,367,366,222/0/144/37/185/0/42/180/6,222/0/144/37/185/0/42/180/6,,,no,match
aclindsa__ofxgo,syft,4,4,4,4,11,11,yes,12,11,4/0/7/4/0/0/4/0/0,4/0/7/4/0/0/4/0/0,,,no,match
aclindsa__ofxgo,trivy,4,4,4,4,11,11,yes,12,11,11/0/0/4/7/0/4/7/0,11/0/0/4/7/0/4/7/0,,,no,match
aclindsa__ofxgo,cdxgen,4,4,4,4,11,11,yes,12,11,4/0/7/4/0/0/4/0/0,4/0/7/4/0/0/4/0/0,,,no,match
aclindsa__ofxgo,cyclonedx-gomod,4,4,4,4,11,11,yes,12,11,4/0/7/4/0/0/4/0/0,4/0/7/4/0/0/4/0/0,,,no,match
adam-hanna__sessions,syft,2,2,2,2,2,2,yes,3,2,2/0/0/2/0/0/2/0/0,2/0/0/2/0/0/2/0/0,,,no,match
adam-hanna__sessions,trivy,2,2,2,2,2,2,yes,3,2,2/0/0/2/0/0/2/0/0,2/0/0/2/0/0/2/0/0,,,no,match
adam-hanna__sessions,cdxgen,2,2,2,2,2,2,yes,3,2,2/0/0/2/0/0/2/0/0,2/0/0/2/0/0/2/0/0,,,no,match
adam-hanna__sessions,cyclonedx-gomod,2,2,2,2,2,2,yes,3,2,2/0/0/2/0/0/2/0/0,2/0/0/2/0/0/2/0/0,,,no,match
adelowo__gulter,syft,36,36,42,42,62,62,yes,63,62,51/0/11/36/15/0/42/9/0,51/0/11/36/15/0/42/9/0,,,no,match
adelowo__gulter,trivy,36,36,42,42,62,62,yes,63,62,43/0/19/36/7/0/42/1/0,43/0/19/36/7/0/42/1/0,,,no,match
adelowo__gulter,cdxgen,36,36,42,42,62,62,yes,63,62,36/0/26/36/0/0/36/0/6,36/0/26/36/0/0/36/0/6,,,no,match
adelowo__gulter,cyclonedx-gomod,36,36,42,42,62,62,yes,63,62,37/0/25/36/1/0/36/1/6,37/0/25/36/1/0/36/1/6,,,no,match
adelowo__onecache,syft,2,2,2,2,21,21,yes,22,21,16/0/5/2/14/0/2/14/0,16/0/5/2/14/0/2/14/0,,,no,match
adelowo__onecache,trivy,2,2,2,2,21,21,yes,22,21,21/0/0/2/19/0/2/19/0,21/0/0/2/19/0/2/19/0,,,no,match
adelowo__onecache,cdxgen,2,2,2,2,21,21,yes,22,21,2/0/19/2/0/0/2/0/0,2/0/19/2/0/0/2/0/0,,,no,match
adelowo__onecache,cyclonedx-gomod,2,2,2,2,21,21,yes,22,21,2/0/19/2/0/0/2/0/0,2/0/19/2/0/0/2/0/0,,,no,match
adlio__trello,syft,1,1,1,1,1,1,yes,2,1,1/0/0/1/0/0/1/0/0,1/0/0/1/0/0/1/0/0,,,no,match
adlio__trello,trivy,1,1,1,1,1,1,yes,2,1,1/0/0/1/0/0/1/0/0,1/0/0/1/0/0/1/0/0,,,no,match
adlio__trello,cdxgen,1,1,1,1,1,1,yes,2,1,1/0/0/1/0/0/1/0/0,1/0/0/1/0/0/1/0/0,,,no,match
adlio__trello,cyclonedx-gomod,1,1,1,1,1,1,yes,2,1,1/0/0/1/0/0/1/0/0,1/0/0/1/0/0/1/0/0,,,no,match
adnanh__webhook,syft,10,10,10,10,20,20,yes,21,20,15/0/5/10/5/0/10/5/0,15/0/5/10/5/0/10/5/0,,,no,match
adnanh__webhook,trivy,10,10,10,10,20,20,yes,21,20,14/0/6/10/4/0/10/4/0,14/0/6/10/4/0/10/4/0,,,no,match
adnanh__webhook,cdxgen,10,10,10,10,20,20,yes,21,20,14/0/6/10/4/0/10/4/0,14/0/6/10/4/0/10/4/0,,,no,match
adnanh__webhook,cyclonedx-gomod,10,10,10,10,20,20,yes,21,20,11/0/9/10/1/0/10/1/0,11/0/9/10/1/0/10/1/0,,,no,match
adrianosela__sslmgr,syft,46,46,49,49,198,198,yes,199,198,59/0/139/46/13/0/49/10/0,59/0/139/46/13/0/49/10/0,,,no,match
adrianosela__sslmgr,trivy,46,46,49,49,198,198,yes,199,198,50/0/148/46/4/0/49/1/0,50/0/148/46/4/0/49/1/0,,,no,match
adrianosela__sslmgr,cdxgen,46,46,49,49,198,198,yes,199,198,46/0/152/46/0/0/46/0/3,46/0/152/46/0/0/46/0/3,,,no,match
adrianosela__sslmgr,cyclonedx-gomod,46,46,49,49,198,198,yes,199,198,46/0/152/46/0/0/46/0/3,46/0/152/46/0/0/46/0/3,,,no,match
aerospike__aerospike-client-go,syft,3,3,14,14,47,47,yes,48,47,34/0/13/3/31/0/14/20/0,34/0/13/3/31/0/14/20/0,,,no,match
aerospike__aerospike-client-go,trivy,3,3,14,14,47,47,yes,48,47,19/0/28/3/16/0/14/5/0,19/0/28/3/16/0/14/5/0,,,no,match
aerospike__aerospike-client-go,cdxgen,3,3,14,14,47,47,yes,48,47,3/0/44/3/0/0/3/0/11,3/0/44/3/0/0/3/0/11,,,no,match
aerospike__aerospike-client-go,cyclonedx-gomod,3,3,14,14,47,47,yes,48,47,5/0/42/3/2/0/4/1/10,5/0/42/3/2/0/4/1/10,,,no,match
agenticenv__agent-sdk-go,syft,111,111,113,113,385,385,yes,386,385,131/9/254/111/29/0/113/27/0,131/9/254/111/29/0/113/27/0,,,no,match
agenticenv__agent-sdk-go,trivy,111,111,113,113,385,385,yes,386,385,113/4/272/111/6/0/113/4/0,113/4/272/111/6/0/113/4/0,,,no,match
agenticenv__agent-sdk-go,cdxgen,111,111,113,113,385,385,yes,386,385,111/3/274/111/3/0/111/3/2,111/3/274/111/3/0/111/3/2,,,no,match
agenticenv__agent-sdk-go,cyclonedx-gomod,111,111,113,113,385,385,yes,386,385,107/0/278/107/0/4/107/0/6,107/0/278/107/0/4/107/0/6,,,no,match
agilira__argus,syft,5,5,5,5,6,6,yes,7,6,6/31/0/5/32/0/5/32/0,6/31/0/5/32/0/5/32/0,,,no,match
agilira__argus,trivy,5,5,5,5,6,6,yes,7,6,6/22/0/5/23/0/5/23/0,6/22/0/5/23/0/5/23/0,,,no,match
agilira__argus,cdxgen,5,5,5,5,6,6,yes,7,6,5/13/1/5/13/0/5/13/0,5/13/1/5/13/0/5/13/0,,,no,match
agilira__argus,cyclonedx-gomod,5,5,5,5,6,6,yes,7,6,5/0/1/5/0/0/5/0/0,5/0/1/5/0/0/5/0/0,,,no,match
agilira__orpheus,syft,5,5,5,5,5,5,yes,6,5,5/19/0/5/19/0/5/19/0,5/19/0/5/19/0/5/19/0,,,no,match
agilira__orpheus,trivy,5,5,5,5,5,5,yes,6,5,5/20/0/5/20/0/5/20/0,5/20/0/5/20/0/5/20/0,,,no,match
agilira__orpheus,cdxgen,5,5,5,5,5,5,yes,6,5,5/0/0/5/0/0/5/0/0,5/0/0/5/0/0/5/0/0,,,no,match
agilira__orpheus,cyclonedx-gomod,5,5,5,5,5,5,yes,6,5,5/0/0/5/0/0/5/0/0,5/0/0/5/0/0/5/0/0,,,no,match
agnivade__wasmbrowsertest,syft,9,9,9,9,16,16,yes,17,16,14/0/2/9/5/0/9/5/0,14/0/2/9/5/0/9/5/0,,,no,match
agnivade__wasmbrowsertest,trivy,9,9,9,9,16,16,yes,17,16,10/0/6/9/1/0/9/1/0,10/0/6/9/1/0/9/1/0,,,no,match
agnivade__wasmbrowsertest,cdxgen,9,9,9,9,16,16,yes,17,16,9/0/7/9/0/0/9/0/0,9/0/7/9/0/0/9/0/0,,,no,match
agnivade__wasmbrowsertest,cyclonedx-gomod,9,9,9,9,16,16,yes,17,16,10/0/6/9/1/0/9/1/0,10/0/6/9/1/0/9/1/0,,,no,match
ahmadraza100__dotlock,syft,32,32,32,32,58,58,yes,59,58,45/0/13/32/13/0/32/13/0,45/0/13/32/13/0/32/13/0,,,no,match
ahmadraza100__dotlock,trivy,32,32,32,32,58,58,yes,59,58,36/0/22/32/4/0/32/4/0,36/0/22/32/4/0/32/4/0,,,no,match
ahmadraza100__dotlock,cdxgen,32,32,32,32,58,58,yes,59,58,32/0/26/32/0/0/32/0/0,32/0/26/32/0/0/32/0/0,,,no,match
ahmadraza100__dotlock,cyclonedx-gomod,32,32,32,32,58,58,yes,59,58,36/0/22/32/4/0/32/4/0,36/0/22/32/4/0/32/4/0,,,no,match
ahmedakef__gotutor,syft,14,14,14,14,43,43,yes,44,43,28/18/15/14/32/0/14/32/0,28/18/15/14/32/0/14/32/0,,,no,match
ahmedakef__gotutor,trivy,14,14,14,14,43,43,yes,44,43,22/10/21/14/18/0/14/18/0,22/10/21/14/18/0/14/18/0,,,no,match
ahmedakef__gotutor,cdxgen,14,14,14,14,43,43,yes,44,43,17/8/26/14/11/0/14/11/0,17/8/26/14/11/0/14/11/0,,,no,match
ahmedakef__gotutor,cyclonedx-gomod,14,14,14,14,43,43,yes,44,43,15/0/28/14/1/0/14/1/0,15/0/28/14/1/0/14/1/0,,,no,match
airbusgeo__godal,syft,51,51,55,55,318,318,yes,319,318,72/0/246/51/21/0/55/17/0,72/0/246/51/21/0/55/17/0,,,no,match
airbusgeo__godal,trivy,51,51,55,55,318,318,yes,319,318,57/0/261/51/6/0/55/2/0,57/0/261/51/6/0/55/2/0,,,no,match
airbusgeo__godal,cdxgen,51,51,55,55,318,318,yes,319,318,51/0/267/51/0/0/51/0/4,51/0/267/51/0/0/51/0/4,,,no,match
airbusgeo__godal,cyclonedx-gomod,51,51,55,55,318,318,yes,319,318,50/0/268/48/2/3/48/2/7,50/0/268/48/2/3/48/2/7,,,no,match
ajitpratap0__GoSQLX,syft,15,15,66,66,130,130,yes,131,130,117/9/13/15/111/0/66/60/0,117/9/13/15/111/0/66/60/0,,,no,match
ajitpratap0__GoSQLX,trivy,15,15,66,66,130,130,yes,131,130,81/9/49/15/75/0/66/24/0,81/9/49/15/75/0/66/24/0,,,no,match
ajitpratap0__GoSQLX,cdxgen,15,15,66,66,130,130,yes,131,130,18/3/112/15/6/0/18/3/48,18/3/112/15/6/0/18/3/48,,,no,match
ajitpratap0__GoSQLX,cyclonedx-gomod,15,15,66,66,130,130,yes,131,130,16/0/114/15/1/0/15/1/51,16/0/114/15/1/0/15/1/51,,,no,match
ajstarks__svgo,syft,3,3,3,3,14,14,yes,15,14,3/0/11/3/0/0/3/0/0,3/0/11/3/0/0/3/0/0,,,no,match
ajstarks__svgo,trivy,3,3,3,3,14,14,yes,15,14,14/0/0/3/11/0/3/11/0,14/0/0/3/11/0/3/11/0,,,no,match
ajstarks__svgo,cdxgen,3,3,3,3,14,14,yes,15,14,3/0/11/3/0/0/3/0/0,3/0/11/3/0/0/3/0/0,,,no,match
ajstarks__svgo,cyclonedx-gomod,3,3,3,3,14,14,yes,15,14,3/0/11/3/0/0/3/0/0,3/0/11/3/0/0/3/0/0,,,no,match
ajvb__kala,syft,41,41,50,50,234,234,yes,235,234,76/0/158/41/35/0/50/26/0,76/0/158/41/35/0/50/26/0,,,no,match
ajvb__kala,trivy,41,41,50,50,234,234,yes,235,234,234/0/0/41/193/0/50/184/0,234/0/0/41/193/0/50/184/0,,,no,match
ajvb__kala,cdxgen,41,41,50,50,234,234,yes,235,234,41/0/193/41/0/0/41/0/9,41/0/193/41/0/0/41/0/9,,,no,match
ajvb__kala,cyclonedx-gomod,41,41,50,50,234,234,yes,235,234,44/0/190/41/3/0/41/3/9,44/0/190/41/3/0/41/3/9,,,no,match
alajmo__mani,syft,25,25,28,28,52,52,yes,53,52,37/0/15/25/12/0/28/9/0,37/0/15/25/12/0/28/9/0,,,no,match
alajmo__mani,trivy,25,25,28,28,52,52,yes,53,52,30/0/22/25/5/0/28/2/0,30/0/22/25/5/0/28/2/0,,,no,match
alajmo__mani,cdxgen,25,25,28,28,52,52,yes,53,52,25/0/27/25/0/0/25/0/3,25/0/27/25/0/0/25/0/3,,,no,match
alajmo__mani,cyclonedx-gomod,25,25,28,28,52,52,yes,53,52,26/0/26/25/1/0/25/1/3,26/0/26/25/1/0/25/1/3,,,no,match
alajmo__sake,syft,19,19,21,21,44,44,yes,45,44,32/0/12/19/13/0/21/11/0,32/0/12/19/13/0/21/11/0,,,no,match
alajmo__sake,trivy,19,19,21,21,44,44,yes,45,44,28/0/16/19/9/0/21/7/0,28/0/16/19/9/0/21/7/0,,,no,match
alajmo__sake,cdxgen,19,19,21,21,44,44,yes,45,44,19/0/25/19/0/0/19/0/2,19/0/25/19/0/0/19/0/2,,,no,match
alajmo__sake,cyclonedx-gomod,19,19,21,21,44,44,yes,45,44,20/0/24/19/1/0/19/1/2,20/0/24/19/1/0/19/1/2,,,no,match
aldor007__mort,syft,95,95,105,105,326,326,yes,327,326,132/0/194/95/37/0/105/27/0,132/0/194/95/37/0/105/27/0,,,no,match
aldor007__mort,trivy,95,95,105,105,326,326,yes,327,326,107/0/219/95/12/0/105/2/0,107/0/219/95/12/0/105/2/0,,,no,match
aldor007__mort,cdxgen,95,95,105,105,326,326,yes,327,326,95/0/231/95/0/0/95/0/10,95/0/231/95/0/0/95/0/10,,,no,match
aldor007__mort,cyclonedx-gomod,95,95,105,105,326,326,yes,327,326,97/0/229/95/2/0/95/2/10,97/0/229/95/2/0/95/2/10,,,no,match
alebeck__boring,syft,6,6,7,7,8,8,yes,9,8,7/0/1/6/1/0/7/0/0,7/0/1/6/1/0/7/0/0,,,no,match
alebeck__boring,trivy,6,6,7,7,8,8,yes,9,8,7/0/1/6/1/0/7/0/0,7/0/1/6/1/0/7/0/0,,,no,match
alebeck__boring,cdxgen,6,6,7,7,8,8,yes,9,8,6/0/2/6/0/0/6/0/1,6/0/2/6/0/0/6/0/1,,,no,match
alebeck__boring,cyclonedx-gomod,6,6,7,7,8,8,yes,9,8,6/0/2/6/0/0/6/0/1,6/0/2/6/0/0/6/0/1,,,no,match
alecthomas__go_serialization_benchmarks,syft,48,48,48,48,232,232,yes,233,232,71/0/161/48/23/0/48/23/0,71/0/161/48/23/0/48/23/0,,,no,match
alecthomas__go_serialization_benchmarks,trivy,48,48,48,48,232,232,yes,233,232,55/0/177/48/7/0/48/7/0,55/0/177/48/7/0/48/7/0,,,no,match
alecthomas__go_serialization_benchmarks,cdxgen,48,48,48,48,232,232,yes,233,232,48/0/184/48/0/0/48/0/0,48/0/184/48/0/0/48/0/0,,,no,match
alecthomas__go_serialization_benchmarks,cyclonedx-gomod,48,48,48,48,232,232,yes,233,232,50/0/182/48/2/0/48/2/0,50/0/182/48/2/0/48/2/0,,,no,match
alecthomas__kingpin,syft,2,2,6,6,8,8,yes,9,8,7/2/1/2/7/0/6/3/0,7/2/1/2/7/0/6/3/0,,,no,match
alecthomas__kingpin,trivy,2,2,6,6,8,8,yes,9,8,6/2/2/2/6/0/6/2/0,6/2/2/2/6/0/6/2/0,,,no,match
alecthomas__kingpin,cdxgen,2,2,6,6,8,8,yes,9,8,2/0/6/2/0/0/2/0/4,2/0/6/2/0/0/2/0/4,,,no,match
alecthomas__kingpin,cyclonedx-gomod,2,2,6,6,8,8,yes,9,8,2/0/6/2/0/0/2/0/4,2/0/6/2/0/0/2/0/4,,,no,match
alegrey91__fwdctl,syft,24,24,24,24,112,112,yes,113,112,38/0/74/24/14/0/24/14/0,38/0/74/24/14/0/24/14/0,,,no,match
alegrey91__fwdctl,trivy,24,24,24,24,112,112,yes,113,112,30/0/82/24/6/0/24/6/0,30/0/82/24/6/0/24/6/0,,,no,match
alegrey91__fwdctl,cdxgen,24,24,24,24,112,112,yes,113,112,24/0/88/24/0/0/24/0/0,24/0/88/24/0/0/24/0/0,,,no,match
alegrey91__fwdctl,cyclonedx-gomod,24,24,24,24,112,112,yes,113,112,30/0/82/24/6/0/24/6/0,30/0/82/24/6/0/24/6/0,,,no,match
aler9__goroslib,syft,22,22,26,26,54,54,yes,55,54,45/0/9/22/23/0/26/19/0,45/0/9/22/23/0/26/19/0,,,no,match
aler9__goroslib,trivy,22,22,26,26,54,54,yes,55,54,27/0/27/22/5/0/26/1/0,27/0/27/22/5/0/26/1/0,,,no,match
aler9__goroslib,cdxgen,22,22,26,26,54,54,yes,55,54,22/0/32/22/0/0/22/0/4,22/0/32/22/0/0/22/0/4,,,no,match
aler9__goroslib,cyclonedx-gomod,22,22,26,26,54,54,yes,55,54,23/0/31/22/1/0/22/1/4,23/0/31/22/1/0/22/1/4,,,no,match
aler9__gortsplib,syft,12,12,18,18,28,28,yes,29,28,19/0/9/12/7/0/18/1/0,19/0/9/12/7/0/18/1/0,,,no,match
aler9__gortsplib,trivy,12,12,18,18,28,28,yes,29,28,18/0/10/12/6/0/18/0/0,18/0/10/12/6/0/18/0/0,,,no,match
aler9__gortsplib,cdxgen,12,12,18,18,28,28,yes,29,28,12/0/16/12/0/0/12/0/6,12/0/16/12/0/0/12/0/6,,,no,match
aler9__gortsplib,cyclonedx-gomod,12,12,18,18,28,28,yes,29,28,14/0/14/12/2/0/14/0/4,14/0/14/12/2/0/14/0/4,,,no,match
alesr__templator,syft,1,1,5,5,10,10,yes,11,10,6/0/4/1/5/0/5/1/0,6/0/4/1/5/0/5/1/0,,,no,match
alesr__templator,trivy,1,1,5,5,10,10,yes,11,10,5/0/5/1/4/0/5/0/0,5/0/5/1/4/0/5/0/0,,,no,match
alesr__templator,cdxgen,1,1,5,5,10,10,yes,11,10,1/0/9/1/0/0/1/0/4,1/0/9/1/0/0/1/0/4,,,no,match
alesr__templator,cyclonedx-gomod,1,1,5,5,10,10,yes,11,10,1/0/9/1/0/0/1/0/4,1/0/9/1/0/0/1/0/4,,,no,match
alexcfv__go-pcaplite,syft,1,1,1,1,10,10,yes,11,10,3/0/7/1/2/0/1/2/0,3/0/7/1/2/0/1/2/0,,,no,match
alexcfv__go-pcaplite,trivy,1,1,1,1,10,10,yes,11,10,10/0/0/1/9/0/1/9/0,10/0/0/1/9/0/1/9/0,,,no,match
alexcfv__go-pcaplite,cdxgen,1,1,1,1,10,10,yes,11,10,1/0/9/1/0/0/1/0/0,1/0/9/1/0/0/1/0/0,,,no,match
alexcfv__go-pcaplite,cyclonedx-gomod,1,1,1,1,10,10,yes,11,10,2/0/8/1/1/0/1/1/0,2/0/8/1/1/0/1/1/0,,,no,match
alexeyco__pig,syft,9,9,10,10,30,30,yes,31,30,18/0/12/9/9/0/10/8/0,18/0/12/9/9/0/10/8/0,,,no,match
alexeyco__pig,trivy,9,9,10,10,30,30,yes,31,30,11/0/19/9/2/0/10/1/0,11/0/19/9/2/0/10/1/0,,,no,match
alexeyco__pig,cdxgen,9,9,10,10,30,30,yes,31,30,9/0/21/9/0/0/9/0/1,9/0/21/9/0/0/9/0/1,,,no,match
alexeyco__pig,cyclonedx-gomod,9,9,10,10,30,30,yes,31,30,9/0/21/9/0/0/9/0/1,9/0/21/9/0/0/9/0/1,,,no,match
alexeyco__simpletable,syft,2,2,2,2,2,2,yes,3,2,2/0/0/2/0/0/2/0/0,2/0/0/2/0/0/2/0/0,,,no,match
alexeyco__simpletable,trivy,2,2,2,2,2,2,yes,3,2,2/0/0/2/0/0/2/0/0,2/0/0/2/0/0/2/0/0,,,no,match
alexeyco__simpletable,cdxgen,2,2,2,2,2,2,yes,3,2,2/0/0/2/0/0/2/0/0,2/0/0/2/0/0/2/0/0,,,no,match
alexeyco__simpletable,cyclonedx-gomod,2,2,2,2,2,2,yes,3,2,2/0/0/2/0/0/2/0/0,2/0/0/2/0/0/2/0/0,,,no,match
alexflint__go-arg,syft,1,1,5,5,7,7,yes,8,7,6/0/1/1/5/0/5/1/0,6/0/1/1/5/0/5/1/0,,,no,match
alexflint__go-arg,trivy,1,1,5,5,7,7,yes,8,7,5/0/2/1/4/0/5/0/0,5/0/2/1/4/0/5/0/0,,,no,match
alexflint__go-arg,cdxgen,1,1,5,5,7,7,yes,8,7,1/0/6/1/0/0/1/0/4,1/0/6/1/0/0/1/0/4,,,no,match
alexflint__go-arg,cyclonedx-gomod,1,1,5,5,7,7,yes,8,7,1/0/6/1/0/0/1/0/4,1/0/6/1/0/0/1/0/4,,,no,match
alfiankan__crab-config-files-templating,syft,2,2,6,6,12,12,yes,13,12,8/0/4/2/6/0/6/2/0,8/0/4/2/6/0/6/2/0,,,no,match
alfiankan__crab-config-files-templating,trivy,2,2,6,6,12,12,yes,13,12,7/0/5/2/5/0/6/1/0,7/0/5/2/5/0/6/1/0,,,no,match
alfiankan__crab-config-files-templating,cdxgen,2,2,6,6,12,12,yes,13,12,7/0/5/2/5/0/6/1/0,7/0/5/2/5/0/6/1/0,,,no,match
alfiankan__crab-config-files-templating,cyclonedx-gomod,2,2,6,6,12,12,yes,13,12,3/0/9/2/1/0/2/1/4,3/0/9/2/1/0/2/1/4,,,no,match
alibaba__opentelemetry-go-auto-instrumentation,syft,52,52,54,54,130,130,yes,131,130,119/764/11/52/831/0/54/829/0,119/764/11/52/831/0/54/829/0,,,no,match
alibaba__opentelemetry-go-auto-instrumentation,trivy,52,52,54,54,130,130,yes,131,130,109/668/21/52/725/0/54/723/0,109/668/21/52/725/0/54/723/0,,,no,match
alibaba__opentelemetry-go-auto-instrumentation,cdxgen,52,52,54,54,130,130,yes,131,130,NA,NA,,,no,match
alibaba__opentelemetry-go-auto-instrumentation,cyclonedx-gomod,52,52,54,54,130,130,yes,131,130,57/0/73/50/7/2/50/7/4,57/0/73/50/7/2/50/7/4,,,no,match
aliexpressru__gomemcached,syft,18,18,23,23,56,56,yes,57,56,31/0/25/18/13/0/23/8/0,31/0/25/18/13/0/23/8/0,,,no,match
aliexpressru__gomemcached,trivy,18,18,23,23,56,56,yes,57,56,23/0/33/18/5/0/23/0/0,23/0/33/18/5/0/23/0/0,,,no,match
aliexpressru__gomemcached,cdxgen,18,18,23,23,56,56,yes,57,56,18/0/38/18/0/0/18/0/5,18/0/38/18/0/0/18/0/5,,,no,match
aliexpressru__gomemcached,cyclonedx-gomod,18,18,23,23,56,56,yes,57,56,18/0/38/18/0/0/18/0/5,18/0/38/18/0/0/18/0/5,,,no,match
allaboutapps__go-starter,syft,87,87,95,95,247,247,yes,248,247,147/0/100/87/60/0/95/52/0,147/0/100/87/60/0/95/52/0,,,no,match
allaboutapps__go-starter,trivy,87,87,95,95,247,247,yes,248,247,131/0/116/87/44/0/95/36/0,131/0/116/87/44/0/95/36/0,,,no,match
allaboutapps__go-starter,cdxgen,87,87,95,95,247,247,yes,248,247,87/0/160/87/0/0/87/0/8,87/0/160/87/0/0/87/0/8,,,no,match
allaboutapps__go-starter,cyclonedx-gomod,87,87,95,95,247,247,yes,248,247,130/0/117/87/43/0/94/36/1,130/0/117/87/43/0/94/36/1,,,no,match
amacneil__dbmate,syft,69,69,70,70,355,355,yes,356,355,99/0/256/69/30/0/70/29/0,99/0/256/69/30/0/70/29/0,,,no,match
amacneil__dbmate,trivy,69,69,70,70,355,355,yes,356,355,73/0/282/69/4/0/70/3/0,73/0/282/69/4/0/70/3/0,,,no,match
amacneil__dbmate,cdxgen,69,69,70,70,355,355,yes,356,355,69/0/286/69/0/0/69/0/1,69/0/286/69/0/0/69/0/1,,,no,match
amacneil__dbmate,cyclonedx-gomod,69,69,70,70,355,355,yes,356,355,72/0/283/69/3/0/69/3/1,72/0/283/69/3/0/69/3/1,,,no,match
amit-davidson__Chronos,syft,7,7,7,7,15,15,yes,16,15,8/0/7/7/1/0/7/1/0,8/0/7/7/1/0/7/1/0,,,no,match
amit-davidson__Chronos,trivy,7,7,7,7,15,15,yes,16,15,15/0/0/7/8/0/7/8/0,15/0/0/7/8/0/7/8/0,,,no,match
amit-davidson__Chronos,cdxgen,7,7,7,7,15,15,yes,16,15,7/0/8/7/0/0/7/0/0,7/0/8/7/0/0/7/0/0,,,no,match
amit-davidson__Chronos,cyclonedx-gomod,7,7,7,7,15,15,yes,16,15,7/0/8/7/0/0/7/0/0,7/0/8/7/0/0/7/0/0,,,no,match
amit-davidson__LibraDB,syft,5,5,5,5,7,7,yes,8,7,6/0/1/5/1/0/5/1/0,6/0/1/5/1/0/5/1/0,,,no,match
amit-davidson__LibraDB,trivy,5,5,5,5,7,7,yes,8,7,5/0/2/5/0/0/5/0/0,5/0/2/5/0/0/5/0/0,,,no,match
amit-davidson__LibraDB,cdxgen,5,5,5,5,7,7,yes,8,7,5/0/2/5/0/0/5/0/0,5/0/2/5/0/0/5/0/0,,,no,match
amit-davidson__LibraDB,cyclonedx-gomod,5,5,5,5,7,7,yes,8,7,5/0/2/5/0/0/5/0/0,5/0/2/5/0/0/5/0/0,,,no,match
amjadjibon__memsh,syft,56,56,56,56,115,115,yes,116,115,94/1/21/55/40/1/55/40/1,94/1/21/55/40/1/55/40/1,,,no,match
amjadjibon__memsh,trivy,56,56,56,56,115,115,yes,116,115,59/1/56/55/5/1/55/5/1,59/1/56/55/5/1/55/5/1,,,no,match
amjadjibon__memsh,cdxgen,56,56,56,56,115,115,yes,116,115,56/0/59/56/0/0/56/0/0,56/0/59/56/0/0/56/0/0,,,no,match
amjadjibon__memsh,cyclonedx-gomod,56,56,56,56,115,115,yes,116,115,59/1/56/55/5/1/55/5/1,59/1/56/55/5/1/55/5/1,,,no,match
anacrolix__dht,syft,71,71,80,80,355,355,yes,356,355,90/0/265/71/19/0/80/10/0,90/0/265/71/19/0/80/10/0,,,no,match
anacrolix__dht,trivy,71,71,80,80,355,355,yes,356,355,84/0/271/71/13/0/80/4/0,84/0/271/71/13/0/80/4/0,,,no,match
anacrolix__dht,cdxgen,71,71,80,80,355,355,yes,356,355,71/0/284/71/0/0/71/0/9,71/0/284/71/0/0/71/0/9,,,no,match
anacrolix__dht,cyclonedx-gomod,71,71,80,80,355,355,yes,356,355,75/0/280/71/4/0/71/4/9,75/0/280/71/4/0/71/4/9,,,no,match
anacrolix__utp,syft,7,7,13,13,112,112,yes,113,112,17/0/95/7/10/0/13/4/0,17/0/95/7/10/0/13/4/0,,,no,match
anacrolix__utp,trivy,7,7,13,13,112,112,yes,113,112,13/0/99/7/6/0/13/0/0,13/0/99/7/6/0/13/0/0,,,no,match
anacrolix__utp,cdxgen,7,7,13,13,112,112,yes,113,112,7/0/105/7/0/0/7/0/6,7/0/105/7/0/0/7/0/6,,,no,match
anacrolix__utp,cyclonedx-gomod,7,7,13,13,112,112,yes,113,112,7/0/105/7/0/0/7/0/6,7/0/105/7/0/0/7/0/6,,,no,match
anatol__booster,syft,38,38,38,38,65,65,yes,66,65,47/0/18/38/9/0/38/9/0,47/0/18/38/9/0/38/9/0,,,no,match
anatol__booster,trivy,38,38,38,38,65,65,yes,66,65,42/0/23/38/4/0/38/4/0,42/0/23/38/4/0/38/4/0,,,no,match
anatol__booster,cdxgen,38,38,38,38,65,65,yes,66,65,38/0/27/38/0/0/38/0/0,38/0/27/38/0/0/38/0/0,,,no,match
anatol__booster,cyclonedx-gomod,38,38,38,38,65,65,yes,66,65,42/0/23/38/4/0/38/4/0,42/0/23/38/4/0/38/4/0,,,no,match
anatol__luks.go,syft,5,5,13,13,19,19,yes,20,19,15/0/4/5/10/0/13/2/0,15/0/4/5/10/0/13/2/0,,,no,match
anatol__luks.go,trivy,5,5,13,13,19,19,yes,20,19,13/0/6/5/8/0/13/0/0,13/0/6/5/8/0/13/0/0,,,no,match
anatol__luks.go,cdxgen,5,5,13,13,19,19,yes,20,19,5/0/14/5/0/0/5/0/8,5/0/14/5/0/0/5/0/8,,,no,match
anatol__luks.go,cyclonedx-gomod,5,5,13,13,19,19,yes,20,19,5/0/14/5/0/0/5/0/8,5/0/14/5/0/0/5/0/8,,,no,match
anchore__syft,syft,288,288,305,305,782,782,yes,783,782,NA,NA,,,no,match
anchore__syft,trivy,288,288,305,305,782,782,yes,783,782,NA,NA,,,no,match
anchore__syft,cdxgen,288,288,305,305,782,782,yes,783,782,NA,NA,,,no,match
anchore__syft,cyclonedx-gomod,288,288,305,305,782,782,yes,783,782,299/0/483/287/12/1/287/12/18,299/0/483/287/12/1/287/12/18,,,no,match
andrewstuart__goq,syft,3,3,6,6,12,12,yes,13,12,7/0/5/3/4/0/6/1/0,7/0/5/3/4/0/6/1/0,,,no,match
andrewstuart__goq,trivy,3,3,6,6,12,12,yes,13,12,12/0/0/3/9/0/6/6/0,12/0/0/3/9/0/6/6/0,,,no,match
andrewstuart__goq,cdxgen,3,3,6,6,12,12,yes,13,12,3/0/9/3/0/0/3/0/3,3/0/9/3/0/0/3/0/3,,,no,match
andrewstuart__goq,cyclonedx-gomod,3,3,6,6,12,12,yes,13,12,3/0/9/3/0/0/3/0/3,3/0/9/3/0/0/3/0/3,,,no,match
andskur__argon2-hashing,syft,2,2,2,2,5,5,yes,6,5,2/0/3/2/0/0/2/0/0,2/0/3/2/0/0/2/0/0,,,no,match
andskur__argon2-hashing,trivy,2,2,2,2,5,5,yes,6,5,2/0/3/2/0/0/2/0/0,2/0/3/2/0/0/2/0/0,,,no,match
andskur__argon2-hashing,cdxgen,2,2,2,2,5,5,yes,6,5,2/0/3/2/0/0/2/0/0,2/0/3/2/0/0/2/0/0,,,no,match
andskur__argon2-hashing,cyclonedx-gomod,2,2,2,2,5,5,yes,6,5,2/0/3/2/0/0/2/0/0,2/0/3/2/0/0/2/0/0,,,no,match
andy2046__failured,syft,1,1,1,1,1,1,yes,2,1,1/0/0/1/0/0/1/0/0,1/0/0/1/0/0/1/0/0,,,no,match
andy2046__failured,trivy,1,1,1,1,1,1,yes,2,1,1/0/0/1/0/0/1/0/0,1/0/0/1/0/0/1/0/0,,,no,match
andy2046__failured,cdxgen,1,1,1,1,1,1,yes,2,1,1/0/0/1/0/0/1/0/0,1/0/0/1/0/0/1/0/0,,,no,match
andy2046__failured,cyclonedx-gomod,1,1,1,1,1,1,yes,2,1,1/0/0/1/0/0/1/0/0,1/0/0/1/0/0/1/0/0,,,no,match
andy2046__tik,syft,3,3,3,3,22,22,yes,23,22,3/0/19/3/0/0/3/0/0,3/0/19/3/0/0/3/0/0,,,no,match
andy2046__tik,trivy,3,3,3,3,22,22,yes,23,22,22/0/0/3/19/0/3/19/0,22/0/0/3/19/0/3/19/0,,,no,match
andy2046__tik,cdxgen,3,3,3,3,22,22,yes,23,22,3/0/19/3/0/0/3/0/0,3/0/19/3/0/0/3/0/0,,,no,match
andy2046__tik,cyclonedx-gomod,3,3,3,3,22,22,yes,23,22,3/0/19/3/0/0/3/0/0,3/0/19/3/0/0/3/0/0,,,no,match
andygrunwald__go-gerrit,syft,1,1,1,1,2,2,yes,3,2,2/0/0/1/1/0/1/1/0,2/0/0/1/1/0/1/1/0,,,no,match
andygrunwald__go-gerrit,trivy,1,1,1,1,2,2,yes,3,2,2/0/0/1/1/0/1/1/0,2/0/0/1/1/0/1/1/0,,,no,match
andygrunwald__go-gerrit,cdxgen,1,1,1,1,2,2,yes,3,2,1/0/1/1/0/0/1/0/0,1/0/1/1/0/0/1/0/0,,,no,match
andygrunwald__go-gerrit,cyclonedx-gomod,1,1,1,1,2,2,yes,3,2,1/0/1/1/0/0/1/0/0,1/0/1/1/0/0/1/0/0,,,no,match
andygrunwald__go-jira,syft,4,4,5,5,5,5,yes,6,5,5/0/0/4/1/0/5/0/0,5/0/0/4/1/0/5/0/0,,,no,match
andygrunwald__go-jira,trivy,4,4,5,5,5,5,yes,6,5,5/0/0/4/1/0/5/0/0,5/0/0/4/1/0/5/0/0,,,no,match
andygrunwald__go-jira,cdxgen,4,4,5,5,5,5,yes,6,5,4/0/1/4/0/0/4/0/1,4/0/1/4/0/0/4/0/1,,,no,match
andygrunwald__go-jira,cyclonedx-gomod,4,4,5,5,5,5,yes,6,5,4/0/1/4/0/0/4/0/1,4/0/1/4/0/0/4/0/1,,,no,match
andygrunwald__go-trending,syft,3,3,3,3,14,14,yes,15,14,3/1/11/3/1/0/3/1/0,3/1/11/3/1/0/3/1/0,,,no,match
andygrunwald__go-trending,trivy,3,3,3,3,14,14,yes,15,14,3/1/11/3/1/0/3/1/0,3/1/11/3/1/0/3/1/0,,,no,match
andygrunwald__go-trending,cdxgen,3,3,3,3,14,14,yes,15,14,3/0/11/3/0/0/3/0/0,3/0/11/3/0/0/3/0/0,,,no,match
andygrunwald__go-trending,cyclonedx-gomod,3,3,3,3,14,14,yes,15,14,3/0/11/3/0/0/3/0/0,3/0/11/3/0/0/3/0/0,,,no,match
anqiansong__sqlgen,syft,38,38,44,44,278,278,yes,279,278,74/20/204/38/56/0/44/50/0,74/20/204/38/56/0/44/50/0,,,no,match
anqiansong__sqlgen,trivy,38,38,44,44,278,278,yes,279,278,53/16/225/38/31/0/44/25/0,53/16/225/38/31/0/44/25/0,,,no,match
anqiansong__sqlgen,cdxgen,38,38,44,44,278,278,yes,279,278,41/11/237/38/14/0/38/14/6,41/11/237/38/14/0/38/14/6,,,no,match
anqiansong__sqlgen,cyclonedx-gomod,38,38,44,44,278,278,yes,279,278,39/0/239/38/1/0/38/1/6,39/0/239/38/1/0/38/1/6,,,no,match
ansd__lastpass-go,syft,1,1,10,10,34,34,yes,35,34,11/0/23/1/10/0/10/1/0,11/0/23/1/10/0/10/1/0,,,no,match
ansd__lastpass-go,trivy,1,1,10,10,34,34,yes,35,34,34/0/0/1/33/0/10/24/0,34/0/0/1/33/0/10/24/0,,,no,match
ansd__lastpass-go,cdxgen,1,1,10,10,34,34,yes,35,34,1/0/33/1/0/0/1/0/9,1/0/33/1/0/0/1/0/9,,,no,match
ansd__lastpass-go,cyclonedx-gomod,1,1,10,10,34,34,yes,35,34,1/0/33/1/0/0/1/0/9,1/0/33/1/0/0/1/0/9,,,no,match
antchfx__htmlquery,syft,4,4,4,4,14,14,yes,15,14,4/0/10/4/0/0/4/0/0,4/0/10/4/0/0/4/0/0,,,no,match
antchfx__htmlquery,trivy,4,4,4,4,14,14,yes,15,14,14/0/0/4/10/0/4/10/0,14/0/0/4/10/0/4/10/0,,,no,match
antchfx__htmlquery,cdxgen,4,4,4,4,14,14,yes,15,14,4/0/10/4/0/0/4/0/0,4/0/10/4/0/0/4/0/0,,,no,match
antchfx__htmlquery,cyclonedx-gomod,4,4,4,4,14,14,yes,15,14,4/0/10/4/0/0/4/0/0,4/0/10/4/0/0/4/0/0,,,no,match
antchfx__xmlquery,syft,4,4,4,4,14,14,yes,15,14,4/0/10/4/0/0/4/0/0,4/0/10/4/0/0/4/0/0,,,no,match
antchfx__xmlquery,trivy,4,4,4,4,14,14,yes,15,14,14/0/0/4/10/0/4/10/0,14/0/0/4/10/0/4/10/0,,,no,match
antchfx__xmlquery,cdxgen,4,4,4,4,14,14,yes,15,14,4/0/10/4/0/0/4/0/0,4/0/10/4/0/0/4/0/0,,,no,match
antchfx__xmlquery,cyclonedx-gomod,4,4,4,4,14,14,yes,15,14,4/0/10/4/0/0/4/0/0,4/0/10/4/0/0/4/0/0,,,no,match
antham__chyle,syft,37,37,43,43,73,73,yes,74,73,60/0/13/36/24/1/42/18/1,60/0/13/36/24/1/42/18/1,,,no,match
antham__chyle,trivy,37,37,43,43,73,73,yes,74,73,45/0/28/36/9/1/42/3/1,45/0/28/36/9/1/42/3/1,,,no,match
antham__chyle,cdxgen,37,37,43,43,73,73,yes,74,73,37/0/36/37/0/0/37/0/6,37/0/36/37/0/0/37/0/6,,,no,match
antham__chyle,cyclonedx-gomod,37,37,43,43,73,73,yes,74,73,38/0/35/36/2/1/36/2/7,38/0/35/36/2/1/36/2/7,,,no,match
antham__ghokin,syft,23,23,27,27,42,42,yes,43,42,34/0/8/23/11/0/27/7/0,34/0/8/23/11/0/27/7/0,,,no,match
antham__ghokin,trivy,23,23,27,27,42,42,yes,43,42,28/0/14/23/5/0/27/1/0,28/0/14/23/5/0/27/1/0,,,no,match
antham__ghokin,cdxgen,23,23,27,27,42,42,yes,43,42,23/0/19/23/0/0/23/0/4,23/0/19/23/0/0/23/0/4,,,no,match
antham__ghokin,cyclonedx-gomod,23,23,27,27,42,42,yes,43,42,24/0/18/23/1/0/23/1/4,24/0/18/23/1/0/23/1/4,,,no,match
antham__gommit,syft,37,37,42,42,71,71,yes,72,71,59/0/12/37/22/0/42/17/0,59/0/12/37/22/0/42/17/0,,,no,match
antham__gommit,trivy,37,37,42,42,71,71,yes,72,71,44/0/27/37/7/0/42/2/0,44/0/27/37/7/0/42/2/0,,,no,match
antham__gommit,cdxgen,37,37,42,42,71,71,yes,72,71,37/0/34/37/0/0/37/0/5,37/0/34/37/0/0/37/0/5,,,no,match
antham__gommit,cyclonedx-gomod,37,37,42,42,71,71,yes,72,71,39/0/32/37/2/0/37/2/5,39/0/32/37/2/0/37/2/5,,,no,match
antham__yogo,syft,17,17,22,22,40,40,yes,41,40,27/0/13/17/10/0/22/5/0,27/0/13/17/10/0/22/5/0,,,no,match
antham__yogo,trivy,17,17,22,22,40,40,yes,41,40,25/0/15/17/8/0/22/3/0,25/0/15/17/8/0/22/3/0,,,no,match
antham__yogo,cdxgen,17,17,22,22,40,40,yes,41,40,17/0/23/17/0/0/17/0/5,17/0/23/17/0/0/17/0/5,,,no,match
antham__yogo,cyclonedx-gomod,17,17,22,22,40,40,yes,41,40,18/0/22/17/1/0/17/1/5,18/0/22/17/1/0/17/1/5,,,no,match
anthdm__hollywood,syft,38,38,42,42,117,117,yes,118,117,61/0/56/38/23/0/42/19/0,61/0/56/38/23/0/42/19/0,,,no,match
anthdm__hollywood,trivy,38,38,42,42,117,117,yes,118,117,44/0/73/38/6/0/42/2/0,44/0/73/38/6/0/42/2/0,,,no,match
anthdm__hollywood,cdxgen,38,38,42,42,117,117,yes,118,117,38/0/79/38/0/0/38/0/4,38/0/79/38/0/0/38/0/4,,,no,match
anthdm__hollywood,cyclonedx-gomod,38,38,42,42,117,117,yes,118,117,39/0/78/38/1/0/38/1/4,39/0/78/38/1/0/38/1/4,,,no,match
anthonynsimon__bild,syft,4,4,4,4,10,10,yes,11,10,5/0/5/4/1/0/4/1/0,5/0/5/4/1/0/4/1/0,,,no,match
anthonynsimon__bild,trivy,4,4,4,4,10,10,yes,11,10,5/0/5/4/1/0/4/1/0,5/0/5/4/1/0/4/1/0,,,no,match
anthonynsimon__bild,cdxgen,4,4,4,4,10,10,yes,11,10,4/0/6/4/0/0/4/0/0,4/0/6/4/0/0/4/0/0,,,no,match
anthonynsimon__bild,cyclonedx-gomod,4,4,4,4,10,10,yes,11,10,5/0/5/4/1/0/4/1/0,5/0/5/4/1/0/4/1/0,,,no,match
antonmedv__fx,syft,28,28,34,34,58,58,yes,58,57,41/0/17/28/13/0/34/7/0,40/0/17/28/12/0/34/6/0,41/0/17/28/13/0/34/7/0,,predicted,july_main_bug
antonmedv__fx,trivy,28,28,34,34,58,58,yes,58,57,37/0/21/28/9/0/34/3/0,36/0/21/28/8/0/34/2/0,37/0/21/28/9/0/34/3/0,,predicted,july_main_bug
antonmedv__fx,cdxgen,28,28,34,34,58,58,yes,58,57,28/0/30/28/0/0/28/0/6,28/0/29/28/0/0/28/0/6,28/0/30/28/0/0/28/0/6,,predicted,july_main_bug
antonmedv__fx,cyclonedx-gomod,28,28,34,34,58,58,yes,58,57,30/0/28/28/2/0/28/2/6,30/0/27/28/2/0/28/2/6,30/0/28/28/2/0/28/2/6,,predicted,july_main_bug
antst__go-apispec,syft,4,4,9,9,16,16,yes,17,16,13/122/3/4/131/0/9/126/0,13/122/3/4/131/0/9/126/0,,,no,match
antst__go-apispec,trivy,4,4,9,9,16,16,yes,17,16,12/121/4/4/129/0/9/124/0,12/121/4/4/129/0/9/124/0,,,no,match
antst__go-apispec,cdxgen,4,4,9,9,16,16,yes,17,16,6/36/10/4/38/0/4/38/5,6/36/10/4/38/0/4/38/5,,,no,match
antst__go-apispec,cyclonedx-gomod,4,4,9,9,16,16,yes,17,16,4/0/12/4/0/0/4/0/5,4/0/12/4/0/0/4/0/5,,,no,match
apache__calcite-avatica-go,syft,12,12,12,12,32,32,yes,33,32,20/0/12/12/8/0/12/8/0,20/0/12/12/8/0/12/8/0,,,no,match
apache__calcite-avatica-go,trivy,12,12,12,12,32,32,yes,33,32,12/0/20/12/0/0/12/0/0,12/0/20/12/0/0/12/0/0,,,no,match
apache__calcite-avatica-go,cdxgen,12,12,12,12,32,32,yes,33,32,12/0/20/12/0/0/12/0/0,12/0/20/12/0/0/12/0/0,,,no,match
apache__calcite-avatica-go,cyclonedx-gomod,12,12,12,12,32,32,yes,33,32,12/0/20/12/0/0/12/0/0,12/0/20/12/0/0/12/0/0,,,no,match
apecloud__kubeblocks,syft,135,135,139,139,337,337,yes,338,337,186/1/151/135/52/0/139/48/0,186/1/151/135/52/0/139/48/0,,,no,match
apecloud__kubeblocks,trivy,135,135,139,139,337,337,yes,338,337,155/1/182/135/21/0/139/17/0,155/1/182/135/21/0/139/17/0,,,no,match
apecloud__kubeblocks,cdxgen,135,135,139,139,337,337,yes,338,337,137/0/200/135/2/0/135/2/4,137/0/200/135/2/0/135/2/4,,,no,match
apecloud__kubeblocks,cyclonedx-gomod,135,135,139,139,337,337,yes,338,337,143/0/194/135/8/0/135/8/4,143/0/194/135/8/0/135/8/4,,,no,match
apex__log,syft,18,18,23,23,48,48,yes,49,48,44/0/4/18/26/0/23/21/0,44/0/4/18/26/0/23/21/0,,,no,match
apex__log,trivy,18,18,23,23,48,48,yes,49,48,48/0/0/18/30/0/23/25/0,48/0/0/18/30/0/23/25/0,,,no,match
apex__log,cdxgen,18,18,23,23,48,48,yes,49,48,18/0/30/18/0/0/18/0/5,18/0/30/18/0/0/18/0/5,,,no,match
apex__log,cyclonedx-gomod,18,18,23,23,48,48,yes,49,48,19/0/29/18/1/0/18/1/5,19/0/29/18/1/0/18/1/5,,,no,match
aplescia-chwy__lets-go,syft,11,11,15,15,44,44,yes,45,44,35/0/9/11/24/0/15/20/0,35/0/9/11/24/0/15/20/0,,,no,match
aplescia-chwy__lets-go,trivy,11,11,15,15,44,44,yes,45,44,44/0/0/11/33/0/15/29/0,44/0/0/11/33/0/15/29/0,,,no,match
aplescia-chwy__lets-go,cdxgen,11,11,15,15,44,44,yes,45,44,11/0/33/11/0/0/11/0/4,11/0/33/11/0/0/11/0/4,,,no,match
aplescia-chwy__lets-go,cyclonedx-gomod,11,11,15,15,44,44,yes,45,44,12/0/32/11/1/0/11/1/4,12/0/32/11/1/0/11/1/4,,,no,match
appleboy__drone-jenkins,syft,7,7,11,11,15,15,yes,16,15,12/0/3/7/5/0/11/1/0,12/0/3/7/5/0/11/1/0,,,no,match
appleboy__drone-jenkins,trivy,7,7,11,11,15,15,yes,16,15,11/0/4/7/4/0/11/0/0,11/0/4/7/4/0/11/0/0,,,no,match
appleboy__drone-jenkins,cdxgen,7,7,11,11,15,15,yes,16,15,7/0/8/7/0/0/7/0/4,7/0/8/7/0/0/7/0/4,,,no,match
appleboy__drone-jenkins,cyclonedx-gomod,7,7,11,11,15,15,yes,16,15,7/0/8/7/0/0/7/0/4,7/0/8/7/0/0/7/0/4,,,no,match
appleboy__drone-line,syft,32,32,36,36,59,59,yes,60,59,40/0/19/32/8/0/36/4/0,40/0/19/32/8/0/36/4/0,,,no,match
appleboy__drone-line,trivy,32,32,36,36,59,59,yes,60,59,59/0/0/32/27/0/36/23/0,59/0/0/32/27/0/36/23/0,,,no,match
appleboy__drone-line,cdxgen,32,32,36,36,59,59,yes,60,59,32/0/27/32/0/0/32/0/4,32/0/27/32/0/0/32/0/4,,,no,match
appleboy__drone-line,cyclonedx-gomod,32,32,36,36,59,59,yes,60,59,32/0/27/32/0/0/32/0/4,32/0/27/32/0/0/32/0/4,,,no,match
appleboy__drone-scp,syft,15,15,19,19,26,26,yes,27,26,21/0/5/15/6/0/19/2/0,21/0/5/15/6/0/19/2/0,,,no,match
appleboy__drone-scp,trivy,15,15,19,19,26,26,yes,27,26,19/0/7/15/4/0/19/0/0,19/0/7/15/4/0/19/0/0,,,no,match
appleboy__drone-scp,cdxgen,15,15,19,19,26,26,yes,27,26,15/0/11/15/0/0/15/0/4,15/0/11/15/0/0/15/0/4,,,no,match
appleboy__drone-scp,cyclonedx-gomod,15,15,19,19,26,26,yes,27,26,15/0/11/15/0/0/15/0/4,15/0/11/15/0/0/15/0/4,,,no,match
appleboy__easyssh-proxy,syft,3,3,7,7,14,14,yes,15,14,10/1/4/3/8/0/7/4/0,10/1/4/3/8/0/7/4/0,,,no,match
appleboy__easyssh-proxy,trivy,3,3,7,7,14,14,yes,15,14,8/1/6/3/6/0/7/2/0,8/1/6/3/6/0/7/2/0,,,no,match
appleboy__easyssh-proxy,cdxgen,3,3,7,7,14,14,yes,15,14,3/0/11/3/0/0/3/0/4,3/0/11/3/0/0/3/0/4,,,no,match
appleboy__easyssh-proxy,cyclonedx-gomod,3,3,7,7,14,14,yes,15,14,4/0/10/3/1/0/3/1/4,4/0/10/3/1/0/3/1/4,,,no,match
appleboy__gorush,syft,130,130,136,136,391,391,yes,392,391,206/1/185/130/77/0/136/71/0,206/1/185/130/77/0/136/71/0,,,no,match
appleboy__gorush,trivy,130,130,136,136,391,391,yes,392,391,150/0/241/130/20/0/136/14/0,150/0/241/130/20/0/136/14/0,,,no,match
appleboy__gorush,cdxgen,130,130,136,136,391,391,yes,392,391,130/0/261/130/0/0/130/0/6,130/0/261/130/0/0/130/0/6,,,no,match
appleboy__gorush,cyclonedx-gomod,130,130,136,136,391,391,yes,392,391,144/0/247/130/14/0/130/14/6,144/0/247/130/14/0/130/14/6,,,no,match
aptly-dev__aptly,syft,171,171,182,182,421,421,yes,422,421,244/0/177/171/73/0/182/62/0,244/0/177/171/73/0/182/62/0,,,no,match
aptly-dev__aptly,trivy,171,171,182,182,421,421,yes,422,421,194/0/227/171/23/0/182/12/0,194/0/227/171/23/0/182/12/0,,,no,match
aptly-dev__aptly,cdxgen,171,171,182,182,421,421,yes,422,421,194/0/227/171/23/0/182/12/0,194/0/227/171/23/0/182/12/0,,,no,match
aptly-dev__aptly,cyclonedx-gomod,171,171,182,182,421,421,yes,422,421,181/0/240/171/10/0/171/10/11,181/0/240/171/10/0/171/10/11,,,no,match
araddon__dateparse,syft,3,3,7,7,9,9,yes,10,9,8/0/1/3/5/0/7/1/0,8/0/1/3/5/0/7/1/0,,,no,match
araddon__dateparse,trivy,3,3,7,7,9,9,yes,10,9,9/0/0/3/6/0/7/2/0,9/0/0/3/6/0/7/2/0,,,no,match
araddon__dateparse,cdxgen,3,3,7,7,9,9,yes,10,9,3/0/6/3/0/0/3/0/4,3/0/6/3/0/0/3/0/4,,,no,match
araddon__dateparse,cyclonedx-gomod,3,3,7,7,9,9,yes,10,9,3/0/6/3/0/0/3/0/4,3/0/6/3/0/0/3/0/4,,,no,match
aragossa__pii-shield,syft,13,13,14,14,41,41,yes,42,41,33/87/8/13/107/0/14/106/0,33/87/8/13/107/0/14/106/0,,,no,match
aragossa__pii-shield,trivy,13,13,14,14,41,41,yes,42,41,27/70/14/13/84/0/14/83/0,27/70/14/13/84/0/14/83/0,,,no,match
aragossa__pii-shield,cdxgen,13,13,14,14,41,41,yes,42,41,23/65/18/13/75/0/13/75/1,23/65/18/13/75/0/13/75/1,,,no,match
aragossa__pii-shield,cyclonedx-gomod,13,13,14,14,41,41,yes,42,41,13/0/28/13/0/0/13/0/1,13/0/28/13/0/0/13/0/1,,,no,match
arceus-7__chroma16,syft,13,13,13,13,16,16,yes,17,16,14/0/2/13/1/0/13/1/0,14/0/2/13/1/0/13/1/0,,,no,match
arceus-7__chroma16,trivy,13,13,13,13,16,16,yes,17,16,13/0/3/13/0/0/13/0/0,13/0/3/13/0/0/13/0/0,,,no,match
arceus-7__chroma16,cdxgen,13,13,13,13,16,16,yes,17,16,13/0/3/13/0/0/13/0/0,13/0/3/13/0/0/13/0/0,,,no,match
arceus-7__chroma16,cyclonedx-gomod,13,13,13,13,16,16,yes,17,16,13/0/3/13/0/0/13/0/0,13/0/3/13/0/0/13/0/0,,,no,match
arch-go__arch-go,syft,26,26,27,27,102,102,yes,103,102,42/0/60/26/16/0/27/15/0,42/0/60/26/16/0/27/15/0,,,no,match
arch-go__arch-go,trivy,26,26,27,27,102,102,yes,103,102,36/0/66/26/10/0/27/9/0,36/0/66/26/10/0/27/9/0,,,no,match
arch-go__arch-go,cdxgen,26,26,27,27,102,102,yes,103,102,26/0/76/26/0/0/26/0/1,26/0/76/26/0/0/26/0/1,,,no,match
arch-go__arch-go,cyclonedx-gomod,26,26,27,27,102,102,yes,103,102,27/0/75/24/3/2/24/3/3,27/0/75/24/3/2/24/3/3,,,no,match
ardanlabs__service,syft,63,63,64,64,176,176,yes,177,176,102/0/74/63/39/0/64/38/0,102/0/74/63/39/0/64/38/0,,,no,match
ardanlabs__service,trivy,63,63,64,64,176,176,yes,177,176,68/0/108/63/5/0/64/4/0,68/0/108/63/5/0/64/4/0,,,no,match
ardanlabs__service,cdxgen,63,63,64,64,176,176,yes,177,176,68/0/108/63/5/0/64/4/0,68/0/108/63/5/0/64/4/0,,,no,match
ardanlabs__service,cyclonedx-gomod,63,63,64,64,176,176,yes,177,176,67/0/109/63/4/0/63/4/1,67/0/109/63/4/0/63/4/1,,,no,match
arduino__arduino-cli,syft,81,81,87,87,448,448,yes,449,448,223/1/225/80/144/1/86/138/1,223/1/225/80/144/1/86/138/1,,,no,match
arduino__arduino-cli,trivy,81,81,87,87,448,448,yes,449,448,191/1/257/80/112/1/86/106/1,191/1/257/80/112/1/86/106/1,,,no,match
arduino__arduino-cli,cdxgen,81,81,87,87,448,448,yes,449,448,81/0/367/81/0/0/81/0/6,81/0/367/81/0/0/81/0/6,,,no,match
arduino__arduino-cli,cyclonedx-gomod,81,81,87,87,448,448,yes,449,448,183/1/265/78/106/3/78/106/9,183/1/265/78/106/3/78/106/9,,,no,match
ariga__atlas,syft,17,17,18,18,37,37,yes,38,37,29/93/8/17/105/0/18/104/0,29/93/8/17/105/0/18/104/0,,,no,match
ariga__atlas,trivy,17,17,18,18,37,37,yes,38,37,27/76/10/17/86/0/18/85/0,27/76/10/17/86/0/18/85/0,,,no,match
ariga__atlas,cdxgen,17,17,18,18,37,37,yes,38,37,22/71/15/17/76/0/18/75/0,22/71/15/17/76/0/18/75/0,,,no,match
ariga__atlas,cyclonedx-gomod,17,17,18,18,37,37,yes,38,37,17/0/20/17/0/0/17/0/1,17/0/20/17/0/0/17/0/1,,,no,match
arikama__go-mysql-test-container,syft,27,27,31,31,302,302,yes,303,302,50/0/252/27/23/0/31/19/0,50/0/252/27/23/0/31/19/0,,,no,match
arikama__go-mysql-test-container,trivy,27,27,31,31,302,302,yes,303,302,37/0/265/27/10/0/31/6/0,37/0/265/27/10/0/31/6/0,,,no,match
arikama__go-mysql-test-container,cdxgen,27,27,31,31,302,302,yes,303,302,27/0/275/27/0/0/27/0/4,27/0/275/27/0/0/27/0/4,,,no,match
arikama__go-mysql-test-container,cyclonedx-gomod,27,27,31,31,302,302,yes,303,302,32/0/270/26/6/1/26/6/5,32/0/270/26/6/1/26/6/5,,,no,match
arl__statsviz,syft,1,1,3,3,10,10,yes,11,10,6/122/4/1/127/0/3/125/0,6/122/4/1/127/0/3/125/0,,,no,match
arl__statsviz,trivy,1,1,3,3,10,10,yes,11,10,5/92/5/1/96/0/3/94/0,5/92/5/1/96/0/3/94/0,,,no,match
arl__statsviz,cdxgen,1,1,3,3,10,10,yes,11,10,3/68/7/1/70/0/1/70/2,3/68/7/1/70/0/1/70/2,,,no,match
arl__statsviz,cyclonedx-gomod,1,1,3,3,10,10,yes,11,10,1/0/9/1/0/0/1/0/2,1/0/9/1/0/0/1/0/2,,,no,match
arthurkiller__rollingWriter,syft,1,1,4,4,5,5,yes,6,5,4/0/1/1/3/0/4/0/0,4/0/1/1/3/0/4/0/0,,,no,match
arthurkiller__rollingWriter,trivy,1,1,4,4,5,5,yes,6,5,5/0/0/1/4/0/4/1/0,5/0/0/1/4/0/4/1/0,,,no,match
arthurkiller__rollingWriter,cdxgen,1,1,4,4,5,5,yes,6,5,1/0/4/1/0/0/1/0/3,1/0/4/1/0/0/1/0/3,,,no,match
arthurkiller__rollingWriter,cyclonedx-gomod,1,1,4,4,5,5,yes,6,5,1/0/4/1/0/0/1/0/3,1/0/4/1/0/0/1/0/3,,,no,match
arthurkushman__buildsqlx,syft,3,3,7,7,12,12,yes,13,12,8/0/4/3/5/0/7/1/0,8/0/4/3/5/0/7/1/0,,,no,match
arthurkushman__buildsqlx,trivy,3,3,7,7,12,12,yes,13,12,7/0/5/3/4/0/7/0/0,7/0/5/3/4/0/7/0/0,,,no,match
arthurkushman__buildsqlx,cdxgen,3,3,7,7,12,12,yes,13,12,3/0/9/3/0/0/3/0/4,3/0/9/3/0/0/3/0/4,,,no,match
arthurkushman__buildsqlx,cyclonedx-gomod,3,3,7,7,12,12,yes,13,12,3/0/9/3/0/0/3/0/4,3/0/9/3/0/0/3/0/4,,,no,match
artonge__go-gtfs,syft,1,1,1,1,1,1,yes,2,1,1/0/0/1/0/0/1/0/0,1/0/0/1/0/0/1/0/0,,,no,match
artonge__go-gtfs,trivy,1,1,1,1,1,1,yes,2,1,1/0/0/1/0/0/1/0/0,1/0/0/1/0/0/1/0/0,,,no,match
artonge__go-gtfs,cdxgen,1,1,1,1,1,1,yes,2,1,1/0/0/1/0/0/1/0/0,1/0/0/1/0/0/1/0/0,,,no,match
artonge__go-gtfs,cyclonedx-gomod,1,1,1,1,1,1,yes,2,1,1/0/0/1/0/0/1/0/0,1/0/0/1/0/0/1/0/0,,,no,match
arunsupe__semantic-grep,syft,4,4,4,4,7,7,yes,8,7,4/4/3/4/4/0/4/4/0,4/4/3/4/4/0/4/4/0,,,no,match
arunsupe__semantic-grep,trivy,4,4,4,4,7,7,yes,8,7,4/3/3/4/3/0/4/3/0,4/3/3/4/3/0/4/3/0,,,no,match
arunsupe__semantic-grep,cdxgen,4,4,4,4,7,7,yes,8,7,4/1/3/4/1/0/4/1/0,4/1/3/4/1/0/4/1/0,,,no,match
arunsupe__semantic-grep,cyclonedx-gomod,4,4,4,4,7,7,yes,8,7,4/0/3/4/0/0/4/0/0,4/0/3/4/0/0/4/0/0,,,no,match
arxdsilva__golang-ifood-sdk,syft,8,8,9,9,18,18,yes,19,18,17/0/1/8/9/0/9/8/0,17/0/1/8/9/0/9/8/0,,,no,match
arxdsilva__golang-ifood-sdk,trivy,8,8,9,9,18,18,yes,19,18,11/0/7/8/3/0/9/2/0,11/0/7/8/3/0/9/2/0,,,no,match
arxdsilva__golang-ifood-sdk,cdxgen,8,8,9,9,18,18,yes,19,18,8/0/10/8/0/0/8/0/1,8/0/10/8/0/0/8/0/1,,,no,match
arxdsilva__golang-ifood-sdk,cyclonedx-gomod,8,8,9,9,18,18,yes,19,18,7/0/11/7/0/1/7/0/2,7/0/11/7/0/1/7/0/2,,,no,match
asciimoo__colly,syft,18,18,18,18,33,33,yes,34,33,23/0/10/18/5/0/18/5/0,23/0/10/18/5/0/18/5/0,,,no,match
asciimoo__colly,trivy,18,18,18,18,33,33,yes,34,33,19/0/14/18/1/0/18/1/0,19/0/14/18/1/0/18/1/0,,,no,match
asciimoo__colly,cdxgen,18,18,18,18,33,33,yes,34,33,18/0/15/18/0/0/18/0/0,18/0/15/18/0/0/18/0/0,,,no,match
asciimoo__colly,cyclonedx-gomod,18,18,18,18,33,33,yes,34,33,18/0/15/18/0/0/18/0/0,18/0/15/18/0/0/18/0/0,,,no,match
asciimoo__wuzz,syft,24,24,24,24,39,39,yes,40,39,39/0/0/24/15/0/24/15/0,39/0/0/24/15/0/24/15/0,,,no,match
asciimoo__wuzz,trivy,24,24,24,24,39,39,yes,40,39,39/0/0/24/15/0/24/15/0,39/0/0/24/15/0/24/15/0,,,no,match
asciimoo__wuzz,cdxgen,24,24,24,24,39,39,yes,40,39,24/0/15/24/0/0/24/0/0,24/0/15/24/0/0/24/0/0,,,no,match
asciimoo__wuzz,cyclonedx-gomod,24,24,24,24,39,39,yes,40,39,24/0/15/24/0/0/24/0/0,24/0/15/24/0/0/24/0/0,,,no,match
asdine__storm,syft,5,5,8,8,19,19,yes,20,19,14/0/5/5/9/0/8/6/0,14/0/5/5/9/0/8/6/0,,,no,match
asdine__storm,trivy,5,5,8,8,19,19,yes,20,19,19/0/0/5/14/0/8/11/0,19/0/0/5/14/0/8/11/0,,,no,match
asdine__storm,cdxgen,5,5,8,8,19,19,yes,20,19,5/0/14/5/0/0/5/0/3,5/0/14/5/0/0/5/0/3,,,no,match
asdine__storm,cyclonedx-gomod,5,5,8,8,19,19,yes,20,19,9/0/10/5/4/0/5/4/3,9/0/10/5/4/0/5/4/3,,,no,match
assafmo__joincap,syft,5,5,5,5,12,12,yes,13,12,5/0/7/5/0/0/5/0/0,5/0/7/5/0/0/5/0/0,,,no,match
assafmo__joincap,trivy,5,5,5,5,12,12,yes,13,12,12/0/0/5/7/0/5/7/0,12/0/0/5/7/0/5/7/0,,,no,match
assafmo__joincap,cdxgen,5,5,5,5,12,12,yes,13,12,5/0/7/5/0/0/5/0/0,5/0/7/5/0/0/5/0/0,,,no,match
assafmo__joincap,cyclonedx-gomod,5,5,5,5,12,12,yes,13,12,5/0/7/5/0/0/5/0/0,5/0/7/5/0/0/5/0/0,,,no,match
asticode__go-astiav,syft,1,1,5,5,7,7,yes,8,7,6/0/1/1/5/0/5/1/0,6/0/1/1/5/0/5/1/0,,,no,match
asticode__go-astiav,trivy,1,1,5,5,7,7,yes,8,7,5/0/2/1/4/0/5/0/0,5/0/2/1/4/0/5/0/0,,,no,match
asticode__go-astiav,cdxgen,1,1,5,5,7,7,yes,8,7,1/0/6/1/0/0/1/0/4,1/0/6/1/0/0/1/0/4,,,no,match
asticode__go-astiav,cyclonedx-gomod,1,1,5,5,7,7,yes,8,7,1/0/6/1/0/0/1/0/4,1/0/6/1/0/0/1/0/4,,,no,match
asticode__go-astisub,syft,4,4,8,8,14,14,yes,15,14,9/0/5/4/5/0/8/1/0,9/0/5/4/5/0/8/1/0,,,no,match
asticode__go-astisub,trivy,4,4,8,8,14,14,yes,15,14,14/0/0/4/10/0/8/6/0,14/0/0/4/10/0/8/6/0,,,no,match
asticode__go-astisub,cdxgen,4,4,8,8,14,14,yes,15,14,4/0/10/4/0/0/4/0/4,4/0/10/4/0/0/4/0/4,,,no,match
asticode__go-astisub,cyclonedx-gomod,4,4,8,8,14,14,yes,15,14,4/0/10/4/0/0/4/0/4,4/0/10/4/0/0/4/0/4,,,no,match
asticode__go-astitodo,syft,1,1,5,5,7,7,yes,8,7,6/0/1/1/5/0/5/1/0,6/0/1/1/5/0/5/1/0,,,no,match
asticode__go-astitodo,trivy,1,1,5,5,7,7,yes,8,7,5/0/2/1/4/0/5/0/0,5/0/2/1/4/0/5/0/0,,,no,match
asticode__go-astitodo,cdxgen,1,1,5,5,7,7,yes,8,7,1/0/6/1/0/0/1/0/4,1/0/6/1/0/0/1/0/4,,,no,match
asticode__go-astitodo,cyclonedx-gomod,1,1,5,5,7,7,yes,8,7,1/0/6/1/0/0/1/0/4,1/0/6/1/0/0/1/0/4,,,no,match
asticode__go-astits,syft,2,2,6,6,8,8,yes,9,8,7/0/1/2/5/0/6/1/0,7/0/1/2/5/0/6/1/0,,,no,match
asticode__go-astits,trivy,2,2,6,6,8,8,yes,9,8,6/0/2/2/4/0/6/0/0,6/0/2/2/4/0/6/0/0,,,no,match
asticode__go-astits,cdxgen,2,2,6,6,8,8,yes,9,8,2/0/6/2/0/0/2/0/4,2/0/6/2/0/0/2/0/4,,,no,match
asticode__go-astits,cyclonedx-gomod,2,2,6,6,8,8,yes,9,8,2/0/6/2/0/0/2/0/4,2/0/6/2/0/0/2/0/4,,,no,match
asynkron__protoactor-go,syft,107,107,109,109,219,219,yes,220,219,138/66/81/107/97/0/109/95/0,138/66/81/107/97/0/109/95/0,,,no,match
asynkron__protoactor-go,trivy,107,107,109,109,219,219,yes,220,219,118/64/101/107/75/0/109/73/0,118/64/101/107/75/0/109/73/0,,,no,match
asynkron__protoactor-go,cdxgen,107,107,109,109,219,219,yes,220,219,118/19/101/107/30/0/109/28/0,118/19/101/107/30/0/109/28/0,,,no,match
asynkron__protoactor-go,cyclonedx-gomod,107,107,109,109,219,219,yes,220,219,108/0/111/107/1/0/107/1/2,108/0/111/107/1/0/107/1/2,,,no,match
augmentable-dev__tickgit,syft,19,19,19,19,125,125,yes,126,125,39/0/86/19/20/0/19/20/0,39/0/86/19/20/0/19/20/0,,,no,match
augmentable-dev__tickgit,trivy,19,19,19,19,125,125,yes,126,125,125/0/0/19/106/0/19/106/0,125/0/0/19/106/0/19/106/0,,,no,match
augmentable-dev__tickgit,cdxgen,19,19,19,19,125,125,yes,126,125,19/0/106/19/0/0/19/0/0,19/0/106/19/0/0/19/0/0,,,no,match
augmentable-dev__tickgit,cyclonedx-gomod,19,19,19,19,125,125,yes,126,125,21/0/104/19/2/0/19/2/0,21/0/104/19/2/0/19/2/0,,,no,match
aurelien-rainone__go-rquad,syft,1,1,1,1,1,1,yes,2,1,1/0/0/1/0/0/1/0/0,1/0/0/1/0/0/1/0/0,,,no,match
aurelien-rainone__go-rquad,trivy,1,1,1,1,1,1,yes,2,1,1/0/0/1/0/0/1/0/0,1/0/0/1/0/0/1/0/0,,,no,match
aurelien-rainone__go-rquad,cdxgen,1,1,1,1,1,1,yes,2,1,1/0/0/1/0/0/1/0/0,1/0/0/1/0/0/1/0/0,,,no,match
aurelien-rainone__go-rquad,cyclonedx-gomod,1,1,1,1,1,1,yes,2,1,1/0/0/1/0/0/1/0/0,1/0/0/1/0/0/1/0/0,,,no,match
authzed__spicedb,syft,228,228,230,230,469,469,yes,470,469,297/211/172/228/280/0/230/278/0,297/211/172/228/280/0/230/278/0,,,no,match
authzed__spicedb,trivy,228,228,230,230,469,469,yes,470,469,275/191/194/228/238/0/230/236/0,275/191/194/228/238/0/230/236/0,,,no,match
authzed__spicedb,cdxgen,228,228,230,230,469,469,yes,470,469,NA,NA,,,no,match
authzed__spicedb,cyclonedx-gomod,228,228,230,230,469,469,yes,470,469,241/0/228/228/13/0/228/13/2,241/0/228/228/13/0/228/13/2,,,no,match
avito-tech__normalize,syft,1,1,1,1,3,3,yes,4,3,3/0/0/1/2/0/1/2/0,3/0/0/1/2/0/1/2/0,,,no,match
avito-tech__normalize,trivy,1,1,1,1,3,3,yes,4,3,3/0/0/1/2/0/1/2/0,3/0/0/1/2/0/1/2/0,,,no,match
avito-tech__normalize,cdxgen,1,1,1,1,3,3,yes,4,3,1/0/2/1/0/0/1/0/0,1/0/2/1/0/0/1/0/0,,,no,match
avito-tech__normalize,cyclonedx-gomod,1,1,1,1,3,3,yes,4,3,1/0/2/1/0/0/1/0/0,1/0/2/1/0/0/1/0/0,,,no,match
awalterschulze__goderive,syft,3,3,3,3,7,7,yes,8,7,4/0/3/3/1/0/3/1/0,4/0/3/3/1/0/3/1/0,,,no,match
awalterschulze__goderive,trivy,3,3,3,3,7,7,yes,8,7,3/0/4/3/0/0/3/0/0,3/0/4/3/0/0/3/0/0,,,no,match
awalterschulze__goderive,cdxgen,3,3,3,3,7,7,yes,8,7,3/0/4/3/0/0/3/0/0,3/0/4/3/0/0/3/0/0,,,no,match
awalterschulze__goderive,cyclonedx-gomod,3,3,3,3,7,7,yes,8,7,3/0/4/3/0/0/3/0/0,3/0/4/3/0/0/3/0/0,,,no,match
awnumar__memguard,syft,4,4,4,4,7,7,yes,8,7,4/0/3/4/0/0/4/0/0,4/0/3/4/0/0/4/0/0,,,no,match
awnumar__memguard,trivy,4,4,4,4,7,7,yes,8,7,4/0/3/4/0/0/4/0/0,4/0/3/4/0/0/4/0/0,,,no,match
awnumar__memguard,cdxgen,4,4,4,4,7,7,yes,8,7,4/0/3/4/0/0/4/0/0,4/0/3/4/0/0/4/0/0,,,no,match
awnumar__memguard,cyclonedx-gomod,4,4,4,4,7,7,yes,8,7,4/0/3/4/0/0/4/0/0,4/0/3/4/0/0/4/0/0,,,no,match
aws__aws-sdk-go-v2,syft,1,1,1,1,1,1,yes,2,1,1/474/0/1/474/0/1/474/0,1/474/0/1/474/0/1/474/0,,,no,match
aws__aws-sdk-go-v2,trivy,1,1,1,1,1,1,yes,2,1,1/473/0/1/473/0/1/473/0,1/473/0/1/473/0/1/473/0,,,no,match
aws__aws-sdk-go-v2,cdxgen,1,1,1,1,1,1,yes,2,1,1/22/0/1/22/0/1/22/0,1/22/0/1/22/0/1/22/0,,,no,match
aws__aws-sdk-go-v2,cyclonedx-gomod,1,1,1,1,1,1,yes,2,1,1/0/0/1/0/0/1/0/0,1/0/0/1/0/0/1/0/0,,,no,match
axiomhq__hyperloglog,syft,2,2,6,6,15,15,yes,16,15,10/0/5/2/8/0/6/4/0,10/0/5/2/8/0/6/4/0,,,no,match
axiomhq__hyperloglog,trivy,2,2,6,6,15,15,yes,16,15,9/0/6/2/7/0/6/3/0,9/0/6/2/7/0/6/3/0,,,no,match
axiomhq__hyperloglog,cdxgen,2,2,6,6,15,15,yes,16,15,2/0/13/2/0/0/2/0/4,2/0/13/2/0/0/2/0/4,,,no,match
axiomhq__hyperloglog,cyclonedx-gomod,2,2,6,6,15,15,yes,16,15,2/0/13/2/0/0/2/0/4,2/0/13/2/0/0/2/0/4,,,no,match
axllent__mailpit,syft,55,55,55,55,87,87,yes,88,87,78/0/9/55/23/0/55/23/0,78/0/9/55/23/0/55/23/0,,,no,match
axllent__mailpit,trivy,55,55,55,55,87,87,yes,88,87,57/0/30/55/2/0/55/2/0,57/0/30/55/2/0/55/2/0,,,no,match
axllent__mailpit,cdxgen,55,55,55,55,87,87,yes,88,87,55/0/32/55/0/0/55/0/0,55/0/32/55/0/0/55/0/0,,,no,match
axllent__mailpit,cyclonedx-gomod,55,55,55,55,87,87,yes,88,87,57/0/30/55/2/0/55/2/0,57/0/30/55/2/0/55/2/0,,,no,match
axzilla__templui,syft,7,7,7,7,39,39,yes,40,39,30/0/9/7/23/0/7/23/0,30/0/9/7/23/0/7/23/0,,,no,match
axzilla__templui,trivy,7,7,7,7,39,39,yes,40,39,28/0/11/7/21/0/7/21/0,28/0/11/7/21/0/7/21/0,,,no,match
axzilla__templui,cdxgen,7,7,7,7,39,39,yes,40,39,28/0/11/7/21/0/7/21/0,28/0/11/7/21/0/7/21/0,,,no,match
axzilla__templui,cyclonedx-gomod,7,7,7,7,39,39,yes,40,39,21/0/18/7/14/0/7/14/0,21/0/18/7/14/0/7/14/0,,,no,match
aymanhs__nanotdb,syft,2,2,2,2,2,2,yes,3,2,2/0/0/2/0/0/2/0/0,2/0/0/2/0/0/2/0/0,,,no,match
aymanhs__nanotdb,trivy,2,2,2,2,2,2,yes,3,2,2/0/0/2/0/0/2/0/0,2/0/0/2/0/0/2/0/0,,,no,match
aymanhs__nanotdb,cdxgen,2,2,2,2,2,2,yes,3,2,2/0/0/2/0/0/2/0/0,2/0/0/2/0/0/2/0/0,,,no,match
aymanhs__nanotdb,cyclonedx-gomod,2,2,2,2,2,2,yes,3,2,2/0/0/2/0/0/2/0/0,2/0/0/2/0/0/2/0/0,,,no,match
azer__logger,syft,1,1,1,1,1,1,yes,2,1,1/0/0/1/0/0/1/0/0,1/0/0/1/0/0/1/0/0,,,no,match
azer__logger,trivy,1,1,1,1,1,1,yes,2,1,1/0/0/1/0/0/1/0/0,1/0/0/1/0/0/1/0/0,,,no,match
azer__logger,cdxgen,1,1,1,1,1,1,yes,2,1,1/0/0/1/0/0/1/0/0,1/0/0/1/0/0/1/0/0,,,no,match
azer__logger,cyclonedx-gomod,1,1,1,1,1,1,yes,2,1,1/0/0/1/0/0/1/0/0,1/0/0/1/0/0/1/0/0,,,no,match
baalimago__wd-41,syft,4,4,4,4,8,8,yes,9,8,4/0/4/4/0/0/4/0/0,4/0/4/4/0/0/4/0/0,,,no,match
baalimago__wd-41,trivy,4,4,4,4,8,8,yes,9,8,4/0/4/4/0/0/4/0/0,4/0/4/4/0/0/4/0/0,,,no,match
baalimago__wd-41,cdxgen,4,4,4,4,8,8,yes,9,8,4/0/4/4/0/0/4/0/0,4/0/4/4/0/0/4/0/0,,,no,match
baalimago__wd-41,cyclonedx-gomod,4,4,4,4,8,8,yes,9,8,4/0/4/4/0/0/4/0/0,4/0/4/4/0/0/4/0/0,,,no,match
balerter__balerter,syft,58,58,64,64,145,145,yes,146,145,88/0/57/58/30/0/64/24/0,88/0/57/58/30/0/64/24/0,,,no,match
balerter__balerter,trivy,58,58,64,64,145,145,yes,146,145,68/0/77/58/10/0/64/4/0,68/0/77/58/10/0/64/4/0,,,no,match
balerter__balerter,cdxgen,58,58,64,64,145,145,yes,146,145,68/0/77/58/10/0/64/4/0,68/0/77/58/10/0/64/4/0,,,no,match
balerter__balerter,cyclonedx-gomod,58,58,64,64,145,145,yes,146,145,62/0/83/58/4/0/58/4/6,62/0/83/58/4/0/58/4/6,,,no,match
bamzi__jobrunner,syft,1,1,1,1,1,1,yes,2,1,1/0/0/1/0/0/1/0/0,1/0/0/1/0/0/1/0/0,,,no,match
bamzi__jobrunner,trivy,1,1,1,1,1,1,yes,2,1,1/0/0/1/0/0/1/0/0,1/0/0/1/0/0/1/0/0,,,no,match
bamzi__jobrunner,cdxgen,1,1,1,1,1,1,yes,2,1,1/0/0/1/0/0/1/0/0,1/0/0/1/0/0/1/0/0,,,no,match
bamzi__jobrunner,cyclonedx-gomod,1,1,1,1,1,1,yes,2,1,1/0/0/1/0/0/1/0/0,1/0/0/1/0/0/1/0/0,,,no,match
bart6114__cheek,syft,29,29,33,33,114,114,yes,115,114,45/0/69/29/16/0/33/12/0,45/0/69/29/16/0/33/12/0,,,no,match
bart6114__cheek,trivy,29,29,33,33,114,114,yes,115,114,37/0/77/29/8/0/33/4/0,37/0/77/29/8/0/33/4/0,,,no,match
bart6114__cheek,cdxgen,29,29,33,33,114,114,yes,115,114,29/0/85/29/0/0/29/0/4,29/0/85/29/0/0/29/0/4,,,no,match
bart6114__cheek,cyclonedx-gomod,29,29,33,33,114,114,yes,115,114,31/0/83/29/2/0/29/2/4,31/0/83/29/2/0/29/2/4,,,no,match
bartventer__gorm-multitenancy,syft,9,9,9,9,14,14,yes,15,14,12/171/2/9/174/0/9/174/0,12/171/2/9/174/0/9/174/0,,,no,match
bartventer__gorm-multitenancy,trivy,9,9,9,9,14,14,yes,15,14,10/147/4/9/148/0/9/148/0,10/147/4/9/148/0/9/148/0,,,no,match
bartventer__gorm-multitenancy,cdxgen,9,9,9,9,14,14,yes,15,14,10/107/4/9/108/0/9/108/0,10/107/4/9/108/0/9/108/0,,,no,match
bartventer__gorm-multitenancy,cyclonedx-gomod,9,9,9,9,14,14,yes,15,14,9/0/5/9/0/0/9/0/0,9/0/5/9/0/0/9/0/0,,,no,match
barweiss__go-tuple,syft,1,1,5,5,11,11,yes,12,11,6/0/5/1/5/0/5/1/0,6/0/5/1/5/0/5/1/0,,,no,match
barweiss__go-tuple,trivy,1,1,5,5,11,11,yes,12,11,5/0/6/1/4/0/5/0/0,5/0/6/1/4/0/5/0/0,,,no,match
barweiss__go-tuple,cdxgen,1,1,5,5,11,11,yes,12,11,1/0/10/1/0/0/1/0/4,1/0/10/1/0/0/1/0/4,,,no,match
barweiss__go-tuple,cyclonedx-gomod,1,1,5,5,11,11,yes,12,11,1/0/10/1/0/0/1/0/4,1/0/10/1/0/0/1/0/4,,,no,match
bcicen__ctop,syft,43,43,43,43,104,104,yes,105,104,63/0/41/43/20/0/43/20/0,63/0/41/43/20/0/43/20/0,,,no,match
bcicen__ctop,trivy,43,43,43,43,104,104,yes,105,104,55/0/49/43/12/0/43/12/0,55/0/49/43/12/0/43/12/0,,,no,match
bcicen__ctop,cdxgen,43,43,43,43,104,104,yes,105,104,43/0/61/43/0/0/43/0/0,43/0/61/43/0/0/43/0/0,,,no,match
bcicen__ctop,cyclonedx-gomod,43,43,43,43,104,104,yes,105,104,51/0/53/43/8/0/43/8/0,51/0/53/43/8/0/43/8/0,,,no,match
bdjimmy__gbind,syft,6,6,17,17,35,35,yes,36,35,22/0/13/6/16/0/17/5/0,22/0/13/6/16/0/17/5/0,,,no,match
bdjimmy__gbind,trivy,6,6,17,17,35,35,yes,36,35,35/0/0/6/29/0/17/18/0,35/0/0/6/29/0/17/18/0,,,no,match
bdjimmy__gbind,cdxgen,6,6,17,17,35,35,yes,36,35,6/0/29/6/0/0/6/0/11,6/0/29/6/0/0/6/0/11,,,no,match
bdjimmy__gbind,cyclonedx-gomod,6,6,17,17,35,35,yes,36,35,7/0/28/6/1/0/7/0/10,7/0/28/6/1/0/7/0/10,,,no,match
beatlabs__harvester,syft,20,20,24,24,112,112,yes,113,112,46/0/66/20/26/0/24/22/0,46/0/66/20/26/0/24/22/0,,,no,match
beatlabs__harvester,trivy,20,20,24,24,112,112,yes,113,112,27/0/85/20/7/0/24/3/0,27/0/85/20/7/0/24/3/0,,,no,match
beatlabs__harvester,cdxgen,20,20,24,24,112,112,yes,113,112,27/0/85/20/7/0/24/3/0,27/0/85/20/7/0/24/3/0,,,no,match
beatlabs__harvester,cyclonedx-gomod,20,20,24,24,112,112,yes,113,112,21/0/91/20/1/0/20/1/4,21/0/91/20/1/0/20/1/4,,,no,match
beatlabs__patron,syft,76,76,77,77,116,116,yes,117,116,93/0/23/76/17/0/77/16/0,93/0/23/76/17/0/77/16/0,,,no,match
beatlabs__patron,trivy,76,76,77,77,116,116,yes,117,116,80/0/36/76/4/0/77/3/0,80/0/36/76/4/0/77/3/0,,,no,match
beatlabs__patron,cdxgen,76,76,77,77,116,116,yes,117,116,80/0/36/76/4/0/77/3/0,80/0/36/76/4/0/77/3/0,,,no,match
beatlabs__patron,cyclonedx-gomod,76,76,77,77,116,116,yes,117,116,77/0/39/76/1/0/76/1/1,77/0/39/76/1/0/76/1/1,,,no,match
bebop__poly,syft,7,7,13,13,22,22,yes,23,22,17/0/5/7/10/0/13/4/0,17/0/5/7/10/0/13/4/0,,,no,match
bebop__poly,trivy,7,7,13,13,22,22,yes,23,22,14/0/8/7/7/0/13/1/0,14/0/8/7/7/0/13/1/0,,,no,match
bebop__poly,cdxgen,7,7,13,13,22,22,yes,23,22,7/0/15/7/0/0/7/0/6,7/0/15/7/0/0/7/0/6,,,no,match
bebop__poly,cyclonedx-gomod,7,7,13,13,22,22,yes,23,22,7/0/15/7/0/0/7/0/6,7/0/15/7/0/0/7/0/6,,,no,match
becheran__roumon,syft,5,5,9,9,12,12,yes,13,12,10/0/2/5/5/0/9/1/0,10/0/2/5/5/0/9/1/0,,,no,match
becheran__roumon,trivy,5,5,9,9,12,12,yes,13,12,9/0/3/5/4/0/9/0/0,9/0/3/5/4/0/9/0/0,,,no,match
becheran__roumon,cdxgen,5,5,9,9,12,12,yes,13,12,5/0/7/5/0/0/5/0/4,5/0/7/5/0/0/5/0/4,,,no,match
becheran__roumon,cyclonedx-gomod,5,5,9,9,12,12,yes,13,12,5/0/7/5/0/0/5/0/4,5/0/7/5/0/0/5/0/4,,,no,match
beego__beego,syft,71,71,78,78,198,198,yes,199,198,96/0/102/71/25/0/78/18/0,96/0/102/71/25/0/78/18/0,,,no,match
beego__beego,trivy,71,71,78,78,198,198,yes,199,198,78/0/120/71/7/0/78/0/0,78/0/120/71/7/0/78/0/0,,,no,match
beego__beego,cdxgen,71,71,78,78,198,198,yes,199,198,71/0/127/71/0/0/71/0/7,71/0/127/71/0/0/71/0/7,,,no,match
beego__beego,cyclonedx-gomod,71,71,78,78,198,198,yes,199,198,71/0/127/71/0/0/71/0/7,71/0/127/71/0/0/71/0/7,,,no,match
bengadbois__pewpew,syft,19,19,19,19,38,38,yes,39,38,30/0/8/19/11/0/19/11/0,30/0/8/19/11/0/19/11/0,,,no,match
bengadbois__pewpew,trivy,19,19,19,19,38,38,yes,39,38,21/0/17/19/2/0/19/2/0,21/0/17/19/2/0/19/2/0,,,no,match
bengadbois__pewpew,cdxgen,19,19,19,19,38,38,yes,39,38,19/0/19/19/0/0/19/0/0,19/0/19/19/0/0/19/0/0,,,no,match
bengadbois__pewpew,cyclonedx-gomod,19,19,19,19,38,38,yes,39,38,20/0/18/19/1/0/19/1/0,20/0/18/19/1/0/19/1/0,,,no,match
benmanns__goworker,syft,4,4,4,4,13,13,yes,14,13,9/0/4/4/5/0/4/5/0,9/0/4/4/5/0/4/5/0,,,no,match
benmanns__goworker,trivy,4,4,4,4,13,13,yes,14,13,13/0/0/4/9/0/4/9/0,13/0/0/4/9/0/4/9/0,,,no,match
benmanns__goworker,cdxgen,4,4,4,4,13,13,yes,14,13,4/0/9/4/0/0/4/0/0,4/0/9/4/0/0/4/0/0,,,no,match
benmanns__goworker,cyclonedx-gomod,4,4,4,4,13,13,yes,14,13,4/0/9/4/0/0/4/0/0,4/0/9/4/0/0/4/0/0,,,no,match
benthosdev__benthos,syft,497,497,510,510,1405,1405,yes,1406,1405,677/6/728/497/186/0/510/173/0,677/6/728/497/186/0/510/173/0,,,no,match
benthosdev__benthos,trivy,497,497,510,510,1405,1405,yes,1406,1405,550/5/855/497/58/0/510/45/0,550/5/855/497/58/0/510/45/0,,,no,match
benthosdev__benthos,cdxgen,497,497,510,510,1405,1405,yes,1406,1405,NA,NA,,,no,match
benthosdev__benthos,cyclonedx-gomod,497,497,510,510,1405,1405,yes,1406,1405,520/1/885/495/26/2/495/26/15,520/1/885/495/26/2/495/26/15,,,no,match
bhmj__jsonslice,syft,1,1,1,1,1,1,yes,2,1,1/0/0/1/0/0/1/0/0,1/0/0/1/0/0/1/0/0,,,no,match
bhmj__jsonslice,trivy,1,1,1,1,1,1,yes,2,1,1/0/0/1/0/0/1/0/0,1/0/0/1/0/0/1/0/0,,,no,match
bhmj__jsonslice,cdxgen,1,1,1,1,1,1,yes,2,1,1/0/0/1/0/0/1/0/0,1/0/0/1/0/0/1/0/0,,,no,match
bhmj__jsonslice,cyclonedx-gomod,1,1,1,1,1,1,yes,2,1,1/0/0/1/0/0/1/0/0,1/0/0/1/0/0/1/0/0,,,no,match
bhope__hedge,syft,6,6,6,6,39,39,yes,40,39,19/3/20/6/16/0/6/16/0,19/3/20/6/16/0/6/16/0,,,no,match
bhope__hedge,trivy,6,6,6,6,39,39,yes,40,39,6/3/33/6/3/0/6/3/0,6/3/33/6/3/0/6/3/0,,,no,match
bhope__hedge,cdxgen,6,6,6,6,39,39,yes,40,39,6/1/33/6/1/0/6/1/0,6/1/33/6/1/0/6/1/0,,,no,match
bhope__hedge,cyclonedx-gomod,6,6,6,6,39,39,yes,40,39,6/0/33/6/0/0/6/0/0,6/0/33/6/0/0/6/0/0,,,no,match
bitfield__gotestdox,syft,5,5,8,8,12,12,yes,13,12,8/0/4/5/3/0/8/0/0,8/0/4/5/3/0/8/0/0,,,no,match
bitfield__gotestdox,trivy,5,5,8,8,12,12,yes,13,12,8/0/4/5/3/0/8/0/0,8/0/4/5/3/0/8/0/0,,,no,match
bitfield__gotestdox,cdxgen,5,5,8,8,12,12,yes,13,12,5/0/7/5/0/0/5/0/3,5/0/7/5/0/0/5/0/3,,,no,match
bitfield__gotestdox,cyclonedx-gomod,5,5,8,8,12,12,yes,13,12,5/0/7/5/0/0/5/0/3,5/0/7/5/0/0/5/0/3,,,no,match
bitfield__script,syft,3,3,6,6,23,23,yes,24,23,10/0/13/3/7/0/6/4/0,10/0/13/3/7/0/6/4/0,,,no,match
bitfield__script,trivy,3,3,6,6,23,23,yes,24,23,7/0/16/3/4/0/6/1/0,7/0/16/3/4/0/6/1/0,,,no,match
bitfield__script,cdxgen,3,3,6,6,23,23,yes,24,23,3/0/20/3/0/0/3/0/3,3/0/20/3/0/0/3/0/3,,,no,match
bitfield__script,cyclonedx-gomod,3,3,6,6,23,23,yes,24,23,3/0/20/3/0/0/3/0/3,3/0/20/3/0/0/3/0/3,,,no,match
bitfield__uptimerobot,syft,16,16,17,17,246,246,yes,247,246,26/0/220/16/10/0/17/9/0,26/0/220/16/10/0/17/9/0,,,no,match
bitfield__uptimerobot,trivy,16,16,17,17,246,246,yes,247,246,246/0/0/16/230/0/17/229/0,246/0/0/16/230/0/17/229/0,,,no,match
bitfield__uptimerobot,cdxgen,16,16,17,17,246,246,yes,247,246,16/0/230/16/0/0/16/0/1,16/0/230/16/0/0/16/0/1,,,no,match
bitfield__uptimerobot,cyclonedx-gomod,16,16,17,17,246,246,yes,247,246,19/0/227/16/3/0/16/3/1,19/0/227/16/3/0/16/3/1,,,no,match
bits-and-blooms__bloom,syft,1,1,2,2,2,2,yes,3,2,2/0/0/1/1/0/2/0/0,2/0/0/1/1/0/2/0/0,,,no,match
bits-and-blooms__bloom,trivy,1,1,2,2,2,2,yes,3,2,2/0/0/1/1/0/2/0/0,2/0/0/1/1/0/2/0/0,,,no,match
bits-and-blooms__bloom,cdxgen,1,1,2,2,2,2,yes,3,2,1/0/1/1/0/0/1/0/1,1/0/1/1/0/0/1/0/1,,,no,match
bits-and-blooms__bloom,cyclonedx-gomod,1,1,2,2,2,2,yes,3,2,1/0/1/1/0/0/1/0/1,1/0/1/1/0/0/1/0/1,,,no,match
bleenco__abstruse,syft,111,111,111,111,553,553,yes,554,553,153/0/400/111/42/0/111/42/0,153/0/400/111/42/0/111/42/0,,,no,match
bleenco__abstruse,trivy,111,111,111,111,553,553,yes,554,553,124/0/429/111/13/0/111/13/0,124/0/429/111/13/0/111/13/0,,,no,match
bleenco__abstruse,cdxgen,111,111,111,111,553,553,yes,554,553,124/0/429/111/13/0/111/13/0,124/0/429/111/13/0/111/13/0,,,no,match
bleenco__abstruse,cyclonedx-gomod,111,111,111,111,553,553,yes,554,553,123/0/430/111/12/0/111/12/0,123/0/430/111/12/0/111/12/0,,,no,match
blevesearch__bleve,syft,34,34,34,34,64,64,yes,65,64,51/0/13/34/17/0/34/17/0,51/0/13/34/17/0/34/17/0,,,no,match
blevesearch__bleve,trivy,34,34,34,34,64,64,yes,65,64,37/0/27/34/3/0/34/3/0,37/0/27/34/3/0/34/3/0,,,no,match
blevesearch__bleve,cdxgen,34,34,34,34,64,64,yes,65,64,34/0/30/34/0/0/34/0/0,34/0/30/34/0/0/34/0/0,,,no,match
blevesearch__bleve,cyclonedx-gomod,34,34,34,34,64,64,yes,65,64,36/0/28/34/2/0/34/2/0,36/0/28/34/2/0/34/2/0,,,no,match
blind-oracle__cortex-tenant,syft,191,191,191,191,578,578,yes,579,578,291/0/287/191/100/0/191/100/0,291/0/287/191/100/0/191/100/0,,,no,match
blind-oracle__cortex-tenant,trivy,191,191,191,191,578,578,yes,579,578,200/0/378/191/9/0/191/9/0,200/0/378/191/9/0/191/9/0,,,no,match
blind-oracle__cortex-tenant,cdxgen,191,191,191,191,578,578,yes,579,578,191/0/387/191/0/0/191/0/0,191/0/387/191/0/0/191/0/0,,,no,match
blind-oracle__cortex-tenant,cyclonedx-gomod,191,191,191,191,578,578,yes,579,578,195/0/383/187/8/4/187/8/4,195/0/383/187/8/4/187/8/4,,,no,match
blind-oracle__nginx-prometheus,syft,14,14,18,18,213,213,yes,214,213,23/0/190/14/9/0/18/5/0,23/0/190/14/9/0/18/5/0,,,no,match
blind-oracle__nginx-prometheus,trivy,14,14,18,18,213,213,yes,214,213,213/0/0/14/199/0/18/195/0,213/0/0/14/199/0/18/195/0,,,no,match
blind-oracle__nginx-prometheus,cdxgen,14,14,18,18,213,213,yes,214,213,14/0/199/14/0/0/14/0/4,14/0/199/14/0/0/14/0/4,,,no,match
blind-oracle__nginx-prometheus,cyclonedx-gomod,14,14,18,18,213,213,yes,214,213,14/0/199/14/0/0/14/0/4,14/0/199/14/0/0/14/0/4,,,no,match
blind-oracle__psql-streamer,syft,33,33,36,36,125,125,yes,126,125,58/0/67/33/25/0/36/22/0,58/0/67/33/25/0/36/22/0,,,no,match
blind-oracle__psql-streamer,trivy,33,33,36,36,125,125,yes,126,125,125/0/0/33/92/0/36/89/0,125/0/0/33/92/0/36/89/0,,,no,match
blind-oracle__psql-streamer,cdxgen,33,33,36,36,125,125,yes,126,125,33/0/92/33/0/0/33/0/3,33/0/92/33/0/0/33/0/3,,,no,match
blind-oracle__psql-streamer,cyclonedx-gomod,33,33,36,36,125,125,yes,126,125,33/0/92/33/0/0/33/0/3,33/0/92/33/0/0/33/0/3,,,no,match
blinklabs-io__nview,syft,22,22,22,22,59,59,yes,60,59,35/0/24/22/13/0/22/13/0,35/0/24/22/13/0/22/13/0,,,no,match
blinklabs-io__nview,trivy,22,22,22,22,59,59,yes,60,59,29/0/30/22/7/0/22/7/0,29/0/30/22/7/0/22/7/0,,,no,match
blinklabs-io__nview,cdxgen,22,22,22,22,59,59,yes,60,59,22/0/37/22/0/0/22/0/0,22/0/37/22/0/0/22/0/0,,,no,match
blinklabs-io__nview,cyclonedx-gomod,22,22,22,22,59,59,yes,60,59,27/0/32/22/5/0/22/5/0,27/0/32/22/5/0/22/5/0,,,no,match
blockloop__scan,syft,1,1,6,6,16,16,yes,17,16,10/0/6/1/9/0/6/4/0,10/0/6/1/9/0/6/4/0,,,no,match
blockloop__scan,trivy,1,1,6,6,16,16,yes,17,16,8/1/8/1/8/0/6/3/0,8/1/8/1/8/0/6/3/0,,,no,match
blockloop__scan,cdxgen,1,1,6,6,16,16,yes,17,16,8/0/8/1/7/0/6/2/0,8/0/8/1/7/0/6/2/0,,,no,match
blockloop__scan,cyclonedx-gomod,1,1,6,6,16,16,yes,17,16,1/0/15/1/0/0/1/0/5,1/0/15/1/0/0/1/0/5,,,no,match
bluetuith-org__bluetuith,syft,42,42,42,42,71,71,yes,72,71,49/0/22/42/7/0/42/7/0,49/0/22/42/7/0/42/7/0,,,no,match
bluetuith-org__bluetuith,trivy,42,42,42,42,71,71,yes,72,71,43/0/28/42/1/0/42/1/0,43/0/28/42/1/0/42/1/0,,,no,match
bluetuith-org__bluetuith,cdxgen,42,42,42,42,71,71,yes,72,71,42/0/29/42/0/0/42/0/0,42/0/29/42/0/0/42/0/0,,,no,match
bluetuith-org__bluetuith,cyclonedx-gomod,42,42,42,42,71,71,yes,72,71,43/0/28/42/1/0/42/1/0,43/0/28/42/1/0/42/1/0,,,no,match
bmf-san__ggc,syft,4,4,5,5,9,9,yes,10,9,6/0/3/4/2/0/5/1/0,6/0/3/4/2/0/5/1/0,,,no,match
bmf-san__ggc,trivy,4,4,5,5,9,9,yes,10,9,6/0/3/4/2/0/5/1/0,6/0/3/4/2/0/5/1/0,,,no,match
bmf-san__ggc,cdxgen,4,4,5,5,9,9,yes,10,9,4/0/5/4/0/0/4/0/1,4/0/5/4/0/0/4/0/1,,,no,match
bmf-san__ggc,cyclonedx-gomod,4,4,5,5,9,9,yes,10,9,4/0/5/4/0/0/4/0/1,4/0/5/4/0/0/4/0/1,,,no,match
bmf-san__gondola,syft,2,2,2,2,3,3,yes,4,3,3/1/0/2/2/0/2/2/0,3/1/0/2/2/0/2/2/0,,,no,match
bmf-san__gondola,trivy,2,2,2,2,3,3,yes,4,3,3/1/0/2/2/0/2/2/0,3/1/0/2/2/0/2/2/0,,,no,match
bmf-san__gondola,cdxgen,2,2,2,2,3,3,yes,4,3,2/0/1/2/0/0/2/0/0,2/0/1/2/0/0/2/0/0,,,no,match
bmf-san__gondola,cyclonedx-gomod,2,2,2,2,3,3,yes,4,3,2/0/1/2/0/0/2/0/0,2/0/1/2/0/0/2/0/0,,,no,match
bobg__basexx,syft,1,1,1,1,1,1,yes,2,1,1/0/0/1/0/0/1/0/0,1/0/0/1/0/0/1/0/0,,,no,match
bobg__basexx,trivy,1,1,1,1,1,1,yes,2,1,1/0/0/1/0/0/1/0/0,1/0/0/1/0/0/1/0/0,,,no,match
bobg__basexx,cdxgen,1,1,1,1,1,1,yes,2,1,1/0/0/1/0/0/1/0/0,1/0/0/1/0/0/1/0/0,,,no,match
bobg__basexx,cyclonedx-gomod,1,1,1,1,1,1,yes,2,1,1/0/0/1/0/0/1/0/0,1/0/0/1/0/0/1/0/0,,,no,match
bobg__combo,syft,5,5,5,5,9,9,yes,10,9,7/0/2/5/2/0/5/2/0,7/0/2/5/2/0/5/2/0,,,no,match
bobg__combo,trivy,5,5,5,5,9,9,yes,10,9,5/0/4/5/0/0/5/0/0,5/0/4/5/0/0/5/0/0,,,no,match
bobg__combo,cdxgen,5,5,5,5,9,9,yes,10,9,5/0/4/5/0/0/5/0/0,5/0/4/5/0/0/5/0/0,,,no,match
bobg__combo,cyclonedx-gomod,5,5,5,5,9,9,yes,10,9,5/0/4/5/0/0/5/0/0,5/0/4/5/0/0/5/0/0,,,no,match
bobg__decouple,syft,4,4,6,6,12,12,yes,13,12,8/1/4/4/5/0/6/3/0,8/1/4/4/5/0/6/3/0,,,no,match
bobg__decouple,trivy,4,4,6,6,12,12,yes,13,12,6/1/6/4/3/0/6/1/0,6/1/6/4/3/0/6/1/0,,,no,match
bobg__decouple,cdxgen,4,4,6,6,12,12,yes,13,12,4/0/8/4/0/0/4/0/2,4/0/8/4/0/0/4/0/2,,,no,match
bobg__decouple,cyclonedx-gomod,4,4,6,6,12,12,yes,13,12,4/0/8/4/0/0/4/0/2,4/0/8/4/0/0/4/0/2,,,no,match
bobg__encid,syft,10,10,10,10,70,70,yes,71,70,24/0/46/10/14/0/10/14/0,24/0/46/10/14/0/10/14/0,,,no,match
bobg__encid,trivy,10,10,10,10,70,70,yes,71,70,11/0/59/10/1/0/10/1/0,11/0/59/10/1/0/10/1/0,,,no,match
bobg__encid,cdxgen,10,10,10,10,70,70,yes,71,70,10/0/60/10/0/0/10/0/0,10/0/60/10/0/0/10/0/0,,,no,match
bobg__encid,cyclonedx-gomod,10,10,10,10,70,70,yes,71,70,10/0/60/10/0/0/10/0/0,10/0/60/10/0/0/10/0/0,,,no,match
bobg__go-generics,syft,1,1,1,1,1,1,yes,2,1,1/0/0/1/0/0/1/0/0,1/0/0/1/0/0/1/0/0,,,no,match
bobg__go-generics,trivy,1,1,1,1,1,1,yes,2,1,1/0/0/1/0/0/1/0/0,1/0/0/1/0/0/1/0/0,,,no,match
bobg__go-generics,cdxgen,1,1,1,1,1,1,yes,2,1,1/0/0/1/0/0/1/0/0,1/0/0/1/0/0/1/0/0,,,no,match
bobg__go-generics,cyclonedx-gomod,1,1,1,1,1,1,yes,2,1,1/0/0/1/0/0/1/0/0,1/0/0/1/0/0/1/0/0,,,no,match
bobg__hashsplit,syft,1,1,1,1,6,6,yes,7,6,3/0/3/1/2/0/1/2/0,3/0/3/1/2/0/1/2/0,,,no,match
bobg__hashsplit,trivy,1,1,1,1,6,6,yes,7,6,3/0/3/1/2/0/1/2/0,3/0/3/1/2/0/1/2/0,,,no,match
bobg__hashsplit,cdxgen,1,1,1,1,6,6,yes,7,6,1/0/5/1/0/0/1/0/0,1/0/5/1/0/0/1/0/0,,,no,match
bobg__hashsplit,cyclonedx-gomod,1,1,1,1,6,6,yes,7,6,1/0/5/1/0/0/1/0/0,1/0/5/1/0/0/1/0/0,,,no,match
bobg__htree,syft,2,2,4,4,10,10,yes,11,10,5/0/5/2/3/0/4/1/0,5/0/5/2/3/0/4/1/0,,,no,match
bobg__htree,trivy,2,2,4,4,10,10,yes,11,10,5/0/5/2/3/0/4/1/0,5/0/5/2/3/0/4/1/0,,,no,match
bobg__htree,cdxgen,2,2,4,4,10,10,yes,11,10,2/0/8/2/0/0/2/0/2,2/0/8/2/0/0/2/0/2,,,no,match
bobg__htree,cyclonedx-gomod,2,2,4,4,10,10,yes,11,10,2/0/8/2/0/0/2/0/2,2/0/8/2/0/0/2/0/2,,,no,match
bobg__mid,syft,1,1,2,2,3,3,yes,4,3,3/0/0/1/2/0/2/1/0,3/0/0/1/2/0/2/1/0,,,no,match
bobg__mid,trivy,1,1,2,2,3,3,yes,4,3,3/0/0/1/2/0/2/1/0,3/0/0/1/2/0/2/1/0,,,no,match
bobg__mid,cdxgen,1,1,2,2,3,3,yes,4,3,1/0/2/1/0/0/1/0/1,1/0/2/1/0/0/1/0/1,,,no,match
bobg__mid,cyclonedx-gomod,1,1,2,2,3,3,yes,4,3,1/0/2/1/0/0/1/0/1,1/0/2/1/0/0/1/0/1,,,no,match
bobg__modver,syft,27,27,27,27,60,60,yes,61,60,47/3/13/27/23/0/27/23/0,47/3/13/27/23/0/27/23/0,,,no,match
bobg__modver,trivy,27,27,27,27,60,60,yes,61,60,28/3/32/27/4/0/27/4/0,28/3/32/27/4/0/27/4/0,,,no,match
bobg__modver,cdxgen,27,27,27,27,60,60,yes,61,60,27/2/33/27/2/0/27/2/0,27/2/33/27/2/0/27/2/0,,,no,match
bobg__modver,cyclonedx-gomod,27,27,27,27,60,60,yes,61,60,28/0/32/27/1/0/27/1/0,28/0/32/27/1/0/27/1/0,,,no,match
bobg__subcmd,syft,1,1,2,2,3,3,yes,4,3,2/0/1/1/1/0/2/0/0,2/0/1/1/1/0/2/0/0,,,no,match
bobg__subcmd,trivy,1,1,2,2,3,3,yes,4,3,3/0/0/1/2/0/2/1/0,3/0/0/1/2/0/2/1/0,,,no,match
bobg__subcmd,cdxgen,1,1,2,2,3,3,yes,4,3,1/0/2/1/0/0/1/0/1,1/0/2/1/0/0/1/0/1,,,no,match
bobg__subcmd,cyclonedx-gomod,1,1,2,2,3,3,yes,4,3,1/0/2/1/0/0/1/0/1,1/0/2/1/0/0/1/0/1,,,no,match
bogdanfinn__tls-client,syft,15,15,19,19,32,32,yes,33,32,25/1/7/15/11/0/19/7/0,25/1/7/15/11/0/19/7/0,,,no,match
bogdanfinn__tls-client,trivy,15,15,19,19,32,32,yes,33,32,20/1/12/15/6/0/19/2/0,20/1/12/15/6/0/19/2/0,,,no,match
bogdanfinn__tls-client,cdxgen,15,15,19,19,32,32,yes,33,32,15/0/17/15/0/0/15/0/4,15/0/17/15/0/0/15/0/4,,,no,match
bogdanfinn__tls-client,cyclonedx-gomod,15,15,19,19,32,32,yes,33,32,15/0/17/15/0/0/15/0/4,15/0/17/15/0/0/15/0/4,,,no,match
bogem__id3v2,syft,1,1,1,1,2,2,yes,3,2,1/1/1/1/1/0/1/1/0,1/1/1/1/1/0/1/1/0,,,no,match
bogem__id3v2,trivy,1,1,1,1,2,2,yes,3,2,2/9/0/1/10/0/1/10/0,2/9/0/1/10/0/1/10/0,,,no,match
bogem__id3v2,cdxgen,1,1,1,1,2,2,yes,3,2,1/0/1/1/0/0/1/0/0,1/0/1/1/0/0/1/0/0,,,no,match
bogem__id3v2,cyclonedx-gomod,1,1,1,1,2,2,yes,3,2,1/0/1/1/0/0/1/0/0,1/0/1/1/0/0/1/0/0,,,no,match
bojanz__currency,syft,1,1,1,1,2,2,yes,3,2,1/0/1/1/0/0/1/0/0,1/0/1/1/0/0/1/0/0,,,no,match
bojanz__currency,trivy,1,1,1,1,2,2,yes,3,2,2/0/0/1/1/0/1/1/0,2/0/0/1/1/0/1/1/0,,,no,match
bojanz__currency,cdxgen,1,1,1,1,2,2,yes,3,2,1/0/1/1/0/0/1/0/0,1/0/1/1/0/0/1/0/0,,,no,match
bojanz__currency,cyclonedx-gomod,1,1,1,1,2,2,yes,3,2,1/0/1/1/0/0/1/0/0,1/0/1/1/0/0/1/0/0,,,no,match
bokwoon95__go-structured-query,syft,9,9,12,12,108,108,yes,109,108,12/0/96/9/3/0/12/0/0,12/0/96/9/3/0/12/0/0,,,no,match
bokwoon95__go-structured-query,trivy,9,9,12,12,108,108,yes,109,108,108/0/0/9/99/0/12/96/0,108/0/0/9/99/0/12/96/0,,,no,match
bokwoon95__go-structured-query,cdxgen,9,9,12,12,108,108,yes,109,108,9/0/99/9/0/0/9/0/3,9/0/99/9/0/0/9/0/3,,,no,match
bokwoon95__go-structured-query,cyclonedx-gomod,9,9,12,12,108,108,yes,109,108,10/0/98/9/1/0/9/1/3,10/0/98/9/1/0/9/1/3,,,no,match
borderstech__artifex,syft,1,1,4,4,5,5,yes,6,5,5/0/0/1/4/0/4/1/0,5/0/0/1/4/0/4/1/0,,,no,match
borderstech__artifex,trivy,1,1,4,4,5,5,yes,6,5,5/0/0/1/4/0/4/1/0,5/0/0/1/4/0/4/1/0,,,no,match
borderstech__artifex,cdxgen,1,1,4,4,5,5,yes,6,5,1/0/4/1/0/0/1/0/3,1/0/4/1/0/0/1/0/3,,,no,match
borderstech__artifex,cyclonedx-gomod,1,1,4,4,5,5,yes,6,5,1/0/4/1/0/0/1/0/3,1/0/4/1/0/0/1/0/3,,,no,match
born-ml__born,syft,9,9,13,13,16,16,yes,17,16,15/9/1/9/15/0/13/11/0,15/9/1/9/15/0/13/11/0,,,no,match
born-ml__born,trivy,9,9,13,13,16,16,yes,17,16,14/8/2/9/13/0/13/9/0,14/8/2/9/13/0/13/9/0,,,no,match
born-ml__born,cdxgen,9,9,13,13,16,16,yes,17,16,9/4/7/9/4/0/9/4/4,9/4/7/9/4/0/9/4/4,,,no,match
born-ml__born,cyclonedx-gomod,9,9,13,13,16,16,yes,17,16,10/0/6/9/1/0/9/1/4,10/0/6/9/1/0/9/1/4,,,no,match
box-cli-maker__box-cli-maker,syft,11,11,11,11,20,20,yes,20,19,13/0/7/11/2/0/11/2/0,12/0/7/11/1/0/11/1/0,13/0/7/11/2/0/11/2/0,,predicted,july_main_bug
box-cli-maker__box-cli-maker,trivy,11,11,11,11,20,20,yes,20,19,13/0/7/11/2/0/11/2/0,12/0/7/11/1/0/11/1/0,13/0/7/11/2/0/11/2/0,,predicted,july_main_bug
box-cli-maker__box-cli-maker,cdxgen,11,11,11,11,20,20,yes,20,19,11/0/9/11/0/0/11/0/0,11/0/8/11/0/0/11/0/0,11/0/9/11/0/0/11/0/0,,predicted,july_main_bug
box-cli-maker__box-cli-maker,cyclonedx-gomod,11,11,11,11,20,20,yes,20,19,11/0/9/11/0/0/11/0/0,11/0/8/11/0/0/11/0/0,11/0/9/11/0/0/11/0/0,,predicted,july_main_bug
boxesandglue__bagme,syft,17,17,17,17,22,22,yes,23,22,17/0/5/17/0/0/17/0/0,17/0/5/17/0/0/17/0/0,,,no,match
boxesandglue__bagme,trivy,17,17,17,17,22,22,yes,23,22,17/0/5/17/0/0/17/0/0,17/0/5/17/0/0/17/0/0,,,no,match
boxesandglue__bagme,cdxgen,17,17,17,17,22,22,yes,23,22,17/0/5/17/0/0/17/0/0,17/0/5/17/0/0/17/0/0,,,no,match
boxesandglue__bagme,cyclonedx-gomod,17,17,17,17,22,22,yes,23,22,17/0/5/17/0/0/17/0/0,17/0/5/17/0/0/17/0/0,,,no,match
boyter__scc,syft,43,43,43,43,83,83,yes,84,83,67/0/16/43/24/0/43/24/0,67/0/16/43/24/0/43/24/0,,,no,match
boyter__scc,trivy,43,43,43,43,83,83,yes,84,83,45/0/38/43/2/0/43/2/0,45/0/38/43/2/0/43/2/0,,,no,match
boyter__scc,cdxgen,43,43,43,43,83,83,yes,84,83,45/0/38/43/2/0/43/2/0,45/0/38/43/2/0/43/2/0,,,no,match
boyter__scc,cyclonedx-gomod,43,43,43,43,83,83,yes,84,83,45/0/38/43/2/0/43/2/0,45/0/38/43/2/0/43/2/0,,,no,match
bozd4g__go-http-client,syft,1,1,5,5,7,7,yes,8,7,7/0/0/1/6/0/5/2/0,7/0/0/1/6/0/5/2/0,,,no,match
bozd4g__go-http-client,trivy,1,1,5,5,7,7,yes,8,7,6/0/1/1/5/0/5/1/0,6/0/1/1/5/0/5/1/0,,,no,match
bozd4g__go-http-client,cdxgen,1,1,5,5,7,7,yes,8,7,1/0/6/1/0/0/1/0/4,1/0/6/1/0/0/1/0/4,,,no,match
bozd4g__go-http-client,cyclonedx-gomod,1,1,5,5,7,7,yes,8,7,1/0/6/1/0/0/1/0/4,1/0/6/1/0/0/1/0/4,,,no,match
bradleyjkemp__cupaloy,syft,2,2,5,5,6,6,yes,7,6,6/0/0/2/4/0/5/1/0,6/0/0/2/4/0/5/1/0,,,no,match
bradleyjkemp__cupaloy,trivy,2,2,5,5,6,6,yes,7,6,6/0/0/2/4/0/5/1/0,6/0/0/2/4/0/5/1/0,,,no,match
bradleyjkemp__cupaloy,cdxgen,2,2,5,5,6,6,yes,7,6,2/0/4/2/0/0/2/0/3,2/0/4/2/0/0/2/0/3,,,no,match
bradleyjkemp__cupaloy,cyclonedx-gomod,2,2,5,5,6,6,yes,7,6,2/0/4/2/0/0/2/0/3,2/0/4/2/0/0/2/0/3,,,no,match
brandonyoungdev__tldx,syft,48,48,52,52,72,72,yes,73,72,64/0/8/48/16/0/52/12/0,64/0/8/48/16/0/52/12/0,,,no,match
brandonyoungdev__tldx,trivy,48,48,52,52,72,72,yes,73,72,53/0/19/48/5/0/52/1/0,53/0/19/48/5/0/52/1/0,,,no,match
brandonyoungdev__tldx,cdxgen,48,48,52,52,72,72,yes,73,72,48/0/24/48/0/0/48/0/4,48/0/24/48/0/0/48/0/4,,,no,match
brandonyoungdev__tldx,cyclonedx-gomod,48,48,52,52,72,72,yes,73,72,49/0/23/48/1/0/48/1/4,49/0/23/48/1/0/48/1/4,,,no,match
briandowns__spinner,syft,5,5,5,5,5,5,yes,6,5,5/0/0/5/0/0/5/0/0,5/0/0/5/0/0/5/0/0,,,no,match
briandowns__spinner,trivy,5,5,5,5,5,5,yes,6,5,5/0/0/5/0/0/5/0/0,5/0/0/5/0/0/5/0/0,,,no,match
briandowns__spinner,cdxgen,5,5,5,5,5,5,yes,6,5,5/0/0/5/0/0/5/0/0,5/0/0/5/0/0/5/0/0,,,no,match
briandowns__spinner,cyclonedx-gomod,5,5,5,5,5,5,yes,6,5,5/0/0/5/0/0/5/0/0,5/0/0/5/0/0/5/0/0,,,no,match
bsm__redeo,syft,1,1,3,3,3,3,yes,4,3,3/0/0/1/2/0/3/0/0,3/0/0/1/2/0/3/0/0,,,no,match
bsm__redeo,trivy,1,1,3,3,3,3,yes,4,3,3/0/0/1/2/0/3/0/0,3/0/0/1/2/0/3/0/0,,,no,match
bsm__redeo,cdxgen,1,1,3,3,3,3,yes,4,3,1/0/2/1/0/0/1/0/2,1/0/2/1/0/0/1/0/2,,,no,match
bsm__redeo,cyclonedx-gomod,1,1,3,3,3,3,yes,4,3,1/0/2/1/0/0/1/0/2,1/0/2/1/0/0/1/0/2,,,no,match
bsm__redislock,syft,3,3,3,3,11,11,yes,12,11,10/0/1/3/7/0/3/7/0,10/0/1/3/7/0/3/7/0,,,no,match
bsm__redislock,trivy,3,3,3,3,11,11,yes,12,11,3/0/8/3/0/0/3/0/0,3/0/8/3/0/0/3/0/0,,,no,match
bsm__redislock,cdxgen,3,3,3,3,11,11,yes,12,11,3/0/8/3/0/0/3/0/0,3/0/8/3/0/0/3/0/0,,,no,match
bsm__redislock,cyclonedx-gomod,3,3,3,3,11,11,yes,12,11,3/0/8/3/0/0/3/0/0,3/0/8/3/0/0/3/0/0,,,no,match
btnguyen2k__gocosmos,syft,6,6,7,7,7,7,yes,8,7,7/1/0/6/2/0/7/1/0,7/1/0/6/2/0/7/1/0,,,no,match
btnguyen2k__gocosmos,trivy,6,6,7,7,7,7,yes,8,7,7/1/0/6/2/0/7/1/0,7/1/0/6/2/0/7/1/0,,,no,match
btnguyen2k__gocosmos,cdxgen,6,6,7,7,7,7,yes,8,7,6/0/1/6/0/0/6/0/1,6/0/1/6/0/0/6/0/1,,,no,match
btnguyen2k__gocosmos,cyclonedx-gomod,6,6,7,7,7,7,yes,8,7,6/0/1/6/0/0/6/0/1,6/0/1/6/0/0/6/0/1,,,no,match
buger__gor,syft,66,66,68,68,147,147,yes,148,147,83/0/64/66/17/0/68/15/0,83/0/64/66/17/0/68/15/0,,,no,match
buger__gor,trivy,66,66,68,68,147,147,yes,148,147,71/0/76/66/5/0/68/3/0,71/0/76/66/5/0/68/3/0,,,no,match
buger__gor,cdxgen,66,66,68,68,147,147,yes,148,147,66/0/81/66/0/0/66/0/2,66/0/81/66/0/0/66/0/2,,,no,match
buger__gor,cyclonedx-gomod,66,66,68,68,147,147,yes,148,147,66/0/81/65/1/1/65/1/3,66/0/81/65/1/1/65/1/3,,,no,match
bwmarrin__discordgo,syft,1,1,1,1,1,1,yes,2,1,1/14/0/1/14/0/1/14/0,1/14/0/1/14/0/1/14/0,,,no,match
bwmarrin__discordgo,trivy,1,1,1,1,1,1,yes,2,1,1/22/0/1/22/0/1/22/0,1/22/0/1/22/0/1/22/0,,,no,match
bwmarrin__discordgo,cdxgen,1,1,1,1,1,1,yes,2,1,1/7/0/1/7/0/1/7/0,1/7/0/1/7/0/1/7/0,,,no,match
bwmarrin__discordgo,cyclonedx-gomod,1,1,1,1,1,1,yes,2,1,1/0/0/1/0/0/1/0/0,1/0/0/1/0/0/1/0/0,,,no,match
bykof__gostradamus,syft,1,1,5,5,7,7,yes,8,7,6/0/1/1/5/0/5/1/0,6/0/1/1/5/0/5/1/0,,,no,match
bykof__gostradamus,trivy,1,1,5,5,7,7,yes,8,7,5/0/2/1/4/0/5/0/0,5/0/2/1/4/0/5/0/0,,,no,match
bykof__gostradamus,cdxgen,1,1,5,5,7,7,yes,8,7,1/0/6/1/0/0/1/0/4,1/0/6/1/0/0/1/0/4,,,no,match
bykof__gostradamus,cyclonedx-gomod,1,1,5,5,7,7,yes,8,7,1/0/6/1/0/0/1/0/4,1/0/6/1/0/0/1/0/4,,,no,match
bytebase__bytebase,syft,321,321,324,324,983,983,yes,984,983,470/10/513/313/167/8/316/164/8,470/10/513/313/167/8/316/164/8,,,no,match
bytebase__bytebase,trivy,321,321,324,324,983,983,yes,984,983,343/8/640/313/38/8/316/35/8,343/8/640/313/38/8/316/35/8,,,no,match
bytebase__bytebase,cdxgen,321,321,324,324,983,983,yes,984,983,321/0/662/321/0/0/321/0/3,321/0/662/321/0/0/321/0/3,,,no,match
bytebase__bytebase,cyclonedx-gomod,321,321,324,324,983,983,yes,984,983,335/8/648/309/34/12/309/34/15,335/8/648/309/34/12/309/34/15,,,no,match
bytedance__sonic,syft,6,6,10,10,36,36,yes,37,36,26/0/10/6/20/0/10/16/0,26/0/10/6/20/0/10/16/0,,,no,match
bytedance__sonic,trivy,6,6,10,10,36,36,yes,37,36,31/0/5/6/25/0/10/21/0,31/0/5/6/25/0/10/21/0,,,no,match
bytedance__sonic,cdxgen,6,6,10,10,36,36,yes,37,36,5/0/31/5/0/1/5/0/5,5/0/31/5/0/1/5/0/5,,,no,match
bytedance__sonic,cyclonedx-gomod,6,6,10,10,36,36,yes,37,36,11/0/25/6/5/0/6/5/4,11/0/25/6/5/0/6/5/4,,,no,match
c-bata__go-prompt,syft,3,3,3,3,7,7,yes,8,7,5/0/2/3/2/0/3/2/0,5/0/2/3/2/0/3/2/0,,,no,match
c-bata__go-prompt,trivy,3,3,3,3,7,7,yes,8,7,7/0/0/3/4/0/3/4/0,7/0/0/3/4/0/3/4/0,,,no,match
c-bata__go-prompt,cdxgen,3,3,3,3,7,7,yes,8,7,3/0/4/3/0/0/3/0/0,3/0/4/3/0/0/3/0/0,,,no,match
c-bata__go-prompt,cyclonedx-gomod,3,3,3,3,7,7,yes,8,7,6/0/1/3/3/0/3/3/0,6/0/1/3/3/0/3/3/0,,,no,match
c-bata__goptuna,syft,19,19,19,19,54,54,yes,55,54,32/24/22/19/37/0/19/37/0,32/24/22/19/37/0/19/37/0,,,no,match
c-bata__goptuna,trivy,19,19,19,19,54,54,yes,55,54,23/21/31/19/25/0/19/25/0,23/21/31/19/25/0/19/25/0,,,no,match
c-bata__goptuna,cdxgen,19,19,19,19,54,54,yes,55,54,NA,NA,,,no,match
c-bata__goptuna,cyclonedx-gomod,19,19,19,19,54,54,yes,55,54,20/0/34/19/1/0/19/1/0,20/0/34/19/1/0/19/1/0,,,no,match
c-robinson__iplib,syft,1,1,1,1,1,1,yes,2,1,1/2/0/1/2/0/1/2/0,1/2/0/1/2/0/1/2/0,,,no,match
c-robinson__iplib,trivy,1,1,1,1,1,1,yes,2,1,1/0/0/1/0/0/1/0/0,1/0/0/1/0/0/1/0/0,,,no,match
c-robinson__iplib,cdxgen,1,1,1,1,1,1,yes,2,1,1/0/0/1/0/0/1/0/0,1/0/0/1/0/0/1/0/0,,,no,match
c-robinson__iplib,cyclonedx-gomod,1,1,1,1,1,1,yes,2,1,1/0/0/1/0/0/1/0/0,1/0/0/1/0/0/1/0/0,,,no,match
c9s__bbgo,syft,129,129,130,130,379,379,yes,380,379,160/0/219/129/31/0/130/30/0,160/0/219/129/31/0/130/30/0,,,no,match
c9s__bbgo,trivy,129,129,130,130,379,379,yes,380,379,145/0/234/129/16/0/130/15/0,145/0/234/129/16/0/130/15/0,,,no,match
c9s__bbgo,cdxgen,129,129,130,130,379,379,yes,380,379,129/0/250/129/0/0/129/0/1,129/0/250/129/0/0/129/0/1,,,no,match
c9s__bbgo,cyclonedx-gomod,129,129,130,130,379,379,yes,380,379,142/0/237/128/14/1/128/14/2,142/0/237/128/14/1/128/14/2,,,no,match
caarlos0__log,syft,16,16,16,16,21,21,yes,22,21,17/0/4/16/1/0/16/1/0,17/0/4/16/1/0/16/1/0,,,no,match
caarlos0__log,trivy,16,16,16,16,21,21,yes,22,21,16/0/5/16/0/0/16/0/0,16/0/5/16/0/0/16/0/0,,,no,match
caarlos0__log,cdxgen,16,16,16,16,21,21,yes,22,21,16/0/5/16/0/0/16/0/0,16/0/5/16/0/0/16/0/0,,,no,match
caarlos0__log,cyclonedx-gomod,16,16,16,16,21,21,yes,22,21,16/0/5/16/0/0/16/0/0,16/0/5/16/0/0/16/0/0,,,no,match
cabify__gotoprom,syft,10,10,15,15,48,48,yes,49,48,20/0/28/10/10/0/15/5/0,20/0/28/10/10/0/15/5/0,,,no,match
cabify__gotoprom,trivy,10,10,15,15,48,48,yes,49,48,48/0/0/10/38/0/15/33/0,48/0/0/10/38/0/15/33/0,,,no,match
cabify__gotoprom,cdxgen,10,10,15,15,48,48,yes,49,48,10/0/38/10/0/0/10/0/5,10/0/38/10/0/0/10/0/5,,,no,match
cabify__gotoprom,cyclonedx-gomod,10,10,15,15,48,48,yes,49,48,10/0/38/10/0/0/10/0/5,10/0/38/10/0/0/10/0/5,,,no,match
cabify__logrusiowriter,syft,2,2,2,2,8,8,yes,9,8,7/0/1/2/5/0/2/5/0,7/0/1/2/5/0/2/5/0,,,no,match
cabify__logrusiowriter,trivy,2,2,2,2,8,8,yes,9,8,8/0/0/2/6/0/2/6/0,8/0/0/2/6/0/2/6/0,,,no,match
cabify__logrusiowriter,cdxgen,2,2,2,2,8,8,yes,9,8,2/0/6/2/0/0/2/0/0,2/0/6/2/0/0/2/0/0,,,no,match
cabify__logrusiowriter,cyclonedx-gomod,2,2,2,2,8,8,yes,9,8,2/0/6/2/0/0/2/0/0,2/0/6/2/0/0/2/0/0,,,no,match
cabify__timex,syft,5,5,5,5,6,6,yes,7,6,6/0/0/5/1/0/5/1/0,6/0/0/5/1/0/5/1/0,,,no,match
cabify__timex,trivy,5,5,5,5,6,6,yes,7,6,6/0/0/5/1/0/5/1/0,6/0/0/5/1/0/5/1/0,,,no,match
cabify__timex,cdxgen,5,5,5,5,6,6,yes,7,6,5/0/1/5/0/0/5/0/0,5/0/1/5/0/0/5/0/0,,,no,match
cabify__timex,cyclonedx-gomod,5,5,5,5,6,6,yes,7,6,4/0/2/4/0/1/4/0/1,4/0/2/4/0/1/4/0/1,,,no,match
caddyserver__caddy,syft,159,159,163,163,549,549,yes,550,549,218/0/331/159/59/0/163/55/0,218/0/331/159/59/0/163/55/0,,,no,match
caddyserver__caddy,trivy,159,159,163,163,549,549,yes,550,549,169/0/380/159/10/0/163/6/0,169/0/380/159/10/0/163/6/0,,,no,match
caddyserver__caddy,cdxgen,159,159,163,163,549,549,yes,550,549,159/0/390/159/0/0/159/0/4,159/0/390/159/0/0/159/0/4,,,no,match
caddyserver__caddy,cyclonedx-gomod,159,159,163,163,549,549,yes,550,549,165/0/384/159/6/0/159/6/4,165/0/384/159/6/0/159/6/4,,,no,match
caddyserver__certmagic,syft,13,13,13,13,32,32,yes,33,32,27/0/5/13/14/0/13/14/0,27/0/5/13/14/0/13/14/0,,,no,match
caddyserver__certmagic,trivy,13,13,13,13,32,32,yes,33,32,16/0/16/13/3/0/13/3/0,16/0/16/13/3/0/13/3/0,,,no,match
caddyserver__certmagic,cdxgen,13,13,13,13,32,32,yes,33,32,13/0/19/13/0/0/13/0/0,13/0/19/13/0/0/13/0/0,,,no,match
caddyserver__certmagic,cyclonedx-gomod,13,13,13,13,32,32,yes,33,32,16/0/16/13/3/0/13/3/0,16/0/16/13/3/0/13/3/0,,,no,match
camgraff__protoxy,syft,9,9,12,12,112,112,yes,113,112,18/0/94/9/9/0/12/6/0,18/0/94/9/9/0/12/6/0,,,no,match
camgraff__protoxy,trivy,9,9,12,12,112,112,yes,113,112,112/0/0/9/103/0/12/100/0,112/0/0/9/103/0/12/100/0,,,no,match
camgraff__protoxy,cdxgen,9,9,12,12,112,112,yes,113,112,9/0/103/9/0/0/9/0/3,9/0/103/9/0/0/9/0/3,,,no,match
camgraff__protoxy,cyclonedx-gomod,9,9,12,12,112,112,yes,113,112,11/0/101/9/2/0/9/2/3,11/0/101/9/2/0/9/2/3,,,no,match
capillariesio__capillaries,syft,51,51,54,54,119,119,yes,120,119,67/0/52/51/16/0/54/13/0,67/0/52/51/16/0/54/13/0,,,no,match
capillariesio__capillaries,trivy,51,51,54,54,119,119,yes,120,119,54/0/65/51/3/0/54/0/0,54/0/65/51/3/0/54/0/0,,,no,match
capillariesio__capillaries,cdxgen,51,51,54,54,119,119,yes,120,119,51/0/68/51/0/0/51/0/3,51/0/68/51/0/0/51/0/3,,,no,match
capillariesio__capillaries,cyclonedx-gomod,51,51,54,54,119,119,yes,120,119,51/0/68/51/0/0/51/0/3,51/0/68/51/0/0/51/0/3,,,no,match
carlmjohnson__flowmatic,syft,1,1,1,1,1,1,yes,2,1,1/0/0/1/0/0/1/0/0,1/0/0/1/0/0/1/0/0,,,no,match
carlmjohnson__flowmatic,trivy,1,1,1,1,1,1,yes,2,1,1/0/0/1/0/0/1/0/0,1/0/0/1/0/0/1/0/0,,,no,match
carlmjohnson__flowmatic,cdxgen,1,1,1,1,1,1,yes,2,1,1/0/0/1/0/0/1/0/0,1/0/0/1/0/0/1/0/0,,,no,match
carlmjohnson__flowmatic,cyclonedx-gomod,1,1,1,1,1,1,yes,2,1,1/0/0/1/0/0/1/0/0,1/0/0/1/0/0/1/0/0,,,no,match
carlmjohnson__requests,syft,1,1,1,1,5,5,yes,6,5,1/0/4/1/0/0/1/0/0,1/0/4/1/0/0/1/0/0,,,no,match
carlmjohnson__requests,trivy,1,1,1,1,5,5,yes,6,5,1/0/4/1/0/0/1/0/0,1/0/4/1/0/0/1/0/0,,,no,match
carlmjohnson__requests,cdxgen,1,1,1,1,5,5,yes,6,5,1/0/4/1/0/0/1/0/0,1/0/4/1/0/0/1/0/0,,,no,match
carlmjohnson__requests,cyclonedx-gomod,1,1,1,1,5,5,yes,6,5,1/0/4/1/0/0/1/0/0,1/0/4/1/0/0/1/0/0,,,no,match
catchplay__scaffold,syft,2,2,6,6,8,8,yes,9,8,7/0/1/2/5/0/6/1/0,7/0/1/2/5/0/6/1/0,,,no,match
catchplay__scaffold,trivy,2,2,6,6,8,8,yes,9,8,6/0/2/2/4/0/6/0/0,6/0/2/2/4/0/6/0/0,,,no,match
catchplay__scaffold,cdxgen,2,2,6,6,8,8,yes,9,8,2/0/6/2/0/0/2/0/4,2/0/6/2/0/0/2/0/4,,,no,match
catchplay__scaffold,cyclonedx-gomod,2,2,6,6,8,8,yes,9,8,2/0/6/2/0/0/2/0/4,2/0/6/2/0/0/2/0/4,,,no,match
ccbrown__api-fu,syft,11,11,15,15,28,28,yes,29,28,25/24/3/11/38/0/15/34/0,25/24/3/11/38/0/15/34/0,,,no,match
ccbrown__api-fu,trivy,11,11,15,15,28,28,yes,29,28,28/57/0/11/74/0/15/70/0,28/57/0/11/74/0/15/70/0,,,no,match
ccbrown__api-fu,cdxgen,11,11,15,15,28,28,yes,29,28,12/12/16/11/13/0/11/13/4,12/12/16/11/13/0/11/13/4,,,no,match
ccbrown__api-fu,cyclonedx-gomod,11,11,15,15,28,28,yes,29,28,15/0/13/11/4/0/11/4/4,15/0/13/11/4/0/11/4/4,,,no,match
cch123__elasticsql,syft,1,1,1,1,1,1,yes,2,1,1/0/0/1/0/0/1/0/0,1/0/0/1/0/0/1/0/0,,,no,match
cch123__elasticsql,trivy,1,1,1,1,1,1,yes,2,1,1/0/0/1/0/0/1/0/0,1/0/0/1/0/0/1/0/0,,,no,match
cch123__elasticsql,cdxgen,1,1,1,1,1,1,yes,2,1,1/0/0/1/0/0/1/0/0,1/0/0/1/0/0/1/0/0,,,no,match
cch123__elasticsql,cyclonedx-gomod,1,1,1,1,1,1,yes,2,1,1/0/0/1/0/0/1/0/0,1/0/0/1/0/0/1/0/0,,,no,match
cdipaolo__goml,syft,1,1,5,5,8,8,yes,9,8,6/0/2/1/5/0/5/1/0,6/0/2/1/5/0/5/1/0,,,no,match
cdipaolo__goml,trivy,1,1,5,5,8,8,yes,9,8,5/0/3/1/4/0/5/0/0,5/0/3/1/4/0/5/0/0,,,no,match
cdipaolo__goml,cdxgen,1,1,5,5,8,8,yes,9,8,1/0/7/1/0/0/1/0/4,1/0/7/1/0/0/1/0/4,,,no,match
cdipaolo__goml,cyclonedx-gomod,1,1,5,5,8,8,yes,9,8,1/0/7/1/0/0/1/0/4,1/0/7/1/0/0/1/0/4,,,no,match
cenkalti__rain,syft,41,41,47,47,70,70,yes,71,70,53/0/17/41/12/0/47/6/0,53/0/17/41/12/0/47/6/0,,,no,match
cenkalti__rain,trivy,41,41,47,47,70,70,yes,71,70,52/0/18/41/11/0/47/5/0,52/0/18/41/11/0/47/5/0,,,no,match
cenkalti__rain,cdxgen,41,41,47,47,70,70,yes,71,70,41/0/29/41/0/0/41/0/6,41/0/29/41/0/0/41/0/6,,,no,match
cenkalti__rain,cyclonedx-gomod,41,41,47,47,70,70,yes,71,70,42/0/28/41/1/0/41/1/6,42/0/28/41/1/0/41/1/6,,,no,match
centerorbit__depcharge,syft,4,4,7,7,15,15,yes,16,15,9/0/6/4/5/0/7/2/0,9/0/6/4/5/0/7/2/0,,,no,match
centerorbit__depcharge,trivy,4,4,7,7,15,15,yes,16,15,15/0/0/4/11/0/7/8/0,15/0/0/4/11/0/7/8/0,,,no,match
centerorbit__depcharge,cdxgen,4,4,7,7,15,15,yes,16,15,4/0/11/4/0/0/4/0/3,4/0/11/4/0/0/4/0/3,,,no,match
centerorbit__depcharge,cyclonedx-gomod,4,4,7,7,15,15,yes,16,15,4/0/11/4/0/0/4/0/3,4/0/11/4/0/0/4/0/3,,,no,match
centrifugal__centrifugo,syft,133,133,133,133,331,331,yes,332,331,168/0/163/133/35/0/133/35/0,168/0/163/133/35/0/133/35/0,,,no,match
centrifugal__centrifugo,trivy,133,133,133,133,331,331,yes,332,331,135/0/196/133/2/0/133/2/0,135/0/196/133/2/0/133/2/0,,,no,match
centrifugal__centrifugo,cdxgen,133,133,133,133,331,331,yes,332,331,133/0/198/133/0/0/133/0/0,133/0/198/133/0/0/133/0/0,,,no,match
centrifugal__centrifugo,cyclonedx-gomod,133,133,133,133,331,331,yes,332,331,131/0/200/130/1/3/130/1/3,131/0/200/130/1/3/130/1/3,,,no,match
ceshihao__windowsupdate,syft,1,1,1,1,2,2,yes,3,2,2/3/0/1/4/0/1/4/0,2/3/0/1/4/0/1/4/0,,,no,match
ceshihao__windowsupdate,trivy,1,1,1,1,2,2,yes,3,2,2/3/0/1/4/0/1/4/0,2/3/0/1/4/0/1/4/0,,,no,match
ceshihao__windowsupdate,cdxgen,1,1,1,1,2,2,yes,3,2,1/1/1/1/1/0/1/1/0,1/1/1/1/1/0/1/1/0,,,no,match
ceshihao__windowsupdate,cyclonedx-gomod,1,1,1,1,2,2,yes,3,2,2/0/0/1/1/0/1/1/0,2/0/0/1/1/0/1/1/0,,,no,match
chaindead__modup,syft,27,27,27,27,44,44,yes,45,44,37/0/7/27/10/0/27/10/0,37/0/7/27/10/0/27/10/0,,,no,match
chaindead__modup,trivy,27,27,27,27,44,44,yes,45,44,31/0/13/27/4/0/27/4/0,31/0/13/27/4/0/27/4/0,,,no,match
chaindead__modup,cdxgen,27,27,27,27,44,44,yes,45,44,27/0/17/27/0/0/27/0/0,27/0/17/27/0/0/27/0/0,,,no,match
chaindead__modup,cyclonedx-gomod,27,27,27,27,44,44,yes,45,44,30/0/14/27/3/0/27/3/0,30/0/14/27/3/0/27/3/0,,,no,match
chaindead__zerocfg,syft,2,2,5,5,7,7,yes,8,7,6/0/1/2/4/0/5/1/0,6/0/1/2/4/0/5/1/0,,,no,match
chaindead__zerocfg,trivy,2,2,5,5,7,7,yes,8,7,5/0/2/2/3/0/5/0/0,5/0/2/2/3/0/5/0/0,,,no,match
chaindead__zerocfg,cdxgen,2,2,5,5,7,7,yes,8,7,2/0/5/2/0/0/2/0/3,2/0/5/2/0/0/2/0/3,,,no,match
chaindead__zerocfg,cyclonedx-gomod,2,2,5,5,7,7,yes,8,7,2/0/5/2/0/0/2/0/3,2/0/5/2/0/0/2/0/3,,,no,match
chainifynet__aws-encryption-sdk-go,syft,19,19,24,24,32,32,yes,33,32,25/10/7/19/16/0/24/11/0,25/10/7/19/16/0/24/11/0,,,no,match
chainifynet__aws-encryption-sdk-go,trivy,19,19,24,24,32,32,yes,33,32,24/10/8/19/15/0/24/10/0,24/10/8/19/15/0/24/10/0,,,no,match
chainifynet__aws-encryption-sdk-go,cdxgen,19,19,24,24,32,32,yes,33,32,19/0/13/19/0/0/19/0/5,19/0/13/19/0/0/19/0/5,,,no,match
chainifynet__aws-encryption-sdk-go,cyclonedx-gomod,19,19,24,24,32,32,yes,33,32,24/0/8/19/5/0/24/0/0,24/0/8/19/5/0/24/0/0,,,no,match
chanify__chanify,syft,42,42,43,43,167,167,yes,168,167,76/0/91/42/34/0/43/33/0,76/0/91/42/34/0/43/33/0,,,no,match
chanify__chanify,trivy,42,42,43,43,167,167,yes,168,167,62/0/105/42/20/0/43/19/0,62/0/105/42/20/0/43/19/0,,,no,match
chanify__chanify,cdxgen,42,42,43,43,167,167,yes,168,167,42/0/125/42/0/0/42/0/1,42/0/125/42/0/0/42/0/1,,,no,match
chanify__chanify,cyclonedx-gomod,42,42,43,43,167,167,yes,168,167,61/0/106/42/19/0/42/19/1,61/0/106/42/19/0/42/19/1,,,no,match
chapar-rest__chapar,syft,62,62,65,65,142,142,yes,143,142,95/0/47/62/33/0/65/30/0,95/0/47/62/33/0/65/30/0,,,no,match
chapar-rest__chapar,trivy,62,62,65,65,142,142,yes,143,142,74/0/68/62/12/0/65/9/0,74/0/68/62/12/0/65/9/0,,,no,match
chapar-rest__chapar,cdxgen,62,62,65,65,142,142,yes,143,142,74/0/68/62/12/0/65/9/0,74/0/68/62/12/0/65/9/0,,,no,match
chapar-rest__chapar,cyclonedx-gomod,62,62,65,65,142,142,yes,143,142,64/0/78/62/2/0/62/2/3,64/0/78/62/2/0/62/2/3,,,no,match
charlievieth__strcase,syft,1,1,1,1,1,1,yes,2,1,1/12/0/1/12/0/1/12/0,1/12/0/1/12/0/1/12/0,,,no,match
charlievieth__strcase,trivy,1,1,1,1,1,1,yes,2,1,1/11/0/1/11/0/1/11/0,1/11/0/1/11/0/1/11/0,,,no,match
charlievieth__strcase,cdxgen,1,1,1,1,1,1,yes,2,1,1/6/0/1/6/0/1/6/0,1/6/0/1/6/0/1/6/0,,,no,match
charlievieth__strcase,cyclonedx-gomod,1,1,1,1,1,1,yes,2,1,1/0/0/1/0/0/1/0/0,1/0/0/1/0/0/1/0/0,,,no,match
charmbracelet__bubbles,syft,21,21,24,24,30,30,yes,31,30,26/0/4/21/5/0/24/2/0,26/0/4/21/5/0/24/2/0,,,no,match
charmbracelet__bubbles,trivy,21,21,24,24,30,30,yes,31,30,24/0/6/21/3/0/24/0/0,24/0/6/21/3/0/24/0/0,,,no,match
charmbracelet__bubbles,cdxgen,21,21,24,24,30,30,yes,31,30,21/0/9/21/0/0/21/0/3,21/0/9/21/0/0/21/0/3,,,no,match
charmbracelet__bubbles,cyclonedx-gomod,21,21,24,24,30,30,yes,31,30,21/0/9/21/0/0/21/0/3,21/0/9/21/0/0/21/0/3,,,no,match
charmbracelet__bubbletea,syft,15,15,17,17,20,20,yes,21,20,19/27/1/15/31/0/17/29/0,19/27/1/15/31/0/17/29/0,,,no,match
charmbracelet__bubbletea,trivy,15,15,17,17,20,20,yes,21,20,19/22/1/15/26/0/17/24/0,19/22/1/15/26/0/17/24/0,,,no,match
charmbracelet__bubbletea,cdxgen,15,15,17,17,20,20,yes,21,20,15/20/5/15/20/0/15/20/2,15/20/5/15/20/0/15/20/2,,,no,match
charmbracelet__bubbletea,cyclonedx-gomod,15,15,17,17,20,20,yes,21,20,15/0/5/15/0/0/15/0/2,15/0/5/15/0/0/15/0/2,,,no,match
charmbracelet__lipgloss,syft,15,15,17,17,23,23,yes,24,23,18/19/5/15/22/0/17/20/0,18/19/5/15/22/0/17/20/0,,,no,match
charmbracelet__lipgloss,trivy,15,15,17,17,23,23,yes,24,23,18/13/5/15/16/0/17/14/0,18/13/5/15/16/0/17/14/0,,,no,match
charmbracelet__lipgloss,cdxgen,15,15,17,17,23,23,yes,24,23,15/10/8/15/10/0/15/10/2,15/10/8/15/10/0/15/10/2,,,no,match
charmbracelet__lipgloss,cyclonedx-gomod,15,15,17,17,23,23,yes,24,23,15/0/8/15/0/0/15/0/2,15/0/8/15/0/0/15/0/2,,,no,match
charmbracelet__wish,syft,43,43,45,45,80,80,yes,81,80,67/10/13/43/34/0/45/32/0,67/10/13/43/34/0/45/32/0,,,no,match
charmbracelet__wish,trivy,43,43,45,45,80,80,yes,81,80,49/9/31/43/15/0/45/13/0,49/9/31/43/15/0/45/13/0,,,no,match
charmbracelet__wish,cdxgen,43,43,45,45,80,80,yes,81,80,43/7/37/43/7/0/43/7/2,43/7/37/43/7/0/43/7/2,,,no,match
charmbracelet__wish,cyclonedx-gomod,43,43,45,45,80,80,yes,81,80,46/0/34/42/4/1/42/4/3,46/0/34/42/4/1/42/4/3,,,no,match
checkr__flagr,syft,160,160,164,164,511,511,yes,512,511,205/0/306/160/45/0/164/41/0,205/0/306/160/45/0/164/41/0,,,no,match
checkr__flagr,trivy,160,160,164,164,511,511,yes,512,511,171/0/340/160/11/0/164/7/0,171/0/340/160/11/0/164/7/0,,,no,match
checkr__flagr,cdxgen,160,160,164,164,511,511,yes,512,511,160/0/351/160/0/0/160/0/4,160/0/351/160/0/0/160/0/4,,,no,match
checkr__flagr,cyclonedx-gomod,160,160,164,164,511,511,yes,512,511,166/0/345/160/6/0/160/6/4,166/0/345/160/6/0/160/6/4,,,no,match
chenmingyong0423__go-mongox,syft,9,9,13,13,24,24,yes,25,24,16/0/8/9/7/0/13/3/0,16/0/8/9/7/0/13/3/0,,,no,match
chenmingyong0423__go-mongox,trivy,9,9,13,13,24,24,yes,25,24,14/0/10/9/5/0/13/1/0,14/0/10/9/5/0/13/1/0,,,no,match
chenmingyong0423__go-mongox,cdxgen,9,9,13,13,24,24,yes,25,24,9/0/15/9/0/0/9/0/4,9/0/15/9/0/0/9/0/4,,,no,match
chenmingyong0423__go-mongox,cyclonedx-gomod,9,9,13,13,24,24,yes,25,24,10/0/14/9/1/0/9/1/4,10/0/14/9/1/0/9/1/4,,,no,match
chenquan__go-pkg,syft,2,2,7,7,22,22,yes,23,22,10/0/12/2/8/0/7/3/0,10/0/12/2/8/0/7/3/0,,,no,match
chenquan__go-pkg,trivy,2,2,7,7,22,22,yes,23,22,22/0/0/2/20/0/7/15/0,22/0/0/2/20/0/7/15/0,,,no,match
chenquan__go-pkg,cdxgen,2,2,7,7,22,22,yes,23,22,2/0/20/2/0/0/2/0/5,2/0/20/2/0/0/2/0/5,,,no,match
chenquan__go-pkg,cyclonedx-gomod,2,2,7,7,22,22,yes,23,22,2/0/20/2/0/0/2/0/5,2/0/20/2/0/0/2/0/5,,,no,match
cheshir__go-mq,syft,5,5,5,5,416,416,yes,417,416,10/0/406/5/5/0/5/5/0,10/0/406/5/5/0/5/5/0,,,no,match
cheshir__go-mq,trivy,5,5,5,5,416,416,yes,417,416,416/0/0/5/411/0/5/411/0,416/0/0/5/411/0/5/411/0,,,no,match
cheshir__go-mq,cdxgen,5,5,5,5,416,416,yes,417,416,5/0/411/5/0/0/5/0/0,5/0/411/5/0/0/5/0/0,,,no,match
cheshir__go-mq,cyclonedx-gomod,5,5,5,5,416,416,yes,417,416,5/0/411/5/0/0/5/0/0,5/0/411/5/0/0/5/0/0,,,no,match
chrislusf__gleam,syft,68,68,68,68,278,278,yes,279,278,96/0/182/68/28/0/68/28/0,96/0/182/68/28/0/68/28/0,,,no,match
chrislusf__gleam,trivy,68,68,68,68,278,278,yes,279,278,70/0/208/68/2/0/68/2/0,70/0/208/68/2/0/68/2/0,,,no,match
chrislusf__gleam,cdxgen,68,68,68,68,278,278,yes,279,278,68/0/210/68/0/0/68/0/0,68/0/210/68/0/0/68/0/0,,,no,match
chrislusf__gleam,cyclonedx-gomod,68,68,68,68,278,278,yes,279,278,69/0/209/68/1/0/68/1/0,69/0/209/68/1/0/68/1/0,,,no,match
chrislusf__seaweedfs,syft,318,318,322,322,1163,1163,yes,1164,1163,562/11/601/318/255/0/322/251/0,562/11/601/318/255/0/322/251/0,,,no,match
chrislusf__seaweedfs,trivy,318,318,322,322,1163,1163,yes,1164,1163,NA,NA,,,no,match
chrislusf__seaweedfs,cdxgen,318,318,322,322,1163,1163,yes,1164,1163,NA,NA,,,no,match
chrislusf__seaweedfs,cyclonedx-gomod,318,318,322,322,1163,1163,yes,1164,1163,469/0/694/315/154/3/315/154/7,469/0/694/315/154/3/315/154/7,,,no,match
chrispassas__nfdump,syft,1,1,1,1,1,1,yes,2,1,1/0/0/1/0/0/1/0/0,1/0/0/1/0/0/1/0/0,,,no,match
chrispassas__nfdump,trivy,1,1,1,1,1,1,yes,2,1,1/1/0/1/1/0/1/1/0,1/1/0/1/1/0/1/1/0,,,no,match
chrispassas__nfdump,cdxgen,1,1,1,1,1,1,yes,2,1,1/0/0/1/0/0/1/0/0,1/0/0/1/0/0/1/0/0,,,no,match
chrispassas__nfdump,cyclonedx-gomod,1,1,1,1,1,1,yes,2,1,1/0/0/1/0/0/1/0/0,1/0/0/1/0/0/1/0/0,,,no,match
chrispassas__silk,syft,2,2,2,2,2,2,yes,3,2,2/0/0/2/0/0/2/0/0,2/0/0/2/0/0/2/0/0,,,no,match
chrispassas__silk,trivy,2,2,2,2,2,2,yes,3,2,2/0/0/2/0/0/2/0/0,2/0/0/2/0/0/2/0/0,,,no,match
chrispassas__silk,cdxgen,2,2,2,2,2,2,yes,3,2,2/0/0/2/0/0/2/0/0,2/0/0/2/0/0/2/0/0,,,no,match
chrispassas__silk,cyclonedx-gomod,2,2,2,2,2,2,yes,3,2,2/0/0/2/0/0/2/0/0,2/0/0/2/0/0/2/0/0,,,no,match
cilium__ebpf,syft,7,7,12,12,86,86,yes,87,86,37/0/49/7/30/0/12/25/0,37/0/49/7/30/0/12/25/0,,,no,match
cilium__ebpf,trivy,7,7,12,12,86,86,yes,87,86,35/0/51/7/28/0/12/23/0,35/0/51/7/28/0/12/23/0,,,no,match
cilium__ebpf,cdxgen,7,7,12,12,86,86,yes,87,86,7/0/79/7/0/0/7/0/5,7/0/79/7/0/0/7/0/5,,,no,match
cilium__ebpf,cyclonedx-gomod,7,7,12,12,86,86,yes,87,86,25/0/61/6/19/1/6/19/6,25/0/61/6/19/1/6/19/6,,,no,match
circa10a__go-aws-news,syft,32,32,36,36,48,48,yes,49,48,40/0/8/32/8/0/36/4/0,40/0/8/32/8/0/36/4/0,,,no,match
circa10a__go-aws-news,trivy,32,32,36,36,48,48,yes,49,48,39/0/9/32/7/0/36/3/0,39/0/9/32/7/0/36/3/0,,,no,match
circa10a__go-aws-news,cdxgen,32,32,36,36,48,48,yes,49,48,32/0/16/32/0/0/32/0/4,32/0/16/32/0/0/32/0/4,,,no,match
circa10a__go-aws-news,cyclonedx-gomod,32,32,36,36,48,48,yes,49,48,32/0/16/32/0/0/32/0/4,32/0/16/32/0/0/32/0/4,,,no,match
claygod__coffer,syft,3,3,4,4,20,20,yes,21,20,14/0/6/3/11/0/4/10/0,14/0/6/3/11/0/4/10/0,,,no,match
claygod__coffer,trivy,3,3,4,4,20,20,yes,21,20,10/0/10/3/7/0/4/6/0,10/0/10/3/7/0/4/6/0,,,no,match
claygod__coffer,cdxgen,3,3,4,4,20,20,yes,21,20,3/0/17/3/0/0/3/0/1,3/0/17/3/0/0/3/0/1,,,no,match
claygod__coffer,cyclonedx-gomod,3,3,4,4,20,20,yes,21,20,9/0/11/3/6/0/3/6/1,9/0/11/3/6/0/3/6/1,,,no,match
claygod__microservice,syft,30,30,30,30,68,68,yes,69,68,38/0/30/30/8/0/30/8/0,38/0/30/30/8/0/30/8/0,,,no,match
claygod__microservice,trivy,30,30,30,30,68,68,yes,69,68,31/0/37/30/1/0/30/1/0,31/0/37/30/1/0/30/1/0,,,no,match
claygod__microservice,cdxgen,30,30,30,30,68,68,yes,69,68,30/0/38/30/0/0/30/0/0,30/0/38/30/0/0/30/0/0,,,no,match
claygod__microservice,cyclonedx-gomod,30,30,30,30,68,68,yes,69,68,30/0/38/30/0/0/30/0/0,30/0/38/30/0/0/30/0/0,,,no,match
clevabit__libgoffi,syft,1,1,1,1,1,1,yes,2,1,1/0/0/1/0/0/1/0/0,1/0/0/1/0/0/1/0/0,,,no,match
clevabit__libgoffi,trivy,1,1,1,1,1,1,yes,2,1,1/0/0/1/0/0/1/0/0,1/0/0/1/0/0/1/0/0,,,no,match
clevabit__libgoffi,cdxgen,1,1,1,1,1,1,yes,2,1,1/0/0/1/0/0/1/0/0,1/0/0/1/0/0/1/0/0,,,no,match
clevabit__libgoffi,cyclonedx-gomod,1,1,1,1,1,1,yes,2,1,1/0/0/1/0/0/1/0/0,1/0/0/1/0/0/1/0/0,,,no,match
clok__kemba,syft,5,5,9,9,16,16,yes,17,16,11/0/5/5/6/0/9/2/0,11/0/5/5/6/0/9/2/0,,,no,match
clok__kemba,trivy,5,5,9,9,16,16,yes,17,16,16/0/0/5/11/0/9/7/0,16/0/0/5/11/0/9/7/0,,,no,match
clok__kemba,cdxgen,5,5,9,9,16,16,yes,17,16,5/0/11/5/0/0/5/0/4,5/0/11/5/0/0/5/0/4,,,no,match
clok__kemba,cyclonedx-gomod,5,5,9,9,16,16,yes,17,16,6/0/10/5/1/0/5/1/4,6/0/10/5/1/0/5/1/4,,,no,match
cloudflare__cloudflared,syft,68,68,72,72,160,160,yes,161,160,111/3/49/66/48/2/70/44/2,111/3/49/66/48/2/70/44/2,,,no,match
cloudflare__cloudflared,trivy,68,68,72,72,160,160,yes,161,160,91/2/69/66/27/2/70/23/2,91/2/69/66/27/2/70/23/2,,,no,match
cloudflare__cloudflared,cdxgen,68,68,72,72,160,160,yes,161,160,93/1/67/68/26/0/72/22/0,93/1/67/68/26/0/72/22/0,,,no,match
cloudflare__cloudflared,cyclonedx-gomod,68,68,72,72,160,160,yes,161,160,76/2/84/66/12/2/66/12/6,76/2/84/66/12/2/66/12/6,,,no,match
cloudquery__cloudquery,syft,149,149,149,149,364,364,yes,365,364,248/155/116/149/254/0/149/254/0,248/155/116/149/254/0/149/254/0,,,no,match
cloudquery__cloudquery,trivy,149,149,149,149,364,364,yes,365,364,215/136/149/149/202/0/149/202/0,215/136/149/149/202/0/149/202/0,,,no,match
cloudquery__cloudquery,cdxgen,149,149,149,149,364,364,yes,365,364,204/91/160/149/146/0/149/146/0,204/91/160/149/146/0/149/146/0,,,no,match
cloudquery__cloudquery,cyclonedx-gomod,149,149,149,149,364,364,yes,365,364,151/0/213/149/2/0/149/2/0,151/0/213/149/2/0/149/2/0,,,no,match
cloudwego__hertz,syft,13,13,18,18,26,26,yes,27,26,24/28/2/13/39/0/18/34/0,24/28/2/13/39/0/18/34/0,,,no,match
cloudwego__hertz,trivy,13,13,18,18,26,26,yes,27,26,25/50/1/13/62/0/18/57/0,25/50/1/13/62/0/18/57/0,,,no,match
cloudwego__hertz,cdxgen,13,13,18,18,26,26,yes,27,26,15/22/11/13/24/0/14/23/4,15/22/11/13/24/0/14/23/4,,,no,match
cloudwego__hertz,cyclonedx-gomod,13,13,18,18,26,26,yes,27,26,15/0/11/12/3/1/12/3/6,15/0/11/12/3/1/12/3/6,,,no,match
cloudwego__kitex,syft,41,41,41,41,80,80,yes,81,80,46/2/34/41/7/0/41/7/0,46/2/34/41/7/0/41/7/0,,,no,match
cloudwego__kitex,trivy,41,41,41,41,80,80,yes,81,80,41/2/39/41/2/0/41/2/0,41/2/39/41/2/0/41/2/0,,,no,match
cloudwego__kitex,cdxgen,41,41,41,41,80,80,yes,81,80,41/1/39/41/1/0/41/1/0,41/1/39/41/1/0/41/1/0,,,no,match
cloudwego__kitex,cyclonedx-gomod,41,41,41,41,80,80,yes,81,80,41/0/39/41/0/0/41/0/0,41/0/39/41/0/0/41/0/0,,,no,match
cloudwego__netpoll,syft,3,3,3,3,12,12,yes,13,12,7/0/5/3/4/0/3/4/0,7/0/5/3/4/0/3/4/0,,,no,match
cloudwego__netpoll,trivy,3,3,3,3,12,12,yes,13,12,7/0/5/3/4/0/3/4/0,7/0/5/3/4/0/3/4/0,,,no,match
cloudwego__netpoll,cdxgen,3,3,3,3,12,12,yes,13,12,3/0/9/3/0/0/3/0/0,3/0/9/3/0/0/3/0/0,,,no,match
cloudwego__netpoll,cyclonedx-gomod,3,3,3,3,12,12,yes,13,12,3/0/9/3/0/0/3/0/0,3/0/9/3/0/0/3/0/0,,,no,match
cmd-stream__cmd-stream-go,syft,7,7,7,7,11,11,yes,12,11,7/0/4/7/0/0/7/0/0,7/0/4/7/0/0/7/0/0,,,no,match
cmd-stream__cmd-stream-go,trivy,7,7,7,7,11,11,yes,12,11,7/0/4/7/0/0/7/0/0,7/0/4/7/0/0/7/0/0,,,no,match
cmd-stream__cmd-stream-go,cdxgen,7,7,7,7,11,11,yes,12,11,7/0/4/7/0/0/7/0/0,7/0/4/7/0/0/7/0/0,,,no,match
cmd-stream__cmd-stream-go,cyclonedx-gomod,7,7,7,7,11,11,yes,12,11,7/0/4/7/0/0/7/0/0,7/0/4/7/0/0/7/0/0,,,no,match
cockroachdb__cockroach,syft,401,401,407,407,1166,1166,yes,1167,1166,535/12/631/393/154/8/399/148/8,535/12/631/393/154/8/399/148/8,,,no,match
cockroachdb__cockroach,trivy,401,401,407,407,1166,1166,yes,1167,1166,473/15/693/393/95/8/399/89/8,473/15/693/393/95/8/399/89/8,,,no,match
cockroachdb__cockroach,cdxgen,401,401,407,407,1166,1166,yes,1167,1166,481/11/685/401/91/0/407/85/0,481/11/685/401/91/0/407/85/0,,,no,match
cockroachdb__cockroach,cyclonedx-gomod,401,401,407,407,1166,1166,yes,1167,1166,463/9/703/391/81/10/392/80/15,463/9/703/391/81/10/392/80/15,,,no,match
cockroachdb__errors,syft,17,17,23,23,188,188,yes,189,188,39/0/149/17/22/0/23/16/0,39/0/149/17/22/0/23/16/0,,,no,match
cockroachdb__errors,trivy,17,17,23,23,188,188,yes,189,188,23/0/165/17/6/0/23/0/0,23/0/165/17/6/0/23/0/0,,,no,match
cockroachdb__errors,cdxgen,17,17,23,23,188,188,yes,189,188,17/0/171/17/0/0/17/0/6,17/0/171/17/0/0/17/0/6,,,no,match
cockroachdb__errors,cyclonedx-gomod,17,17,23,23,188,188,yes,189,188,16/0/172/16/0/1/16/0/7,16/0/172/16/0/1/16/0/7,,,no,match
cockroachdb__pebble,syft,50,50,54,54,238,238,yes,239,238,65/8/173/50/23/0/54/19/0,65/8/173/50/23/0/54/19/0,,,no,match
cockroachdb__pebble,trivy,50,50,54,54,238,238,yes,239,238,58/7/180/50/15/0/54/11/0,58/7/180/50/15/0/54/11/0,,,no,match
cockroachdb__pebble,cdxgen,50,50,54,54,238,238,yes,239,238,51/1/187/50/2/0/50/2/4,51/1/187/50/2/0/50/2/4,,,no,match
cockroachdb__pebble,cyclonedx-gomod,50,50,54,54,238,238,yes,239,238,48/0/190/47/1/3/47/1/7,48/0/190/47/1/3/47/1/7,,,no,match
codemodus__catena,syft,,6,,6,,9,NA,10,9,NA,8/0/1/6/2/0/6/2/0,,,no,july_unavailable
codemodus__catena,trivy,,6,,6,,9,NA,10,9,NA,8/0/1/6/2/0/6/2/0,,,no,july_unavailable
codemodus__catena,cdxgen,,6,,6,,9,NA,10,9,NA,6/0/3/6/0/0/6/0/0,,,no,july_unavailable
codemodus__catena,cyclonedx-gomod,,6,,6,,9,NA,10,9,NA,6/0/3/6/0/0/6/0/0,,,no,july_unavailable
codenotary__immudb,syft,81,81,85,85,489,489,yes,490,489,152/19/337/80/91/1/84/87/1,152/19/337/80/91/1/84/87/1,,,no,match
codenotary__immudb,trivy,81,81,85,85,489,489,yes,490,489,134/13/355/80/67/1/84/63/1,134/13/355/80/67/1/84/63/1,,,no,match
codenotary__immudb,cdxgen,81,81,85,85,489,489,yes,490,489,135/9/354/81/63/0/85/59/0,135/9/354/81/63/0/85/59/0,,,no,match
codenotary__immudb,cyclonedx-gomod,81,81,85,85,489,489,yes,490,489,105/1/384/78/28/3/78/28/7,105/1/384/78/28/3/78/28/7,,,no,match
codesenberg__bombardier,syft,18,18,18,18,34,34,yes,35,34,27/0/7/18/9/0/18/9/0,27/0/7/18/9/0/18/9/0,,,no,match
codesenberg__bombardier,trivy,18,18,18,18,34,34,yes,35,34,18/0/16/18/0/0/18/0/0,18/0/16/18/0/0/18/0/0,,,no,match
codesenberg__bombardier,cdxgen,18,18,18,18,34,34,yes,35,34,18/0/16/18/0/0/18/0/0,18/0/16/18/0/0/18/0/0,,,no,match
codesenberg__bombardier,cyclonedx-gomod,18,18,18,18,34,34,yes,35,34,18/0/16/18/0/0/18/0/0,18/0/16/18/0/0/18/0/0,,,no,match
codeship__codeship-go,syft,1,1,7,7,264,264,yes,265,264,16/0/248/1/15/0/7/9/0,16/0/248/1/15/0/7/9/0,,,no,match
codeship__codeship-go,trivy,1,1,7,7,264,264,yes,265,264,264/0/0/1/263/0/7/257/0,264/0/0/1/263/0/7/257/0,,,no,match
codeship__codeship-go,cdxgen,1,1,7,7,264,264,yes,265,264,1/0/263/1/0/0/1/0/6,1/0/263/1/0/0/1/0/6,,,no,match
codeship__codeship-go,cyclonedx-gomod,1,1,7,7,264,264,yes,265,264,NA,NA,,,no,match
codingconcepts__dg,syft,5,5,8,8,14,14,yes,15,14,9/0/5/5/4/0/8/1/0,9/0/5/5/4/0/8/1/0,,,no,match
codingconcepts__dg,trivy,5,5,8,8,14,14,yes,15,14,8/0/6/5/3/0/8/0/0,8/0/6/5/3/0/8/0/0,,,no,match
codingconcepts__dg,cdxgen,5,5,8,8,14,14,yes,15,14,5/0/9/5/0/0/5/0/3,5/0/9/5/0/0/5/0/3,,,no,match
codingconcepts__dg,cyclonedx-gomod,5,5,8,8,14,14,yes,15,14,5/0/9/5/0/0/5/0/3,5/0/9/5/0/0/5/0/3,,,no,match
codingsince1985__checksum,syft,2,2,3,3,6,6,yes,7,6,3/0/3/2/1/0/3/0/0,3/0/3/2/1/0/3/0/0,,,no,match
codingsince1985__checksum,trivy,2,2,3,3,6,6,yes,7,6,3/0/3/2/1/0/3/0/0,3/0/3/2/1/0/3/0/0,,,no,match
codingsince1985__checksum,cdxgen,2,2,3,3,6,6,yes,7,6,2/0/4/2/0/0/2/0/1,2/0/4/2/0/0/2/0/1,,,no,match
codingsince1985__checksum,cyclonedx-gomod,2,2,3,3,6,6,yes,7,6,2/0/4/2/0/0/2/0/1,2/0/4/2/0/0/2/0/1,,,no,match
codingsince1985__couchcache,syft,10,10,10,10,21,21,yes,22,21,16/0/5/10/6/0/10/6/0,16/0/5/10/6/0/10/6/0,,,no,match
codingsince1985__couchcache,trivy,10,10,10,10,21,21,yes,22,21,13/0/8/10/3/0/10/3/0,13/0/8/10/3/0/10/3/0,,,no,match
codingsince1985__couchcache,cdxgen,10,10,10,10,21,21,yes,22,21,10/0/11/10/0/0/10/0/0,10/0/11/10/0/0/10/0/0,,,no,match
codingsince1985__couchcache,cyclonedx-gomod,10,10,10,10,21,21,yes,22,21,10/0/11/10/0/0/10/0/0,10/0/11/10/0/0/10/0/0,,,no,match
codingsince1985__geo-golang,syft,1,1,5,5,7,7,yes,8,7,6/0/1/1/5/0/5/1/0,6/0/1/1/5/0/5/1/0,,,no,match
codingsince1985__geo-golang,trivy,1,1,5,5,7,7,yes,8,7,5/0/2/1/4/0/5/0/0,5/0/2/1/4/0/5/0/0,,,no,match
codingsince1985__geo-golang,cdxgen,1,1,5,5,7,7,yes,8,7,1/0/6/1/0/0/1/0/4,1/0/6/1/0/0/1/0/4,,,no,match
codingsince1985__geo-golang,cyclonedx-gomod,1,1,5,5,7,7,yes,8,7,1/0/6/1/0/0/1/0/4,1/0/6/1/0/0/1/0/4,,,no,match
cogentcore__core,syft,66,66,66,66,123,123,yes,124,123,84/0/39/66/18/0/66/18/0,84/0/39/66/18/0/66/18/0,,,no,match
cogentcore__core,trivy,66,66,66,66,123,123,yes,124,123,74/0/49/66/8/0/66/8/0,74/0/49/66/8/0/66/8/0,,,no,match
cogentcore__core,cdxgen,66,66,66,66,123,123,yes,124,123,66/0/57/66/0/0/66/0/0,66/0/57/66/0/0/66/0/0,,,no,match
cogentcore__core,cyclonedx-gomod,66,66,66,66,123,123,yes,124,123,71/0/52/66/5/0/66/5/0,71/0/52/66/5/0/66/5/0,,,no,match
coinpaprika__coinpaprika-api-go-client,syft,1,1,5,5,8,8,yes,9,8,7/0/1/1/6/0/5/2/0,7/0/1/1/6/0/5/2/0,,,no,match
coinpaprika__coinpaprika-api-go-client,trivy,1,1,5,5,8,8,yes,9,8,5/0/3/1/4/0/5/0/0,5/0/3/1/4/0/5/0/0,,,no,match
coinpaprika__coinpaprika-api-go-client,cdxgen,1,1,5,5,8,8,yes,9,8,1/0/7/1/0/0/1/0/4,1/0/7/1/0/0/1/0/4,,,no,match
coinpaprika__coinpaprika-api-go-client,cyclonedx-gomod,1,1,5,5,8,8,yes,9,8,1/0/7/1/0/0/1/0/4,1/0/7/1/0/0/1/0/4,,,no,match
cometbft__cometbft,syft,143,143,156,156,438,438,yes,439,438,238/0/200/143/95/0/156/82/0,238/0/200/143/95/0/156/82/0,,,no,match
cometbft__cometbft,trivy,143,143,156,156,438,438,yes,439,438,191/0/247/143/48/0/156/35/0,191/0/247/143/48/0/156/35/0,,,no,match
cometbft__cometbft,cdxgen,143,143,156,156,438,438,yes,439,438,143/0/295/143/0/0/143/0/13,143/0/295/143/0/0/143/0/13,,,no,match
cometbft__cometbft,cyclonedx-gomod,143,143,156,156,438,438,yes,439,438,173/0/265/142/31/1/142/31/14,173/0/265/142/31/1/142/31/14,,,no,match
confluentinc__confluent-kafka-go,syft,93,93,93,93,283,283,yes,284,283,119/185/164/93/211/0/93/211/0,119/185/164/93/211/0/93/211/0,,,no,match
confluentinc__confluent-kafka-go,trivy,93,93,93,93,283,283,yes,284,283,107/124/176/93/138/0/93/138/0,107/124/176/93/138/0/93/138/0,,,no,match
confluentinc__confluent-kafka-go,cdxgen,93,93,93,93,283,283,yes,284,283,93/13/190/93/13/0/93/13/0,93/13/190/93/13/0/93/13/0,,,no,match
confluentinc__confluent-kafka-go,cyclonedx-gomod,93,93,93,93,283,283,yes,284,283,94/0/189/93/1/0/93/1/0,94/0/189/93/1/0/93/1/0,,,no,match
connectordb__connectordb,syft,46,46,46,46,246,246,yes,247,246,73/0/173/46/27/0/46/27/0,73/0/173/46/27/0/46/27/0,,,no,match
connectordb__connectordb,trivy,46,46,46,46,246,246,yes,247,246,65/0/181/46/19/0/46/19/0,65/0/181/46/19/0/46/19/0,,,no,match
connectordb__connectordb,cdxgen,46,46,46,46,246,246,yes,247,246,46/0/200/46/0/0/46/0/0,46/0/200/46/0/0/46/0/0,,,no,match
connectordb__connectordb,cyclonedx-gomod,46,46,46,46,246,246,yes,247,246,46/0/200/42/4/4/42/4/4,46/0/200/42/4/4/42/4/4,,,no,match
consbio__mbtileserver,syft,21,21,21,21,35,35,yes,36,35,27/0/8/21/6/0/21/6/0,27/0/8/21/6/0/21/6/0,,,no,match
consbio__mbtileserver,trivy,21,21,21,21,35,35,yes,36,35,22/0/13/21/1/0/21/1/0,22/0/13/21/1/0/21/1/0,,,no,match
consbio__mbtileserver,cdxgen,21,21,21,21,35,35,yes,36,35,21/0/14/21/0/0/21/0/0,21/0/14/21/0/0/21/0/0,,,no,match
consbio__mbtileserver,cyclonedx-gomod,21,21,21,21,35,35,yes,36,35,22/0/13/21/1/0/21/1/0,22/0/13/21/1/0/21/1/0,,,no,match
containers__podman-tui,syft,128,128,135,135,484,484,yes,485,484,177/0/307/128/49/0/135/42/0,177/0/307/128/49/0/135/42/0,,,no,match
containers__podman-tui,trivy,128,128,135,135,484,484,yes,485,484,143/0/341/128/15/0/135/8/0,143/0/341/128/15/0/135/8/0,,,no,match
containers__podman-tui,cdxgen,128,128,135,135,484,484,yes,485,484,143/0/341/128/15/0/135/8/0,143/0/341/128/15/0/135/8/0,,,no,match
containers__podman-tui,cyclonedx-gomod,128,128,135,135,484,484,yes,485,484,133/0/351/127/6/1/127/6/8,133/0/351/127/6/1/127/6/8,,,no,match
containous__traefik,syft,352,352,377,377,937,937,yes,938,937,470/7/467/350/127/2/375/102/2,470/7/467/350/127/2/375/102/2,,,no,match
containous__traefik,trivy,352,352,377,377,937,937,yes,938,937,398/7/539/350/55/2/375/30/2,398/7/539/350/55/2/375/30/2,,,no,match
containous__traefik,cdxgen,352,352,377,377,937,937,yes,938,937,352/1/585/352/1/0/352/1/25,352/1/585/352/1/0/352/1/25,,,no,match
containous__traefik,cyclonedx-gomod,352,352,377,377,937,937,yes,938,937,345/2/592/339/8/13/339/8/38,345/2/592/339/8/13/339/8/38,,,no,match
containrrr__shoutrrr,syft,29,29,30,30,65,65,yes,66,65,54/0/11/29/25/0/30/24/0,54/0/11/29/25/0/30/24/0,,,no,match
containrrr__shoutrrr,trivy,29,29,30,30,65,65,yes,66,65,34/0/31/29/5/0/30/4/0,34/0/31/29/5/0/30/4/0,,,no,match
containrrr__shoutrrr,cdxgen,29,29,30,30,65,65,yes,66,65,29/0/36/29/0/0/29/0/1,29/0/36/29/0/0/29/0/1,,,no,match
containrrr__shoutrrr,cyclonedx-gomod,29,29,30,30,65,65,yes,66,65,32/0/33/29/3/0/29/3/1,32/0/33/29/3/0/29/3/1,,,no,match
corazawaf__coraza,syft,17,17,23,23,125,125,yes,126,125,75/0/50/17/58/0/23/52/0,75/0/50/17/58/0/23/52/0,,,no,match
corazawaf__coraza,trivy,17,17,23,23,125,125,yes,126,125,68/0/57/17/51/0/23/45/0,68/0/57/17/51/0/23/45/0,,,no,match
corazawaf__coraza,cdxgen,17,17,23,23,125,125,yes,126,125,35/0/90/17/18/0/18/17/5,35/0/90/17/18/0/18/17/5,,,no,match
corazawaf__coraza,cyclonedx-gomod,17,17,23,23,125,125,yes,126,125,34/0/91/17/17/0/17/17/6,34/0/91/17/17/0/17/17/6,,,no,match
corbym__gogiven,syft,1,1,2,2,2,2,yes,3,2,2/0/0/1/1/0/2/0/0,2/0/0/1/1/0/2/0/0,,,no,match
corbym__gogiven,trivy,1,1,2,2,2,2,yes,3,2,2/0/0/1/1/0/2/0/0,2/0/0/1/1/0/2/0/0,,,no,match
corbym__gogiven,cdxgen,1,1,2,2,2,2,yes,3,2,1/0/1/1/0/0/1/0/1,1/0/1/1/0/0/1/0/1,,,no,match
corbym__gogiven,cyclonedx-gomod,1,1,2,2,2,2,yes,3,2,1/0/1/1/0/0/1/0/1,1/0/1/1/0/0/1/0/1,,,no,match
coregx__coregex,syft,2,2,2,2,2,2,yes,3,2,2/0/0/2/0/0/2/0/0,2/0/0/2/0/0/2/0/0,,,no,match
coregx__coregex,trivy,2,2,2,2,2,2,yes,3,2,2/0/0/2/0/0/2/0/0,2/0/0/2/0/0/2/0/0,,,no,match
coregx__coregex,cdxgen,2,2,2,2,2,2,yes,3,2,2/0/0/2/0/0/2/0/0,2/0/0/2/0/0/2/0/0,,,no,match
coregx__coregex,cyclonedx-gomod,2,2,2,2,2,2,yes,3,2,2/0/0/2/0/0/2/0/0,2/0/0/2/0/0/2/0/0,,,no,match
coregx__fursy,syft,2,2,2,2,2,2,yes,3,2,2/74/0/2/74/0/2/74/0,2/74/0/2/74/0/2/74/0,,,no,match
coregx__fursy,trivy,2,2,2,2,2,2,yes,3,2,2/50/0/2/50/0/2/50/0,2/50/0/2/50/0/2/50/0,,,no,match
coregx__fursy,cdxgen,2,2,2,2,2,2,yes,3,2,2/51/0/2/51/0/2/51/0,2/51/0/2/51/0/2/51/0,,,no,match
coregx__fursy,cyclonedx-gomod,2,2,2,2,2,2,yes,3,2,2/0/0/2/0/0/2/0/0,2/0/0/2/0/0/2/0/0,,,no,match
coregx__gxpdf,syft,11,11,15,15,27,27,yes,28,27,18/0/9/11/7/0/15/3/0,18/0/9/11/7/0/15/3/0,,,no,match
coregx__gxpdf,trivy,11,11,15,15,27,27,yes,28,27,16/0/11/11/5/0/15/1/0,16/0/11/11/5/0/15/1/0,,,no,match
coregx__gxpdf,cdxgen,11,11,15,15,27,27,yes,28,27,11/0/16/11/0/0/11/0/4,11/0/16/11/0/0/11/0/4,,,no,match
coregx__gxpdf,cyclonedx-gomod,11,11,15,15,27,27,yes,28,27,12/0/15/11/1/0/11/1/4,12/0/15/11/1/0/11/1/4,,,no,match
corona10__goimagehash,syft,1,1,1,1,1,1,yes,2,1,1/0/0/1/0/0/1/0/0,1/0/0/1/0/0/1/0/0,,,no,match
corona10__goimagehash,trivy,1,1,1,1,1,1,yes,2,1,1/0/0/1/0/0/1/0/0,1/0/0/1/0/0/1/0/0,,,no,match
corona10__goimagehash,cdxgen,1,1,1,1,1,1,yes,2,1,1/0/0/1/0/0/1/0/0,1/0/0/1/0/0/1/0/0,,,no,match
corona10__goimagehash,cyclonedx-gomod,1,1,1,1,1,1,yes,2,1,1/0/0/1/0/0/1/0/0,1/0/0/1/0/0/1/0/0,,,no,match
cortesi__devd,syft,21,21,21,21,41,41,yes,42,41,29/0/12/21/8/0/21/8/0,29/0/12/21/8/0/21/8/0,,,no,match
cortesi__devd,trivy,21,21,21,21,41,41,yes,42,41,27/0/14/21/6/0/21/6/0,27/0/14/21/6/0/21/6/0,,,no,match
cortesi__devd,cdxgen,21,21,21,21,41,41,yes,42,41,21/0/20/21/0/0/21/0/0,21/0/20/21/0/0/21/0/0,,,no,match
cortesi__devd,cyclonedx-gomod,21,21,21,21,41,41,yes,42,41,21/0/20/21/0/0/21/0/0,21/0/20/21/0/0/21/0/0,,,no,match
cosmos__cosmos-sdk,syft,289,289,293,293,757,757,yes,758,757,379/22/378/289/112/0/293/108/0,379/22/378/289/112/0/293/108/0,,,no,match
cosmos__cosmos-sdk,trivy,289,289,293,293,757,757,yes,758,757,332/25/425/289/68/0/293/64/0,332/25/425/289/68/0/293/64/0,,,no,match
cosmos__cosmos-sdk,cdxgen,289,289,293,293,757,757,yes,758,757,NA,NA,,,no,match
cosmos__cosmos-sdk,cyclonedx-gomod,289,289,293,293,757,757,yes,758,757,314/1/443/287/28/2/287/28/6,314/1/443/287/28/2/287/28/6,,,no,match
cosmtrek__air,syft,19,19,23,23,199,199,yes,200,199,101/1/98/19/83/0/23/79/0,101/1/98/19/83/0/23/79/0,,,no,match
cosmtrek__air,trivy,19,19,23,23,199,199,yes,200,199,27/1/172/19/9/0/23/5/0,27/1/172/19/9/0/23/5/0,,,no,match
cosmtrek__air,cdxgen,19,19,23,23,199,199,yes,200,199,19/0/180/19/0/0/19/0/4,19/0/180/19/0/0/19/0/4,,,no,match
cosmtrek__air,cyclonedx-gomod,19,19,23,23,199,199,yes,200,199,19/0/180/19/0/0/19/0/4,19/0/180/19/0/0/19/0/4,,,no,match
cossacklabs__acra,syft,110,110,110,110,367,367,yes,368,367,146/0/221/110/36/0/110/36/0,146/0/221/110/36/0/110/36/0,,,no,match
cossacklabs__acra,trivy,110,110,110,110,367,367,yes,368,367,125/0/242/110/15/0/110/15/0,125/0/242/110/15/0/110/15/0,,,no,match
cossacklabs__acra,cdxgen,110,110,110,110,367,367,yes,368,367,110/0/257/110/0/0/110/0/0,110/0/257/110/0/0/110/0/0,,,no,match
cossacklabs__acra,cyclonedx-gomod,110,110,110,110,367,367,yes,368,367,120/0/247/110/10/0/110/10/0,120/0/247/110/10/0/110/10/0,,,no,match
couchbase__go-couchbase,syft,10,10,10,10,28,28,yes,29,28,15/0/13/10/5/0/10/5/0,15/0/13/10/5/0/10/5/0,,,no,match
couchbase__go-couchbase,trivy,10,10,10,10,28,28,yes,29,28,28/0/0/10/18/0/10/18/0,28/0/0/10/18/0/10/18/0,,,no,match
couchbase__go-couchbase,cdxgen,10,10,10,10,28,28,yes,29,28,10/0/18/10/0/0/10/0/0,10/0/18/10/0/0/10/0/0,,,no,match
couchbase__go-couchbase,cyclonedx-gomod,10,10,10,10,28,28,yes,29,28,10/0/18/10/0/0/10/0/0,10/0/18/10/0/0/10/0/0,,,no,match
couchbase__gocb,syft,23,23,29,29,60,60,yes,61,60,41/18/19/23/36/0/29/30/0,41/18/19/23/36/0/29/30/0,,,no,match
couchbase__gocb,trivy,23,23,29,29,60,60,yes,61,60,32/17/28/23/26/0/29/20/0,32/17/28/23/26/0/29/20/0,,,no,match
couchbase__gocb,cdxgen,23,23,29,29,60,60,yes,61,60,NA,NA,,,no,match
couchbase__gocb,cyclonedx-gomod,23,23,29,29,60,60,yes,61,60,23/0/37/23/0/0/23/0/6,23/0/37/23/0/0/23/0/6,,,no,match
couchbase__moss,syft,3,3,3,3,4,4,yes,5,4,4/0/0/3/1/0/3/1/0,4/0/0/3/1/0/3/1/0,,,no,match
couchbase__moss,trivy,3,3,3,3,4,4,yes,5,4,4/0/0/3/1/0/3/1/0,4/0/0/3/1/0/3/1/0,,,no,match
couchbase__moss,cdxgen,3,3,3,3,4,4,yes,5,4,3/0/1/3/0/0/3/0/0,3/0/1/3/0/0/3/0/0,,,no,match
couchbase__moss,cyclonedx-gomod,3,3,3,3,4,4,yes,5,4,4/0/0/3/1/0/3/1/0,4/0/0/3/1/0/3/1/0,,,no,match
create-go-app__cli,syft,28,28,28,28,64,64,yes,65,64,50/0/14/28/22/0/28/22/0,50/0/14/28/22/0/28/22/0,,,no,match
create-go-app__cli,trivy,28,28,28,28,64,64,yes,65,64,30/0/34/28/2/0/28/2/0,30/0/34/28/2/0/28/2/0,,,no,match
create-go-app__cli,cdxgen,28,28,28,28,64,64,yes,65,64,28/0/36/28/0/0/28/0/0,28/0/36/28/0/0/28/0/0,,,no,match
create-go-app__cli,cyclonedx-gomod,28,28,28,28,64,64,yes,65,64,30/0/34/28/2/0/28/2/0,30/0/34/28/2/0/28/2/0,,,no,match
cristalhq__aconfig,syft,1,1,1,1,1,1,yes,2,1,1/10/0/1/10/0/1/10/0,1/10/0/1/10/0/1/10/0,,,no,match
cristalhq__aconfig,trivy,1,1,1,1,1,1,yes,2,1,1/10/0/1/10/0/1/10/0,1/10/0/1/10/0/1/10/0,,,no,match
cristalhq__aconfig,cdxgen,1,1,1,1,1,1,yes,2,1,1/4/0/1/4/0/1/4/0,1/4/0/1/4/0/1/4/0,,,no,match
cristalhq__aconfig,cyclonedx-gomod,1,1,1,1,1,1,yes,2,1,1/0/0/1/0/0/1/0/0,1/0/0/1/0/0/1/0/0,,,no,match
cshum__imagor,syft,85,85,97,97,291,291,yes,292,291,140/0/151/85/55/0/97/43/0,140/0/151/85/55/0/97/43/0,,,no,match
cshum__imagor,trivy,85,85,97,97,291,291,yes,292,291,100/0/191/85/15/0/97/3/0,100/0/191/85/15/0/97/3/0,,,no,match
cshum__imagor,cdxgen,85,85,97,97,291,291,yes,292,291,85/0/206/85/0/0/85/0/12,85/0/206/85/0/0/85/0/12,,,no,match
cshum__imagor,cyclonedx-gomod,85,85,97,97,291,291,yes,292,291,86/0/205/85/1/0/85/1/12,86/0/205/85/1/0/85/1/12,,,no,match
cswank__kcli,syft,30,30,30,30,49,49,yes,50,49,43/3/6/30/16/0/30/16/0,43/3/6/30/16/0/30/16/0,,,no,match
cswank__kcli,trivy,30,30,30,30,49,49,yes,50,49,49/6/0/30/25/0/30/25/0,49/6/0/30/25/0/30/25/0,,,no,match
cswank__kcli,cdxgen,30,30,30,30,49,49,yes,50,49,30/1/19/30/1/0/30/1/0,30/1/19/30/1/0/30/1/0,,,no,match
cswank__kcli,cyclonedx-gomod,30,30,30,30,49,49,yes,50,49,30/0/19/30/0/0/30/0/0,30/0/19/30/0/0/30/0/0,,,no,match
ctreminiom__go-atlassian,syft,11,11,11,11,13,13,yes,14,13,13/0/0/11/2/0/11/2/0,13/0/0/11/2/0/11/2/0,,,no,match
ctreminiom__go-atlassian,trivy,11,11,11,11,13,13,yes,14,13,11/0/2/11/0/0/11/0/0,11/0/2/11/0/0/11/0/0,,,no,match
ctreminiom__go-atlassian,cdxgen,11,11,11,11,13,13,yes,14,13,11/0/2/11/0/0/11/0/0,11/0/2/11/0/0/11/0/0,,,no,match
ctreminiom__go-atlassian,cyclonedx-gomod,11,11,11,11,13,13,yes,14,13,10/0/3/10/0/1/10/0/1,10/0/3/10/0/1/10/0/1,,,no,match
cucumber__godog,syft,12,12,12,12,23,23,yes,24,23,17/6/6/12/11/0/12/11/0,17/6/6/12/11/0/12/11/0,,,no,match
cucumber__godog,trivy,12,12,12,12,23,23,yes,24,23,23/15/0/12/26/0/12/26/0,23/15/0/12/26/0/12/26/0,,,no,match
cucumber__godog,cdxgen,12,12,12,12,23,23,yes,24,23,12/2/11/12/2/0/12/2/0,12/2/11/12/2/0/12/2/0,,,no,match
cucumber__godog,cyclonedx-gomod,12,12,12,12,23,23,yes,24,23,10/0/13/9/1/3/9/1/3,10/0/13/9/1/3/9/1/3,,,no,match
cweill__gotests,syft,3,3,3,3,8,8,yes,9,8,4/0/4/3/1/0/3/1/0,4/0/4/3/1/0/3/1/0,,,no,match
cweill__gotests,trivy,3,3,3,3,8,8,yes,9,8,3/0/5/3/0/0/3/0/0,3/0/5/3/0/0/3/0/0,,,no,match
cweill__gotests,cdxgen,3,3,3,3,8,8,yes,9,8,3/0/5/3/0/0/3/0/0,3/0/5/3/0/0/3/0/0,,,no,match
cweill__gotests,cyclonedx-gomod,3,3,3,3,8,8,yes,9,8,3/0/5/3/0/0/3/0/0,3/0/5/3/0/0/3/0/0,,,no,match
cybergarage__go-job,syft,48,48,48,48,137,137,yes,138,137,50/0/87/48/2/0/48/2/0,74/0/63/48/26/0/48/26/0,,74/0/63/48/26/0/48/26/0,no,differ
cybergarage__go-job,trivy,48,48,48,48,137,137,yes,138,137,50/0/87/48/2/0/48/2/0,50/0/87/48/2/0/48/2/0,,50/0/87/48/2/0/48/2/0,no,match
cybergarage__go-job,cdxgen,48,48,48,48,137,137,yes,138,137,48/0/89/48/0/0/48/0/0,48/0/89/48/0/0/48/0/0,,48/0/89/48/0/0/48/0/0,no,match
cybergarage__go-job,cyclonedx-gomod,48,48,48,48,137,137,yes,138,137,49/0/88/48/1/0/48/1/0,49/0/88/48/1/0/48/1/0,,49/0/88/48/1/0/48/1/0,no,match
cybertec-postgresql__pg_timetable,syft,84,84,85,85,140,140,yes,141,140,112/0/28/84/28/0/85/27/0,112/0/28/84/28/0/85/27/0,,,no,match
cybertec-postgresql__pg_timetable,trivy,84,84,85,85,140,140,yes,141,140,93/0/47/84/9/0/85/8/0,93/0/47/84/9/0/85/8/0,,,no,match
cybertec-postgresql__pg_timetable,cdxgen,84,84,85,85,140,140,yes,141,140,84/0/56/84/0/0/84/0/1,84/0/56/84/0/0/84/0/1,,,no,match
cybertec-postgresql__pg_timetable,cyclonedx-gomod,84,84,85,85,140,140,yes,141,140,89/0/51/81/8/3/81/8/4,89/0/51/81/8/3/81/8/4,,,no,match
cyruzin__golang-tmdb,syft,1,1,5,5,7,7,yes,8,7,6/0/1/1/5/0/5/1/0,6/0/1/1/5/0/5/1/0,,,no,match
cyruzin__golang-tmdb,trivy,1,1,5,5,7,7,yes,8,7,5/0/2/1/4/0/5/0/0,5/0/2/1/4/0/5/0/0,,,no,match
cyruzin__golang-tmdb,cdxgen,1,1,5,5,7,7,yes,8,7,1/0/6/1/0/0/1/0/4,1/0/6/1/0/0/1/0/4,,,no,match
cyruzin__golang-tmdb,cyclonedx-gomod,1,1,5,5,7,7,yes,8,7,1/0/6/1/0/0/1/0/4,1/0/6/1/0/0/1/0/4,,,no,match
cyucelen__marker,syft,4,4,8,8,10,10,yes,11,10,9/0/1/4/5/0/8/1/0,9/0/1/4/5/0/8/1/0,,,no,match
cyucelen__marker,trivy,4,4,8,8,10,10,yes,11,10,10/0/0/4/6/0/8/2/0,10/0/0/4/6/0/8/2/0,,,no,match
cyucelen__marker,cdxgen,4,4,8,8,10,10,yes,11,10,4/0/6/4/0/0/4/0/4,4/0/6/4/0/0/4/0/4,,,no,match
cyucelen__marker,cyclonedx-gomod,4,4,8,8,10,10,yes,11,10,4/0/6/4/0/0/4/0/4,4/0/6/4/0/0/4/0/4,,,no,match
cyucelen__walker,syft,3,3,20,20,45,45,yes,46,45,24/0/21/3/21/0/20/4/0,24/0/21/3/21/0/20/4/0,,,no,match
cyucelen__walker,trivy,3,3,20,20,45,45,yes,46,45,20/0/25/3/17/0/20/0/0,20/0/25/3/17/0/20/0/0,,,no,match
cyucelen__walker,cdxgen,3,3,20,20,45,45,yes,46,45,3/0/42/3/0/0/3/0/17,3/0/42/3/0/0/3/0/17,,,no,match
cyucelen__walker,cyclonedx-gomod,3,3,20,20,45,45,yes,46,45,3/0/42/3/0/0/3/0/17,3/0/42/3/0/0/3/0/17,,,no,match
dagu-go__dagu,syft,281,281,281,281,915,915,yes,916,915,557/0/358/281/276/0/281/276/0,557/0/358/281/276/0/281/276/0,,,no,match
dagu-go__dagu,trivy,281,281,281,281,915,915,yes,916,915,NA,498/0/417/281/217/0/281/217/0,,,no,july_tool_na
dagu-go__dagu,cdxgen,281,281,281,281,915,915,yes,916,915,NA,281/0/634/281/0/0/281/0/0,,,no,july_tool_na
dagu-go__dagu,cyclonedx-gomod,281,281,281,281,915,915,yes,916,915,NA,497/0/418/280/217/1/280/217/1,,,no,july_tool_na
dancannon__gorethink,syft,14,14,15,15,29,29,yes,30,29,18/0/11/14/4/0/15/3/0,18/0/11/14/4/0/15/3/0,,,no,match
dancannon__gorethink,trivy,14,14,15,15,29,29,yes,30,29,17/0/12/14/3/0/15/2/0,17/0/12/14/3/0/15/2/0,,,no,match
dancannon__gorethink,cdxgen,14,14,15,15,29,29,yes,30,29,14/0/15/14/0/0/14/0/1,14/0/15/14/0/0/14/0/1,,,no,match
dancannon__gorethink,cyclonedx-gomod,14,14,15,15,29,29,yes,30,29,14/0/15/14/0/0/14/0/1,14/0/15/14/0/0/14/0/1,,,no,match
danielgtaylor__huma,syft,48,48,52,52,94,94,yes,95,94,74/3/20/48/29/0/52/25/0,74/3/20/48/29/0/52/25/0,,,no,match
danielgtaylor__huma,trivy,48,48,52,52,94,94,yes,95,94,66/3/28/48/21/0/52/17/0,66/3/28/48/21/0/52/17/0,,,no,match
danielgtaylor__huma,cdxgen,48,48,52,52,94,94,yes,95,94,48/2/46/48/2/0/48/2/4,48/2/46/48/2/0/48/2/4,,,no,match
danielgtaylor__huma,cyclonedx-gomod,48,48,52,52,94,94,yes,95,94,59/0/35/47/12/1/47/12/5,59/0/35/47/12/1/47/12/5,,,no,match
datarootsio__tf-profile,syft,7,7,11,11,19,19,yes,20,19,16/0/3/7/9/0/11/5/0,16/0/3/7/9/0/11/5/0,,,no,match
datarootsio__tf-profile,trivy,7,7,11,11,19,19,yes,20,19,12/0/7/7/5/0/11/1/0,12/0/7/7/5/0/11/1/0,,,no,match
datarootsio__tf-profile,cdxgen,7,7,11,11,19,19,yes,20,19,7/0/12/7/0/0/7/0/4,7/0/12/7/0/0/7/0/4,,,no,match
datarootsio__tf-profile,cyclonedx-gomod,7,7,11,11,19,19,yes,20,19,8/0/11/7/1/0/7/1/4,8/0/11/7/1/0/7/1/4,,,no,match
daveshanley__vacuum,syft,94,94,95,95,242,242,yes,243,242,129/2/113/94/37/0/95/36/0,129/2/113/94/37/0/95/36/0,,,no,match
daveshanley__vacuum,trivy,94,94,95,95,242,242,yes,243,242,98/1/144/94/5/0/95/4/0,98/1/144/94/5/0/95/4/0,,,no,match
daveshanley__vacuum,cdxgen,94,94,95,95,242,242,yes,243,242,95/0/147/94/1/0/94/1/1,95/0/147/94/1/0/94/1/1,,,no,match
daveshanley__vacuum,cyclonedx-gomod,94,94,95,95,242,242,yes,243,242,96/0/146/94/2/0/94/2/1,96/0/146/94/2/0/94/2/1,,,no,match
davidbyttow__govips,syft,3,3,7,7,18,18,yes,19,18,10/0/8/3/7/0/7/3/0,10/0/8/3/7/0/7/3/0,,,no,match
davidbyttow__govips,trivy,3,3,7,7,18,18,yes,19,18,9/0/9/3/6/0/7/2/0,9/0/9/3/6/0/7/2/0,,,no,match
davidbyttow__govips,cdxgen,3,3,7,7,18,18,yes,19,18,3/0/15/3/0/0/3/0/4,3/0/15/3/0/0/3/0/4,,,no,match
davidbyttow__govips,cyclonedx-gomod,3,3,7,7,18,18,yes,19,18,3/0/15/3/0/0/3/0/4,3/0/15/3/0/0/3/0/4,,,no,match
davrodpin__mole,syft,17,17,20,20,52,52,yes,53,52,30/0/22/17/13/0/20/10/0,30/0/22/17/13/0/20/10/0,,,no,match
davrodpin__mole,trivy,17,17,20,20,52,52,yes,53,52,52/0/0/17/35/0/20/32/0,52/0/0/17/35/0/20/32/0,,,no,match
davrodpin__mole,cdxgen,17,17,20,20,52,52,yes,53,52,17/0/35/17/0/0/17/0/3,17/0/35/17/0/0/17/0/3,,,no,match
davrodpin__mole,cyclonedx-gomod,17,17,20,20,52,52,yes,53,52,20/0/32/17/3/0/17/3/3,20/0/32/17/3/0/17/3/3,,,no,match
ddddddO__gtree,syft,8,8,9,9,15,15,yes,16,15,13/3/2/8/8/0/9/7/0,13/3/2/8/8/0/9/7/0,,,no,match
ddddddO__gtree,trivy,8,8,9,9,15,15,yes,16,15,9/3/6/8/4/0/9/3/0,9/3/6/8/4/0/9/3/0,,,no,match
ddddddO__gtree,cdxgen,8,8,9,9,15,15,yes,16,15,8/0/7/8/0/0/8/0/1,8/0/7/8/0/0/8/0/1,,,no,match
ddddddO__gtree,cyclonedx-gomod,8,8,9,9,15,15,yes,16,15,8/0/7/8/0/0/8/0/1,8/0/7/8/0/0/8/0/1,,,no,match
ddosify__alaz,syft,115,115,118,118,324,324,yes,325,324,131/28/193/108/51/7/111/48/7,131/28/193/108/51/7/111/48/7,,,no,match
ddosify__alaz,trivy,115,115,118,118,324,324,yes,325,324,119/7/205/108/18/7/111/15/7,119/7/205/108/18/7/111/15/7,,,no,match
ddosify__alaz,cdxgen,115,115,118,118,324,324,yes,325,324,115/0/209/115/0/0/115/0/3,115/0/209/115/0/0/115/0/3,,,no,match
ddosify__alaz,cyclonedx-gomod,115,115,118,118,324,324,yes,325,324,112/7/212/106/13/9/106/13/12,112/7/212/106/13/9/106/13/12,,,no,match
deatil__go-jwt,syft,2,2,2,2,5,5,yes,6,5,2/0/3/2/0/0/2/0/0,2/0/3/2/0/0/2/0/0,,,no,match
deatil__go-jwt,trivy,2,2,2,2,5,5,yes,6,5,2/0/3/2/0/0/2/0/0,2/0/3/2/0/0/2/0/0,,,no,match
deatil__go-jwt,cdxgen,2,2,2,2,5,5,yes,6,5,2/0/3/2/0/0/2/0/0,2/0/3/2/0/0/2/0/0,,,no,match
deatil__go-jwt,cyclonedx-gomod,2,2,2,2,5,5,yes,6,5,2/0/3/2/0/0/2/0/0,2/0/3/2/0/0/2/0/0,,,no,match
deckarep__golang-set,syft,1,1,1,1,13,13,yes,14,13,3/0/10/1/2/0/1/2/0,3/0/10/1/2/0/1/2/0,,,no,match
deckarep__golang-set,trivy,1,1,1,1,13,13,yes,14,13,3/0/10/1/2/0/1/2/0,3/0/10/1/2/0/1/2/0,,,no,match
deckarep__golang-set,cdxgen,1,1,1,1,13,13,yes,14,13,1/0/12/1/0/0/1/0/0,1/0/12/1/0/0/1/0/0,,,no,match
deckarep__golang-set,cyclonedx-gomod,1,1,1,1,13,13,yes,14,13,1/0/12/1/0/0/1/0/0,1/0/12/1/0/0/1/0/0,,,no,match
deepaksinghvi__cdule,syft,34,34,40,40,123,123,yes,124,123,51/0/72/34/17/0/40/11/0,51/0/72/34/17/0/40/11/0,,,no,match
deepaksinghvi__cdule,trivy,34,34,40,40,123,123,yes,124,123,43/0/80/34/9/0/40/3/0,43/0/80/34/9/0/40/3/0,,,no,match
deepaksinghvi__cdule,cdxgen,34,34,40,40,123,123,yes,124,123,34/0/89/34/0/0/34/0/6,34/0/89/34/0/0/34/0/6,,,no,match
deepaksinghvi__cdule,cyclonedx-gomod,34,34,40,40,123,123,yes,124,123,34/0/89/34/0/0/34/0/6,34/0/89/34/0/0/34/0/6,,,no,match
deepmap__oapi-codegen,syft,16,16,19,19,55,55,yes,56,55,39/124/16/16/147/0/19/144/0,39/124/16/16/147/0/19/144/0,,,no,match
deepmap__oapi-codegen,trivy,16,16,19,19,55,55,yes,56,55,25/100/30/16/109/0/19/106/0,25/100/30/16/109/0/19/106/0,,,no,match
deepmap__oapi-codegen,cdxgen,16,16,19,19,55,55,yes,56,55,21/83/34/16/88/0/16/88/3,21/83/34/16/88/0/16/88/3,,,no,match
deepmap__oapi-codegen,cyclonedx-gomod,16,16,19,19,55,55,yes,56,55,16/0/39/16/0/0/16/0/3,16/0/39/16/0/0/16/0/3,,,no,match
denisenkom__go-mssqldb,syft,14,14,14,14,32,32,yes,33,32,20/0/12/14/6/0/14/6/0,20/0/12/14/6/0/14/6/0,,,no,match
denisenkom__go-mssqldb,trivy,14,14,14,14,32,32,yes,33,32,32/0/0/14/18/0/14/18/0,32/0/0/14/18/0/14/18/0,,,no,match
denisenkom__go-mssqldb,cdxgen,14,14,14,14,32,32,yes,33,32,14/0/18/14/0/0/14/0/0,14/0/18/14/0/0/14/0/0,,,no,match
denisenkom__go-mssqldb,cyclonedx-gomod,14,14,14,14,32,32,yes,33,32,15/0/17/14/1/0/14/1/0,15/0/17/14/1/0/14/1/0,,,no,match
dennwc__dom,syft,25,25,25,25,34,34,yes,35,34,32/8/2/25/15/0/25/15/0,32/8/2/25/15/0/25/15/0,,,no,match
dennwc__dom,trivy,25,25,25,25,34,34,yes,35,34,34/18/0/25/27/0/25/27/0,34/18/0/25/27/0/25/27/0,,,no,match
dennwc__dom,cdxgen,25,25,25,25,34,34,yes,35,34,26/4/8/25/5/0/25/5/0,26/4/8/25/5/0/25/5/0,,,no,match
dennwc__dom,cyclonedx-gomod,25,25,25,25,34,34,yes,35,34,27/1/7/24/4/1/24/4/1,27/1/7/24/4/1/24/4/1,,,no,match
derailed__k9s,syft,371,371,373,373,920,920,yes,921,920,493/0/427/371/122/0/373/120/0,493/0/427/371/122/0/373/120/0,,,no,match
derailed__k9s,trivy,371,371,373,373,920,920,yes,921,920,387/0/533/371/16/0/373/14/0,387/0/533/371/16/0/373/14/0,,,no,match
derailed__k9s,cdxgen,371,371,373,373,920,920,yes,921,920,371/0/549/371/0/0/371/0/2,371/0/549/371/0/0/371/0/2,,,no,match
derailed__k9s,cyclonedx-gomod,371,371,373,373,920,920,yes,921,920,380/0/540/369/11/2/369/11/4,380/0/540/369/11/2/369/11/4,,,no,match
derekparker__delve,syft,19,19,20,20,37,37,yes,38,37,30/0/7/19/11/0/20/10/0,30/0/7/19/11/0/20/10/0,,,no,match
derekparker__delve,trivy,19,19,20,20,37,37,yes,38,37,22/0/15/19/3/0/20/2/0,22/0/15/19/3/0/20/2/0,,,no,match
derekparker__delve,cdxgen,19,19,20,20,37,37,yes,38,37,22/0/15/19/3/0/20/2/0,22/0/15/19/3/0/20/2/0,,,no,match
derekparker__delve,cyclonedx-gomod,19,19,20,20,37,37,yes,38,37,21/0/16/19/2/0/19/2/1,21/0/16/19/2/0/19/2/1,,,no,match
dghubble__gologin,syft,34,34,34,34,74,74,yes,75,74,47/7/27/34/20/0/34/20/0,47/7/27/34/20/0/34/20/0,,,no,match
dghubble__gologin,trivy,34,34,34,34,74,74,yes,75,74,37/6/37/34/9/0/34/9/0,37/6/37/34/9/0/34/9/0,,,no,match
dghubble__gologin,cdxgen,34,34,34,34,74,74,yes,75,74,37/5/37/34/8/0/34/8/0,37/5/37/34/8/0/34/8/0,,,no,match
dghubble__gologin,cyclonedx-gomod,34,34,34,34,74,74,yes,75,74,34/0/40/34/0/0/34/0/0,34/0/40/34/0/0/34/0/0,,,no,match
dghubble__sling,syft,1,1,1,1,3,3,yes,3,2,3/3/0/1/5/0/1/5/0,2/3/0/1/4/0/1/4/0,3/3/0/1/5/0/1/5/0,,predicted,july_main_bug
dghubble__sling,trivy,1,1,1,1,3,3,yes,3,2,3/3/0/1/5/0/1/5/0,2/3/0/1/4/0/1/4/0,3/3/0/1/5/0/1/5/0,,predicted,july_main_bug
dghubble__sling,cdxgen,1,1,1,1,3,3,yes,3,2,2/2/1/1/3/0/1/3/0,1/2/1/1/2/0/1/2/0,2/2/1/1/3/0/1/3/0,,predicted,july_main_bug
dghubble__sling,cyclonedx-gomod,1,1,1,1,3,3,yes,3,2,1/0/2/1/0/0/1/0/0,1/0/1/1/0/0/1/0/0,1/0/2/1/0/0/1/0/0,,predicted,july_main_bug
dgraph-io__badger,syft,18,18,22,22,35,35,yes,36,35,30/0/5/18/12/0/22/8/0,30/0/5/18/12/0/22/8/0,,,no,match
dgraph-io__badger,trivy,18,18,22,22,35,35,yes,36,35,23/0/12/18/5/0/22/1/0,23/0/12/18/5/0/22/1/0,,,no,match
dgraph-io__badger,cdxgen,18,18,22,22,35,35,yes,36,35,18/0/17/18/0/0/18/0/4,18/0/17/18/0/0/18/0/4,,,no,match
dgraph-io__badger,cyclonedx-gomod,18,18,22,22,35,35,yes,36,35,19/0/16/18/1/0/18/1/4,19/0/16/18/1/0/18/1/4,,,no,match
dgraph-io__dgraph,syft,157,157,157,157,349,349,yes,350,349,195/1/154/157/39/0/157/39/0,195/1/154/157/39/0/157/39/0,,,no,match
dgraph-io__dgraph,trivy,157,157,157,157,349,349,yes,350,349,167/1/182/157/11/0/157/11/0,167/1/182/157/11/0/157/11/0,,,no,match
dgraph-io__dgraph,cdxgen,157,157,157,157,349,349,yes,350,349,158/0/191/157/1/0/157/1/0,158/0/191/157/1/0/157/1/0,,,no,match
dgraph-io__dgraph,cyclonedx-gomod,157,157,157,157,349,349,yes,350,349,159/0/190/156/3/1/156/3/1,159/0/190/156/3/1/156/3/1,,,no,match
dgraph-io__ristretto,syft,3,3,8,8,10,10,yes,11,10,9/0/1/3/6/0/8/1/0,9/0/1/3/6/0/8/1/0,,,no,match
dgraph-io__ristretto,trivy,3,3,8,8,10,10,yes,11,10,8/0/2/3/5/0/8/0/0,8/0/2/3/5/0/8/0/0,,,no,match
dgraph-io__ristretto,cdxgen,3,3,8,8,10,10,yes,11,10,3/0/7/3/0/0/3/0/5,3/0/7/3/0/0/3/0/5,,,no,match
dgraph-io__ristretto,cyclonedx-gomod,3,3,8,8,10,10,yes,11,10,3/0/7/3/0/0/3/0/5,3/0/7/3/0/0/3/0/5,,,no,match
didip__tollbooth,syft,1,1,1,1,6,6,yes,7,6,6/0/0/1/5/0/1/5/0,6/0/0/1/5/0/1/5/0,,,no,match
didip__tollbooth,trivy,1,1,1,1,6,6,yes,7,6,6/0/0/1/5/0/1/5/0,6/0/0/1/5/0/1/5/0,,,no,match
didip__tollbooth,cdxgen,1,1,1,1,6,6,yes,7,6,1/0/5/1/0/0/1/0/0,1/0/5/1/0/0/1/0/0,,,no,match
didip__tollbooth,cyclonedx-gomod,1,1,1,1,6,6,yes,7,6,1/0/5/1/0/0/1/0/0,1/0/5/1/0/0/1/0/0,,,no,match
dikhan__terraform-provider-openapi,syft,65,65,74,74,221,221,yes,222,221,117/2/104/65/54/0/74/45/0,117/2/104/65/54/0/74/45/0,,,no,match
dikhan__terraform-provider-openapi,trivy,65,65,74,74,221,221,yes,222,221,186/77/35/65/198/0/74/189/0,186/77/35/65/198/0/74/189/0,,,no,match
dikhan__terraform-provider-openapi,cdxgen,65,65,74,74,221,221,yes,222,221,79/0/142/65/14/0/68/11/6,79/0/142/65/14/0/68/11/6,,,no,match
dikhan__terraform-provider-openapi,cyclonedx-gomod,65,65,74,74,221,221,yes,222,221,66/0/155/65/1/0/65/1/9,66/0/155/65/1/0/65/1/9,,,no,match
dimiro1__banner,syft,4,4,4,4,4,4,yes,5,4,4/0/0/4/0/0/4/0/0,4/0/0/4/0/0/4/0/0,,,no,match
dimiro1__banner,trivy,4,4,4,4,4,4,yes,5,4,4/0/0/4/0/0/4/0/0,4/0/0/4/0/0/4/0/0,,,no,match
dimiro1__banner,cdxgen,4,4,4,4,4,4,yes,5,4,4/0/0/4/0/0/4/0/0,4/0/0/4/0/0/4/0/0,,,no,match
dimiro1__banner,cyclonedx-gomod,4,4,4,4,4,4,yes,5,4,4/0/0/4/0/0/4/0/0,4/0/0/4/0/0/4/0/0,,,no,match
dimiro1__health,syft,1,1,3,3,4,4,yes,5,4,4/0/0/1/3/0/3/1/0,4/0/0/1/3/0/3/1/0,,,no,match
dimiro1__health,trivy,1,1,3,3,4,4,yes,5,4,4/0/0/1/3/0/3/1/0,4/0/0/1/3/0/3/1/0,,,no,match
dimiro1__health,cdxgen,1,1,3,3,4,4,yes,5,4,1/0/3/1/0/0/1/0/2,1/0/3/1/0/0/1/0/2,,,no,match
dimiro1__health,cyclonedx-gomod,1,1,3,3,4,4,yes,5,4,1/0/3/1/0/0/1/0/2,1/0/3/1/0/0/1/0/2,,,no,match
dimuska139__rawg-sdk-go,syft,,1,,6,,8,NA,9,8,NA,7/0/1/1/6/0/6/1/0,,,no,july_unavailable
dimuska139__rawg-sdk-go,trivy,,1,,6,,8,NA,9,8,NA,8/0/0/1/7/0/6/2/0,,,no,july_unavailable
dimuska139__rawg-sdk-go,cdxgen,,1,,6,,8,NA,9,8,NA,1/0/7/1/0/0/1/0/5,,,no,july_unavailable
dimuska139__rawg-sdk-go,cyclonedx-gomod,,1,,6,,8,NA,9,8,NA,1/0/7/1/0/0/1/0/5,,,no,july_unavailable
dinakars777__moody,syft,3,3,3,3,29,29,yes,30,29,4/0/25/3/1/0/3/1/0,4/0/25/3/1/0/3/1/0,,,no,match
dinakars777__moody,trivy,3,3,3,3,29,29,yes,30,29,4/0/25/3/1/0/3/1/0,4/0/25/3/1/0/3/1/0,,,no,match
dinakars777__moody,cdxgen,3,3,3,3,29,29,yes,30,29,4/0/25/3/1/0/3/1/0,4/0/25/3/1/0/3/1/0,,,no,match
dinakars777__moody,cyclonedx-gomod,3,3,3,3,29,29,yes,30,29,4/0/25/3/1/0/3/1/0,4/0/25/3/1/0/3/1/0,,,no,match
disintegration__imaging,syft,1,1,1,1,2,2,yes,3,2,2/0/0/1/1/0/1/1/0,1/0/1/1/0/0/1/0/0,,2/0/0/1/1/0/1/1/0,no,cache_sensitive
disintegration__imaging,trivy,1,1,1,1,2,2,yes,3,2,2/0/0/1/1/0/1/1/0,2/0/0/1/1/0/1/1/0,,2/0/0/1/1/0/1/1/0,no,match
disintegration__imaging,cdxgen,1,1,1,1,2,2,yes,3,2,1/0/1/1/0/0/1/0/0,1/0/1/1/0/0/1/0/0,,1/0/1/1/0/0/1/0/0,no,match
disintegration__imaging,cyclonedx-gomod,1,1,1,1,2,2,yes,3,2,1/0/1/1/0/0/1/0/0,1/0/1/1/0/0/1/0/0,,1/0/1/1/0/0/1/0/0,no,match
dixonwille__wlog,syft,1,1,5,5,10,10,yes,11,10,9/0/1/1/8/0/5/4/0,9/0/1/1/8/0/5/4/0,,,no,match
dixonwille__wlog,trivy,1,1,5,5,10,10,yes,11,10,10/0/0/1/9/0/5/5/0,10/0/0/1/9/0/5/5/0,,,no,match
dixonwille__wlog,cdxgen,1,1,5,5,10,10,yes,11,10,1/0/9/1/0/0/1/0/4,1/0/9/1/0/0/1/0/4,,,no,match
dixonwille__wlog,cyclonedx-gomod,1,1,5,5,10,10,yes,11,10,1/0/9/1/0/0/1/0/4,1/0/9/1/0/0/1/0/4,,,no,match
dixonwille__wmenu,syft,4,4,8,8,13,13,yes,14,13,12/0/1/4/8/0/8/4/0,12/0/1/4/8/0/8/4/0,,,no,match
dixonwille__wmenu,trivy,4,4,8,8,13,13,yes,14,13,13/0/0/4/9/0/8/5/0,13/0/0/4/9/0/8/5/0,,,no,match
dixonwille__wmenu,cdxgen,4,4,8,8,13,13,yes,14,13,4/0/9/4/0/0/4/0/4,4/0/9/4/0/0/4/0/4,,,no,match
dixonwille__wmenu,cyclonedx-gomod,4,4,8,8,13,13,yes,14,13,4/0/9/4/0/0/4/0/4,4/0/9/4/0/0/4/0/4,,,no,match
dnaeon__go-vcr,syft,1,1,1,1,1,1,yes,2,1,1/0/0/1/0/0/1/0/0,1/0/0/1/0/0/1/0/0,,,no,match
dnaeon__go-vcr,trivy,1,1,1,1,1,1,yes,2,1,1/0/0/1/0/0/1/0/0,1/0/0/1/0/0/1/0/0,,,no,match
dnaeon__go-vcr,cdxgen,1,1,1,1,1,1,yes,2,1,1/0/0/1/0/0/1/0/0,1/0/0/1/0/0/1/0/0,,,no,match
dnaeon__go-vcr,cyclonedx-gomod,1,1,1,1,1,1,yes,2,1,1/0/0/1/0/0/1/0/0,1/0/0/1/0/0/1/0/0,,,no,match
dnnrly__abbreviate,syft,2,2,14,14,172,172,yes,173,172,19/0/153/2/17/0/14/5/0,19/0/153/2/17/0/14/5/0,,,no,match
dnnrly__abbreviate,trivy,2,2,14,14,172,172,yes,173,172,15/0/157/2/13/0/14/1/0,15/0/157/2/13/0/14/1/0,,,no,match
dnnrly__abbreviate,cdxgen,2,2,14,14,172,172,yes,173,172,2/0/170/2/0/0/2/0/12,2/0/170/2/0/0/2/0/12,,,no,match
dnnrly__abbreviate,cyclonedx-gomod,2,2,14,14,172,172,yes,173,172,3/0/169/2/1/0/2/1/12,3/0/169/2/1/0/2/1/12,,,no,match
dnnrly__hoofli,syft,9,9,22,22,218,218,yes,219,218,32/0/186/9/23/0/22/10/0,32/0/186/9/23/0/22/10/0,,,no,match
dnnrly__hoofli,trivy,9,9,22,22,218,218,yes,219,218,218/0/0/9/209/0/22/196/0,218/0/0/9/209/0/22/196/0,,,no,match
dnnrly__hoofli,cdxgen,9,9,22,22,218,218,yes,219,218,9/0/209/9/0/0/9/0/13,9/0/209/9/0/0/9/0/13,,,no,match
dnnrly__hoofli,cyclonedx-gomod,9,9,22,22,218,218,yes,219,218,9/0/209/9/0/0/9/0/13,9/0/209/9/0/0/9/0/13,,,no,match
dnnrly__httpref,syft,20,20,31,31,183,183,yes,184,183,38/0/145/20/18/0/31/7/0,38/0/145/20/18/0/31/7/0,,,no,match
dnnrly__httpref,trivy,20,20,31,31,183,183,yes,184,183,183/0/0/20/163/0/31/152/0,183/0/0/20/163/0/31/152/0,,,no,match
dnnrly__httpref,cdxgen,20,20,31,31,183,183,yes,184,183,20/0/163/20/0/0/20/0/11,20/0/163/20/0/0/20/0/11,,,no,match
dnnrly__httpref,cyclonedx-gomod,20,20,31,31,183,183,yes,184,183,21/0/162/20/1/0/20/1/11,21/0/162/20/1/0/20/1/11,,,no,match
dnnrly__wait-for,syft,10,10,22,22,66,66,yes,67,66,28/0/38/10/18/0/22/6/0,28/0/38/10/18/0/22/6/0,,,no,match
dnnrly__wait-for,trivy,10,10,22,22,66,66,yes,67,66,66/0/0/10/56/0/22/44/0,66/0/0/10/56/0/22/44/0,,,no,match
dnnrly__wait-for,cdxgen,10,10,22,22,66,66,yes,67,66,10/0/56/10/0/0/10/0/12,10/0/56/10/0/0/10/0/12,,,no,match
dnnrly__wait-for,cyclonedx-gomod,10,10,22,22,66,66,yes,67,66,10/0/56/10/0/0/10/0/12,10/0/56/10/0/0/10/0/12,,,no,match
dnote__dnote,syft,29,29,29,29,51,51,yes,52,51,40/0/11/29/11/0/29/11/0,40/0/11/29/11/0/29/11/0,,,no,match
dnote__dnote,trivy,29,29,29,29,51,51,yes,52,51,34/0/17/29/5/0/29/5/0,34/0/17/29/5/0/29/5/0,,,no,match
dnote__dnote,cdxgen,29,29,29,29,51,51,yes,52,51,29/0/22/29/0/0/29/0/0,29/0/22/29/0/0/29/0/0,,,no,match
dnote__dnote,cyclonedx-gomod,29,29,29,29,51,51,yes,52,51,31/0/20/29/2/0/29/2/0,31/0/20/29/2/0/29/2/0,,,no,match
documize__community,syft,39,39,39,39,80,80,yes,81,80,59/0/21/39/20/0/39/20/0,59/0/21/39/20/0/39/20/0,,,no,match
documize__community,trivy,39,39,39,39,80,80,yes,81,80,42/0/38/39/3/0/39/3/0,42/0/38/39/3/0/39/3/0,,,no,match
documize__community,cdxgen,39,39,39,39,80,80,yes,81,80,42/0/38/39/3/0/39/3/0,42/0/38/39/3/0/39/3/0,,,no,match
documize__community,cyclonedx-gomod,39,39,39,39,80,80,yes,81,80,40/0/40/39/1/0/39/1/0,40/0/40/39/1/0/39/1/0,,,no,match
doganarif__govisual,syft,1,1,1,1,12,12,yes,13,12,2/59/10/1/60/0/1/60/0,2/59/10/1/60/0/1/60/0,,,no,match
doganarif__govisual,trivy,1,1,1,1,12,12,yes,13,12,2/43/10/1/44/0/1/44/0,2/43/10/1/44/0/1/44/0,,,no,match
doganarif__govisual,cdxgen,1,1,1,1,12,12,yes,13,12,2/40/10/1/41/0/1/41/0,2/40/10/1/41/0/1/41/0,,,no,match
doganarif__govisual,cyclonedx-gomod,1,1,1,1,12,12,yes,13,12,1/0/11/1/0/0/1/0/0,1/0/11/1/0/0/1/0/0,,,no,match
dominikh__go-tools,syft,7,7,8,8,12,12,yes,13,12,8/1/4/7/2/0/8/1/0,8/1/4/7/2/0/8/1/0,,,no,match
dominikh__go-tools,trivy,7,7,8,8,12,12,yes,13,12,8/1/4/7/2/0/8/1/0,8/1/4/7/2/0/8/1/0,,,no,match
dominikh__go-tools,cdxgen,7,7,8,8,12,12,yes,13,12,7/0/5/7/0/0/7/0/1,7/0/5/7/0/0/7/0/1,,,no,match
dominikh__go-tools,cyclonedx-gomod,7,7,8,8,12,12,yes,13,12,7/0/5/7/0/0/7/0/1,7/0/5/7/0/0/7/0/1,,,no,match
donatj__mpo,syft,1,1,1,1,2,2,yes,3,2,1/0/1/1/0/0/1/0/0,1/0/1/1/0/0/1/0/0,,,no,match
donatj__mpo,trivy,1,1,1,1,2,2,yes,3,2,1/0/1/1/0/0/1/0/0,1/0/1/1/0/0/1/0/0,,,no,match
donatj__mpo,cdxgen,1,1,1,1,2,2,yes,3,2,1/0/1/1/0/0/1/0/0,1/0/1/1/0/0/1/0/0,,,no,match
donatj__mpo,cyclonedx-gomod,1,1,1,1,2,2,yes,3,2,1/0/1/1/0/0/1/0/0,1/0/1/1/0/0/1/0/0,,,no,match
doors-dev__doors,syft,16,16,16,16,46,46,yes,47,46,21/0/25/16/5/0/16/5/0,21/0/25/16/5/0/16/5/0,,,no,match
doors-dev__doors,trivy,16,16,16,16,46,46,yes,47,46,16/0/30/16/0/0/16/0/0,16/0/30/16/0/0/16/0/0,,,no,match
doors-dev__doors,cdxgen,16,16,16,16,46,46,yes,47,46,16/0/30/16/0/0/16/0/0,16/0/30/16/0/0/16/0/0,,,no,match
doors-dev__doors,cyclonedx-gomod,16,16,16,16,46,46,yes,47,46,16/0/30/16/0/0/16/0/0,16/0/30/16/0/0/16/0/0,,,no,match
doors-dev__gox,syft,21,21,21,21,67,67,yes,68,67,46/0/21/21/25/0/21/25/0,46/0/21/21/25/0/21/25/0,,,no,match
doors-dev__gox,trivy,21,21,21,21,67,67,yes,68,67,21/0/46/21/0/0/21/0/0,21/0/46/21/0/0/21/0/0,,,no,match
doors-dev__gox,cdxgen,21,21,21,21,67,67,yes,68,67,21/0/46/21/0/0/21/0/0,21/0/46/21/0/0/21/0/0,,,no,match
doors-dev__gox,cyclonedx-gomod,21,21,21,21,67,67,yes,68,67,21/0/46/21/0/0/21/0/0,21/0/46/21/0/0/21/0/0,,,no,match
dop251__goja,syft,5,5,7,7,19,19,yes,20,19,7/0/12/5/2/0/7/0/0,7/0/12/5/2/0/7/0/0,,,no,match
dop251__goja,trivy,5,5,7,7,19,19,yes,20,19,15/0/4/5/10/0/7/8/0,15/0/4/5/10/0/7/8/0,,,no,match
dop251__goja,cdxgen,5,5,7,7,19,19,yes,20,19,5/0/14/5/0/0/5/0/2,5/0/14/5/0/0/5/0/2,,,no,match
dop251__goja,cyclonedx-gomod,5,5,7,7,19,19,yes,20,19,5/0/14/5/0/0/5/0/2,5/0/14/5/0/0/5/0/2,,,no,match
dotchain__dot,syft,6,6,10,10,309,309,yes,310,309,16/1/293/6/11/0/9/8/1,16/1/293/6/11/0/9/8/1,,,no,match
dotchain__dot,trivy,6,6,10,10,309,309,yes,310,309,308/1/1/6/303/0/9/300/1,308/1/1/6/303/0/9/300/1,,,no,match
dotchain__dot,cdxgen,6,6,10,10,309,309,yes,310,309,6/0/303/6/0/0/6/0/4,6/0/303/6/0/0/6/0/4,,,no,match
dotchain__dot,cyclonedx-gomod,6,6,10,10,309,309,yes,310,309,NA,NA,,,no,match
doug-martin__goqu,syft,5,5,13,13,26,26,yes,27,26,14/0/12/5/9/0/13/1/0,14/0/12/5/9/0/13/1/0,,,no,match
doug-martin__goqu,trivy,5,5,13,13,26,26,yes,27,26,13/0/13/5/8/0/13/0/0,13/0/13/5/8/0/13/0/0,,,no,match
doug-martin__goqu,cdxgen,5,5,13,13,26,26,yes,27,26,13/0/13/5/8/0/13/0/0,13/0/13/5/8/0/13/0/0,,,no,match
doug-martin__goqu,cyclonedx-gomod,5,5,13,13,26,26,yes,27,26,5/0/21/5/0/0/5/0/8,5/0/21/5/0/0/5/0/8,,,no,match
dragonflyoss__Dragonfly2,syft,192,192,197,197,612,612,yes,613,612,265/0/347/192/73/0/197/68/0,265/0/347/192/73/0/197/68/0,,,no,match
dragonflyoss__Dragonfly2,trivy,192,192,197,197,612,612,yes,613,612,218/0/394/192/26/0/197/21/0,218/0/394/192/26/0/197/21/0,,,no,match
dragonflyoss__Dragonfly2,cdxgen,192,192,197,197,612,612,yes,613,612,192/0/420/192/0/0/192/0/5,192/0/420/192/0/0/192/0/5,,,no,match
dragonflyoss__Dragonfly2,cyclonedx-gomod,192,192,197,197,612,612,yes,613,612,210/0/402/192/18/0/192/18/5,210/0/402/192/18/0/192/18/5,,,no,match
drakkan__sftpgo,syft,148,148,157,157,522,522,yes,523,522,193/13/329/147/59/1/155/51/2,193/13/329/147/59/1/155/51/2,,,no,match
drakkan__sftpgo,trivy,148,148,157,157,522,522,yes,523,522,166/13/356/147/32/1/155/24/2,166/13/356/147/32/1/155/24/2,,,no,match
drakkan__sftpgo,cdxgen,148,148,157,157,522,522,yes,523,522,148/4/374/148/4/0/148/4/9,148/4/374/148/4/0/148/4/9,,,no,match
drakkan__sftpgo,cyclonedx-gomod,148,148,157,157,522,522,yes,523,522,156/1/366/146/11/2/146/11/11,156/1/366/146/11/2/146/11/11,,,no,match
drewstinnett__go-output-format,syft,1,1,1,1,2,2,yes,3,2,2/0/0/1/1/0/1/1/0,2/0/0/1/1/0/1/1/0,,,no,match
drewstinnett__go-output-format,trivy,1,1,1,1,2,2,yes,3,2,2/0/0/1/1/0/1/1/0,2/0/0/1/1/0/1/1/0,,,no,match
drewstinnett__go-output-format,cdxgen,1,1,1,1,2,2,yes,3,2,1/0/1/1/0/0/1/0/0,1/0/1/1/0/0/1/0/0,,,no,match
drewstinnett__go-output-format,cyclonedx-gomod,1,1,1,1,2,2,yes,3,2,1/0/1/1/0/0/1/0/0,1/0/1/1/0/0/1/0/0,,,no,match
drone__drone,syft,217,217,222,222,801,801,yes,802,801,289/1/512/217/73/0/222/68/0,289/1/512/217/73/0/222/68/0,,,no,match
drone__drone,trivy,217,217,222,222,801,801,yes,802,801,229/0/572/217/12/0/222/7/0,229/0/572/217/12/0/222/7/0,,,no,match
drone__drone,cdxgen,217,217,222,222,801,801,yes,802,801,229/1/572/217/13/0/222/8/0,229/1/572/217/13/0/222/8/0,,,no,match
drone__drone,cyclonedx-gomod,217,217,222,222,801,801,yes,802,801,223/0/578/216/7/1/216/7/6,223/0/578/216/7/1/216/7/6,,,no,match
dropbox__godropbox,syft,8,8,10,10,17,17,yes,18,17,10/0/7/8/2/0/10/0/0,10/0/7/8/2/0/10/0/0,,,no,match
dropbox__godropbox,trivy,8,8,10,10,17,17,yes,18,17,17/0/0/8/9/0/10/7/0,17/0/0/8/9/0/10/7/0,,,no,match
dropbox__godropbox,cdxgen,8,8,10,10,17,17,yes,18,17,8/0/9/8/0/0/8/0/2,8/0/9/8/0/0/8/0/2,,,no,match
dropbox__godropbox,cyclonedx-gomod,8,8,10,10,17,17,yes,18,17,8/0/9/8/0/0/8/0/2,8/0/9/8/0/0/8/0/2,,,no,match
dsbasko__go-cfg,syft,5,5,8,8,10,10,yes,11,10,9/0/1/5/4/0/8/1/0,9/0/1/5/4/0/8/1/0,,,no,match
dsbasko__go-cfg,trivy,5,5,8,8,10,10,yes,11,10,8/0/2/5/3/0/8/0/0,8/0/2/5/3/0/8/0/0,,,no,match
dsbasko__go-cfg,cdxgen,5,5,8,8,10,10,yes,11,10,5/0/5/5/0/0/5/0/3,5/0/5/5/0/0/5/0/3,,,no,match
dsbasko__go-cfg,cyclonedx-gomod,5,5,8,8,10,10,yes,11,10,5/0/5/5/0/0/5/0/3,5/0/5/5/0/0/5/0/3,,,no,match
dtgorski__typex,syft,3,3,3,3,7,7,yes,7,6,5/0/2/3/2/0/3/2/0,4/0/2/3/1/0/3/1/0,5/0/2/3/2/0/3/2/0,,predicted,july_main_bug
dtgorski__typex,trivy,3,3,3,3,7,7,yes,7,6,4/0/3/3/1/0/3/1/0,3/0/3/3/0/0/3/0/0,4/0/3/3/1/0/3/1/0,,predicted,july_main_bug
dtgorski__typex,cdxgen,3,3,3,3,7,7,yes,7,6,3/0/4/3/0/0/3/0/0,3/0/3/3/0/0/3/0/0,3/0/4/3/0/0/3/0/0,,predicted,july_main_bug
dtgorski__typex,cyclonedx-gomod,3,3,3,3,7,7,yes,7,6,3/0/4/3/0/0/3/0/0,3/0/3/3/0/0/3/0/0,3/0/4/3/0/0/3/0/0,,predicted,july_main_bug
dtylman__gowd,syft,1,1,4,4,8,8,yes,9,8,4/0/4/1/3/0/4/0/0,4/0/4/1/3/0/4/0/0,,,no,match
dtylman__gowd,trivy,1,1,4,4,8,8,yes,9,8,4/0/4/1/3/0/4/0/0,4/0/4/1/3/0/4/0/0,,,no,match
dtylman__gowd,cdxgen,1,1,4,4,8,8,yes,9,8,1/0/7/1/0/0/1/0/3,1/0/7/1/0/0/1/0/3,,,no,match
dtylman__gowd,cyclonedx-gomod,1,1,4,4,8,8,yes,9,8,1/0/7/1/0/0/1/0/3,1/0/7/1/0/0/1/0/3,,,no,match
duke-git__lancet,syft,2,2,2,2,6,6,yes,7,6,2/0/4/2/0/0/2/0/0,2/0/4/2/0/0/2/0/0,,,no,match
duke-git__lancet,trivy,2,2,2,2,6,6,yes,7,6,2/0/4/2/0/0/2/0/0,2/0/4/2/0/0/2/0/0,,,no,match
duke-git__lancet,cdxgen,2,2,2,2,6,6,yes,7,6,2/0/4/2/0/0/2/0/0,2/0/4/2/0/0/2/0/0,,,no,match
duke-git__lancet,cyclonedx-gomod,2,2,2,2,6,6,yes,7,6,2/0/4/2/0/0/2/0/0,2/0/4/2/0/0/2/0/0,,,no,match
dundee__gdu,syft,39,39,42,42,78,78,yes,79,78,65/0/13/39/26/0/42/23/0,65/0/13/39/26/0/42/23/0,,,no,match
dundee__gdu,trivy,39,39,42,42,78,78,yes,79,78,44/0/34/39/5/0/42/2/0,44/0/34/39/5/0/42/2/0,,,no,match
dundee__gdu,cdxgen,39,39,42,42,78,78,yes,79,78,39/0/39/39/0/0/39/0/3,39/0/39/39/0/0/39/0/3,,,no,match
dundee__gdu,cyclonedx-gomod,39,39,42,42,78,78,yes,79,78,41/0/37/39/2/0/39/2/3,41/0/37/39/2/0/39/2/3,,,no,match
dunglas__frankenphp,syft,41,41,44,44,93,93,yes,94,93,77/184/16/41/220/0/44/217/0,77/184/16/41/220/0/44/217/0,,,no,match
dunglas__frankenphp,trivy,41,41,44,44,93,93,yes,94,93,70/139/23/41/168/0/44/165/0,70/139/23/41/168/0/44/165/0,,,no,match
dunglas__frankenphp,cdxgen,41,41,44,44,93,93,yes,94,93,58/135/35/41/152/0/43/150/1,58/135/35/41/152/0/43/150/1,,,no,match
dunglas__frankenphp,cyclonedx-gomod,41,41,44,44,93,93,yes,94,93,53/0/40/41/12/0/42/11/2,53/0/40/41/12/0/42/11/2,,,no,match
dunglas__mercure,syft,32,32,38,38,91,91,yes,92,91,74/168/17/32/210/0/38/204/0,74/168/17/32/210/0/38/204/0,,,no,match
dunglas__mercure,trivy,32,32,38,38,91,91,yes,92,91,65/125/26/32/158/0/38/152/0,65/125/26/32/158/0/38/152/0,,,no,match
dunglas__mercure,cdxgen,32,32,38,38,91,91,yes,92,91,53/121/38/32/142/0/38/136/0,53/121/38/32/142/0/38/136/0,,,no,match
dunglas__mercure,cyclonedx-gomod,32,32,38,38,91,91,yes,92,91,44/0/47/28/16/4/28/16/10,44/0/47/28/16/4/28/16/10,,,no,match
dustinblackman__gomodrun,syft,6,6,15,15,43,43,yes,44,43,35/412/8/6/441/0/15/432/0,35/412/8/6/441/0/15/432/0,,,no,match
dustinblackman__gomodrun,trivy,6,6,15,15,43,43,yes,44,43,32/414/11/6/440/0/15/431/0,32/414/11/6/440/0/15/431/0,,,no,match
dustinblackman__gomodrun,cdxgen,6,6,15,15,43,43,yes,44,43,32/413/11/6/439/0/15/430/0,32/413/11/6/439/0/15/430/0,,,no,match
dustinblackman__gomodrun,cyclonedx-gomod,6,6,15,15,43,43,yes,44,43,7/0/36/6/1/0/6/1/9,7/0/36/6/1/0/6/1/9,,,no,match
dwin__goArgonPass,syft,2,2,6,6,15,15,yes,16,15,9/0/6/2/7/0/6/3/0,9/0/6/2/7/0/6/3/0,,,no,match
dwin__goArgonPass,trivy,2,2,6,6,15,15,yes,16,15,15/0/0/2/13/0/6/9/0,15/0/0/2/13/0/6/9/0,,,no,match
dwin__goArgonPass,cdxgen,2,2,6,6,15,15,yes,16,15,2/0/13/2/0/0/2/0/4,2/0/13/2/0/0/2/0/4,,,no,match
dwin__goArgonPass,cyclonedx-gomod,2,2,6,6,15,15,yes,16,15,2/0/13/2/0/0/2/0/4,2/0/13/2/0/0/2/0/4,,,no,match
dwin__goSecretBoxPassword,syft,2,2,4,4,8,8,yes,9,8,8/0/0/2/6/0/4/4/0,7/0/1/2/5/0/4/3/0,,8/0/0/2/6/0/4/4/0,no,cache_sensitive
dwin__goSecretBoxPassword,trivy,2,2,4,4,8,8,yes,9,8,8/0/0/2/6/0/4/4/0,8/0/0/2/6/0/4/4/0,,8/0/0/2/6/0/4/4/0,no,match
dwin__goSecretBoxPassword,cdxgen,2,2,4,4,8,8,yes,9,8,4/0/4/2/2/0/4/0/0,4/0/4/2/2/0/4/0/0,,8/0/0/2/6/0/4/4/0,no,match
dwin__goSecretBoxPassword,cyclonedx-gomod,2,2,4,4,8,8,yes,9,8,2/0/6/2/0/0/2/0/2,2/0/6/2/0/0/2/0/2,,2/0/6/2/0/0/2/0/2,no,match
e-XpertSolutions__go-cluster,syft,1,1,1,1,14,14,yes,15,14,2/0/12/1/1/0/1/1/0,2/0/12/1/1/0/1/1/0,,,no,match
e-XpertSolutions__go-cluster,trivy,1,1,1,1,14,14,yes,15,14,2/0/12/1/1/0/1/1/0,2/0/12/1/1/0/1/1/0,,,no,match
e-XpertSolutions__go-cluster,cdxgen,1,1,1,1,14,14,yes,15,14,1/0/13/1/0/0/1/0/0,1/0/13/1/0/0/1/0/0,,,no,match
e-XpertSolutions__go-cluster,cyclonedx-gomod,1,1,1,1,14,14,yes,15,14,1/0/13/1/0/0/1/0/0,1/0/13/1/0/0/1/0/0,,,no,match
e154__smart-home,syft,139,139,142,142,750,750,yes,751,750,189/0/561/139/50/0/142/47/0,189/0/561/139/50/0/142/47/0,,,no,match
e154__smart-home,trivy,139,139,142,142,750,750,yes,751,750,171/0/579/139/32/0/142/29/0,171/0/579/139/32/0/142/29/0,,,no,match
e154__smart-home,cdxgen,139,139,142,142,750,750,yes,751,750,171/0/579/139/32/0/142/29/0,171/0/579/139/32/0/142/29/0,,,no,match
e154__smart-home,cyclonedx-gomod,139,139,142,142,750,750,yes,751,750,166/0/584/139/27/0/139/27/3,166/0/584/139/27/0/139/27/3,,,no,match
eaburns__Watch,syft,3,3,3,3,3,3,yes,4,3,3/0/0/3/0/0/3/0/0,3/0/0/3/0/0/3/0/0,,,no,match
eaburns__Watch,trivy,3,3,3,3,3,3,yes,4,3,3/0/0/3/0/0/3/0/0,3/0/0/3/0/0/3/0/0,,,no,match
eaburns__Watch,cdxgen,3,3,3,3,3,3,yes,4,3,3/0/0/3/0/0/3/0/0,3/0/0/3/0/0/3/0/0,,,no,match
eaburns__Watch,cyclonedx-gomod,3,3,3,3,3,3,yes,4,3,NA,NA,,,no,match
editorconfig__editorconfig-core-go,syft,3,3,3,3,10,10,yes,11,10,7/0/3/3/4/0/3/4/0,7/0/3/3/4/0/3/4/0,,,no,match
editorconfig__editorconfig-core-go,trivy,3,3,3,3,10,10,yes,11,10,9/0/1/3/6/0/3/6/0,9/0/1/3/6/0/3/6/0,,,no,match
editorconfig__editorconfig-core-go,cdxgen,3,3,3,3,10,10,yes,11,10,3/0/7/3/0/0/3/0/0,3/0/7/3/0/0/3/0/0,,,no,match
editorconfig__editorconfig-core-go,cyclonedx-gomod,3,3,3,3,10,10,yes,11,10,3/0/7/3/0/0/3/0/0,3/0/7/3/0/0/3/0/0,,,no,match
eduardonunesp__sslb,syft,7,7,7,7,14,14,yes,15,14,12/0/2/7/5/0/7/5/0,12/0/2/7/5/0/7/5/0,,,no,match
eduardonunesp__sslb,trivy,7,7,7,7,14,14,yes,15,14,9/0/5/7/2/0/7/2/0,9/0/5/7/2/0/7/2/0,,,no,match
eduardonunesp__sslb,cdxgen,7,7,7,7,14,14,yes,15,14,7/0/7/7/0/0/7/0/0,7/0/7/7/0/0/7/0/0,,,no,match
eduardonunesp__sslb,cyclonedx-gomod,7,7,7,7,14,14,yes,15,14,8/0/6/7/1/0/7/1/0,8/0/6/7/1/0/7/1/0,,,no,match
eduncan911__podcast,syft,1,1,5,5,7,7,yes,8,7,6/0/1/1/5/0/5/1/0,6/0/1/1/5/0/5/1/0,,,no,match
eduncan911__podcast,trivy,1,1,5,5,7,7,yes,8,7,7/0/0/1/6/0/5/2/0,7/0/0/1/6/0/5/2/0,,,no,match
eduncan911__podcast,cdxgen,1,1,5,5,7,7,yes,8,7,5/0/2/1/4/0/5/0/0,5/0/2/1/4/0/5/0/0,,,no,match
eduncan911__podcast,cyclonedx-gomod,1,1,5,5,7,7,yes,8,7,1/0/6/1/0/0/1/0/4,1/0/6/1/0/0/1/0/4,,,no,match
edwingeng__doublejump,syft,1,1,1,1,1,1,yes,2,1,1/1/0/1/1/0/1/1/0,1/1/0/1/1/0/1/1/0,,,no,match
edwingeng__doublejump,trivy,1,1,1,1,1,1,yes,2,1,1/1/0/1/1/0/1/1/0,1/1/0/1/1/0/1/1/0,,,no,match
edwingeng__doublejump,cdxgen,1,1,1,1,1,1,yes,2,1,1/0/0/1/0/0/1/0/0,1/0/0/1/0/0/1/0/0,,,no,match
edwingeng__doublejump,cyclonedx-gomod,1,1,1,1,1,1,yes,2,1,1/0/0/1/0/0/1/0/0,1/0/0/1/0/0/1/0/0,,,no,match
edwingeng__hotswap,syft,16,16,16,16,172,172,yes,173,172,24/0/148/16/8/0/16/8/0,24/0/148/16/8/0/16/8/0,,,no,match
edwingeng__hotswap,trivy,16,16,16,16,172,172,yes,173,172,17/0/155/16/1/0/16/1/0,17/0/155/16/1/0/16/1/0,,,no,match
edwingeng__hotswap,cdxgen,16,16,16,16,172,172,yes,173,172,16/0/156/16/0/0/16/0/0,16/0/156/16/0/0/16/0/0,,,no,match
edwingeng__hotswap,cyclonedx-gomod,16,16,16,16,172,172,yes,173,172,17/0/155/16/1/0/16/1/0,17/0/155/16/1/0/16/1/0,,,no,match
edwingeng__wuid,syft,21,21,21,21,46,46,yes,47,46,38/0/8/21/17/0/21/17/0,38/0/8/21/17/0/21/17/0,,,no,match
edwingeng__wuid,trivy,21,21,21,21,46,46,yes,47,46,23/0/23/21/2/0/21/2/0,23/0/23/21/2/0/21/2/0,,,no,match
edwingeng__wuid,cdxgen,21,21,21,21,46,46,yes,47,46,21/0/25/21/0/0/21/0/0,21/0/25/21/0/0/21/0/0,,,no,match
edwingeng__wuid,cyclonedx-gomod,21,21,21,21,46,46,yes,47,46,21/0/25/21/0/0/21/0/0,21/0/25/21/0/0/21/0/0,,,no,match
ekkinox__yai,syft,44,44,47,47,121,121,yes,122,121,58/0/63/44/14/0/47/11/0,58/0/63/44/14/0/47/11/0,,,no,match
ekkinox__yai,trivy,44,44,47,47,121,121,yes,122,121,52/0/69/44/8/0/47/5/0,52/0/69/44/8/0/47/5/0,,,no,match
ekkinox__yai,cdxgen,44,44,47,47,121,121,yes,122,121,44/0/77/44/0/0/44/0/3,44/0/77/44/0/0/44/0/3,,,no,match
ekkinox__yai,cyclonedx-gomod,44,44,47,47,121,121,yes,122,121,48/0/73/43/5/1/43/5/4,48/0/73/43/5/1/43/5/4,,,no,match
elC0mpa__aws-doctor,syft,86,86,86,86,114,114,yes,115,114,92/1/22/86/7/0/86/7/0,92/1/22/86/7/0/86/7/0,,,no,match
elC0mpa__aws-doctor,trivy,86,86,86,86,114,114,yes,115,114,89/2/25/86/5/0/86/5/0,89/2/25/86/5/0/86/5/0,,,no,match
elC0mpa__aws-doctor,cdxgen,86,86,86,86,114,114,yes,115,114,86/1/28/86/1/0/86/1/0,86/1/28/86/1/0/86/1/0,,,no,match
elC0mpa__aws-doctor,cyclonedx-gomod,86,86,86,86,114,114,yes,115,114,88/0/26/85/3/1/85/3/1,88/0/26/85/3/1/85/3/1,,,no,match
elastic__go-elasticsearch,syft,7,7,7,7,19,19,yes,20,19,19/110/0/7/122/0/7/122/0,19/110/0/7/122/0/7/122/0,,,no,match
elastic__go-elasticsearch,trivy,7,7,7,7,19,19,yes,20,19,14/105/5/7/112/0/7/112/0,14/105/5/7/112/0/7/112/0,,,no,match
elastic__go-elasticsearch,cdxgen,7,7,7,7,19,19,yes,20,19,14/81/5/7/88/0/7/88/0,14/81/5/7/88/0/7/88/0,,,no,match
elastic__go-elasticsearch,cyclonedx-gomod,7,7,7,7,19,19,yes,20,19,7/0/12/7/0/0/7/0/0,7/0/12/7/0/0/7/0/0,,,no,match
elazarl__goproxy,syft,2,2,7,7,15,15,yes,16,15,8/5/7/2/11/0/7/6/0,8/5/7/2/11/0/7/6/0,,,no,match
elazarl__goproxy,trivy,2,2,7,7,15,15,yes,16,15,7/5/8/2/10/0/7/5/0,7/5/8/2/10/0/7/5/0,,,no,match
elazarl__goproxy,cdxgen,2,2,7,7,15,15,yes,16,15,3/3/12/2/4/0/3/3/4,3/3/12/2/4/0/3/3/4,,,no,match
elazarl__goproxy,cyclonedx-gomod,2,2,7,7,15,15,yes,16,15,2/0/13/2/0/0/2/0/5,2/0/13/2/0/0/2/0/5,,,no,match
elgohr__go-localstack,syft,62,62,67,67,116,116,yes,117,116,102/0/14/62/40/0/67/35/0,102/0/14/62/40/0/67/35/0,,,no,match
elgohr__go-localstack,trivy,62,62,67,67,116,116,yes,117,116,81/0/35/62/19/0/67/14/0,81/0/35/62/19/0/67/14/0,,,no,match
elgohr__go-localstack,cdxgen,62,62,67,67,116,116,yes,117,116,81/0/35/62/19/0/67/14/0,81/0/35/62/19/0/67/14/0,,,no,match
elgohr__go-localstack,cyclonedx-gomod,62,62,67,67,116,116,yes,117,116,68/0/48/62/6/0/62/6/5,68/0/48/62/6/0/62/6/5,,,no,match
elgopher__pi,syft,10,10,14,14,42,42,yes,43,42,22/0/20/10/12/0/14/8/0,22/0/20/10/12/0/14/8/0,,,no,match
elgopher__pi,trivy,10,10,14,14,42,42,yes,43,42,21/0/21/10/11/0/14/7/0,21/0/21/10/11/0/14/7/0,,,no,match
elgopher__pi,cdxgen,10,10,14,14,42,42,yes,43,42,10/0/32/10/0/0/10/0/4,10/0/32/10/0/0/10/0/4,,,no,match
elgopher__pi,cyclonedx-gomod,10,10,14,14,42,42,yes,43,42,15/0/27/10/5/0/10/5/4,15/0/27/10/5/0/10/5/4,,,no,match
elgs__gojq,syft,1,1,1,1,5,5,yes,6,5,5/0/0/1/4/0/1/4/0,5/0/0/1/4/0/1/4/0,,,no,match
elgs__gojq,trivy,1,1,1,1,5,5,yes,6,5,5/0/0/1/4/0/1/4/0,5/0/0/1/4/0/1/4/0,,,no,match
elgs__gojq,cdxgen,1,1,1,1,5,5,yes,6,5,1/0/4/1/0/0/1/0/0,1/0/4/1/0/0/1/0/0,,,no,match
elgs__gojq,cyclonedx-gomod,1,1,1,1,5,5,yes,6,5,1/0/4/1/0/0/1/0/0,1/0/4/1/0/0/1/0/0,,,no,match
elithrar__simple-scrypt,syft,1,1,1,1,5,5,yes,6,5,1/0/4/1/0/0/1/0/0,1/0/4/1/0/0/1/0/0,,,no,match
elithrar__simple-scrypt,trivy,1,1,1,1,5,5,yes,6,5,1/0/4/1/0/0/1/0/0,1/0/4/1/0/0/1/0/0,,,no,match
elithrar__simple-scrypt,cdxgen,1,1,1,1,5,5,yes,6,5,1/0/4/1/0/0/1/0/0,1/0/4/1/0/0/1/0/0,,,no,match
elithrar__simple-scrypt,cyclonedx-gomod,1,1,1,1,5,5,yes,6,5,1/0/4/1/0/0/1/0/0,1/0/4/1/0/0/1/0/0,,,no,match
elliotwutingfeng__go-fasttld,syft,13,13,16,16,32,32,yes,33,32,22/0/10/13/9/0/16/6/0,22/0/10/13/9/0/16/6/0,,,no,match
elliotwutingfeng__go-fasttld,trivy,13,13,16,16,32,32,yes,33,32,17/0/15/13/4/0/16/1/0,17/0/15/13/4/0/16/1/0,,,no,match
elliotwutingfeng__go-fasttld,cdxgen,13,13,16,16,32,32,yes,33,32,13/0/19/13/0/0/13/0/3,13/0/19/13/0/0/13/0/3,,,no,match
elliotwutingfeng__go-fasttld,cyclonedx-gomod,13,13,16,16,32,32,yes,33,32,14/0/18/13/1/0/13/1/3,14/0/18/13/1/0/13/1/3,,,no,match
elves__elvish,syft,7,7,8,8,14,14,yes,15,14,13/2/1/7/8/0/8/7/0,13/2/1/7/8/0/8/7/0,,,no,match
elves__elvish,trivy,7,7,8,8,14,14,yes,15,14,13/2/1/7/8/0/8/7/0,13/2/1/7/8/0/8/7/0,,,no,match
elves__elvish,cdxgen,7,7,8,8,14,14,yes,15,14,8/1/6/7/2/0/8/1/0,8/1/6/7/2/0/8/1/0,,,no,match
elves__elvish,cyclonedx-gomod,7,7,8,8,14,14,yes,15,14,7/0/7/7/0/0/7/0/1,7/0/7/7/0/0/7/0/1,,,no,match
embano1__memlog,syft,1,1,4,4,7,7,yes,8,7,4/0/3/1/3/0/4/0/0,4/0/3/1/3/0/4/0/0,,,no,match
embano1__memlog,trivy,1,1,4,4,7,7,yes,8,7,4/0/3/1/3/0/4/0/0,4/0/3/1/3/0/4/0/0,,,no,match
embano1__memlog,cdxgen,1,1,4,4,7,7,yes,8,7,1/0/6/1/0/0/1/0/3,1/0/6/1/0/0/1/0/3,,,no,match
embano1__memlog,cyclonedx-gomod,1,1,4,4,7,7,yes,8,7,1/0/6/1/0/0/1/0/3,1/0/6/1/0/0/1/0/3,,,no,match
emersion__go-imap,syft,2,2,2,2,12,12,yes,13,12,2/0/10/2/0/0/2/0/0,2/0/10/2/0/0/2/0/0,,,no,match
emersion__go-imap,trivy,2,2,2,2,12,12,yes,13,12,12/0/0/2/10/0/2/10/0,12/0/0/2/10/0/2/10/0,,,no,match
emersion__go-imap,cdxgen,2,2,2,2,12,12,yes,13,12,2/0/10/2/0/0/2/0/0,2/0/10/2/0/0/2/0/0,,,no,match
emersion__go-imap,cyclonedx-gomod,2,2,2,2,12,12,yes,13,12,2/0/10/2/0/0/2/0/0,2/0/10/2/0/0/2/0/0,,,no,match
emersion__go-message,syft,1,1,1,1,10,10,yes,11,10,1/0/9/1/0/0/1/0/0,1/0/9/1/0/0/1/0/0,,,no,match
emersion__go-message,trivy,1,1,1,1,10,10,yes,11,10,10/0/0/1/9/0/1/9/0,10/0/0/1/9/0/1/9/0,,,no,match
emersion__go-message,cdxgen,1,1,1,1,10,10,yes,11,10,1/0/9/1/0/0/1/0/0,1/0/9/1/0/0/1/0/0,,,no,match
emersion__go-message,cyclonedx-gomod,1,1,1,1,10,10,yes,11,10,1/0/9/1/0/0/1/0/0,1/0/9/1/0/0/1/0/0,,,no,match
emicklei__mora,syft,12,12,12,12,39,39,yes,40,39,20/0/19/12/8/0/12/8/0,20/0/19/12/8/0/12/8/0,,,no,match
emicklei__mora,trivy,12,12,12,12,39,39,yes,40,39,39/0/0/12/27/0/12/27/0,39/0/0/12/27/0/12/27/0,,,no,match
emicklei__mora,cdxgen,12,12,12,12,39,39,yes,40,39,12/0/27/12/0/0/12/0/0,12/0/27/12/0/0/12/0/0,,,no,match
emicklei__mora,cyclonedx-gomod,12,12,12,12,39,39,yes,40,39,12/0/27/12/0/0/12/0/0,12/0/27/12/0/0/12/0/0,,,no,match
emitter-io__emitter,syft,59,59,59,59,137,137,yes,138,137,78/0/59/59/19/0/59/19/0,78/0/59/59/19/0/59/19/0,,,no,match
emitter-io__emitter,trivy,59,59,59,59,137,137,yes,138,137,60/0/77/59/1/0/59/1/0,60/0/77/59/1/0/59/1/0,,,no,match
emitter-io__emitter,cdxgen,59,59,59,59,137,137,yes,138,137,59/0/78/59/0/0/59/0/0,59/0/78/59/0/0/59/0/0,,,no,match
emitter-io__emitter,cyclonedx-gomod,59,59,59,59,137,137,yes,138,137,58/0/79/58/0/1/58/0/1,58/0/79/58/0/1/58/0/1,,,no,match
emperror__emperror,syft,4,4,4,4,8,8,yes,9,8,7/0/1/4/3/0/4/3/0,7/0/1/4/3/0/4/3/0,,,no,match
emperror__emperror,trivy,4,4,4,4,8,8,yes,9,8,8/0/0/4/4/0/4/4/0,8/0/0/4/4/0/4/4/0,,,no,match
emperror__emperror,cdxgen,4,4,4,4,8,8,yes,9,8,4/0/4/4/0/0/4/0/0,4/0/4/4/0/0/4/0/0,,,no,match
emperror__emperror,cyclonedx-gomod,4,4,4,4,8,8,yes,9,8,4/0/4/4/0/0/4/0/0,4/0/4/4/0/0/4/0/0,,,no,match
emperror__errors,syft,3,3,3,3,7,7,yes,8,7,6/0/1/3/3/0/3/3/0,6/0/1/3/3/0/3/3/0,,,no,match
emperror__errors,trivy,3,3,3,3,7,7,yes,8,7,7/0/0/3/4/0/3/4/0,7/0/0/3/4/0/3/4/0,,,no,match
emperror__errors,cdxgen,3,3,3,3,7,7,yes,8,7,3/0/4/3/0/0/3/0/0,3/0/4/3/0/0/3/0/0,,,no,match
emperror__errors,cyclonedx-gomod,3,3,3,3,7,7,yes,8,7,3/0/4/3/0/0/3/0/0,3/0/4/3/0/0/3/0/0,,,no,match
emvi__hide,syft,1,1,1,1,1,1,yes,2,1,1/0/0/1/0/0/1/0/0,1/0/0/1/0/0/1/0/0,,,no,match
emvi__hide,trivy,1,1,1,1,1,1,yes,2,1,1/0/0/1/0/0/1/0/0,1/0/0/1/0/0/1/0/0,,,no,match
emvi__hide,cdxgen,1,1,1,1,1,1,yes,2,1,1/0/0/1/0/0/1/0/0,1/0/0/1/0/0/1/0/0,,,no,match
emvi__hide,cyclonedx-gomod,1,1,1,1,1,1,yes,2,1,1/0/0/1/0/0/1/0/0,1/0/0/1/0/0/1/0/0,,,no,match
energye__energy,syft,5,5,5,5,8,8,yes,9,8,7/0/1/5/2/0/5/2/0,7/0/1/5/2/0/5/2/0,,,no,match
energye__energy,trivy,5,5,5,5,8,8,yes,9,8,7/0/1/5/2/0/5/2/0,7/0/1/5/2/0/5/2/0,,,no,match
energye__energy,cdxgen,5,5,5,5,8,8,yes,9,8,7/0/1/5/2/0/5/2/0,7/0/1/5/2/0/5/2/0,,,no,match
energye__energy,cyclonedx-gomod,5,5,5,5,8,8,yes,9,8,7/0/1/5/2/0/5/2/0,7/0/1/5/2/0/5/2/0,,,no,match
enetx__fsm,syft,5,5,5,5,9,9,yes,10,9,6/0/3/5/1/0/5/1/0,6/0/3/5/1/0/5/1/0,,,no,match
enetx__fsm,trivy,5,5,5,5,9,9,yes,10,9,5/0/4/5/0/0/5/0/0,5/0/4/5/0/0/5/0/0,,,no,match
enetx__fsm,cdxgen,5,5,5,5,9,9,yes,10,9,5/0/4/5/0/0/5/0/0,5/0/4/5/0/0/5/0/0,,,no,match
enetx__fsm,cyclonedx-gomod,5,5,5,5,9,9,yes,10,9,5/0/4/5/0/0/5/0/0,5/0/4/5/0/0/5/0/0,,,no,match
enetx__tg,syft,7,7,7,7,11,11,yes,12,11,8/0/3/7/1/0/7/1/0,8/0/3/7/1/0/7/1/0,,,no,match
enetx__tg,trivy,7,7,7,7,11,11,yes,12,11,7/0/4/7/0/0/7/0/0,7/0/4/7/0/0/7/0/0,,,no,match
enetx__tg,cdxgen,7,7,7,7,11,11,yes,12,11,7/0/4/7/0/0/7/0/0,7/0/4/7/0/0/7/0/0,,,no,match
enetx__tg,cyclonedx-gomod,7,7,7,7,11,11,yes,12,11,7/0/4/7/0/0/7/0/0,7/0/4/7/0/0/7/0/0,,,no,match
esimov__gogu,syft,2,2,6,6,12,12,yes,13,12,7/0/5/2/5/0/6/1/0,7/0/5/2/5/0/6/1/0,,,no,match
esimov__gogu,trivy,2,2,6,6,12,12,yes,13,12,6/0/6/2/4/0/6/0/0,6/0/6/2/4/0/6/0/0,,,no,match
esimov__gogu,cdxgen,2,2,6,6,12,12,yes,13,12,2/0/10/2/0/0/2/0/4,2/0/10/2/0/0/2/0/4,,,no,match
esimov__gogu,cyclonedx-gomod,2,2,6,6,12,12,yes,13,12,2/0/10/2/0/0/2/0/4,2/0/10/2/0/0/2/0/4,,,no,match
essentialkaos__branca,syft,2,2,6,6,13,13,yes,14,13,6/0/7/2/4/0/6/0/0,6/0/7/2/4/0/6/0/0,,,no,match
essentialkaos__branca,trivy,2,2,6,6,13,13,yes,14,13,6/0/7/2/4/0/6/0/0,6/0/7/2/4/0/6/0/0,,,no,match
essentialkaos__branca,cdxgen,2,2,6,6,13,13,yes,14,13,2/0/11/2/0/0/2/0/4,2/0/11/2/0/0/2/0/4,,,no,match
essentialkaos__branca,cyclonedx-gomod,2,2,6,6,13,13,yes,14,13,2/0/11/2/0/0/2/0/4,2/0/11/2/0/0/2/0/4,,,no,match
esurdam__go-sophos,syft,2,2,2,2,3,3,yes,4,3,3/0/0/2/1/0/2/1/0,3/0/0/2/1/0/2/1/0,,,no,match
esurdam__go-sophos,trivy,2,2,2,2,3,3,yes,4,3,3/0/0/2/1/0/2/1/0,3/0/0/2/1/0/2/1/0,,,no,match
esurdam__go-sophos,cdxgen,2,2,2,2,3,3,yes,4,3,2/0/1/2/0/0/2/0/0,2/0/1/2/0/0/2/0/0,,,no,match
esurdam__go-sophos,cyclonedx-gomod,2,2,2,2,3,3,yes,4,3,2/0/1/2/0/0/2/0/0,2/0/1/2/0/0/2/0/0,,,no,match
esurdam__go-swagger-ui,syft,1,1,1,1,1,1,yes,2,1,1/0/0/1/0/0/1/0/0,1/0/0/1/0/0/1/0/0,,,no,match
esurdam__go-swagger-ui,trivy,1,1,1,1,1,1,yes,2,1,1/0/0/1/0/0/1/0/0,1/0/0/1/0/0/1/0/0,,,no,match
esurdam__go-swagger-ui,cdxgen,1,1,1,1,1,1,yes,2,1,1/0/0/1/0/0/1/0/0,1/0/0/1/0/0/1/0/0,,,no,match
esurdam__go-swagger-ui,cyclonedx-gomod,1,1,1,1,1,1,yes,2,1,1/0/0/1/0/0/1/0/0,1/0/0/1/0/0/1/0/0,,,no,match
etcd-io__bbolt,syft,7,7,9,9,65,65,yes,66,65,16/0/49/7/9/0/9/7/0,16/0/49/7/9/0/9/7/0,,,no,match
etcd-io__bbolt,trivy,7,7,9,9,65,65,yes,66,65,14/0/51/7/7/0/9/5/0,14/0/51/7/7/0/9/5/0,,,no,match
etcd-io__bbolt,cdxgen,7,7,9,9,65,65,yes,66,65,7/0/58/7/0/0/7/0/2,7/0/58/7/0/0/7/0/2,,,no,match
etcd-io__bbolt,cyclonedx-gomod,7,7,9,9,65,65,yes,66,65,10/0/55/4/6/3/5/5/4,10/0/55/4/6/3/5/5/4,,,no,match
etcd-io__etcd,syft,83,83,83,83,756,756,yes,757,756,323/0/433/83/240/0/83/240/0,323/0/433/83/240/0/83/240/0,,,no,match
etcd-io__etcd,trivy,83,83,83,83,756,756,yes,757,756,315/0/441/83/232/0/83/232/0,315/0/441/83/232/0/83/232/0,,,no,match
etcd-io__etcd,cdxgen,83,83,83,83,756,756,yes,757,756,89/0/667/75/14/8/75/14/8,89/0/667/75/14/8/75/14/8,,,no,match
etcd-io__etcd,cyclonedx-gomod,83,83,83,83,756,756,yes,757,756,308/0/448/82/226/1/82/226/1,308/0/448/82/226/1/82/226/1,,,no,match
etcd-io__raft,syft,6,6,6,6,10,10,yes,11,10,8/55/2/6/57/0/6/57/0,8/55/2/6/57/0/6/57/0,,,no,match
etcd-io__raft,trivy,6,6,6,6,10,10,yes,11,10,7/56/3/6/57/0/6/57/0,7/56/3/6/57/0/6/57/0,,,no,match
etcd-io__raft,cdxgen,6,6,6,6,10,10,yes,11,10,7/55/3/6/56/0/6/56/0,7/55/3/6/56/0/6/56/0,,,no,match
etcd-io__raft,cyclonedx-gomod,6,6,6,6,10,10,yes,11,10,4/0/6/4/0/2/4/0/2,4/0/6/4/0/2/4/0/2,,,no,match
ethereum__go-ethereum,syft,148,148,156,156,309,309,yes,310,309,189/1/120/148/42/0/156/34/0,189/1/120/148/42/0/156/34/0,,,no,match
ethereum__go-ethereum,trivy,148,148,156,156,309,309,yes,310,309,163/1/146/148/16/0/156/8/0,163/1/146/148/16/0/156/8/0,,,no,match
ethereum__go-ethereum,cdxgen,148,148,156,156,309,309,yes,310,309,148/0/161/148/0/0/148/0/8,148/0/161/148/0/0/148/0/8,,,no,match
ethereum__go-ethereum,cyclonedx-gomod,148,148,156,156,309,309,yes,310,309,159/0/150/148/11/0/152/7/4,159/0/150/148/11/0/152/7/4,,,no,match
evrone__go-clean-template,syft,81,81,86,86,825,825,yes,826,825,461/0/364/81/380/0/86/375/0,461/0/364/81/380/0/86/375/0,,,no,match
evrone__go-clean-template,trivy,81,81,86,86,825,825,yes,826,825,426/0/399/81/345/0/86/340/0,426/0/399/81/345/0/86/340/0,,,no,match
evrone__go-clean-template,cdxgen,81,81,86,86,825,825,yes,826,825,81/0/744/81/0/0/81/0/5,81/0/744/81/0/0/81/0/5,,,no,match
evrone__go-clean-template,cyclonedx-gomod,81,81,86,86,825,825,yes,826,825,421/0/404/81/340/0/82/339/4,421/0/404/81/340/0/82/339/4,,,no,match
extism__go-sdk,syft,7,7,11,11,34,34,yes,35,34,13/17/21/7/23/0/11/19/0,13/17/21/7/23/0/11/19/0,,,no,match
extism__go-sdk,trivy,7,7,11,11,34,34,yes,35,34,11/18/23/7/22/0/11/18/0,11/18/23/7/22/0/11/18/0,,,no,match
extism__go-sdk,cdxgen,7,7,11,11,34,34,yes,35,34,7/1/27/7/1/0/7/1/4,7/1/27/7/1/0/7/1/4,,,no,match
extism__go-sdk,cyclonedx-gomod,7,7,11,11,34,34,yes,35,34,7/0/27/7/0/0/7/0/4,7/0/27/7/0/0/7/0/4,,,no,match
faabiosr__cachego,syft,16,16,17,17,31,31,yes,32,31,24/0/7/16/8/0/17/7/0,24/0/7/16/8/0/17/7/0,,,no,match
faabiosr__cachego,trivy,16,16,17,17,31,31,yes,32,31,17/0/14/16/1/0/17/0/0,17/0/14/16/1/0/17/0/0,,,no,match
faabiosr__cachego,cdxgen,16,16,17,17,31,31,yes,32,31,16/0/15/16/0/0/16/0/1,16/0/15/16/0/0/16/0/1,,,no,match
faabiosr__cachego,cyclonedx-gomod,16,16,17,17,31,31,yes,32,31,16/0/15/16/0/0/16/0/1,16/0/15/16/0/0/16/0/1,,,no,match
faabiosr__echo-middleware,syft,28,28,28,28,67,67,yes,68,67,35/0/32/28/7/0/28/7/0,35/0/32/28/7/0/28/7/0,,,no,match
faabiosr__echo-middleware,trivy,28,28,28,28,67,67,yes,68,67,29/0/38/28/1/0/28/1/0,29/0/38/28/1/0/28/1/0,,,no,match
faabiosr__echo-middleware,cdxgen,28,28,28,28,67,67,yes,68,67,28/0/39/28/0/0/28/0/0,28/0/39/28/0/0/28/0/0,,,no,match
faabiosr__echo-middleware,cyclonedx-gomod,28,28,28,28,67,67,yes,68,67,29/0/38/28/1/0/28/1/0,29/0/38/28/1/0/28/1/0,,,no,match
fabiocicerchia__go-proxy-cache,syft,48,48,52,52,98,98,yes,99,98,80/0/18/48/32/0/52/28/0,80/0/18/48/32/0/52/28/0,,,no,match
fabiocicerchia__go-proxy-cache,trivy,48,48,52,52,98,98,yes,99,98,56/0/42/48/8/0/52/4/0,56/0/42/48/8/0/52/4/0,,,no,match
fabiocicerchia__go-proxy-cache,cdxgen,48,48,52,52,98,98,yes,99,98,48/0/50/48/0/0/48/0/4,48/0/50/48/0/0/48/0/4,,,no,match
fabiocicerchia__go-proxy-cache,cyclonedx-gomod,48,48,52,52,98,98,yes,99,98,50/0/48/47/3/1/47/3/5,50/0/48/47/3/1/47/3/5,,,no,match
facebook__ent,syft,37,37,44,44,91,91,yes,92,91,62/20/29/37/45/0/44/38/0,62/20/29/37/45/0/44/38/0,,,no,match
facebook__ent,trivy,37,37,44,44,91,91,yes,92,91,57/11/34/37/31/0/44/24/0,57/11/34/37/31/0/44/24/0,,,no,match
facebook__ent,cdxgen,37,37,44,44,91,91,yes,92,91,44/7/47/37/14/0/38/13/6,44/7/47/37/14/0/38/13/6,,,no,match
facebook__ent,cyclonedx-gomod,37,37,44,44,91,91,yes,92,91,36/0/55/35/1/2/35/1/9,36/0/55/35/1/2/35/1/9,,,no,match
failsafe-go__failsafe-go,syft,12,12,12,12,43,43,yes,44,43,19/0/24/12/7/0/12/7/0,19/0/24/12/7/0/12/7/0,,,no,match
failsafe-go__failsafe-go,trivy,12,12,12,12,43,43,yes,44,43,15/0/28/12/3/0/12/3/0,15/0/28/12/3/0/12/3/0,,,no,match
failsafe-go__failsafe-go,cdxgen,12,12,12,12,43,43,yes,44,43,12/0/31/12/0/0/12/0/0,12/0/31/12/0/0/12/0/0,,,no,match
failsafe-go__failsafe-go,cyclonedx-gomod,12,12,12,12,43,43,yes,44,43,12/0/31/12/0/0/12/0/0,12/0/31/12/0/0/12/0/0,,,no,match
fastschema__fastschema,syft,150,150,150,150,369,369,yes,370,369,270/0/99/150/120/0/150/120/0,270/0/99/150/120/0/150/120/0,,,no,match
fastschema__fastschema,trivy,150,150,150,150,369,369,yes,370,369,161/0/208/150/11/0/150/11/0,161/0/208/150/11/0/150/11/0,,,no,match
fastschema__fastschema,cdxgen,150,150,150,150,369,369,yes,370,369,150/0/219/150/0/0/150/0/0,150/0/219/150/0/0/150/0/0,,,no,match
fastschema__fastschema,cyclonedx-gomod,150,150,150,150,369,369,yes,370,369,160/0/209/150/10/0/150/10/0,160/0/209/150/10/0/150/10/0,,,no,match
fawick__speedtest-resize,syft,6,6,6,6,7,7,yes,8,7,6/0/1/6/0/0/6/0/0,6/0/1/6/0/0/6/0/0,,,no,match
fawick__speedtest-resize,trivy,6,6,6,6,7,7,yes,8,7,7/0/0/6/1/0/6/1/0,7/0/0/6/1/0/6/1/0,,,no,match
fawick__speedtest-resize,cdxgen,6,6,6,6,7,7,yes,8,7,6/0/1/6/0/0/6/0/0,6/0/1/6/0/0/6/0/0,,,no,match
fawick__speedtest-resize,cyclonedx-gomod,6,6,6,6,7,7,yes,8,7,6/0/1/6/0/0/6/0/0,6/0/1/6/0/0/6/0/0,,,no,match
fclairamb__ftpserverlib,syft,3,3,8,8,13,13,yes,14,13,8/1/5/3/6/0/7/2/1,8/1/5/3/6/0/7/2/1,,,no,match
fclairamb__ftpserverlib,trivy,3,3,8,8,13,13,yes,14,13,7/1/6/3/5/0/7/1/1,7/1/6/3/5/0/7/1/1,,,no,match
fclairamb__ftpserverlib,cdxgen,3,3,8,8,13,13,yes,14,13,3/0/10/3/0/0/3/0/5,3/0/10/3/0/0/3/0/5,,,no,match
fclairamb__ftpserverlib,cyclonedx-gomod,3,3,8,8,13,13,yes,14,13,3/0/10/3/0/0/3/0/5,3/0/10/3/0/0/3/0/5,,,no,match
ferama__rospo,syft,22,22,22,22,44,44,yes,45,44,34/0/10/22/12/0/22/12/0,34/0/10/22/12/0/22/12/0,,,no,match
ferama__rospo,trivy,22,22,22,22,44,44,yes,45,44,30/0/14/22/8/0/22/8/0,30/0/14/22/8/0/22/8/0,,,no,match
ferama__rospo,cdxgen,22,22,22,22,44,44,yes,45,44,22/0/22/22/0/0/22/0/0,22/0/22/22/0/0/22/0/0,,,no,match
ferama__rospo,cyclonedx-gomod,22,22,22,22,44,44,yes,45,44,27/0/17/22/5/0/22/5/0,27/0/17/22/5/0/22/5/0,,,no,match
fergusstrange__embedded-postgres,syft,2,2,7,7,12,12,yes,13,12,10/12/2/2/20/0/7/15/0,10/12/2/2/20/0/7/15/0,,,no,match
fergusstrange__embedded-postgres,trivy,2,2,7,7,12,12,yes,13,12,8/8/4/2/14/0/7/9/0,8/8/4/2/14/0/7/9/0,,,no,match
fergusstrange__embedded-postgres,cdxgen,2,2,7,7,12,12,yes,13,12,2/0/10/2/0/0/2/0/5,2/0/10/2/0/0/2/0/5,,,no,match
fergusstrange__embedded-postgres,cyclonedx-gomod,2,2,7,7,12,12,yes,13,12,2/0/10/2/0/0/2/0/5,2/0/10/2/0/0/2/0/5,,,no,match
fern4lvarez__piladb,syft,1,1,2,2,3,3,yes,4,3,3/0/0/1/2/0/2/1/0,3/0/0/1/2/0/2/1/0,,,no,match
fern4lvarez__piladb,trivy,1,1,2,2,3,3,yes,4,3,3/0/0/1/2/0/2/1/0,3/0/0/1/2/0/2/1/0,,,no,match
fern4lvarez__piladb,cdxgen,1,1,2,2,3,3,yes,4,3,1/0/2/1/0/0/1/0/1,1/0/2/1/0/0/1/0/1,,,no,match
fern4lvarez__piladb,cyclonedx-gomod,1,1,2,2,3,3,yes,4,3,NA,NA,,,no,match
fieldryand__goflow,syft,23,23,23,23,48,48,yes,49,48,41/0/7/23/18/0/23/18/0,41/0/7/23/18/0/23/18/0,,,no,match
fieldryand__goflow,trivy,23,23,23,23,48,48,yes,49,48,33/0/15/23/10/0/23/10/0,33/0/15/23/10/0/23/10/0,,,no,match
fieldryand__goflow,cdxgen,23,23,23,23,48,48,yes,49,48,23/0/25/23/0/0/23/0/0,23/0/25/23/0/0/23/0/0,,,no,match
fieldryand__goflow,cyclonedx-gomod,23,23,23,23,48,48,yes,49,48,32/0/16/23/9/0/23/9/0,32/0/16/23/9/0/23/9/0,,,no,match
firasdarwish__ore,syft,4,4,4,4,6,6,yes,7,6,5/4/1/4/5/0/4/5/0,5/4/1/4/5/0/4/5/0,,,no,match
firasdarwish__ore,trivy,4,4,4,4,6,6,yes,7,6,4/3/2/4/3/0/4/3/0,4/3/2/4/3/0/4/3/0,,,no,match
firasdarwish__ore,cdxgen,4,4,4,4,6,6,yes,7,6,4/2/2/4/2/0/4/2/0,4/2/2/4/2/0/4/2/0,,,no,match
firasdarwish__ore,cyclonedx-gomod,4,4,4,4,6,6,yes,7,6,4/0/2/4/0/0/4/0/0,4/0/2/4/0/0/4/0/0,,,no,match
fish-tennis__gnet,syft,2,2,2,2,4,4,yes,5,4,3/0/1/2/1/0/2/1/0,3/0/1/2/1/0/2/1/0,,,no,match
fish-tennis__gnet,trivy,2,2,2,2,4,4,yes,5,4,3/0/1/2/1/0/2/1/0,3/0/1/2/1/0/2/1/0,,,no,match
fish-tennis__gnet,cdxgen,2,2,2,2,4,4,yes,5,4,2/0/2/2/0/0/2/0/0,2/0/2/2/0/0/2/0/0,,,no,match
fish-tennis__gnet,cyclonedx-gomod,2,2,2,2,4,4,yes,5,4,2/0/2/2/0/0/2/0/0,2/0/2/2/0/0/2/0/0,,,no,match
flannel-io__flannel,syft,72,72,120,120,295,295,yes,296,295,148/0/147/72/76/0/120/28/0,148/0/147/72/76/0/120/28/0,,,no,match
flannel-io__flannel,trivy,72,72,120,120,295,295,yes,296,295,130/0/165/72/58/0/120/10/0,130/0/165/72/58/0/120/10/0,,,no,match
flannel-io__flannel,cdxgen,72,72,120,120,295,295,yes,296,295,72/0/223/72/0/0/72/0/48,72/0/223/72/0/0/72/0/48,,,no,match
flannel-io__flannel,cyclonedx-gomod,72,72,120,120,295,295,yes,296,295,80/0/215/70/10/2/71/9/49,80/0/215/70/10/2/71/9/49,,,no,match
fleetdm__fleet,syft,334,334,341,341,902,902,yes,903,902,474/110/428/334/250/0/341/243/0,474/110/428/334/250/0/341/243/0,,,no,match
fleetdm__fleet,trivy,334,334,341,341,902,902,yes,903,902,414/100/488/334/180/0/341/173/0,414/100/488/334/180/0/341/173/0,,,no,match
fleetdm__fleet,cdxgen,334,334,341,341,902,902,yes,903,902,414/93/488/334/173/0/341/166/0,414/93/488/334/173/0/341/166/0,,,no,match
fleetdm__fleet,cyclonedx-gomod,334,334,341,341,902,902,yes,903,902,346/0/556/319/27/15/319/27/22,346/0/556/319/27/15/319/27/22,,,no,match
flosch__pongo2,syft,1,1,1,1,4,4,yes,5,4,1/0/3/1/0/0/1/0/0,1/0/3/1/0/0/1/0/0,,,no,match
flosch__pongo2,trivy,1,1,1,1,4,4,yes,5,4,1/0/3/1/0/0/1/0/0,1/0/3/1/0/0/1/0/0,,,no,match
flosch__pongo2,cdxgen,1,1,1,1,4,4,yes,5,4,1/0/3/1/0/0/1/0/0,1/0/3/1/0/0/1/0/0,,,no,match
flosch__pongo2,cyclonedx-gomod,1,1,1,1,4,4,yes,5,4,1/0/3/1/0/0/1/0/0,1/0/3/1/0/0/1/0/0,,,no,match
flowbaker__flowbaker,syft,176,176,179,179,307,307,yes,308,307,230/0/77/176/54/0/179/51/0,230/0/77/176/54/0/179/51/0,,,no,match
flowbaker__flowbaker,trivy,176,176,179,179,307,307,yes,308,307,196/0/111/176/20/0/179/17/0,196/0/111/176/20/0/179/17/0,,,no,match
flowbaker__flowbaker,cdxgen,176,176,179,179,307,307,yes,308,307,176/0/131/176/0/0/176/0/3,176/0/131/176/0/0/176/0/3,,,no,match
flowbaker__flowbaker,cyclonedx-gomod,176,176,179,179,307,307,yes,308,307,193/0/114/176/17/0/176/17/3,193/0/114/176/17/0/176/17/3,,,no,match
flower-corp__lotusdb,syft,20,20,24,24,59,59,yes,60,59,31/0/28/20/11/0/24/7/0,31/0/28/20/11/0/24/7/0,,,no,match
flower-corp__lotusdb,trivy,20,20,24,24,59,59,yes,60,59,29/0/30/20/9/0/24/5/0,29/0/30/20/9/0/24/5/0,,,no,match
flower-corp__lotusdb,cdxgen,20,20,24,24,59,59,yes,60,59,20/0/39/20/0/0/20/0/4,20/0/39/20/0/0/20/0/4,,,no,match
flower-corp__lotusdb,cyclonedx-gomod,20,20,24,24,59,59,yes,60,59,22/0/37/20/2/0/20/2/4,22/0/37/20/2/0/20/2/4,,,no,match
fogfish__dynamo,syft,29,29,30,30,36,36,yes,37,36,34/0/2/29/5/0/30/4/0,34/0/2/29/5/0/30/4/0,,,no,match
fogfish__dynamo,trivy,29,29,30,30,36,36,yes,37,36,30/0/6/29/1/0/30/0/0,30/0/6/29/1/0/30/0/0,,,no,match
fogfish__dynamo,cdxgen,29,29,30,30,36,36,yes,37,36,29/0/7/29/0/0/29/0/1,29/0/7/29/0/0/29/0/1,,,no,match
fogfish__dynamo,cyclonedx-gomod,29,29,30,30,36,36,yes,37,36,29/0/7/29/0/0/29/0/1,29/0/7/29/0/0/29/0/1,,,no,match
fogleman__nes,syft,3,3,3,3,3,3,yes,4,3,3/0/0/3/0/0/3/0/0,3/0/0/3/0/0/3/0/0,,,no,match
fogleman__nes,trivy,3,3,3,3,3,3,yes,4,3,3/0/0/3/0/0/3/0/0,3/0/0/3/0/0/3/0/0,,,no,match
fogleman__nes,cdxgen,3,3,3,3,3,3,yes,4,3,3/0/0/3/0/0/3/0/0,3/0/0/3/0/0/3/0/0,,,no,match
fogleman__nes,cyclonedx-gomod,3,3,3,3,3,3,yes,4,3,3/0/0/3/0/0/3/0/0,3/0/0/3/0/0/3/0/0,,,no,match
foolin__goview,syft,48,48,48,48,144,144,yes,145,144,85/0/59/48/37/0/48/37/0,85/0/59/48/37/0/48/37/0,,,no,match
foolin__goview,trivy,48,48,48,48,144,144,yes,145,144,144/0/0/48/96/0/48/96/0,144/0/0/48/96/0/48/96/0,,,no,match
foolin__goview,cdxgen,48,48,48,48,144,144,yes,145,144,48/0/96/48/0/0/48/0/0,48/0/96/48/0/0/48/0/0,,,no,match
foolin__goview,cyclonedx-gomod,48,48,48,48,144,144,yes,145,144,48/0/96/48/0/0/48/0/0,48/0/96/48/0/0/48/0/0,,,no,match
foolin__pagser,syft,9,9,9,9,28,28,yes,29,28,28/0/0/9/19/0/9/19/0,28/0/0/9/19/0/9/19/0,,,no,match
foolin__pagser,trivy,9,9,9,9,28,28,yes,29,28,28/0/0/9/19/0/9/19/0,28/0/0/9/19/0/9/19/0,,,no,match
foolin__pagser,cdxgen,9,9,9,9,28,28,yes,29,28,9/0/19/9/0/0/9/0/0,9/0/19/9/0/0/9/0/0,,,no,match
foolin__pagser,cyclonedx-gomod,9,9,9,9,28,28,yes,29,28,9/0/19/9/0/0/9/0/0,9/0/19/9/0/0/9/0/0,,,no,match
formancehq__ledger,syft,202,202,222,222,391,391,yes,392,391,296/139/95/202/233/0/222/213/0,296/139/95/202/233/0/222/213/0,,,no,match
formancehq__ledger,trivy,202,202,222,222,391,391,yes,392,391,264/120/127/202/182/0/222/162/0,264/120/127/202/182/0/222/162/0,,,no,match
formancehq__ledger,cdxgen,202,202,222,222,391,391,yes,392,391,216/73/175/202/87/0/202/87/20,216/73/175/202/87/0/202/87/20,,,no,match
formancehq__ledger,cyclonedx-gomod,202,202,222,222,391,391,yes,392,391,208/0/183/200/8/2/200/8/22,208/0/183/200/8/2/200/8/22,,,no,match
fortio__fortio,syft,28,28,31,31,74,74,yes,75,74,48/0/26/28/20/0/31/17/0,48/0/26/28/20/0/31/17/0,,,no,match
fortio__fortio,trivy,28,28,31,31,74,74,yes,75,74,31/0/43/28/3/0/31/0/0,31/0/43/28/3/0/31/0/0,,,no,match
fortio__fortio,cdxgen,28,28,31,31,74,74,yes,75,74,28/0/46/28/0/0/28/0/3,28/0/46/28/0/0/28/0/3,,,no,match
fortio__fortio,cyclonedx-gomod,28,28,31,31,74,74,yes,75,74,28/0/46/28/0/0/28/0/3,28/0/46/28/0/0/28/0/3,,,no,match
fox-toolkit__fox,syft,2,2,6,6,20,20,yes,21,20,11/0/9/2/9/0/6/5/0,11/0/9/2/9/0/6/5/0,,,no,match
fox-toolkit__fox,trivy,2,2,6,6,20,20,yes,21,20,10/0/10/2/8/0/6/4/0,10/0/10/2/8/0/6/4/0,,,no,match
fox-toolkit__fox,cdxgen,2,2,6,6,20,20,yes,21,20,2/0/18/2/0/0/2/0/4,2/0/18/2/0/0/2/0/4,,,no,match
fox-toolkit__fox,cyclonedx-gomod,2,2,6,6,20,20,yes,21,20,3/0/17/2/1/0/2/1/4,3/0/17/2/1/0/2/1/4,,,no,match
foxcpp__maddy,syft,106,106,108,108,403,403,yes,404,403,170/3/233/103/70/3/105/68/3,170/3/233/103/70/3/105/68/3,,,no,match
foxcpp__maddy,trivy,106,106,108,108,403,403,yes,404,403,157/3/246/103/57/3/105/55/3,157/3/246/103/57/3/105/55/3,,,no,match
foxcpp__maddy,cdxgen,106,106,108,108,403,403,yes,404,403,106/0/297/106/0/0/106/0/2,106/0/297/106/0/0/106/0/2,,,no,match
foxcpp__maddy,cyclonedx-gomod,106,106,108,108,403,403,yes,404,403,152/3/251/103/52/3/103/52/5,152/3/251/103/52/3/103/52/5,,,no,match
francesconi__go-rampart,syft,1,1,1,1,6,6,yes,7,6,1/0/5/1/0/0/1/0/0,1/0/5/1/0/0/1/0/0,,,no,match
francesconi__go-rampart,trivy,1,1,1,1,6,6,yes,7,6,1/0/5/1/0/0/1/0/0,1/0/5/1/0/0/1/0/0,,,no,match
francesconi__go-rampart,cdxgen,1,1,1,1,6,6,yes,7,6,1/0/5/1/0/0/1/0/0,1/0/5/1/0/0/1/0/0,,,no,match
francesconi__go-rampart,cyclonedx-gomod,1,1,1,1,6,6,yes,7,6,1/0/5/1/0/0/1/0/0,1/0/5/1/0/0/1/0/0,,,no,match
francoispqt__onelog,syft,1,1,4,4,4,4,yes,5,4,4/0/0/1/3/0/4/0/0,4/0/0/1/3/0/4/0/0,,,no,match
francoispqt__onelog,trivy,1,1,4,4,4,4,yes,5,4,4/0/0/1/3/0/4/0/0,4/0/0/1/3/0/4/0/0,,,no,match
francoispqt__onelog,cdxgen,1,1,4,4,4,4,yes,5,4,1/0/3/1/0/0/1/0/3,1/0/3/1/0/0/1/0/3,,,no,match
francoispqt__onelog,cyclonedx-gomod,1,1,4,4,4,4,yes,5,4,1/0/3/1/0/0/1/0/3,1/0/3/1/0/0/1/0/3,,,no,match
furdarius__rabbitroutine,syft,3,3,7,7,13,13,yes,14,13,10/0/3/3/7/0/7/3/0,10/0/3/3/7/0/7/3/0,,,no,match
furdarius__rabbitroutine,trivy,3,3,7,7,13,13,yes,14,13,7/0/6/3/4/0/7/0/0,7/0/6/3/4/0/7/0/0,,,no,match
furdarius__rabbitroutine,cdxgen,3,3,7,7,13,13,yes,14,13,3/0/10/3/0/0/3/0/4,3/0/10/3/0/0/3/0/4,,,no,match
furdarius__rabbitroutine,cyclonedx-gomod,3,3,7,7,13,13,yes,14,13,3/0/10/3/0/0/3/0/4,3/0/10/3/0/0/3/0/4,,,no,match
fxamacker__cbor,syft,1,1,1,1,1,1,yes,2,1,1/0/0/1/0/0/1/0/0,1/0/0/1/0/0/1/0/0,,,no,match
fxamacker__cbor,trivy,1,1,1,1,1,1,yes,2,1,1/0/0/1/0/0/1/0/0,1/0/0/1/0/0/1/0/0,,,no,match
fxamacker__cbor,cdxgen,1,1,1,1,1,1,yes,2,1,1/0/0/1/0/0/1/0/0,1/0/0/1/0/0/1/0/0,,,no,match
fxamacker__cbor,cyclonedx-gomod,1,1,1,1,1,1,yes,2,1,1/0/0/1/0/0/1/0/0,1/0/0/1/0/0/1/0/0,,,no,match
fyne-io__fyne,syft,46,46,46,46,68,68,yes,69,68,56/0/12/46/10/0/46/10/0,56/0/12/46/10/0/46/10/0,,,no,match
fyne-io__fyne,trivy,46,46,46,46,68,68,yes,69,68,53/2/15/46/9/0/46/9/0,53/2/15/46/9/0/46/9/0,,,no,match
fyne-io__fyne,cdxgen,46,46,46,46,68,68,yes,69,68,46/0/22/46/0/0/46/0/0,46/0/22/46/0/0/46/0/0,,,no,match
fyne-io__fyne,cyclonedx-gomod,46,46,46,46,68,68,yes,69,68,51/0/17/46/5/0/46/5/0,51/0/17/46/5/0/46/5/0,,,no,match
g3n__engine,syft,4,4,4,4,7,7,yes,8,7,5/0/2/4/1/0/4/1/0,5/0/2/4/1/0/4/1/0,,,no,match
g3n__engine,trivy,4,4,4,4,7,7,yes,8,7,7/0/0/4/3/0/4/3/0,7/0/0/4/3/0/4/3/0,,,no,match
g3n__engine,cdxgen,4,4,4,4,7,7,yes,8,7,4/0/3/4/0/0/4/0/0,4/0/3/4/0/0/4/0/0,,,no,match
g3n__engine,cyclonedx-gomod,4,4,4,4,7,7,yes,8,7,4/0/3/4/0/0/4/0/0,4/0/3/4/0/0/4/0/0,,,no,match
g4s8__envdoc,syft,2,2,4,4,19,19,yes,20,19,13/0/6/2/11/0/4/9/0,13/0/6/2/11/0/4/9/0,,,no,match
g4s8__envdoc,trivy,2,2,4,4,19,19,yes,20,19,15/0/4/2/13/0/4/11/0,15/0/4/2/13/0/4/11/0,,,no,match
g4s8__envdoc,cdxgen,2,2,4,4,19,19,yes,20,19,2/0/17/2/0/0/2/0/2,2/0/17/2/0/0/2/0/2,,,no,match
g4s8__envdoc,cyclonedx-gomod,2,2,4,4,19,19,yes,20,19,2/0/17/2/0/0/2/0/2,2/0/17/2/0/0/2/0/2,,,no,match
gabrie30__ghorg,syft,53,53,53,53,94,94,yes,95,94,67/6/27/53/20/0/53/20/0,67/6/27/53/20/0/53/20/0,,,no,match
gabrie30__ghorg,trivy,53,53,53,53,94,94,yes,95,94,55/6/39/53/8/0/53/8/0,55/6/39/53/8/0/53/8/0,,,no,match
gabrie30__ghorg,cdxgen,53,53,53,53,94,94,yes,95,94,55/0/39/53/2/0/53/2/0,55/0/39/53/2/0/53/2/0,,,no,match
gabrie30__ghorg,cyclonedx-gomod,53,53,53,53,94,94,yes,95,94,55/0/39/53/2/0/53/2/0,55/0/39/53/2/0/53/2/0,,,no,match
gabstv__go-bsdiff,syft,1,1,1,1,1,1,yes,2,1,1/0/0/1/0/0/1/0/0,1/0/0/1/0/0/1/0/0,,,no,match
gabstv__go-bsdiff,trivy,1,1,1,1,1,1,yes,2,1,1/0/0/1/0/0/1/0/0,1/0/0/1/0/0/1/0/0,,,no,match
gabstv__go-bsdiff,cdxgen,1,1,1,1,1,1,yes,2,1,1/0/0/1/0/0/1/0/0,1/0/0/1/0/0/1/0/0,,,no,match
gabstv__go-bsdiff,cyclonedx-gomod,1,1,1,1,1,1,yes,2,1,1/0/0/1/0/0/1/0/0,1/0/0/1/0/0/1/0/0,,,no,match
gagliardetto__solana-go,syft,66,66,77,77,133,133,yes,134,133,97/0/36/66/31/0/77/20/0,97/0/36/66/31/0/77/20/0,,,no,match
gagliardetto__solana-go,trivy,66,66,77,77,133,133,yes,134,133,79/0/54/66/13/0/77/2/0,79/0/54/66/13/0/77/2/0,,,no,match
gagliardetto__solana-go,cdxgen,66,66,77,77,133,133,yes,134,133,66/0/67/66/0/0/66/0/11,66/0/67/66/0/0/66/0/11,,,no,match
gagliardetto__solana-go,cyclonedx-gomod,66,66,77,77,133,133,yes,134,133,67/0/66/66/1/0/66/1/11,67/0/66/66/1/0/66/1/11,,,no,match
gaia-pipeline__gaia,syft,75,75,79,79,388,388,yes,389,388,104/0/284/75/29/0/79/25/0,104/0/284/75/29/0/79/25/0,,,no,match
gaia-pipeline__gaia,trivy,75,75,79,79,388,388,yes,389,388,87/0/301/75/12/0/79/8/0,87/0/301/75/12/0/79/8/0,,,no,match
gaia-pipeline__gaia,cdxgen,75,75,79,79,388,388,yes,389,388,75/0/313/75/0/0/75/0/4,75/0/313/75/0/0/75/0/4,,,no,match
gaia-pipeline__gaia,cyclonedx-gomod,75,75,79,79,388,388,yes,389,388,76/0/312/74/2/1/74/2/5,76/0/312/74/2/1/74/2/5,,,no,match
galeone__igor,syft,1,1,1,1,1,1,yes,2,1,1/0/0/1/0/0/1/0/0,1/0/0/1/0/0/1/0/0,,,no,match
galeone__igor,trivy,1,1,1,1,1,1,yes,2,1,1/0/0/1/0/0/1/0/0,1/0/0/1/0/0/1/0/0,,,no,match
galeone__igor,cdxgen,1,1,1,1,1,1,yes,2,1,1/0/0/1/0/0/1/0/0,1/0/0/1/0/0/1/0/0,,,no,match
galeone__igor,cyclonedx-gomod,1,1,1,1,1,1,yes,2,1,1/0/0/1/0/0/1/0/0,1/0/0/1/0/0/1/0/0,,,no,match
galeone__rts,syft,2,2,2,2,6,6,yes,7,6,5/0/1/2/3/0/2/3/0,5/0/1/2/3/0/2/3/0,,,no,match
galeone__rts,trivy,2,2,2,2,6,6,yes,7,6,3/0/3/2/1/0/2/1/0,3/0/3/2/1/0/2/1/0,,,no,match
galeone__rts,cdxgen,2,2,2,2,6,6,yes,7,6,2/0/4/2/0/0/2/0/0,2/0/4/2/0/0/2/0/0,,,no,match
galeone__rts,cyclonedx-gomod,2,2,2,2,6,6,yes,7,6,2/0/4/2/0/0/2/0/0,2/0/4/2/0/0/2/0/0,,,no,match
galeone__tfgo,syft,2,2,2,2,5,5,yes,6,5,3/0/2/2/1/0/2/1/0,3/0/2/2/1/0/2/1/0,,,no,match
galeone__tfgo,trivy,2,2,2,2,5,5,yes,6,5,2/0/3/2/0/0/2/0/0,2/0/3/2/0/0/2/0/0,,,no,match
galeone__tfgo,cdxgen,2,2,2,2,5,5,yes,6,5,2/0/3/2/0/0/2/0/0,2/0/3/2/0/0/2/0/0,,,no,match
galeone__tfgo,cyclonedx-gomod,2,2,2,2,5,5,yes,6,5,2/0/3/2/0/0/2/0/0,2/0/3/2/0/0/2/0/0,,,no,match
gammazero__workerpool,syft,1,1,1,1,1,1,yes,2,1,1/0/0/1/0/0/1/0/0,1/0/0/1/0/0/1/0/0,,,no,match
gammazero__workerpool,trivy,1,1,1,1,1,1,yes,2,1,1/0/0/1/0/0/1/0/0,1/0/0/1/0/0/1/0/0,,,no,match
gammazero__workerpool,cdxgen,1,1,1,1,1,1,yes,2,1,1/0/0/1/0/0/1/0/0,1/0/0/1/0/0/1/0/0,,,no,match
gammazero__workerpool,cyclonedx-gomod,1,1,1,1,1,1,yes,2,1,1/0/0/1/0/0/1/0/0,1/0/0/1/0/0/1/0/0,,,no,match
garethgeorge__backrest,syft,44,44,50,50,130,130,yes,131,130,86/0/44/44/42/0/50/36/0,86/0/44/44/42/0/50/36/0,,,no,match
garethgeorge__backrest,trivy,44,44,50,50,130,130,yes,131,130,59/0/71/44/15/0/50/9/0,59/0/71/44/15/0/50/9/0,,,no,match
garethgeorge__backrest,cdxgen,44,44,50,50,130,130,yes,131,130,59/0/71/44/15/0/50/9/0,59/0/71/44/15/0/50/9/0,,,no,match
garethgeorge__backrest,cyclonedx-gomod,44,44,50,50,130,130,yes,131,130,52/0/78/44/8/0/44/8/6,52/0/78/44/8/0/44/8/6,,,no,match
gatewayd-io__gatewayd,syft,148,148,151,151,344,344,yes,345,344,200/0/144/148/52/0/151/49/0,200/0/144/148/52/0/151/49/0,,,no,match
gatewayd-io__gatewayd,trivy,148,148,151,151,344,344,yes,345,344,162/0/182/148/14/0/151/11/0,162/0/182/148/14/0/151/11/0,,,no,match
gatewayd-io__gatewayd,cdxgen,148,148,151,151,344,344,yes,345,344,148/0/196/148/0/0/148/0/3,148/0/196/148/0/0/148/0/3,,,no,match
gatewayd-io__gatewayd,cyclonedx-gomod,148,148,151,151,344,344,yes,345,344,155/0/189/146/9/2/146/9/5,155/0/189/146/9/2/146/9/5,,,no,match
gavv__httpexpect,syft,30,30,32,32,58,58,yes,59,58,49/85/9/30/104/0/32/102/0,49/85/9/30/104/0/32/102/0,,,no,match
gavv__httpexpect,trivy,30,30,32,32,58,58,yes,59,58,42/71/16/30/83/0/32/81/0,42/71/16/30/83/0/32/81/0,,,no,match
gavv__httpexpect,cdxgen,30,30,32,32,58,58,yes,59,58,37/58/21/30/65/0/32/63/0,37/58/21/30/65/0/32/63/0,,,no,match
gavv__httpexpect,cyclonedx-gomod,30,30,32,32,58,58,yes,59,58,30/0/28/30/0/0/30/0/2,30/0/28/30/0/0/30/0/2,,,no,match
gchaincl__httplab,syft,6,6,9,9,9,9,yes,10,9,9/0/0/6/3/0/9/0/0,9/0/0/6/3/0/9/0/0,,,no,match
gchaincl__httplab,trivy,6,6,9,9,9,9,yes,10,9,9/0/0/6/3/0/9/0/0,9/0/0/6/3/0/9/0/0,,,no,match
gchaincl__httplab,cdxgen,6,6,9,9,9,9,yes,10,9,6/0/3/6/0/0/6/0/3,6/0/3/6/0/0/6/0/3,,,no,match
gchaincl__httplab,cyclonedx-gomod,6,6,9,9,9,9,yes,10,9,6/0/3/6/0/0/6/0/3,6/0/3/6/0/0/6/0/3,,,no,match
gentee__gentee,syft,3,3,3,3,14,14,yes,15,14,7/0/7/3/4/0/3/4/0,7/0/7/3/4/0/3/4/0,,,no,match
gentee__gentee,trivy,3,3,3,3,14,14,yes,15,14,4/0/10/3/1/0/3/1/0,4/0/10/3/1/0/3/1/0,,,no,match
gentee__gentee,cdxgen,3,3,3,3,14,14,yes,15,14,3/0/11/3/0/0/3/0/0,3/0/11/3/0/0/3/0/0,,,no,match
gentee__gentee,cyclonedx-gomod,3,3,3,3,14,14,yes,15,14,3/0/11/3/0/0/3/0/0,3/0/11/3/0/0/3/0/0,,,no,match
georgebuilds__anneal,syft,23,23,32,32,52,52,yes,53,52,40/0/12/23/17/0/32/8/0,40/0/12/23/17/0/32/8/0,,,no,match
georgebuilds__anneal,trivy,23,23,32,32,52,52,yes,53,52,37/0/15/23/14/0/32/5/0,37/0/15/23/14/0/32/5/0,,,no,match
georgebuilds__anneal,cdxgen,23,23,32,32,52,52,yes,53,52,23/0/29/23/0/0/23/0/9,23/0/29/23/0/0/23/0/9,,,no,match
georgebuilds__anneal,cyclonedx-gomod,23,23,32,32,52,52,yes,53,52,27/0/25/23/4/0/23/4/9,27/0/25/23/4/0/23/4/9,,,no,match
georgysavva__scany,syft,6,6,15,15,91,91,yes,92,91,23/0/68/6/17/0/15/8/0,23/0/68/6/17/0/15/8/0,,,no,match
georgysavva__scany,trivy,6,6,15,15,91,91,yes,92,91,20/0/71/6/14/0/15/5/0,20/0/71/6/14/0/15/5/0,,,no,match
georgysavva__scany,cdxgen,6,6,15,15,91,91,yes,92,91,6/0/85/6/0/0/6/0/9,6/0/85/6/0/0/6/0/9,,,no,match
georgysavva__scany,cyclonedx-gomod,6,6,15,15,91,91,yes,92,91,5/0/86/5/0/1/5/0/10,5/0/86/5/0/1/5/0/10,,,no,match
get-woke__woke,syft,33,33,36,36,152,152,yes,153,152,46/0/106/33/13/0/36/10/0,46/0/106/33/13/0/36/10/0,,,no,match
get-woke__woke,trivy,33,33,36,36,152,152,yes,153,152,39/0/113/33/6/0/36/3/0,39/0/113/33/6/0/36/3/0,,,no,match
get-woke__woke,cdxgen,33,33,36,36,152,152,yes,153,152,33/0/119/33/0/0/33/0/3,33/0/119/33/0/0/33/0/3,,,no,match
get-woke__woke,cyclonedx-gomod,33,33,36,36,152,152,yes,153,152,36/0/116/33/3/0/33/3/3,36/0/116/33/3/0/33/3/3,,,no,match
getfider__fider,syft,40,40,40,40,365,365,yes,366,365,247/0/118/40/207/0/40/207/0,247/0/118/40/207/0/40/207/0,,,no,match
getfider__fider,trivy,40,40,40,40,365,365,yes,366,365,240/0/125/40/200/0/40/200/0,240/0/125/40/200/0/40/200/0,,,no,match
getfider__fider,cdxgen,40,40,40,40,365,365,yes,366,365,40/0/325/40/0/0/40/0/0,40/0/325/40/0/0/40/0/0,,,no,match
getfider__fider,cyclonedx-gomod,40,40,40,40,365,365,yes,366,365,240/0/125/40/200/0/40/200/0,240/0/125/40/200/0/40/200/0,,,no,match
getlantern__systray,syft,9,9,9,9,17,17,yes,18,17,16/0/1/9/7/0/9/7/0,16/0/1/9/7/0/9/7/0,,,no,match
getlantern__systray,trivy,9,9,9,9,17,17,yes,18,17,17/0/0/9/8/0/9/8/0,17/0/0/9/8/0/9/8/0,,,no,match
getlantern__systray,cdxgen,9,9,9,9,17,17,yes,18,17,9/0/8/9/0/0/9/0/0,9/0/8/9/0/0/9/0/0,,,no,match
getlantern__systray,cyclonedx-gomod,9,9,9,9,17,17,yes,18,17,13/0/4/9/4/0/9/4/0,13/0/4/9/4/0/9/4/0,,,no,match
getsentry__sentry-go,syft,3,3,11,11,227,227,yes,228,227,157/0/70/3/154/0/11/146/0,157/0/70/3/154/0/11/146/0,,,no,match
getsentry__sentry-go,trivy,3,3,11,11,227,227,yes,228,227,142/0/85/3/139/0/11/131/0,142/0/85/3/139/0/11/131/0,,,no,match
getsentry__sentry-go,cdxgen,3,3,11,11,227,227,yes,228,227,87/0/140/3/84/0/4/83/7,87/0/140/3/84/0/4/83/7,,,no,match
getsentry__sentry-go,cyclonedx-gomod,3,3,11,11,227,227,yes,228,227,112/0/115/3/109/0/4/108/7,112/0/115/3/109/0/4/108/7,,,no,match
getveil__veil,syft,25,25,25,25,59,59,yes,60,59,49/0/10/25/24/0/25/24/0,49/0/10/25/24/0/25/24/0,,,no,match
getveil__veil,trivy,25,25,25,25,59,59,yes,60,59,28/0/31/25/3/0/25/3/0,28/0/31/25/3/0/25/3/0,,,no,match
getveil__veil,cdxgen,25,25,25,25,59,59,yes,60,59,25/0/34/25/0/0/25/0/0,25/0/34/25/0/0/25/0/0,,,no,match
getveil__veil,cyclonedx-gomod,25,25,25,25,59,59,yes,60,59,28/0/31/25/3/0/25/3/0,28/0/31/25/3/0/25/3/0,,,no,match
ggicci__httpin,syft,,11,,18,,25,NA,26,25,NA,19/0/6/11/8/0/18/1/0,,,no,july_unavailable
ggicci__httpin,trivy,,11,,18,,25,NA,26,25,NA,18/0/7/11/7/0/18/0/0,,,no,july_unavailable
ggicci__httpin,cdxgen,,11,,18,,25,NA,26,25,NA,11/0/14/11/0/0/11/0/7,,,no,july_unavailable
ggicci__httpin,cyclonedx-gomod,,11,,18,,25,NA,26,25,NA,11/0/14/11/0/0/11/0/7,,,no,july_unavailable
ghostiam__binstruct,syft,1,1,3,3,4,4,yes,5,4,3/0/1/1/2/0/3/0/0,3/0/1/1/2/0/3/0/0,,,no,match
ghostiam__binstruct,trivy,1,1,3,3,4,4,yes,5,4,3/0/1/1/2/0/3/0/0,3/0/1/1/2/0/3/0/0,,,no,match
ghostiam__binstruct,cdxgen,1,1,3,3,4,4,yes,5,4,1/0/3/1/0/0/1/0/2,1/0/3/1/0/0/1/0/2,,,no,match
ghostiam__binstruct,cyclonedx-gomod,1,1,3,3,4,4,yes,5,4,1/0/3/1/0/0/1/0/2,1/0/3/1/0/0/1/0/2,,,no,match
gilbertchen__duplicacy,syft,60,60,61,61,119,119,yes,120,119,86/0/33/60/26/0/61/25/0,86/0/33/60/26/0/61/25/0,,,no,match
gilbertchen__duplicacy,trivy,60,60,61,61,119,119,yes,120,119,69/0/50/60/9/0/61/8/0,69/0/50/60/9/0/61/8/0,,,no,match
gilbertchen__duplicacy,cdxgen,60,60,61,61,119,119,yes,120,119,60/0/59/60/0/0/60/0/1,60/0/59/60/0/0/60/0/1,,,no,match
gilbertchen__duplicacy,cyclonedx-gomod,60,60,61,61,119,119,yes,120,119,65/0/54/60/5/0/60/5/1,65/0/54/60/5/0/60/5/1,,,no,match
gin-gonic__gin,syft,18,18,25,25,57,57,yes,58,57,41/0/16/18/23/0/25/16/0,41/0/16/18/23/0/25/16/0,,,no,match
gin-gonic__gin,trivy,18,18,25,25,57,57,yes,58,57,35/0/22/18/17/0/25/10/0,35/0/22/18/17/0/25/10/0,,,no,match
gin-gonic__gin,cdxgen,18,18,25,25,57,57,yes,58,57,18/0/39/18/0/0/18/0/7,18/0/39/18/0/0/18/0/7,,,no,match
gin-gonic__gin,cyclonedx-gomod,18,18,25,25,57,57,yes,58,57,28/0/29/18/10/0/20/8/5,28/0/29/18/10/0/20/8/5,,,no,match
gizak__termui,syft,4,4,4,4,4,4,yes,5,4,4/0/0/4/0/0/4/0/0,4/0/0/4/0/0/4/0/0,,,no,match
gizak__termui,trivy,4,4,4,4,4,4,yes,5,4,4/0/0/4/0/0/4/0/0,4/0/0/4/0/0/4/0/0,,,no,match
gizak__termui,cdxgen,4,4,4,4,4,4,yes,5,4,4/0/0/4/0/0/4/0/0,4/0/0/4/0/0/4/0/0,,,no,match
gizak__termui,cyclonedx-gomod,4,4,4,4,4,4,yes,5,4,4/0/0/4/0/0/4/0/0,4/0/0/4/0/0/4/0/0,,,no,match
gkampitakis__go-snaps,syft,11,11,11,11,23,23,yes,24,23,15/0/8/11/4/0/11/4/0,15/0/8/11/4/0/11/4/0,,,no,match
gkampitakis__go-snaps,trivy,11,11,11,11,23,23,yes,24,23,11/0/12/11/0/0/11/0/0,11/0/12/11/0/0/11/0/0,,,no,match
gkampitakis__go-snaps,cdxgen,11,11,11,11,23,23,yes,24,23,11/0/12/11/0/0/11/0/0,11/0/12/11/0/0/11/0/0,,,no,match
gkampitakis__go-snaps,cyclonedx-gomod,11,11,11,11,23,23,yes,24,23,11/0/12/11/0/0/11/0/0,11/0/12/11/0/0/11/0/0,,,no,match
gliderlabs__ssh,syft,2,2,2,2,6,6,yes,7,6,4/0/2/2/2/0/2/2/0,4/0/2/2/2/0/2/2/0,,,no,match
gliderlabs__ssh,trivy,2,2,2,2,6,6,yes,7,6,3/0/3/2/1/0/2/1/0,3/0/3/2/1/0/2/1/0,,,no,match
gliderlabs__ssh,cdxgen,2,2,2,2,6,6,yes,7,6,2/0/4/2/0/0/2/0/0,2/0/4/2/0/0/2/0/0,,,no,match
gliderlabs__ssh,cyclonedx-gomod,2,2,2,2,6,6,yes,7,6,3/0/3/2/1/0/2/1/0,3/0/3/2/1/0/2/1/0,,,no,match
gmsec__micro,syft,22,22,26,26,169,169,yes,170,169,52/1/117/22/31/0/26/27/0,52/1/117/22/31/0/26/27/0,,,no,match
gmsec__micro,trivy,22,22,26,26,169,169,yes,170,169,169/738/0/22/885/0/26/881/0,169/738/0/22/885/0/26/881/0,,,no,match
gmsec__micro,cdxgen,22,22,26,26,169,169,yes,170,169,24/0/145/22/2/0/22/2/4,24/0/145/22/2/0/22/2/4,,,no,match
gmsec__micro,cyclonedx-gomod,22,22,26,26,169,169,yes,170,169,25/0/144/22/3/0/22/3/4,25/0/144/22/3/0/22/3/4,,,no,match
gnolang__gno,syft,96,96,98,98,254,254,yes,255,254,148/266/106/96/318/0/98/316/0,148/266/106/96/318/0/98/316/0,,,no,match
gnolang__gno,trivy,96,96,98,98,254,254,yes,255,254,130/262/124/96/296/0/98/294/0,130/262/124/96/296/0/98/294/0,,,no,match
gnolang__gno,cdxgen,96,96,98,98,254,254,yes,255,254,NA,NA,,,no,match
gnolang__gno,cyclonedx-gomod,96,96,98,98,254,254,yes,255,254,98/0/156/96/2/0/96/2/2,98/0/156/96/2/0/96/2/2,,,no,match
go-acme__lego,syft,208,208,208,208,677,677,yes,678,677,261/1/416/208/54/0/208/54/0,261/1/416/208/54/0/208/54/0,,,no,match
go-acme__lego,trivy,208,208,208,208,677,677,yes,678,677,216/2/461/208/10/0/208/10/0,216/2/461/208/10/0/208/10/0,,,no,match
go-acme__lego,cdxgen,208,208,208,208,677,677,yes,678,677,208/1/469/208/1/0/208/1/0,208/1/469/208/1/0/208/1/0,,,no,match
go-acme__lego,cyclonedx-gomod,208,208,208,208,677,677,yes,678,677,213/0/464/206/7/2/206/7/2,213/0/464/206/7/2/206/7/2,,,no,match
go-beans__go,syft,5,5,9,9,10,10,yes,11,10,10/0/0/5/5/0/9/1/0,10/0/0/5/5/0/9/1/0,,,no,match
go-beans__go,trivy,5,5,9,9,10,10,yes,11,10,9/0/1/5/4/0/9/0/0,9/0/1/5/4/0/9/0/0,,,no,match
go-beans__go,cdxgen,5,5,9,9,10,10,yes,11,10,5/0/5/5/0/0/5/0/4,5/0/5/5/0/0/5/0/4,,,no,match
go-beans__go,cyclonedx-gomod,5,5,9,9,10,10,yes,11,10,5/0/5/5/0/0/5/0/4,5/0/5/5/0/0/5/0/4,,,no,match
go-co-op__gocron,syft,3,3,8,8,14,14,yes,15,14,11/3/3/3/11/0/8/6/0,11/3/3/3/11/0/8/6/0,,,no,match
go-co-op__gocron,trivy,3,3,8,8,14,14,yes,15,14,10/3/4/3/10/0/8/5/0,10/3/4/3/10/0/8/5/0,,,no,match
go-co-op__gocron,cdxgen,3,3,8,8,14,14,yes,15,14,3/2/11/3/2/0/3/2/5,3/2/11/3/2/0/3/2/5,,,no,match
go-co-op__gocron,cyclonedx-gomod,3,3,8,8,14,14,yes,15,14,3/0/11/3/0/0/3/0/5,3/0/11/3/0/0/3/0/5,,,no,match
go-critic__go-critic,syft,19,19,19,19,24,24,yes,25,24,19/2/5/19/2/0/19/2/0,19/2/5/19/2/0/19/2/0,,,no,match
go-critic__go-critic,trivy,19,19,19,19,24,24,yes,25,24,22/9/2/19/12/0/19/12/0,22/9/2/19/12/0/19/12/0,,,no,match
go-critic__go-critic,cdxgen,19,19,19,19,24,24,yes,25,24,19/2/5/19/2/0/19/2/0,19/2/5/19/2/0/19/2/0,,,no,match
go-critic__go-critic,cyclonedx-gomod,19,19,19,19,24,24,yes,25,24,19/0/5/19/0/0/19/0/0,19/0/5/19/0/0/19/0/0,,,no,match
go-eagle__eagle,syft,185,185,188,188,823,823,yes,824,823,256/9/567/185/80/0/188/77/0,256/9/567/185/80/0/188/77/0,,,no,match
go-eagle__eagle,trivy,185,185,188,188,823,823,yes,824,823,238/7/585/185/60/0/188/57/0,238/7/585/185/60/0/188/57/0,,,no,match
go-eagle__eagle,cdxgen,185,185,188,188,823,823,yes,824,823,192/5/631/185/12/0/185/12/3,192/5/631/185/12/0/185/12/3,,,no,match
go-eagle__eagle,cyclonedx-gomod,185,185,188,188,823,823,yes,824,823,200/0/623/185/15/0/185/15/3,200/0/623/185/15/0/185/15/3,,,no,match
go-ego__gse,syft,1,1,2,2,2,2,yes,3,2,2/0/0/1/1/0/2/0/0,2/0/0/1/1/0/2/0/0,,,no,match
go-ego__gse,trivy,1,1,2,2,2,2,yes,3,2,2/0/0/1/1/0/2/0/0,2/0/0/1/1/0/2/0/0,,,no,match
go-ego__gse,cdxgen,1,1,2,2,2,2,yes,3,2,1/0/1/1/0/0/1/0/1,1/0/1/1/0/0/1/0/1,,,no,match
go-ego__gse,cyclonedx-gomod,1,1,2,2,2,2,yes,3,2,1/0/1/1/0/0/1/0/1,1/0/1/1/0/0/1/0/1,,,no,match
go-external-config__aws,syft,21,21,21,21,25,25,yes,26,25,25/0/0/21/4/0/21/4/0,25/0/0/21/4/0/21/4/0,,,no,match
go-external-config__aws,trivy,21,21,21,21,25,25,yes,26,25,21/0/4/21/0/0/21/0/0,21/0/4/21/0/0/21/0/0,,,no,match
go-external-config__aws,cdxgen,21,21,21,21,25,25,yes,26,25,21/0/4/21/0/0/21/0/0,21/0/4/21/0/0/21/0/0,,,no,match
go-external-config__aws,cyclonedx-gomod,21,21,21,21,25,25,yes,26,25,21/0/4/21/0/0/21/0/0,21/0/4/21/0/0/21/0/0,,,no,match
go-external-config__consul,syft,21,21,21,21,103,103,yes,104,103,42/0/61/21/21/0/21/21/0,42/0/61/21/21/0/21/21/0,,,no,match
go-external-config__consul,trivy,21,21,21,21,103,103,yes,104,103,23/0/80/21/2/0/21/2/0,23/0/80/21/2/0/21/2/0,,,no,match
go-external-config__consul,cdxgen,21,21,21,21,103,103,yes,104,103,21/0/82/21/0/0/21/0/0,21/0/82/21/0/0/21/0/0,,,no,match
go-external-config__consul,cyclonedx-gomod,21,21,21,21,103,103,yes,104,103,22/0/81/21/1/0/21/1/0,22/0/81/21/1/0/21/1/0,,,no,match
go-external-config__go,syft,4,4,7,7,9,9,yes,10,9,8/0/1/4/4/0/7/1/0,8/0/1/4/4/0/7/1/0,,,no,match
go-external-config__go,trivy,4,4,7,7,9,9,yes,10,9,7/0/2/4/3/0/7/0/0,7/0/2/4/3/0/7/0/0,,,no,match
go-external-config__go,cdxgen,4,4,7,7,9,9,yes,10,9,4/0/5/4/0/0/4/0/3,4/0/5/4/0/0/4/0/3,,,no,match
go-external-config__go,cyclonedx-gomod,4,4,7,7,9,9,yes,10,9,4/0/5/4/0/0/4/0/3,4/0/5/4/0/0/4/0/3,,,no,match
go-external-config__vault,syft,22,22,22,22,59,59,yes,60,59,36/0/23/22/14/0/22/14/0,36/0/23/22/14/0/22/14/0,,,no,match
go-external-config__vault,trivy,22,22,22,22,59,59,yes,60,59,29/0/30/22/7/0/22/7/0,29/0/30/22/7/0/22/7/0,,,no,match
go-external-config__vault,cdxgen,22,22,22,22,59,59,yes,60,59,22/0/37/22/0/0/22/0/0,22/0/37/22/0/0/22/0/0,,,no,match
go-external-config__vault,cyclonedx-gomod,22,22,22,22,59,59,yes,60,59,24/0/35/22/2/0/22/2/0,24/0/35/22/2/0/22/2/0,,,no,match
go-fuego__fuego,syft,18,18,22,22,340,340,yes,341,340,142/0/198/18/124/0/22/120/0,142/0/198/18/124/0/22/120/0,,,no,match
go-fuego__fuego,trivy,18,18,22,22,340,340,yes,341,340,120/0/220/18/102/0/22/98/0,120/0/220/18/102/0/22/98/0,,,no,match
go-fuego__fuego,cdxgen,18,18,22,22,340,340,yes,341,340,78/0/262/18/60/0/21/57/1,78/0/262/18/60/0/21/57/1,,,no,match
go-fuego__fuego,cyclonedx-gomod,18,18,22,22,340,340,yes,341,340,112/0/228/18/94/0/19/93/3,112/0/228/18/94/0/19/93/3,,,no,match
go-furnace__go-furnace,syft,34,34,34,34,66,66,yes,68,66,42/0/24/34/8/0/34/8/0,42/0/24/34/8/0/34/8/0,,,no,match
go-furnace__go-furnace,trivy,34,34,34,34,66,66,yes,68,66,66/0/0/34/32/0/34/32/0,66/0/0/34/32/0/34/32/0,,,no,match
go-furnace__go-furnace,cdxgen,34,34,34,34,66,66,yes,68,66,34/0/32/34/0/0/34/0/0,34/0/32/34/0/0/34/0/0,,,no,match
go-furnace__go-furnace,cyclonedx-gomod,34,34,34,34,66,66,yes,68,66,35/0/31/34/1/0/34/1/0,35/0/31/34/1/0/34/1/0,,,no,match
go-git__go-git,syft,18,18,22,22,34,34,yes,35,34,27/0/7/18/9/0/22/5/0,27/0/7/18/9/0/22/5/0,,,no,match
go-git__go-git,trivy,18,18,22,22,34,34,yes,35,34,23/0/11/18/5/0/22/1/0,23/0/11/18/5/0/22/1/0,,,no,match
go-git__go-git,cdxgen,18,18,22,22,34,34,yes,35,34,18/0/16/18/0/0/18/0/4,18/0/16/18/0/0/18/0/4,,,no,match
go-git__go-git,cyclonedx-gomod,18,18,22,22,34,34,yes,35,34,16/0/18/15/1/3/15/1/7,16/0/18/15/1/3/15/1/7,,,no,match
go-gitea__gitea,syft,258,258,258,258,707,707,yes,708,707,335/0/372/258/77/0/258/77/0,335/0/372/258/77/0/258/77/0,,,no,match
go-gitea__gitea,trivy,258,258,258,258,707,707,yes,708,707,268/0/439/258/10/0/258/10/0,268/0/439/258/10/0/258/10/0,,,no,match
go-gitea__gitea,cdxgen,258,258,258,258,707,707,yes,708,707,258/0/449/258/0/0/258/0/0,258/0/449/258/0/0/258/0/0,,,no,match
go-gitea__gitea,cyclonedx-gomod,258,258,258,258,707,707,yes,708,707,267/0/440/258/9/0/258/9/0,267/0/440/258/9/0/258/9/0,,,no,match
go-gorm__gorm,syft,3,3,5,5,8,8,yes,9,8,6/37/2/3/40/0/5/38/0,6/37/2/3/40/0/5/38/0,,,no,match
go-gorm__gorm,trivy,3,3,5,5,8,8,yes,9,8,6/23/2/3/26/0/5/24/0,6/23/2/3/26/0/5/24/0,,,no,match
go-gorm__gorm,cdxgen,3,3,5,5,8,8,yes,9,8,3/0/5/3/0/0/3/0/2,3/0/5/3/0/0/3/0/2,,,no,match
go-gorm__gorm,cyclonedx-gomod,3,3,5,5,8,8,yes,9,8,3/0/5/3/0/0/3/0/2,3/0/5/3/0/0/3/0/2,,,no,match
go-gormigrate__gormigrate,syft,4,4,4,4,9,9,yes,10,9,7/35/2/4/38/0/4/38/0,7/35/2/4/38/0/4/38/0,,,no,match
go-gormigrate__gormigrate,trivy,4,4,4,4,9,9,yes,10,9,7/31/2/4/34/0/4/34/0,7/31/2/4/34/0/4/34/0,,,no,match
go-gormigrate__gormigrate,cdxgen,4,4,4,4,9,9,yes,10,9,4/0/5/4/0/0/4/0/0,4/0/5/4/0/0/4/0/0,,,no,match
go-gormigrate__gormigrate,cyclonedx-gomod,4,4,4,4,9,9,yes,10,9,4/0/5/4/0/0/4/0/0,4/0/5/4/0/0/4/0/0,,,no,match
go-goyave__goyave,syft,77,77,81,81,384,384,yes,385,384,118/0/266/77/41/0/81/37/0,118/0/266/77/41/0/81/37/0,,,no,match
go-goyave__goyave,trivy,77,77,81,81,384,384,yes,385,384,84/0/300/77/7/0/81/3/0,84/0/300/77/7/0/81/3/0,,,no,match
go-goyave__goyave,cdxgen,77,77,81,81,384,384,yes,385,384,77/0/307/77/0/0/77/0/4,77/0/307/77/0/0/77/0/4,,,no,match
go-goyave__goyave,cyclonedx-gomod,77,77,81,81,384,384,yes,385,384,80/0/304/77/3/0/77/3/4,80/0/304/77/3/0/77/3/4,,,no,match
go-hep__hep,syft,55,55,58,58,93,93,yes,94,93,69/0/24/55/14/0/58/11/0,69/0/24/55/14/0/58/11/0,,,no,match
go-hep__hep,trivy,55,55,58,58,93,93,yes,94,93,61/0/32/55/6/0/58/3/0,61/0/32/55/6/0/58/3/0,,,no,match
go-hep__hep,cdxgen,55,55,58,58,93,93,yes,94,93,55/0/38/55/0/0/55/0/3,55/0/38/55/0/0/55/0/3,,,no,match
go-hep__hep,cyclonedx-gomod,55,55,58,58,93,93,yes,94,93,58/0/35/55/3/0/55/3/3,58/0/35/55/3/0/55/3/3,,,no,match
go-jet__jet,syft,10,10,10,10,21,21,yes,22,21,15/23/6/10/28/0/10/28/0,15/23/6/10/28/0/10/28/0,,,no,match
go-jet__jet,trivy,10,10,10,10,21,21,yes,22,21,15/23/6/10/28/0/10/28/0,15/23/6/10/28/0/10/28/0,,,no,match
go-jet__jet,cdxgen,10,10,10,10,21,21,yes,22,21,10/6/11/10/6/0/10/6/0,10/6/11/10/6/0/10/6/0,,,no,match
go-jet__jet,cyclonedx-gomod,10,10,10,10,21,21,yes,22,21,10/0/11/10/0/0/10/0/0,10/0/11/10/0/0/10/0/0,,,no,match
go-kata__kinit,syft,2,2,2,2,2,2,yes,3,2,2/0/0/2/0/0/2/0/0,2/0/0/2/0/0/2/0/0,,,no,match
go-kata__kinit,trivy,2,2,2,2,2,2,yes,3,2,2/0/0/2/0/0/2/0/0,2/0/0/2/0/0/2/0/0,,,no,match
go-kata__kinit,cdxgen,2,2,2,2,2,2,yes,3,2,2/0/0/2/0/0/2/0/0,2/0/0/2/0/0/2/0/0,,,no,match
go-kata__kinit,cyclonedx-gomod,2,2,2,2,2,2,yes,3,2,2/0/0/2/0/0/2/0/0,2/0/0/2/0/0/2/0/0,,,no,match
go-kit__kit,syft,78,78,83,83,229,229,yes,230,229,113/0/116/78/35/0/83/30/0,113/0/116/78/35/0/83/30/0,,,no,match
go-kit__kit,trivy,78,78,83,83,229,229,yes,230,229,84/0/145/78/6/0/83/1/0,84/0/145/78/6/0/83/1/0,,,no,match
go-kit__kit,cdxgen,78,78,83,83,229,229,yes,230,229,78/0/151/78/0/0/78/0/5,78/0/151/78/0/0/78/0/5,,,no,match
go-kit__kit,cyclonedx-gomod,78,78,83,83,229,229,yes,230,229,78/0/151/77/1/1/77/1/6,78/0/151/77/1/1/77/1/6,,,no,match
go-kivik__kivik,syft,32,32,38,38,380,380,yes,381,380,157/0/223/32/125/0/38/119/0,157/0/223/32/125/0/38/119/0,,,no,match
go-kivik__kivik,trivy,32,32,38,38,380,380,yes,381,380,126/0/254/32/94/0/38/88/0,126/0/254/32/94/0/38/88/0,,,no,match
go-kivik__kivik,cdxgen,32,32,38,38,380,380,yes,381,380,84/0/296/32/52/0/32/52/6,84/0/296/32/52/0/32/52/6,,,no,match
go-kivik__kivik,cyclonedx-gomod,32,32,38,38,380,380,yes,381,380,102/0/278/32/70/0/32/70/6,102/0/278/32/70/0/32/70/6,,,no,match
go-kod__kod,syft,52,52,55,55,93,93,yes,94,93,70/21/23/52/39/0/55/36/0,70/21/23/52/39/0/55/36/0,,,no,match
go-kod__kod,trivy,52,52,55,55,93,93,yes,94,93,62/21/31/52/31/0/55/28/0,62/21/31/52/31/0/55/28/0,,,no,match
go-kod__kod,cdxgen,52,52,55,55,93,93,yes,94,93,53/10/40/52/11/0/52/11/3,53/10/40/52/11/0/52/11/3,,,no,match
go-kod__kod,cyclonedx-gomod,52,52,55,55,93,93,yes,94,93,55/0/38/49/6/3/49/6/6,55/0/38/49/6/3/49/6/6,,,no,match
go-kratos__kratos,syft,14,14,14,14,52,52,yes,53,52,40/233/12/14/259/0/14/259/0,40/233/12/14/259/0/14/259/0,,,no,match
go-kratos__kratos,trivy,14,14,14,14,52,52,yes,53,52,35/208/17/14/229/0/14/229/0,35/208/17/14/229/0/14/229/0,,,no,match
go-kratos__kratos,cdxgen,14,14,14,14,52,52,yes,53,52,29/163/23/14/178/0/14/178/0,29/163/23/14/178/0/14/178/0,,,no,match
go-kratos__kratos,cyclonedx-gomod,14,14,14,14,52,52,yes,53,52,14/0/38/14/0/0/14/0/0,14/0/38/14/0/0/14/0/0,,,no,match
go-lark__lark,syft,1,1,6,6,8,8,yes,9,8,7/1/1/1/7/0/6/2/0,7/1/1/1/7/0/6/2/0,,,no,match
go-lark__lark,trivy,1,1,6,6,8,8,yes,9,8,8/1/0/1/8/0/6/3/0,8/1/0/1/8/0/6/3/0,,,no,match
go-lark__lark,cdxgen,1,1,6,6,8,8,yes,9,8,1/0/7/1/0/0/1/0/5,1/0/7/1/0/0/1/0/5,,,no,match
go-lark__lark,cyclonedx-gomod,1,1,6,6,8,8,yes,9,8,1/0/7/1/0/0/1/0/5,1/0/7/1/0/0/1/0/5,,,no,match
go-music-theory__music-theory,syft,2,2,5,5,6,6,yes,7,6,6/0/0/2/4/0/5/1/0,6/0/0/2/4/0/5/1/0,,,no,match
go-music-theory__music-theory,trivy,2,2,5,5,6,6,yes,7,6,6/0/0/2/4/0/5/1/0,6/0/0/2/4/0/5/1/0,,,no,match
go-music-theory__music-theory,cdxgen,2,2,5,5,6,6,yes,7,6,2/0/4/2/0/0/2/0/3,2/0/4/2/0/0/2/0/3,,,no,match
go-music-theory__music-theory,cyclonedx-gomod,2,2,5,5,6,6,yes,7,6,2/0/4/2/0/0/2/0/3,2/0/4/2/0/0/2/0/3,,,no,match
go-nunu__nunu,syft,12,12,12,12,33,33,yes,34,33,19/0/14/12/7/0/12/7/0,19/0/14/12/7/0/12/7/0,,,no,match
go-nunu__nunu,trivy,12,12,12,12,33,33,yes,34,33,33/0/0/12/21/0/12/21/0,33/0/0/12/21/0/12/21/0,,,no,match
go-nunu__nunu,cdxgen,12,12,12,12,33,33,yes,34,33,12/0/21/12/0/0/12/0/0,12/0/21/12/0/0/12/0/0,,,no,match
go-nunu__nunu,cyclonedx-gomod,12,12,12,12,33,33,yes,34,33,13/0/20/12/1/0/12/1/0,13/0/20/12/1/0/12/1/0,,,no,match
go-oas__docs,syft,1,1,1,1,5,5,yes,6,5,4/0/1/1/3/0/1/3/0,4/0/1/1/3/0/1/3/0,,,no,match
go-oas__docs,trivy,1,1,1,1,5,5,yes,6,5,3/0/2/1/2/0/1/2/0,3/0/2/1/2/0/1/2/0,,,no,match
go-oas__docs,cdxgen,1,1,1,1,5,5,yes,6,5,1/0/4/1/0/0/1/0/0,1/0/4/1/0/0/1/0/0,,,no,match
go-oas__docs,cyclonedx-gomod,1,1,1,1,5,5,yes,6,5,1/0/4/1/0/0/1/0/0,1/0/4/1/0/0/1/0/0,,,no,match
go-ozzo__ozzo-routing,syft,2,2,6,6,9,9,yes,10,9,8/0/1/2/6/0/6/2/0,8/0/1/2/6/0/6/2/0,,,no,match
go-ozzo__ozzo-routing,trivy,2,2,6,6,9,9,yes,10,9,9/0/0/2/7/0/6/3/0,9/0/0/2/7/0/6/3/0,,,no,match
go-ozzo__ozzo-routing,cdxgen,2,2,6,6,9,9,yes,10,9,2/0/7/2/0/0/2/0/4,2/0/7/2/0/0/2/0/4,,,no,match
go-ozzo__ozzo-routing,cyclonedx-gomod,2,2,6,6,9,9,yes,10,9,2/0/7/2/0/0/2/0/4,2/0/7/2/0/0/2/0/4,,,no,match
go-ozzo__ozzo-validation,syft,1,1,5,5,7,7,yes,8,7,6/0/1/1/5/0/5/1/0,6/0/1/1/5/0/5/1/0,,,no,match
go-ozzo__ozzo-validation,trivy,1,1,5,5,7,7,yes,8,7,7/0/0/1/6/0/5/2/0,7/0/0/1/6/0/5/2/0,,,no,match
go-ozzo__ozzo-validation,cdxgen,1,1,5,5,7,7,yes,8,7,1/0/6/1/0/0/1/0/4,1/0/6/1/0/0/1/0/4,,,no,match
go-ozzo__ozzo-validation,cyclonedx-gomod,1,1,5,5,7,7,yes,8,7,1/0/6/1/0/0/1/0/4,1/0/6/1/0/0/1/0/4,,,no,match
go-playground__log,syft,4,4,4,4,8,8,yes,9,8,4/0/4/4/0/0/4/0/0,4/0/4/4/0/0/4/0/0,,,no,match
go-playground__log,trivy,4,4,4,4,8,8,yes,9,8,4/0/4/4/0/0/4/0/0,4/0/4/4/0/0/4/0/0,,,no,match
go-playground__log,cdxgen,4,4,4,4,8,8,yes,9,8,4/0/4/4/0/0/4/0/0,4/0/4/4/0/0/4/0/0,,,no,match
go-playground__log,cyclonedx-gomod,4,4,4,4,8,8,yes,9,8,4/0/4/4/0/0/4/0/0,4/0/4/4/0/0/4/0/0,,,no,match
go-playground__pure,syft,3,3,3,3,3,3,yes,4,3,3/0/0/3/0/0/3/0/0,3/0/0/3/0/0/3/0/0,,,no,match
go-playground__pure,trivy,3,3,3,3,3,3,yes,4,3,3/0/0/3/0/0/3/0/0,3/0/0/3/0/0/3/0/0,,,no,match
go-playground__pure,cdxgen,3,3,3,3,3,3,yes,4,3,3/0/0/3/0/0/3/0/0,3/0/0/3/0/0/3/0/0,,,no,match
go-playground__pure,cyclonedx-gomod,3,3,3,3,3,3,yes,4,3,3/0/0/3/0/0/3/0/0,3/0/0/3/0/0/3/0/0,,,no,match
go-playground__validator,syft,7,7,8,8,17,17,yes,18,17,13/1/4/7/7/0/8/6/0,13/1/4/7/7/0/8/6/0,,,no,match
go-playground__validator,trivy,7,7,8,8,17,17,yes,18,17,9/1/8/7/3/0/8/2/0,9/1/8/7/3/0/8/2/0,,,no,match
go-playground__validator,cdxgen,7,7,8,8,17,17,yes,18,17,9/1/8/7/3/0/8/2/0,9/1/8/7/3/0/8/2/0,,,no,match
go-playground__validator,cyclonedx-gomod,7,7,8,8,17,17,yes,18,17,7/0/10/7/0/0/7/0/1,7/0/10/7/0/0/7/0/1,,,no,match
go-playground__webhooks,syft,1,1,5,5,7,7,yes,8,7,6/0/1/1/5/0/5/1/0,6/0/1/1/5/0/5/1/0,,,no,match
go-playground__webhooks,trivy,1,1,5,5,7,7,yes,8,7,5/0/2/1/4/0/5/0/0,5/0/2/1/4/0/5/0/0,,,no,match
go-playground__webhooks,cdxgen,1,1,5,5,7,7,yes,8,7,1/0/6/1/0/0/1/0/4,1/0/6/1/0/0/1/0/4,,,no,match
go-playground__webhooks,cyclonedx-gomod,1,1,5,5,7,7,yes,8,7,1/0/6/1/0/0/1/0/4,1/0/6/1/0/0/1/0/4,,,no,match
go-reform__reform,syft,10,10,15,15,25,25,yes,26,25,23/172/2/10/185/0/15/180/0,23/172/2/10/185/0/15/180/0,,,no,match
go-reform__reform,trivy,10,10,15,15,25,25,yes,26,25,22/173/3/10/185/0/15/180/0,22/173/3/10/185/0/15/180/0,,,no,match
go-reform__reform,cdxgen,10,10,15,15,25,25,yes,26,25,17/172/8/10/179/0/14/175/1,17/172/8/10/179/0/14/175/1,,,no,match
go-reform__reform,cyclonedx-gomod,10,10,15,15,25,25,yes,26,25,9/0/16/9/0/1/9/0/6,9/0/16/9/0/1/9/0/6,,,no,match
go-rel__rel,syft,2,2,7,7,28,28,yes,29,28,17/0/11/2/15/0/7/10/0,17/0/11/2/15/0/7/10/0,,,no,match
go-rel__rel,trivy,2,2,7,7,28,28,yes,29,28,9/0/19/2/7/0/7/2/0,9/0/19/2/7/0/7/2/0,,,no,match
go-rel__rel,cdxgen,2,2,7,7,28,28,yes,29,28,2/0/26/2/0/0/2/0/5,2/0/26/2/0/0/2/0/5,,,no,match
go-rel__rel,cyclonedx-gomod,2,2,7,7,28,28,yes,29,28,2/0/26/2/0/0/2/0/5,2/0/26/2/0/0/2/0/5,,,no,match
go-resty__resty,syft,1,1,1,1,5,5,yes,6,5,1/0/4/1/0/0/1/0/0,1/0/4/1/0/0/1/0/0,,,no,match
go-resty__resty,trivy,1,1,1,1,5,5,yes,6,5,1/0/4/1/0/0/1/0/0,1/0/4/1/0/0/1/0/0,,,no,match
go-resty__resty,cdxgen,1,1,1,1,5,5,yes,6,5,1/0/4/1/0/0/1/0/0,1/0/4/1/0/0/1/0/0,,,no,match
go-resty__resty,cyclonedx-gomod,1,1,1,1,5,5,yes,6,5,1/0/4/1/0/0/1/0/0,1/0/4/1/0/0/1/0/0,,,no,match
go-rod__rod,syft,6,6,7,7,14,14,yes,15,14,14/0/0/6/8/0/7/7/0,14/0/0/6/8/0/7/7/0,,,no,match
go-rod__rod,trivy,6,6,7,7,14,14,yes,15,14,14/0/0/6/8/0/7/7/0,14/0/0/6/8/0/7/7/0,,,no,match
go-rod__rod,cdxgen,6,6,7,7,14,14,yes,15,14,9/0/5/6/3/0/6/3/1,9/0/5/6/3/0/6/3/1,,,no,match
go-rod__rod,cyclonedx-gomod,6,6,7,7,14,14,yes,15,14,13/0/1/6/7/0/6/7/1,13/0/1/6/7/0/6/7/1,,,no,match
go-sigma__sigma,syft,486,486,491,491,1283,1283,yes,1284,1283,647/0/636/486/161/0/491/156/0,647/0/636/486/161/0/491/156/0,,,no,match
go-sigma__sigma,trivy,486,486,491,491,1283,1283,yes,1284,1283,526/0/757/486/40/0/491/35/0,526/0/757/486/40/0/491/35/0,,,no,match
go-sigma__sigma,cdxgen,486,486,491,491,1283,1283,yes,1284,1283,486/0/797/486/0/0/486/0/5,486/0/797/486/0/0/486/0/5,,,no,match
go-sigma__sigma,cyclonedx-gomod,486,486,491,491,1283,1283,yes,1284,1283,515/0/768/484/31/2/484/31/7,515/0/768/484/31/2/484/31/7,,,no,match
go-sonic__sonic,syft,97,97,97,97,211,211,yes,212,211,140/0/71/97/43/0/97/43/0,140/0/71/97/43/0/97/43/0,,,no,match
go-sonic__sonic,trivy,97,97,97,97,211,211,yes,212,211,112/0/99/97/15/0/97/15/0,112/0/99/97/15/0/97/15/0,,,no,match
go-sonic__sonic,cdxgen,97,97,97,97,211,211,yes,212,211,97/0/114/97/0/0/97/0/0,97/0/114/97/0/0/97/0/0,,,no,match
go-sonic__sonic,cyclonedx-gomod,97,97,97,97,211,211,yes,212,211,109/0/102/97/12/0/97/12/0,109/0/102/97/12/0/97/12/0,,,no,match
go-spring__spring-core,syft,15,15,15,15,41,41,yes,42,41,23/0/18/15/8/0/15/8/0,23/0/18/15/8/0/15/8/0,,,no,match
go-spring__spring-core,trivy,15,15,15,15,41,41,yes,42,41,17/0/24/15/2/0/15/2/0,17/0/24/15/2/0/15/2/0,,,no,match
go-spring__spring-core,cdxgen,15,15,15,15,41,41,yes,42,41,15/0/26/15/0/0/15/0/0,15/0/26/15/0/0/15/0/0,,,no,match
go-spring__spring-core,cyclonedx-gomod,15,15,15,15,41,41,yes,42,41,17/0/24/15/2/0/15/2/0,17/0/24/15/2/0/15/2/0,,,no,match
go-sprout__sprout,syft,13,13,14,14,26,26,yes,27,26,21/6/5/13/14/0/14/13/0,21/6/5/13/14/0/14/13/0,,,no,match
go-sprout__sprout,trivy,13,13,14,14,26,26,yes,27,26,15/6/11/13/8/0/14/7/0,15/6/11/13/8/0/14/7/0,,,no,match
go-sprout__sprout,cdxgen,13,13,14,14,26,26,yes,27,26,13/0/13/13/0/0/13/0/1,13/0/13/13/0/0/13/0/1,,,no,match
go-sprout__sprout,cyclonedx-gomod,13,13,14,14,26,26,yes,27,26,13/0/13/13/0/0/13/0/1,13/0/13/13/0/0/13/0/1,,,no,match
go-sql-driver__mysql,syft,1,1,1,1,1,1,yes,2,1,1/0/0/1/0/0/1/0/0,1/0/0/1/0/0/1/0/0,,,no,match
go-sql-driver__mysql,trivy,1,1,1,1,1,1,yes,2,1,1/0/0/1/0/0/1/0/0,1/0/0/1/0/0/1/0/0,,,no,match
go-sql-driver__mysql,cdxgen,1,1,1,1,1,1,yes,2,1,1/0/0/1/0/0/1/0/0,1/0/0/1/0/0/1/0/0,,,no,match
go-sql-driver__mysql,cyclonedx-gomod,1,1,1,1,1,1,yes,2,1,1/0/0/1/0/0/1/0/0,1/0/0/1/0/0/1/0/0,,,no,match
go-swagger__go-swagger,syft,66,66,66,66,92,92,yes,93,92,75/0/17/66/9/0/66/9/0,75/0/17/66/9/0/66/9/0,,,no,match
go-swagger__go-swagger,trivy,66,66,66,66,92,92,yes,93,92,70/0/22/66/4/0/66/4/0,70/0/22/66/4/0/66/4/0,,,no,match
go-swagger__go-swagger,cdxgen,66,66,66,66,92,92,yes,93,92,66/0/26/66/0/0/66/0/0,66/0/26/66/0/0/66/0/0,,,no,match
go-swagger__go-swagger,cyclonedx-gomod,66,66,66,66,92,92,yes,93,92,66/0/26/66/0/0/66/0/0,66/0/26/66/0/0/66/0/0,,,no,match
go-task__task,syft,123,123,125,125,387,387,yes,388,387,151/0/236/123/28/0/125/26/0,151/0/236/123/28/0/125/26/0,,,no,match
go-task__task,trivy,123,123,125,125,387,387,yes,388,387,127/0/260/123/4/0/125/2/0,127/0/260/123/4/0/125/2/0,,,no,match
go-task__task,cdxgen,123,123,125,125,387,387,yes,388,387,123/0/264/123/0/0/123/0/2,123/0/264/123/0/0/123/0/2,,,no,match
go-task__task,cyclonedx-gomod,123,123,125,125,387,387,yes,388,387,123/0/264/122/1/1/122/1/3,123/0/264/122/1/1/122/1/3,,,no,match
go-testfixtures__testfixtures,syft,2,2,2,2,346,346,yes,347,346,153/0/193/2/151/0/2/151/0,153/0/193/2/151/0/2/151/0,,,no,match
go-testfixtures__testfixtures,trivy,2,2,2,2,346,346,yes,347,346,123/0/223/2/121/0/2/121/0,123/0/223/2/121/0/2/121/0,,,no,match
go-testfixtures__testfixtures,cdxgen,2,2,2,2,346,346,yes,347,346,10/0/336/2/8/0/2/8/0,10/0/336/2/8/0/2/8/0,,,no,match
go-testfixtures__testfixtures,cyclonedx-gomod,2,2,2,2,346,346,yes,347,346,12/0/334/2/10/0/2/10/0,12/0/334/2/10/0/2/10/0,,,no,match
go-the-way__exl,syft,11,11,11,11,19,19,yes,20,19,12/0/7/11/1/0/11/1/0,12/0/7/11/1/0/11/1/0,,,no,match
go-the-way__exl,trivy,11,11,11,11,19,19,yes,20,19,11/0/8/11/0/0/11/0/0,11/0/8/11/0/0/11/0/0,,,no,match
go-the-way__exl,cdxgen,11,11,11,11,19,19,yes,20,19,11/0/8/11/0/0/11/0/0,11/0/8/11/0/0/11/0/0,,,no,match
go-the-way__exl,cyclonedx-gomod,11,11,11,11,19,19,yes,20,19,11/0/8/11/0/0/11/0/0,11/0/8/11/0/0/11/0/0,,,no,match
go-the-way__validator,syft,1,1,1,1,7,7,yes,8,7,6/0/1/1/5/0/1/5/0,6/0/1/1/5/0/1/5/0,,,no,match
go-the-way__validator,trivy,1,1,1,1,7,7,yes,8,7,7/0/0/1/6/0/1/6/0,7/0/0/1/6/0/1/6/0,,,no,match
go-the-way__validator,cdxgen,1,1,1,1,7,7,yes,8,7,1/0/6/1/0/0/1/0/0,1/0/6/1/0/0/1/0/0,,,no,match
go-the-way__validator,cyclonedx-gomod,1,1,1,1,7,7,yes,8,7,1/0/6/1/0/0/1/0/0,1/0/6/1/0/0/1/0/0,,,no,match
go-vgo__robotgo,syft,15,15,15,15,40,40,yes,41,40,28/0/12/15/13/0/15/13/0,28/0/12/15/13/0/15/13/0,,,no,match
go-vgo__robotgo,trivy,15,15,15,15,40,40,yes,41,40,24/0/16/15/9/0/15/9/0,24/0/16/15/9/0/15/9/0,,,no,match
go-vgo__robotgo,cdxgen,15,15,15,15,40,40,yes,41,40,15/0/25/15/0/0/15/0/0,15/0/25/15/0/0/15/0/0,,,no,match
go-vgo__robotgo,cyclonedx-gomod,15,15,15,15,40,40,yes,41,40,24/0/16/15/9/0/15/9/0,24/0/16/15/9/0/15/9/0,,,no,match
go-zoox__fetch,syft,7,7,9,9,15,15,yes,16,15,10/0/5/7/3/0/9/1/0,10/0/5/7/3/0/9/1/0,,,no,match
go-zoox__fetch,trivy,7,7,9,9,15,15,yes,16,15,9/0/6/7/2/0/9/0/0,9/0/6/7/2/0/9/0/0,,,no,match
go-zoox__fetch,cdxgen,7,7,9,9,15,15,yes,16,15,7/0/8/7/0/0/7/0/2,7/0/8/7/0/0/7/0/2,,,no,match
go-zoox__fetch,cyclonedx-gomod,7,7,9,9,15,15,yes,16,15,7/0/8/7/0/0/7/0/2,7/0/8/7/0/0/7/0/2,,,no,match
go2hx__go2hx,syft,1,1,1,1,5,5,yes,6,5,4/0/1/1/3/0/1/3/0,4/0/1/1/3/0/1/3/0,,,no,match
go2hx__go2hx,trivy,1,1,1,1,5,5,yes,6,5,3/0/2/1/2/0/1/2/0,3/0/2/1/2/0/1/2/0,,,no,match
go2hx__go2hx,cdxgen,1,1,1,1,5,5,yes,6,5,4/1/1/1/4/0/1/4/0,4/1/1/1/4/0/1/4/0,,,no,match
go2hx__go2hx,cyclonedx-gomod,1,1,1,1,5,5,yes,6,5,NA,NA,,,no,match
goadesign__goa,syft,20,20,30,30,70,70,yes,71,70,49/1/21/20/30/0/30/20/0,49/1/21/20/30/0/30/20/0,,,no,match
goadesign__goa,trivy,20,20,30,30,70,70,yes,71,70,34/1/36/20/15/0/30/5/0,34/1/36/20/15/0/30/5/0,,,no,match
goadesign__goa,cdxgen,20,20,30,30,70,70,yes,71,70,20/0/50/20/0/0/20/0/10,20/0/50/20/0/0/20/0/10,,,no,match
goadesign__goa,cyclonedx-gomod,20,20,30,30,70,70,yes,71,70,20/0/50/20/0/0/20/0/10,20/0/50/20/0/0/20/0/10,,,no,match
gobeam__mongo-go-pagination,syft,12,12,12,12,55,55,yes,56,55,22/0/33/12/10/0/12/10/0,22/0/33/12/10/0/12/10/0,,,no,match
gobeam__mongo-go-pagination,trivy,12,12,12,12,55,55,yes,56,55,55/0/0/12/43/0/12/43/0,55/0/0/12/43/0/12/43/0,,,no,match
gobeam__mongo-go-pagination,cdxgen,12,12,12,12,55,55,yes,56,55,12/0/43/12/0/0/12/0/0,12/0/43/12/0/0/12/0/0,,,no,match
gobeam__mongo-go-pagination,cyclonedx-gomod,12,12,12,12,55,55,yes,56,55,12/0/43/12/0/0/12/0/0,12/0/43/12/0/0/12/0/0,,,no,match
gobuffalo__pop,syft,50,50,54,54,71,71,yes,72,71,60/0/11/50/10/0/54/6/0,60/0/11/50/10/0/54/6/0,,,no,match
gobuffalo__pop,trivy,50,50,54,54,71,71,yes,72,71,57/0/14/50/7/0/54/3/0,57/0/14/50/7/0/54/3/0,,,no,match
gobuffalo__pop,cdxgen,50,50,54,54,71,71,yes,72,71,50/0/21/50/0/0/50/0/4,50/0/21/50/0/0/50/0/4,,,no,match
gobuffalo__pop,cyclonedx-gomod,50,50,54,54,71,71,yes,72,71,52/0/19/50/2/0/50/2/4,52/0/19/50/2/0/50/2/4,,,no,match
gobuffalo__validate,syft,2,2,6,6,8,8,yes,9,8,7/0/1/2/5/0/6/1/0,7/0/1/2/5/0/6/1/0,,,no,match
gobuffalo__validate,trivy,2,2,6,6,8,8,yes,9,8,8/0/0/2/6/0/6/2/0,8/0/0/2/6/0/6/2/0,,,no,match
gobuffalo__validate,cdxgen,2,2,6,6,8,8,yes,9,8,2/0/6/2/0/0/2/0/4,2/0/6/2/0/0/2/0/4,,,no,match
gobuffalo__validate,cyclonedx-gomod,2,2,6,6,8,8,yes,9,8,2/0/6/2/0/0/2/0/4,2/0/6/2/0/0/2/0/4,,,no,match
goccmack__gocc,syft,1,1,1,1,2,2,yes,3,2,1/0/1/1/0/0/1/0/0,1/0/1/1/0/0/1/0/0,,,no,match
goccmack__gocc,trivy,1,1,1,1,2,2,yes,3,2,1/0/1/1/0/0/1/0/0,1/0/1/1/0/0/1/0/0,,,no,match
goccmack__gocc,cdxgen,1,1,1,1,2,2,yes,3,2,1/0/1/1/0/0/1/0/0,1/0/1/1/0/0/1/0/0,,,no,match
goccmack__gocc,cyclonedx-gomod,1,1,1,1,2,2,yes,3,2,1/0/1/1/0/0/1/0/0,1/0/1/1/0/0/1/0/0,,,no,match
godror__godror,syft,5,5,11,11,23,23,yes,24,23,17/4/6/5/16/0/11/10/0,17/4/6/5/16/0/11/10/0,,,no,match
godror__godror,trivy,5,5,11,11,23,23,yes,24,23,13/4/10/5/12/0/11/6/0,13/4/10/5/12/0/11/6/0,,,no,match
godror__godror,cdxgen,5,5,11,11,23,23,yes,24,23,6/2/17/5/3/0/5/3/6,6/2/17/5/3/0/5/3/6,,,no,match
godror__godror,cyclonedx-gomod,5,5,11,11,23,23,yes,24,23,6/0/17/5/1/0/5/1/6,6/0/17/5/1/0/5/1/6,,,no,match
gofiber__fiber,syft,17,17,22,22,29,29,yes,30,29,24/0/5/17/7/0/22/2/0,24/0/5/17/7/0/22/2/0,,,no,match
gofiber__fiber,trivy,17,17,22,22,29,29,yes,30,29,22/0/7/17/5/0/22/0/0,22/0/7/17/5/0/22/0/0,,,no,match
gofiber__fiber,cdxgen,17,17,22,22,29,29,yes,30,29,17/0/12/17/0/0/17/0/5,17/0/12/17/0/0/17/0/5,,,no,match
gofiber__fiber,cyclonedx-gomod,17,17,22,22,29,29,yes,30,29,17/0/12/17/0/0/17/0/5,17/0/12/17/0/0/17/0/5,,,no,match
gofr-dev__gofr,syft,93,93,100,100,590,590,yes,591,590,288/0/302/93/195/0/100/188/0,288/0/302/93/195/0/100/188/0,,,no,match
gofr-dev__gofr,trivy,93,93,100,100,590,590,yes,591,590,244/0/346/93/151/0/100/144/0,244/0/346/93/151/0/100/144/0,,,no,match
gofr-dev__gofr,cdxgen,93,93,100,100,590,590,yes,591,590,193/0/397/93/100/0/93/100/7,193/0/397/93/100/0/93/100/7,,,no,match
gofr-dev__gofr,cyclonedx-gomod,93,93,100,100,590,590,yes,591,590,224/0/366/93/131/0/93/131/7,224/0/366/93/131/0/93/131/7,,,no,match
gogf__gf,syft,27,27,27,27,43,43,yes,44,43,42/213/1/27/228/0/27/228/0,42/213/1/27/228/0/27/228/0,,,no,match
gogf__gf,trivy,27,27,27,27,43,43,yes,44,43,35/181/8/27/189/0/27/189/0,35/181/8/27/189/0/27/189/0,,,no,match
gogf__gf,cdxgen,27,27,27,27,43,43,yes,44,43,NA,NA,,,no,match
gogf__gf,cyclonedx-gomod,27,27,27,27,43,43,yes,44,43,27/0/16/27/0/0/27/0/0,27/0/16/27/0/0/27/0/0,,,no,match
gogpu__gg,syft,6,6,8,8,12,12,yes,13,12,9/16/3/6/19/0/8/17/0,9/16/3/6/19/0/8/17/0,,,no,match
gogpu__gg,trivy,6,6,8,8,12,12,yes,13,12,9/15/3/6/18/0/8/16/0,9/15/3/6/18/0/8/16/0,,,no,match
gogpu__gg,cdxgen,6,6,8,8,12,12,yes,13,12,8/1/4/6/3/0/8/1/0,8/1/4/6/3/0/8/1/0,,,no,match
gogpu__gg,cyclonedx-gomod,6,6,8,8,12,12,yes,13,12,8/0/4/6/2/0/7/1/1,8/0/4/6/2/0/7/1/1,,,no,match
gogpu__gogpu,syft,6,6,6,6,7,7,yes,8,7,7/0/0/6/1/0/6/1/0,7/0/0/6/1/0/6/1/0,,,no,match
gogpu__gogpu,trivy,6,6,6,6,7,7,yes,8,7,7/0/0/6/1/0/6/1/0,7/0/0/6/1/0/6/1/0,,,no,match
gogpu__gogpu,cdxgen,6,6,6,6,7,7,yes,8,7,6/0/1/6/0/0/6/0/0,6/0/1/6/0/0/6/0/0,,,no,match
gogpu__gogpu,cyclonedx-gomod,6,6,6,6,7,7,yes,8,7,7/0/0/6/1/0/6/1/0,7/0/0/6/1/0/6/1/0,,,no,match
gogpu__systray,syft,1,1,1,1,3,3,yes,4,3,3/0/0/1/2/0/1/2/0,3/0/0/1/2/0/1/2/0,,,no,match
gogpu__systray,trivy,1,1,1,1,3,3,yes,4,3,3/0/0/1/2/0/1/2/0,3/0/0/1/2/0/1/2/0,,,no,match
gogpu__systray,cdxgen,1,1,1,1,3,3,yes,4,3,1/0/2/1/0/0/1/0/0,1/0/2/1/0/0/1/0/0,,,no,match
gogpu__systray,cyclonedx-gomod,1,1,1,1,3,3,yes,4,3,3/0/0/1/2/0/1/2/0,3/0/0/1/2/0/1/2/0,,,no,match
gogpu__ui,syft,11,11,11,11,15,15,yes,16,15,12/4/3/11/5/0/11/5/0,12/4/3/11/5/0/11/5/0,,,no,match
gogpu__ui,trivy,11,11,11,11,15,15,yes,16,15,12/4/3/11/5/0/11/5/0,12/4/3/11/5/0/11/5/0,,,no,match
gogpu__ui,cdxgen,11,11,11,11,15,15,yes,16,15,11/0/4/11/0/0/11/0/0,11/0/4/11/0/0/11/0/0,,,no,match
gogpu__ui,cyclonedx-gomod,11,11,11,11,15,15,yes,16,15,12/0/3/11/1/0/11/1/0,12/0/3/11/1/0/11/1/0,,,no,match
gogpu__wgpu,syft,5,5,5,5,6,6,yes,7,6,6/0/0/5/1/0/5/1/0,6/0/0/5/1/0/5/1/0,,,no,match
gogpu__wgpu,trivy,5,5,5,5,6,6,yes,7,6,6/0/0/5/1/0/5/1/0,6/0/0/5/1/0/5/1/0,,,no,match
gogpu__wgpu,cdxgen,5,5,5,5,6,6,yes,7,6,5/0/1/5/0/0/5/0/0,5/0/1/5/0/0/5/0/0,,,no,match
gogpu__wgpu,cyclonedx-gomod,5,5,5,5,6,6,yes,7,6,6/0/0/5/1/0/5/1/0,6/0/0/5/1/0/5/1/0,,,no,match
gographics__imagick,syft,1,1,1,1,1,1,yes,2,1,1/1/0/1/1/0/1/1/0,1/1/0/1/1/0/1/1/0,,,no,match
gographics__imagick,trivy,1,1,1,1,1,1,yes,2,1,1/1/0/1/1/0/1/1/0,1/1/0/1/1/0/1/1/0,,,no,match
gographics__imagick,cdxgen,1,1,1,1,1,1,yes,2,1,1/0/0/1/0/0/1/0/0,1/0/0/1/0/0/1/0/0,,,no,match
gographics__imagick,cyclonedx-gomod,1,1,1,1,1,1,yes,2,1,1/0/0/1/0/0/1/0/0,1/0/0/1/0/0/1/0/0,,,no,match
goioc__di,syft,2,2,6,6,8,8,yes,9,8,7/0/1/2/5/0/6/1/0,7/0/1/2/5/0/6/1/0,,,no,match
goioc__di,trivy,2,2,6,6,8,8,yes,9,8,6/0/2/2/4/0/6/0/0,6/0/2/2/4/0/6/0/0,,,no,match
goioc__di,cdxgen,2,2,6,6,8,8,yes,9,8,2/0/6/2/0/0/2/0/4,2/0/6/2/0/0/2/0/4,,,no,match
goioc__di,cyclonedx-gomod,2,2,6,6,8,8,yes,9,8,2/0/6/2/0/0/2/0/4,2/0/6/2/0/0/2/0/4,,,no,match
goioc__retro,syft,1,1,6,6,9,9,yes,10,9,7/0/2/1/6/0/6/1/0,7/0/2/1/6/0/6/1/0,,,no,match
goioc__retro,trivy,1,1,6,6,9,9,yes,10,9,6/0/3/1/5/0/6/0/0,6/0/3/1/5/0/6/0/0,,,no,match
goioc__retro,cdxgen,1,1,6,6,9,9,yes,10,9,1/0/8/1/0/0/1/0/5,1/0/8/1/0/0/1/0/5,,,no,match
goioc__retro,cyclonedx-gomod,1,1,6,6,9,9,yes,10,9,1/0/8/1/0/0/1/0/5,1/0/8/1/0/0/1/0/5,,,no,match
gojek__darkroom,syft,55,55,55,55,274,274,yes,275,274,79/0/195/55/24/0/55/24/0,79/0/195/55/24/0/55/24/0,,,no,match
gojek__darkroom,trivy,55,55,55,55,274,274,yes,275,274,66/0/208/55/11/0/55/11/0,66/0/208/55/11/0/55/11/0,,,no,match
gojek__darkroom,cdxgen,55,55,55,55,274,274,yes,275,274,55/0/219/55/0/0/55/0/0,55/0/219/55/0/0/55/0/0,,,no,match
gojek__darkroom,cyclonedx-gomod,55,55,55,55,274,274,yes,275,274,63/0/211/54/9/1/54/9/1,63/0/211/54/9/1/54/9/1,,,no,match
gojektech__heimdall,syft,6,6,6,6,7,7,yes,8,7,7/0/0/6/1/0/6/1/0,7/0/0/6/1/0/6/1/0,,,no,match
gojektech__heimdall,trivy,6,6,6,6,7,7,yes,8,7,6/0/1/6/0/0/6/0/0,6/0/1/6/0/0/6/0/0,,,no,match
gojektech__heimdall,cdxgen,6,6,6,6,7,7,yes,8,7,6/0/1/6/0/0/6/0/0,6/0/1/6/0/0/6/0/0,,,no,match
gojektech__heimdall,cyclonedx-gomod,6,6,6,6,7,7,yes,8,7,5/0/2/5/0/1/5/0/1,5/0/2/5/0/1/5/0/1,,,no,match
gojuno__minimock,syft,10,10,12,12,38,38,yes,39,38,33/405/5/10/428/0/12/426/0,33/405/5/10/428/0/12/426/0,,,no,match
gojuno__minimock,trivy,10,10,12,12,38,38,yes,39,38,31/406/7/10/427/0/12/425/0,31/406/7/10/427/0/12/425/0,,,no,match
gojuno__minimock,cdxgen,10,10,12,12,38,38,yes,39,38,29/405/9/10/424/0/12/422/0,29/405/9/10/424/0/12/422/0,,,no,match
gojuno__minimock,cyclonedx-gomod,10,10,12,12,38,38,yes,39,38,10/0/28/10/0/0/10/0/2,10/0/28/10/0/0/10/0/2,,,no,match
golang-design__clipboard,syft,3,3,3,3,13,13,yes,14,13,6/0/7/3/3/0/3/3/0,6/0/7/3/3/0/3/3/0,,,no,match
golang-design__clipboard,trivy,3,3,3,3,13,13,yes,14,13,6/0/7/3/3/0/3/3/0,6/0/7/3/3/0/3/3/0,,,no,match
golang-design__clipboard,cdxgen,3,3,3,3,13,13,yes,14,13,3/0/10/3/0/0/3/0/0,3/0/10/3/0/0/3/0/0,,,no,match
golang-design__clipboard,cyclonedx-gomod,3,3,3,3,13,13,yes,14,13,6/0/7/3/3/0/3/3/0,6/0/7/3/3/0/3/3/0,,,no,match
golang-migrate__migrate,syft,175,175,183,183,502,502,yes,503,502,261/0/241/175/86/0/183/78/0,261/0/241/175/86/0/183/78/0,,,no,match
golang-migrate__migrate,trivy,175,175,183,183,502,502,yes,503,502,208/0/294/175/33/0/183/25/0,208/0/294/175/33/0/183/25/0,,,no,match
golang-migrate__migrate,cdxgen,175,175,183,183,502,502,yes,503,502,175/0/327/175/0/0/175/0/8,175/0/327/175/0/0/175/0/8,,,no,match
golang-migrate__migrate,cyclonedx-gomod,175,175,183,183,502,502,yes,503,502,195/0/307/175/20/0/176/19/7,195/0/307/175/20/0/176/19/7,,,no,match
golang-module__dongle,syft,2,2,6,6,11,11,yes,12,11,7/0/4/2/5/0/6/1/0,7/0/4/2/5/0/6/1/0,,,no,match
golang-module__dongle,trivy,2,2,6,6,11,11,yes,12,11,6/0/5/2/4/0/6/0/0,6/0/5/2/4/0/6/0/0,,,no,match
golang-module__dongle,cdxgen,2,2,6,6,11,11,yes,12,11,2/0/9/2/0/0/2/0/4,2/0/9/2/0/0/2/0/4,,,no,match
golang-module__dongle,cyclonedx-gomod,2,2,6,6,11,11,yes,12,11,2/0/9/2/0/0/2/0/4,2/0/9/2/0/0/2/0/4,,,no,match
golang__geo,syft,1,1,2,2,2,2,yes,3,2,2/0/0/1/1/0/2/0/0,2/0/0/1/1/0/2/0/0,,,no,match
golang__geo,trivy,1,1,2,2,2,2,yes,3,2,2/0/0/1/1/0/2/0/0,2/0/0/1/1/0/2/0/0,,,no,match
golang__geo,cdxgen,1,1,2,2,2,2,yes,3,2,1/0/1/1/0/0/1/0/1,1/0/1/1/0/0/1/0/1,,,no,match
golang__geo,cyclonedx-gomod,1,1,2,2,2,2,yes,3,2,1/0/1/1/0/0/1/0/1,1/0/1/1/0/0/1/0/1,,,no,match
golang__groupcache,syft,2,2,2,2,4,4,yes,5,4,3/0/1/2/1/0/2/1/0,3/0/1/2/1/0/2/1/0,,,no,match
golang__groupcache,trivy,2,2,2,2,4,4,yes,5,4,2/0/2/2/0/0/2/0/0,2/0/2/2/0/0/2/0/0,,,no,match
golang__groupcache,cdxgen,2,2,2,2,4,4,yes,5,4,2/0/2/2/0/0/2/0/0,2/0/2/2/0/0/2/0/0,,,no,match
golang__groupcache,cyclonedx-gomod,2,2,2,2,4,4,yes,5,4,2/0/2/2/0/0/2/0/0,2/0/2/2/0/0/2/0/0,,,no,match
golang__oauth2,syft,1,1,1,1,1,1,yes,2,1,1/0/0/1/0/0/1/0/0,1/0/0/1/0/0/1/0/0,,,no,match
golang__oauth2,trivy,1,1,1,1,1,1,yes,2,1,1/0/0/1/0/0/1/0/0,1/0/0/1/0/0/1/0/0,,,no,match
golang__oauth2,cdxgen,1,1,1,1,1,1,yes,2,1,1/0/0/1/0/0/1/0/0,1/0/0/1/0/0/1/0/0,,,no,match
golang__oauth2,cyclonedx-gomod,1,1,1,1,1,1,yes,2,1,1/0/0/1/0/0/1/0/0,1/0/0/1/0/0/1/0/0,,,no,match
golang__protobuf,syft,1,1,2,2,3,3,yes,4,3,2/0/1/1/1/0/2/0/0,2/0/1/1/1/0/2/0/0,,,no,match
golang__protobuf,trivy,1,1,2,2,3,3,yes,4,3,3/0/0/1/2/0/2/1/0,3/0/0/1/2/0/2/1/0,,,no,match
golang__protobuf,cdxgen,1,1,2,2,3,3,yes,4,3,1/0/2/1/0/0/1/0/1,1/0/2/1/0/0/1/0/1,,,no,match
golang__protobuf,cyclonedx-gomod,1,1,2,2,3,3,yes,4,3,1/0/2/1/0/0/1/0/1,1/0/2/1/0/0/1/0/1,,,no,match
golang__tools,syft,5,5,6,6,10,10,yes,11,10,8/30/2/5/33/0/6/32/0,8/30/2/5/33/0/6/32/0,,,no,match
golang__tools,trivy,5,5,6,6,10,10,yes,11,10,8/23/2/5/26/0/6/25/0,8/23/2/5/26/0/6/25/0,,,no,match
golang__tools,cdxgen,5,5,6,6,10,10,yes,11,10,8/17/2/5/20/0/6/19/0,8/17/2/5/20/0/6/19/0,,,no,match
golang__tools,cyclonedx-gomod,5,5,6,6,10,10,yes,11,10,6/0/4/5/1/0/5/1/1,6/0/4/5/1/0/5/1/1,,,no,match
golang__vscode-go,syft,2,2,2,2,7,7,yes,8,7,4/38/3/2/40/0/2/40/0,4/38/3/2/40/0/2/40/0,,,no,match
golang__vscode-go,trivy,2,2,2,2,7,7,yes,8,7,4/39/3/2/41/0/2/41/0,4/39/3/2/41/0/2/41/0,,,no,match
golang__vscode-go,cdxgen,2,2,2,2,7,7,yes,8,7,NA,NA,,,no,match
golang__vscode-go,cyclonedx-gomod,2,2,2,2,7,7,yes,8,7,3/0/4/2/1/0/2/1/0,3/0/4/2/1/0/2/1/0,,,no,match
golangci__golangci-lint,syft,209,209,215,215,399,399,yes,400,399,267/35/132/209/93/0/215/87/0,267/35/132/209/93/0/215/87/0,,,no,match
golangci__golangci-lint,trivy,209,209,215,215,399,399,yes,400,399,246/28/153/209/65/0/215/59/0,246/28/153/209/65/0/215/59/0,,,no,match
golangci__golangci-lint,cdxgen,209,209,215,215,399,399,yes,400,399,246/23/153/209/60/0/215/54/0,246/23/153/209/60/0/215/54/0,,,no,match
golangci__golangci-lint,cyclonedx-gomod,209,209,215,215,399,399,yes,400,399,212/0/187/209/3/0/209/3/6,212/0/187/209/3/0/209/3/6,,,no,match
golobby__config,syft,5,5,8,8,16,16,yes,17,16,12/0/4/5/7/0/8/4/0,12/0/4/5/7/0/8/4/0,,,no,match
golobby__config,trivy,5,5,8,8,16,16,yes,17,16,16/0/0/5/11/0/8/8/0,16/0/0/5/11/0/8/8/0,,,no,match
golobby__config,cdxgen,5,5,8,8,16,16,yes,17,16,5/0/11/5/0/0/5/0/3,5/0/11/5/0/0/5/0/3,,,no,match
golobby__config,cyclonedx-gomod,5,5,8,8,16,16,yes,17,16,5/0/11/5/0/0/5/0/3,5/0/11/5/0/0/5/0/3,,,no,match
golobby__orm,syft,14,14,19,19,45,45,yes,46,45,26/5/19/14/17/0/19/12/0,26/5/19/14/17/0/19/12/0,,,no,match
golobby__orm,trivy,14,14,19,19,45,45,yes,46,45,20/5/25/14/11/0/19/6/0,20/5/25/14/11/0/19/6/0,,,no,match
golobby__orm,cdxgen,14,14,19,19,45,45,yes,46,45,14/0/31/14/0/0/14/0/5,14/0/31/14/0/0/14/0/5,,,no,match
golobby__orm,cyclonedx-gomod,14,14,19,19,45,45,yes,46,45,15/0/30/14/1/0/14/1/5,15/0/30/14/1/0/14/1/5,,,no,match
gomlx__gomlx,syft,39,39,48,48,126,126,yes,127,126,70/10/56/39/41/0/48/32/0,70/10/56/39/41/0/48/32/0,,,no,match
gomlx__gomlx,trivy,39,39,48,48,126,126,yes,127,126,58/10/68/39/29/0/48/20/0,58/10/68/39/29/0/48/20/0,,,no,match
gomlx__gomlx,cdxgen,39,39,48,48,126,126,yes,127,126,44/7/82/39/12/0/41/10/7,44/7/82/39/12/0/41/10/7,,,no,match
gomlx__gomlx,cyclonedx-gomod,39,39,48,48,126,126,yes,127,126,40/0/86/36/4/3/36/4/12,40/0/86/36/4/3/36/4/12,,,no,match
gone-io__gone,syft,1,1,1,1,9,9,yes,10,9,1/1/8/1/1/0/1/1/0,1/1/8/1/1/0/1/1/0,,,no,match
gone-io__gone,trivy,1,1,1,1,9,9,yes,10,9,1/1/8/1/1/0/1/1/0,1/1/8/1/1/0/1/1/0,,,no,match
gone-io__gone,cdxgen,1,1,1,1,9,9,yes,10,9,1/0/8/1/0/0/1/0/0,1/0/8/1/0/0/1/0/0,,,no,match
gone-io__gone,cyclonedx-gomod,1,1,1,1,9,9,yes,10,9,1/0/8/1/0/0/1/0/0,1/0/8/1/0/0/1/0/0,,,no,match
gontainer__gontainer,syft,12,12,15,15,61,61,yes,62,61,19/0/42/12/7/0/15/4/0,19/0/42/12/7/0/15/4/0,,,no,match
gontainer__gontainer,trivy,12,12,15,15,61,61,yes,62,61,16/0/45/12/4/0/15/1/0,16/0/45/12/4/0/15/1/0,,,no,match
gontainer__gontainer,cdxgen,12,12,15,15,61,61,yes,62,61,12/0/49/12/0/0/12/0/3,12/0/49/12/0/0/12/0/3,,,no,match
gontainer__gontainer,cyclonedx-gomod,12,12,15,15,61,61,yes,62,61,13/0/48/12/1/0/12/1/3,13/0/48/12/1/0/12/1/3,,,no,match
gontainer__reflectpro,syft,1,1,5,5,7,7,yes,8,7,6/0/1/1/5/0/5/1/0,6/0/1/1/5/0/5/1/0,,,no,match
gontainer__reflectpro,trivy,1,1,5,5,7,7,yes,8,7,7/0/0/1/6/0/5/2/0,7/0/0/1/6/0/5/2/0,,,no,match
gontainer__reflectpro,cdxgen,1,1,5,5,7,7,yes,8,7,1/0/6/1/0/0/1/0/4,1/0/6/1/0/0/1/0/4,,,no,match
gontainer__reflectpro,cyclonedx-gomod,1,1,5,5,7,7,yes,8,7,1/0/6/1/0/0/1/0/4,1/0/6/1/0/0/1/0/4,,,no,match
gonum__gonum,syft,10,10,12,12,38,38,yes,39,38,21/0/17/10/11/0/12/9/0,21/0/17/10/11/0/12/9/0,,,no,match
gonum__gonum,trivy,10,10,12,12,38,38,yes,39,38,18/0/20/10/8/0/12/6/0,18/0/20/10/8/0/12/6/0,,,no,match
gonum__gonum,cdxgen,10,10,12,12,38,38,yes,39,38,10/0/28/10/0/0/10/0/2,10/0/28/10/0/0/10/0/2,,,no,match
gonum__gonum,cyclonedx-gomod,10,10,12,12,38,38,yes,39,38,16/0/22/10/6/0/10/6/2,16/0/22/10/6/0/10/6/2,,,no,match
gonum__plot,syft,9,9,11,11,38,38,yes,39,38,20/0/18/9/11/0/11/9/0,20/0/18/9/11/0/11/9/0,,,no,match
gonum__plot,trivy,9,9,11,11,38,38,yes,39,38,17/0/21/9/8/0/11/6/0,17/0/21/9/8/0/11/6/0,,,no,match
gonum__plot,cdxgen,9,9,11,11,38,38,yes,39,38,9/0/29/9/0/0/9/0/2,9/0/29/9/0/0/9/0/2,,,no,match
gonum__plot,cyclonedx-gomod,9,9,11,11,38,38,yes,39,38,15/0/23/9/6/0/9/6/2,15/0/23/9/6/0/9/6/2,,,no,match
gonutz__prototype,syft,2,2,2,2,6,6,yes,7,6,5/0/1/2/3/0/2/3/0,5/0/1/2/3/0/2/3/0,,,no,match
gonutz__prototype,trivy,2,2,2,2,6,6,yes,7,6,6/0/0/2/4/0/2/4/0,6/0/0/2/4/0/2/4/0,,,no,match
gonutz__prototype,cdxgen,2,2,2,2,6,6,yes,7,6,2/0/4/2/0/0/2/0/0,2/0/4/2/0/0/2/0/0,,,no,match
gonutz__prototype,cyclonedx-gomod,2,2,2,2,6,6,yes,7,6,6/0/0/2/4/0/2/4/0,6/0/0/2/4/0/2/4/0,,,no,match
google__cayley,syft,91,91,93,93,440,440,yes,441,440,145/0/295/91/54/0/93/52/0,145/0/295/91/54/0/93/52/0,,,no,match
google__cayley,trivy,91,91,93,93,440,440,yes,441,440,128/0/312/91/37/0/93/35/0,128/0/312/91/37/0/93/35/0,,,no,match
google__cayley,cdxgen,91,91,93,93,440,440,yes,441,440,91/0/349/91/0/0/91/0/2,91/0/349/91/0/0/91/0/2,,,no,match
google__cayley,cyclonedx-gomod,91,91,93,93,440,440,yes,441,440,116/0/324/91/25/0/91/25/2,116/0/324/91/25/0/91/25/2,,,no,match
google__cel-go,syft,8,8,9,9,17,17,yes,18,17,11/10/6/8/13/0/9/12/0,11/10/6/8/13/0/9/12/0,,,no,match
google__cel-go,trivy,8,8,9,9,17,17,yes,18,17,10/10/7/8/12/0/9/11/0,10/10/7/8/12/0/9/11/0,,,no,match
google__cel-go,cdxgen,8,8,9,9,17,17,yes,18,17,10/11/7/8/13/0/9/12/0,10/11/7/8/13/0/9/12/0,,,no,match
google__cel-go,cyclonedx-gomod,8,8,9,9,17,17,yes,18,17,8/0/9/8/0/0/8/0/1,8/0/9/8/0/0/8/0/1,,,no,match
google__gnxi,syft,50,50,50,50,401,401,yes,402,401,68/0/333/50/18/0/50/18/0,68/0/333/50/18/0/50/18/0,,,no,match
google__gnxi,trivy,50,50,50,50,401,401,yes,402,401,401/0/0/50/351/0/50/351/0,401/0/0/50/351/0/50/351/0,,,no,match
google__gnxi,cdxgen,50,50,50,50,401,401,yes,402,401,50/0/351/50/0/0/50/0/0,50/0/351/50/0/0/50/0/0,,,no,match
google__gnxi,cyclonedx-gomod,50,50,50,50,401,401,yes,402,401,52/0/349/50/2/0/50/2/0,52/0/349/50/2/0/50/2/0,,,no,match
google__go-github,syft,1,1,2,2,2,2,yes,3,2,2/205/0/1/206/0/2/205/0,2/205/0/1/206/0/2/205/0,,,no,match
google__go-github,trivy,1,1,2,2,2,2,yes,3,2,2/101/0/1/102/0/2/101/0,2/101/0/1/102/0/2/101/0,,,no,match
google__go-github,cdxgen,1,1,2,2,2,2,yes,3,2,1/91/1/1/91/0/1/91/1,1/91/1/1/91/0/1/91/1,,,no,match
google__go-github,cyclonedx-gomod,1,1,2,2,2,2,yes,3,2,1/0/1/1/0/0/1/0/1,1/0/1/1/0/0/1/0/1,,,no,match
google__google-api-go-client,syft,28,28,29,29,100,100,yes,101,100,76/0/24/28/48/0/29/47/0,76/0/24/28/48/0/29/47/0,,,no,match
google__google-api-go-client,trivy,28,28,29,29,100,100,yes,101,100,50/0/50/28/22/0/29/21/0,50/0/50/28/22/0/29/21/0,,,no,match
google__google-api-go-client,cdxgen,28,28,29,29,100,100,yes,101,100,47/0/53/28/19/0/28/19/1,47/0/53/28/19/0/28/19/1,,,no,match
google__google-api-go-client,cyclonedx-gomod,28,28,29,29,100,100,yes,101,100,49/0/51/28/21/0/28/21/1,49/0/51/28/21/0/28/21/1,,,no,match
google__gopacket,syft,2,2,4,4,6,6,yes,7,6,4/0/2/2/2/0/4/0/0,4/0/2/2/2/0/4/0/0,,,no,match
google__gopacket,trivy,2,2,4,4,6,6,yes,7,6,6/0/0/2/4/0/4/2/0,6/0/0/2/4/0/4/2/0,,,no,match
google__gopacket,cdxgen,2,2,4,4,6,6,yes,7,6,2/0/4/2/0/0/2/0/2,2/0/4/2/0/0/2/0/2,,,no,match
google__gopacket,cyclonedx-gomod,2,2,4,4,6,6,yes,7,6,2/0/4/2/0/0/2/0/2,2/0/4/2/0/0/2/0/2,,,no,match
google__ko,syft,158,158,158,158,511,511,yes,512,511,245/5/266/158/92/0/158/92/0,245/5/266/158/92/0/158/92/0,,,no,match
google__ko,trivy,158,158,158,158,511,511,yes,512,511,163/5/348/158/10/0/158/10/0,163/5/348/158/10/0/158/10/0,,,no,match
google__ko,cdxgen,158,158,158,158,511,511,yes,512,511,158/0/353/158/0/0/158/0/0,158/0/353/158/0/0/158/0/0,,,no,match
google__ko,cyclonedx-gomod,158,158,158,158,511,511,yes,512,511,162/0/349/157/5/1/157/5/1,162/0/349/157/5/1/157/5/1,,,no,match
google__starlark-go,syft,4,4,5,5,8,8,yes,9,8,7/0/1/4/3/0/5/2/0,7/0/1/4/3/0/5/2/0,,,no,match
google__starlark-go,trivy,4,4,5,5,8,8,yes,9,8,7/0/1/4/3/0/5/2/0,7/0/1/4/3/0/5/2/0,,,no,match
google__starlark-go,cdxgen,4,4,5,5,8,8,yes,9,8,4/0/4/4/0/0/4/0/1,4/0/4/4/0/0/4/0/1,,,no,match
google__starlark-go,cyclonedx-gomod,4,4,5,5,8,8,yes,9,8,4/0/4/4/0/0/4/0/1,4/0/4/4/0/0/4/0/1,,,no,match
gookit__color,syft,1,1,2,2,4,4,yes,5,4,4/7/0/1/10/0/2/9/0,4/7/0/1/10/0/2/9/0,,,no,match
gookit__color,trivy,1,1,2,2,4,4,yes,5,4,4/7/0/1/10/0/2/9/0,4/7/0/1/10/0/2/9/0,,,no,match
gookit__color,cdxgen,1,1,2,2,4,4,yes,5,4,2/6/2/1/7/0/1/7/1,2/6/2/1/7/0/1/7/1,,,no,match
gookit__color,cyclonedx-gomod,1,1,2,2,4,4,yes,5,4,2/0/2/1/1/0/1/1/1,2/0/2/1/1/0/1/1/1,,,no,match
gookit__config,syft,13,13,13,13,18,18,yes,19,18,16/0/2/13/3/0/13/3/0,16/0/2/13/3/0/13/3/0,,,no,match
gookit__config,trivy,13,13,13,13,18,18,yes,19,18,13/0/5/13/0/0/13/0/0,13/0/5/13/0/0/13/0/0,,,no,match
gookit__config,cdxgen,13,13,13,13,18,18,yes,19,18,13/0/5/13/0/0/13/0/0,13/0/5/13/0/0/13/0/0,,,no,match
gookit__config,cyclonedx-gomod,13,13,13,13,18,18,yes,19,18,13/0/5/13/0/0/13/0/0,13/0/5/13/0/0/13/0/0,,,no,match
gookit__filter,syft,2,2,4,4,7,7,yes,8,7,5/0/2/2/3/0/4/1/0,5/0/2/2/3/0/4/1/0,,,no,match
gookit__filter,trivy,2,2,4,4,7,7,yes,8,7,4/0/3/2/2/0/4/0/0,4/0/3/2/2/0/4/0/0,,,no,match
gookit__filter,cdxgen,2,2,4,4,7,7,yes,8,7,2/0/5/2/0/0/2/0/2,2/0/5/2/0/0/2/0/2,,,no,match
gookit__filter,cyclonedx-gomod,2,2,4,4,7,7,yes,8,7,2/0/5/2/0/0/2/0/2,2/0/5/2/0/0/2/0/2,,,no,match
gookit__rux,syft,6,6,6,6,8,8,yes,9,8,6/61/2/6/61/0/6/61/0,6/61/2/6/61/0/6/61/0,,,no,match
gookit__rux,trivy,6,6,6,6,8,8,yes,9,8,8/68/0/6/70/0/6/70/0,8/68/0/6/70/0/6/70/0,,,no,match
gookit__rux,cdxgen,6,6,6,6,8,8,yes,9,8,6/34/2/6/34/0/6/34/0,6/34/2/6/34/0/6/34/0,,,no,match
gookit__rux,cyclonedx-gomod,6,6,6,6,8,8,yes,9,8,6/0/2/6/0/0/6/0/0,6/0/2/6/0/0/6/0/0,,,no,match
gookit__slog,syft,10,10,10,10,14,14,yes,15,14,12/17/2/10/19/0/10/19/0,12/17/2/10/19/0/10/19/0,,,no,match
gookit__slog,trivy,10,10,10,10,14,14,yes,15,14,10/11/4/10/11/0/10/11/0,10/11/4/10/11/0/10/11/0,,,no,match
gookit__slog,cdxgen,10,10,10,10,14,14,yes,15,14,10/8/4/10/8/0/10/8/0,10/8/4/10/8/0/10/8/0,,,no,match
gookit__slog,cyclonedx-gomod,10,10,10,10,14,14,yes,15,14,10/0/4/10/0/0/10/0/0,10/0/4/10/0/0/10/0/0,,,no,match
gookit__validate,syft,3,3,6,6,8,8,yes,9,8,6/12/2/3/15/0/6/12/0,6/12/2/3/15/0/6/12/0,,,no,match
gookit__validate,trivy,3,3,6,6,8,8,yes,9,8,6/7/2/3/10/0/6/7/0,6/7/2/3/10/0/6/7/0,,,no,match
gookit__validate,cdxgen,3,3,6,6,8,8,yes,9,8,3/0/5/3/0/0/3/0/3,3/0/5/3/0/0/3/0/3,,,no,match
gookit__validate,cyclonedx-gomod,3,3,6,6,8,8,yes,9,8,3/0/5/3/0/0/3/0/3,3/0/5/3/0/0/3/0/3,,,no,match
gopherjs__gopherjs,syft,13,13,15,15,27,27,yes,28,27,20/0/7/13/7/0/15/5/0,20/0/7/13/7/0/15/5/0,,,no,match
gopherjs__gopherjs,trivy,13,13,15,15,27,27,yes,28,27,16/0/11/13/3/0/15/1/0,16/0/11/13/3/0/15/1/0,,,no,match
gopherjs__gopherjs,cdxgen,13,13,15,15,27,27,yes,28,27,13/0/14/13/0/0/13/0/2,13/0/14/13/0/0/13/0/2,,,no,match
gopherjs__gopherjs,cyclonedx-gomod,13,13,15,15,27,27,yes,28,27,14/0/13/13/1/0/13/1/2,14/0/13/13/1/0/13/1/2,,,no,match
gopherlibs__appindicator,syft,1,1,1,1,1,1,yes,2,1,1/0/0/1/0/0/1/0/0,1/0/0/1/0/0/1/0/0,,,no,match
gopherlibs__appindicator,trivy,1,1,1,1,1,1,yes,2,1,1/0/0/1/0/0/1/0/0,1/0/0/1/0/0/1/0/0,,,no,match
gopherlibs__appindicator,cdxgen,1,1,1,1,1,1,yes,2,1,1/0/0/1/0/0/1/0/0,1/0/0/1/0/0/1/0/0,,,no,match
gopherlibs__appindicator,cyclonedx-gomod,1,1,1,1,1,1,yes,2,1,1/0/0/1/0/0/1/0/0,1/0/0/1/0/0/1/0/0,,,no,match
gopinath-langote__1build,syft,22,22,22,22,106,106,yes,107,106,29/0/77/22/7/0/22/7/0,29/0/77/22/7/0/22/7/0,,,no,match
gopinath-langote__1build,trivy,22,22,22,22,106,106,yes,107,106,26/0/80/22/4/0/22/4/0,26/0/80/22/4/0/22/4/0,,,no,match
gopinath-langote__1build,cdxgen,22,22,22,22,106,106,yes,107,106,22/0/84/22/0/0/22/0/0,22/0/84/22/0/0/22/0/0,,,no,match
gopinath-langote__1build,cyclonedx-gomod,22,22,22,22,106,106,yes,107,106,23/0/83/22/1/0/22/1/0,23/0/83/22/1/0/22/1/0,,,no,match
goptics__vizb,syft,24,24,24,24,81,81,yes,82,81,30/0/51/24/6/0/24/6/0,30/0/51/24/6/0/24/6/0,,,no,match
goptics__vizb,trivy,24,24,24,24,81,81,yes,82,81,28/0/53/24/4/0/24/4/0,28/0/53/24/4/0/24/4/0,,,no,match
goptics__vizb,cdxgen,24,24,24,24,81,81,yes,82,81,24/0/57/24/0/0/24/0/0,24/0/57/24/0/0/24/0/0,,,no,match
goptics__vizb,cyclonedx-gomod,24,24,24,24,81,81,yes,82,81,22/0/59/21/1/3/21/1/3,22/0/59/21/1/3/21/1/3,,,no,match
gopxl__beep,syft,21,21,22,22,37,37,yes,38,37,25/0/12/21/4/0/22/3/0,25/0/12/21/4/0/22/3/0,,,no,match
gopxl__beep,trivy,21,21,22,22,37,37,yes,38,37,23/0/14/21/2/0/22/1/0,23/0/14/21/2/0/22/1/0,,,no,match
gopxl__beep,cdxgen,21,21,22,22,37,37,yes,38,37,21/0/16/21/0/0/21/0/1,21/0/16/21/0/0/21/0/1,,,no,match
gopxl__beep,cyclonedx-gomod,21,21,22,22,37,37,yes,38,37,22/0/15/21/1/0/21/1/1,22/0/15/21/1/0/21/1/1,,,no,match
gopxl__pixel,syft,8,8,13,13,20,20,yes,21,20,14/6/6/8/12/0/13/7/0,14/6/6/8/12/0/13/7/0,,,no,match
gopxl__pixel,trivy,8,8,13,13,20,20,yes,21,20,13/6/7/8/11/0/13/6/0,13/6/7/8/11/0/13/6/0,,,no,match
gopxl__pixel,cdxgen,8,8,13,13,20,20,yes,21,20,8/4/12/8/4/0/8/4/5,8/4/12/8/4/0/8/4/5,,,no,match
gopxl__pixel,cyclonedx-gomod,8,8,13,13,20,20,yes,21,20,8/0/12/8/0/0/8/0/5,8/0/12/8/0/0/8/0/5,,,no,match
goradd__got,syft,1,1,5,5,11,11,yes,12,11,6/0/5/1/5/0/5/1/0,6/0/5/1/5/0/5/1/0,,,no,match
goradd__got,trivy,1,1,5,5,11,11,yes,12,11,5/0/6/1/4/0/5/0/0,5/0/6/1/4/0/5/0/0,,,no,match
goradd__got,cdxgen,1,1,5,5,11,11,yes,12,11,1/0/10/1/0/0/1/0/4,1/0/10/1/0/0/1/0/4,,,no,match
goradd__got,cyclonedx-gomod,1,1,5,5,11,11,yes,12,11,1/0/10/1/0/0/1/0/4,1/0/10/1/0/0/1/0/4,,,no,match
goravel__goravel,syft,137,137,137,137,239,239,yes,240,239,184/0/55/137/47/0/137/47/0,184/0/55/137/47/0/137/47/0,,,no,match
goravel__goravel,trivy,137,137,137,137,239,239,yes,240,239,151/0/88/137/14/0/137/14/0,151/0/88/137/14/0/137/14/0,,,no,match
goravel__goravel,cdxgen,137,137,137,137,239,239,yes,240,239,137/0/102/137/0/0/137/0/0,137/0/102/137/0/0/137/0/0,,,no,match
goravel__goravel,cyclonedx-gomod,137,137,137,137,239,239,yes,240,239,149/0/90/136/13/1/136/13/1,149/0/90/136/13/1/136/13/1,,,no,match
goraz__onion,syft,15,15,18,18,175,175,yes,176,175,59/0/116/15/44/0/18/41/0,59/0/116/15/44/0/18/41/0,,,no,match
goraz__onion,trivy,15,15,18,18,175,175,yes,176,175,26/0/149/15/11/0/18/8/0,26/0/149/15/11/0/18/8/0,,,no,match
goraz__onion,cdxgen,15,15,18,18,175,175,yes,176,175,15/0/160/15/0/0/15/0/3,15/0/160/15/0/0/15/0/3,,,no,match
goraz__onion,cyclonedx-gomod,15,15,18,18,175,175,yes,176,175,15/0/160/15/0/0/15/0/3,15/0/160/15/0/0/15/0/3,,,no,match
gordonklaus__portaudio,syft,1,1,1,1,1,1,yes,2,1,1/0/0/1/0/0/1/0/0,1/0/0/1/0/0/1/0/0,,,no,match
gordonklaus__portaudio,trivy,1,1,1,1,1,1,yes,2,1,1/0/0/1/0/0/1/0/0,1/0/0/1/0/0/1/0/0,,,no,match
gordonklaus__portaudio,cdxgen,1,1,1,1,1,1,yes,2,1,1/0/0/1/0/0/1/0/0,1/0/0/1/0/0/1/0/0,,,no,match
gordonklaus__portaudio,cyclonedx-gomod,1,1,1,1,1,1,yes,2,1,1/0/0/1/0/0/1/0/0,1/0/0/1/0/0/1/0/0,,,no,match
goreleaser__goreleaser,syft,336,336,363,363,933,933,yes,934,933,463/3/470/336/130/0/363/103/0,463/3/470/336/130/0/363/103/0,,,no,match
goreleaser__goreleaser,trivy,336,336,363,363,933,933,yes,934,933,372/4/561/336/40/0/363/13/0,372/4/561/336/40/0/363/13/0,,,no,match
goreleaser__goreleaser,cdxgen,336,336,363,363,933,933,yes,934,933,336/1/597/336/1/0/336/1/27,336/1/597/336/1/0/336/1/27,,,no,match
goreleaser__goreleaser,cyclonedx-gomod,336,336,363,363,933,933,yes,934,933,340/0/593/332/8/4/332/8/31,340/0/593/332/8/4/332/8/31,,,no,match
gorgonia__gorgonia,syft,27,27,31,31,123,123,yes,124,123,40/0/83/27/13/0/31/9/0,40/0/83/27/13/0/31/9/0,,,no,match
gorgonia__gorgonia,trivy,27,27,31,31,123,123,yes,124,123,123/0/0/27/96/0/31/92/0,123/0/0/27/96/0/31/92/0,,,no,match
gorgonia__gorgonia,cdxgen,27,27,31,31,123,123,yes,124,123,27/0/96/27/0/0/27/0/4,27/0/96/27/0/0/27/0/4,,,no,match
gorgonia__gorgonia,cyclonedx-gomod,27,27,31,31,123,123,yes,124,123,27/0/96/27/0/0/27/0/4,27/0/96/27/0/0/27/0/4,,,no,match
gorilla__csrf,syft,1,1,1,1,2,2,yes,3,2,2/4/0/1/5/0/1/5/0,2/4/0/1/5/0/1/5/0,,,no,match
gorilla__csrf,trivy,1,1,1,1,2,2,yes,3,2,2/6/0/1/7/0/1/7/0,2/6/0/1/7/0/1/7/0,,,no,match
gorilla__csrf,cdxgen,1,1,1,1,2,2,yes,3,2,1/4/1/1/4/0/1/4/0,1/4/1/1/4/0/1/4/0,,,no,match
gorilla__csrf,cyclonedx-gomod,1,1,1,1,2,2,yes,3,2,1/0/1/1/0/0/1/0/0,1/0/1/1/0/0/1/0/0,,,no,match
gosimple__slug,syft,1,1,1,1,1,1,yes,2,1,1/0/0/1/0/0/1/0/0,1/0/0/1/0/0/1/0/0,,,no,match
gosimple__slug,trivy,1,1,1,1,1,1,yes,2,1,1/0/0/1/0/0/1/0/0,1/0/0/1/0/0/1/0/0,,,no,match
gosimple__slug,cdxgen,1,1,1,1,1,1,yes,2,1,1/0/0/1/0/0/1/0/0,1/0/0/1/0/0/1/0/0,,,no,match
gosimple__slug,cyclonedx-gomod,1,1,1,1,1,1,yes,2,1,1/0/0/1/0/0/1/0/0,1/0/0/1/0/0/1/0/0,,,no,match
gosuri__uiprogress,syft,1,1,1,1,3,3,yes,4,3,2/0/1/1/1/0/1/1/0,2/0/1/1/1/0/1/1/0,,,no,match
gosuri__uiprogress,trivy,1,1,1,1,3,3,yes,4,3,3/0/0/1/2/0/1/2/0,3/0/0/1/2/0/1/2/0,,,no,match
gosuri__uiprogress,cdxgen,1,1,1,1,3,3,yes,4,3,1/0/2/1/0/0/1/0/0,1/0/2/1/0/0/1/0/0,,,no,match
gosuri__uiprogress,cyclonedx-gomod,1,1,1,1,3,3,yes,4,3,3/0/0/1/2/0/1/2/0,3/0/0/1/2/0/1/2/0,,,no,match
gotestyourself__gotest.tools,syft,4,4,4,4,7,7,yes,8,7,5/1/2/4/2/0/4/2/0,5/1/2/4/2/0/4/2/0,,,no,match
gotestyourself__gotest.tools,trivy,4,4,4,4,7,7,yes,8,7,4/1/3/4/1/0/4/1/0,4/1/3/4/1/0/4/1/0,,,no,match
gotestyourself__gotest.tools,cdxgen,4,4,4,4,7,7,yes,8,7,4/0/3/4/0/0/4/0/0,4/0/3/4/0/0/4/0/0,,,no,match
gotestyourself__gotest.tools,cyclonedx-gomod,4,4,4,4,7,7,yes,8,7,4/0/3/4/0/0/4/0/0,4/0/3/4/0/0/4/0/0,,,no,match
gotidy__copy,syft,1,1,1,1,1,1,yes,2,1,1/0/0/1/0/0/1/0/0,1/0/0/1/0/0/1/0/0,,,no,match
gotidy__copy,trivy,1,1,1,1,1,1,yes,2,1,1/0/0/1/0/0/1/0/0,1/0/0/1/0/0/1/0/0,,,no,match
gotidy__copy,cdxgen,1,1,1,1,1,1,yes,2,1,1/0/0/1/0/0/1/0/0,1/0/0/1/0/0/1/0/0,,,no,match
gotidy__copy,cyclonedx-gomod,1,1,1,1,1,1,yes,2,1,1/0/0/1/0/0/1/0/0,1/0/0/1/0/0/1/0/0,,,no,match
gotranspile__cxgo,syft,12,12,15,15,22,22,yes,23,22,19/0/3/12/7/0/15/4/0,19/0/3/12/7/0/15/4/0,,,no,match
gotranspile__cxgo,trivy,12,12,15,15,22,22,yes,23,22,16/0/6/12/4/0/15/1/0,16/0/6/12/4/0/15/1/0,,,no,match
gotranspile__cxgo,cdxgen,12,12,15,15,22,22,yes,23,22,12/0/10/12/0/0/12/0/3,12/0/10/12/0/0/12/0/3,,,no,match
gotranspile__cxgo,cyclonedx-gomod,12,12,15,15,22,22,yes,23,22,13/0/9/12/1/0/12/1/3,13/0/9/12/1/0/12/1/3,,,no,match
govalues__money,syft,1,1,1,1,1,1,yes,2,1,1/0/0/1/0/0/1/0/0,1/0/0/1/0/0/1/0/0,,,no,match
govalues__money,trivy,1,1,1,1,1,1,yes,2,1,1/0/0/1/0/0/1/0/0,1/0/0/1/0/0/1/0/0,,,no,match
govalues__money,cdxgen,1,1,1,1,1,1,yes,2,1,1/0/0/1/0/0/1/0/0,1/0/0/1/0/0/1/0/0,,,no,match
govalues__money,cyclonedx-gomod,1,1,1,1,1,1,yes,2,1,1/0/0/1/0/0/1/0/0,1/0/0/1/0/0/1/0/0,,,no,match
goxjs__gl,syft,1,1,2,2,10,10,yes,11,10,2/0/8/1/1/0/2/0/0,2/0/8/1/1/0/2/0/0,,,no,match
goxjs__gl,trivy,1,1,2,2,10,10,yes,11,10,2/0/8/1/1/0/2/0/0,2/0/8/1/1/0/2/0/0,,,no,match
goxjs__gl,cdxgen,1,1,2,2,10,10,yes,11,10,1/0/9/1/0/0/1/0/1,1/0/9/1/0/0/1/0/1,,,no,match
goxjs__gl,cyclonedx-gomod,1,1,2,2,10,10,yes,11,10,1/0/9/1/0/0/1/0/1,1/0/9/1/0/0/1/0/1,,,no,match
goxjs__glfw,syft,1,1,1,1,1,1,yes,2,1,1/0/0/1/0/0/1/0/0,1/0/0/1/0/0/1/0/0,,,no,match
goxjs__glfw,trivy,1,1,1,1,1,1,yes,2,1,1/0/0/1/0/0/1/0/0,1/0/0/1/0/0/1/0/0,,,no,match
goxjs__glfw,cdxgen,1,1,1,1,1,1,yes,2,1,1/0/0/1/0/0/1/0/0,1/0/0/1/0/0/1/0/0,,,no,match
goxjs__glfw,cyclonedx-gomod,1,1,1,1,1,1,yes,2,1,1/0/0/1/0/0/1/0/0,1/0/0/1/0/0/1/0/0,,,no,match
grafana__k6,syft,89,89,89,89,174,174,yes,175,174,105/5/69/89/21/0/89/21/0,105/5/69/89/21/0/89/21/0,,,no,match
grafana__k6,trivy,89,89,89,89,174,174,yes,175,174,95/5/79/89/11/0/89/11/0,95/5/79/89/11/0/89/11/0,,,no,match
grafana__k6,cdxgen,89,89,89,89,174,174,yes,175,174,NA,NA,,,no,match
grafana__k6,cyclonedx-gomod,89,89,89,89,174,174,yes,175,174,90/0/84/89/1/0/89/1/0,90/0/84/89/1/0/89/1/0,,,no,match
greencoda__confiq,syft,8,8,8,8,9,9,yes,10,9,9/0/0/8/1/0/8/1/0,9/0/0/8/1/0/8/1/0,,,no,match
greencoda__confiq,trivy,8,8,8,8,9,9,yes,10,9,8/0/1/8/0/0/8/0/0,8/0/1/8/0/0/8/0/0,,,no,match
greencoda__confiq,cdxgen,8,8,8,8,9,9,yes,10,9,8/0/1/8/0/0/8/0/0,8/0/1/8/0/0/8/0/0,,,no,match
greencoda__confiq,cyclonedx-gomod,8,8,8,8,9,9,yes,10,9,8/0/1/8/0/0/8/0/0,8/0/1/8/0/0/8/0/0,,,no,match
groovili__gogtrends,syft,4,4,8,8,11,11,yes,12,11,9/1/2/4/6/0/8/2/0,9/1/2/4/6/0/8/2/0,,,no,match
groovili__gogtrends,trivy,4,4,8,8,11,11,yes,12,11,11/1/0/4/8/0/8/4/0,11/1/0/4/8/0/8/4/0,,,no,match
groovili__gogtrends,cdxgen,4,4,8,8,11,11,yes,12,11,4/0/7/4/0/0/4/0/4,4/0/7/4/0/0/4/0/4,,,no,match
groovili__gogtrends,cyclonedx-gomod,4,4,8,8,11,11,yes,12,11,4/0/7/4/0/0/4/0/4,4/0/7/4/0/0/4/0/4,,,no,match
grpc__grpc-go,syft,39,39,40,40,85,85,yes,86,85,61/53/24/39/75/0/40/74/0,61/53/24/39/75/0/40/74/0,,,no,match
grpc__grpc-go,trivy,39,39,40,40,85,85,yes,86,85,55/48/30/39/64/0/40/63/0,55/48/30/39/64/0/40/63/0,,,no,match
grpc__grpc-go,cdxgen,39,39,40,40,85,85,yes,86,85,50/30/35/39/41/0/40/40/0,50/30/35/39/41/0/40/40/0,,,no,match
grpc__grpc-go,cyclonedx-gomod,39,39,40,40,85,85,yes,86,85,40/0/45/39/1/0/39/1/1,40/0/45/39/1/0/39/1/1,,,no,match
guumaster__hostctl,syft,25,25,28,28,105,105,yes,106,105,40/0/65/25/15/0/28/12/0,40/0/65/25/15/0/28/12/0,,,no,match
guumaster__hostctl,trivy,25,25,28,28,105,105,yes,106,105,35/0/70/25/10/0/28/7/0,35/0/70/25/10/0/28/7/0,,,no,match
guumaster__hostctl,cdxgen,25,25,28,28,105,105,yes,106,105,25/0/80/25/0/0/25/0/3,25/0/80/25/0/0/25/0/3,,,no,match
guumaster__hostctl,cyclonedx-gomod,25,25,28,28,105,105,yes,106,105,29/0/76/25/4/0/25/4/3,29/0/76/25/4/0/25/4/3,,,no,match
h2non__imaginary,syft,5,5,5,5,44,44,yes,45,44,13/0/31/5/8/0/5/8/0,13/0/31/5/8/0/5/8/0,,,no,match
h2non__imaginary,trivy,5,5,5,5,44,44,yes,45,44,44/0/0/5/39/0/5/39/0,44/0/0/5/39/0/5/39/0,,,no,match
h2non__imaginary,cdxgen,5,5,5,5,44,44,yes,45,44,5/0/39/5/0/0/5/0/0,5/0/39/5/0/0/5/0/0,,,no,match
h2non__imaginary,cyclonedx-gomod,5,5,5,5,44,44,yes,45,44,5/0/39/5/0/0/5/0/0,5/0/39/5/0/0/5/0/0,,,no,match
hackebrot__turtle,syft,2,2,4,4,100,100,yes,101,100,5/0/95/2/3/0/4/1/0,5/0/95/2/3/0/4/1/0,,,no,match
hackebrot__turtle,trivy,2,2,4,4,100,100,yes,101,100,100/0/0/2/98/0/4/96/0,100/0/0/2/98/0/4/96/0,,,no,match
hackebrot__turtle,cdxgen,2,2,4,4,100,100,yes,101,100,2/0/98/2/0/0/2/0/2,2/0/98/2/0/0/2/0/2,,,no,match
hackebrot__turtle,cyclonedx-gomod,2,2,4,4,100,100,yes,101,100,3/0/97/2/1/0/2/1/2,3/0/97/2/1/0/2/1/2,,,no,match
hajimehoshi__ebiten,syft,23,23,23,23,32,32,yes,33,32,25/0/7/23/2/0/23/2/0,25/0/7/23/2/0/23/2/0,,,no,match
hajimehoshi__ebiten,trivy,23,23,23,23,32,32,yes,33,32,23/0/9/23/0/0/23/0/0,23/0/9/23/0/0/23/0/0,,,no,match
hajimehoshi__ebiten,cdxgen,23,23,23,23,32,32,yes,33,32,23/0/9/23/0/0/23/0/0,23/0/9/23/0/0/23/0/0,,,no,match
hajimehoshi__ebiten,cyclonedx-gomod,23,23,23,23,32,32,yes,33,32,23/0/9/23/0/0/23/0/0,23/0/9/23/0/0/23/0/0,,,no,match
hajimehoshi__oto,syft,2,2,2,2,3,3,yes,4,3,3/0/0/2/1/0/2/1/0,3/0/0/2/1/0/2/1/0,,,no,match
hajimehoshi__oto,trivy,2,2,2,2,3,3,yes,4,3,3/0/0/2/1/0/2/1/0,3/0/0/2/1/0/2/1/0,,,no,match
hajimehoshi__oto,cdxgen,2,2,2,2,3,3,yes,4,3,2/0/1/2/0/0/2/0/0,2/0/1/2/0/0/2/0/0,,,no,match
hajimehoshi__oto,cyclonedx-gomod,2,2,2,2,3,3,yes,4,3,3/0/0/2/1/0/2/1/0,3/0/0/2/1/0/2/1/0,,,no,match
happy-sdk__happy,syft,21,21,22,22,102,102,yes,103,102,80/5/22/21/64/0/22/63/0,80/5/22/21/64/0/22/63/0,,,no,match
happy-sdk__happy,trivy,21,21,22,22,102,102,yes,103,102,70/6/32/21/55/0/22/54/0,70/6/32/21/55/0/22/54/0,,,no,match
happy-sdk__happy,cdxgen,21,21,22,22,102,102,yes,103,102,66/6/36/21/51/0/22/50/0,66/6/36/21/51/0/22/50/0,,,no,match
happy-sdk__happy,cyclonedx-gomod,21,21,22,22,102,102,yes,103,102,67/0/35/21/46/0/22/45/0,67/0/35/21/46/0/22/45/0,,,no,match
harshaneel__localaik,syft,22,22,22,22,83,83,yes,84,83,23/0/60/22/1/0/22/1/0,23/0/60/22/1/0/22/1/0,,,no,match
harshaneel__localaik,trivy,22,22,22,22,83,83,yes,84,83,22/0/61/22/0/0/22/0/0,22/0/61/22/0/0/22/0/0,,,no,match
harshaneel__localaik,cdxgen,22,22,22,22,83,83,yes,84,83,22/0/61/22/0/0/22/0/0,22/0/61/22/0/0/22/0/0,,,no,match
harshaneel__localaik,cyclonedx-gomod,22,22,22,22,83,83,yes,84,83,22/0/61/22/0/0/22/0/0,22/0/61/22/0/0/22/0/0,,,no,match
hashicorp__cli,syft,20,20,20,20,35,35,yes,36,35,25/0/10/20/5/0/20/5/0,25/0/10/20/5/0/20/5/0,,,no,match
hashicorp__cli,trivy,20,20,20,20,35,35,yes,36,35,21/0/14/20/1/0/20/1/0,21/0/14/20/1/0/20/1/0,,,no,match
hashicorp__cli,cdxgen,20,20,20,20,35,35,yes,36,35,20/0/15/20/0/0/20/0/0,20/0/15/20/0/0/20/0/0,,,no,match
hashicorp__cli,cyclonedx-gomod,20,20,20,20,35,35,yes,36,35,20/0/15/20/0/0/20/0/0,20/0/15/20/0/0/20/0/0,,,no,match
hashicorp__go-dbw,syft,27,27,28,28,90,90,yes,91,90,50/0/40/27/23/0/28/22/0,50/0/40/27/23/0/28/22/0,,,no,match
hashicorp__go-dbw,trivy,27,27,28,28,90,90,yes,91,90,46/0/44/27/19/0/28/18/0,46/0/44/27/19/0/28/18/0,,,no,match
hashicorp__go-dbw,cdxgen,27,27,28,28,90,90,yes,91,90,27/0/63/27/0/0/27/0/1,27/0/63/27/0/0/27/0/1,,,no,match
hashicorp__go-dbw,cyclonedx-gomod,27,27,28,28,90,90,yes,91,90,44/0/46/27/17/0/27/17/1,44/0/46/27/17/0/27/17/1,,,no,match
hashicorp__go-getter,syft,73,73,73,73,240,240,yes,241,240,94/0/146/73/21/0/73/21/0,94/0/146/73/21/0/73/21/0,,,no,match
hashicorp__go-getter,trivy,73,73,73,73,240,240,yes,241,240,75/0/165/73/2/0/73/2/0,75/0/165/73/2/0/73/2/0,,,no,match
hashicorp__go-getter,cdxgen,73,73,73,73,240,240,yes,241,240,73/0/167/73/0/0/73/0/0,73/0/167/73/0/0/73/0/0,,,no,match
hashicorp__go-getter,cyclonedx-gomod,73,73,73,73,240,240,yes,241,240,74/0/166/73/1/0/73/1/0,74/0/166/73/1/0/73/1/0,,,no,match
hashicorp__go-retryablehttp,syft,1,1,6,6,12,12,yes,13,12,10/0/2/1/9/0/6/4/0,10/0/2/1/9/0/6/4/0,,,no,match
hashicorp__go-retryablehttp,trivy,1,1,6,6,12,12,yes,13,12,6/0/6/1/5/0/6/0/0,6/0/6/1/5/0/6/0/0,,,no,match
hashicorp__go-retryablehttp,cdxgen,1,1,6,6,12,12,yes,13,12,1/0/11/1/0/0/1/0/5,1/0/11/1/0/0/1/0/5,,,no,match
hashicorp__go-retryablehttp,cyclonedx-gomod,1,1,6,6,12,12,yes,13,12,1/0/11/1/0/0/1/0/5,1/0/11/1/0/0/1/0/5,,,no,match
hashicorp__mdns,syft,3,3,3,3,12,12,yes,13,12,6/0/6/3/3/0/3/3/0,6/0/6/3/3/0/3/3/0,,,no,match
hashicorp__mdns,trivy,3,3,3,3,12,12,yes,13,12,6/0/6/3/3/0/3/3/0,6/0/6/3/3/0/3/3/0,,,no,match
hashicorp__mdns,cdxgen,3,3,3,3,12,12,yes,13,12,3/0/9/3/0/0/3/0/0,3/0/9/3/0/0/3/0/0,,,no,match
hashicorp__mdns,cyclonedx-gomod,3,3,3,3,12,12,yes,13,12,6/0/6/3/3/0/3/3/0,6/0/6/3/3/0/3/3/0,,,no,match
hashicorp__mql,syft,1,1,5,5,20,20,yes,21,20,15/28/5/1/42/0/5/38/0,15/28/5/1/42/0/5/38/0,,,no,match
hashicorp__mql,trivy,1,1,5,5,20,20,yes,21,20,13/26/7/1/38/0/5/34/0,13/26/7/1/38/0/5/34/0,,,no,match
hashicorp__mql,cdxgen,1,1,5,5,20,20,yes,21,20,7/25/13/1/31/0/5/27/0,7/25/13/1/31/0/5/27/0,,,no,match
hashicorp__mql,cyclonedx-gomod,1,1,5,5,20,20,yes,21,20,6/0/14/1/5/0/1/5/4,6/0/14/1/5/0/1/5/4,,,no,match
hashicorp__raft,syft,10,10,14,14,77,77,yes,78,77,19/6/58/10/15/0/14/11/0,19/6/58/10/15/0/14/11/0,,,no,match
hashicorp__raft,trivy,10,10,14,14,77,77,yes,78,77,15/5/62/10/10/0/14/6/0,15/5/62/10/10/0/14/6/0,,,no,match
hashicorp__raft,cdxgen,10,10,14,14,77,77,yes,78,77,NA,NA,,,no,match
hashicorp__raft,cyclonedx-gomod,10,10,14,14,77,77,yes,78,77,10/0/67/10/0/0/10/0/4,10/0/67/10/0/0/10/0/4,,,no,match
hashmap-kz__relimpact,syft,7,7,7,7,14,14,yes,15,14,9/0/5/7/2/0/7/2/0,9/0/5/7/2/0/7/2/0,,,no,match
hashmap-kz__relimpact,trivy,7,7,7,7,14,14,yes,15,14,8/0/6/7/1/0/7/1/0,8/0/6/7/1/0/7/1/0,,,no,match
hashmap-kz__relimpact,cdxgen,7,7,7,7,14,14,yes,15,14,7/0/7/7/0/0/7/0/0,7/0/7/7/0/0/7/0/0,,,no,match
hashmap-kz__relimpact,cyclonedx-gomod,7,7,7,7,14,14,yes,15,14,4/0/10/4/0/3/4/0/3,4/0/10/4/0/3/4/0/3,,,no,match
hatchet-dev__hatchet,syft,246,246,249,249,430,430,yes,431,430,296/1/134/246/51/0/249/48/0,296/1/134/246/51/0/249/48/0,,,no,match
hatchet-dev__hatchet,trivy,246,246,249,249,430,430,yes,431,430,262/0/168/246/16/0/249/13/0,262/0/168/246/16/0/249/13/0,,,no,match
hatchet-dev__hatchet,cdxgen,246,246,249,249,430,430,yes,431,430,246/0/184/246/0/0/246/0/3,246/0/184/246/0/0/246/0/3,,,no,match
hatchet-dev__hatchet,cyclonedx-gomod,246,246,249,249,430,430,yes,431,430,253/0/177/243/10/3/243/10/6,253/0/177/243/10/3/243/10/6,,,no,match
hbagdi__go-unsplash,syft,1,1,6,6,10,10,yes,11,10,7/0/3/1/6/0/6/1/0,7/0/3/1/6/0/6/1/0,,,no,match
hbagdi__go-unsplash,trivy,1,1,6,6,10,10,yes,11,10,6/0/4/1/5/0/6/0/0,6/0/4/1/5/0/6/0/0,,,no,match
hbagdi__go-unsplash,cdxgen,1,1,6,6,10,10,yes,11,10,1/0/9/1/0/0/1/0/5,1/0/9/1/0/0/1/0/5,,,no,match
hbagdi__go-unsplash,cyclonedx-gomod,1,1,6,6,10,10,yes,11,10,1/0/9/1/0/0/1/0/5,1/0/9/1/0/0/1/0/5,,,no,match
hdt3213__godis,syft,19,19,19,19,97,97,yes,98,97,36/0/61/19/17/0/19/17/0,36/0/61/19/17/0/19/17/0,,,no,match
hdt3213__godis,trivy,19,19,19,19,97,97,yes,98,97,29/0/68/19/10/0/19/10/0,29/0/68/19/10/0/19/10/0,,,no,match
hdt3213__godis,cdxgen,19,19,19,19,97,97,yes,98,97,19/0/78/19/0/0/19/0/0,19/0/78/19/0/0/19/0/0,,,no,match
hdt3213__godis,cyclonedx-gomod,19,19,19,19,97,97,yes,98,97,21/0/76/19/2/0/19/2/0,21/0/76/19/2/0/19/2/0,,,no,match
hedhyw__gherkingen,syft,6,6,10,10,22,22,yes,23,22,14/0/8/6/8/0/10/4/0,14/0/8/6/8/0/10/4/0,,,no,match
hedhyw__gherkingen,trivy,6,6,10,10,22,22,yes,23,22,11/0/11/6/5/0/10/1/0,11/0/11/6/5/0/10/1/0,,,no,match
hedhyw__gherkingen,cdxgen,6,6,10,10,22,22,yes,23,22,11/0/11/6/5/0/10/1/0,11/0/11/6/5/0/10/1/0,,,no,match
hedhyw__gherkingen,cyclonedx-gomod,6,6,10,10,22,22,yes,23,22,6/0/16/6/0/0/6/0/4,6/0/16/6/0/0/6/0/4,,,no,match
hedhyw__json-log-viewer,syft,34,34,34,34,59,59,yes,60,59,42/2/17/32/12/2/32/12/2,42/2/17/32/12/2/32/12/2,,,no,match
hedhyw__json-log-viewer,trivy,34,34,34,34,59,59,yes,60,59,35/2/24/32/5/2/32/5/2,35/2/24/32/5/2/32/5/2,,,no,match
hedhyw__json-log-viewer,cdxgen,34,34,34,34,59,59,yes,60,59,34/0/25/34/0/0/34/0/0,34/0/25/34/0/0/34/0/0,,,no,match
hedhyw__json-log-viewer,cyclonedx-gomod,34,34,34,34,59,59,yes,60,59,34/2/25/32/4/2/32/4/2,34/2/25/32/4/2/32/4/2,,,no,match
hedhyw__otelinji,syft,11,11,18,18,39,39,yes,40,39,25/0/14/11/14/0/18/7/0,25/0/14/11/14/0/18/7/0,,,no,match
hedhyw__otelinji,trivy,11,11,18,18,39,39,yes,40,39,19/0/20/11/8/0/18/1/0,18/0/21/11/7/0/18/0/0,,18/0/21/11/7/0/18/0/0,no,differ
hedhyw__otelinji,cdxgen,11,11,18,18,39,39,yes,40,39,18/0/21/11/7/0/18/0/0,18/0/21/11/7/0/18/0/0,,18/0/21/11/7/0/18/0/0,no,match
hedhyw__otelinji,cyclonedx-gomod,11,11,18,18,39,39,yes,40,39,11/0/28/11/0/0/11/0/7,11/0/28/11/0/0/11/0/7,,11/0/28/11/0/0/11/0/7,no,match
hedzr__cmdr,syft,12,12,12,12,20,20,yes,21,20,12/0/8/12/0/0/12/0/0,12/0/8/12/0/0/12/0/0,,,no,match
hedzr__cmdr,trivy,12,12,12,12,20,20,yes,21,20,12/0/8/12/0/0/12/0/0,12/0/8/12/0/0/12/0/0,,,no,match
hedzr__cmdr,cdxgen,12,12,12,12,20,20,yes,21,20,12/0/8/12/0/0/12/0/0,12/0/8/12/0/0/12/0/0,,,no,match
hedzr__cmdr,cyclonedx-gomod,12,12,12,12,20,20,yes,21,20,12/0/8/12/0/0/12/0/0,12/0/8/12/0/0/12/0/0,,,no,match
heetch__confita,syft,34,34,38,38,131,131,yes,132,131,75/0/56/34/41/0/38/37/0,75/0/56/34/41/0/38/37/0,,,no,match
heetch__confita,trivy,34,34,38,38,131,131,yes,132,131,61/0/70/34/27/0/38/23/0,61/0/70/34/27/0/38/23/0,,,no,match
heetch__confita,cdxgen,34,34,38,38,131,131,yes,132,131,34/0/97/34/0/0/34/0/4,34/0/97/34/0/0/34/0/4,,,no,match
heetch__confita,cyclonedx-gomod,34,34,38,38,131,131,yes,132,131,35/0/96/34/1/0/34/1/4,35/0/96/34/1/0/34/1/4,,,no,match
hexdigest__gowrap,syft,16,16,21,21,77,77,yes,78,77,44/173/33/16/201/0/21/196/0,44/173/33/16/201/0/21/196/0,,,no,match
hexdigest__gowrap,trivy,16,16,21,21,77,77,yes,78,77,42/173/35/16/199/0/21/194/0,42/173/35/16/199/0/21/194/0,,,no,match
hexdigest__gowrap,cdxgen,16,16,21,21,77,77,yes,78,77,39/170/38/16/193/0/21/188/0,39/170/38/16/193/0/21/188/0,,,no,match
hexdigest__gowrap,cyclonedx-gomod,16,16,21,21,77,77,yes,78,77,16/0/61/16/0/0/16/0/5,16/0/61/16/0/0/16/0/5,,,no,match
hibiken__asynq,syft,10,10,11,11,23,23,yes,24,23,23/41/0/10/54/0/11/53/0,23/41/0/10/54/0/11/53/0,,,no,match
hibiken__asynq,trivy,10,10,11,11,23,23,yes,24,23,12/36/11/10/38/0/11/37/0,12/36/11/10/38/0/11/37/0,,,no,match
hibiken__asynq,cdxgen,10,10,11,11,23,23,yes,24,23,11/34/12/10/35/0/10/35/1,11/34/12/10/35/0/10/35/1,,,no,match
hibiken__asynq,cyclonedx-gomod,10,10,11,11,23,23,yes,24,23,10/0/13/10/0/0/10/0/1,10/0/13/10/0/0/10/0/1,,,no,match
hidevopsio__hiboot,syft,91,91,91,91,203,203,yes,204,203,110/0/93/91/19/0/91/19/0,110/0/93/91/19/0/91/19/0,,,no,match
hidevopsio__hiboot,trivy,91,91,91,91,203,203,yes,204,203,92/0/111/91/1/0/91/1/0,92/0/111/91/1/0/91/1/0,,,no,match
hidevopsio__hiboot,cdxgen,91,91,91,91,203,203,yes,204,203,91/0/112/91/0/0/91/0/0,91/0/112/91/0/0/91/0/0,,,no,match
hidevopsio__hiboot,cyclonedx-gomod,91,91,91,91,203,203,yes,204,203,NA,NA,,,no,match
hishamkaram__gismanager,syft,92,92,95,95,403,403,yes,404,403,149/7/254/92/64/0/95/61/0,149/7/254/92/64/0/95/61/0,,,no,match
hishamkaram__gismanager,trivy,92,92,95,95,403,403,yes,404,403,101/7/302/92/16/0/95/13/0,101/7/302/92/16/0/95/13/0,,,no,match
hishamkaram__gismanager,cdxgen,92,92,95,95,403,403,yes,404,403,93/6/310/92/7/0/92/7/3,93/6/310/92/7/0/92/7/3,,,no,match
hishamkaram__gismanager,cyclonedx-gomod,92,92,95,95,403,403,yes,404,403,97/0/306/92/5/0/92/5/3,97/0/306/92/5/0/92/5/3,,,no,match
hprose__hprose-golang,syft,12,12,16,16,26,26,yes,27,26,17/0/9/12/5/0/16/1/0,17/0/9/12/5/0/16/1/0,,,no,match
hprose__hprose-golang,trivy,12,12,16,16,26,26,yes,27,26,26/0/0/12/14/0/16/10/0,26/0/0/12/14/0/16/10/0,,,no,match
hprose__hprose-golang,cdxgen,12,12,16,16,26,26,yes,27,26,12/0/14/12/0/0/12/0/4,12/0/14/12/0/0/12/0/4,,,no,match
hprose__hprose-golang,cyclonedx-gomod,12,12,16,16,26,26,yes,27,26,12/0/14/12/0/0/12/0/4,12/0/14/12/0/0/12/0/4,,,no,match
hrygo__hotplex,syft,124,124,129,129,302,302,yes,303,302,187/1/115/124/64/0/129/59/0,187/1/115/124/64/0/129/59/0,,,no,match
hrygo__hotplex,trivy,124,124,129,129,302,302,yes,303,302,NA,NA,,,no,match
hrygo__hotplex,cdxgen,124,124,129,129,302,302,yes,303,302,133/2/169/124/11/0/129/6/0,133/2/169/124/11/0/129/6/0,,,no,match
hrygo__hotplex,cyclonedx-gomod,124,124,129,129,302,302,yes,303,302,128/0/174/124/4/0/124/4/5,128/0/174/124/4/0/124/4/5,,,no,match
hsluoyz__casbin,syft,3,3,3,3,3,3,yes,4,3,3/0/0/3/0/0/3/0/0,3/0/0/3/0/0/3/0/0,,,no,match
hsluoyz__casbin,trivy,3,3,3,3,3,3,yes,4,3,3/0/0/3/0/0/3/0/0,3/0/0/3/0/0/3/0/0,,,no,match
hsluoyz__casbin,cdxgen,3,3,3,3,3,3,yes,4,3,3/0/0/3/0/0/3/0/0,3/0/0/3/0/0/3/0/0,,,no,match
hsluoyz__casbin,cyclonedx-gomod,3,3,3,3,3,3,yes,4,3,3/0/0/3/0/0/3/0/0,3/0/0/3/0/0/3/0/0,,,no,match
huandu__go-sqlbuilder,syft,2,2,4,4,9,9,yes,10,9,4/0/5/2/2/0/4/0/0,4/0/5/2/2/0/4/0/0,,,no,match
huandu__go-sqlbuilder,trivy,2,2,4,4,9,9,yes,10,9,4/0/5/2/2/0/4/0/0,4/0/5/2/2/0/4/0/0,,,no,match
huandu__go-sqlbuilder,cdxgen,2,2,4,4,9,9,yes,10,9,2/0/7/2/0/0/2/0/2,2/0/7/2/0/0/2/0/2,,,no,match
huandu__go-sqlbuilder,cyclonedx-gomod,2,2,4,4,9,9,yes,10,9,2/0/7/2/0/0/2/0/2,2/0/7/2/0/0/2/0/2,,,no,match
hybridgroup__gobot,syft,25,25,29,29,73,73,yes,74,73,46/0/27/25/21/0/29/17/0,46/0/27/25/21/0/29/17/0,,,no,match
hybridgroup__gobot,trivy,25,25,29,29,73,73,yes,74,73,43/0/30/25/18/0/29/14/0,43/0/30/25/18/0/29/14/0,,,no,match
hybridgroup__gobot,cdxgen,25,25,29,29,73,73,yes,74,73,25/0/48/25/0/0/25/0/4,25/0/48/25/0/0/25/0/4,,,no,match
hybridgroup__gobot,cyclonedx-gomod,25,25,29,29,73,73,yes,74,73,37/0/36/25/12/0/25/12/4,37/0/36/25/12/0/25/12/4,,,no,match
hybridgroup__gocv,syft,4,4,5,5,14,14,yes,15,14,9/0/5/4/5/0/5/4/0,9/0/5/4/5/0/5/4/0,,,no,match
hybridgroup__gocv,trivy,4,4,5,5,14,14,yes,15,14,5/0/9/4/1/0/5/0/0,5/0/9/4/1/0/5/0/0,,,no,match
hybridgroup__gocv,cdxgen,4,4,5,5,14,14,yes,15,14,4/0/10/4/0/0/4/0/1,4/0/10/4/0/0/4/0/1,,,no,match
hybridgroup__gocv,cyclonedx-gomod,4,4,5,5,14,14,yes,15,14,4/0/10/4/0/0/4/0/1,4/0/10/4/0/0/4/0/1,,,no,match
hyperboloide__lk,syft,3,3,7,7,10,10,yes,11,10,8/0/2/3/5/0/7/1/0,8/0/2/3/5/0/7/1/0,,,no,match
hyperboloide__lk,trivy,3,3,7,7,10,10,yes,11,10,7/0/3/3/4/0/7/0/0,7/0/3/3/4/0/7/0/0,,,no,match
hyperboloide__lk,cdxgen,3,3,7,7,10,10,yes,11,10,3/0/7/3/0/0/3/0/4,3/0/7/3/0/0/3/0/4,,,no,match
hyperboloide__lk,cyclonedx-gomod,3,3,7,7,10,10,yes,11,10,3/0/7/3/0/0/3/0/4,3/0/7/3/0/0/3/0/4,,,no,match
hyperledger__fabric,syft,111,111,115,115,498,498,yes,499,498,157/55/341/111/101/0/115/97/0,157/55/341/111/101/0/115/97/0,,,no,match
hyperledger__fabric,trivy,111,111,115,115,498,498,yes,499,498,148/54/350/111/91/0/115/87/0,148/54/350/111/91/0/115/87/0,,,no,match
hyperledger__fabric,cdxgen,111,111,115,115,498,498,yes,499,498,129/43/369/111/61/0/115/57/0,129/43/369/111/61/0/115/57/0,,,no,match
hyperledger__fabric,cyclonedx-gomod,111,111,115,115,498,498,yes,499,498,115/0/383/111/4/0/111/4/4,115/0/383/111/4/0/111/4/4,,,no,match
hyperonym__ratus,syft,40,40,40,40,82,82,yes,83,82,61/0/21/40/21/0/40/21/0,61/0/21/40/21/0/40/21/0,,,no,match
hyperonym__ratus,trivy,40,40,40,40,82,82,yes,83,82,51/0/31/40/11/0/40/11/0,51/0/31/40/11/0/40/11/0,,,no,match
hyperonym__ratus,cdxgen,40,40,40,40,82,82,yes,83,82,40/0/42/40/0/0/40/0/0,40/0/42/40/0/0/40/0/0,,,no,match
hyperonym__ratus,cyclonedx-gomod,40,40,40,40,82,82,yes,83,82,50/0/32/40/10/0/40/10/0,50/0/32/40/10/0/40/10/0,,,no,match
i-love-flamingo__dingo,syft,1,1,5,5,24,24,yes,25,24,6/0/18/1/5/0/5/1/0,6/0/18/1/5/0/5/1/0,,,no,match
i-love-flamingo__dingo,trivy,1,1,5,5,24,24,yes,25,24,5/0/19/1/4/0/5/0/0,5/0/19/1/4/0/5/0/0,,,no,match
i-love-flamingo__dingo,cdxgen,1,1,5,5,24,24,yes,25,24,1/0/23/1/0/0/1/0/4,1/0/23/1/0/0/1/0/4,,,no,match
i-love-flamingo__dingo,cyclonedx-gomod,1,1,5,5,24,24,yes,25,24,1/0/23/1/0/0/1/0/4,1/0/23/1/0/0/1/0/4,,,no,match
i-love-flamingo__flamingo,syft,63,63,64,64,230,230,yes,231,230,108/0/122/63/45/0/64/44/0,108/0/122/63/45/0/64/44/0,,,no,match
i-love-flamingo__flamingo,trivy,63,63,64,64,230,230,yes,231,230,96/0/134/63/33/0/64/32/0,96/0/134/63/33/0/64/32/0,,,no,match
i-love-flamingo__flamingo,cdxgen,63,63,64,64,230,230,yes,231,230,63/0/167/63/0/0/63/0/1,63/0/167/63/0/0/63/0/1,,,no,match
i-love-flamingo__flamingo,cyclonedx-gomod,63,63,64,64,230,230,yes,231,230,93/0/137/63/30/0/63/30/1,93/0/137/63/30/0/63/30/1,,,no,match
i-love-flamingo__flamingo-commerce,syft,120,120,161,161,354,354,yes,355,354,208/0/146/120/88/0/161/47/0,208/0/146/120/88/0/161/47/0,,,no,match
i-love-flamingo__flamingo-commerce,trivy,120,120,161,161,354,354,yes,355,354,171/0/183/120/51/0/161/10/0,171/0/183/120/51/0/161/10/0,,,no,match
i-love-flamingo__flamingo-commerce,cdxgen,120,120,161,161,354,354,yes,355,354,120/0/234/120/0/0/120/0/41,120/0/234/120/0/0/120/0/41,,,no,match
i-love-flamingo__flamingo-commerce,cyclonedx-gomod,120,120,161,161,354,354,yes,355,354,121/0/233/120/1/0/120/1/41,121/0/233/120/1/0/120/1/41,,,no,match
i25959341__orderbook,syft,2,2,2,2,2,2,yes,3,2,2/0/0/2/0/0/2/0/0,2/0/0/2/0/0/2/0/0,,,no,match
i25959341__orderbook,trivy,2,2,2,2,2,2,yes,3,2,2/0/0/2/0/0/2/0/0,2/0/0/2/0/0/2/0/0,,,no,match
i25959341__orderbook,cdxgen,2,2,2,2,2,2,yes,3,2,2/0/0/2/0/0/2/0/0,2/0/0/2/0/0/2/0/0,,,no,match
i25959341__orderbook,cyclonedx-gomod,2,2,2,2,2,2,yes,3,2,2/0/0/2/0/0/2/0/0,2/0/0/2/0/0/2/0/0,,,no,match
iancmcc__bingo,syft,1,1,4,4,10,10,yes,11,10,5/0/5/1/4/0/4/1/0,5/0/5/1/4/0/4/1/0,,,no,match
iancmcc__bingo,trivy,1,1,4,4,10,10,yes,11,10,5/0/5/1/4/0/4/1/0,5/0/5/1/4/0/4/1/0,,,no,match
iancmcc__bingo,cdxgen,1,1,4,4,10,10,yes,11,10,1/0/9/1/0/0/1/0/3,1/0/9/1/0/0/1/0/3,,,no,match
iancmcc__bingo,cyclonedx-gomod,1,1,4,4,10,10,yes,11,10,1/0/9/1/0/0/1/0/3,1/0/9/1/0/0/1/0/3,,,no,match
ianlopshire__go-ssm-config,syft,3,3,3,3,13,13,yes,14,13,10/0/3/3/7/0/3/7/0,10/0/3/3/7/0/3/7/0,,,no,match
ianlopshire__go-ssm-config,trivy,3,3,3,3,13,13,yes,14,13,13/0/0/3/10/0/3/10/0,13/0/0/3/10/0/3/10/0,,,no,match
ianlopshire__go-ssm-config,cdxgen,3,3,3,3,13,13,yes,14,13,3/0/10/3/0/0/3/0/0,3/0/10/3/0/0/3/0/0,,,no,match
ianlopshire__go-ssm-config,cyclonedx-gomod,3,3,3,3,13,13,yes,14,13,3/0/10/3/0/0/3/0/0,3/0/10/3/0/0/3/0/0,,,no,match
ichiban__prolog,syft,2,2,7,7,13,13,yes,14,13,10/0/3/2/8/0/7/3/0,10/0/3/2/8/0/7/3/0,,,no,match
ichiban__prolog,trivy,2,2,7,7,13,13,yes,14,13,9/0/4/2/7/0/7/2/0,9/0/4/2/7/0/7/2/0,,,no,match
ichiban__prolog,cdxgen,2,2,7,7,13,13,yes,14,13,2/0/11/2/0/0/2/0/5,2/0/11/2/0/0/2/0/5,,,no,match
ichiban__prolog,cyclonedx-gomod,2,2,7,7,13,13,yes,14,13,2/0/11/2/0/0/2/0/5,2/0/11/2/0/0/2/0/5,,,no,match
icza__minquery,syft,1,1,2,2,6,6,yes,7,6,5/0/1/1/4/0/2/3/0,5/0/1/1/4/0/2/3/0,,,no,match
icza__minquery,trivy,1,1,2,2,6,6,yes,7,6,6/0/0/1/5/0/2/4/0,6/0/0/1/5/0/2/4/0,,,no,match
icza__minquery,cdxgen,1,1,2,2,6,6,yes,7,6,1/0/5/1/0/0/1/0/1,1/0/5/1/0/0/1/0/1,,,no,match
icza__minquery,cyclonedx-gomod,1,1,2,2,6,6,yes,7,6,1/0/5/1/0/0/1/0/1,1/0/5/1/0/0/1/0/1,,,no,match
ijt__go-anytime,syft,1,1,6,6,9,9,yes,10,9,7/1/2/1/7/0/6/2/0,7/1/2/1/7/0/6/2/0,,,no,match
ijt__go-anytime,trivy,1,1,6,6,9,9,yes,10,9,6/1/3/1/6/0/6/1/0,6/1/3/1/6/0/6/1/0,,,no,match
ijt__go-anytime,cdxgen,1,1,6,6,9,9,yes,10,9,1/0/8/1/0/0/1/0/5,1/0/8/1/0/0/1/0/5,,,no,match
ijt__go-anytime,cyclonedx-gomod,1,1,6,6,9,9,yes,10,9,1/0/8/1/0/0/1/0/5,1/0/8/1/0/0/1/0/5,,,no,match
ik5__gostrutils,syft,1,1,1,1,10,10,yes,11,10,1/0/9/1/0/0/1/0/0,1/0/9/1/0/0/1/0/0,,,no,match
ik5__gostrutils,trivy,1,1,1,1,10,10,yes,11,10,10/0/0/1/9/0/1/9/0,10/0/0/1/9/0/1/9/0,,,no,match
ik5__gostrutils,cdxgen,1,1,1,1,10,10,yes,11,10,1/0/9/1/0/0/1/0/0,1/0/9/1/0/0/1/0/0,,,no,match
ik5__gostrutils,cyclonedx-gomod,1,1,1,1,10,10,yes,11,10,1/0/9/1/0/0/1/0/0,1/0/9/1/0/0/1/0/0,,,no,match
ikawaha__kagome,syft,3,3,3,3,4,4,yes,5,4,3/6/1/3/6/0/3/6/0,3/6/1/3/6/0/3/6/0,,,no,match
ikawaha__kagome,trivy,3,3,3,3,4,4,yes,5,4,3/7/1/3/7/0/3/7/0,3/7/1/3/7/0/3/7/0,,,no,match
ikawaha__kagome,cdxgen,3,3,3,3,4,4,yes,5,4,NA,NA,,,no,match
ikawaha__kagome,cyclonedx-gomod,3,3,3,3,4,4,yes,5,4,3/0/1/3/0/0/3/0/0,3/0/1/3/0/0/3/0/0,,,no,match
ikeikeikeike__go-sitemap-generator,syft,2,2,3,3,3,3,yes,4,3,3/0/0/2/1/0/3/0/0,3/0/0/2/1/0/3/0/0,,,no,match
ikeikeikeike__go-sitemap-generator,trivy,2,2,3,3,3,3,yes,4,3,3/0/0/2/1/0/3/0/0,3/0/0/2/1/0/3/0/0,,,no,match
ikeikeikeike__go-sitemap-generator,cdxgen,2,2,3,3,3,3,yes,4,3,2/0/1/2/0/0/2/0/1,2/0/1/2/0/0/2/0/1,,,no,match
ikeikeikeike__go-sitemap-generator,cyclonedx-gomod,2,2,3,3,3,3,yes,4,3,2/0/1/2/0/0/2/0/1,2/0/1/2/0/0/2/0/1,,,no,match
ilyakaznacheev__cleanenv,syft,4,4,4,4,5,5,yes,6,5,5/0/0/4/1/0/4/1/0,5/0/0/4/1/0/4/1/0,,,no,match
ilyakaznacheev__cleanenv,trivy,4,4,4,4,5,5,yes,6,5,5/0/0/4/1/0/4/1/0,5/0/0/4/1/0/4/1/0,,,no,match
ilyakaznacheev__cleanenv,cdxgen,4,4,4,4,5,5,yes,6,5,4/0/1/4/0/0/4/0/0,4/0/1/4/0/0/4/0/0,,,no,match
ilyakaznacheev__cleanenv,cyclonedx-gomod,4,4,4,4,5,5,yes,6,5,4/0/1/4/0/0/4/0/0,4/0/1/4/0/0/4/0/0,,,no,match
immortal__immortal,syft,6,6,6,6,7,7,yes,8,7,7/0/0/6/1/0/6/1/0,7/0/0/6/1/0/6/1/0,,,no,match
immortal__immortal,trivy,6,6,6,6,7,7,yes,8,7,7/0/0/6/1/0/6/1/0,7/0/0/6/1/0/6/1/0,,,no,match
immortal__immortal,cdxgen,6,6,6,6,7,7,yes,8,7,6/0/1/6/0/0/6/0/0,6/0/1/6/0/0/6/0/0,,,no,match
immortal__immortal,cyclonedx-gomod,6,6,6,6,7,7,yes,8,7,6/0/1/6/0/0/6/0/0,6/0/1/6/0/0/6/0/0,,,no,match
imroc__req,syft,11,11,11,11,29,29,yes,30,29,26/29/3/11/44/0/11/44/0,26/29/3/11/44/0/11/44/0,,,no,match
imroc__req,trivy,11,11,11,11,29,29,yes,30,29,18/27/11/11/34/0/11/34/0,18/27/11/11/34/0/11/34/0,,,no,match
imroc__req,cdxgen,11,11,11,11,29,29,yes,30,29,11/17/18/11/17/0/11/17/0,11/17/18/11/17/0/11/17/0,,,no,match
imroc__req,cyclonedx-gomod,11,11,11,11,29,29,yes,30,29,11/0/18/11/0/0/11/0/0,11/0/18/11/0/0/11/0/0,,,no,match
in-toto__in-toto-golang,syft,21,21,22,22,61,61,yes,62,61,41/1/20/21/21/0/22/20/0,41/1/20/21/21/0/22/20/0,,,no,match
in-toto__in-toto-golang,trivy,21,21,22,22,61,61,yes,62,61,25/0/36/21/4/0/22/3/0,25/0/36/21/4/0/22/3/0,,,no,match
in-toto__in-toto-golang,cdxgen,21,21,22,22,61,61,yes,62,61,21/0/40/21/0/0/21/0/1,21/0/40/21/0/0/21/0/1,,,no,match
in-toto__in-toto-golang,cyclonedx-gomod,21,21,22,22,61,61,yes,62,61,20/0/41/18/2/3/18/2/4,20/0/41/18/2/3/18/2/4,,,no,match
inancgumus__learngo,syft,10,10,10,10,12,12,yes,13,12,10/0/2/10/0/0/10/0/0,10/0/2/10/0/0/10/0/0,,,no,match
inancgumus__learngo,trivy,10,10,10,10,12,12,yes,13,12,12/0/0/10/2/0/10/2/0,12/0/0/10/2/0/10/2/0,,,no,match
inancgumus__learngo,cdxgen,10,10,10,10,12,12,yes,13,12,6/0/6/6/0/4/6/0/4,6/0/6/6/0/4/6/0/4,,,no,match
inancgumus__learngo,cyclonedx-gomod,10,10,10,10,12,12,yes,13,12,10/0/2/10/0/0/10/0/0,10/0/2/10/0/0/10/0/0,,,no,match
inconshreveable__log15,syft,3,3,3,3,3,3,yes,4,3,3/2/0/3/2/0/3/2/0,3/2/0/3/2/0/3/2/0,,,no,match
inconshreveable__log15,trivy,3,3,3,3,3,3,yes,4,3,3/2/0/3/2/0/3/2/0,3/2/0/3/2/0/3/2/0,,,no,match
inconshreveable__log15,cdxgen,3,3,3,3,3,3,yes,4,3,3/1/0/3/1/0/3/1/0,3/1/0/3/1/0/3/1/0,,,no,match
inconshreveable__log15,cyclonedx-gomod,3,3,3,3,3,3,yes,4,3,3/0/0/3/0/0/3/0/0,3/0/0/3/0/0/3/0/0,,,no,match
incu6us__goimports-reviser,syft,4,4,8,8,18,18,yes,19,18,12/0/6/4/8/0/8/4/0,12/0/6/4/8/0/8/4/0,,,no,match
incu6us__goimports-reviser,trivy,4,4,8,8,18,18,yes,19,18,10/0/8/4/6/0/8/2/0,10/0/8/4/6/0/8/2/0,,,no,match
incu6us__goimports-reviser,cdxgen,4,4,8,8,18,18,yes,19,18,4/0/14/4/0/0/4/0/4,4/0/14/4/0/0/4/0/4,,,no,match
incu6us__goimports-reviser,cyclonedx-gomod,4,4,8,8,18,18,yes,19,18,4/0/14/4/0/0/4/0/4,4/0/14/4/0/0/4/0/4,,,no,match
indeedeng__iwf,syft,93,93,93,93,238,238,yes,239,238,134/0/104/93/41/0/93/41/0,134/0/104/93/41/0/93/41/0,,,no,match
indeedeng__iwf,trivy,93,93,93,93,238,238,yes,239,238,113/0/125/93/20/0/93/20/0,113/0/125/93/20/0/93/20/0,,,no,match
indeedeng__iwf,cdxgen,93,93,93,93,238,238,yes,239,238,93/0/145/93/0/0/93/0/0,93/0/145/93/0/0/93/0/0,,,no,match
indeedeng__iwf,cyclonedx-gomod,93,93,93,93,238,238,yes,239,238,112/0/126/93/19/0/93/19/0,112/0/126/93/19/0/93/19/0,,,no,match
innogames__slack-bot,syft,73,73,75,75,275,275,yes,276,275,99/5/176/73/31/0/75/29/0,99/5/176/73/31/0/75/29/0,,,no,match
innogames__slack-bot,trivy,73,73,75,75,275,275,yes,276,275,76/3/199/73/6/0/75/4/0,76/3/199/73/6/0/75/4/0,,,no,match
innogames__slack-bot,cdxgen,73,73,75,75,275,275,yes,276,275,73/2/202/73/2/0/73/2/2,73/2/202/73/2/0/73/2/2,,,no,match
innogames__slack-bot,cyclonedx-gomod,73,73,75,75,275,275,yes,276,275,73/0/202/73/0/0/73/0/2,73/0/202/73/0/0/73/0/2,,,no,match
insidieux__inizio,syft,51,51,55,55,154,154,yes,155,154,68/0/86/51/17/0/55/13/0,68/0/86/51/17/0/55/13/0,,,no,match
insidieux__inizio,trivy,51,51,55,55,154,154,yes,155,154,58/0/96/51/7/0/55/3/0,58/0/96/51/7/0/55/3/0,,,no,match
insidieux__inizio,cdxgen,51,51,55,55,154,154,yes,155,154,51/0/103/51/0/0/51/0/4,51/0/103/51/0/0/51/0/4,,,no,match
insidieux__inizio,cyclonedx-gomod,51,51,55,55,154,154,yes,155,154,54/0/100/51/3/0/51/3/4,54/0/100/51/3/0/51/3/4,,,no,match
invopop__ctxi18n,syft,2,2,5,5,37,37,yes,38,37,7/0/30/2/5/0/5/2/0,7/0/30/2/5/0/5/2/0,,,no,match
invopop__ctxi18n,trivy,2,2,5,5,37,37,yes,38,37,6/0/31/2/4/0/5/1/0,6/0/31/2/4/0/5/1/0,,,no,match
invopop__ctxi18n,cdxgen,2,2,5,5,37,37,yes,38,37,2/0/35/2/0/0/2/0/3,2/0/35/2/0/0/2/0/3,,,no,match
invopop__ctxi18n,cyclonedx-gomod,2,2,5,5,37,37,yes,38,37,2/0/35/2/0/0/2/0/3,2/0/35/2/0/0/2/0/3,,,no,match
invopop__gobl,syft,15,15,19,19,64,64,yes,65,64,25/0/39/15/10/0/19/6/0,25/0/39/15/10/0/19/6/0,,,no,match
invopop__gobl,trivy,15,15,19,19,64,64,yes,65,64,24/0/40/15/9/0/19/5/0,24/0/40/15/9/0/19/5/0,,,no,match
invopop__gobl,cdxgen,15,15,19,19,64,64,yes,65,64,15/0/49/15/0/0/15/0/4,15/0/49/15/0/0/15/0/4,,,no,match
invopop__gobl,cyclonedx-gomod,15,15,19,19,64,64,yes,65,64,16/0/48/15/1/0/15/1/4,16/0/48/15/1/0/15/1/4,,,no,match
ip2location__ip2location-io-go,syft,2,2,2,2,6,6,yes,7,6,2/0/4/2/0/0/2/0/0,2/0/4/2/0/0/2/0/0,,,no,match
ip2location__ip2location-io-go,trivy,2,2,2,2,6,6,yes,7,6,2/0/4/2/0/0/2/0/0,2/0/4/2/0/0/2/0/0,,,no,match
ip2location__ip2location-io-go,cdxgen,2,2,2,2,6,6,yes,7,6,2/0/4/2/0/0/2/0/0,2/0/4/2/0/0/2/0/0,,,no,match
ip2location__ip2location-io-go,cyclonedx-gomod,2,2,2,2,6,6,yes,7,6,2/0/4/2/0/0/2/0/0,2/0/4/2/0/0/2/0/0,,,no,match
ipfs__kubo,syft,255,255,260,260,585,585,yes,586,585,324/146/261/255/215/0/260/210/0,324/146/261/255/215/0/260/210/0,,,no,match
ipfs__kubo,trivy,255,255,260,260,585,585,yes,586,585,289/146/296/255/180/0/260/175/0,289/146/296/255/180/0/260/175/0,,,no,match
ipfs__kubo,cdxgen,255,255,260,260,585,585,yes,586,585,259/3/326/255/7/0/255/7/5,259/3/326/255/7/0/255/7/5,,,no,match
ipfs__kubo,cyclonedx-gomod,255,255,260,260,585,585,yes,586,585,259/0/326/255/4/0/255/4/5,259/0/326/255/4/0/255/4/5,,,no,match
ironsmile__euterpe,syft,16,16,18,18,91,91,yes,92,91,41/0/50/16/25/0/18/23/0,41/0/50/16/25/0/18/23/0,,,no,match
ironsmile__euterpe,trivy,16,16,18,18,91,91,yes,92,91,29/0/62/16/13/0/18/11/0,29/0/62/16/13/0/18/11/0,,,no,match
ironsmile__euterpe,cdxgen,16,16,18,18,91,91,yes,92,91,29/0/62/16/13/0/18/11/0,29/0/62/16/13/0/18/11/0,,,no,match
ironsmile__euterpe,cyclonedx-gomod,16,16,18,18,91,91,yes,92,91,23/0/68/16/7/0/16/7/2,23/0/68/16/7/0/16/7/2,,,no,match
isacikgoz__gitbatch,syft,45,45,45,45,153,153,yes,154,153,63/0/90/45/18/0/45/18/0,63/0/90/45/18/0/45/18/0,,,no,match
isacikgoz__gitbatch,trivy,45,45,45,45,153,153,yes,154,153,51/0/102/45/6/0/45/6/0,51/0/102/45/6/0/45/6/0,,,no,match
isacikgoz__gitbatch,cdxgen,45,45,45,45,153,153,yes,154,153,45/0/108/45/0/0/45/0/0,45/0/108/45/0/0/45/0/0,,,no,match
isacikgoz__gitbatch,cyclonedx-gomod,45,45,45,45,153,153,yes,154,153,51/0/102/45/6/0/45/6/0,51/0/102/45/6/0/45/6/0,,,no,match
italolelis__outboxer,syft,25,25,27,27,178,178,yes,179,178,35/0/143/25/10/0/27/8/0,35/0/143/25/10/0/27/8/0,,,no,match
italolelis__outboxer,trivy,25,25,27,27,178,178,yes,179,178,30/0/148/25/5/0/27/3/0,30/0/148/25/5/0/27/3/0,,,no,match
italolelis__outboxer,cdxgen,25,25,27,27,178,178,yes,179,178,25/0/153/25/0/0/25/0/2,25/0/153/25/0/0/25/0/2,,,no,match
italolelis__outboxer,cyclonedx-gomod,25,25,27,27,178,178,yes,179,178,26/0/152/24/2/1/24/2/3,26/0/152/24/2/1/24/2/3,,,no,match
itchyny__bed,syft,8,8,8,8,15,15,yes,16,15,8/0/7/8/0/0/8/0/0,8/0/7/8/0/0/8/0/0,,,no,match
itchyny__bed,trivy,8,8,8,8,15,15,yes,16,15,8/0/7/8/0/0/8/0/0,8/0/7/8/0/0/8/0/0,,,no,match
itchyny__bed,cdxgen,8,8,8,8,15,15,yes,16,15,8/0/7/8/0/0/8/0/0,8/0/7/8/0/0/8/0/0,,,no,match
itchyny__bed,cyclonedx-gomod,8,8,8,8,15,15,yes,16,15,8/0/7/8/0/0/8/0/0,8/0/7/8/0/0/8/0/0,,,no,match
ivanilves__lstags,syft,21,21,24,24,40,40,yes,41,40,34/0/6/21/13/0/24/10/0,34/0/6/21/13/0/24/10/0,,,no,match
ivanilves__lstags,trivy,21,21,24,24,40,40,yes,41,40,40/0/0/21/19/0/24/16/0,40/0/0/21/19/0/24/16/0,,,no,match
ivanilves__lstags,cdxgen,21,21,24,24,40,40,yes,41,40,26/0/14/21/5/0/24/2/0,26/0/14/21/5/0/24/2/0,,,no,match
ivanilves__lstags,cyclonedx-gomod,21,21,24,24,40,40,yes,41,40,23/0/17/21/2/0/21/2/3,23/0/17/21/2/0/21/2/3,,,no,match
iyashjayesh__goscaf,syft,11,11,11,11,31,31,yes,32,31,19/0/12/11/8/0/11/8/0,19/0/12/11/8/0/11/8/0,,,no,match
iyashjayesh__goscaf,trivy,11,11,11,11,31,31,yes,32,31,12/0/19/11/1/0/11/1/0,12/0/19/11/1/0/11/1/0,,,no,match
iyashjayesh__goscaf,cdxgen,11,11,11,11,31,31,yes,32,31,11/0/20/11/0/0/11/0/0,11/0/20/11/0/0/11/0/0,,,no,match
iyashjayesh__goscaf,cyclonedx-gomod,11,11,11,11,31,31,yes,32,31,12/0/19/11/1/0/11/1/0,12/0/19/11/1/0/11/1/0,,,no,match
iyashjayesh__monigo,syft,42,42,42,42,93,93,yes,94,93,62/36/31/42/56/0/42/56/0,62/36/31/42/56/0/42/56/0,,,no,match
iyashjayesh__monigo,trivy,42,42,42,42,93,93,yes,94,93,49/35/44/42/42/0/42/42/0,49/35/44/42/42/0/42/42/0,,,no,match
iyashjayesh__monigo,cdxgen,42,42,42,42,93,93,yes,94,93,44/16/49/42/18/0/42/18/0,44/16/49/42/18/0/42/18/0,,,no,match
iyashjayesh__monigo,cyclonedx-gomod,42,42,42,42,93,93,yes,94,93,44/0/49/42/2/0/42/2/0,44/0/49/42/2/0/42/2/0,,,no,match
jackc__pgx,syft,5,5,9,9,19,19,yes,20,19,13/0/6/5/8/0/9/4/0,13/0/6/5/8/0/9/4/0,,,no,match
jackc__pgx,trivy,5,5,9,9,19,19,yes,20,19,11/0/8/5/6/0/9/2/0,11/0/8/5/6/0/9/2/0,,,no,match
jackc__pgx,cdxgen,5,5,9,9,19,19,yes,20,19,5/0/14/5/0/0/5/0/4,5/0/14/5/0/0/5/0/4,,,no,match
jackc__pgx,cyclonedx-gomod,5,5,9,9,19,19,yes,20,19,4/0/15/4/0/1/4/0/5,4/0/15/4/0/1/4/0/5,,,no,match
jaegertracing__jaeger,syft,316,316,320,320,589,589,yes,590,589,482/196/107/316/362/0/320/358/0,482/196/107/316/362/0/320/358/0,,,no,match
jaegertracing__jaeger,trivy,316,316,320,320,589,589,yes,590,589,344/197/245/316/225/0/320/221/0,344/197/245/316/225/0/320/221/0,,,no,match
jaegertracing__jaeger,cdxgen,316,316,320,320,589,589,yes,590,589,316/1/273/316/1/0/316/1/4,316/1/273/316/1/0/316/1/4,,,no,match
jaegertracing__jaeger,cyclonedx-gomod,316,316,320,320,589,589,yes,590,589,319/0/270/311/8/5/311/8/9,319/0/270/311/8/5/311/8/9,,,no,match
jaffee__commandeer,syft,2,2,2,2,94,94,yes,95,94,4/0/90/2/2/0/2/2/0,4/0/90/2/2/0/2/2/0,,,no,match
jaffee__commandeer,trivy,2,2,2,2,94,94,yes,95,94,94/0/0/2/92/0/2/92/0,94/0/0/2/92/0/2/92/0,,,no,match
jaffee__commandeer,cdxgen,2,2,2,2,94,94,yes,95,94,2/0/92/2/0/0/2/0/0,2/0/92/2/0/0/2/0/0,,,no,match
jaffee__commandeer,cyclonedx-gomod,2,2,2,2,94,94,yes,95,94,3/0/91/2/1/0/2/1/0,3/0/91/2/1/0/2/1/0,,,no,match
james-bowman__sparse,syft,1,1,2,2,22,22,yes,23,22,2/0/20/1/1/0/2/0/0,2/0/20/1/1/0/2/0/0,,,no,match
james-bowman__sparse,trivy,1,1,2,2,22,22,yes,23,22,22/0/0/1/21/0/2/20/0,22/0/0/1/21/0/2/20/0,,,no,match
james-bowman__sparse,cdxgen,1,1,2,2,22,22,yes,23,22,1/0/21/1/0/0/1/0/1,1/0/21/1/0/0/1/0/1,,,no,match
james-bowman__sparse,cyclonedx-gomod,1,1,2,2,22,22,yes,23,22,1/0/21/1/0/0/1/0/1,1/0/21/1/0/0/1/0/1,,,no,match
jandelgado__rabtap,syft,16,16,16,16,23,23,yes,24,23,18/0/5/16/2/0/16/2/0,18/0/5/16/2/0/16/2/0,,,no,match
jandelgado__rabtap,trivy,16,16,16,16,23,23,yes,24,23,17/0/6/16/1/0/16/1/0,17/0/6/16/1/0/16/1/0,,,no,match
jandelgado__rabtap,cdxgen,16,16,16,16,23,23,yes,24,23,16/0/7/16/0/0/16/0/0,16/0/7/16/0/0/16/0/0,,,no,match
jandelgado__rabtap,cyclonedx-gomod,16,16,16,16,23,23,yes,24,23,17/0/6/16/1/0/16/1/0,17/0/6/16/1/0/16/1/0,,,no,match
janiltonmaciel__statiks,syft,7,7,41,41,66,66,yes,67,66,50/0/16/7/43/0/41/9/0,50/0/16/7/43/0/41/9/0,,,no,match
janiltonmaciel__statiks,trivy,7,7,41,41,66,66,yes,67,66,44/0/22/7/37/0/41/3/0,44/0/22/7/37/0/41/3/0,,,no,match
janiltonmaciel__statiks,cdxgen,7,7,41,41,66,66,yes,67,66,7/0/59/7/0/0/7/0/34,7/0/59/7/0/0/7/0/34,,,no,match
janiltonmaciel__statiks,cyclonedx-gomod,7,7,41,41,66,66,yes,67,66,7/0/59/7/0/0/7/0/34,7/0/59/7/0/0/7/0/34,,,no,match
janpfeifer__gonb,syft,31,31,35,35,58,58,yes,59,58,47/0/11/31/16/0/35/12/0,47/0/11/31/16/0/35/12/0,,,no,match
janpfeifer__gonb,trivy,31,31,35,35,58,58,yes,59,58,40/0/18/31/9/0/35/5/0,40/0/18/31/9/0/35/5/0,,,no,match
janpfeifer__gonb,cdxgen,31,31,35,35,58,58,yes,59,58,31/0/27/31/0/0/31/0/4,31/0/27/31/0/0/31/0/4,,,no,match
janpfeifer__gonb,cyclonedx-gomod,31,31,35,35,58,58,yes,59,58,34/0/24/31/3/0/31/3/4,34/0/24/31/3/0/31/3/4,,,no,match
jaschaephraim__lrserver,syft,2,2,7,7,25,25,yes,26,25,8/0/17/2/6/0/7/1/0,8/0/17/2/6/0/7/1/0,,,no,match
jaschaephraim__lrserver,trivy,2,2,7,7,25,25,yes,26,25,8/0/17/2/6/0/7/1/0,8/0/17/2/6/0/7/1/0,,,no,match
jaschaephraim__lrserver,cdxgen,2,2,7,7,25,25,yes,26,25,2/0/23/2/0/0/2/0/5,2/0/23/2/0/0/2/0/5,,,no,match
jaschaephraim__lrserver,cyclonedx-gomod,2,2,7,7,25,25,yes,26,25,2/0/23/2/0/0/2/0/5,2/0/23/2/0/0/2/0/5,,,no,match
jcuga__golongpoll,syft,1,1,1,1,1,1,yes,2,1,1/0/0/1/0/0/1/0/0,1/0/0/1/0/0/1/0/0,,,no,match
jcuga__golongpoll,trivy,1,1,1,1,1,1,yes,2,1,1/0/0/1/0/0/1/0/0,1/0/0/1/0/0/1/0/0,,,no,match
jcuga__golongpoll,cdxgen,1,1,1,1,1,1,yes,2,1,1/0/0/1/0/0/1/0/0,1/0/0/1/0/0/1/0/0,,,no,match
jcuga__golongpoll,cyclonedx-gomod,1,1,1,1,1,1,yes,2,1,1/0/0/1/0/0/1/0/0,1/0/0/1/0/0/1/0/0,,,no,match
jeffail__leaps,syft,14,14,14,14,91,91,yes,93,91,27/0/64/14/13/0/14/13/0,27/0/64/14/13/0/14/13/0,,,no,match
jeffail__leaps,trivy,14,14,14,14,91,91,yes,93,91,91/0/0/14/77/0/14/77/0,91/0/0/14/77/0/14/77/0,,,no,match
jeffail__leaps,cdxgen,14,14,14,14,91,91,yes,93,91,14/0/77/14/0/0/14/0/0,14/0/77/14/0/0/14/0/0,,,no,match
jeffail__leaps,cyclonedx-gomod,14,14,14,14,91,91,yes,93,91,32/0/59/14/18/0/14/18/0,32/0/59/14/18/0/14/18/0,,,no,match
jellydator__ttlcache,syft,1,1,6,6,11,11,yes,12,11,9/2/2/1/10/0/6/5/0,9/2/2/1/10/0/6/5/0,,,no,match
jellydator__ttlcache,trivy,1,1,6,6,11,11,yes,12,11,7/2/4/1/8/0/6/3/0,7/2/4/1/8/0/6/3/0,,,no,match
jellydator__ttlcache,cdxgen,1,1,6,6,11,11,yes,12,11,1/0/10/1/0/0/1/0/5,1/0/10/1/0/0/1/0/5,,,no,match
jellydator__ttlcache,cyclonedx-gomod,1,1,6,6,11,11,yes,12,11,1/0/10/1/0/0/1/0/5,1/0/10/1/0/0/1/0/5,,,no,match
jenkins-zh__jenkins-cli,syft,67,67,80,80,422,422,yes,423,422,110/0/312/67/43/0/80/30/0,110/0/312/67/43/0/80/30/0,,,no,match
jenkins-zh__jenkins-cli,trivy,67,67,80,80,422,422,yes,423,422,94/0/328/67/27/0/80/14/0,94/0/328/67/27/0/80/14/0,,,no,match
jenkins-zh__jenkins-cli,cdxgen,67,67,80,80,422,422,yes,423,422,67/0/355/67/0/0/67/0/13,67/0/355/67/0/0/67/0/13,,,no,match
jenkins-zh__jenkins-cli,cyclonedx-gomod,67,67,80,80,422,422,yes,423,422,74/0/348/67/7/0/67/7/13,74/0/348/67/7/0/67/7/13,,,no,match
jeroenrinzema__commander,syft,12,12,12,12,368,368,yes,369,368,24/4/344/12/16/0/12/16/0,24/4/344/12/16/0/12/16/0,,,no,match
jeroenrinzema__commander,trivy,12,12,12,12,368,368,yes,369,368,368/14/0/12/370/0/12/370/0,368/14/0/12/370/0/12/370/0,,,no,match
jeroenrinzema__commander,cdxgen,12,12,12,12,368,368,yes,369,368,12/0/356/12/0/0/12/0/0,12/0/356/12/0/0/12/0/0,,,no,match
jeroenrinzema__commander,cyclonedx-gomod,12,12,12,12,368,368,yes,369,368,132/0/236/12/120/0/12/120/0,132/0/236/12/120/0/12/120/0,,,no,match
jeroenrinzema__psql-wire,syft,10,10,11,11,28,28,yes,29,28,19/0/9/10/9/0/11/8/0,19/0/9/10/9/0/11/8/0,,,no,match
jeroenrinzema__psql-wire,trivy,10,10,11,11,28,28,yes,29,28,16/0/12/10/6/0/11/5/0,16/0/12/10/6/0/11/5/0,,,no,match
jeroenrinzema__psql-wire,cdxgen,10,10,11,11,28,28,yes,29,28,10/0/18/10/0/0/10/0/1,10/0/18/10/0/0/10/0/1,,,no,match
jeroenrinzema__psql-wire,cyclonedx-gomod,10,10,11,11,28,28,yes,29,28,10/0/18/7/3/3/7/3/4,10/0/18/7/3/3/7/3/4,,,no,match
jessevdk__go-flags,syft,1,1,2,2,11,11,yes,12,11,6/0/5/1/5/0/2/4/0,6/0/5/1/5/0/2/4/0,,,no,match
jessevdk__go-flags,trivy,1,1,2,2,11,11,yes,12,11,11/0/0/1/10/0/2/9/0,11/0/0/1/10/0/2/9/0,,,no,match
jessevdk__go-flags,cdxgen,1,1,2,2,11,11,yes,12,11,1/0/10/1/0/0/1/0/1,1/0/10/1/0/0/1/0/1,,,no,match
jessevdk__go-flags,cyclonedx-gomod,1,1,2,2,11,11,yes,12,11,1/0/10/1/0/0/1/0/1,1/0/10/1/0/0/1/0/1,,,no,match
jexia__semaphore,syft,47,47,52,52,230,230,yes,231,230,97/1/133/47/51/0/52/46/0,97/1/133/47/51/0/52/46/0,,,no,match
jexia__semaphore,trivy,47,47,52,52,230,230,yes,231,230,230/1/0/47/184/0/52/179/0,230/1/0/47/184/0/52/179/0,,,no,match
jexia__semaphore,cdxgen,47,47,52,52,230,230,yes,231,230,63/0/167/47/16/0/52/11/0,63/0/167/47/16/0/52/11/0,,,no,match
jexia__semaphore,cyclonedx-gomod,47,47,52,52,230,230,yes,231,230,54/1/176/46/9/1/46/9/6,54/1/176/46/9/1/46/9/6,,,no,match
jf-tech__omniparser,syft,21,21,24,24,126,126,yes,127,126,29/0/97/21/8/0/24/5/0,29/0/97/21/8/0/24/5/0,,,no,match
jf-tech__omniparser,trivy,21,21,24,24,126,126,yes,127,126,126/0/0/21/105/0/24/102/0,126/0/0/21/105/0/24/102/0,,,no,match
jf-tech__omniparser,cdxgen,21,21,24,24,126,126,yes,127,126,21/0/105/21/0/0/21/0/3,21/0/105/21/0/0/21/0/3,,,no,match
jf-tech__omniparser,cyclonedx-gomod,21,21,24,24,126,126,yes,127,126,22/0/104/21/1/0/21/1/3,22/0/104/21/1/0/21/1/3,,,no,match
jfcg__sorty,syft,1,1,2,2,3,3,yes,4,3,3/0/0/1/2/0/2/1/0,3/0/0/1/2/0/2/1/0,,,no,match
jfcg__sorty,trivy,1,1,2,2,3,3,yes,4,3,3/0/0/1/2/0/2/1/0,3/0/0/1/2/0/2/1/0,,,no,match
jfcg__sorty,cdxgen,1,1,2,2,3,3,yes,4,3,1/0/2/1/0/0/1/0/1,1/0/2/1/0/0/1/0/1,,,no,match
jfcg__sorty,cyclonedx-gomod,1,1,2,2,3,3,yes,4,3,1/0/2/1/0/0/1/0/1,1/0/2/1/0/0/1/0/1,,,no,match
jfeliu007__goplantuml,syft,2,2,2,2,78,78,yes,79,78,2/0/76/2/0/0/2/0/0,2/0/76/2/0/0/2/0/0,,,no,match
jfeliu007__goplantuml,trivy,2,2,2,2,78,78,yes,79,78,2/0/76/2/0/0/2/0/0,2/0/76/2/0/0/2/0/0,,,no,match
jfeliu007__goplantuml,cdxgen,2,2,2,2,78,78,yes,79,78,2/0/76/2/0/0/2/0/0,2/0/76/2/0/0/2/0/0,,,no,match
jfeliu007__goplantuml,cyclonedx-gomod,2,2,2,2,78,78,yes,79,78,2/0/76/2/0/0/2/0/0,2/0/76/2/0/0/2/0/0,,,no,match
jferrl__go-githubauth,syft,2,2,2,2,3,3,yes,4,3,2/0/1/2/0/0/2/0/0,2/0/1/2/0/0/2/0/0,,,no,match
jferrl__go-githubauth,trivy,2,2,2,2,3,3,yes,4,3,2/0/1/2/0/0/2/0/0,2/0/1/2/0/0/2/0/0,,,no,match
jferrl__go-githubauth,cdxgen,2,2,2,2,3,3,yes,4,3,2/0/1/2/0/0/2/0/0,2/0/1/2/0/0/2/0/0,,,no,match
jferrl__go-githubauth,cyclonedx-gomod,2,2,2,2,3,3,yes,4,3,2/0/1/2/0/0/2/0/0,2/0/1/2/0/0/2/0/0,,,no,match
jfilipczyk__gomatch,syft,1,1,4,4,5,5,yes,6,5,4/0/1/1/3/0/4/0/0,4/0/1/1/3/0/4/0/0,,,no,match
jfilipczyk__gomatch,trivy,1,1,4,4,5,5,yes,6,5,5/0/0/1/4/0/4/1/0,5/0/0/1/4/0/4/1/0,,,no,match
jfilipczyk__gomatch,cdxgen,1,1,4,4,5,5,yes,6,5,1/0/4/1/0/0/1/0/3,1/0/4/1/0/0/1/0/3,,,no,match
jfilipczyk__gomatch,cyclonedx-gomod,1,1,4,4,5,5,yes,6,5,1/0/4/1/0/0/1/0/3,1/0/4/1/0/0/1/0/3,,,no,match
jfrog__froggit-go,syft,39,39,43,43,124,124,yes,125,124,70/0/54/39/31/0/43/27/0,70/0/54/39/31/0/43/27/0,,,no,match
jfrog__froggit-go,trivy,39,39,43,43,124,124,yes,125,124,44/0/80/39/5/0/43/1/0,44/0/80/39/5/0/43/1/0,,,no,match
jfrog__froggit-go,cdxgen,39,39,43,43,124,124,yes,125,124,39/0/85/39/0/0/39/0/4,39/0/85/39/0/0/39/0/4,,,no,match
jfrog__froggit-go,cyclonedx-gomod,39,39,43,43,124,124,yes,125,124,40/0/84/39/1/0/39/1/4,40/0/84/39/1/0/39/1/4,,,no,match
jgroeneveld__trial,syft,1,1,1,1,1,1,yes,2,1,1/0/0/1/0/0/1/0/0,1/0/0/1/0/0/1/0/0,,,no,match
jgroeneveld__trial,trivy,1,1,1,1,1,1,yes,2,1,1/0/0/1/0/0/1/0/0,1/0/0/1/0/0/1/0/0,,,no,match
jgroeneveld__trial,cdxgen,1,1,1,1,1,1,yes,2,1,1/0/0/1/0/0/1/0/0,1/0/0/1/0/0/1/0/0,,,no,match
jgroeneveld__trial,cyclonedx-gomod,1,1,1,1,1,1,yes,2,1,1/0/0/1/0/0/1/0/0,1/0/0/1/0/0/1/0/0,,,no,match
jimlambrt__gldap,syft,16,16,16,16,48,48,yes,49,48,24/0/24/16/8/0/16/8/0,24/0/24/16/8/0/16/8/0,,,no,match
jimlambrt__gldap,trivy,16,16,16,16,48,48,yes,49,48,20/0/28/16/4/0/16/4/0,20/0/28/16/4/0/16/4/0,,,no,match
jimlambrt__gldap,cdxgen,16,16,16,16,48,48,yes,49,48,16/0/32/16/0/0/16/0/0,16/0/32/16/0/0/16/0/0,,,no,match
jimlambrt__gldap,cyclonedx-gomod,16,16,16,16,48,48,yes,49,48,20/0/28/16/4/0/16/4/0,20/0/28/16/4/0/16/4/0,,,no,match
jirenius__go-res,syft,20,20,20,20,60,60,yes,61,60,29/0/31/20/9/0/20/9/0,29/0/31/20/9/0/20/9/0,,,no,match
jirenius__go-res,trivy,20,20,20,20,60,60,yes,61,60,21/0/39/20/1/0/20/1/0,21/0/39/20/1/0/20/1/0,,,no,match
jirenius__go-res,cdxgen,20,20,20,20,60,60,yes,61,60,20/0/40/20/0/0/20/0/0,20/0/40/20/0/0/20/0/0,,,no,match
jirenius__go-res,cyclonedx-gomod,20,20,20,20,60,60,yes,61,60,20/0/40/20/0/0/20/0/0,20/0/40/20/0/0/20/0/0,,,no,match
jkaninda__goma-gateway,syft,63,63,66,66,308,308,yes,309,308,90/0/218/63/27/0/66/24/0,90/0/218/63/27/0/66/24/0,,,no,match
jkaninda__goma-gateway,trivy,63,63,66,66,308,308,yes,309,308,71/0/237/63/8/0/66/5/0,71/0/237/63/8/0/66/5/0,,,no,match
jkaninda__goma-gateway,cdxgen,63,63,66,66,308,308,yes,309,308,63/0/245/63/0/0/63/0/3,63/0/245/63/0/0/63/0/3,,,no,match
jkaninda__goma-gateway,cyclonedx-gomod,63,63,66,66,308,308,yes,309,308,68/0/240/63/5/0/63/5/3,68/0/240/63/5/0/63/5/3,,,no,match
jltorresm__otpgo,syft,1,1,1,1,1,1,yes,2,1,1/0/0/1/0/0/1/0/0,1/0/0/1/0/0/1/0/0,,,no,match
jltorresm__otpgo,trivy,1,1,1,1,1,1,yes,2,1,1/0/0/1/0/0/1/0/0,1/0/0/1/0/0/1/0/0,,,no,match
jltorresm__otpgo,cdxgen,1,1,1,1,1,1,yes,2,1,1/0/0/1/0/0/1/0/0,1/0/0/1/0/0/1/0/0,,,no,match
jltorresm__otpgo,cyclonedx-gomod,1,1,1,1,1,1,yes,2,1,1/0/0/1/0/0/1/0/0,1/0/0/1/0/0/1/0/0,,,no,match
jmattheis__goverter,syft,4,4,8,8,22,22,yes,23,22,10/3/12/4/9/0/8/5/0,10/3/12/4/9/0/8/5/0,,,no,match
jmattheis__goverter,trivy,4,4,8,8,22,22,yes,23,22,9/5/13/4/10/0/8/6/0,9/5/13/4/10/0/8/6/0,,,no,match
jmattheis__goverter,cdxgen,4,4,8,8,22,22,yes,23,22,4/2/18/4/2/0/4/2/4,4/2/18/4/2/0/4/2/4,,,no,match
jmattheis__goverter,cyclonedx-gomod,4,4,8,8,22,22,yes,23,22,4/0/18/4/0/0/4/0/4,4/0/18/4/0/0/4/0/4,,,no,match
jmorganca__ollama,syft,71,71,75,75,176,176,yes,177,176,112/0/64/71/41/0/75/37/0,112/0/64/71/41/0/75/37/0,,,no,match
jmorganca__ollama,trivy,71,71,75,75,176,176,yes,177,176,94/0/82/71/23/0/75/19/0,94/0/82/71/23/0/75/19/0,,,no,match
jmorganca__ollama,cdxgen,71,71,75,75,176,176,yes,177,176,71/0/105/71/0/0/71/0/4,71/0/105/71/0/0/71/0/4,,,no,match
jmorganca__ollama,cyclonedx-gomod,71,71,75,75,176,176,yes,177,176,89/0/87/71/18/0/71/18/4,89/0/87/71/18/0/71/18/4,,,no,match
joakimcarlsson__bonk,syft,12,12,12,12,23,23,yes,24,23,21/0/2/12/9/0/12/9/0,21/0/2/12/9/0/12/9/0,,,no,match
joakimcarlsson__bonk,trivy,12,12,12,12,23,23,yes,24,23,12/0/11/12/0/0/12/0/0,12/0/11/12/0/0/12/0/0,,,no,match
joakimcarlsson__bonk,cdxgen,12,12,12,12,23,23,yes,24,23,12/0/11/12/0/0/12/0/0,12/0/11/12/0/0/12/0/0,,,no,match
joakimcarlsson__bonk,cyclonedx-gomod,12,12,12,12,23,23,yes,24,23,12/0/11/12/0/0/12/0/0,12/0/11/12/0/0/12/0/0,,,no,match
joerdav__xc,syft,25,25,25,25,48,48,yes,49,48,37/1/11/25/13/0/25/13/0,37/1/11/25/13/0/25/13/0,,,no,match
joerdav__xc,trivy,25,25,25,25,48,48,yes,49,48,26/1/22/25/2/0/25/2/0,26/1/22/25/2/0/25/2/0,,,no,match
joerdav__xc,cdxgen,25,25,25,25,48,48,yes,49,48,25/0/23/25/0/0/25/0/0,25/0/23/25/0/0/25/0/0,,,no,match
joerdav__xc,cyclonedx-gomod,25,25,25,25,48,48,yes,49,48,26/0/22/25/1/0/25/1/0,26/0/22/25/1/0/25/1/0,,,no,match
joetifa2003__mm-go,syft,1,1,5,5,7,7,yes,8,7,6/0/1/1/5/0/5/1/0,6/0/1/1/5/0/5/1/0,,,no,match
joetifa2003__mm-go,trivy,1,1,5,5,7,7,yes,8,7,5/0/2/1/4/0/5/0/0,5/0/2/1/4/0/5/0/0,,,no,match
joetifa2003__mm-go,cdxgen,1,1,5,5,7,7,yes,8,7,1/0/6/1/0/0/1/0/4,1/0/6/1/0/0/1/0/4,,,no,match
joetifa2003__mm-go,cyclonedx-gomod,1,1,5,5,7,7,yes,8,7,1/0/6/1/0/0/1/0/4,1/0/6/1/0/0/1/0/4,,,no,match
johnfercher__maroto,syft,21,21,21,21,31,31,yes,32,31,22/0/9/21/1/0/21/1/0,22/0/9/21/1/0/21/1/0,,,no,match
johnfercher__maroto,trivy,21,21,21,21,31,31,yes,32,31,21/0/10/21/0/0/21/0/0,21/0/10/21/0/0/21/0/0,,,no,match
johnfercher__maroto,cdxgen,21,21,21,21,31,31,yes,32,31,21/0/10/21/0/0/21/0/0,21/0/10/21/0/0/21/0/0,,,no,match
johnfercher__maroto,cyclonedx-gomod,21,21,21,21,31,31,yes,32,31,21/0/10/21/0/0/21/0/0,21/0/10/21/0/0/21/0/0,,,no,match
jonbaldie__go-mutesting,syft,21,21,21,21,34,34,yes,35,34,26/0/8/21/5/0/21/5/0,26/0/8/21/5/0/21/5/0,,,no,match
jonbaldie__go-mutesting,trivy,21,21,21,21,34,34,yes,35,34,23/0/11/21/2/0/21/2/0,23/0/11/21/2/0/21/2/0,,,no,match
jonbaldie__go-mutesting,cdxgen,21,21,21,21,34,34,yes,35,34,21/0/13/21/0/0/21/0/0,21/0/13/21/0/0/21/0/0,,,no,match
jonbaldie__go-mutesting,cyclonedx-gomod,21,21,21,21,34,34,yes,35,34,21/0/13/21/0/0/21/0/0,21/0/13/21/0/0/21/0/0,,,no,match
jonoton__scout,syft,56,56,56,56,88,88,yes,89,88,66/0/22/56/10/0/56/10/0,66/0/22/56/10/0/56/10/0,,,no,match
jonoton__scout,trivy,56,56,56,56,88,88,yes,89,88,59/0/29/56/3/0/56/3/0,59/0/29/56/3/0/56/3/0,,,no,match
jonoton__scout,cdxgen,56,56,56,56,88,88,yes,89,88,56/0/32/56/0/0/56/0/0,56/0/32/56/0/0/56/0/0,,,no,match
jonoton__scout,cyclonedx-gomod,56,56,56,56,88,88,yes,89,88,57/0/31/56/1/0/56/1/0,57/0/31/56/1/0/56/1/0,,,no,match
jonreiter__govader,syft,1,1,1,1,11,11,yes,12,11,2/0/9/1/1/0/1/1/0,2/0/9/1/1/0/1/1/0,,,no,match
jonreiter__govader,trivy,1,1,1,1,11,11,yes,12,11,11/0/0/1/10/0/1/10/0,11/0/0/1/10/0/1/10/0,,,no,match
jonreiter__govader,cdxgen,1,1,1,1,11,11,yes,12,11,1/0/10/1/0/0/1/0/0,1/0/10/1/0/0/1/0/0,,,no,match
jonreiter__govader,cyclonedx-gomod,1,1,1,1,11,11,yes,12,11,1/0/10/1/0/0/1/0/0,1/0/10/1/0/0/1/0/0,,,no,match
joshmedeski__sesh,syft,36,36,36,36,52,52,yes,53,52,42/0/10/36/6/0/36/6/0,42/0/10/36/6/0/36/6/0,,,no,match
joshmedeski__sesh,trivy,36,36,36,36,52,52,yes,53,52,37/0/15/36/1/0/36/1/0,37/0/15/36/1/0/36/1/0,,,no,match
joshmedeski__sesh,cdxgen,36,36,36,36,52,52,yes,53,52,36/0/16/36/0/0/36/0/0,36/0/16/36/0/0/36/0/0,,,no,match
joshmedeski__sesh,cyclonedx-gomod,36,36,36,36,52,52,yes,53,52,36/0/16/35/1/1/35/1/1,36/0/16/35/1/1/35/1/1,,,no,match
jovandeginste__payme,syft,19,19,23,23,38,38,yes,39,38,30/0/8/19/11/0/23/7/0,30/0/8/19/11/0/23/7/0,,,no,match
jovandeginste__payme,trivy,19,19,23,23,38,38,yes,39,38,24/0/14/19/5/0/23/1/0,24/0/14/19/5/0/23/1/0,,,no,match
jovandeginste__payme,cdxgen,19,19,23,23,38,38,yes,39,38,24/0/14/19/5/0/23/1/0,24/0/14/19/5/0/23/1/0,,,no,match
jovandeginste__payme,cyclonedx-gomod,19,19,23,23,38,38,yes,39,38,20/0/18/19/1/0/19/1/4,20/0/18/19/1/0/19/1/4,,,no,match
jroimartin__gocui,syft,2,2,2,2,2,2,yes,3,2,2/0/0/2/0/0/2/0/0,2/0/0/2/0/0/2/0/0,,,no,match
jroimartin__gocui,trivy,2,2,2,2,2,2,yes,3,2,2/0/0/2/0/0/2/0/0,2/0/0/2/0/0/2/0/0,,,no,match
jroimartin__gocui,cdxgen,2,2,2,2,2,2,yes,3,2,2/0/0/2/0/0/2/0/0,2/0/0/2/0/0/2/0/0,,,no,match
jroimartin__gocui,cyclonedx-gomod,2,2,2,2,2,2,yes,3,2,2/0/0/2/0/0/2/0/0,2/0/0/2/0/0/2/0/0,,,no,match
jschoedt__go-firestorm,syft,15,15,16,16,32,32,yes,33,32,32/0/0/15/17/0/16/16/0,32/0/0/15/17/0/16/16/0,,,no,match
jschoedt__go-firestorm,trivy,15,15,16,16,32,32,yes,33,32,32/0/0/15/17/0/16/16/0,32/0/0/15/17/0/16/16/0,,,no,match
jschoedt__go-firestorm,cdxgen,15,15,16,16,32,32,yes,33,32,15/0/17/15/0/0/15/0/1,15/0/17/15/0/0/15/0/1,,,no,match
jschoedt__go-firestorm,cyclonedx-gomod,15,15,16,16,32,32,yes,33,32,NA,NA,,,no,match
json-iterator__go,syft,2,2,7,7,9,9,yes,10,9,8/0/1/2/6/0/7/1/0,8/0/1/2/6/0/7/1/0,,,no,match
json-iterator__go,trivy,2,2,7,7,9,9,yes,10,9,9/0/0/2/7/0/7/2/0,9/0/0/2/7/0/7/2/0,,,no,match
json-iterator__go,cdxgen,2,2,7,7,9,9,yes,10,9,2/0/7/2/0/0/2/0/5,2/0/7/2/0/0/2/0/5,,,no,match
json-iterator__go,cyclonedx-gomod,2,2,7,7,9,9,yes,10,9,2/0/7/2/0/0/2/0/5,2/0/7/2/0/0/2/0/5,,,no,match
juicedata__juicefs,syft,305,305,317,317,713,713,yes,714,713,378/11/335/295/94/10/307/82/10,378/11/335/295/94/10/307/82/10,,,no,match
juicedata__juicefs,trivy,305,305,317,317,713,713,yes,714,713,NA,NA,,,no,match
juicedata__juicefs,cdxgen,305,305,317,317,713,713,yes,714,713,305/0/408/305/0/0/305/0/12,305/0/408/305/0/0/305/0/12,,,no,match
juicedata__juicefs,cyclonedx-gomod,305,305,317,317,713,713,yes,714,713,311/10/402/293/28/12/293/28/24,311/10/402/293/28/12/293/28/24,,,no,match
julienschmidt__go-http-routing-benchmark,syft,82,82,82,82,134,134,yes,135,134,98/0/36/82/16/0/82/16/0,98/0/36/82/16/0/82/16/0,,,no,match
julienschmidt__go-http-routing-benchmark,trivy,82,82,82,82,134,134,yes,135,134,134/0/0/82/52/0/82/52/0,134/0/0/82/52/0/82/52/0,,,no,match
julienschmidt__go-http-routing-benchmark,cdxgen,82,82,82,82,134,134,yes,135,134,82/0/52/82/0/0/82/0/0,82/0/52/82/0/0/82/0/0,,,no,match
julienschmidt__go-http-routing-benchmark,cyclonedx-gomod,82,82,82,82,134,134,yes,135,134,86/0/48/82/4/0/82/4/0,86/0/48/82/4/0/82/4/0,,,no,match
junegunn__fzf,syft,6,6,6,6,18,18,yes,19,18,11/0/7/6/5/0/6/5/0,11/0/7/6/5/0/6/5/0,,,no,match
junegunn__fzf,trivy,6,6,6,6,18,18,yes,19,18,11/0/7/6/5/0/6/5/0,11/0/7/6/5/0/6/5/0,,,no,match
junegunn__fzf,cdxgen,6,6,6,6,18,18,yes,19,18,6/0/12/6/0/0/6/0/0,6/0/12/6/0/0/6/0/0,,,no,match
junegunn__fzf,cyclonedx-gomod,6,6,6,6,18,18,yes,19,18,11/0/7/6/5/0/6/5/0,11/0/7/6/5/0/6/5/0,,,no,match
junevm__cdns,syft,40,40,45,45,65,65,yes,66,65,57/0/8/40/17/0/45/12/0,57/0/8/40/17/0/45/12/0,,,no,match
junevm__cdns,trivy,40,40,45,45,65,65,yes,66,65,49/0/16/40/9/0/45/4/0,49/0/16/40/9/0/45/4/0,,,no,match
junevm__cdns,cdxgen,40,40,45,45,65,65,yes,66,65,40/0/25/40/0/0/40/0/5,40/0/25/40/0/0/40/0/5,,,no,match
junevm__cdns,cyclonedx-gomod,40,40,45,45,65,65,yes,66,65,44/0/21/40/4/0/40/4/5,44/0/21/40/4/0/40/4/5,,,no,match
jutkko__copy-pasta,syft,10,10,18,18,29,29,yes,30,29,24/0/5/10/14/0/18/6/0,24/0/5/10/14/0/18/6/0,,,no,match
jutkko__copy-pasta,trivy,10,10,18,18,29,29,yes,30,29,29/0/0/10/19/0/18/11/0,29/0/0/10/19/0/18/11/0,,,no,match
jutkko__copy-pasta,cdxgen,10,10,18,18,29,29,yes,30,29,21/0/8/10/11/0/18/3/0,21/0/8/10/11/0/18/3/0,,,no,match
jutkko__copy-pasta,cyclonedx-gomod,10,10,18,18,29,29,yes,30,29,14/0/15/10/4/0/11/3/7,14/0/15/10/4/0/11/3/7,,,no,match
jvcoutinho__lit,syft,3,3,7,7,12,12,yes,13,12,8/0/4/3/5/0/7/1/0,8/0/4/3/5/0/7/1/0,,,no,match
jvcoutinho__lit,trivy,3,3,7,7,12,12,yes,13,12,7/0/5/3/4/0/7/0/0,7/0/5/3/4/0/7/0/0,,,no,match
jvcoutinho__lit,cdxgen,3,3,7,7,12,12,yes,13,12,3/0/9/3/0/0/3/0/4,3/0/9/3/0/0/3/0/4,,,no,match
jvcoutinho__lit,cyclonedx-gomod,3,3,7,7,12,12,yes,13,12,3/0/9/3/0/0/3/0/4,3/0/9/3/0/0/3/0/4,,,no,match
jxskiss__mcli,syft,1,1,5,5,7,7,yes,8,7,6/0/1/1/5/0/5/1/0,6/0/1/1/5/0/5/1/0,,,no,match
jxskiss__mcli,trivy,1,1,5,5,7,7,yes,8,7,5/0/2/1/4/0/5/0/0,5/0/2/1/4/0/5/0/0,,,no,match
jxskiss__mcli,cdxgen,1,1,5,5,7,7,yes,8,7,1/0/6/1/0/0/1/0/4,1/0/6/1/0/0/1/0/4,,,no,match
jxskiss__mcli,cyclonedx-gomod,1,1,5,5,7,7,yes,8,7,1/0/6/1/0/0/1/0/4,1/0/6/1/0/0/1/0/4,,,no,match
k-capehart__go-salesforce,syft,6,6,6,6,33,33,yes,34,33,15/0/18/6/9/0/6/9/0,15/0/18/6/9/0/6/9/0,,,no,match
k-capehart__go-salesforce,trivy,6,6,6,6,33,33,yes,34,33,9/0/24/6/3/0/6/3/0,9/0/24/6/3/0/6/3/0,,,no,match
k-capehart__go-salesforce,cdxgen,6,6,6,6,33,33,yes,34,33,6/0/27/6/0/0/6/0/0,6/0/27/6/0/0/6/0/0,,,no,match
k-capehart__go-salesforce,cyclonedx-gomod,6,6,6,6,33,33,yes,34,33,6/0/27/6/0/0/6/0/0,6/0/27/6/0/0/6/0/0,,,no,match
k0kubun__pp,syft,4,4,4,4,7,7,yes,8,7,4/0/3/4/0/0/4/0/0,4/0/3/4/0/0/4/0/0,,,no,match
k0kubun__pp,trivy,4,4,4,4,7,7,yes,8,7,4/0/3/4/0/0/4/0/0,4/0/3/4/0/0/4/0/0,,,no,match
k0kubun__pp,cdxgen,4,4,4,4,7,7,yes,8,7,4/0/3/4/0/0/4/0/0,4/0/3/4/0/0/4/0/0,,,no,match
k0kubun__pp,cyclonedx-gomod,4,4,4,4,7,7,yes,8,7,4/0/3/4/0/0/4/0/0,4/0/3/4/0/0/4/0/0,,,no,match
k0sproject__k0s,syft,267,267,274,274,608,608,yes,609,608,378/2/230/267/113/0/274/106/0,378/2/230/267/113/0/274/106/0,,,no,match
k0sproject__k0s,trivy,267,267,274,274,608,608,yes,609,608,287/0/321/267/20/0/274/13/0,287/0/321/267/20/0/274/13/0,,,no,match
k0sproject__k0s,cdxgen,267,267,274,274,608,608,yes,609,608,297/2/311/267/32/0/274/25/0,297/2/311/267/32/0/274/25/0,,,no,match
k0sproject__k0s,cyclonedx-gomod,267,267,274,274,608,608,yes,609,608,275/0/333/262/13/5/262/13/12,275/0/333/262/13/5/262/13/12,,,no,match
k3s-io__k3s,syft,419,419,419,419,1112,1112,yes,1113,1112,496/50/616/377/169/42/377/169/42,496/50/616/377/169/42/377/169/42,,,no,match
k3s-io__k3s,trivy,419,419,419,419,1112,1112,yes,1113,1112,425/42/687/377/90/42/377/90/42,425/42/687/377/90/42/377/90/42,,,no,match
k3s-io__k3s,cdxgen,419,419,419,419,1112,1112,yes,1113,1112,419/0/693/419/0/0/419/0/0,419/0/693/419/0/0/419/0/0,,,no,match
k3s-io__k3s,cyclonedx-gomod,419,419,419,419,1112,1112,yes,1113,1112,424/42/688/376/90/43/376/90/43,424/42/688/376/90/43/376/90/43,,,no,match
k8gb-io__k8gb,syft,99,99,100,100,313,313,yes,314,313,161/58/152/99/120/0/100/119/0,161/58/152/99/120/0/100/119/0,,,no,match
k8gb-io__k8gb,trivy,99,99,100,100,313,313,yes,314,313,138/56/175/99/95/0/100/94/0,138/56/175/99/95/0/100/94/0,,,no,match
k8gb-io__k8gb,cdxgen,99,99,100,100,313,313,yes,314,313,122/53/191/99/76/0/99/76/1,122/53/191/99/76/0/99/76/1,,,no,match
k8gb-io__k8gb,cyclonedx-gomod,99,99,100,100,313,313,yes,314,313,95/0/218/93/2/6/93/2/7,95/0/218/93/2/6/93/2/7,,,no,match
kak-tus__ami,syft,3,3,10,10,33,33,yes,34,33,25/0/8/3/22/0/10/15/0,25/0/8/3/22/0/10/15/0,,,no,match
kak-tus__ami,trivy,3,3,10,10,33,33,yes,34,33,33/0/0/3/30/0/10/23/0,33/0/0/3/30/0/10/23/0,,,no,match
kak-tus__ami,cdxgen,3,3,10,10,33,33,yes,34,33,3/0/30/3/0/0/3/0/7,3/0/30/3/0/0/3/0/7,,,no,match
kak-tus__ami,cyclonedx-gomod,3,3,10,10,33,33,yes,34,33,3/0/30/3/0/0/3/0/7,3/0/30/3/0/0/3/0/7,,,no,match
kak-tus__nan,syft,9,9,13,13,21,21,yes,22,21,18/0/3/9/9/0/13/5/0,18/0/3/9/9/0/13/5/0,,,no,match
kak-tus__nan,trivy,9,9,13,13,21,21,yes,22,21,21/0/0/9/12/0/13/8/0,21/0/0/9/12/0/13/8/0,,,no,match
kak-tus__nan,cdxgen,9,9,13,13,21,21,yes,22,21,9/0/12/9/0/0/9/0/4,9/0/12/9/0/0/9/0/4,,,no,match
kak-tus__nan,cyclonedx-gomod,9,9,13,13,21,21,yes,22,21,9/0/12/9/0/0/9/0/4,9/0/12/9/0/0/9/0/4,,,no,match
kamva__mgm,syft,16,16,17,17,26,26,yes,27,26,20/0/6/16/4/0/17/3/0,20/0/6/16/4/0/17/3/0,,,no,match
kamva__mgm,trivy,16,16,17,17,26,26,yes,27,26,17/0/9/16/1/0/17/0/0,17/0/9/16/1/0/17/0/0,,,no,match
kamva__mgm,cdxgen,16,16,17,17,26,26,yes,27,26,16/0/10/16/0/0/16/0/1,16/0/10/16/0/0/16/0/1,,,no,match
kamva__mgm,cyclonedx-gomod,16,16,17,17,26,26,yes,27,26,13/0/13/13/0/3/13/0/4,13/0/13/13/0/3/13/0/4,,,no,match
karl-cardenas-coding__go-lambda-cleanup,syft,24,24,67,67,111,111,yes,112,111,88/0/23/24/64/0/67/21/0,88/0/23/24/64/0/67/21/0,,,no,match
karl-cardenas-coding__go-lambda-cleanup,trivy,24,24,67,67,111,111,yes,112,111,75/0/36/24/51/0/67/8/0,75/0/36/24/51/0/67/8/0,,,no,match
karl-cardenas-coding__go-lambda-cleanup,cdxgen,24,24,67,67,111,111,yes,112,111,75/0/36/24/51/0/67/8/0,75/0/36/24/51/0/67/8/0,,,no,match
karl-cardenas-coding__go-lambda-cleanup,cyclonedx-gomod,24,24,67,67,111,111,yes,112,111,25/0/86/24/1/0/24/1/43,25/0/86/24/1/0/24/1/43,,,no,match
kazhuravlev__database-gateway,syft,83,83,83,83,235,235,yes,236,235,113/0/122/83/30/0/83/30/0,113/0/122/83/30/0/83/30/0,,,no,match
kazhuravlev__database-gateway,trivy,83,83,83,83,235,235,yes,236,235,87/0/148/83/4/0/83/4/0,87/0/148/83/4/0/83/4/0,,,no,match
kazhuravlev__database-gateway,cdxgen,83,83,83,83,235,235,yes,236,235,83/0/152/83/0/0/83/0/0,83/0/152/83/0/0/83/0/0,,,no,match
kazhuravlev__database-gateway,cyclonedx-gomod,83,83,83,83,235,235,yes,236,235,84/0/151/80/4/3/80/4/3,84/0/151/80/4/3/80/4/3,,,no,match
kazhuravlev__git-tools,syft,24,24,24,24,54,54,yes,55,54,44/0/10/24/20/0/24/20/0,44/0/10/24/20/0/24/20/0,,,no,match
kazhuravlev__git-tools,trivy,24,24,24,24,54,54,yes,55,54,26/0/28/24/2/0/24/2/0,26/0/28/24/2/0/24/2/0,,,no,match
kazhuravlev__git-tools,cdxgen,24,24,24,24,54,54,yes,55,54,24/0/30/24/0/0/24/0/0,24/0/30/24/0/0/24/0/0,,,no,match
kazhuravlev__git-tools,cyclonedx-gomod,24,24,24,24,54,54,yes,55,54,25/0/29/24/1/0/24/1/0,25/0/29/24/1/0/24/1/0,,,no,match
kazhuravlev__healthcheck,syft,10,10,15,15,43,43,yes,44,43,23/0/20/10/13/0/15/8/0,23/0/20/10/13/0/15/8/0,,,no,match
kazhuravlev__healthcheck,trivy,10,10,15,15,43,43,yes,44,43,16/0/27/10/6/0/15/1/0,16/0/27/10/6/0/15/1/0,,,no,match
kazhuravlev__healthcheck,cdxgen,10,10,15,15,43,43,yes,44,43,10/0/33/10/0/0/10/0/5,10/0/33/10/0/0/10/0/5,,,no,match
kazhuravlev__healthcheck,cyclonedx-gomod,10,10,15,15,43,43,yes,44,43,10/0/33/10/0/0/10/0/5,10/0/33/10/0/0/10/0/5,,,no,match
kazhuravlev__just,syft,2,2,6,6,12,12,yes,13,12,7/0/5/2/5/0/6/1/0,7/0/5/2/5/0/6/1/0,,,no,match
kazhuravlev__just,trivy,2,2,6,6,12,12,yes,13,12,6/0/6/2/4/0/6/0/0,6/0/6/2/4/0/6/0/0,,,no,match
kazhuravlev__just,cdxgen,2,2,6,6,12,12,yes,13,12,2/0/10/2/0/0/2/0/4,2/0/10/2/0/0/2/0/4,,,no,match
kazhuravlev__just,cyclonedx-gomod,2,2,6,6,12,12,yes,13,12,2/0/10/2/0/0/2/0/4,2/0/10/2/0/0/2/0/4,,,no,match
kazhuravlev__optional,syft,1,1,4,4,6,6,yes,7,6,5/0/1/1/4/0/4/1/0,5/0/1/1/4/0/4/1/0,,,no,match
kazhuravlev__optional,trivy,1,1,4,4,6,6,yes,7,6,4/0/2/1/3/0/4/0/0,4/0/2/1/3/0/4/0/0,,,no,match
kazhuravlev__optional,cdxgen,1,1,4,4,6,6,yes,7,6,1/0/5/1/0/0/1/0/3,1/0/5/1/0/0/1/0/3,,,no,match
kazhuravlev__optional,cyclonedx-gomod,1,1,4,4,6,6,yes,7,6,1/0/5/1/0/0/1/0/3,1/0/5/1/0/0/1/0/3,,,no,match
kazhuravlev__options-gen,syft,11,11,15,15,23,23,yes,24,23,18/0/5/11/7/0/15/3/0,18/0/5/11/7/0/15/3/0,,,no,match
kazhuravlev__options-gen,trivy,11,11,15,15,23,23,yes,24,23,15/0/8/11/4/0/15/0/0,15/0/8/11/4/0/15/0/0,,,no,match
kazhuravlev__options-gen,cdxgen,11,11,15,15,23,23,yes,24,23,11/0/12/11/0/0/11/0/4,11/0/12/11/0/0/11/0/4,,,no,match
kazhuravlev__options-gen,cyclonedx-gomod,11,11,15,15,23,23,yes,24,23,11/0/12/11/0/0/11/0/4,11/0/12/11/0/0/11/0/4,,,no,match
kazu__loncha,syft,7,7,11,11,320,320,yes,321,320,34/0/286/7/27/0/11/23/0,34/0/286/7/27/0/11/23/0,,,no,match
kazu__loncha,trivy,7,7,11,11,320,320,yes,321,320,28/0/292/7/21/0/11/17/0,28/0/292/7/21/0/11/17/0,,,no,match
kazu__loncha,cdxgen,7,7,11,11,320,320,yes,321,320,7/0/313/7/0/0/7/0/4,7/0/313/7/0/0/7/0/4,,,no,match
kazu__loncha,cyclonedx-gomod,7,7,11,11,320,320,yes,321,320,7/0/313/7/0/0/7/0/4,7/0/313/7/0/0/7/0/4,,,no,match
keilerkonzept__topk,syft,1,1,3,3,3,3,yes,4,3,3/0/0/1/2/0/3/0/0,3/0/0/1/2/0/3/0/0,,,no,match
keilerkonzept__topk,trivy,1,1,3,3,3,3,yes,4,3,3/0/0/1/2/0/3/0/0,3/0/0/1/2/0/3/0/0,,,no,match
keilerkonzept__topk,cdxgen,1,1,3,3,3,3,yes,4,3,1/0/2/1/0/0/1/0/2,1/0/2/1/0/0/1/0/2,,,no,match
keilerkonzept__topk,cyclonedx-gomod,1,1,3,3,3,3,yes,4,3,1/0/2/1/0/0/1/0/2,1/0/2/1/0/0/1/0/2,,,no,match
kelindar__bitmap,syft,2,2,6,6,9,9,yes,10,9,8/0/1/2/6/0/6/2/0,8/0/1/2/6/0/6/2/0,,,no,match
kelindar__bitmap,trivy,2,2,6,6,9,9,yes,10,9,7/0/2/2/5/0/6/1/0,7/0/2/2/5/0/6/1/0,,,no,match
kelindar__bitmap,cdxgen,2,2,6,6,9,9,yes,10,9,2/0/7/2/0/0/2/0/4,2/0/7/2/0/0/2/0/4,,,no,match
kelindar__bitmap,cyclonedx-gomod,2,2,6,6,9,9,yes,10,9,3/0/6/2/1/0/2/1/4,3/0/6/2/1/0/2/1/4,,,no,match
kelindar__column,syft,13,13,17,17,21,21,yes,22,21,20/0/1/13/7/0/17/3/0,20/0/1/13/7/0/17/3/0,,,no,match
kelindar__column,trivy,13,13,17,17,21,21,yes,22,21,18/0/3/13/5/0/17/1/0,18/0/3/13/5/0/17/1/0,,,no,match
kelindar__column,cdxgen,13,13,17,17,21,21,yes,22,21,13/0/8/13/0/0/13/0/4,13/0/8/13/0/0/13/0/4,,,no,match
kelindar__column,cyclonedx-gomod,13,13,17,17,21,21,yes,22,21,14/0/7/13/1/0/13/1/4,14/0/7/13/1/0/13/1/4,,,no,match
kelindar__tile,syft,2,2,6,6,8,8,yes,9,8,7/0/1/2/5/0/6/1/0,7/0/1/2/5/0/6/1/0,,,no,match
kelindar__tile,trivy,2,2,6,6,8,8,yes,9,8,6/0/2/2/4/0/6/0/0,6/0/2/2/4/0/6/0/0,,,no,match
kelindar__tile,cdxgen,2,2,6,6,8,8,yes,9,8,2/0/6/2/0/0/2/0/4,2/0/6/2/0/0/2/0/4,,,no,match
kelindar__tile,cyclonedx-gomod,2,2,6,6,8,8,yes,9,8,2/0/6/2/0/0/2/0/4,2/0/6/2/0/0/2/0/4,,,no,match
kelseyhightower__confd,syft,51,51,51,51,261,261,yes,262,261,75/0/186/51/24/0/51/24/0,75/0/186/51/24/0/51/24/0,,,no,match
kelseyhightower__confd,trivy,51,51,51,51,261,261,yes,262,261,57/0/204/51/6/0/51/6/0,57/0/204/51/6/0/51/6/0,,,no,match
kelseyhightower__confd,cdxgen,51,51,51,51,261,261,yes,262,261,57/0/204/51/6/0/51/6/0,57/0/204/51/6/0/51/6/0,,,no,match
kelseyhightower__confd,cyclonedx-gomod,51,51,51,51,261,261,yes,262,261,53/0/208/51/2/0/51/2/0,53/0/208/51/2/0/51/2/0,,,no,match
keploy__keploy,syft,171,171,171,171,637,637,yes,638,637,224/0/413/171/53/0/171/53/0,224/0/413/171/53/0/171/53/0,,,no,match
keploy__keploy,trivy,171,171,171,171,637,637,yes,638,637,178/0/459/171/7/0/171/7/0,178/0/459/171/7/0/171/7/0,,,no,match
keploy__keploy,cdxgen,171,171,171,171,637,637,yes,638,637,171/0/466/171/0/0/171/0/0,171/0/466/171/0/0/171/0/0,,,no,match
keploy__keploy,cyclonedx-gomod,171,171,171,171,637,637,yes,638,637,175/0/462/170/5/1/170/5/1,175/0/462/170/5/1/170/5/1,,,no,match
kevinburke__nacl,syft,1,1,3,3,7,7,yes,8,7,4/0/3/1/3/0/3/1/0,4/0/3/1/3/0/3/1/0,,,no,match
kevinburke__nacl,trivy,1,1,3,3,7,7,yes,8,7,4/0/3/1/3/0/3/1/0,4/0/3/1/3/0/3/1/0,,,no,match
kevinburke__nacl,cdxgen,1,1,3,3,7,7,yes,8,7,1/0/6/1/0/0/1/0/2,1/0/6/1/0/0/1/0/2,,,no,match
kevinburke__nacl,cyclonedx-gomod,1,1,3,3,7,7,yes,8,7,2/0/5/1/1/0/1/1/2,2/0/5/1/1/0/1/1/2,,,no,match
kevincobain2000__gobrew,syft,15,15,19,19,28,28,yes,29,28,23/0/5/15/8/0/19/4/0,23/0/5/15/8/0/19/4/0,,,no,match
kevincobain2000__gobrew,trivy,15,15,19,19,28,28,yes,29,28,19/0/9/15/4/0/19/0/0,19/0/9/15/4/0/19/0/0,,,no,match
kevincobain2000__gobrew,cdxgen,15,15,19,19,28,28,yes,29,28,15/0/13/15/0/0/15/0/4,15/0/13/15/0/0/15/0/4,,,no,match
kevincobain2000__gobrew,cyclonedx-gomod,15,15,19,19,28,28,yes,29,28,15/0/13/15/0/0/15/0/4,15/0/13/15/0/0/15/0/4,,,no,match
khezen__avro,syft,3,3,4,4,4,4,yes,5,4,4/0/0/3/1/0/4/0/0,4/0/0/3/1/0/4/0/0,,,no,match
khezen__avro,trivy,3,3,4,4,4,4,yes,5,4,4/0/0/3/1/0/4/0/0,4/0/0/3/1/0/4/0/0,,,no,match
khezen__avro,cdxgen,3,3,4,4,4,4,yes,5,4,4/0/0/3/1/0/4/0/0,4/0/0/3/1/0/4/0/0,,,no,match
khezen__avro,cyclonedx-gomod,3,3,4,4,4,4,yes,5,4,3/0/1/3/0/0/3/0/1,3/0/1/3/0/0/3/0/1,,,no,match
kilgaloon__leprechaun,syft,18,18,21,21,37,37,yes,38,37,36/0/1/18/18/0/21/15/0,36/0/1/18/18/0/21/15/0,,,no,match
kilgaloon__leprechaun,trivy,18,18,21,21,37,37,yes,38,37,37/0/0/18/19/0/21/16/0,37/0/0/18/19/0/21/16/0,,,no,match
kilgaloon__leprechaun,cdxgen,18,18,21,21,37,37,yes,38,37,18/0/19/18/0/0/18/0/3,18/0/19/18/0/0/18/0/3,,,no,match
kilgaloon__leprechaun,cyclonedx-gomod,18,18,21,21,37,37,yes,38,37,18/0/19/18/0/0/18/0/3,18/0/19/18/0/0/18/0/3,,,no,match
kisielk__errcheck,syft,3,3,3,3,8,8,yes,9,8,4/0/4/3/1/0/3/1/0,4/0/4/3/1/0/3/1/0,,,no,match
kisielk__errcheck,trivy,3,3,3,3,8,8,yes,9,8,3/0/5/3/0/0/3/0/0,3/0/5/3/0/0/3/0/0,,,no,match
kisielk__errcheck,cdxgen,3,3,3,3,8,8,yes,9,8,3/0/5/3/0/0/3/0/0,3/0/5/3/0/0/3/0/0,,,no,match
kisielk__errcheck,cyclonedx-gomod,3,3,3,3,8,8,yes,9,8,3/0/5/3/0/0/3/0/0,3/0/5/3/0/0/3/0/0,,,no,match
kitabisa__teler-waf,syft,164,164,167,167,608,608,yes,609,608,249/93/359/164/178/0/167/175/0,249/93/359/164/178/0/167/175/0,,,no,match
kitabisa__teler-waf,trivy,164,164,167,167,608,608,yes,609,608,199/67/409/164/102/0/167/99/0,199/67/409/164/102/0/167/99/0,,,no,match
kitabisa__teler-waf,cdxgen,164,164,167,167,608,608,yes,609,608,182/56/426/164/74/0/164/74/3,182/56/426/164/74/0/164/74/3,,,no,match
kitabisa__teler-waf,cyclonedx-gomod,164,164,167,167,608,608,yes,609,608,176/0/432/164/12/0/164/12/3,176/0/432/164/12/0/164/12/3,,,no,match
kjkrol__goke,syft,1,1,5,5,7,7,yes,8,7,6/9/1/1/14/0/5/10/0,6/9/1/1/14/0/5/10/0,,,no,match
kjkrol__goke,trivy,1,1,5,5,7,7,yes,8,7,5/9/2/1/13/0/5/9/0,5/9/2/1/13/0/5/9/0,,,no,match
kjkrol__goke,cdxgen,1,1,5,5,7,7,yes,8,7,1/7/6/1/7/0/1/7/4,1/7/6/1/7/0/1/7/4,,,no,match
kjkrol__goke,cyclonedx-gomod,1,1,5,5,7,7,yes,8,7,1/0/6/1/0/0/1/0/4,1/0/6/1/0/0/1/0/4,,,no,match
kkyr__fig,syft,3,3,3,3,8,8,yes,9,8,7/1/1/3/5/0/3/5/0,7/1/1/3/5/0/3/5/0,,,no,match
kkyr__fig,trivy,3,3,3,3,8,8,yes,9,8,8/2/0/3/7/0/3/7/0,8/2/0/3/7/0/3/7/0,,,no,match
kkyr__fig,cdxgen,3,3,3,3,8,8,yes,9,8,3/1/5/3/1/0/3/1/0,3/1/5/3/1/0/3/1/0,,,no,match
kkyr__fig,cyclonedx-gomod,3,3,3,3,8,8,yes,9,8,3/0/5/3/0/0/3/0/0,3/0/5/3/0/0/3/0/0,,,no,match
kkyr__go-recipe,syft,8,8,8,8,18,18,yes,19,18,12/0/6/8/4/0/8/4/0,12/0/6/8/4/0/8/4/0,,,no,match
kkyr__go-recipe,trivy,8,8,8,8,18,18,yes,19,18,9/0/9/8/1/0/8/1/0,9/0/9/8/1/0/8/1/0,,,no,match
kkyr__go-recipe,cdxgen,8,8,8,8,18,18,yes,19,18,8/0/10/8/0/0/8/0/0,8/0/10/8/0/0/8/0/0,,,no,match
kkyr__go-recipe,cyclonedx-gomod,8,8,8,8,18,18,yes,19,18,8/0/10/8/0/0/8/0/0,8/0/10/8/0/0/8/0/0,,,no,match
knadh__koanf,syft,4,4,4,4,221,221,yes,222,221,146/39/75/4/181/0/4/181/0,146/39/75/4/181/0/4/181/0,,,no,match
knadh__koanf,trivy,4,4,4,4,221,221,yes,222,221,122/28/99/4/146/0/4/146/0,122/28/99/4/146/0/4/146/0,,,no,match
knadh__koanf,cdxgen,4,4,4,4,221,221,yes,222,221,NA,NA,,,no,match
knadh__koanf,cyclonedx-gomod,4,4,4,4,221,221,yes,222,221,98/0/123/4/94/0/4/94/0,98/0/123/4/94/0/4/94/0,,,no,match
knbr13__gitcs,syft,27,27,27,27,57,57,yes,58,57,47/0/10/27/20/0/27/20/0,47/0/10/27/20/0/27/20/0,,,no,match
knbr13__gitcs,trivy,27,27,27,27,57,57,yes,58,57,28/0/29/27/1/0/27/1/0,28/0/29/27/1/0/27/1/0,,,no,match
knbr13__gitcs,cdxgen,27,27,27,27,57,57,yes,58,57,27/0/30/27/0/0/27/0/0,27/0/30/27/0/0/27/0/0,,,no,match
knbr13__gitcs,cyclonedx-gomod,27,27,27,27,57,57,yes,58,57,28/0/29/27/1/0/27/1/0,28/0/29/27/1/0/27/1/0,,,no,match
knights-analytics__hugot,syft,24,24,24,24,93,93,yes,94,93,57/0/36/24/33/0/24/33/0,57/0/36/24/33/0/24/33/0,,,no,match
knights-analytics__hugot,trivy,24,24,24,24,93,93,yes,94,93,29/0/64/24/5/0/24/5/0,29/0/64/24/5/0/24/5/0,,,no,match
knights-analytics__hugot,cdxgen,24,24,24,24,93,93,yes,94,93,24/0/69/24/0/0/24/0/0,24/0/69/24/0/0/24/0/0,,,no,match
knights-analytics__hugot,cyclonedx-gomod,24,24,24,24,93,93,yes,94,93,29/0/64/24/5/0/24/5/0,29/0/64/24/5/0/24/5/0,,,no,match
kniren__gota,syft,2,2,2,2,37,37,yes,38,37,3/0/34/2/1/0/2/1/0,3/0/34/2/1/0/2/1/0,,,no,match
kniren__gota,trivy,2,2,2,2,37,37,yes,38,37,37/0/0/2/35/0/2/35/0,37/0/0/2/35/0/2/35/0,,,no,match
kniren__gota,cdxgen,2,2,2,2,37,37,yes,38,37,2/0/35/2/0/0/2/0/0,2/0/35/2/0/0/2/0/0,,,no,match
kniren__gota,cyclonedx-gomod,2,2,2,2,37,37,yes,38,37,2/0/35/2/0/0/2/0/0,2/0/35/2/0/0/2/0/0,,,no,match
knocknote__octillery,syft,15,15,15,15,27,27,yes,28,27,25/0/2/15/10/0/15/10/0,25/0/2/15/10/0/15/10/0,,,no,match
knocknote__octillery,trivy,15,15,15,15,27,27,yes,28,27,27/0/0/15/12/0/15/12/0,27/0/0/15/12/0/15/12/0,,,no,match
knocknote__octillery,cdxgen,15,15,15,15,27,27,yes,28,27,15/0/12/15/0/0/15/0/0,15/0/12/15/0/0/15/0/0,,,no,match
knocknote__octillery,cyclonedx-gomod,15,15,15,15,27,27,yes,28,27,16/0/11/15/1/0/15/1/0,16/0/11/15/1/0/15/1/0,,,no,match
knq__chromedp,syft,6,6,8,8,9,9,yes,10,9,9/0/0/6/3/0/8/1/0,9/0/0/6/3/0/8/1/0,,,no,match
knq__chromedp,trivy,6,6,8,8,9,9,yes,10,9,9/0/0/6/3/0/8/1/0,9/0/0/6/3/0/8/1/0,,,no,match
knq__chromedp,cdxgen,6,6,8,8,9,9,yes,10,9,6/0/3/6/0/0/6/0/2,6/0/3/6/0/0/6/0/2,,,no,match
knq__chromedp,cyclonedx-gomod,6,6,8,8,9,9,yes,10,9,7/0/2/6/1/0/6/1/2,7/0/2/6/1/0/6/1/2,,,no,match
knq__usql,syft,303,303,333,333,729,729,yes,730,729,435/0/294/303/132/0/333/102/0,435/0/294/303/132/0/333/102/0,,,no,match
knq__usql,trivy,303,303,333,333,729,729,yes,730,729,364/0/365/303/61/0/333/31/0,364/0/365/303/61/0/333/31/0,,,no,match
knq__usql,cdxgen,303,303,333,333,729,729,yes,730,729,303/0/426/303/0/0/303/0/30,303/0/426/303/0/0/303/0/30,,,no,match
knq__usql,cyclonedx-gomod,303,303,333,333,729,729,yes,730,729,330/0/399/302/28/1/303/27/30,330/0/399/302/28/1/303/27/30,,,no,match
knq__xo,syft,33,33,33,33,79,79,yes,80,79,52/0/27/33/19/0/33/19/0,52/0/27/33/19/0/33/19/0,,,no,match
knq__xo,trivy,33,33,33,33,79,79,yes,80,79,33/0/46/33/0/0/33/0/0,33/0/46/33/0/0/33/0/0,,,no,match
knq__xo,cdxgen,33,33,33,33,79,79,yes,80,79,33/0/46/33/0/0/33/0/0,33/0/46/33/0/0/33/0/0,,,no,match
knq__xo,cyclonedx-gomod,33,33,33,33,79,79,yes,80,79,33/0/46/33/0/0/33/0/0,33/0/46/33/0/0/33/0/0,,,no,match
koffeinsource__go-imgur,syft,4,4,8,8,14,14,yes,15,14,9/0/5/4/5/0/8/1/0,9/0/5/4/5/0/8/1/0,,,no,match
koffeinsource__go-imgur,trivy,4,4,8,8,14,14,yes,15,14,14/0/0/4/10/0/8/6/0,14/0/0/4/10/0/8/6/0,,,no,match
koffeinsource__go-imgur,cdxgen,4,4,8,8,14,14,yes,15,14,4/0/10/4/0/0/4/0/4,4/0/10/4/0/0/4/0/4,,,no,match
koffeinsource__go-imgur,cyclonedx-gomod,4,4,8,8,14,14,yes,15,14,4/0/10/4/0/0/4/0/4,4/0/10/4/0/0/4/0/4,,,no,match
koltyakov__gosip,syft,17,17,17,17,33,33,yes,34,33,24/0/9/17/7/0/17/7/0,24/0/9/17/7/0/17/7/0,,,no,match
koltyakov__gosip,trivy,17,17,17,17,33,33,yes,34,33,19/0/14/17/2/0/17/2/0,19/0/14/17/2/0/17/2/0,,,no,match
koltyakov__gosip,cdxgen,17,17,17,17,33,33,yes,34,33,17/0/16/17/0/0/17/0/0,17/0/16/17/0/0/17/0/0,,,no,match
koltyakov__gosip,cyclonedx-gomod,17,17,17,17,33,33,yes,34,33,19/0/14/17/2/0/17/2/0,19/0/14/17/2/0/17/2/0,,,no,match
koofr__graval,syft,5,5,16,16,25,25,yes,26,25,20/0/5/5/15/0/16/4/0,20/0/5/5/15/0/16/4/0,,,no,match
koofr__graval,trivy,5,5,16,16,25,25,yes,26,25,25/0/0/5/20/0/16/9/0,25/0/0/5/20/0/16/9/0,,,no,match
koofr__graval,cdxgen,5,5,16,16,25,25,yes,26,25,5/0/20/5/0/0/5/0/11,5/0/20/5/0/0/5/0/11,,,no,match
koofr__graval,cyclonedx-gomod,5,5,16,16,25,25,yes,26,25,5/0/20/5/0/0/5/0/11,5/0/20/5/0/0/5/0/11,,,no,match
kool-dev__kool,syft,35,35,37,37,91,91,yes,92,91,57/0/34/35/22/0/37/20/0,57/0/34/35/22/0/37/20/0,,,no,match
kool-dev__kool,trivy,35,35,37,37,91,91,yes,92,91,45/0/46/35/10/0/37/8/0,45/0/46/35/10/0/37/8/0,,,no,match
kool-dev__kool,cdxgen,35,35,37,37,91,91,yes,92,91,35/0/56/35/0/0/35/0/2,35/0/56/35/0/0/35/0/2,,,no,match
kool-dev__kool,cyclonedx-gomod,35,35,37,37,91,91,yes,92,91,37/0/54/35/2/0/35/2/2,37/0/54/35/2/0/35/2/2,,,no,match
koss-null__FuncFrog,syft,1,1,5,5,18,18,yes,19,18,9/0/9/1/8/0/5/4/0,9/0/9/1/8/0/5/4/0,,,no,match
koss-null__FuncFrog,trivy,1,1,5,5,18,18,yes,19,18,8/0/10/1/7/0/5/3/0,8/0/10/1/7/0/5/3/0,,,no,match
koss-null__FuncFrog,cdxgen,1,1,5,5,18,18,yes,19,18,1/0/17/1/0/0/1/0/4,1/0/17/1/0/0/1/0/4,,,no,match
koss-null__FuncFrog,cyclonedx-gomod,1,1,5,5,18,18,yes,19,18,1/0/17/1/0/0/1/0/4,1/0/17/1/0/0/1/0/4,,,no,match
kpango__glg,syft,2,2,6,6,14,14,yes,15,14,11/0/3/2/9/0/6/5/0,11/0/3/2/9/0/6/5/0,,,no,match
kpango__glg,trivy,2,2,6,6,14,14,yes,15,14,6/0/8/2/4/0/6/0/0,6/0/8/2/4/0/6/0/0,,,no,match
kpango__glg,cdxgen,2,2,6,6,14,14,yes,15,14,2/0/12/2/0/0/2/0/4,2/0/12/2/0/0/2/0/4,,,no,match
kpango__glg,cyclonedx-gomod,2,2,6,6,14,14,yes,15,14,2/0/12/2/0/0/2/0/4,2/0/12/2/0/0/2/0/4,,,no,match
kpfaulkner__borders,syft,1,1,1,1,2,2,yes,3,2,1/0/1/1/0/0/1/0/0,1/0/1/1/0/0/1/0/0,,,no,match
kpfaulkner__borders,trivy,1,1,1,1,2,2,yes,3,2,1/0/1/1/0/0/1/0/0,1/0/1/1/0/0/1/0/0,,,no,match
kpfaulkner__borders,cdxgen,1,1,1,1,2,2,yes,3,2,1/0/1/1/0/0/1/0/0,1/0/1/1/0/0/1/0/0,,,no,match
kpfaulkner__borders,cyclonedx-gomod,1,1,1,1,2,2,yes,3,2,1/0/1/1/0/0/1/0/0,1/0/1/1/0/0/1/0/0,,,no,match
krayzpipes__cronticker,syft,1,1,1,1,1,1,yes,2,1,1/0/0/1/0/0/1/0/0,1/0/0/1/0/0/1/0/0,,,no,match
krayzpipes__cronticker,trivy,1,1,1,1,1,1,yes,2,1,1/1/0/1/1/0/1/1/0,1/1/0/1/1/0/1/1/0,,,no,match
krayzpipes__cronticker,cdxgen,1,1,1,1,1,1,yes,2,1,1/0/0/1/0/0/1/0/0,1/0/0/1/0/0/1/0/0,,,no,match
krayzpipes__cronticker,cyclonedx-gomod,1,1,1,1,1,1,yes,2,1,1/0/0/1/0/0/1/0/0,1/0/0/1/0/0/1/0/0,,,no,match
krotik__dudeldu,syft,1,1,1,1,1,1,yes,2,1,1/0/0/1/0/0/1/0/0,1/0/0/1/0/0/1/0/0,,,no,match
krotik__dudeldu,trivy,1,1,1,1,1,1,yes,2,1,1/0/0/1/0/0/1/0/0,1/0/0/1/0/0/1/0/0,,,no,match
krotik__dudeldu,cdxgen,1,1,1,1,1,1,yes,2,1,1/0/0/1/0/0/1/0/0,1/0/0/1/0/0/1/0/0,,,no,match
krotik__dudeldu,cyclonedx-gomod,1,1,1,1,1,1,yes,2,1,1/0/0/1/0/0/1/0/0,1/0/0/1/0/0/1/0/0,,,no,match
krotik__ecal,syft,1,1,1,1,1,1,yes,2,1,1/3/0/1/3/0/1/3/0,1/3/0/1/3/0/1/3/0,,,no,match
krotik__ecal,trivy,1,1,1,1,1,1,yes,2,1,1/3/0/1/3/0/1/3/0,1/3/0/1/3/0/1/3/0,,,no,match
krotik__ecal,cdxgen,1,1,1,1,1,1,yes,2,1,1/2/0/1/2/0/1/2/0,1/2/0/1/2/0/1/2/0,,,no,match
krotik__ecal,cyclonedx-gomod,1,1,1,1,1,1,yes,2,1,1/0/0/1/0/0/1/0/0,1/0/0/1/0/0/1/0/0,,,no,match
krotik__eliasdb,syft,3,3,3,3,3,3,yes,4,3,3/0/0/3/0/0/3/0/0,3/0/0/3/0/0/3/0/0,,,no,match
krotik__eliasdb,trivy,3,3,3,3,3,3,yes,4,3,3/0/0/3/0/0/3/0/0,3/0/0/3/0/0/3/0/0,,,no,match
krotik__eliasdb,cdxgen,3,3,3,3,3,3,yes,4,3,3/0/0/3/0/0/3/0/0,3/0/0/3/0/0/3/0/0,,,no,match
krotik__eliasdb,cyclonedx-gomod,3,3,3,3,3,3,yes,4,3,3/0/0/3/0/0/3/0/0,3/0/0/3/0/0/3/0/0,,,no,match
kslamph__tronlib,syft,17,17,21,21,201,201,yes,202,201,38/0/163/17/21/0/21/17/0,38/0/163/17/21/0/21/17/0,,,no,match
kslamph__tronlib,trivy,17,17,21,21,201,201,yes,202,201,23/0/178/17/6/0/21/2/0,23/0/178/17/6/0/21/2/0,,,no,match
kslamph__tronlib,cdxgen,17,17,21,21,201,201,yes,202,201,17/0/184/17/0/0/17/0/4,17/0/184/17/0/0/17/0/4,,,no,match
kslamph__tronlib,cyclonedx-gomod,17,17,21,21,201,201,yes,202,201,17/0/184/17/0/0/17/0/4,17/0/184/17/0/0/17/0/4,,,no,match
ktr0731__evans,syft,55,55,65,65,560,560,yes,561,560,222/0/338/55/167/0/65/157/0,222/0/338/55/167/0/65/157/0,,,no,match
ktr0731__evans,trivy,55,55,65,65,560,560,yes,561,560,202/0/358/55/147/0/65/137/0,202/0/358/55/147/0/65/137/0,,,no,match
ktr0731__evans,cdxgen,55,55,65,65,560,560,yes,561,560,55/0/505/55/0/0/55/0/10,55/0/505/55/0/0/55/0/10,,,no,match
ktr0731__evans,cyclonedx-gomod,55,55,65,65,560,560,yes,561,560,190/0/370/55/135/0/56/134/9,190/0/370/55/135/0/56/134/9,,,no,match
kubenetworks__kubevpn,syft,244,244,244,244,778,778,yes,779,778,277/0/501/244/33/0/244/33/0,277/0/501/244/33/0/244/33/0,,,no,match
kubenetworks__kubevpn,trivy,244,244,244,244,778,778,yes,779,778,277/0/501/244/33/0/244/33/0,277/0/501/244/33/0/244/33/0,,,no,match
kubenetworks__kubevpn,cdxgen,244,244,244,244,778,778,yes,779,778,276/0/502/243/33/1/243/33/1,276/0/502/243/33/1/243/33/1,,,no,match
kubenetworks__kubevpn,cyclonedx-gomod,244,244,244,244,778,778,yes,779,778,NA,NA,,,no,match
kubernetes-sigs__kind,syft,11,11,11,11,23,23,yes,24,23,20/388/3/11/397/0/11/397/0,20/388/3/11/397/0/11/397/0,,,no,match
kubernetes-sigs__kind,trivy,11,11,11,11,23,23,yes,24,23,20/387/3/11/396/0/11/396/0,20/387/3/11/396/0/11/396/0,,,no,match
kubernetes-sigs__kind,cdxgen,11,11,11,11,23,23,yes,24,23,18/384/5/11/391/0/11/391/0,18/384/5/11/391/0/11/391/0,,,no,match
kubernetes-sigs__kind,cyclonedx-gomod,11,11,11,11,23,23,yes,24,23,12/0/11/11/1/0/11/1/0,12/0/11/11/1/0/11/1/0,,,no,match
kubernetes__kubernetes,syft,195,195,195,195,0,0,yes,0,0,0/466/0/195/271/0/195/271/0,0/466/0/195/271/0/195/271/0,,,no,july_unavailable
kubernetes__kubernetes,trivy,195,195,195,195,0,0,yes,0,0,0/429/0/195/234/0/195/234/0,0/429/0/195/234/0/195/234/0,,,no,july_unavailable
kubernetes__kubernetes,cdxgen,195,195,195,195,0,0,yes,0,0,0/220/0/195/25/0/195/25/0,0/220/0/195/25/0/195/25/0,,,no,july_unavailable
kubernetes__kubernetes,cyclonedx-gomod,195,195,195,195,0,0,yes,0,0,NA,NA,,,no,july_unavailable
kubernetes__minikube,syft,219,219,222,222,528,528,yes,529,528,280/36/248/219/97/0/222/94/0,280/36/248/219/97/0/222/94/0,,,no,match
kubernetes__minikube,trivy,219,219,222,222,528,528,yes,529,528,250/26/278/219/57/0/222/54/0,250/26/278/219/57/0/222/54/0,,,no,match
kubernetes__minikube,cdxgen,219,219,222,222,528,528,yes,529,528,227/20/301/219/28/0/219/28/3,227/20/301/219/28/0/219/28/3,,,no,match
kubernetes__minikube,cyclonedx-gomod,219,219,222,222,528,528,yes,529,528,229/0/299/214/15/5/214/15/8,229/0/299/214/15/5/214/15/8,,,no,match
kubeservice-stack__common,syft,117,117,152,152,532,532,yes,533,532,199/0/333/117/82/0/152/47/0,199/0/333/117/82/0/152/47/0,,,no,match
kubeservice-stack__common,trivy,117,117,152,152,532,532,yes,533,532,161/0/371/117/44/0/152/9/0,161/0/371/117/44/0/152/9/0,,,no,match
kubeservice-stack__common,cdxgen,117,117,152,152,532,532,yes,533,532,117/0/415/117/0/0/117/0/35,117/0/415/117/0/0/117/0/35,,,no,match
kubeservice-stack__common,cyclonedx-gomod,117,117,152,152,532,532,yes,533,532,113/0/419/113/0/4/113/0/39,113/0/419/113/0/4/113/0/39,,,no,match
kubeshark__kubeshark,syft,129,129,129,129,350,350,yes,351,350,211/0/139/129/82/0/129/82/0,211/0/139/129/82/0/129/82/0,,,no,match
kubeshark__kubeshark,trivy,129,129,129,129,350,350,yes,351,350,132/0/218/129/3/0/129/3/0,132/0/218/129/3/0/129/3/0,,,no,match
kubeshark__kubeshark,cdxgen,129,129,129,129,350,350,yes,351,350,129/0/221/129/0/0/129/0/0,129/0/221/129/0/0/129/0/0,,,no,match
kubeshark__kubeshark,cyclonedx-gomod,129,129,129,129,350,350,yes,351,350,131/0/219/129/2/0/129/2/0,131/0/219/129/2/0/129/2/0,,,no,match
kubevela__kubevela,syft,284,284,289,289,828,828,yes,829,828,367/2/461/282/87/2/287/82/2,367/2/461/282/87/2/287/82/2,,,no,match
kubevela__kubevela,trivy,284,284,289,289,828,828,yes,829,828,299/2/529/282/19/2/287/14/2,299/2/529/282/19/2/287/14/2,,,no,match
kubevela__kubevela,cdxgen,284,284,289,289,828,828,yes,829,828,284/0/544/284/0/0/284/0/5,284/0/544/284/0/0/284/0/5,,,no,match
kubevela__kubevela,cyclonedx-gomod,284,284,289,289,828,828,yes,829,828,288/2/540/279/11/5/279/11/10,288/2/540/279/11/5/279/11/10,,,no,match
kyleconroy__sqlc,syft,37,37,40,40,89,89,yes,90,89,63/33/26/37/59/0/40/56/0,63/33/26/37/59/0/40/56/0,,,no,match
kyleconroy__sqlc,trivy,37,37,40,40,89,89,yes,90,89,48/18/41/37/29/0/40/26/0,48/18/41/37/29/0/40/26/0,,,no,match
kyleconroy__sqlc,cdxgen,37,37,40,40,89,89,yes,90,89,40/17/49/37/20/0/37/20/3,40/17/49/37/20/0/37/20/3,,,no,match
kyleconroy__sqlc,cyclonedx-gomod,37,37,40,40,89,89,yes,90,89,40/0/49/37/3/0/37/3/3,40/0/49/37/3/0/37/3/3,,,no,match
kyoh86__richgo,syft,7,7,11,11,13,13,yes,14,13,12/0/1/7/5/0/11/1/0,12/0/1/7/5/0/11/1/0,,,no,match
kyoh86__richgo,trivy,7,7,11,11,13,13,yes,14,13,11/0/2/7/4/0/11/0/0,11/0/2/7/4/0/11/0/0,,,no,match
kyoh86__richgo,cdxgen,7,7,11,11,13,13,yes,14,13,7/0/6/7/0/0/7/0/4,7/0/6/7/0/0/7/0/4,,,no,match
kyoh86__richgo,cyclonedx-gomod,7,7,11,11,13,13,yes,14,13,7/0/6/7/0/0/7/0/4,7/0/6/7/0/0/7/0/4,,,no,match
kyuff__anchor,syft,1,1,1,1,10,10,yes,11,10,6/0/4/1/5/0/1/5/0,6/0/4/1/5/0/1/5/0,,,no,match
kyuff__anchor,trivy,1,1,1,1,10,10,yes,11,10,4/0/6/1/3/0/1/3/0,4/0/6/1/3/0/1/3/0,,,no,match
kyuff__anchor,cdxgen,1,1,1,1,10,10,yes,11,10,1/0/9/1/0/0/1/0/0,1/0/9/1/0/0/1/0/0,,,no,match
kyuff__anchor,cyclonedx-gomod,1,1,1,1,10,10,yes,11,10,4/0/6/1/3/0/1/3/0,4/0/6/1/3/0/1/3/0,,,no,match
labstack__echo,syft,1,1,7,7,15,15,yes,16,15,8/0/7/1/7/0/7/1/0,8/0/7/1/7/0/7/1/0,,,no,match
labstack__echo,trivy,1,1,7,7,15,15,yes,16,15,7/0/8/1/6/0/7/0/0,7/0/8/1/6/0/7/0/0,,,no,match
labstack__echo,cdxgen,1,1,7,7,15,15,yes,16,15,1/0/14/1/0/0/1/0/6,1/0/14/1/0/0/1/0/6,,,no,match
labstack__echo,cyclonedx-gomod,1,1,7,7,15,15,yes,16,15,1/0/14/1/0/0/1/0/6,1/0/14/1/0/0/1/0/6,,,no,match
labstack__gommon,syft,5,5,9,9,11,11,yes,12,11,10/0/1/5/5/0/9/1/0,10/0/1/5/5/0/9/1/0,,,no,match
labstack__gommon,trivy,5,5,9,9,11,11,yes,12,11,9/0/2/5/4/0/9/0/0,9/0/2/5/4/0/9/0/0,,,no,match
labstack__gommon,cdxgen,5,5,9,9,11,11,yes,12,11,5/0/6/5/0/0/5/0/4,5/0/6/5/0/0/5/0/4,,,no,match
labstack__gommon,cyclonedx-gomod,5,5,9,9,11,11,yes,12,11,5/0/6/5/0/0/5/0/4,5/0/6/5/0/0/5/0/4,,,no,match
lalamove__konfig,syft,51,51,65,65,245,245,yes,246,245,104/0/141/51/53/0/65/39/0,104/0/141/51/53/0/65/39/0,,,no,match
lalamove__konfig,trivy,51,51,65,65,245,245,yes,246,245,245/0/0/51/194/0/65/180/0,245/0/0/51/194/0/65/180/0,,,no,match
lalamove__konfig,cdxgen,51,51,65,65,245,245,yes,246,245,51/0/194/51/0/0/51/0/14,51/0/194/51/0/0/51/0/14,,,no,match
lalamove__konfig,cyclonedx-gomod,51,51,65,65,245,245,yes,246,245,52/0/193/51/1/0/51/1/14,52/0/193/51/1/0/51/1/14,,,no,match
lana__go-commandbus,syft,4,4,4,4,24,24,yes,25,24,5/0/19/4/1/0/4/1/0,5/0/19/4/1/0/4/1/0,,,no,match
lana__go-commandbus,trivy,4,4,4,4,24,24,yes,25,24,24/0/0/4/20/0/4/20/0,24/0/0/4/20/0/4/20/0,,,no,match
lana__go-commandbus,cdxgen,4,4,4,4,24,24,yes,25,24,4/0/20/4/0/0/4/0/0,4/0/20/4/0/0/4/0/0,,,no,match
lana__go-commandbus,cyclonedx-gomod,4,4,4,4,24,24,yes,25,24,4/0/20/4/0/0/4/0/0,4/0/20/4/0/0/4/0/0,,,no,match
lawzava__go-pg-migrate,syft,5,5,12,12,32,32,yes,33,32,16/0/16/5/11/0/12/4/0,16/0/16/5/11/0/12/4/0,,,no,match
lawzava__go-pg-migrate,trivy,5,5,12,12,32,32,yes,33,32,14/0/18/5/9/0/12/2/0,14/0/18/5/9/0/12/2/0,,,no,match
lawzava__go-pg-migrate,cdxgen,5,5,12,12,32,32,yes,33,32,5/0/27/5/0/0/5/0/7,5/0/27/5/0/0/5/0/7,,,no,match
lawzava__go-pg-migrate,cyclonedx-gomod,5,5,12,12,32,32,yes,33,32,5/0/27/5/0/0/5/0/7,5/0/27/5/0/0/5/0/7,,,no,match
lazynop__lazyenv,syft,21,21,25,25,40,40,yes,41,40,32/0/8/21/11/0/25/7/0,32/0/8/21/11/0/25/7/0,,,no,match
lazynop__lazyenv,trivy,21,21,25,25,40,40,yes,41,40,25/0/15/21/4/0/25/0/0,25/0/15/21/4/0/25/0/0,,,no,match
lazynop__lazyenv,cdxgen,21,21,25,25,40,40,yes,41,40,21/0/19/21/0/0/21/0/4,21/0/19/21/0/0/21/0/4,,,no,match
lazynop__lazyenv,cyclonedx-gomod,21,21,25,25,40,40,yes,41,40,21/0/19/21/0/0/21/0/4,21/0/19/21/0/0/21/0/4,,,no,match
leberKleber__go-mpris,syft,1,1,5,5,7,7,yes,8,7,6/0/1/1/5/0/5/1/0,6/0/1/1/5/0/5/1/0,,,no,match
leberKleber__go-mpris,trivy,1,1,5,5,7,7,yes,8,7,5/0/2/1/4/0/5/0/0,5/0/2/1/4/0/5/0/0,,,no,match
leberKleber__go-mpris,cdxgen,1,1,5,5,7,7,yes,8,7,1/0/6/1/0/0/1/0/4,1/0/6/1/0/0/1/0/4,,,no,match
leberKleber__go-mpris,cyclonedx-gomod,1,1,5,5,7,7,yes,8,7,1/0/6/1/0/0/1/0/4,1/0/6/1/0/0/1/0/4,,,no,match
leebenson__conform,syft,1,1,7,7,16,16,yes,17,16,8/0/8/1/7/0/7/1/0,8/0/8/1/7/0/7/1/0,,,no,match
leebenson__conform,trivy,1,1,7,7,16,16,yes,17,16,16/0/0/1/15/0/7/9/0,16/0/0/1/15/0/7/9/0,,,no,match
leebenson__conform,cdxgen,1,1,7,7,16,16,yes,17,16,1/0/15/1/0/0/1/0/6,1/0/15/1/0/0/1/0/6,,,no,match
leebenson__conform,cyclonedx-gomod,1,1,7,7,16,16,yes,17,16,1/0/15/1/0/0/1/0/6,1/0/15/1/0/0/1/0/6,,,no,match
leekchan__accounting,syft,3,3,3,3,4,4,yes,5,4,4/0/0/3/1/0/3/1/0,4/0/0/3/1/0/3/1/0,,,no,match
leekchan__accounting,trivy,3,3,3,3,4,4,yes,5,4,4/0/0/3/1/0/3/1/0,4/0/0/3/1/0/3/1/0,,,no,match
leekchan__accounting,cdxgen,3,3,3,3,4,4,yes,5,4,3/0/1/3/0/0/3/0/0,3/0/1/3/0/0/3/0/0,,,no,match
leekchan__accounting,cyclonedx-gomod,3,3,3,3,4,4,yes,5,4,3/0/1/3/0/0/3/0/0,3/0/1/3/0/0/3/0/0,,,no,match
leodido__structcli,syft,19,19,35,35,74,74,yes,75,74,54/0/20/19/35/0/35/19/0,54/0/20/19/35/0/35/19/0,,,no,match
leodido__structcli,trivy,19,19,35,35,74,74,yes,75,74,45/0/29/19/26/0/35/10/0,45/0/29/19/26/0/35/10/0,,,no,match
leodido__structcli,cdxgen,19,19,35,35,74,74,yes,75,74,32/0/42/19/13/0/31/1/4,32/0/42/19/13/0/31/1/4,,,no,match
leodido__structcli,cyclonedx-gomod,19,19,35,35,74,74,yes,75,74,41/0/33/19/22/0/31/10/4,41/0/33/19/22/0/31/10/4,,,no,match
leonelquinteros__gotext,syft,3,3,3,3,8,8,yes,9,8,4/0/4/3/1/0/3/1/0,4/0/4/3/1/0/3/1/0,,,no,match
leonelquinteros__gotext,trivy,3,3,3,3,8,8,yes,9,8,3/0/5/3/0/0/3/0/0,3/0/5/3/0/0/3/0/0,,,no,match
leonelquinteros__gotext,cdxgen,3,3,3,3,8,8,yes,9,8,3/0/5/3/0/0/3/0/0,3/0/5/3/0/0/3/0/0,,,no,match
leonelquinteros__gotext,cyclonedx-gomod,3,3,3,3,8,8,yes,9,8,3/0/5/3/0/0/3/0/0,3/0/5/3/0/0/3/0/0,,,no,match
leozz37__hare,syft,4,4,4,4,4,4,yes,5,4,4/0/0/4/0/0/4/0/0,4/0/0/4/0/0/4/0/0,,,no,match
leozz37__hare,trivy,4,4,4,4,4,4,yes,5,4,4/0/0/4/0/0/4/0/0,4/0/0/4/0/0/4/0/0,,,no,match
leozz37__hare,cdxgen,4,4,4,4,4,4,yes,5,4,4/0/0/4/0/0/4/0/0,4/0/0/4/0/0/4/0/0,,,no,match
leozz37__hare,cyclonedx-gomod,4,4,4,4,4,4,yes,5,4,4/0/0/4/0/0/4/0/0,4/0/0/4/0/0/4/0/0,,,no,match
leporo__sqlf,syft,1,1,6,6,8,8,yes,9,8,7/0/1/1/6/0/6/1/0,7/0/1/1/6/0/6/1/0,,,no,match
leporo__sqlf,trivy,1,1,6,6,8,8,yes,9,8,8/0/0/1/7/0/6/2/0,8/0/0/1/7/0/6/2/0,,,no,match
leporo__sqlf,cdxgen,1,1,6,6,8,8,yes,9,8,1/0/7/1/0/0/1/0/5,1/0/7/1/0/0/1/0/5,,,no,match
leporo__sqlf,cyclonedx-gomod,1,1,6,6,8,8,yes,9,8,1/0/7/1/0/0/1/0/5,1/0/7/1/0/0/1/0/5,,,no,match
lesismal__nbio,syft,3,3,3,3,7,7,yes,8,7,3/0/4/3/0/0/3/0/0,3/0/4/3/0/0/3/0/0,,,no,match
lesismal__nbio,trivy,3,3,3,3,7,7,yes,8,7,7/0/0/3/4/0/3/4/0,7/0/0/3/4/0/3/4/0,,,no,match
lesismal__nbio,cdxgen,3,3,3,3,7,7,yes,8,7,3/0/4/3/0/0/3/0/0,3/0/4/3/0/0/3/0/0,,,no,match
lesismal__nbio,cyclonedx-gomod,3,3,3,3,7,7,yes,8,7,3/0/4/3/0/0/3/0/0,3/0/4/3/0/0/3/0/0,,,no,match
lestrrat-go__jwx,syft,8,8,8,8,20,20,yes,21,20,15/19/5/8/26/0/8/26/0,15/19/5/8/26/0/8/26/0,,,no,match
lestrrat-go__jwx,trivy,8,8,8,8,20,20,yes,21,20,13/15/7/8/20/0/8/20/0,13/15/7/8/20/0/8/20/0,,,no,match
lestrrat-go__jwx,cdxgen,8,8,8,8,20,20,yes,21,20,13/14/7/8/19/0/8/19/0,13/14/7/8/19/0/8/19/0,,,no,match
lestrrat-go__jwx,cyclonedx-gomod,8,8,8,8,20,20,yes,21,20,11/0/9/8/3/0/8/3/0,11/0/9/8/3/0/8/3/0,,,no,match
levigross__grequests,syft,2,2,6,6,14,14,yes,15,14,8/0/6/2/6/0/6/2/0,8/0/6/2/6/0/6/2/0,,,no,match
levigross__grequests,trivy,2,2,6,6,14,14,yes,15,14,6/0/8/2/4/0/6/0/0,6/0/8/2/4/0/6/0/0,,,no,match
levigross__grequests,cdxgen,2,2,6,6,14,14,yes,15,14,2/0/12/2/0/0/2/0/4,2/0/12/2/0/0/2/0/4,,,no,match
levigross__grequests,cyclonedx-gomod,2,2,6,6,14,14,yes,15,14,2/0/12/2/0/0/2/0/4,2/0/12/2/0/0/2/0/4,,,no,match
lf-edge__ekuiper,syft,151,151,155,155,923,923,yes,924,923,436/3/487/150/289/1/154/285/1,436/3/487/150/289/1/154/285/1,,,no,match
lf-edge__ekuiper,trivy,151,151,155,155,923,923,yes,924,923,413/3/510/150/266/1/154/262/1,413/3/510/150/266/1/154/262/1,,,no,match
lf-edge__ekuiper,cdxgen,151,151,155,155,923,923,yes,924,923,416/2/507/151/267/0/155/263/0,416/2/507/151/267/0/155/263/0,,,no,match
lf-edge__ekuiper,cyclonedx-gomod,151,151,155,155,923,923,yes,924,923,398/1/525/150/249/1/150/249/5,398/1/525/150/249/1/150/249/5,,,no,match
lib4u__fake-useragent,syft,1,1,1,1,5,5,yes,6,5,1/0/4/1/0/0/1/0/0,1/0/4/1/0/0/1/0/0,,,no,match
lib4u__fake-useragent,trivy,1,1,1,1,5,5,yes,6,5,1/0/4/1/0/0/1/0/0,1/0/4/1/0/0/1/0/0,,,no,match
lib4u__fake-useragent,cdxgen,1,1,1,1,5,5,yes,6,5,1/0/4/1/0/0/1/0/0,1/0/4/1/0/0/1/0/0,,,no,match
lib4u__fake-useragent,cyclonedx-gomod,1,1,1,1,5,5,yes,6,5,1/0/4/1/0/0/1/0/0,1/0/4/1/0/0/1/0/0,,,no,match
libgit2__git2go,syft,1,1,2,2,6,6,yes,7,6,4/0/2/1/3/0/2/2/0,4/0/2/1/3/0/2/2/0,,,no,match
libgit2__git2go,trivy,1,1,2,2,6,6,yes,7,6,6/0/0/1/5/0/2/4/0,6/0/0/1/5/0/2/4/0,,,no,match
libgit2__git2go,cdxgen,1,1,2,2,6,6,yes,7,6,1/0/5/1/0/0/1/0/1,1/0/5/1/0/0/1/0/1,,,no,match
libgit2__git2go,cyclonedx-gomod,1,1,2,2,6,6,yes,7,6,2/0/4/1/1/0/1/1/1,2/0/4/1/1/0/1/1/1,,,no,match
liftbridge-io__liftbridge,syft,64,64,68,68,360,360,yes,361,360,91/0/269/64/27/0/68/23/0,91/0/269/64/27/0/68/23/0,,,no,match
liftbridge-io__liftbridge,trivy,64,64,68,68,360,360,yes,361,360,69/0/291/64/5/0/68/1/0,69/0/291/64/5/0/68/1/0,,,no,match
liftbridge-io__liftbridge,cdxgen,64,64,68,68,360,360,yes,361,360,64/0/296/64/0/0/64/0/4,64/0/296/64/0/0/64/0/4,,,no,match
liftbridge-io__liftbridge,cyclonedx-gomod,64,64,68,68,360,360,yes,361,360,65/0/295/64/1/0/64/1/4,65/0/295/64/1/0/64/1/4,,,no,match
lightningnetwork__lnd,syft,127,127,127,127,529,529,yes,530,529,244/186/285/127/303/0/127/303/0,244/186/285/127/303/0/127/303/0,,,no,match
lightningnetwork__lnd,trivy,127,127,127,127,529,529,yes,530,529,215/172/314/127/260/0/127/260/0,215/172/314/127/260/0/127/260/0,,,no,match
lightningnetwork__lnd,cdxgen,127,127,127,127,529,529,yes,530,529,NA,NA,,,no,match
lightningnetwork__lnd,cyclonedx-gomod,127,127,127,127,529,529,yes,530,529,191/1/338/126/66/1/126/66/1,191/1/338/126/66/1/126/66/1,,,no,match
limiu82214__gojmapr,syft,1,1,8,8,11,11,yes,12,11,9/0/2/1/8/0/8/1/0,9/0/2/1/8/0/8/1/0,,,no,match
limiu82214__gojmapr,trivy,1,1,8,8,11,11,yes,12,11,8/0/3/1/7/0/8/0/0,8/0/3/1/7/0/8/0/0,,,no,match
limiu82214__gojmapr,cdxgen,1,1,8,8,11,11,yes,12,11,1/0/10/1/0/0/1/0/7,1/0/10/1/0/0/1/0/7,,,no,match
limiu82214__gojmapr,cyclonedx-gomod,1,1,8,8,11,11,yes,12,11,1/0/10/1/0/0/1/0/7,1/0/10/1/0/0/1/0/7,,,no,match
lindb__lindb,syft,161,161,162,162,482,482,yes,483,482,246/0/236/161/85/0/162/84/0,246/0/236/161/85/0/162/84/0,,,no,match
lindb__lindb,trivy,161,161,162,162,482,482,yes,483,482,178/0/304/161/17/0/162/16/0,178/0/304/161/17/0/162/16/0,,,no,match
lindb__lindb,cdxgen,161,161,162,162,482,482,yes,483,482,161/0/321/161/0/0/161/0/1,161/0/321/161/0/0/161/0/1,,,no,match
lindb__lindb,cyclonedx-gomod,161,161,162,162,482,482,yes,483,482,173/0/309/157/16/4/157/16/5,173/0/309/157/16/4/157/16/5,,,no,match
lingrino__vaku,syft,25,25,67,67,170,170,yes,171,170,82/0/88/25/57/0/67/15/0,82/0/88/25/57/0/67/15/0,,,no,match
lingrino__vaku,trivy,25,25,67,67,170,170,yes,171,170,70/0/100/25/45/0/67/3/0,70/0/100/25/45/0/67/3/0,,,no,match
lingrino__vaku,cdxgen,25,25,67,67,170,170,yes,171,170,25/0/145/25/0/0/25/0/42,25/0/145/25/0/0/25/0/42,,,no,match
lingrino__vaku,cyclonedx-gomod,25,25,67,67,170,170,yes,171,170,26/0/144/25/1/0/25/1/42,26/0/144/25/1/0/25/1/42,,,no,match
linkedin__goavro,syft,1,1,5,5,7,7,yes,8,7,6/0/1/1/5/0/5/1/0,6/0/1/1/5/0/5/1/0,,,no,match
linkedin__goavro,trivy,1,1,5,5,7,7,yes,8,7,7/0/0/1/6/0/5/2/0,7/0/0/1/6/0/5/2/0,,,no,match
linkedin__goavro,cdxgen,1,1,5,5,7,7,yes,8,7,1/0/6/1/0/0/1/0/4,1/0/6/1/0/0/1/0/4,,,no,match
linkedin__goavro,cyclonedx-gomod,1,1,5,5,7,7,yes,8,7,1/0/6/1/0/0/1/0/4,1/0/6/1/0/0/1/0/4,,,no,match
linvon__cuckoo-filter,syft,1,1,1,1,1,1,yes,2,1,1/0/0/1/0/0/1/0/0,1/0/0/1/0/0/1/0/0,,,no,match
linvon__cuckoo-filter,trivy,1,1,1,1,1,1,yes,2,1,1/0/0/1/0/0/1/0/0,1/0/0/1/0/0/1/0/0,,,no,match
linvon__cuckoo-filter,cdxgen,1,1,1,1,1,1,yes,2,1,1/0/0/1/0/0/1/0/0,1/0/0/1/0/0/1/0/0,,,no,match
linvon__cuckoo-filter,cyclonedx-gomod,1,1,1,1,1,1,yes,2,1,1/0/0/1/0/0/1/0/0,1/0/0/1/0/0/1/0/0,,,no,match
linxGnu__mssqlx,syft,6,6,10,10,13,13,yes,14,13,12/0/1/6/6/0/10/2/0,12/0/1/6/6/0/10/2/0,,,no,match
linxGnu__mssqlx,trivy,6,6,10,10,13,13,yes,14,13,10/0/3/6/4/0/10/0/0,10/0/3/6/4/0/10/0/0,,,no,match
linxGnu__mssqlx,cdxgen,6,6,10,10,13,13,yes,14,13,6/0/7/6/0/0/6/0/4,6/0/7/6/0/0/6/0/4,,,no,match
linxGnu__mssqlx,cyclonedx-gomod,6,6,10,10,13,13,yes,14,13,6/0/7/6/0/0/6/0/4,6/0/7/6/0/0/6/0/4,,,no,match
liujianping__job,syft,25,25,25,25,115,115,yes,116,115,38/0/77/25/13/0/25/13/0,38/0/77/25/13/0/25/13/0,,,no,match
liujianping__job,trivy,25,25,25,25,115,115,yes,116,115,115/0/0/25/90/0/25/90/0,115/0/0/25/90/0/25/90/0,,,no,match
liujianping__job,cdxgen,25,25,25,25,115,115,yes,116,115,25/0/90/25/0/0/25/0/0,25/0/90/25/0/0/25/0/0,,,no,match
liujianping__job,cyclonedx-gomod,25,25,25,25,115,115,yes,116,115,NA,NA,,,no,match
liweiyi88__onedump,syft,73,73,79,79,148,148,yes,149,148,96/1/52/73/24/0/79/18/0,96/1/52/73/24/0/79/18/0,,,no,match
liweiyi88__onedump,trivy,73,73,79,79,148,148,yes,149,148,81/0/67/73/8/0/79/2/0,81/0/67/73/8/0/79/2/0,,,no,match
liweiyi88__onedump,cdxgen,73,73,79,79,148,148,yes,149,148,73/0/75/73/0/0/73/0/6,73/0/75/73/0/0/73/0/6,,,no,match
liweiyi88__onedump,cyclonedx-gomod,73,73,79,79,148,148,yes,149,148,75/0/73/73/2/0/73/2/6,75/0/73/73/2/0/73/2/6,,,no,match
llir__llvm,syft,5,5,6,6,18,18,yes,19,18,8/1/10/5/4/0/6/3/0,8/1/10/5/4/0/6/3/0,,,no,match
llir__llvm,trivy,5,5,6,6,18,18,yes,19,18,18/2/0/5/15/0/6/14/0,18/2/0/5/15/0/6/14/0,,,no,match
llir__llvm,cdxgen,5,5,6,6,18,18,yes,19,18,7/1/11/5/3/0/5/3/1,7/1/11/5/3/0/5/3/1,,,no,match
llir__llvm,cyclonedx-gomod,5,5,6,6,18,18,yes,19,18,8/0/10/5/3/0/5/3/1,8/0/10/5/3/0/5/3/1,,,no,match
lni__dragonboat,syft,36,36,40,40,221,221,yes,222,221,50/0/171/36/14/0/40/10/0,50/0/171/36/14/0/40/10/0,,,no,match
lni__dragonboat,trivy,36,36,40,40,221,221,yes,222,221,42/0/179/36/6/0/40/2/0,42/0/179/36/6/0/40/2/0,,,no,match
lni__dragonboat,cdxgen,36,36,40,40,221,221,yes,222,221,36/0/185/36/0/0/36/0/4,36/0/185/36/0/0/36/0/4,,,no,match
lni__dragonboat,cyclonedx-gomod,36,36,40,40,221,221,yes,222,221,33/0/188/32/1/4/32/1/8,33/0/188/32/1/4/32/1/8,,,no,match
logpacker__PayPal-Go-SDK,syft,3,3,3,3,434,434,yes,435,434,246/0/188/3/243/0/3/243/0,246/0/188/3/243/0/3/243/0,,,no,match
logpacker__PayPal-Go-SDK,trivy,3,3,3,3,434,434,yes,435,434,216/0/218/3/213/0/3/213/0,216/0/218/3/213/0/3/213/0,,,no,match
logpacker__PayPal-Go-SDK,cdxgen,3,3,3,3,434,434,yes,435,434,3/0/431/3/0/0/3/0/0,3/0/431/3/0/0/3/0/0,,,no,match
logpacker__PayPal-Go-SDK,cyclonedx-gomod,3,3,3,3,434,434,yes,435,434,215/0/219/3/212/0/3/212/0,215/0/219/3/212/0/3/212/0,,,no,match
lonng__nano,syft,14,14,20,20,68,68,yes,69,68,35/0/33/14/21/0/20/15/0,35/0/33/14/21/0/20/15/0,,,no,match
lonng__nano,trivy,14,14,20,20,68,68,yes,69,68,68/0/0/14/54/0/20/48/0,68/0/0/14/54/0/20/48/0,,,no,match
lonng__nano,cdxgen,14,14,20,20,68,68,yes,69,68,14/0/54/14/0/0/14/0/6,14/0/54/14/0/0/14/0/6,,,no,match
lonng__nano,cyclonedx-gomod,14,14,20,20,68,68,yes,69,68,14/0/54/14/0/0/14/0/6,14/0/54/14/0/0/14/0/6,,,no,match
loom-go__loom,syft,2,2,6,6,8,8,yes,9,8,7/0/1/2/5/0/6/1/0,7/0/1/2/5/0/6/1/0,,,no,match
loom-go__loom,trivy,2,2,6,6,8,8,yes,9,8,6/0/2/2/4/0/6/0/0,6/0/2/2/4/0/6/0/0,,,no,match
loom-go__loom,cdxgen,2,2,6,6,8,8,yes,9,8,2/0/6/2/0/0/2/0/4,2/0/6/2/0/0/2/0/4,,,no,match
loom-go__loom,cyclonedx-gomod,2,2,6,6,8,8,yes,9,8,2/0/6/2/0/0/2/0/4,2/0/6/2/0/0/2/0/4,,,no,match
loov__lensm,syft,13,13,13,13,39,39,yes,40,39,20/0/19/13/7/0/13/7/0,20/0/19/13/7/0/13/7/0,,,no,match
loov__lensm,trivy,13,13,13,13,39,39,yes,40,39,14/0/25/13/1/0/13/1/0,14/0/25/13/1/0/13/1/0,,,no,match
loov__lensm,cdxgen,13,13,13,13,39,39,yes,40,39,13/0/26/13/0/0/13/0/0,13/0/26/13/0/0/13/0/0,,,no,match
loov__lensm,cyclonedx-gomod,13,13,13,13,39,39,yes,40,39,14/0/25/13/1/0/13/1/0,14/0/25/13/1/0/13/1/0,,,no,match
lrita__numa,syft,1,1,4,4,5,5,yes,6,5,4/0/1/1/3/0/4/0/0,4/0/1/1/3/0/4/0/0,,,no,match
lrita__numa,trivy,1,1,4,4,5,5,yes,6,5,5/0/0/1/4/0/4/1/0,5/0/0/1/4/0/4/1/0,,,no,match
lrita__numa,cdxgen,1,1,4,4,5,5,yes,6,5,1/0/4/1/0/0/1/0/3,1/0/4/1/0/0/1/0/3,,,no,match
lrita__numa,cyclonedx-gomod,1,1,4,4,5,5,yes,6,5,1/0/4/1/0/0/1/0/3,1/0/4/1/0/0/1/0/3,,,no,match
lucas-clemente__quic-go,syft,7,7,12,12,28,28,yes,29,28,20/2/8/7/15/0/12/10/0,20/2/8/7/15/0/12/10/0,,,no,match
lucas-clemente__quic-go,trivy,7,7,12,12,28,28,yes,29,28,19/2/9/7/14/0/12/9/0,19/2/9/7/14/0/12/9/0,,,no,match
lucas-clemente__quic-go,cdxgen,7,7,12,12,28,28,yes,29,28,7/0/21/7/0/0/7/0/5,7/0/21/7/0/0/7/0/5,,,no,match
lucas-clemente__quic-go,cyclonedx-gomod,7,7,12,12,28,28,yes,29,28,10/0/18/7/3/0/7/3/5,10/0/18/7/3/0/7/3/5,,,no,match
lucasepe__tbd,syft,21,21,26,26,49,49,yes,50,49,36/0/13/21/15/0/26/10/0,36/0/13/21/15/0/26/10/0,,,no,match
lucasepe__tbd,trivy,21,21,26,26,49,49,yes,50,49,49/0/0/21/28/0/26/23/0,49/0/0/21/28/0/26/23/0,,,no,match
lucasepe__tbd,cdxgen,21,21,26,26,49,49,yes,50,49,21/0/28/21/0/0/21/0/5,21/0/28/21/0/0/21/0/5,,,no,match
lucasepe__tbd,cyclonedx-gomod,21,21,26,26,49,49,yes,50,49,23/0/26/21/2/0/21/2/5,23/0/26/21/2/0/21/2/5,,,no,match
luno__workflow,syft,15,15,16,16,42,42,yes,43,42,31/124/11/15/140/0/16/139/0,31/124/11/15/140/0/16/139/0,,,no,match
luno__workflow,trivy,15,15,16,16,42,42,yes,43,42,25/107/17/15/117/0/16/116/0,25/107/17/15/117/0/16/116/0,,,no,match
luno__workflow,cdxgen,15,15,16,16,42,42,yes,43,42,22/43/20/15/50/0/15/50/1,22/43/20/15/50/0/15/50/1,,,no,match
luno__workflow,cyclonedx-gomod,15,15,16,16,42,42,yes,43,42,15/0/27/15/0/0/15/0/1,15/0/27/15/0/0/15/0/1,,,no,match
luraproject__lura,syft,26,26,26,26,61,61,yes,62,61,44/0/17/26/18/0/26/18/0,44/0/17/26/18/0/26/18/0,,,no,match
luraproject__lura,trivy,26,26,26,26,61,61,yes,62,61,37/0/24/26/11/0/26/11/0,37/0/24/26/11/0/26/11/0,,,no,match
luraproject__lura,cdxgen,26,26,26,26,61,61,yes,62,61,26/0/35/26/0/0/26/0/0,26/0/35/26/0/0/26/0/0,,,no,match
luraproject__lura,cyclonedx-gomod,26,26,26,26,61,61,yes,62,61,37/0/24/26/11/0/26/11/0,37/0/24/26/11/0/26/11/0,,,no,match
lxzan__gws,syft,1,1,5,5,7,7,yes,8,7,6/0/1/1/5/0/5/1/0,6/0/1/1/5/0/5/1/0,,,no,match
lxzan__gws,trivy,1,1,5,5,7,7,yes,8,7,5/0/2/1/4/0/5/0/0,5/0/2/1/4/0/5/0/0,,,no,match
lxzan__gws,cdxgen,1,1,5,5,7,7,yes,8,7,1/0/6/1/0/0/1/0/4,1/0/6/1/0/0/1/0/4,,,no,match
lxzan__gws,cyclonedx-gomod,1,1,5,5,7,7,yes,8,7,1/0/6/1/0/0/1/0/4,1/0/6/1/0/0/1/0/4,,,no,match
lynxbase__lynxdb,syft,90,90,91,91,232,232,yes,233,232,153/1/79/90/64/0/91/63/0,153/1/79/90/64/0/91/63/0,,,no,match
lynxbase__lynxdb,trivy,90,90,91,91,232,232,yes,233,232,133/1/99/90/44/0/91/43/0,133/1/99/90/44/0/91/43/0,,,no,match
lynxbase__lynxdb,cdxgen,90,90,91,91,232,232,yes,233,232,90/0/142/90/0/0/90/0/1,90/0/142/90/0/0/90/0/1,,,no,match
lynxbase__lynxdb,cyclonedx-gomod,90,90,91,91,232,232,yes,233,232,92/0/140/90/2/0/90/2/1,92/0/140/90/2/0/90/2/1,,,no,match
m-zajac__json2go,syft,3,3,7,7,9,9,yes,10,9,8/0/1/3/5/0/7/1/0,8/0/1/3/5/0/7/1/0,,,no,match
m-zajac__json2go,trivy,3,3,7,7,9,9,yes,10,9,7/0/2/3/4/0/7/0/0,7/0/2/3/4/0/7/0/0,,,no,match
m-zajac__json2go,cdxgen,3,3,7,7,9,9,yes,10,9,3/0/6/3/0/0/3/0/4,3/0/6/3/0/0/3/0/4,,,no,match
m-zajac__json2go,cyclonedx-gomod,3,3,7,7,9,9,yes,10,9,3/0/6/3/0/0/3/0/4,3/0/6/3/0/0/3/0/4,,,no,match
m1__go-generate-password,syft,2,2,6,6,12,12,yes,13,12,8/0/4/2/6/0/6/2/0,8/0/4/2/6/0/6/2/0,,,no,match
m1__go-generate-password,trivy,2,2,6,6,12,12,yes,13,12,7/0/5/2/5/0/6/1/0,7/0/5/2/5/0/6/1/0,,,no,match
m1__go-generate-password,cdxgen,2,2,6,6,12,12,yes,13,12,2/0/10/2/0/0/2/0/4,2/0/10/2/0/0/2/0/4,,,no,match
m1__go-generate-password,cyclonedx-gomod,2,2,6,6,12,12,yes,13,12,3/0/9/2/1/0/2/1/4,3/0/9/2/1/0/2/1/4,,,no,match
maargenton__go-testpredicate,syft,3,3,3,3,8,8,yes,9,8,4/0/4/3/1/0/3/1/0,4/0/4/3/1/0/3/1/0,,,no,match
maargenton__go-testpredicate,trivy,3,3,3,3,8,8,yes,9,8,3/0/5/3/0/0/3/0/0,3/0/5/3/0/0/3/0/0,,,no,match
maargenton__go-testpredicate,cdxgen,3,3,3,3,8,8,yes,9,8,3/0/5/3/0/0/3/0/0,3/0/5/3/0/0/3/0/0,,,no,match
maargenton__go-testpredicate,cyclonedx-gomod,3,3,3,3,8,8,yes,9,8,3/0/5/3/0/0/3/0/0,3/0/5/3/0/0/3/0/0,,,no,match
madflojo__tasks,syft,1,1,1,1,1,1,yes,2,1,1/0/0/1/0/0/1/0/0,1/0/0/1/0/0/1/0/0,,,no,match
madflojo__tasks,trivy,1,1,1,1,1,1,yes,2,1,1/0/0/1/0/0/1/0/0,1/0/0/1/0/0/1/0/0,,,no,match
madflojo__tasks,cdxgen,1,1,1,1,1,1,yes,2,1,1/0/0/1/0/0/1/0/0,1/0/0/1/0/0/1/0/0,,,no,match
madflojo__tasks,cyclonedx-gomod,1,1,1,1,1,1,yes,2,1,1/0/0/1/0/0/1/0/0,1/0/0/1/0/0/1/0/0,,,no,match
mafredri__cdp,syft,5,5,8,8,13,13,yes,14,13,9/0/4/5/4/0/8/1/0,9/0/4/5/4/0/8/1/0,,,no,match
mafredri__cdp,trivy,5,5,8,8,13,13,yes,14,13,8/0/5/5/3/0/8/0/0,8/0/5/5/3/0/8/0/0,,,no,match
mafredri__cdp,cdxgen,5,5,8,8,13,13,yes,14,13,5/0/8/5/0/0/5/0/3,5/0/8/5/0/0/5/0/3,,,no,match
mafredri__cdp,cyclonedx-gomod,5,5,8,8,13,13,yes,14,13,5/0/8/5/0/0/5/0/3,5/0/8/5/0/0/5/0/3,,,no,match
mafulong__godal,syft,10,10,14,14,180,180,yes,181,180,17/0/163/10/7/0/14/3/0,17/0/163/10/7/0/14/3/0,,,no,match
mafulong__godal,trivy,10,10,14,14,180,180,yes,181,180,180/0/0/10/170/0/14/166/0,180/0/0/10/170/0/14/166/0,,,no,match
mafulong__godal,cdxgen,10,10,14,14,180,180,yes,181,180,10/0/170/10/0/0/10/0/4,10/0/170/10/0/0/10/0/4,,,no,match
mafulong__godal,cyclonedx-gomod,10,10,14,14,180,180,yes,181,180,10/0/170/10/0/0/10/0/4,10/0/170/10/0/0/10/0/4,,,no,match
maguro__pbf,syft,14,14,18,18,38,38,yes,39,38,28/0/10/14/14/0/18/10/0,28/0/10/14/14/0/18/10/0,,,no,match
maguro__pbf,trivy,14,14,18,18,38,38,yes,39,38,22/0/16/14/8/0/18/4/0,22/0/16/14/8/0/18/4/0,,,no,match
maguro__pbf,cdxgen,14,14,18,18,38,38,yes,39,38,14/0/24/14/0/0/14/0/4,14/0/24/14/0/0/14/0/4,,,no,match
maguro__pbf,cyclonedx-gomod,14,14,18,18,38,38,yes,39,38,15/0/23/14/1/0/14/1/4,15/0/23/14/1/0/14/1/4,,,no,match
mailgun__mailgun-go,syft,3,3,7,7,77,77,yes,78,77,8/0/69/3/5/0/7/1/0,8/0/69/3/5/0/7/1/0,,,no,match
mailgun__mailgun-go,trivy,3,3,7,7,77,77,yes,78,77,7/0/70/3/4/0/7/0/0,7/0/70/3/4/0/7/0/0,,,no,match
mailgun__mailgun-go,cdxgen,3,3,7,7,77,77,yes,78,77,3/0/74/3/0/0/3/0/4,3/0/74/3/0/0/3/0/4,,,no,match
mailgun__mailgun-go,cyclonedx-gomod,3,3,7,7,77,77,yes,78,77,3/0/74/3/0/0/3/0/4,3/0/74/3/0/0/3/0/4,,,no,match
mainak55512__stto,syft,3,3,3,3,4,4,yes,5,4,4/0/0/3/1/0/3/1/0,4/0/0/3/1/0/3/1/0,,,no,match
mainak55512__stto,trivy,3,3,3,3,4,4,yes,5,4,3/0/1/3/0/0/3/0/0,3/0/1/3/0/0/3/0/0,,,no,match
mainak55512__stto,cdxgen,3,3,3,3,4,4,yes,5,4,3/0/1/3/0/0/3/0/0,3/0/1/3/0/0/3/0/0,,,no,match
mainak55512__stto,cyclonedx-gomod,3,3,3,3,4,4,yes,5,4,3/0/1/3/0/0/3/0/0,3/0/1/3/0/0/3/0/0,,,no,match
malaschitz__randomForest,syft,2,2,2,2,244,244,yes,245,244,5/0/239/2/3/0/2/3/0,5/0/239/2/3/0/2/3/0,,,no,match
malaschitz__randomForest,trivy,2,2,2,2,244,244,yes,245,244,244/0/0/2/242/0/2/242/0,244/0/0/2/242/0/2/242/0,,,no,match
malaschitz__randomForest,cdxgen,2,2,2,2,244,244,yes,245,244,2/0/242/2/0/0/2/0/0,2/0/242/2/0/0/2/0/0,,,no,match
malaschitz__randomForest,cyclonedx-gomod,2,2,2,2,244,244,yes,245,244,2/0/242/2/0/0/2/0/0,2/0/242/2/0/0/2/0/0,,,no,match
mantil-io__mantil,syft,85,85,90,90,237,237,yes,238,237,109/0/128/85/24/0/90/19/0,109/0/128/85/24/0/90/19/0,,,no,match
mantil-io__mantil,trivy,85,85,90,90,237,237,yes,238,237,237/0/0/85/152/0/90/147/0,237/0/0/85/152/0/90/147/0,,,no,match
mantil-io__mantil,cdxgen,85,85,90,90,237,237,yes,238,237,48/0/189/45/3/40/47/1/43,48/0/189/45/3/40/47/1/43,,,no,match
mantil-io__mantil,cyclonedx-gomod,85,85,90,90,237,237,yes,238,237,91/0/146/85/6/0/85/6/5,91/0/146/85/6/0/85/6/5,,,no,match
manuelbcd__go-openproject,syft,5,5,5,5,15,15,yes,16,15,11/0/4/5/6/0/5/6/0,11/0/4/5/6/0/5/6/0,,,no,match
manuelbcd__go-openproject,trivy,5,5,5,5,15,15,yes,16,15,11/0/4/5/6/0/5/6/0,11/0/4/5/6/0/5/6/0,,,no,match
manuelbcd__go-openproject,cdxgen,5,5,5,5,15,15,yes,16,15,5/0/10/5/0/0/5/0/0,5/0/10/5/0/0/5/0/0,,,no,match
manuelbcd__go-openproject,cyclonedx-gomod,5,5,5,5,15,15,yes,16,15,5/0/10/5/0/0/5/0/0,5/0/10/5/0/0/5/0/0,,,no,match
mariocandela__beelzebub,syft,29,29,37,37,68,68,yes,69,68,49/0/19/29/20/0/37/12/0,49/0/19/29/20/0/37/12/0,,,no,match
mariocandela__beelzebub,trivy,29,29,37,37,68,68,yes,69,68,38/0/30/29/9/0/37/1/0,38/0/30/29/9/0/37/1/0,,,no,match
mariocandela__beelzebub,cdxgen,29,29,37,37,68,68,yes,69,68,29/0/39/29/0/0/29/0/8,29/0/39/29/0/0/29/0/8,,,no,match
mariocandela__beelzebub,cyclonedx-gomod,29,29,37,37,68,68,yes,69,68,29/0/39/28/1/1/28/1/9,29/0/39/28/1/1/28/1/9,,,no,match
mariomac__gostream,syft,1,1,5,5,13,13,yes,14,13,6/0/7/1/5/0/5/1/0,6/0/7/1/5/0/5/1/0,,,no,match
mariomac__gostream,trivy,1,1,5,5,13,13,yes,14,13,5/0/8/1/4/0/5/0/0,5/0/8/1/4/0/5/0/0,,,no,match
mariomac__gostream,cdxgen,1,1,5,5,13,13,yes,14,13,5/0/8/1/4/0/5/0/0,5/0/8/1/4/0/5/0/0,,,no,match
mariomac__gostream,cyclonedx-gomod,1,1,5,5,13,13,yes,14,13,1/0/12/1/0/0/1/0/4,1/0/12/1/0/0/1/0/4,,,no,match
markbates__goth,syft,19,19,25,25,44,44,yes,45,44,31/0/13/19/12/0/25/6/0,31/0/13/19/12/0/25/6/0,,,no,match
markbates__goth,trivy,19,19,25,25,44,44,yes,45,44,30/0/14/19/11/0/25/5/0,30/0/14/19/11/0/25/5/0,,,no,match
markbates__goth,cdxgen,19,19,25,25,44,44,yes,45,44,19/0/25/19/0/0/19/0/6,19/0/25/19/0/0/19/0/6,,,no,match
markbates__goth,cyclonedx-gomod,19,19,25,25,44,44,yes,45,44,21/0/23/19/2/0/19/2/6,21/0/23/19/2/0/19/2/6,,,no,match
markfarnan__go-canvas,syft,3,3,3,3,7,7,yes,8,7,4/0/3/3/1/0/3/1/0,4/0/3/3/1/0/3/1/0,,,no,match
markfarnan__go-canvas,trivy,3,3,3,3,7,7,yes,8,7,7/0/0/3/4/0/3/4/0,7/0/0/3/4/0/3/4/0,,,no,match
markfarnan__go-canvas,cdxgen,3,3,3,3,7,7,yes,8,7,3/0/4/3/0/0/3/0/0,3/0/4/3/0/0/3/0/0,,,no,match
markfarnan__go-canvas,cyclonedx-gomod,3,3,3,3,7,7,yes,8,7,3/0/4/3/0/0/3/0/0,3/0/4/3/0/0/3/0/0,,,no,match
markphelps__flipt,syft,302,302,309,309,730,730,yes,731,730,398/15/332/302/111/0/309/104/0,398/15/332/302/111/0/309/104/0,,,no,match
markphelps__flipt,trivy,302,302,309,309,730,730,yes,731,730,339/13/391/302/50/0/309/43/0,339/13/391/302/50/0/309/43/0,,,no,match
markphelps__flipt,cdxgen,302,302,309,309,730,730,yes,731,730,NA,NA,,,no,match
markphelps__flipt,cyclonedx-gomod,302,302,309,309,730,730,yes,731,730,321/0/409/300/21/2/300/21/9,321/0/409/300/21/2/300/21/9,,,no,match
marlow__marlow,syft,1,1,2,2,2,2,yes,3,2,2/0/0/1/1/0/2/0/0,2/0/0/1/1/0/2/0/0,,,no,match
marlow__marlow,trivy,1,1,2,2,2,2,yes,3,2,2/0/0/1/1/0/2/0/0,2/0/0/1/1/0/2/0/0,,,no,match
marlow__marlow,cdxgen,1,1,2,2,2,2,yes,3,2,1/0/1/1/0/0/1/0/1,1/0/1/1/0/0/1/0/1,,,no,match
marlow__marlow,cyclonedx-gomod,1,1,2,2,2,2,yes,3,2,1/0/1/1/0/0/1/0/1,1/0/1/1/0/0/1/0/1,,,no,match
marrow16__valix,syft,4,4,8,8,16,16,yes,17,16,9/0/7/4/5/0/8/1/0,9/0/7/4/5/0/8/1/0,,,no,match
marrow16__valix,trivy,4,4,8,8,16,16,yes,17,16,8/0/8/4/4/0/8/0/0,8/0/8/4/4/0/8/0/0,,,no,match
marrow16__valix,cdxgen,4,4,8,8,16,16,yes,17,16,4/0/12/4/0/0/4/0/4,4/0/12/4/0/0/4/0/4,,,no,match
marrow16__valix,cyclonedx-gomod,4,4,8,8,16,16,yes,17,16,4/0/12/4/0/0/4/0/4,4/0/12/4/0/0/4/0/4,,,no,match
maruel__panicparse,syft,4,4,5,5,5,5,yes,6,5,5/0/0/4/1/0/5/0/0,5/0/0/4/1/0/5/0/0,,,no,match
maruel__panicparse,trivy,4,4,5,5,5,5,yes,6,5,5/0/0/4/1/0/5/0/0,5/0/0/4/1/0/5/0/0,,,no,match
maruel__panicparse,cdxgen,4,4,5,5,5,5,yes,6,5,4/0/1/4/0/0/4/0/1,4/0/1/4/0/0/4/0/1,,,no,match
maruel__panicparse,cyclonedx-gomod,4,4,5,5,5,5,yes,6,5,4/0/1/4/0/0/4/0/1,4/0/1/4/0/0/4/0/1,,,no,match
marwanhawari__stew,syft,25,25,25,25,55,55,yes,56,55,38/0/17/25/13/0/25/13/0,38/0/17/25/13/0/25/13/0,,,no,match
marwanhawari__stew,trivy,25,25,25,25,55,55,yes,56,55,27/0/28/25/2/0/25/2/0,27/0/28/25/2/0/25/2/0,,,no,match
marwanhawari__stew,cdxgen,25,25,25,25,55,55,yes,56,55,27/0/28/25/2/0/25/2/0,27/0/28/25/2/0/25/2/0,,,no,match
marwanhawari__stew,cyclonedx-gomod,25,25,25,25,55,55,yes,56,55,25/0/30/25/0/0/25/0/0,25/0/30/25/0/0/25/0/0,,,no,match
masterzen__winrm,syft,19,19,22,22,39,39,yes,40,39,29/0/10/19/10/0/22/7/0,29/0/10/19/10/0/22/7/0,,,no,match
masterzen__winrm,trivy,19,19,22,22,39,39,yes,40,39,23/0/16/19/4/0/22/1/0,23/0/16/19/4/0/22/1/0,,,no,match
masterzen__winrm,cdxgen,19,19,22,22,39,39,yes,40,39,19/0/20/19/0/0/19/0/3,19/0/20/19/0/0/19/0/3,,,no,match
masterzen__winrm,cyclonedx-gomod,19,19,22,22,39,39,yes,40,39,19/0/20/19/0/0/19/0/3,19/0/20/19/0/0/19/0/3,,,no,match
masterzen__winrm-cli,syft,10,10,13,13,14,14,yes,15,14,13/0/1/10/3/0/13/0/0,13/0/1/10/3/0/13/0/0,,,no,match
masterzen__winrm-cli,trivy,10,10,13,13,14,14,yes,15,14,14/0/0/10/4/0/13/1/0,14/0/0/10/4/0/13/1/0,,,no,match
masterzen__winrm-cli,cdxgen,10,10,13,13,14,14,yes,15,14,10/0/4/10/0/0/10/0/3,10/0/4/10/0/0/10/0/3,,,no,match
masterzen__winrm-cli,cyclonedx-gomod,10,10,13,13,14,14,yes,15,14,10/0/4/10/0/0/10/0/3,10/0/4/10/0/0/10/0/3,,,no,match
matcornic__hermes,syft,24,24,28,28,43,43,yes,44,43,31/0/12/24/7/0/28/3/0,31/0/12/24/7/0/28/3/0,,,no,match
matcornic__hermes,trivy,24,24,28,28,43,43,yes,44,43,30/0/13/24/6/0/28/2/0,30/0/13/24/6/0/28/2/0,,,no,match
matcornic__hermes,cdxgen,24,24,28,28,43,43,yes,44,43,24/0/19/24/0/0/24/0/4,24/0/19/24/0/0/24/0/4,,,no,match
matcornic__hermes,cyclonedx-gomod,24,24,28,28,43,43,yes,44,43,25/0/18/24/1/0/24/1/4,25/0/18/24/1/0/24/1/4,,,no,match
matm__go-nowpayments,syft,6,6,6,6,7,7,yes,8,7,7/0/0/6/1/0/6/1/0,7/0/0/6/1/0/6/1/0,,,no,match
matm__go-nowpayments,trivy,6,6,6,6,7,7,yes,8,7,6/0/1/6/0/0/6/0/0,6/0/1/6/0/0/6/0/0,,,no,match
matm__go-nowpayments,cdxgen,6,6,6,6,7,7,yes,8,7,6/0/1/6/0/0/6/0/0,6/0/1/6/0/0/6/0/0,,,no,match
matm__go-nowpayments,cyclonedx-gomod,6,6,6,6,7,7,yes,8,7,5/0/2/5/0/1/5/0/1,5/0/2/5/0/1/5/0/1,,,no,match
matryer__gopherize.me,syft,20,20,20,20,100,100,yes,101,100,23/0/77/20/3/0/20/3/0,23/0/77/20/3/0/20/3/0,,,no,match
matryer__gopherize.me,trivy,20,20,20,20,100,100,yes,101,100,100/0/0/20/80/0/20/80/0,100/0/0/20/80/0/20/80/0,,,no,match
matryer__gopherize.me,cdxgen,20,20,20,20,100,100,yes,101,100,20/0/80/20/0/0/20/0/0,20/0/80/20/0/0/20/0/0,,,no,match
matryer__gopherize.me,cyclonedx-gomod,20,20,20,20,100,100,yes,101,100,25/0/75/20/5/0/20/5/0,25/0/75/20/5/0/20/5/0,,,no,match
matryer__moq,syft,3,3,4,4,9,9,yes,10,9,5/6/4/3/8/0/4/7/0,5/6/4/3/8/0/4/7/0,,,no,match
matryer__moq,trivy,3,3,4,4,9,9,yes,10,9,4/7/5/3/8/0/4/7/0,4/7/5/3/8/0/4/7/0,,,no,match
matryer__moq,cdxgen,3,3,4,4,9,9,yes,10,9,3/2/6/3/2/0/3/2/1,3/2/6/3/2/0/3/2/1,,,no,match
matryer__moq,cyclonedx-gomod,3,3,4,4,9,9,yes,10,9,3/0/6/3/0/0/3/0/1,3/0/6/3/0/0/3/0/1,,,no,match
mattn__go-adodb,syft,2,2,2,2,5,5,yes,6,5,2/0/3/2/0/0/2/0/0,2/0/3/2/0/0/2/0/0,,,no,match
mattn__go-adodb,trivy,2,2,2,2,5,5,yes,6,5,5/0/0/2/3/0/2/3/0,5/0/0/2/3/0/2/3/0,,,no,match
mattn__go-adodb,cdxgen,2,2,2,2,5,5,yes,6,5,2/0/3/2/0/0/2/0/0,2/0/3/2/0/0/2/0/0,,,no,match
mattn__go-adodb,cyclonedx-gomod,2,2,2,2,5,5,yes,6,5,2/0/3/2/0/0/2/0/0,2/0/3/2/0/0/2/0/0,,,no,match
mattn__go-colorable,syft,2,2,2,2,2,2,yes,3,2,2/0/0/2/0/0/2/0/0,2/0/0/2/0/0/2/0/0,,,no,match
mattn__go-colorable,trivy,2,2,2,2,2,2,yes,3,2,2/0/0/2/0/0/2/0/0,2/0/0/2/0/0/2/0/0,,,no,match
mattn__go-colorable,cdxgen,2,2,2,2,2,2,yes,3,2,2/0/0/2/0/0/2/0/0,2/0/0/2/0/0/2/0/0,,,no,match
mattn__go-colorable,cyclonedx-gomod,2,2,2,2,2,2,yes,3,2,2/0/0/2/0/0/2/0/0,2/0/0/2/0/0/2/0/0,,,no,match
mattn__go-isatty,syft,1,1,1,1,1,1,yes,2,1,1/0/0/1/0/0/1/0/0,1/0/0/1/0/0/1/0/0,,,no,match
mattn__go-isatty,trivy,1,1,1,1,1,1,yes,2,1,1/0/0/1/0/0/1/0/0,1/0/0/1/0/0/1/0/0,,,no,match
mattn__go-isatty,cdxgen,1,1,1,1,1,1,yes,2,1,1/0/0/1/0/0/1/0/0,1/0/0/1/0/0/1/0/0,,,no,match
mattn__go-isatty,cyclonedx-gomod,1,1,1,1,1,1,yes,2,1,1/0/0/1/0/0/1/0/0,1/0/0/1/0/0/1/0/0,,,no,match
mattn__go-runewidth,syft,1,1,1,1,1,1,yes,2,1,1/0/0/1/0/0/1/0/0,1/0/0/1/0/0/1/0/0,,,no,match
mattn__go-runewidth,trivy,1,1,1,1,1,1,yes,2,1,1/0/0/1/0/0/1/0/0,1/0/0/1/0/0/1/0/0,,,no,match
mattn__go-runewidth,cdxgen,1,1,1,1,1,1,yes,2,1,1/0/0/1/0/0/1/0/0,1/0/0/1/0/0/1/0/0,,,no,match
mattn__go-runewidth,cyclonedx-gomod,1,1,1,1,1,1,yes,2,1,1/0/0/1/0/0/1/0/0,1/0/0/1/0/0/1/0/0,,,no,match
mattn__goveralls,syft,2,2,2,2,10,10,yes,11,10,4/0/6/2/2/0/2/2/0,4/0/6/2/2/0/2/2/0,,,no,match
mattn__goveralls,trivy,2,2,2,2,10,10,yes,11,10,10/0/0/2/8/0/2/8/0,10/0/0/2/8/0/2/8/0,,,no,match
mattn__goveralls,cdxgen,2,2,2,2,10,10,yes,11,10,2/0/8/2/0/0/2/0/0,2/0/8/2/0/0/2/0/0,,,no,match
mattn__goveralls,cyclonedx-gomod,2,2,2,2,10,10,yes,11,10,2/0/8/2/0/0/2/0/0,2/0/8/2/0/0/2/0/0,,,no,match
matzefriedrich__parsley,syft,8,8,12,12,16,16,yes,17,16,14/0/2/8/6/0/12/2/0,14/0/2/8/6/0/12/2/0,,,no,match
matzefriedrich__parsley,trivy,8,8,12,12,16,16,yes,17,16,13/0/3/8/5/0/12/1/0,13/0/3/8/5/0/12/1/0,,,no,match
matzefriedrich__parsley,cdxgen,8,8,12,12,16,16,yes,17,16,8/0/8/8/0/0/8/0/4,8/0/8/8/0/0/8/0/4,,,no,match
matzefriedrich__parsley,cyclonedx-gomod,8,8,12,12,16,16,yes,17,16,9/0/7/8/1/0/8/1/4,9/0/7/8/1/0/8/1/4,,,no,match
maxbolgarin__abstract,syft,1,1,1,1,1,1,yes,2,1,1/0/0/1/0/0/1/0/0,1/0/0/1/0/0/1/0/0,,,no,match
maxbolgarin__abstract,trivy,1,1,1,1,1,1,yes,2,1,1/0/0/1/0/0/1/0/0,1/0/0/1/0/0/1/0/0,,,no,match
maxbolgarin__abstract,cdxgen,1,1,1,1,1,1,yes,2,1,1/0/0/1/0/0/1/0/0,1/0/0/1/0/0/1/0/0,,,no,match
maxbolgarin__abstract,cyclonedx-gomod,1,1,1,1,1,1,yes,2,1,1/0/0/1/0/0/1/0/0,1/0/0/1/0/0/1/0/0,,,no,match
maxbrunsfeld__counterfeiter,syft,4,4,9,9,19,19,yes,20,19,12/3/7/4/11/0/9/6/0,12/3/7/4/11/0/9/6/0,,,no,match
maxbrunsfeld__counterfeiter,trivy,4,4,9,9,19,19,yes,20,19,10/3/9/4/9/0/9/4/0,10/3/9/4/9/0/9/4/0,,,no,match
maxbrunsfeld__counterfeiter,cdxgen,4,4,9,9,19,19,yes,20,19,4/0/15/4/0/0/4/0/5,4/0/15/4/0/0/4/0/5,,,no,match
maxbrunsfeld__counterfeiter,cyclonedx-gomod,4,4,9,9,19,19,yes,20,19,4/0/15/4/0/0/4/0/5,4/0/15/4/0/0/4/0/5,,,no,match
maxclaus__gaper,syft,9,9,14,14,20,20,yes,21,20,16/0/4/9/7/0/14/2/0,16/0/4/9/7/0/14/2/0,,,no,match
maxclaus__gaper,trivy,9,9,14,14,20,20,yes,21,20,20/0/0/9/11/0/14/6/0,20/0/0/9/11/0/14/6/0,,,no,match
maxclaus__gaper,cdxgen,9,9,14,14,20,20,yes,21,20,9/0/11/9/0/0/9/0/5,9/0/11/9/0/0/9/0/5,,,no,match
maxclaus__gaper,cyclonedx-gomod,9,9,14,14,20,20,yes,21,20,10/0/10/9/1/0/9/1/5,10/0/10/9/1/0/9/1/5,,,no,match
maypok86__otter,syft,4,4,4,4,6,6,yes,7,6,5/53/1/4/54/0/4/54/0,5/53/1/4/54/0/4/54/0,,,no,match
maypok86__otter,trivy,4,4,4,4,6,6,yes,7,6,4/41/2/4/41/0/4/41/0,4/41/2/4/41/0/4/41/0,,,no,match
maypok86__otter,cdxgen,4,4,4,4,6,6,yes,7,6,4/34/2/4/34/0/4/34/0,4/34/2/4/34/0/4/34/0,,,no,match
maypok86__otter,cyclonedx-gomod,4,4,4,4,6,6,yes,7,6,4/0/2/4/0/0/4/0/0,4/0/2/4/0/0/4/0/0,,,no,match
mdempsky__unconvert,syft,4,4,4,4,9,9,yes,10,9,5/0/4/4/1/0/4/1/0,5/0/4/4/1/0/4/1/0,,,no,match
mdempsky__unconvert,trivy,4,4,4,4,9,9,yes,10,9,4/0/5/4/0/0/4/0/0,4/0/5/4/0/0/4/0/0,,,no,match
mdempsky__unconvert,cdxgen,4,4,4,4,9,9,yes,10,9,4/0/5/4/0/0/4/0/0,4/0/5/4/0/0/4/0/0,,,no,match
mdempsky__unconvert,cyclonedx-gomod,4,4,4,4,9,9,yes,10,9,4/0/5/4/0/0/4/0/0,4/0/5/4/0/0/4/0/0,,,no,match
mdlayher__arp,syft,7,7,7,7,12,12,yes,13,12,8/0/4/7/1/0/7/1/0,8/0/4/7/1/0/7/1/0,,,no,match
mdlayher__arp,trivy,7,7,7,7,12,12,yes,13,12,7/0/5/7/0/0/7/0/0,7/0/5/7/0/0/7/0/0,,,no,match
mdlayher__arp,cdxgen,7,7,7,7,12,12,yes,13,12,7/0/5/7/0/0/7/0/0,7/0/5/7/0/0/7/0/0,,,no,match
mdlayher__arp,cyclonedx-gomod,7,7,7,7,12,12,yes,13,12,7/0/5/7/0/0/7/0/0,7/0/5/7/0/0/7/0/0,,,no,match
mdlayher__dhcp6,syft,1,1,1,1,1,1,yes,2,1,1/0/0/1/0/0/1/0/0,1/0/0/1/0/0/1/0/0,,,no,match
mdlayher__dhcp6,trivy,1,1,1,1,1,1,yes,2,1,1/0/0/1/0/0/1/0/0,1/0/0/1/0/0/1/0/0,,,no,match
mdlayher__dhcp6,cdxgen,1,1,1,1,1,1,yes,2,1,1/0/0/1/0/0/1/0/0,1/0/0/1/0/0/1/0/0,,,no,match
mdlayher__dhcp6,cyclonedx-gomod,1,1,1,1,1,1,yes,2,1,1/0/0/1/0/0/1/0/0,1/0/0/1/0/0/1/0/0,,,no,match
mdlayher__ethernet,syft,6,6,6,6,10,10,yes,11,10,8/0/2/6/2/0/6/2/0,8/0/2/6/2/0/6/2/0,,,no,match
mdlayher__ethernet,trivy,6,6,6,6,10,10,yes,11,10,10/0/0/6/4/0/6/4/0,10/0/0/6/4/0/6/4/0,,,no,match
mdlayher__ethernet,cdxgen,6,6,6,6,10,10,yes,11,10,6/0/4/6/0/0/6/0/0,6/0/4/6/0/0/6/0/0,,,no,match
mdlayher__ethernet,cyclonedx-gomod,6,6,6,6,10,10,yes,11,10,6/0/4/6/0/0/6/0/0,6/0/4/6/0/0/6/0/0,,,no,match
megaease__easegress,syft,320,320,348,348,769,769,yes,770,769,428/1/341/320/109/0/348/81/0,428/1/341/320/109/0/348/81/0,,,no,match
megaease__easegress,trivy,320,320,348,348,769,769,yes,770,769,372/1/397/320/53/0/348/25/0,372/1/397/320/53/0/348/25/0,,,no,match
megaease__easegress,cdxgen,320,320,348,348,769,769,yes,770,769,320/0/449/320/0/0/320/0/28,320/0/449/320/0/0/320/0/28,,,no,match
megaease__easegress,cyclonedx-gomod,320,320,348,348,769,769,yes,770,769,328/0/441/317/11/3/317/11/31,328/0/441/317/11/3/317/11/31,,,no,match
megaease__easeprobe,syft,94,94,97,97,158,158,yes,159,158,121/0/37/94/27/0/97/24/0,121/0/37/94/27/0/97/24/0,,,no,match
megaease__easeprobe,trivy,94,94,97,97,158,158,yes,159,158,102/0/56/94/8/0/97/5/0,102/0/56/94/8/0/97/5/0,,,no,match
megaease__easeprobe,cdxgen,94,94,97,97,158,158,yes,159,158,94/0/64/94/0/0/94/0/3,94/0/64/94/0/0/94/0/3,,,no,match
megaease__easeprobe,cyclonedx-gomod,94,94,97,97,158,158,yes,159,158,98/0/60/94/4/0/94/4/3,98/0/60/94/4/0/94/4/3,,,no,match
mehanizm__airtable,syft,1,1,1,1,1,1,yes,2,1,1/0/0/1/0/0/1/0/0,1/0/0/1/0/0/1/0/0,,,no,match
mehanizm__airtable,trivy,1,1,1,1,1,1,yes,2,1,1/0/0/1/0/0/1/0/0,1/0/0/1/0/0/1/0/0,,,no,match
mehanizm__airtable,cdxgen,1,1,1,1,1,1,yes,2,1,1/0/0/1/0/0/1/0/0,1/0/0/1/0/0/1/0/0,,,no,match
mehanizm__airtable,cyclonedx-gomod,1,1,1,1,1,1,yes,2,1,1/0/0/1/0/0/1/0/0,1/0/0/1/0/0/1/0/0,,,no,match
mehdihadeli__Go-MediatR,syft,1,1,5,5,13,13,yes,14,13,9/33/4/1/41/0/5/37/0,9/33/4/1/41/0/5/37/0,,,no,match
mehdihadeli__Go-MediatR,trivy,1,1,5,5,13,13,yes,14,13,8/32/5/1/39/0/5/35/0,8/32/5/1/39/0/5/35/0,,,no,match
mehdihadeli__Go-MediatR,cdxgen,1,1,5,5,13,13,yes,14,13,2/28/11/1/29/0/2/28/3,2/28/11/1/29/0/2/28/3,,,no,match
mehdihadeli__Go-MediatR,cyclonedx-gomod,1,1,5,5,13,13,yes,14,13,1/0/12/1/0/0/1/0/4,1/0/12/1/0/0/1/0/4,,,no,match
mehdipourfar__webp-server,syft,7,7,8,8,15,15,yes,16,15,9/0/6/7/2/0/8/1/0,9/0/6/7/2/0/8/1/0,,,no,match
mehdipourfar__webp-server,trivy,7,7,8,8,15,15,yes,16,15,15/0/0/7/8/0/8/7/0,15/0/0/7/8/0/8/7/0,,,no,match
mehdipourfar__webp-server,cdxgen,7,7,8,8,15,15,yes,16,15,7/0/8/7/0/0/7/0/1,7/0/8/7/0/0/7/0/1,,,no,match
mehdipourfar__webp-server,cyclonedx-gomod,7,7,8,8,15,15,yes,16,15,7/0/8/7/0/0/7/0/1,7/0/8/7/0/0/7/0/1,,,no,match
mehrdadrad__mylg,syft,20,20,21,21,36,36,yes,37,36,30/0/6/20/10/0/21/9/0,30/0/6/20/10/0/21/9/0,,,no,match
mehrdadrad__mylg,trivy,20,20,21,21,36,36,yes,37,36,36/0/0/20/16/0/21/15/0,36/0/0/20/16/0/21/15/0,,,no,match
mehrdadrad__mylg,cdxgen,20,20,21,21,36,36,yes,37,36,20/0/16/20/0/0/20/0/1,20/0/16/20/0/0/20/0/1,,,no,match
mehrdadrad__mylg,cyclonedx-gomod,20,20,21,21,36,36,yes,37,36,20/0/16/20/0/0/20/0/1,20/0/16/20/0/0/20/0/1,,,no,match
mehrdadrad__tcpdog,syft,,42,,44,,99,NA,100,99,NA,58/0/41/42/16/0/44/14/0,,,no,july_unavailable
mehrdadrad__tcpdog,trivy,,42,,44,,99,NA,100,99,NA,99/0/0/42/57/0/44/55/0,,,no,july_unavailable
mehrdadrad__tcpdog,cdxgen,,42,,44,,99,NA,100,99,NA,42/0/57/42/0/0/42/0/2,,,no,july_unavailable
mehrdadrad__tcpdog,cyclonedx-gomod,,42,,44,,99,NA,100,99,NA,42/0/57/41/1/1/41/1/3,,,no,july_unavailable
meloalright__guora,syft,38,38,61,61,229,229,yes,230,229,98/0/131/38/60/0/61/37/0,98/0/131/38/60/0/61/37/0,,,no,match
meloalright__guora,trivy,38,38,61,61,229,229,yes,230,229,229/2/0/38/193/0/61/170/0,229/2/0/38/193/0/61/170/0,,,no,match
meloalright__guora,cdxgen,38,38,61,61,229,229,yes,230,229,38/0/191/38/0/0/38/0/23,38/0/191/38/0/0/38/0/23,,,no,match
meloalright__guora,cyclonedx-gomod,38,38,61,61,229,229,yes,230,229,NA,NA,,,no,match
melvinodsa__go-iam,syft,60,60,60,60,97,97,yes,98,97,71/0/26/60/11/0/60/11/0,71/0/26/60/11/0/60/11/0,,,no,match
melvinodsa__go-iam,trivy,60,60,60,60,97,97,yes,98,97,60/0/37/60/0/0/60/0/0,60/0/37/60/0/0/60/0/0,,,no,match
melvinodsa__go-iam,cdxgen,60,60,60,60,97,97,yes,98,97,60/0/37/60/0/0/60/0/0,60/0/37/60/0/0/60/0/0,,,no,match
melvinodsa__go-iam,cyclonedx-gomod,60,60,60,60,97,97,yes,98,97,60/0/37/60/0/0/60/0/0,60/0/37/60/0/0/60/0/0,,,no,match
mennanov__limiters,syft,55,55,69,69,188,188,yes,189,188,116/0/72/55/61/0/69/47/0,116/0/72/55/61/0/69/47/0,,,no,match
mennanov__limiters,trivy,55,55,69,69,188,188,yes,189,188,71/0/117/55/16/0/69/2/0,71/0/117/55/16/0/69/2/0,,,no,match
mennanov__limiters,cdxgen,55,55,69,69,188,188,yes,189,188,55/0/133/55/0/0/55/0/14,55/0/133/55/0/0/55/0/14,,,no,match
mennanov__limiters,cyclonedx-gomod,55,55,69,69,188,188,yes,189,188,57/0/131/55/2/0/55/2/14,57/0/131/55/2/0/55/2/14,,,no,match
mewkiz__flac,syft,3,3,3,3,9,9,yes,10,9,4/0/5/3/1/0/3/1/0,4/0/5/3/1/0/3/1/0,,,no,match
mewkiz__flac,trivy,3,3,3,3,9,9,yes,10,9,3/0/6/3/0/0/3/0/0,3/0/6/3/0/0/3/0/0,,,no,match
mewkiz__flac,cdxgen,3,3,3,3,9,9,yes,10,9,3/0/6/3/0/0/3/0/0,3/0/6/3/0/0/3/0/0,,,no,match
mewkiz__flac,cyclonedx-gomod,3,3,3,3,9,9,yes,10,9,3/0/6/3/0/0/3/0/0,3/0/6/3/0/0/3/0/0,,,no,match
mfridman__tparse,syft,14,14,18,18,24,24,yes,25,24,22/0/2/14/8/0/18/4/0,22/0/2/14/8/0/18/4/0,,,no,match
mfridman__tparse,trivy,14,14,18,18,24,24,yes,25,24,18/0/6/14/4/0/18/0/0,18/0/6/14/4/0/18/0/0,,,no,match
mfridman__tparse,cdxgen,14,14,18,18,24,24,yes,25,24,14/0/10/14/0/0/14/0/4,14/0/10/14/0/0/14/0/4,,,no,match
mfridman__tparse,cyclonedx-gomod,14,14,18,18,24,24,yes,25,24,14/0/10/14/0/0/14/0/4,14/0/10/14/0/0/14/0/4,,,no,match
mgechev__revive,syft,14,14,14,14,18,18,yes,19,18,17/246/1/14/249/0/14/249/0,17/246/1/14/249/0/14/249/0,,,no,match
mgechev__revive,trivy,14,14,14,14,18,18,yes,19,18,18/251/0/14/255/0/14/255/0,18/251/0/14/255/0/14/255/0,,,no,match
mgechev__revive,cdxgen,14,14,14,14,18,18,yes,19,18,18/248/0/14/252/0/14/252/0,18/248/0/14/252/0/14/252/0,,,no,match
mgechev__revive,cyclonedx-gomod,14,14,14,14,18,18,yes,19,18,14/0/4/14/0/0/14/0/0,14/0/4/14/0/0/14/0/0,,,no,match
mgtv-tech__jetcache-go,syft,14,14,28,28,61,61,yes,62,61,40/0/21/14/26/0/28/12/0,40/0/21/14/26/0/28/12/0,,,no,match
mgtv-tech__jetcache-go,trivy,14,14,28,28,61,61,yes,62,61,33/0/28/14/19/0/28/5/0,33/0/28/14/19/0/28/5/0,,,no,match
mgtv-tech__jetcache-go,cdxgen,14,14,28,28,61,61,yes,62,61,14/0/47/14/0/0/14/0/14,14/0/47/14/0/0/14/0/14,,,no,match
mgtv-tech__jetcache-go,cyclonedx-gomod,14,14,28,28,61,61,yes,62,61,19/0/42/14/5/0/14/5/14,19/0/42/14/5/0/14/5/14,,,no,match
mholt__archives,syft,19,19,19,19,81,81,yes,82,81,26/0/55/19/7/0/19/7/0,26/0/55/19/7/0/19/7/0,,,no,match
mholt__archives,trivy,19,19,19,19,81,81,yes,82,81,19/0/62/19/0/0/19/0/0,19/0/62/19/0/0/19/0/0,,,no,match
mholt__archives,cdxgen,19,19,19,19,81,81,yes,82,81,19/0/62/19/0/0/19/0/0,19/0/62/19/0/0/19/0/0,,,no,match
mholt__archives,cyclonedx-gomod,19,19,19,19,81,81,yes,82,81,19/0/62/19/0/0/19/0/0,19/0/62/19/0/0/19/0/0,,,no,match
micro__go-micro,syft,78,78,92,92,227,227,yes,228,227,118/2/109/78/42/0/92/28/0,118/2/109/78/42/0/92/28/0,,,no,match
micro__go-micro,trivy,78,78,92,92,227,227,yes,228,227,99/1/128/78/22/0/92/8/0,99/1/128/78/22/0/92/8/0,,,no,match
micro__go-micro,cdxgen,78,78,92,92,227,227,yes,228,227,78/0/149/78/0/0/78/0/14,78/0/149/78/0/0/78/0/14,,,no,match
micro__go-micro,cyclonedx-gomod,78,78,92,92,227,227,yes,228,227,81/0/146/78/3/0/78/3/14,81/0/146/78/3/0/78/3/14,,,no,match
microcosm-cc__bluemonday,syft,3,3,3,3,7,7,yes,8,7,3/0/4/3/0/0/3/0/0,3/0/4/3/0/0/3/0/0,,,no,match
microcosm-cc__bluemonday,trivy,3,3,3,3,7,7,yes,8,7,3/0/4/3/0/0/3/0/0,3/0/4/3/0/0/3/0/0,,,no,match
microcosm-cc__bluemonday,cdxgen,3,3,3,3,7,7,yes,8,7,3/0/4/3/0/0/3/0/0,3/0/4/3/0/0/3/0/0,,,no,match
microcosm-cc__bluemonday,cyclonedx-gomod,3,3,3,3,7,7,yes,8,7,3/0/4/3/0/0/3/0/0,3/0/4/3/0/0/3/0/0,,,no,match
miekg__dns,syft,2,2,3,3,11,11,yes,12,11,5/0/6/2/3/0/3/2/0,5/0/6/2/3/0/3/2/0,,,no,match
miekg__dns,trivy,2,2,3,3,11,11,yes,12,11,5/0/6/2/3/0/3/2/0,5/0/6/2/3/0/3/2/0,,,no,match
miekg__dns,cdxgen,2,2,3,3,11,11,yes,12,11,2/0/9/2/0/0/2/0/1,2/0/9/2/0/0/2/0/1,,,no,match
miekg__dns,cyclonedx-gomod,2,2,3,3,11,11,yes,12,11,5/0/6/2/3/0/3/2/0,5/0/6/2/3/0/3/2/0,,,no,match
miguelmota__golang-for-nodejs-developers,syft,9,9,9,9,196,196,yes,197,196,20/0/176/9/11/0/9/11/0,20/0/176/9/11/0/9/11/0,,,no,match
miguelmota__golang-for-nodejs-developers,trivy,9,9,9,9,196,196,yes,197,196,196/0/0/9/187/0/9/187/0,196/0/0/9/187/0/9/187/0,,,no,match
miguelmota__golang-for-nodejs-developers,cdxgen,9,9,9,9,196,196,yes,197,196,6/0/190/4/2/5/4/2/5,6/0/190/4/2/5/4/2/5,,,no,match
miguelmota__golang-for-nodejs-developers,cyclonedx-gomod,9,9,9,9,196,196,yes,197,196,9/0/187/9/0/0/9/0/0,9/0/187/9/0/0/9/0/0,,,no,match
mikekonan__go-types,syft,4,4,4,4,12,12,yes,13,12,9/0/3/4/5/0/4/5/0,9/0/3/4/5/0/4/5/0,,,no,match
mikekonan__go-types,trivy,4,4,4,4,12,12,yes,13,12,5/0/7/4/1/0/4/1/0,5/0/7/4/1/0/4/1/0,,,no,match
mikekonan__go-types,cdxgen,4,4,4,4,12,12,yes,13,12,4/0/8/4/0/0/4/0/0,4/0/8/4/0/0/4/0/0,,,no,match
mikekonan__go-types,cyclonedx-gomod,4,4,4,4,12,12,yes,13,12,4/0/8/4/0/0/4/0/0,4/0/8/4/0/0/4/0/0,,,no,match
mikestefanello__backlite,syft,8,8,11,11,35,35,yes,36,35,28/0/7/8/20/0/11/17/0,28/0/7/8/20/0/11/17/0,,,no,match
mikestefanello__backlite,trivy,8,8,11,11,35,35,yes,36,35,13/0/22/8/5/0/11/2/0,13/0/22/8/5/0/11/2/0,,,no,match
mikestefanello__backlite,cdxgen,8,8,11,11,35,35,yes,36,35,8/0/27/8/0/0/8/0/3,8/0/27/8/0/0/8/0/3,,,no,match
mikestefanello__backlite,cyclonedx-gomod,8,8,11,11,35,35,yes,36,35,10/0/25/8/2/0/8/2/3,10/0/25/8/2/0/8/2/3,,,no,match
mikestefanello__pagoda,syft,55,55,57,57,97,97,yes,98,97,67/0/30/55/12/0/57/10/0,67/0/30/55/12/0/57/10/0,,,no,match
mikestefanello__pagoda,trivy,55,55,57,57,97,97,yes,98,97,59/0/38/55/4/0/57/2/0,59/0/38/55/4/0/57/2/0,,,no,match
mikestefanello__pagoda,cdxgen,55,55,57,57,97,97,yes,98,97,55/0/42/55/0/0/55/0/2,55/0/42/55/0/0/55/0/2,,,no,match
mikestefanello__pagoda,cyclonedx-gomod,55,55,57,57,97,97,yes,98,97,55/0/42/55/0/0/55/0/2,55/0/42/55/0/0/55/0/2,,,no,match
miku__zek,syft,3,3,3,3,9,9,yes,10,9,3/0/6/3/0/0/3/0/0,3/0/6/3/0/0/3/0/0,,,no,match
miku__zek,trivy,3,3,3,3,9,9,yes,10,9,3/0/6/3/0/0/3/0/0,3/0/6/3/0/0/3/0/0,,,no,match
miku__zek,cdxgen,3,3,3,3,9,9,yes,10,9,3/0/6/3/0/0/3/0/0,3/0/6/3/0/0/3/0/0,,,no,match
miku__zek,cyclonedx-gomod,3,3,3,3,9,9,yes,10,9,3/0/6/3/0/0/3/0/0,3/0/6/3/0/0/3/0/0,,,no,match
milad-abbasi__gonfig,syft,3,3,6,6,8,8,yes,9,8,7/0/1/3/4/0/6/1/0,7/0/1/3/4/0/6/1/0,,,no,match
milad-abbasi__gonfig,trivy,3,3,6,6,8,8,yes,9,8,8/1/0/3/6/0/6/3/0,8/1/0/3/6/0/6/3/0,,,no,match
milad-abbasi__gonfig,cdxgen,3,3,6,6,8,8,yes,9,8,3/0/5/3/0/0/3/0/3,3/0/5/3/0/0/3/0/3,,,no,match
milad-abbasi__gonfig,cyclonedx-gomod,3,3,6,6,8,8,yes,9,8,3/0/5/3/0/0/3/0/3,3/0/5/3/0/0/3/0/3,,,no,match
miladibra10__vjson,syft,7,7,11,11,13,13,yes,14,13,12/0/1/7/5/0/11/1/0,12/0/1/7/5/0/11/1/0,,,no,match
miladibra10__vjson,trivy,7,7,11,11,13,13,yes,14,13,11/0/2/7/4/0/11/0/0,11/0/2/7/4/0/11/0/0,,,no,match
miladibra10__vjson,cdxgen,7,7,11,11,13,13,yes,14,13,7/0/6/7/0/0/7/0/4,7/0/6/7/0/0/7/0/4,,,no,match
miladibra10__vjson,cyclonedx-gomod,7,7,11,11,13,13,yes,14,13,7/0/6/7/0/0/7/0/4,7/0/6/7/0/0/7/0/4,,,no,match
milosgajdos__go-estimate,syft,13,13,17,17,52,52,yes,53,52,23/0/29/13/10/0/17/6/0,23/0/29/13/10/0/17/6/0,,,no,match
milosgajdos__go-estimate,trivy,13,13,17,17,52,52,yes,53,52,18/0/34/13/5/0/17/1/0,18/0/34/13/5/0/17/1/0,,,no,match
milosgajdos__go-estimate,cdxgen,13,13,17,17,52,52,yes,53,52,13/0/39/13/0/0/13/0/4,13/0/39/13/0/0/13/0/4,,,no,match
milosgajdos__go-estimate,cyclonedx-gomod,13,13,17,17,52,52,yes,53,52,14/0/38/13/1/0/13/1/4,14/0/38/13/1/0/13/1/4,,,no,match
milvus-io__milvus,syft,274,274,279,279,806,806,yes,807,806,352/11/454/270/93/4/275/88/4,352/11/454/270/93/4/275/88/4,,,no,match
milvus-io__milvus,trivy,274,274,279,279,806,806,yes,807,806,299/10/507/270/39/4/275/34/4,299/10/507/270/39/4/275/34/4,,,no,match
milvus-io__milvus,cdxgen,274,274,279,279,806,806,yes,807,806,NA,NA,,,no,match
milvus-io__milvus,cyclonedx-gomod,274,274,279,279,806,806,yes,807,806,283/5/523/268/20/6/268/20/11,283/5/523/268/20/6/268/20/11,,,no,match
minio__mc,syft,101,101,105,105,541,541,yes,542,541,320/0/221/101/219/0/105/215/0,320/0/221/101/219/0/105/215/0,,,no,match
minio__mc,trivy,101,101,105,105,541,541,yes,542,541,288/0/253/101/187/0/105/183/0,288/0/253/101/187/0/105/183/0,,,no,match
minio__mc,cdxgen,101,101,105,105,541,541,yes,542,541,101/0/440/101/0/0/101/0/4,101/0/440/101/0/0/101/0/4,,,no,match
minio__mc,cyclonedx-gomod,101,101,105,105,541,541,yes,542,541,284/0/257/101/183/0/102/182/3,284/0/257/101/183/0/102/182/3,,,no,match
minio__minio,syft,241,241,243,243,599,599,yes,600,599,291/5/308/241/55/0/243/53/0,291/5/308/241/55/0/243/53/0,,,no,match
minio__minio,trivy,241,241,243,243,599,599,yes,600,599,260/5/339/241/24/0/243/22/0,260/5/339/241/24/0/243/22/0,,,no,match
minio__minio,cdxgen,241,241,243,243,599,599,yes,600,599,241/0/358/241/0/0/241/0/2,241/0/358/241/0/0/241/0/2,,,no,match
minio__minio,cyclonedx-gomod,241,241,243,243,599,599,yes,600,599,253/0/346/241/12/0/241/12/2,253/0/346/241/12/0/241/12/2,,,no,match
minio__minio-go,syft,18,18,18,18,405,405,yes,406,405,250/2/155/18/234/0/18/234/0,250/2/155/18/234/0/18/234/0,,,no,match
minio__minio-go,trivy,18,18,18,18,405,405,yes,406,405,225/4/180/18/211/0/18/211/0,225/4/180/18/211/0/18/211/0,,,no,match
minio__minio-go,cdxgen,18,18,18,18,405,405,yes,406,405,20/2/385/18/4/0/18/4/0,20/2/385/18/4/0/18/4/0,,,no,match
minio__minio-go,cyclonedx-gomod,18,18,18,18,405,405,yes,406,405,225/0/180/18/207/0/18/207/0,225/0/180/18/207/0/18/207/0,,,no,match
miniscruff__changie,syft,43,43,43,43,62,62,yes,63,62,54/0/8/43/11/0/43/11/0,54/0/8/43/11/0/43/11/0,,,no,match
miniscruff__changie,trivy,43,43,43,43,62,62,yes,63,62,46/0/16/43/3/0/43/3/0,46/0/16/43/3/0/43/3/0,,,no,match
miniscruff__changie,cdxgen,43,43,43,43,62,62,yes,63,62,43/0/19/43/0/0/43/0/0,43/0/19/43/0/0/43/0/0,,,no,match
miniscruff__changie,cyclonedx-gomod,43,43,43,43,62,62,yes,63,62,45/0/17/43/2/0/43/2/0,45/0/17/43/2/0/43/2/0,,,no,match
mitchellh__packer,syft,376,376,376,376,859,859,yes,860,859,474/3/385/375/102/1/375/102/1,474/3/385/375/102/1/375/102/1,,,no,match
mitchellh__packer,trivy,376,376,376,376,859,859,yes,860,859,394/2/465/375/21/1/375/21/1,394/2/465/375/21/1/375/21/1,,,no,match
mitchellh__packer,cdxgen,376,376,376,376,859,859,yes,860,859,376/0/483/376/0/0/376/0/0,376/0/483/376/0/0/376/0/0,,,no,match
mitchellh__packer,cyclonedx-gomod,376,376,376,376,859,859,yes,860,859,389/1/470/372/18/4/372/18/4,389/1/470/372/18/4/372/18/4,,,no,match
mjl-__mox,syft,23,23,23,23,67,67,yes,68,67,33/0/34/23/10/0/23/10/0,33/0/34/23/10/0/23/10/0,,,no,match
mjl-__mox,trivy,23,23,23,23,67,67,yes,68,67,28/0/39/23/5/0/23/5/0,28/0/39/23/5/0/23/5/0,,,no,match
mjl-__mox,cdxgen,23,23,23,23,67,67,yes,68,67,28/0/39/23/5/0/23/5/0,28/0/39/23/5/0/23/5/0,,,no,match
mjl-__mox,cyclonedx-gomod,23,23,23,23,67,67,yes,68,67,28/0/39/23/5/0/23/5/0,28/0/39/23/5/0/23/5/0,,,no,match
mk-5__fjira,syft,16,16,19,19,37,37,yes,38,37,24/0/13/16/8/0/19/5/0,24/0/13/16/8/0/19/5/0,,,no,match
mk-5__fjira,trivy,16,16,19,19,37,37,yes,38,37,23/0/14/16/7/0/19/4/0,23/0/14/16/7/0/19/4/0,,,no,match
mk-5__fjira,cdxgen,16,16,19,19,37,37,yes,38,37,16/0/21/16/0/0/16/0/3,16/0/21/16/0/0/16/0/3,,,no,match
mk-5__fjira,cyclonedx-gomod,16,16,19,19,37,37,yes,38,37,17/0/20/16/1/0/16/1/3,17/0/20/16/1/0/16/1/3,,,no,match
mkchoi212__fac,syft,7,7,7,7,13,13,yes,14,13,12/0/1/7/5/0/7/5/0,12/0/1/7/5/0/7/5/0,,,no,match
mkchoi212__fac,trivy,7,7,7,7,13,13,yes,14,13,8/0/5/7/1/0/7/1/0,8/0/5/7/1/0/7/1/0,,,no,match
mkchoi212__fac,cdxgen,7,7,7,7,13,13,yes,14,13,7/0/6/7/0/0/7/0/0,7/0/6/7/0/0/7/0/0,,,no,match
mkchoi212__fac,cyclonedx-gomod,7,7,7,7,13,13,yes,14,13,7/0/6/7/0/0/7/0/0,7/0/6/7/0/0/7/0/0,,,no,match
mkideal__cli,syft,8,8,12,12,23,23,yes,24,23,13/0/10/8/5/0/12/1/0,13/0/10/8/5/0/12/1/0,,,no,match
mkideal__cli,trivy,8,8,12,12,23,23,yes,24,23,23/0/0/8/15/0/12/11/0,23/0/0/8/15/0/12/11/0,,,no,match
mkideal__cli,cdxgen,8,8,12,12,23,23,yes,24,23,8/0/15/8/0/0/8/0/4,8/0/15/8/0/0/8/0/4,,,no,match
mkideal__cli,cyclonedx-gomod,8,8,12,12,23,23,yes,24,23,8/0/15/8/0/0/8/0/4,8/0/15/8/0/0/8/0/4,,,no,match
mmadfox__go-geojson2h3,syft,8,8,8,8,10,10,yes,11,10,10/0/0/8/2/0/8/2/0,10/0/0/8/2/0/8/2/0,,,no,match
mmadfox__go-geojson2h3,trivy,8,8,8,8,10,10,yes,11,10,8/0/2/8/0/0/8/0/0,8/0/2/8/0/0/8/0/0,,,no,match
mmadfox__go-geojson2h3,cdxgen,8,8,8,8,10,10,yes,11,10,8/0/2/8/0/0/8/0/0,8/0/2/8/0/0/8/0/0,,,no,match
mmadfox__go-geojson2h3,cyclonedx-gomod,8,8,8,8,10,10,yes,11,10,8/0/2/8/0/0/8/0/0,8/0/2/8/0/0/8/0/0,,,no,match
mmadfox__go-h3geo-dist,syft,1,1,1,1,7,7,yes,8,7,5/0/2/1/4/0/1/4/0,5/0/2/1/4/0/1/4/0,,,no,match
mmadfox__go-h3geo-dist,trivy,1,1,1,1,7,7,yes,8,7,7/0/0/1/6/0/1/6/0,7/0/0/1/6/0/1/6/0,,,no,match
mmadfox__go-h3geo-dist,cdxgen,1,1,1,1,7,7,yes,8,7,1/0/6/1/0/0/1/0/0,1/0/6/1/0/0/1/0/0,,,no,match
mmadfox__go-h3geo-dist,cyclonedx-gomod,1,1,1,1,7,7,yes,8,7,1/0/6/1/0/0/1/0/0,1/0/6/1/0/0/1/0/0,,,no,match
mmalcek__bafi,syft,10,10,10,10,31,31,yes,32,31,17/0/14/10/7/0/10/7/0,17/0/14/10/7/0/10/7/0,,,no,match
mmalcek__bafi,trivy,10,10,10,10,31,31,yes,32,31,17/0/14/10/7/0/10/7/0,17/0/14/10/7/0/10/7/0,,,no,match
mmalcek__bafi,cdxgen,10,10,10,10,31,31,yes,32,31,10/0/21/10/0/0/10/0/0,10/0/21/10/0/0/10/0/0,,,no,match
mmalcek__bafi,cyclonedx-gomod,10,10,10,10,31,31,yes,32,31,10/0/21/10/0/0/10/0/0,10/0/21/10/0/0/10/0/0,,,no,match
mmcdole__gofeed,syft,6,6,10,10,20,20,yes,21,20,11/0/9/6/5/0/10/1/0,11/0/9/6/5/0/10/1/0,,,no,match
mmcdole__gofeed,trivy,6,6,10,10,20,20,yes,21,20,10/0/10/6/4/0/10/0/0,10/0/10/6/4/0/10/0/0,,,no,match
mmcdole__gofeed,cdxgen,6,6,10,10,20,20,yes,21,20,6/0/14/6/0/0/6/0/4,6/0/14/6/0/0/6/0/4,,,no,match
mmcdole__gofeed,cyclonedx-gomod,6,6,10,10,20,20,yes,21,20,6/0/14/6/0/0/6/0/4,6/0/14/6/0/0/6/0/4,,,no,match
moby__moby,syft,280,280,285,285,825,825,yes,826,825,386/0/439/280/106/0/285/101/0,386/0/439/280/106/0/285/101/0,,,no,match
moby__moby,trivy,280,280,285,285,825,825,yes,826,825,296/1/529/280/17/0/285/12/0,296/1/529/280/17/0/285/12/0,,,no,match
moby__moby,cdxgen,280,280,285,285,825,825,yes,826,825,296/0/529/280/16/0/285/11/0,296/0/529/280/16/0/285/11/0,,,no,match
moby__moby,cyclonedx-gomod,280,280,285,285,825,825,yes,826,825,284/0/541/276/8/4/276/8/9,284/0/541/276/8/4/276/8/9,,,no,match
mochi-co__mqtt,syft,40,40,47,47,191,191,yes,192,191,60/0/131/40/20/0/47/13/0,60/0/131/40/20/0/47/13/0,,,no,match
mochi-co__mqtt,trivy,40,40,47,47,191,191,yes,192,191,47/0/144/40/7/0/47/0/0,47/0/144/40/7/0/47/0/0,,,no,match
mochi-co__mqtt,cdxgen,40,40,47,47,191,191,yes,192,191,40/0/151/40/0/0/40/0/7,40/0/151/40/0/0/40/0/7,,,no,match
mochi-co__mqtt,cyclonedx-gomod,40,40,47,47,191,191,yes,192,191,40/0/151/40/0/0/40/0/7,40/0/151/40/0/0/40/0/7,,,no,match
mojocn__base64Captcha,syft,2,2,2,2,14,14,yes,15,14,2/0/12/2/0/0/2/0/0,2/0/12/2/0/0/2/0/0,,,no,match
mojocn__base64Captcha,trivy,2,2,2,2,14,14,yes,15,14,14/0/0/2/12/0/2/12/0,14/0/0/2/12/0/2/12/0,,,no,match
mojocn__base64Captcha,cdxgen,2,2,2,2,14,14,yes,15,14,2/0/12/2/0/0/2/0/0,2/0/12/2/0/0/2/0/0,,,no,match
mojocn__base64Captcha,cyclonedx-gomod,2,2,2,2,14,14,yes,15,14,2/0/12/2/0/0/2/0/0,2/0/12/2/0/0/2/0/0,,,no,match
monaco-io__request,syft,1,1,1,1,6,6,yes,7,6,4/0/2/1/3/0/1/3/0,4/0/2/1/3/0/1/3/0,,,no,match
monaco-io__request,trivy,1,1,1,1,6,6,yes,7,6,6/0/0/1/5/0/1/5/0,6/0/0/1/5/0/1/5/0,,,no,match
monaco-io__request,cdxgen,1,1,1,1,6,6,yes,7,6,1/0/5/1/0/0/1/0/0,1/0/5/1/0/0/1/0/0,,,no,match
monaco-io__request,cyclonedx-gomod,1,1,1,1,6,6,yes,7,6,1/0/5/1/0/0/1/0/0,1/0/5/1/0/0/1/0/0,,,no,match
mongodb__mongo-go-driver,syft,8,8,9,9,123,123,yes,124,123,103/2/20/8/97/0/9/96/0,103/2/20/8/97/0/9/96/0,,,no,match
mongodb__mongo-go-driver,trivy,8,8,9,9,123,123,yes,124,123,88/0/35/8/80/0/9/79/0,88/0/35/8/80/0/9/79/0,,,no,match
mongodb__mongo-go-driver,cdxgen,8,8,9,9,123,123,yes,124,123,NA,NA,,,no,match
mongodb__mongo-go-driver,cyclonedx-gomod,8,8,9,9,123,123,yes,124,123,34/0/89/8/26/0/8/26/1,34/0/89/8/26/0/8/26/1,,,no,match
moov-io__ach,syft,31,31,31,31,194,194,yes,195,194,43/0/151/31/12/0/31/12/0,43/0/151/31/12/0/31/12/0,,,no,match
moov-io__ach,trivy,31,31,31,31,194,194,yes,195,194,32/0/162/31/1/0/31/1/0,32/0/162/31/1/0/31/1/0,,,no,match
moov-io__ach,cdxgen,31,31,31,31,194,194,yes,195,194,31/0/163/31/0/0/31/0/0,31/0/163/31/0/0/31/0/0,,,no,match
moov-io__ach,cyclonedx-gomod,31,31,31,31,194,194,yes,195,194,32/0/162/31/1/0/31/1/0,32/0/162/31/1/0/31/1/0,,,no,match
mosajjal__dnsmonster,syft,79,79,79,79,276,276,yes,277,276,110/5/166/79/36/0/79/36/0,110/5/166/79/36/0/79/36/0,,,no,match
mosajjal__dnsmonster,trivy,79,79,79,79,276,276,yes,277,276,85/6/191/79/12/0/79/12/0,85/6/191/79/12/0/79/12/0,,,no,match
mosajjal__dnsmonster,cdxgen,79,79,79,79,276,276,yes,277,276,79/4/197/79/4/0/79/4/0,79/4/197/79/4/0/79/4/0,,,no,match
mosajjal__dnsmonster,cyclonedx-gomod,79,79,79,79,276,276,yes,277,276,83/0/193/79/4/0/79/4/0,83/0/193/79/4/0/79/4/0,,,no,match
moshebe__gebug,syft,38,38,38,38,80,80,yes,81,80,63/0/17/38/25/0/38/25/0,63/0/17/38/25/0/38/25/0,,,no,match
moshebe__gebug,trivy,38,38,38,38,80,80,yes,81,80,50/0/30/38/12/0/38/12/0,50/0/30/38/12/0/38/12/0,,,no,match
moshebe__gebug,cdxgen,38,38,38,38,80,80,yes,81,80,38/0/42/38/0/0/38/0/0,38/0/42/38/0/0/38/0/0,,,no,match
moshebe__gebug,cyclonedx-gomod,38,38,38,38,80,80,yes,81,80,50/0/30/38/12/0/38/12/0,50/0/30/38/12/0/38/12/0,,,no,match
mr-linch__go-tg,syft,2,2,7,7,13,13,yes,14,13,10/10/3/2/18/0/7/13/0,10/10/3/2/18/0/7/13/0,,,no,match
mr-linch__go-tg,trivy,2,2,7,7,13,13,yes,14,13,9/6/4/2/13/0/7/8/0,9/6/4/2/13/0/7/8/0,,,no,match
mr-linch__go-tg,cdxgen,2,2,7,7,13,13,yes,14,13,5/5/8/2/8/0/3/7/4,5/5/8/2/8/0/3/7/4,,,no,match
mr-linch__go-tg,cyclonedx-gomod,2,2,7,7,13,13,yes,14,13,2/0/11/2/0/0/2/0/5,2/0/11/2/0/0/2/0/5,,,no,match
msoap__go-carpet,syft,7,7,7,7,16,16,yes,17,16,10/0/6/7/3/0/7/3/0,10/0/6/7/3/0/7/3/0,,,no,match
msoap__go-carpet,trivy,7,7,7,7,16,16,yes,17,16,7/0/9/7/0/0/7/0/0,7/0/9/7/0/0/7/0/0,,,no,match
msoap__go-carpet,cdxgen,7,7,7,7,16,16,yes,17,16,7/0/9/7/0/0/7/0/0,7/0/9/7/0/0/7/0/0,,,no,match
msoap__go-carpet,cyclonedx-gomod,7,7,7,7,16,16,yes,17,16,7/0/9/7/0/0/7/0/0,7/0/9/7/0/0/7/0/0,,,no,match
msoap__shell2http,syft,2,2,2,2,24,24,yes,25,24,9/0/15/2/7/0/2/7/0,9/0/15/2/7/0/2/7/0,,,no,match
msoap__shell2http,trivy,2,2,2,2,24,24,yes,25,24,24/0/0/2/22/0/2/22/0,24/0/0/2/22/0/2/22/0,,,no,match
msoap__shell2http,cdxgen,2,2,2,2,24,24,yes,25,24,2/0/22/2/0/0/2/0/0,2/0/22/2/0/0/2/0/0,,,no,match
msoap__shell2http,cyclonedx-gomod,2,2,2,2,24,24,yes,25,24,2/0/22/2/0/0/2/0/0,2/0/22/2/0/0/2/0/0,,,no,match
mszostok__version,syft,29,29,32,32,55,55,yes,56,55,39/28/16/29/38/0/32/35/0,39/28/16/29/38/0/32/35/0,,,no,match
mszostok__version,trivy,29,29,32,32,55,55,yes,56,55,39/28/16/29/38/0/32/35/0,39/28/16/29/38/0/32/35/0,,,no,match
mszostok__version,cdxgen,29,29,32,32,55,55,yes,56,55,35/25/20/29/31/0/32/28/0,35/25/20/29/31/0/32/28/0,,,no,match
mszostok__version,cyclonedx-gomod,29,29,32,32,55,55,yes,56,55,30/0/25/29/1/0/29/1/3,30/0/25/29/1/0/29/1/3,,,no,match
mudler__LocalAI,syft,456,456,469,469,1125,1125,yes,1126,1125,619/0/506/456/163/0/469/150/0,619/0/506/456/163/0/469/150/0,,,no,match
mudler__LocalAI,trivy,456,456,469,469,1125,1125,yes,1126,1125,494/1/631/456/39/0/469/26/0,494/1/631/456/39/0/469/26/0,,,no,match
mudler__LocalAI,cdxgen,456,456,469,469,1125,1125,yes,1126,1125,494/0/631/456/38/0/469/25/0,494/0/631/456/38/0/469/25/0,,,no,match
mudler__LocalAI,cyclonedx-gomod,456,456,469,469,1125,1125,yes,1126,1125,479/0/646/452/27/4/454/25/15,479/0/646/452/27/4/454/25/15,,,no,match
muesli__smartcrop,syft,2,2,2,2,12,12,yes,13,12,2/0/10/2/0/0/2/0/0,2/0/10/2/0/0/2/0/0,,,no,match
muesli__smartcrop,trivy,2,2,2,2,12,12,yes,13,12,12/0/0/2/10/0/2/10/0,12/0/0/2/10/0/2/10/0,,,no,match
muesli__smartcrop,cdxgen,2,2,2,2,12,12,yes,13,12,2/0/10/2/0/0/2/0/0,2/0/10/2/0/0/2/0/0,,,no,match
muesli__smartcrop,cyclonedx-gomod,2,2,2,2,12,12,yes,13,12,2/0/10/2/0/0/2/0/0,2/0/10/2/0/0/2/0/0,,,no,match
muesli__termenv,syft,5,5,5,5,5,5,yes,6,5,5/10/0/5/10/0/5/10/0,5/10/0/5/10/0/5/10/0,,,no,match
muesli__termenv,trivy,5,5,5,5,5,5,yes,6,5,5/9/0/5/9/0/5/9/0,5/9/0/5/9/0/5/9/0,,,no,match
muesli__termenv,cdxgen,5,5,5,5,5,5,yes,6,5,5/8/0/5/8/0/5/8/0,5/8/0/5/8/0/5/8/0,,,no,match
muesli__termenv,cyclonedx-gomod,5,5,5,5,5,5,yes,6,5,5/0/0/5/0/0/5/0/0,5/0/0/5/0/0/5/0/0,,,no,match
muir__libschema,syft,10,10,12,12,19,19,yes,20,19,17/0/2/10/7/0/12/5/0,17/0/2/10/7/0/12/5/0,,,no,match
muir__libschema,trivy,10,10,12,12,19,19,yes,20,19,13/0/6/10/3/0/12/1/0,13/0/6/10/3/0/12/1/0,,,no,match
muir__libschema,cdxgen,10,10,12,12,19,19,yes,20,19,10/0/9/10/0/0/10/0/2,10/0/9/10/0/0/10/0/2,,,no,match
muir__libschema,cyclonedx-gomod,10,10,12,12,19,19,yes,20,19,10/0/9/10/0/0/10/0/2,10/0/9/10/0/0/10/0/2,,,no,match
muir__nchi,syft,7,7,11,11,54,54,yes,55,54,17/0/37/7/10/0/11/6/0,17/0/37/7/10/0/11/6/0,,,no,match
muir__nchi,trivy,7,7,11,11,54,54,yes,55,54,11/0/43/7/4/0/11/0/0,11/0/43/7/4/0/11/0/0,,,no,match
muir__nchi,cdxgen,7,7,11,11,54,54,yes,55,54,7/0/47/7/0/0/7/0/4,7/0/47/7/0/0/7/0/4,,,no,match
muir__nchi,cyclonedx-gomod,7,7,11,11,54,54,yes,55,54,7/0/47/7/0/0/7/0/4,7/0/47/7/0/0/7/0/4,,,no,match
muir__nfigure,syft,7,7,20,20,27,27,yes,28,27,22/0/5/7/15/0/20/2/0,22/0/5/7/15/0/20/2/0,,,no,match
muir__nfigure,trivy,7,7,20,20,27,27,yes,28,27,20/0/7/7/13/0/20/0/0,20/0/7/7/13/0/20/0/0,,,no,match
muir__nfigure,cdxgen,7,7,20,20,27,27,yes,28,27,7/0/20/7/0/0/7/0/13,7/0/20/7/0/0/7/0/13,,,no,match
muir__nfigure,cyclonedx-gomod,7,7,20,20,27,27,yes,28,27,7/0/20/7/0/0/7/0/13,7/0/20/7/0/0/7/0/13,,,no,match
muir__nject,syft,2,2,6,6,8,8,yes,9,8,7/0/1/2/5/0/6/1/0,7/0/1/2/5/0/6/1/0,,,no,match
muir__nject,trivy,2,2,6,6,8,8,yes,9,8,6/0/2/2/4/0/6/0/0,6/0/2/2/4/0/6/0/0,,,no,match
muir__nject,cdxgen,2,2,6,6,8,8,yes,9,8,2/0/6/2/0/0/2/0/4,2/0/6/2/0/0/2/0/4,,,no,match
muir__nject,cyclonedx-gomod,2,2,6,6,8,8,yes,9,8,2/0/6/2/0/0/2/0/4,2/0/6/2/0/0/2/0/4,,,no,match
muir__reflectutils,syft,2,2,6,6,13,13,yes,14,13,11/0/2/2/9/0/6/5/0,11/0/2/2/9/0/6/5/0,,,no,match
muir__reflectutils,trivy,2,2,6,6,13,13,yes,14,13,7/0/6/2/5/0/6/1/0,7/0/6/2/5/0/6/1/0,,,no,match
muir__reflectutils,cdxgen,2,2,6,6,13,13,yes,14,13,2/0/11/2/0/0/2/0/4,2/0/11/2/0/0/2/0/4,,,no,match
muir__reflectutils,cyclonedx-gomod,2,2,6,6,13,13,yes,14,13,2/0/11/2/0/0/2/0/4,2/0/11/2/0/0/2/0/4,,,no,match
mum4k__termdash,syft,11,11,11,11,20,20,yes,21,20,11/0/9/11/0/0/11/0/0,11/0/9/11/0/0/11/0/0,,,no,match
mum4k__termdash,trivy,11,11,11,11,20,20,yes,21,20,11/0/9/11/0/0/11/0/0,11/0/9/11/0/0/11/0/0,,,no,match
mum4k__termdash,cdxgen,11,11,11,11,20,20,yes,21,20,11/0/9/11/0/0/11/0/0,11/0/9/11/0/0/11/0/0,,,no,match
mum4k__termdash,cyclonedx-gomod,11,11,11,11,20,20,yes,21,20,11/0/9/11/0/0/11/0/0,11/0/9/11/0/0/11/0/0,,,no,match
murlokswarm__app,syft,6,6,10,10,22,22,yes,23,22,11/0/11/6/5/0/10/1/0,11/0/11/6/5/0/10/1/0,,,no,match
murlokswarm__app,trivy,6,6,10,10,22,22,yes,23,22,10/0/12/6/4/0/10/0/0,10/0/12/6/4/0/10/0/0,,,no,match
murlokswarm__app,cdxgen,6,6,10,10,22,22,yes,23,22,6/0/16/6/0/0/6/0/4,6/0/16/6/0/0/6/0/4,,,no,match
murlokswarm__app,cyclonedx-gomod,6,6,10,10,22,22,yes,23,22,6/0/16/6/0/0/6/0/4,6/0/16/6/0/0/6/0/4,,,no,match
mus-format__mus-go,syft,4,4,4,4,8,8,yes,9,8,4/0/4/4/0/0/4/0/0,4/0/4/4/0/0/4/0/0,,,no,match
mus-format__mus-go,trivy,4,4,4,4,8,8,yes,9,8,4/0/4/4/0/0/4/0/0,4/0/4/4/0/0/4/0/0,,,no,match
mus-format__mus-go,cdxgen,4,4,4,4,8,8,yes,9,8,4/0/4/4/0/0/4/0/0,4/0/4/4/0/0/4/0/0,,,no,match
mus-format__mus-go,cyclonedx-gomod,4,4,4,4,8,8,yes,9,8,4/0/4/4/0/0/4/0/0,4/0/4/4/0/0/4/0/0,,,no,match
mvdan__sh,syft,5,5,11,11,17,17,yes,18,17,13/7/4/5/15/0/11/9/0,13/7/4/5/15/0/11/9/0,,,no,match
mvdan__sh,trivy,5,5,11,11,17,17,yes,18,17,13/7/4/5/15/0/11/9/0,13/7/4/5/15/0/11/9/0,,,no,match
mvdan__sh,cdxgen,5,5,11,11,17,17,yes,18,17,5/6/12/5/6/0/5/6/6,5/6/12/5/6/0/5/6/6,,,no,match
mvdan__sh,cyclonedx-gomod,5,5,11,11,17,17,yes,18,17,8/0/9/5/3/0/6/2/5,8/0/9/5/3/0/6/2/5,,,no,match
mvdan__xurls,syft,1,1,3,3,9,9,yes,10,9,4/0/5/1/3/0/3/1/0,4/0/5/1/3/0/3/1/0,,,no,match
mvdan__xurls,trivy,1,1,3,3,9,9,yes,10,9,4/0/5/1/3/0/3/1/0,4/0/5/1/3/0/3/1/0,,,no,match
mvdan__xurls,cdxgen,1,1,3,3,9,9,yes,10,9,1/0/8/1/0/0/1/0/2,1/0/8/1/0/0/1/0/2,,,no,match
mvdan__xurls,cyclonedx-gomod,1,1,3,3,9,9,yes,10,9,1/0/8/1/0/0/1/0/2,1/0/8/1/0/0/1/0/2,,,no,match
mvmaasakkers__certificates,syft,13,13,13,13,44,44,yes,45,44,19/0/25/13/6/0/13/6/0,19/0/25/13/6/0/13/6/0,,,no,match
mvmaasakkers__certificates,trivy,13,13,13,13,44,44,yes,45,44,13/0/31/13/0/0/13/0/0,13/0/31/13/0/0/13/0/0,,,no,match
mvmaasakkers__certificates,cdxgen,13,13,13,13,44,44,yes,45,44,13/0/31/13/0/0/13/0/0,13/0/31/13/0/0/13/0/0,,,no,match
mvmaasakkers__certificates,cyclonedx-gomod,13,13,13,13,44,44,yes,45,44,13/0/31/13/0/0/13/0/0,13/0/31/13/0/0/13/0/0,,,no,match
mxschmitt__playwright-go,syft,3,3,13,13,32,32,yes,33,32,17/0/15/3/14/0/13/4/0,17/0/15/3/14/0/13/4/0,,,no,match
mxschmitt__playwright-go,trivy,3,3,13,13,32,32,yes,33,32,16/0/16/3/13/0/13/3/0,16/0/16/3/13/0/13/3/0,,,no,match
mxschmitt__playwright-go,cdxgen,3,3,13,13,32,32,yes,33,32,3/0/29/3/0/0/3/0/10,3/0/29/3/0/0/3/0/10,,,no,match
mxschmitt__playwright-go,cyclonedx-gomod,3,3,13,13,32,32,yes,33,32,3/0/29/3/0/0/3/0/10,3/0/29/3/0/0/3/0/10,,,no,match
mymmrac__telego,syft,7,7,11,11,30,30,yes,31,30,25/25/5/7/43/0/11/39/0,25/25/5/7/43/0/11/39/0,,,no,match
mymmrac__telego,trivy,7,7,11,11,30,30,yes,31,30,23/20/7/7/36/0/11/32/0,23/20/7/7/36/0/11/32/0,,,no,match
mymmrac__telego,cdxgen,7,7,11,11,30,30,yes,31,30,13/18/17/7/24/0/8/23/3,13/18/17/7/24/0/8/23/3,,,no,match
mymmrac__telego,cyclonedx-gomod,7,7,11,11,30,30,yes,31,30,15/0/15/7/8/0/7/8/4,15/0/15/7/8/0/7/8/4,,,no,match
nakagami__firebirdsql,syft,4,4,8,8,13,13,yes,14,13,9/0/4/4/5/0/8/1/0,9/0/4/4/5/0/8/1/0,,,no,match
nakagami__firebirdsql,trivy,4,4,8,8,13,13,yes,14,13,8/0/5/4/4/0/8/0/0,8/0/5/4/4/0/8/0/0,,,no,match
nakagami__firebirdsql,cdxgen,4,4,8,8,13,13,yes,14,13,4/0/9/4/0/0/4/0/4,4/0/9/4/0/0/4/0/4,,,no,match
nakagami__firebirdsql,cyclonedx-gomod,4,4,8,8,13,13,yes,14,13,4/0/9/4/0/0/4/0/4,4/0/9/4/0/0/4/0/4,,,no,match
nalgeon__redka,syft,5,5,6,6,6,6,yes,7,6,6/27/0/5/28/0/6/27/0,6/27/0/5/28/0/6/27/0,,,no,match
nalgeon__redka,trivy,5,5,6,6,6,6,yes,7,6,6/22/0/5/23/0/6/22/0,6/22/0/5/23/0/6/22/0,,,no,match
nalgeon__redka,cdxgen,5,5,6,6,6,6,yes,7,6,5/16/1/5/16/0/5/16/1,5/16/1/5/16/0/5/16/1,,,no,match
nalgeon__redka,cyclonedx-gomod,5,5,6,6,6,6,yes,7,6,5/0/1/5/0/0/5/0/1,5/0/1/5/0/0/5/0/1,,,no,match
nanomsg__mangos,syft,2,2,2,2,7,7,yes,8,7,4/0/3/2/2/0/2/2/0,4/0/3/2/2/0/2/2/0,,,no,match
nanomsg__mangos,trivy,2,2,2,2,7,7,yes,8,7,4/0/3/2/2/0/2/2/0,4/0/3/2/2/0/2/2/0,,,no,match
nanomsg__mangos,cdxgen,2,2,2,2,7,7,yes,8,7,2/0/5/2/0/0/2/0/0,2/0/5/2/0/0/2/0/0,,,no,match
nanomsg__mangos,cyclonedx-gomod,2,2,2,2,7,7,yes,8,7,4/0/3/2/2/0/2/2/0,4/0/3/2/2/0/2/2/0,,,no,match
nanovms__ops,syft,196,196,201,201,521,521,yes,522,521,254/0/267/196/58/0/201/53/0,254/0/267/196/58/0/201/53/0,,,no,match
nanovms__ops,trivy,196,196,201,201,521,521,yes,522,521,218/0/303/196/22/0/201/17/0,218/0/303/196/22/0/201/17/0,,,no,match
nanovms__ops,cdxgen,196,196,201,201,521,521,yes,522,521,218/0/303/196/22/0/201/17/0,218/0/303/196/22/0/201/17/0,,,no,match
nanovms__ops,cyclonedx-gomod,196,196,201,201,521,521,yes,522,521,200/0/321/195/5/1/195/5/6,200/0/321/195/5/1/195/5/6,,,no,match
nao1215__gup,syft,14,14,16,16,38,38,yes,39,38,32/6/6/14/24/0/16/22/0,32/6/6/14/24/0/16/22/0,,,no,match
nao1215__gup,trivy,14,14,16,16,38,38,yes,39,38,28/0/10/14/14/0/16/12/0,28/0/10/14/14/0/16/12/0,,,no,match
nao1215__gup,cdxgen,14,14,16,16,38,38,yes,39,38,14/0/24/14/0/0/14/0/2,14/0/24/14/0/0/14/0/2,,,no,match
nao1215__gup,cyclonedx-gomod,14,14,16,16,38,38,yes,39,38,26/0/12/14/12/0/14/12/2,26/0/12/14/12/0/14/12/2,,,no,match
napalu__goopt,syft,7,7,11,11,19,19,yes,20,19,13/14/6/7/20/0/11/16/0,13/14/6/7/20/0/11/16/0,,,no,match
napalu__goopt,trivy,7,7,11,11,19,19,yes,20,19,12/14/7/7/19/0/11/15/0,12/14/7/7/19/0/11/15/0,,,no,match
napalu__goopt,cdxgen,7,7,11,11,19,19,yes,20,19,8/1/11/7/2/0/7/2/4,8/1/11/7/2/0/7/2/4,,,no,match
napalu__goopt,cyclonedx-gomod,7,7,11,11,19,19,yes,20,19,7/0/12/7/0/0/7/0/4,7/0/12/7/0/0/7/0/4,,,no,match
nar10z__go-accumulator,syft,2,2,7,7,9,9,yes,10,9,8/3/1/2/9/0/7/4/0,8/3/1/2/9/0/7/4/0,,,no,match
nar10z__go-accumulator,trivy,2,2,7,7,9,9,yes,10,9,7/2/2/2/7/0/7/2/0,7/2/2/2/7/0/7/2/0,,,no,match
nar10z__go-accumulator,cdxgen,2,2,7,7,9,9,yes,10,9,2/0/7/2/0/0/2/0/5,2/0/7/2/0/0/2/0/5,,,no,match
nar10z__go-accumulator,cyclonedx-gomod,2,2,7,7,9,9,yes,10,9,2/0/7/2/0/0/2/0/5,2/0/7/2/0/0/2/0/5,,,no,match
nats-io__nats-server,syft,9,9,10,10,23,23,yes,24,23,11/0/12/9/2/0/10/1/0,11/0/12/9/2/0/10/1/0,,,no,match
nats-io__nats-server,trivy,9,9,10,10,23,23,yes,24,23,11/0/12/9/2/0/10/1/0,11/0/12/9/2/0/10/1/0,,,no,match
nats-io__nats-server,cdxgen,9,9,10,10,23,23,yes,24,23,9/0/14/9/0/0/9/0/1,9/0/14/9/0/0/9/0/1,,,no,match
nats-io__nats-server,cyclonedx-gomod,9,9,10,10,23,23,yes,24,23,10/0/13/9/1/0/9/1/1,10/0/13/9/1/0/9/1/1,,,no,match
nats-io__nats.go,syft,6,6,12,12,24,24,yes,25,24,13/0/11/6/7/0/12/1/0,13/0/11/6/7/0/12/1/0,,,no,match
nats-io__nats.go,trivy,6,6,12,12,24,24,yes,25,24,12/0/12/6/6/0/12/0/0,12/0/12/6/6/0/12/0/0,,,no,match
nats-io__nats.go,cdxgen,6,6,12,12,24,24,yes,25,24,6/0/18/6/0/0/6/0/6,6/0/18/6/0/0/6/0/6,,,no,match
nats-io__nats.go,cyclonedx-gomod,6,6,12,12,24,24,yes,25,24,5/0/19/5/0/1/5/0/7,5/0/19/5/0/1/5/0/7,,,no,match
naughtygopher__errors,syft,2,2,2,2,37,37,yes,37,36,6/0/31/2/4/0/2/4/0,5/0/31/2/3/0/2/3/0,6/0/31/2/4/0/2/4/0,,predicted,july_main_bug
naughtygopher__errors,trivy,2,2,2,2,37,37,yes,37,36,3/0/34/2/1/0/2/1/0,2/0/34/2/0/0/2/0/0,3/0/34/2/1/0/2/1/0,,predicted,july_main_bug
naughtygopher__errors,cdxgen,2,2,2,2,37,37,yes,37,36,2/0/35/2/0/0/2/0/0,2/0/34/2/0/0/2/0/0,2/0/35/2/0/0/2/0/0,,predicted,july_main_bug
naughtygopher__errors,cyclonedx-gomod,2,2,2,2,37,37,yes,37,36,2/0/35/2/0/0/2/0/0,2/0/34/2/0/0/2/0/0,2/0/35/2/0/0/2/0/0,,predicted,july_main_bug
naughtygopher__goapp,syft,49,49,49,49,95,95,yes,96,95,59/0/36/49/10/0/49/10/0,59/0/36/49/10/0/49/10/0,,,no,match
naughtygopher__goapp,trivy,49,49,49,49,95,95,yes,96,95,51/0/44/49/2/0/49/2/0,51/0/44/49/2/0/49/2/0,,,no,match
naughtygopher__goapp,cdxgen,49,49,49,49,95,95,yes,96,95,49/0/46/49/0/0/49/0/0,49/0/46/49/0/0/49/0/0,,,no,match
naughtygopher__goapp,cyclonedx-gomod,49,49,49,49,95,95,yes,96,95,49/0/46/49/0/0/49/0/0,49/0/46/49/0/0/49/0/0,,,no,match
naughtygopher__pocache,syft,1,1,5,5,7,7,yes,8,7,6/0/1/1/5/0/5/1/0,6/0/1/1/5/0/5/1/0,,,no,match
naughtygopher__pocache,trivy,1,1,5,5,7,7,yes,8,7,5/0/2/1/4/0/5/0/0,5/0/2/1/4/0/5/0/0,,,no,match
naughtygopher__pocache,cdxgen,1,1,5,5,7,7,yes,8,7,1/0/6/1/0/0/1/0/4,1/0/6/1/0/0/1/0/4,,,no,match
naughtygopher__pocache,cyclonedx-gomod,1,1,5,5,7,7,yes,8,7,1/0/6/1/0/0/1/0/4,1/0/6/1/0/0/1/0/4,,,no,match
navidys__gopensky,syft,4,4,17,17,49,49,yes,50,49,36/0/13/4/32/0/17/19/0,36/0/13/4/32/0/17/19/0,,,no,match
navidys__gopensky,trivy,4,4,17,17,49,49,yes,50,49,19/0/30/4/15/0/17/2/0,19/0/30/4/15/0/17/2/0,,,no,match
navidys__gopensky,cdxgen,4,4,17,17,49,49,yes,50,49,4/0/45/4/0/0/4/0/13,4/0/45/4/0/0/4/0/13,,,no,match
navidys__gopensky,cyclonedx-gomod,4,4,17,17,49,49,yes,50,49,3/0/46/3/0/1/3/0/14,3/0/46/3/0/1/3/0/14,,,no,match
ncruces__go-sqlite3,syft,10,10,12,12,17,17,yes,18,17,12/6/5/10/8/0/12/6/0,12/6/5/10/8/0/12/6/0,,,no,match
ncruces__go-sqlite3,trivy,10,10,12,12,17,17,yes,18,17,12/4/5/10/6/0/12/4/0,12/4/5/10/6/0/12/4/0,,,no,match
ncruces__go-sqlite3,cdxgen,10,10,12,12,17,17,yes,18,17,10/3/7/10/3/0/10/3/2,10/3/7/10/3/0/10/3/2,,,no,match
ncruces__go-sqlite3,cyclonedx-gomod,10,10,12,12,17,17,yes,18,17,10/0/7/10/0/0/10/0/2,10/0/7/10/0/0/10/0/2,,,no,match
ncruces__zenity,syft,1,1,2,2,15,15,yes,16,15,12/0/3/1/11/0/2/10/0,12/0/3/1/11/0/2/10/0,,,no,match
ncruces__zenity,trivy,1,1,2,2,15,15,yes,16,15,8/0/7/1/7/0/2/6/0,8/0/7/1/7/0/2/6/0,,,no,match
ncruces__zenity,cdxgen,1,1,2,2,15,15,yes,16,15,1/0/14/1/0/0/1/0/1,1/0/14/1/0/0/1/0/1,,,no,match
ncruces__zenity,cyclonedx-gomod,1,1,2,2,15,15,yes,16,15,7/0/8/1/6/0/1/6/1,7/0/8/1/6/0/1/6/1,,,no,match
ndabAP__entitydebs,syft,29,29,30,30,79,79,yes,80,79,42/0/37/29/13/0/30/12/0,42/0/37/29/13/0/30/12/0,,,no,match
ndabAP__entitydebs,trivy,29,29,30,30,79,79,yes,80,79,30/0/49/29/1/0/30/0/0,30/0/49/29/1/0/30/0/0,,,no,match
ndabAP__entitydebs,cdxgen,29,29,30,30,79,79,yes,80,79,29/0/50/29/0/0/29/0/1,29/0/50/29/0/0/29/0/1,,,no,match
ndabAP__entitydebs,cyclonedx-gomod,29,29,30,30,79,79,yes,80,79,29/0/50/29/0/0/29/0/1,29/0/50/29/0/0/29/0/1,,,no,match
neelance__graphql-go,syft,8,8,8,8,18,18,yes,19,18,13/0/5/8/5/0/8/5/0,13/0/5/8/5/0/8/5/0,,,no,match
neelance__graphql-go,trivy,8,8,8,8,18,18,yes,19,18,8/0/10/8/0/0/8/0/0,8/0/10/8/0/0/8/0/0,,,no,match
neelance__graphql-go,cdxgen,8,8,8,8,18,18,yes,19,18,8/0/10/8/0/0/8/0/0,8/0/10/8/0/0/8/0/0,,,no,match
neelance__graphql-go,cyclonedx-gomod,8,8,8,8,18,18,yes,19,18,8/0/10/8/0/0/8/0/0,8/0/10/8/0/0/8/0/0,,,no,match
neilotoole__jsoncolor,syft,5,5,12,12,14,14,yes,15,14,13/0/1/5/8/0/12/1/0,13/0/1/5/8/0/12/1/0,,,no,match
neilotoole__jsoncolor,trivy,5,5,12,12,14,14,yes,15,14,12/0/2/5/7/0/12/0/0,12/0/2/5/7/0/12/0/0,,,no,match
neilotoole__jsoncolor,cdxgen,5,5,12,12,14,14,yes,15,14,5/0/9/5/0/0/5/0/7,5/0/9/5/0/0/5/0/7,,,no,match
neilotoole__jsoncolor,cyclonedx-gomod,5,5,12,12,14,14,yes,15,14,5/0/9/5/0/0/5/0/7,5/0/9/5/0/0/5/0/7,,,no,match
neilotoole__sq,syft,124,124,130,130,504,504,yes,505,504,221/188/283/124/285/0/130/279/0,221/188/283/124/285/0/130/279/0,,,no,match
neilotoole__sq,trivy,124,124,130,130,504,504,yes,505,504,172/178/332/124/226/0/130/220/0,172/178/332/124/226/0/130/220/0,,,no,match
neilotoole__sq,cdxgen,124,124,130,130,504,504,yes,505,504,153/173/351/124/202/0/125/201/5,153/173/351/124/202/0/125/201/5,,,no,match
neilotoole__sq,cyclonedx-gomod,124,124,130,130,504,504,yes,505,504,137/0/367/121/16/3/121/16/9,137/0/367/121/16/3/121/16/9,,,no,match
netresearch__ofelia,syft,43,43,48,48,90,90,yes,91,90,78/0/12/43/35/0/48/30/0,78/0/12/43/35/0/48/30/0,,,no,match
netresearch__ofelia,trivy,43,43,48,48,90,90,yes,91,90,57/0/33/43/14/0/48/9/0,57/0/33/43/14/0/48/9/0,,,no,match
netresearch__ofelia,cdxgen,43,43,48,48,90,90,yes,91,90,43/0/47/43/0/0/43/0/5,43/0/47/43/0/0/43/0/5,,,no,match
netresearch__ofelia,cyclonedx-gomod,43,43,48,48,90,90,yes,91,90,45/0/45/43/2/0/43/2/5,45/0/45/43/2/0/43/2/5,,,no,match
neuronlabs__errors,syft,1,1,4,4,5,5,yes,6,5,4/0/1/1/3/0/4/0/0,4/0/1/1/3/0/4/0/0,,,no,match
neuronlabs__errors,trivy,1,1,4,4,5,5,yes,6,5,5/0/0/1/4/0/4/1/0,5/0/0/1/4/0/4/1/0,,,no,match
neuronlabs__errors,cdxgen,1,1,4,4,5,5,yes,6,5,1/0/4/1/0/0/1/0/3,1/0/4/1/0/0/1/0/3,,,no,match
neuronlabs__errors,cyclonedx-gomod,1,1,4,4,5,5,yes,6,5,1/0/4/1/0/0/1/0/3,1/0/4/1/0/0/1/0/3,,,no,match
nicksnyder__go-i18n,syft,3,3,3,3,7,7,yes,8,7,4/0/3/3/1/0/3/1/0,4/0/3/3/1/0/3/1/0,,,no,match
nicksnyder__go-i18n,trivy,3,3,3,3,7,7,yes,8,7,4/0/3/3/1/0/3/1/0,4/0/3/3/1/0/3/1/0,,,no,match
nicksnyder__go-i18n,cdxgen,3,3,3,3,7,7,yes,8,7,3/0/4/3/0/0/3/0/0,3/0/4/3/0/0/3/0/0,,,no,match
nicksnyder__go-i18n,cyclonedx-gomod,3,3,3,3,7,7,yes,8,7,3/0/4/3/0/0/3/0/0,3/0/4/3/0/0/3/0/0,,,no,match
nicobistolfi__go-postgres-s3-backup,syft,20,20,20,20,26,26,yes,27,26,25/0/1/20/5/0/20/5/0,25/0/1/20/5/0/20/5/0,,,no,match
nicobistolfi__go-postgres-s3-backup,trivy,20,20,20,20,26,26,yes,27,26,20/0/6/20/0/0/20/0/0,20/0/6/20/0/0/20/0/0,,,no,match
nicobistolfi__go-postgres-s3-backup,cdxgen,20,20,20,20,26,26,yes,27,26,20/0/6/20/0/0/20/0/0,20/0/6/20/0/0/20/0/0,,,no,match
nicobistolfi__go-postgres-s3-backup,cyclonedx-gomod,20,20,20,20,26,26,yes,27,26,20/0/6/20/0/0/20/0/0,20/0/6/20/0/0/20/0/0,,,no,match
nicola-strappazzon__password-manager,syft,12,12,16,16,41,41,yes,42,41,28/0/13/12/16/0/16/12/0,28/0/13/12/16/0/16/12/0,,,no,match
nicola-strappazzon__password-manager,trivy,12,12,16,16,41,41,yes,42,41,27/0/14/12/15/0/16/11/0,27/0/14/12/15/0/16/11/0,,,no,match
nicola-strappazzon__password-manager,cdxgen,12,12,16,16,41,41,yes,42,41,12/0/29/12/0/0/12/0/4,12/0/29/12/0/0/12/0/4,,,no,match
nicola-strappazzon__password-manager,cyclonedx-gomod,12,12,16,16,41,41,yes,42,41,20/0/21/12/8/0/12/8/4,20/0/21/12/8/0/12/8/4,,,no,match
nikepan__clickhouse-bulk,syft,19,19,23,23,49,49,yes,50,49,29/0/20/19/10/0/23/6/0,29/0/20/19/10/0/23/6/0,,,no,match
nikepan__clickhouse-bulk,trivy,19,19,23,23,49,49,yes,50,49,23/0/26/19/4/0/23/0/0,23/0/26/19/4/0/23/0/0,,,no,match
nikepan__clickhouse-bulk,cdxgen,19,19,23,23,49,49,yes,50,49,19/0/30/19/0/0/19/0/4,19/0/30/19/0/0/19/0/4,,,no,match
nikepan__clickhouse-bulk,cyclonedx-gomod,19,19,23,23,49,49,yes,50,49,19/0/30/19/0/0/19/0/4,19/0/30/19/0/0/19/0/4,,,no,match
nikogura__dbt,syft,61,61,64,64,136,136,yes,137,136,87/0/49/61/26/0/64/23/0,87/0/49/61/26/0/64/23/0,,,no,match
nikogura__dbt,trivy,61,61,64,64,136,136,yes,137,136,81/0/55/61/20/0/64/17/0,81/0/55/61/20/0/64/17/0,,,no,match
nikogura__dbt,cdxgen,61,61,64,64,136,136,yes,137,136,61/0/75/61/0/0/61/0/3,61/0/75/61/0/0/61/0/3,,,no,match
nikogura__dbt,cyclonedx-gomod,61,61,64,64,136,136,yes,137,136,66/0/70/57/9/4/57/9/7,66/0/70/57/9/4/57/9/7,,,no,match
nikogura__gomason,syft,13,13,14,14,30,30,yes,31,30,20/0/10/13/7/0/14/6/0,20/0/10/13/7/0/14/6/0,,,no,match
nikogura__gomason,trivy,13,13,14,14,30,30,yes,31,30,15/0/15/13/2/0/14/1/0,15/0/15/13/2/0/14/1/0,,,no,match
nikogura__gomason,cdxgen,13,13,14,14,30,30,yes,31,30,13/0/17/13/0/0/13/0/1,13/0/17/13/0/0/13/0/1,,,no,match
nikogura__gomason,cyclonedx-gomod,13,13,14,14,30,30,yes,31,30,14/0/16/13/1/0/13/1/1,14/0/16/13/1/0/13/1/1,,,no,match
nikolaydubina__calendarheatmap,syft,2,2,2,2,13,13,yes,14,13,2/0/11/2/0/0/2/0/0,2/0/11/2/0/0/2/0/0,,,no,match
nikolaydubina__calendarheatmap,trivy,2,2,2,2,13,13,yes,14,13,13/0/0/2/11/0/2/11/0,13/0/0/2/11/0/2/11/0,,,no,match
nikolaydubina__calendarheatmap,cdxgen,2,2,2,2,13,13,yes,14,13,1/0/12/1/0/1/1/0/1,1/0/12/1/0/1/1/0/1,,,no,match
nikolaydubina__calendarheatmap,cyclonedx-gomod,2,2,2,2,13,13,yes,14,13,2/0/11/2/0/0/2/0/0,2/0/11/2/0/0/2/0/0,,,no,match
nikolaydubina__fpmoney,syft,1,1,1,1,1,1,yes,2,1,1/0/0/1/0/0/1/0/0,1/0/0/1/0/0/1/0/0,,,no,match
nikolaydubina__fpmoney,trivy,1,1,1,1,1,1,yes,2,1,1/0/0/1/0/0/1/0/0,1/0/0/1/0/0/1/0/0,,,no,match
nikolaydubina__fpmoney,cdxgen,1,1,1,1,1,1,yes,2,1,1/0/0/1/0/0/1/0/0,1/0/0/1/0/0/1/0/0,,,no,match
nikolaydubina__fpmoney,cyclonedx-gomod,1,1,1,1,1,1,yes,2,1,1/0/0/1/0/0/1/0/0,1/0/0/1/0/0/1/0/0,,,no,match
nikolaydubina__go-instrument,syft,1,1,1,1,8,8,yes,9,8,1/0/7/1/0/0/1/0/0,1/0/7/1/0/0/1/0/0,,,no,match
nikolaydubina__go-instrument,trivy,1,1,1,1,8,8,yes,9,8,1/0/7/1/0/0/1/0/0,1/0/7/1/0/0/1/0/0,,,no,match
nikolaydubina__go-instrument,cdxgen,1,1,1,1,8,8,yes,9,8,1/0/7/1/0/0/1/0/0,1/0/7/1/0/0/1/0/0,,,no,match
nikolaydubina__go-instrument,cyclonedx-gomod,1,1,1,1,8,8,yes,9,8,1/0/7/1/0/0/1/0/0,1/0/7/1/0/0/1/0/0,,,no,match
nikolaydubina__jsonl-graph,syft,1,1,1,1,1,1,yes,2,1,1/0/0/1/0/0/1/0/0,1/0/0/1/0/0/1/0/0,,,no,match
nikolaydubina__jsonl-graph,trivy,1,1,1,1,1,1,yes,2,1,1/0/0/1/0/0/1/0/0,1/0/0/1/0/0/1/0/0,,,no,match
nikolaydubina__jsonl-graph,cdxgen,1,1,1,1,1,1,yes,2,1,1/0/0/1/0/0/1/0/0,1/0/0/1/0/0/1/0/0,,,no,match
nikolaydubina__jsonl-graph,cyclonedx-gomod,1,1,1,1,1,1,yes,2,1,1/0/0/1/0/0/1/0/0,1/0/0/1/0/0/1/0/0,,,no,match
nikolaydubina__watchhttp,syft,3,3,4,4,9,9,yes,10,9,5/0/4/3/2/0/4/1/0,5/0/4/3/2/0/4/1/0,,,no,match
nikolaydubina__watchhttp,trivy,3,3,4,4,9,9,yes,10,9,5/0/4/3/2/0/4/1/0,5/0/4/3/2/0/4/1/0,,,no,match
nikolaydubina__watchhttp,cdxgen,3,3,4,4,9,9,yes,10,9,3/0/6/3/0/0/3/0/1,3/0/6/3/0/0/3/0/1,,,no,match
nikolaydubina__watchhttp,cyclonedx-gomod,3,3,4,4,9,9,yes,10,9,3/0/6/3/0/0/3/0/1,3/0/6/3/0/0/3/0/1,,,no,match
nilpoona__leakhound,syft,4,4,4,4,10,10,yes,11,10,6/1/4/4/3/0/4/3/0,6/1/4/4/3/0/4/3/0,,,no,match
nilpoona__leakhound,trivy,4,4,4,4,10,10,yes,11,10,4/1/6/4/1/0/4/1/0,4/1/6/4/1/0/4/1/0,,,no,match
nilpoona__leakhound,cdxgen,4,4,4,4,10,10,yes,11,10,4/0/6/4/0/0/4/0/0,4/0/6/4/0/0/4/0/0,,,no,match
nilpoona__leakhound,cyclonedx-gomod,4,4,4,4,10,10,yes,11,10,4/0/6/4/0/0/4/0/0,4/0/6/4/0/0/4/0/0,,,no,match
nilpoona__zerohand,syft,3,3,3,3,8,8,yes,9,8,4/0/4/3/1/0/3/1/0,4/0/4/3/1/0/3/1/0,,,no,match
nilpoona__zerohand,trivy,3,3,3,3,8,8,yes,9,8,4/0/4/3/1/0/3/1/0,4/0/4/3/1/0/3/1/0,,,no,match
nilpoona__zerohand,cdxgen,3,3,3,3,8,8,yes,9,8,3/0/5/3/0/0/3/0/0,3/0/5/3/0/0/3/0/0,,,no,match
nilpoona__zerohand,cyclonedx-gomod,3,3,3,3,8,8,yes,9,8,4/0/4/3/1/0/3/1/0,4/0/4/3/1/0/3/1/0,,,no,match
nitishm__go-rejson,syft,4,4,4,4,13,13,yes,14,13,11/0/2/4/7/0/4/7/0,11/0/2/4/7/0/4/7/0,,,no,match
nitishm__go-rejson,trivy,4,4,4,4,13,13,yes,14,13,13/0/0/4/9/0/4/9/0,13/0/0/4/9/0/4/9/0,,,no,match
nitishm__go-rejson,cdxgen,4,4,4,4,13,13,yes,14,13,4/0/9/4/0/0/4/0/0,4/0/9/4/0/0/4/0/0,,,no,match
nitishm__go-rejson,cyclonedx-gomod,4,4,4,4,13,13,yes,14,13,4/0/9/4/0/0/4/0/0,4/0/9/4/0/0/4/0/0,,,no,match
nkmr-jp__zl,syft,7,7,10,10,17,17,yes,18,17,12/15/5/7/20/0/10/17/0,12/15/5/7/20/0/10/17/0,,,no,match
nkmr-jp__zl,trivy,7,7,10,10,17,17,yes,18,17,10/11/7/7/14/0/10/11/0,10/11/7/7/14/0/10/11/0,,,no,match
nkmr-jp__zl,cdxgen,7,7,10,10,17,17,yes,18,17,7/9/10/7/9/0/7/9/3,7/9/10/7/9/0/7/9/3,,,no,match
nkmr-jp__zl,cyclonedx-gomod,7,7,10,10,17,17,yes,18,17,7/0/10/7/0/0/7/0/3,7/0/10/7/0/0/7/0/3,,,no,match
nlpodyssey__spago,syft,1,1,5,5,13,13,yes,14,13,9/0/4/1/8/0/5/4/0,9/0/4/1/8/0/5/4/0,,,no,match
nlpodyssey__spago,trivy,1,1,5,5,13,13,yes,14,13,7/0/6/1/6/0/5/2/0,7/0/6/1/6/0/5/2/0,,,no,match
nlpodyssey__spago,cdxgen,1,1,5,5,13,13,yes,14,13,1/0/12/1/0/0/1/0/4,1/0/12/1/0/0/1/0/4,,,no,match
nlpodyssey__spago,cyclonedx-gomod,1,1,5,5,13,13,yes,14,13,1/0/12/1/0/0/1/0/4,1/0/12/1/0/0/1/0/4,,,no,match
no-src__gofs,syft,83,83,84,84,182,182,yes,183,182,120/0/62/83/37/0/84/36/0,120/0/62/83/37/0/84/36/0,,,no,match
no-src__gofs,trivy,83,83,84,84,182,182,yes,183,182,92/0/90/83/9/0/84/8/0,92/0/90/83/9/0/84/8/0,,,no,match
no-src__gofs,cdxgen,83,83,84,84,182,182,yes,183,182,83/0/99/83/0/0/83/0/1,83/0/99/83/0/0/83/0/1,,,no,match
no-src__gofs,cyclonedx-gomod,83,83,84,84,182,182,yes,183,182,91/0/91/83/8/0/83/8/1,91/0/91/83/8/0/83/8/1,,,no,match
no-src__log,syft,1,1,1,1,2,2,yes,3,2,2/0/0/1/1/0/1/1/0,2/0/0/1/1/0/1/1/0,,,no,match
no-src__log,trivy,1,1,1,1,2,2,yes,3,2,2/0/0/1/1/0/1/1/0,2/0/0/1/1/0/1/1/0,,,no,match
no-src__log,cdxgen,1,1,1,1,2,2,yes,3,2,1/0/1/1/0/0/1/0/0,1/0/1/1/0/0/1/0/0,,,no,match
no-src__log,cyclonedx-gomod,1,1,1,1,2,2,yes,3,2,1/0/1/1/0/0/1/0/0,1/0/1/1/0/0/1/0/0,,,no,match
no-src__nscache,syft,41,41,41,41,104,104,yes,105,104,68/0/36/41/27/0/41/27/0,68/0/36/41/27/0/41/27/0,,,no,match
no-src__nscache,trivy,41,41,41,41,104,104,yes,105,104,45/0/59/41/4/0/41/4/0,45/0/59/41/4/0/41/4/0,,,no,match
no-src__nscache,cdxgen,41,41,41,41,104,104,yes,105,104,41/0/63/41/0/0/41/0/0,41/0/63/41/0/0/41/0/0,,,no,match
no-src__nscache,cyclonedx-gomod,41,41,41,41,104,104,yes,105,104,45/0/59/41/4/0/41/4/0,45/0/59/41/4/0/41/4/0,,,no,match
nsf__termbox-go,syft,3,3,3,3,3,3,yes,4,3,3/0/0/3/0/0/3/0/0,3/0/0/3/0/0/3/0/0,,,no,match
nsf__termbox-go,trivy,3,3,3,3,3,3,yes,4,3,3/0/0/3/0/0/3/0/0,3/0/0/3/0/0/3/0/0,,,no,match
nsf__termbox-go,cdxgen,3,3,3,3,3,3,yes,4,3,3/0/0/3/0/0/3/0/0,3/0/0/3/0/0/3/0/0,,,no,match
nsf__termbox-go,cyclonedx-gomod,3,3,3,3,3,3,yes,4,3,3/0/0/3/0/0/3/0/0,3/0/0/3/0/0/3/0/0,,,no,match
nsqio__go-nsq,syft,1,1,1,1,1,1,yes,2,1,1/0/0/1/0/0/1/0/0,1/0/0/1/0/0/1/0/0,,,no,match
nsqio__go-nsq,trivy,1,1,1,1,1,1,yes,2,1,1/0/0/1/0/0/1/0/0,1/0/0/1/0/0/1/0/0,,,no,match
nsqio__go-nsq,cdxgen,1,1,1,1,1,1,yes,2,1,1/0/0/1/0/0/1/0/0,1/0/0/1/0/0/1/0/0,,,no,match
nsqio__go-nsq,cyclonedx-gomod,1,1,1,1,1,1,yes,2,1,1/0/0/1/0/0/1/0/0,1/0/0/1/0/0/1/0/0,,,no,match
nstratos__go-myanimelist,syft,1,1,1,1,3,3,yes,4,3,2/0/1/1/1/0/1/1/0,2/0/1/1/1/0/1/1/0,,,no,match
nstratos__go-myanimelist,trivy,1,1,1,1,3,3,yes,4,3,2/0/1/1/1/0/1/1/0,2/0/1/1/1/0/1/1/0,,,no,match
nstratos__go-myanimelist,cdxgen,1,1,1,1,3,3,yes,4,3,1/0/2/1/0/0/1/0/0,1/0/2/1/0/0/1/0/0,,,no,match
nstratos__go-myanimelist,cyclonedx-gomod,1,1,1,1,3,3,yes,4,3,1/0/2/1/0/0/1/0/0,1/0/2/1/0/0/1/0/0,,,no,match
num30__config,syft,23,23,27,27,192,192,yes,193,192,33/0/159/23/10/0/27/6/0,33/0/159/23/10/0/27/6/0,,,no,match
num30__config,trivy,23,23,27,27,192,192,yes,193,192,29/0/163/23/6/0/27/2/0,29/0/163/23/6/0/27/2/0,,,no,match
num30__config,cdxgen,23,23,27,27,192,192,yes,193,192,23/0/169/23/0/0/23/0/4,23/0/169/23/0/0/23/0/4,,,no,match
num30__config,cyclonedx-gomod,23,23,27,27,192,192,yes,193,192,25/0/167/23/2/0/24/1/3,25/0/167/23/2/0/24/1/3,,,no,match
number571__go-peer,syft,5,5,5,5,10,10,yes,11,10,6/0/4/5/1/0/5/1/0,6/0/4/5/1/0/5/1/0,,,no,match
number571__go-peer,trivy,5,5,5,5,10,10,yes,11,10,5/0/5/5/0/0/5/0/0,5/0/5/5/0/0/5/0/0,,,no,match
number571__go-peer,cdxgen,5,5,5,5,10,10,yes,11,10,5/0/5/5/0/0/5/0/0,5/0/5/5/0/0/5/0/0,,,no,match
number571__go-peer,cyclonedx-gomod,5,5,5,5,10,10,yes,11,10,5/0/5/5/0/0/5/0/0,5/0/5/5/0/0/5/0/0,,,no,match
nwillc__genfuncs,syft,1,1,5,5,12,12,yes,13,12,6/0/6/1/5/0/5/1/0,6/0/6/1/5/0/5/1/0,,,no,match
nwillc__genfuncs,trivy,1,1,5,5,12,12,yes,13,12,5/0/7/1/4/0/5/0/0,5/0/7/1/4/0/5/0/0,,,no,match
nwillc__genfuncs,cdxgen,1,1,5,5,12,12,yes,13,12,1/0/11/1/0/0/1/0/4,1/0/11/1/0/0/1/0/4,,,no,match
nwillc__genfuncs,cyclonedx-gomod,1,1,5,5,12,12,yes,13,12,1/0/11/1/0/0/1/0/4,1/0/11/1/0/0/1/0/4,,,no,match
nyaosorg__go-readline-ny,syft,9,9,9,9,12,12,yes,13,12,10/0/2/9/1/0/9/1/0,10/0/2/9/1/0/9/1/0,,,no,match
nyaosorg__go-readline-ny,trivy,9,9,9,9,12,12,yes,13,12,10/0/2/9/1/0/9/1/0,10/0/2/9/1/0/9/1/0,,,no,match
nyaosorg__go-readline-ny,cdxgen,9,9,9,9,12,12,yes,13,12,9/0/3/9/0/0/9/0/0,9/0/3/9/0/0/9/0/0,,,no,match
nyaosorg__go-readline-ny,cyclonedx-gomod,9,9,9,9,12,12,yes,13,12,10/0/2/9/1/0/9/1/0,10/0/2/9/1/0/9/1/0,,,no,match
o1egl__govatar,syft,4,4,8,8,12,12,yes,13,12,9/0/3/4/5/0/8/1/0,9/0/3/4/5/0/8/1/0,,,no,match
o1egl__govatar,trivy,4,4,8,8,12,12,yes,13,12,12/1/0/4/9/0/8/5/0,12/1/0/4/9/0/8/5/0,,,no,match
o1egl__govatar,cdxgen,4,4,8,8,12,12,yes,13,12,4/0/8/4/0/0/4/0/4,4/0/8/4/0/0/4/0/4,,,no,match
o1egl__govatar,cyclonedx-gomod,4,4,8,8,12,12,yes,13,12,4/0/8/4/0/0/4/0/4,4/0/8/4/0/0/4/0/4,,,no,match
o1egl__paseto,syft,4,4,8,8,12,12,yes,13,12,9/0/3/4/5/0/8/1/0,9/0/3/4/5/0/8/1/0,,,no,match
o1egl__paseto,trivy,4,4,8,8,12,12,yes,13,12,12/0/0/4/8/0/8/4/0,12/0/0/4/8/0/8/4/0,,,no,match
o1egl__paseto,cdxgen,4,4,8,8,12,12,yes,13,12,4/0/8/4/0/0/4/0/4,4/0/8/4/0/0/4/0/4,,,no,match
o1egl__paseto,cyclonedx-gomod,4,4,8,8,12,12,yes,13,12,4/0/8/4/0/0/4/0/4,4/0/8/4/0/0/4/0/4,,,no,match
oagudo__outbox,syft,1,1,1,1,1,1,yes,2,1,1/35/0/1/35/0/1/35/0,1/35/0/1/35/0/1/35/0,,,no,match
oagudo__outbox,trivy,1,1,1,1,1,1,yes,2,1,1/36/0/1/36/0/1/36/0,1/36/0/1/36/0/1/36/0,,,no,match
oagudo__outbox,cdxgen,1,1,1,1,1,1,yes,2,1,1/17/0/1/17/0/1/17/0,1/17/0/1/17/0/1/17/0,,,no,match
oagudo__outbox,cyclonedx-gomod,1,1,1,1,1,1,yes,2,1,1/0/0/1/0/0/1/0/0,1/0/0/1/0/0/1/0/0,,,no,match
oakmound__oak,syft,14,14,14,14,30,30,yes,31,30,20/2/10/14/8/0/14/8/0,20/2/10/14/8/0/14/8/0,,,no,match
oakmound__oak,trivy,14,14,14,14,30,30,yes,31,30,20/2/10/14/8/0/14/8/0,20/2/10/14/8/0/14/8/0,,,no,match
oakmound__oak,cdxgen,14,14,14,14,30,30,yes,31,30,14/1/16/14/1/0/14/1/0,14/1/16/14/1/0/14/1/0,,,no,match
oakmound__oak,cyclonedx-gomod,14,14,14,14,30,30,yes,31,30,20/0/10/14/6/0/14/6/0,20/0/10/14/6/0/14/6/0,,,no,match
oaswrap__spec,syft,7,7,7,7,197,197,yes,198,197,139/0/58/7/132/0/7/132/0,139/0/58/7/132/0/7/132/0,,,no,match
oaswrap__spec,trivy,7,7,7,7,197,197,yes,198,197,113/0/84/7/106/0/7/106/0,113/0/84/7/106/0/7/106/0,,,no,match
oaswrap__spec,cdxgen,7,7,7,7,197,197,yes,198,197,78/0/119/7/71/0/7/71/0,78/0/119/7/71/0/7/71/0,,,no,match
oaswrap__spec,cyclonedx-gomod,7,7,7,7,197,197,yes,198,197,107/0/90/5/102/2/5/102/2,107/0/90/5/102/2/5/102/2,,,no,match
objectbox__objectbox-go,syft,2,2,2,2,2,2,yes,3,2,2/0/0/2/0/0/2/0/0,2/0/0/2/0/0/2/0/0,,,no,match
objectbox__objectbox-go,trivy,2,2,2,2,2,2,yes,3,2,2/0/0/2/0/0/2/0/0,2/0/0/2/0/0/2/0/0,,,no,match
objectbox__objectbox-go,cdxgen,2,2,2,2,2,2,yes,3,2,2/0/0/2/0/0/2/0/0,2/0/0/2/0/0/2/0/0,,,no,match
objectbox__objectbox-go,cyclonedx-gomod,2,2,2,2,2,2,yes,3,2,2/0/0/2/0/0/2/0/0,2/0/0/2/0/0/2/0/0,,,no,match
oblq__swap,syft,2,2,6,6,12,12,yes,13,12,9/0/3/2/7/0/6/3/0,9/0/3/2/7/0/6/3/0,,,no,match
oblq__swap,trivy,2,2,6,6,12,12,yes,13,12,12/0/0/2/10/0/6/6/0,12/0/0/2/10/0/6/6/0,,,no,match
oblq__swap,cdxgen,2,2,6,6,12,12,yes,13,12,2/0/10/2/0/0/2/0/4,2/0/10/2/0/0/2/0/4,,,no,match
oblq__swap,cyclonedx-gomod,2,2,6,6,12,12,yes,13,12,2/0/10/2/0/0/2/0/4,2/0/10/2/0/0/2/0/4,,,no,match
octago__sflags,syft,13,13,16,16,24,24,yes,25,24,18/0/6/13/5/0/16/2/0,18/0/6/13/5/0/16/2/0,,,no,match
octago__sflags,trivy,13,13,16,16,24,24,yes,25,24,17/0/7/13/4/0/16/1/0,17/0/7/13/4/0/16/1/0,,,no,match
octago__sflags,cdxgen,13,13,16,16,24,24,yes,25,24,13/0/11/13/0/0/13/0/3,13/0/11/13/0/0/13/0/3,,,no,match
octago__sflags,cyclonedx-gomod,13,13,16,16,24,24,yes,25,24,14/0/10/13/1/0/13/1/3,14/0/10/13/1/0/13/1/3,,,no,match
octomation__go-module,syft,1,1,1,1,1,1,yes,2,1,1/186/0/1/186/0/1/186/0,1/186/0/1/186/0/1/186/0,,,no,match
octomation__go-module,trivy,1,1,1,1,1,1,yes,2,1,1/187/0/1/187/0/1/187/0,1/187/0/1/187/0/1/187/0,,,no,match
octomation__go-module,cdxgen,1,1,1,1,1,1,yes,2,1,1/186/0/1/186/0/1/186/0,1/186/0/1/186/0/1/186/0,,,no,match
octomation__go-module,cyclonedx-gomod,1,1,1,1,1,1,yes,2,1,1/0/0/1/0/0/1/0/0,1/0/0/1/0/0/1/0/0,,,no,match
odeke-em__drive,syft,38,38,38,38,98,98,yes,99,98,42/0/56/38/4/0/38/4/0,42/0/56/38/4/0/38/4/0,,,no,match
odeke-em__drive,trivy,38,38,38,38,98,98,yes,99,98,98/0/0/38/60/0/38/60/0,98/0/0/38/60/0/38/60/0,,,no,match
odeke-em__drive,cdxgen,38,38,38,38,98,98,yes,99,98,38/0/60/38/0/0/38/0/0,38/0/60/38/0/0/38/0/0,,,no,match
odeke-em__drive,cyclonedx-gomod,38,38,38,38,98,98,yes,99,98,39/0/59/38/1/0/38/1/0,39/0/59/38/1/0/38/1/0,,,no,match
offen__docker-volume-backup,syft,88,88,88,88,395,395,yes,396,395,144/0/251/88/56/0/88/56/0,144/0/251/88/56/0/88/56/0,,,no,match
offen__docker-volume-backup,trivy,88,88,88,88,395,395,yes,396,395,99/0/296/88/11/0/88/11/0,99/0/296/88/11/0/88/11/0,,,no,match
offen__docker-volume-backup,cdxgen,88,88,88,88,395,395,yes,396,395,88/0/307/88/0/0/88/0/0,88/0/307/88/0/0/88/0/0,,,no,match
offen__docker-volume-backup,cyclonedx-gomod,88,88,88,88,395,395,yes,396,395,90/0/305/88/2/0/88/2/0,90/0/305/88/2/0/88/2/0,,,no,match
oklahomer__go-sarah,syft,11,11,11,11,19,19,yes,20,19,15/2/4/11/6/0/11/6/0,15/2/4/11/6/0/11/6/0,,,no,match
oklahomer__go-sarah,trivy,11,11,11,11,19,19,yes,20,19,19/2/0/11/10/0/11/10/0,19/2/0/11/10/0/11/10/0,,,no,match
oklahomer__go-sarah,cdxgen,11,11,11,11,19,19,yes,20,19,11/0/8/11/0/0/11/0/0,11/0/8/11/0/0/11/0/0,,,no,match
oklahomer__go-sarah,cyclonedx-gomod,11,11,11,11,19,19,yes,20,19,11/0/8/11/0/0/11/0/0,11/0/8/11/0/0/11/0/0,,,no,match
oklog__ulid,syft,1,1,1,1,1,1,yes,2,1,1/0/0/1/0/0/1/0/0,1/0/0/1/0/0/1/0/0,,,no,match
oklog__ulid,trivy,1,1,1,1,1,1,yes,2,1,1/0/0/1/0/0/1/0/0,1/0/0/1/0/0/1/0/0,,,no,match
oklog__ulid,cdxgen,1,1,1,1,1,1,yes,2,1,1/0/0/1/0/0/1/0/0,1/0/0/1/0/0/1/0/0,,,no,match
oklog__ulid,cyclonedx-gomod,1,1,1,1,1,1,yes,2,1,1/0/0/1/0/0/1/0/0,1/0/0/1/0/0/1/0/0,,,no,match
olahol__melody,syft,1,1,5,5,7,7,yes,8,7,6/35/1/1/40/0/5/36/0,6/35/1/1/40/0/5/36/0,,,no,match
olahol__melody,trivy,1,1,5,5,7,7,yes,8,7,5/33/2/1/37/0/5/33/0,5/33/2/1/37/0/5/33/0,,,no,match
olahol__melody,cdxgen,1,1,5,5,7,7,yes,8,7,2/23/5/1/24/0/2/23/3,2/23/5/1/24/0/2/23/3,,,no,match
olahol__melody,cyclonedx-gomod,1,1,5,5,7,7,yes,8,7,1/0/6/1/0/0/1/0/4,1/0/6/1/0/0/1/0/4,,,no,match
olebedev__when,syft,2,2,5,5,6,6,yes,7,6,6/0/0/2/4/0/5/1/0,6/0/0/2/4/0/5/1/0,,,no,match
olebedev__when,trivy,2,2,5,5,6,6,yes,7,6,6/0/0/2/4/0/5/1/0,6/0/0/2/4/0/5/1/0,,,no,match
olebedev__when,cdxgen,2,2,5,5,6,6,yes,7,6,2/0/4/2/0/0/2/0/3,2/0/4/2/0/0/2/0/3,,,no,match
olebedev__when,cyclonedx-gomod,2,2,5,5,6,6,yes,7,6,2/0/4/2/0/0/2/0/3,2/0/4/2/0/0/2/0/3,,,no,match
olivere__elastic,syft,13,13,15,15,53,53,yes,54,53,26/8/27/13/21/0/15/19/0,26/8/27/13/21/0/15/19/0,,,no,match
olivere__elastic,trivy,13,13,15,15,53,53,yes,54,53,20/9/33/13/16/0/15/14/0,20/9/33/13/16/0/15/14/0,,,no,match
olivere__elastic,cdxgen,13,13,15,15,53,53,yes,54,53,20/9/33/13/16/0/15/14/0,20/9/33/13/16/0/15/14/0,,,no,match
olivere__elastic,cyclonedx-gomod,13,13,15,15,53,53,yes,54,53,13/0/40/13/0/0/13/0/2,13/0/40/13/0/0/13/0/2,,,no,match
oluwajubelo1__otellix,syft,64,64,64,64,303,303,yes,304,303,94/0/209/64/30/0/64/30/0,94/0/209/64/30/0/64/30/0,,,no,match
oluwajubelo1__otellix,trivy,64,64,64,64,303,303,yes,304,303,78/0/225/64/14/0/64/14/0,78/0/225/64/14/0/64/14/0,,,no,match
oluwajubelo1__otellix,cdxgen,64,64,64,64,303,303,yes,304,303,64/0/239/64/0/0/64/0/0,64/0/239/64/0/0/64/0/0,,,no,match
oluwajubelo1__otellix,cyclonedx-gomod,64,64,64,64,303,303,yes,304,303,75/0/228/64/11/0/64/11/0,75/0/228/64/11/0/64/11/0,,,no,match
omeid__uconfig,syft,2,2,3,3,6,6,yes,7,6,3/0/3/2/1/0/3/0/0,3/0/3/2/1/0/3/0/0,,,no,match
omeid__uconfig,trivy,2,2,3,3,6,6,yes,7,6,3/0/3/2/1/0/3/0/0,3/0/3/2/1/0/3/0/0,,,no,match
omeid__uconfig,cdxgen,2,2,3,3,6,6,yes,7,6,2/0/4/2/0/0/2/0/1,2/0/4/2/0/0/2/0/1,,,no,match
omeid__uconfig,cyclonedx-gomod,2,2,3,3,6,6,yes,7,6,2/0/4/2/0/0/2/0/1,2/0/4/2/0/0/2/0/1,,,no,match
onllm-dev__onWatch,syft,23,23,23,23,169,169,yes,170,169,58/0/111/23/35/0/23/35/0,58/0/111/23/35/0/23/35/0,,,no,match
onllm-dev__onWatch,trivy,23,23,23,23,169,169,yes,170,169,30/0/139/23/7/0/23/7/0,30/0/139/23/7/0/23/7/0,,,no,match
onllm-dev__onWatch,cdxgen,23,23,23,23,169,169,yes,170,169,23/0/146/23/0/0/23/0/0,23/0/146/23/0/0/23/0/0,,,no,match
onllm-dev__onWatch,cyclonedx-gomod,23,23,23,23,169,169,yes,170,169,28/0/141/23/5/0/23/5/0,28/0/141/23/5/0/23/5/0,,,no,match
openfga__openfga,syft,134,134,139,139,294,294,yes,295,294,182/0/112/134/48/0/139/43/0,182/0/112/134/48/0/139/43/0,,,no,match
openfga__openfga,trivy,134,134,139,139,294,294,yes,295,294,144/0/150/134/10/0/139/5/0,144/0/150/134/10/0/139/5/0,,,no,match
openfga__openfga,cdxgen,134,134,139,139,294,294,yes,295,294,134/0/160/134/0/0/134/0/5,134/0/160/134/0/0/134/0/5,,,no,match
openfga__openfga,cyclonedx-gomod,134,134,139,139,294,294,yes,295,294,138/0/156/134/4/0/134/4/5,138/0/156/134/4/0/134/4/5,,,no,match
openrundev__openrun,syft,213,213,213,213,479,479,yes,480,479,260/2/219/213/49/0/213/49/0,260/2/219/213/49/0/213/49/0,,,no,match
openrundev__openrun,trivy,213,213,213,213,479,479,yes,480,479,222/3/257/213/12/0/213/12/0,222/3/257/213/12/0/213/12/0,,,no,match
openrundev__openrun,cdxgen,213,213,213,213,479,479,yes,480,479,213/1/266/213/1/0/213/1/0,213/1/266/213/1/0/213/1/0,,,no,match
openrundev__openrun,cyclonedx-gomod,213,213,213,213,479,479,yes,480,479,220/0/259/211/9/2/211/9/2,220/0/259/211/9/2/211/9/2,,,no,match
openshift__osin,syft,7,7,7,7,13,13,yes,14,13,11/0/2/7/4/0/7/4/0,11/0/2/7/4/0/7/4/0,,,no,match
openshift__osin,trivy,7,7,7,7,13,13,yes,14,13,13/0/0/7/6/0/7/6/0,13/0/0/7/6/0/7/6/0,,,no,match
openshift__osin,cdxgen,7,7,7,7,13,13,yes,14,13,10/0/3/7/3/0/7/3/0,10/0/3/7/3/0/7/3/0,,,no,match
openshift__osin,cyclonedx-gomod,7,7,7,7,13,13,yes,14,13,10/0/3/7/3/0/7/3/0,10/0/3/7/3/0/7/3/0,,,no,match
openziti-test-kitchen__zssh,syft,107,107,107,107,361,361,yes,362,361,141/0/220/107/34/0/107/34/0,141/0/220/107/34/0/107/34/0,,,no,match
openziti-test-kitchen__zssh,trivy,107,107,107,107,361,361,yes,362,361,121/0/240/107/14/0/107/14/0,121/0/240/107/14/0/107/14/0,,,no,match
openziti-test-kitchen__zssh,cdxgen,107,107,107,107,361,361,yes,362,361,107/0/254/107/0/0/107/0/0,107/0/254/107/0/0/107/0/0,,,no,match
openziti-test-kitchen__zssh,cyclonedx-gomod,107,107,107,107,361,361,yes,362,361,117/0/244/104/13/3/104/13/3,117/0/244/104/13/3/104/13/3,,,no,match
openziti__sdk-golang,syft,76,76,80,80,248,248,yes,249,248,134/95/114/76/153/0/80/149/0,134/95/114/76/153/0/80/149/0,,,no,match
openziti__sdk-golang,trivy,76,76,80,80,248,248,yes,249,248,112/75/136/76/111/0/80/107/0,112/75/136/76/111/0/80/107/0,,,no,match
openziti__sdk-golang,cdxgen,76,76,80,80,248,248,yes,249,248,98/63/150/76/85/0/80/81/0,98/63/150/76/85/0/80/81/0,,,no,match
openziti__sdk-golang,cyclonedx-gomod,76,76,80,80,248,248,yes,249,248,86/0/162/76/10/0/76/10/4,86/0/162/76/10/0/76/10/4,,,no,match
openziti__ziti,syft,180,180,182,182,546,546,yes,547,546,250/29/296/180/99/0/182/97/0,250/29/296/180/99/0/182/97/0,,,no,match
openziti__ziti,trivy,180,180,182,182,546,546,yes,547,546,216/28/330/180/64/0/182/62/0,216/28/330/180/64/0/182/62/0,,,no,match
openziti__ziti,cdxgen,180,180,182,182,546,546,yes,547,546,197/24/349/180/41/0/180/41/2,197/24/349/180/41/0/180/41/2,,,no,match
openziti__ziti,cyclonedx-gomod,180,180,182,182,546,546,yes,547,546,189/0/357/178/11/2/178/11/4,189/0/357/178/11/2/178/11/4,,,no,match
opnlabs__dot,syft,29,29,32,32,54,54,yes,55,54,44/0/10/29/15/0/32/12/0,44/0/10/29/15/0/32/12/0,,,no,match
opnlabs__dot,trivy,29,29,32,32,54,54,yes,55,54,40/0/14/29/11/0/32/8/0,40/0/14/29/11/0/32/8/0,,,no,match
opnlabs__dot,cdxgen,29,29,32,32,54,54,yes,55,54,29/0/25/29/0/0/29/0/3,29/0/25/29/0/0/29/0/3,,,no,match
opnlabs__dot,cyclonedx-gomod,29,29,32,32,54,54,yes,55,54,33/0/21/29/4/0/29/4/3,33/0/21/29/4/0/29/4/3,,,no,match
optimus-hft__go-ipmux,syft,15,15,19,19,100,100,yes,101,100,23/0/77/15/8/0/19/4/0,23/0/77/15/8/0/19/4/0,,,no,match
optimus-hft__go-ipmux,trivy,15,15,19,19,100,100,yes,101,100,19/0/81/15/4/0/19/0/0,19/0/81/15/4/0/19/0/0,,,no,match
optimus-hft__go-ipmux,cdxgen,15,15,19,19,100,100,yes,101,100,15/0/85/15/0/0/15/0/4,15/0/85/15/0/0/15/0/4,,,no,match
optimus-hft__go-ipmux,cyclonedx-gomod,15,15,19,19,100,100,yes,101,100,15/0/85/15/0/0/15/0/4,15/0/85/15/0/0/15/0/4,,,no,match
oracle__coherence-go-client,syft,7,7,7,7,40,40,yes,41,40,17/10/23/7/20/0/7/20/0,17/10/23/7/20/0/7/20/0,,,no,match
oracle__coherence-go-client,trivy,7,7,7,7,40,40,yes,41,40,NA,NA,,,no,match
oracle__coherence-go-client,cdxgen,7,7,7,7,40,40,yes,41,40,8/3/32/7/4/0/7/4/0,8/3/32/7/4/0/7/4/0,,,no,match
oracle__coherence-go-client,cyclonedx-gomod,7,7,7,7,40,40,yes,41,40,7/0/33/7/0/0/7/0/0,7/0/33/7/0/0/7/0/0,,,no,match
oras-project__oras,syft,22,22,22,22,41,41,yes,42,41,36/20/5/22/34/0/22/34/0,36/20/5/22/34/0/22/34/0,,,no,match
oras-project__oras,trivy,22,22,22,22,41,41,yes,42,41,28/8/13/22/14/0/22/14/0,28/8/13/22/14/0/22/14/0,,,no,match
oras-project__oras,cdxgen,22,22,22,22,41,41,yes,42,41,28/7/13/22/13/0/22/13/0,28/7/13/22/13/0/22/13/0,,,no,match
oras-project__oras,cyclonedx-gomod,22,22,22,22,41,41,yes,42,41,23/0/18/22/1/0/22/1/0,23/0/18/22/1/0/22/1/0,,,no,match
oriser__regroup,syft,1,1,5,5,11,11,yes,12,11,6/0/5/1/5/0/5/1/0,6/0/5/1/5/0/5/1/0,,,no,match
oriser__regroup,trivy,1,1,5,5,11,11,yes,12,11,5/0/6/1/4/0/5/0/0,5/0/6/1/4/0/5/0/0,,,no,match
oriser__regroup,cdxgen,1,1,5,5,11,11,yes,12,11,1/0/10/1/0/0/1/0/4,1/0/10/1/0/0/1/0/4,,,no,match
oriser__regroup,cyclonedx-gomod,1,1,5,5,11,11,yes,12,11,1/0/10/1/0/0/1/0/4,1/0/10/1/0/0/1/0/4,,,no,match
orlangure__gnomock,syft,127,127,134,134,274,274,yes,275,274,171/12/103/127/56/0/134/49/0,171/12/103/127/56/0/134/49/0,,,no,match
orlangure__gnomock,trivy,127,127,134,134,274,274,yes,275,274,138/5/136/127/16/0/134/9/0,138/5/136/127/16/0/134/9/0,,,no,match
orlangure__gnomock,cdxgen,127,127,134,134,274,274,yes,275,274,127/1/147/127/1/0/127/1/7,127/1/147/127/1/0/127/1/7,,,no,match
orlangure__gnomock,cyclonedx-gomod,127,127,134,134,274,274,yes,275,274,126/0/148/124/2/3/124/2/10,126/0/148/124/2/3/124/2/10,,,no,match
orneryd__NornicDB,syft,115,115,115,115,388,388,yes,389,388,144/0/244/115/29/0/115/29/0,144/0/244/115/29/0/115/29/0,,,no,match
orneryd__NornicDB,trivy,115,115,115,115,388,388,yes,389,388,120/0/268/115/5/0/115/5/0,120/0/268/115/5/0/115/5/0,,,no,match
orneryd__NornicDB,cdxgen,115,115,115,115,388,388,yes,389,388,120/0/268/115/5/0/115/5/0,120/0/268/115/5/0/115/5/0,,,no,match
orneryd__NornicDB,cyclonedx-gomod,115,115,115,115,388,388,yes,389,388,120/0/268/115/5/0/115/5/0,120/0/268/115/5/0/115/5/0,,,no,match
ory__keto,syft,166,166,169,169,471,471,yes,472,471,332/16/139/166/182/0/169/179/0,332/16/139/166/182/0/169/179/0,,,no,match
ory__keto,trivy,166,166,169,169,471,471,yes,472,471,302/10/169/166/146/0/169/143/0,302/10/169/166/146/0/169/143/0,,,no,match
ory__keto,cdxgen,166,166,169,169,471,471,yes,472,471,191/8/280/166/33/0/167/32/2,191/8/280/166/33/0/167/32/2,,,no,match
ory__keto,cyclonedx-gomod,166,166,169,169,471,471,yes,472,471,267/0/204/163/104/3/163/104/6,267/0/204/163/104/3/163/104/6,,,no,match
osamingo__indigo,syft,2,2,2,2,2,2,yes,3,2,2/0/0/2/0/0/2/0/0,2/0/0/2/0/0/2/0/0,,,no,match
osamingo__indigo,trivy,2,2,2,2,2,2,yes,3,2,2/0/0/2/0/0/2/0/0,2/0/0/2/0/0/2/0/0,,,no,match
osamingo__indigo,cdxgen,2,2,2,2,2,2,yes,3,2,2/0/0/2/0/0/2/0/0,2/0/0/2/0/0/2/0/0,,,no,match
osamingo__indigo,cyclonedx-gomod,2,2,2,2,2,2,yes,3,2,2/0/0/2/0/0/2/0/0,2/0/0/2/0/0/2/0/0,,,no,match
osamingo__jsonrpc,syft,7,7,10,10,13,13,yes,14,13,11/0/2/7/4/0/10/1/0,11/0/2/7/4/0/10/1/0,,,no,match
osamingo__jsonrpc,trivy,7,7,10,10,13,13,yes,14,13,10/0/3/7/3/0/10/0/0,10/0/3/7/3/0/10/0/0,,,no,match
osamingo__jsonrpc,cdxgen,7,7,10,10,13,13,yes,14,13,7/0/6/7/0/0/7/0/3,7/0/6/7/0/0/7/0/3,,,no,match
osamingo__jsonrpc,cyclonedx-gomod,7,7,10,10,13,13,yes,14,13,7/0/6/7/0/0/7/0/3,7/0/6/7/0/0/7/0/3,,,no,match
osamingo__shamoji,syft,6,6,6,6,9,9,yes,10,9,7/0/2/6/1/0/6/1/0,7/0/2/6/1/0/6/1/0,,,no,match
osamingo__shamoji,trivy,6,6,6,6,9,9,yes,10,9,6/0/3/6/0/0/6/0/0,6/0/3/6/0/0/6/0/0,,,no,match
osamingo__shamoji,cdxgen,6,6,6,6,9,9,yes,10,9,6/0/3/6/0/0/6/0/0,6/0/3/6/0/0/6/0/0,,,no,match
osamingo__shamoji,cyclonedx-gomod,6,6,6,6,9,9,yes,10,9,6/0/3/6/0/0/6/0/0,6/0/3/6/0/0/6/0/0,,,no,match
osrg__gobgp,syft,45,45,51,51,128,128,yes,129,128,68/0/60/45/23/0/51/17/0,68/0/60/45/23/0/51/17/0,,,no,match
osrg__gobgp,trivy,45,45,51,51,128,128,yes,129,128,54/0/74/45/9/0/51/3/0,54/0/74/45/9/0/51/3/0,,,no,match
osrg__gobgp,cdxgen,45,45,51,51,128,128,yes,129,128,45/0/83/45/0/0/45/0/6,45/0/83/45/0/0/45/0/6,,,no,match
osrg__gobgp,cyclonedx-gomod,45,45,51,51,128,128,yes,129,128,48/0/80/45/3/0/45/3/6,48/0/80/45/3/0/45/3/6,,,no,match
ostafen__clover,syft,17,17,22,22,62,62,yes,63,62,29/0/33/17/12/0/22/7/0,29/0/33/17/12/0/22/7/0,,,no,match
ostafen__clover,trivy,17,17,22,22,62,62,yes,63,62,27/0/35/17/10/0/22/5/0,27/0/35/17/10/0/22/5/0,,,no,match
ostafen__clover,cdxgen,17,17,22,22,62,62,yes,63,62,17/0/45/17/0/0/17/0/5,17/0/45/17/0/0/17/0/5,,,no,match
ostafen__clover,cyclonedx-gomod,17,17,22,22,62,62,yes,63,62,17/0/45/17/0/0/17/0/5,17/0/45/17/0/0/17/0/5,,,no,match
osteele__liquid,syft,2,2,6,6,373,373,yes,374,373,234/0/139/2/232/0/6/228/0,234/0/139/2/232/0/6/228/0,,,no,match
osteele__liquid,trivy,2,2,6,6,373,373,yes,374,373,207/0/166/2/205/0/6/201/0,207/0/166/2/205/0/6/201/0,,,no,match
osteele__liquid,cdxgen,2,2,6,6,373,373,yes,374,373,2/0/371/2/0/0/2/0/4,2/0/371/2/0/0/2/0/4,,,no,match
osteele__liquid,cyclonedx-gomod,2,2,6,6,373,373,yes,374,373,204/0/169/2/202/0/3/201/3,204/0/169/2/202/0/3/201/3,,,no,match
otiai10__copy,syft,2,2,3,3,3,3,yes,4,3,3/0/0/2/1/0/3/0/0,3/0/0/2/1/0/3/0/0,,,no,match
otiai10__copy,trivy,2,2,3,3,3,3,yes,4,3,3/0/0/2/1/0/3/0/0,3/0/0/2/1/0/3/0/0,,,no,match
otiai10__copy,cdxgen,2,2,3,3,3,3,yes,4,3,2/0/1/2/0/0/2/0/1,2/0/1/2/0/0/2/0/1,,,no,match
otiai10__copy,cyclonedx-gomod,2,2,3,3,3,3,yes,4,3,3/0/0/2/1/0/3/0/0,3/0/0/2/1/0/3/0/0,,,no,match
otiai10__ocrserver,syft,2,2,3,3,10,10,yes,11,10,6/0/4/2/4/0/3/3/0,6/0/4/2/4/0/3/3/0,,,no,match
otiai10__ocrserver,trivy,2,2,3,3,10,10,yes,11,10,10/1/0/2/9/0/3/8/0,10/1/0/2/9/0/3/8/0,,,no,match
otiai10__ocrserver,cdxgen,2,2,3,3,10,10,yes,11,10,2/0/8/2/0/0/2/0/1,2/0/8/2/0/0/2/0/1,,,no,match
otiai10__ocrserver,cyclonedx-gomod,2,2,3,3,10,10,yes,11,10,3/0/7/2/1/0/2/1/1,3/0/7/2/1/0/2/1/1,,,no,match
ovh__cds,syft,313,313,316,316,765,765,yes,766,765,406/35/359/309/132/4/312/129/4,406/35/359/309/132/4/312/129/4,,,no,match
ovh__cds,trivy,313,313,316,316,765,765,yes,766,765,334/32/431/309/57/4/312/54/4,334/32/431/309/57/4/312/54/4,,,no,match
ovh__cds,cdxgen,313,313,316,316,765,765,yes,766,765,318/14/447/313/19/0/313/19/3,318/14/447/313/19/0/313/19/3,,,no,match
ovh__cds,cyclonedx-gomod,313,313,316,316,765,765,yes,766,765,316/5/449/308/13/5/308/13/8,316/5/449/308/13/5/308/13/8,,,no,match
ovh__utask,syft,84,84,85,85,160,160,yes,161,160,118/0/42/84/34/0/85/33/0,118/0/42/84/34/0/85/33/0,,,no,match
ovh__utask,trivy,84,84,85,85,160,160,yes,161,160,99/0/61/84/15/0/85/14/0,99/0/61/84/15/0/85/14/0,,,no,match
ovh__utask,cdxgen,84,84,85,85,160,160,yes,161,160,84/0/76/84/0/0/84/0/1,84/0/76/84/0/0/84/0/1,,,no,match
ovh__utask,cyclonedx-gomod,84,84,85,85,160,160,yes,161,160,97/0/63/84/13/0/84/13/1,97/0/63/84/13/0/84/13/1,,,no,match
owenthereal__upterm,syft,118,118,124,124,336,336,yes,337,336,176/2/160/116/62/2/122/56/2,176/2/160/116/62/2/122/56/2,,,no,match
owenthereal__upterm,trivy,118,118,124,124,336,336,yes,337,336,140/2/196/116/26/2/122/20/2,140/2/196/116/26/2/122/20/2,,,no,match
owenthereal__upterm,cdxgen,118,118,124,124,336,336,yes,337,336,118/0/218/118/0/0/118/0/6,118/0/218/118/0/0/118/0/6,,,no,match
owenthereal__upterm,cyclonedx-gomod,118,118,124,124,336,336,yes,337,336,131/2/205/115/18/3/115/18/9,131/2/205/115/18/3/115/18/9,,,no,match
owulveryck__onnx-go,syft,36,36,36,36,129,129,yes,130,129,44/0/85/36/8/0/36/8/0,44/0/85/36/8/0/36/8/0,,,no,match
owulveryck__onnx-go,trivy,36,36,36,36,129,129,yes,130,129,38/0/91/36/2/0/36/2/0,38/0/91/36/2/0/36/2/0,,,no,match
owulveryck__onnx-go,cdxgen,36,36,36,36,129,129,yes,130,129,36/0/93/36/0/0/36/0/0,36/0/93/36/0/0/36/0/0,,,no,match
owulveryck__onnx-go,cyclonedx-gomod,36,36,36,36,129,129,yes,130,129,38/0/91/36/2/0/36/2/0,38/0/91/36/2/0/36/2/0,,,no,match
oxyno-zeta__s3-proxy,syft,65,65,65,65,131,131,yes,132,131,88/1/43/65/24/0/65/24/0,88/1/43/65/24/0/65/24/0,,,no,match
oxyno-zeta__s3-proxy,trivy,65,65,65,65,131,131,yes,132,131,74/0/57/65/9/0/65/9/0,74/0/57/65/9/0/65/9/0,,,no,match
oxyno-zeta__s3-proxy,cdxgen,65,65,65,65,131,131,yes,132,131,65/0/66/65/0/0/65/0/0,65/0/66/65/0/0/65/0/0,,,no,match
oxyno-zeta__s3-proxy,cyclonedx-gomod,65,65,65,65,131,131,yes,132,131,66/0/65/65/1/0/65/1/0,66/0/65/65/1/0/65/1/0,,,no,match
ozankasikci__dockerfile-generator,syft,3,3,7,7,35,35,yes,36,35,10/0/25/3/7/0/7/3/0,10/0/25/3/7/0/7/3/0,,,no,match
ozankasikci__dockerfile-generator,trivy,3,3,7,7,35,35,yes,36,35,35/0/0/3/32/0/7/28/0,35/0/0/3/32/0/7/28/0,,,no,match
ozankasikci__dockerfile-generator,cdxgen,3,3,7,7,35,35,yes,36,35,3/0/32/3/0/0/3/0/4,3/0/32/3/0/0/3/0/4,,,no,match
ozankasikci__dockerfile-generator,cyclonedx-gomod,3,3,7,7,35,35,yes,36,35,4/0/31/3/1/0/3/1/4,4/0/31/3/1/0/3/1/4,,,no,match
pancsta__asyncmachine-go,syft,232,232,270,270,551,551,yes,552,551,339/20/212/232/127/0/270/89/0,339/20/212/232/127/0/270/89/0,,,no,match
pancsta__asyncmachine-go,trivy,232,232,270,270,551,551,yes,552,551,302/18/249/232/88/0/270/50/0,302/18/249/232/88/0/270/50/0,,,no,match
pancsta__asyncmachine-go,cdxgen,232,232,270,270,551,551,yes,552,551,241/14/310/232/23/0/232/23/38,241/14/310/232/23/0/232/23/38,,,no,match
pancsta__asyncmachine-go,cyclonedx-gomod,232,232,270,270,551,551,yes,552,551,251/0/300/232/19/0/232/19/38,251/0/300/232/19/0/232/19/38,,,no,match
panjf2000__ants,syft,1,1,5,5,7,7,yes,8,7,6/0/1/1/5/0/5/1/0,6/0/1/1/5/0/5/1/0,,,no,match
panjf2000__ants,trivy,1,1,5,5,7,7,yes,8,7,5/0/2/1/4/0/5/0/0,5/0/2/1/4/0/5/0/0,,,no,match
panjf2000__ants,cdxgen,1,1,5,5,7,7,yes,8,7,1/0/6/1/0/0/1/0/4,1/0/6/1/0/0/1/0/4,,,no,match
panjf2000__ants,cyclonedx-gomod,1,1,5,5,7,7,yes,8,7,1/0/6/1/0/0/1/0/4,1/0/6/1/0/0/1/0/4,,,no,match
panjf2000__gnet,syft,7,7,11,11,16,16,yes,17,16,14/0/2/7/7/0/11/3/0,14/0/2/7/7/0/11/3/0,,,no,match
panjf2000__gnet,trivy,7,7,11,11,16,16,yes,17,16,11/0/5/7/4/0/11/0/0,11/0/5/7/4/0/11/0/0,,,no,match
panjf2000__gnet,cdxgen,7,7,11,11,16,16,yes,17,16,7/0/9/7/0/0/7/0/4,7/0/9/7/0/0/7/0/4,,,no,match
panjf2000__gnet,cyclonedx-gomod,7,7,11,11,16,16,yes,17,16,7/0/9/7/0/0/7/0/4,7/0/9/7/0/0/7/0/4,,,no,match
pantrif__s2-geojson,syft,13,13,16,16,26,26,yes,27,26,24/0/2/13/11/0/16/8/0,24/0/2/13/11/0/16/8/0,,,no,match
pantrif__s2-geojson,trivy,13,13,16,16,26,26,yes,27,26,26/0/0/13/13/0/16/10/0,26/0/0/13/13/0/16/10/0,,,no,match
pantrif__s2-geojson,cdxgen,13,13,16,16,26,26,yes,27,26,19/0/7/13/6/0/16/3/0,19/0/7/13/6/0/16/3/0,,,no,match
pantrif__s2-geojson,cyclonedx-gomod,13,13,16,16,26,26,yes,27,26,16/0/10/13/3/0/13/3/3,16/0/10/13/3/0/13/3/3,,,no,match
pantrif__url-shortener,syft,2,2,3,3,3,3,yes,4,3,3/0/0/2/1/0/3/0/0,3/0/0/2/1/0/3/0/0,,,no,match
pantrif__url-shortener,trivy,2,2,3,3,3,3,yes,4,3,3/0/0/2/1/0/3/0/0,3/0/0/2/1/0/3/0/0,,,no,match
pantrif__url-shortener,cdxgen,2,2,3,3,3,3,yes,4,3,2/0/1/2/0/0/2/0/1,2/0/1/2/0/0/2/0/1,,,no,match
pantrif__url-shortener,cyclonedx-gomod,2,2,3,3,3,3,yes,4,3,2/0/1/2/0/0/2/0/1,2/0/1/2/0/0/2/0/1,,,no,match
paololazzari__play,syft,14,14,14,14,31,31,yes,32,31,19/0/12/14/5/0/14/5/0,19/0/12/14/5/0/14/5/0,,,no,match
paololazzari__play,trivy,14,14,14,14,31,31,yes,32,31,15/0/16/14/1/0/14/1/0,15/0/16/14/1/0/14/1/0,,,no,match
paololazzari__play,cdxgen,14,14,14,14,31,31,yes,32,31,14/0/17/14/0/0/14/0/0,14/0/17/14/0/0/14/0/0,,,no,match
paololazzari__play,cyclonedx-gomod,14,14,14,14,31,31,yes,32,31,15/0/16/14/1/0/14/1/0,15/0/16/14/1/0/14/1/0,,,no,match
pardnchiu__go-jwt,syft,20,20,20,20,52,52,yes,53,52,42/0/10/20/22/0/20/22/0,42/0/10/20/22/0/20/22/0,,,no,match
pardnchiu__go-jwt,trivy,20,20,20,20,52,52,yes,53,52,37/0/15/20/17/0/20/17/0,37/0/15/20/17/0/20/17/0,,,no,match
pardnchiu__go-jwt,cdxgen,20,20,20,20,52,52,yes,53,52,20/0/32/20/0/0/20/0/0,20/0/32/20/0/0/20/0/0,,,no,match
pardnchiu__go-jwt,cyclonedx-gomod,20,20,20,20,52,52,yes,53,52,31/0/21/20/11/0/20/11/0,31/0/21/20/11/0/20/11/0,,,no,match
pariz__gountries,syft,1,1,4,4,6,6,yes,7,6,5/0/1/1/4/0/4/1/0,5/0/1/1/4/0/4/1/0,,,no,match
pariz__gountries,trivy,1,1,4,4,6,6,yes,7,6,4/0/2/1/3/0/4/0/0,4/0/2/1/3/0/4/0/0,,,no,match
pariz__gountries,cdxgen,1,1,4,4,6,6,yes,7,6,1/0/5/1/0/0/1/0/3,1/0/5/1/0/0/1/0/3,,,no,match
pariz__gountries,cyclonedx-gomod,1,1,4,4,6,6,yes,7,6,1/0/5/1/0/0/1/0/3,1/0/5/1/0/0/1/0/3,,,no,match
parsyl__parquet,syft,3,3,8,8,10,10,yes,11,10,9/0/1/3/6/0/8/1/0,9/0/1/3/6/0/8/1/0,,,no,match
parsyl__parquet,trivy,3,3,8,8,10,10,yes,11,10,8/0/2/3/5/0/8/0/0,8/0/2/3/5/0/8/0/0,,,no,match
parsyl__parquet,cdxgen,3,3,8,8,10,10,yes,11,10,3/0/7/3/0/0/3/0/5,3/0/7/3/0/0/3/0/5,,,no,match
parsyl__parquet,cyclonedx-gomod,3,3,8,8,10,10,yes,11,10,3/0/7/3/0/0/3/0/5,3/0/7/3/0/0/3/0/5,,,no,match
pascaldekloe__colfer,syft,3,3,4,4,14,14,yes,15,14,5/0/9/3/2/0/4/1/0,5/0/9/3/2/0/4/1/0,,,no,match
pascaldekloe__colfer,trivy,3,3,4,4,14,14,yes,15,14,NA,NA,,,no,match
pascaldekloe__colfer,cdxgen,3,3,4,4,14,14,yes,15,14,3/0/11/3/0/0/3/0/1,3/0/11/3/0/0/3/0/1,,,no,match
pascaldekloe__colfer,cyclonedx-gomod,3,3,4,4,14,14,yes,15,14,3/0/11/3/0/0/3/0/1,3/0/11/3/0/0/3/0/1,,,no,match
pashagolub__pgxmock,syft,6,6,10,10,19,19,yes,20,19,14/0/5/6/8/0/10/4/0,14/0/5/6/8/0/10/4/0,,,no,match
pashagolub__pgxmock,trivy,6,6,10,10,19,19,yes,20,19,12/0/7/6/6/0/10/2/0,12/0/7/6/6/0/10/2/0,,,no,match
pashagolub__pgxmock,cdxgen,6,6,10,10,19,19,yes,20,19,6/0/13/6/0/0/6/0/4,6/0/13/6/0/0/6/0/4,,,no,match
pashagolub__pgxmock,cyclonedx-gomod,6,6,10,10,19,19,yes,20,19,6/0/13/6/0/0/6/0/4,6/0/13/6/0/0/6/0/4,,,no,match
patrickhener__goshs,syft,96,96,96,96,330,330,yes,331,330,128/0/202/96/32/0/96/32/0,128/0/202/96/32/0/96/32/0,,,no,match
patrickhener__goshs,trivy,96,96,96,96,330,330,yes,331,330,108/0/222/96/12/0/96/12/0,108/0/222/96/12/0/96/12/0,,,no,match
patrickhener__goshs,cdxgen,96,96,96,96,330,330,yes,331,330,96/0/234/96/0/0/96/0/0,96/0/234/96/0/0/96/0/0,,,no,match
patrickhener__goshs,cyclonedx-gomod,96,96,96,96,330,330,yes,331,330,108/0/222/96/12/0/96/12/0,108/0/222/96/12/0/96/12/0,,,no,match
paulmach__orb,syft,3,3,3,3,23,23,yes,24,23,6/0/17/3/3/0/3/3/0,6/0/17/3/3/0/3/3/0,,,no,match
paulmach__orb,trivy,3,3,3,3,23,23,yes,24,23,18/0/5/3/15/0/3/15/0,18/0/5/3/15/0/3/15/0,,,no,match
paulmach__orb,cdxgen,3,3,3,3,23,23,yes,24,23,3/0/20/3/0/0/3/0/0,3/0/20/3/0/0/3/0/0,,,no,match
paulmach__orb,cyclonedx-gomod,3,3,3,3,23,23,yes,24,23,3/0/20/3/0/0/3/0/0,3/0/20/3/0/0/3/0/0,,,no,match
paulmach__osm,syft,5,5,6,6,39,39,yes,40,39,8/0/31/5/3/0/6/2/0,8/0/31/5/3/0/6/2/0,,,no,match
paulmach__osm,trivy,5,5,6,6,39,39,yes,40,39,6/0/33/5/1/0/6/0/0,6/0/33/5/1/0/6/0/0,,,no,match
paulmach__osm,cdxgen,5,5,6,6,39,39,yes,40,39,5/0/34/5/0/0/5/0/1,5/0/34/5/0/0/5/0/1,,,no,match
paulmach__osm,cyclonedx-gomod,5,5,6,6,39,39,yes,40,39,5/0/34/5/0/0/5/0/1,5/0/34/5/0/0/5/0/1,,,no,match
pdfcpu__pdfcpu,syft,12,12,12,12,23,23,yes,24,23,14/0/9/12/2/0/12/2/0,14/0/9/12/2/0/12/2/0,,,no,match
pdfcpu__pdfcpu,trivy,12,12,12,12,23,23,yes,24,23,13/0/10/12/1/0/12/1/0,13/0/10/12/1/0/12/1/0,,,no,match
pdfcpu__pdfcpu,cdxgen,12,12,12,12,23,23,yes,24,23,12/0/11/12/0/0/12/0/0,12/0/11/12/0/0/12/0/0,,,no,match
pdfcpu__pdfcpu,cyclonedx-gomod,12,12,12,12,23,23,yes,24,23,13/0/10/12/1/0/12/1/0,13/0/10/12/1/0/12/1/0,,,no,match
pdupub__go-pdu,syft,138,138,138,138,442,442,yes,443,442,181/0/261/138/43/0/138/43/0,181/0/261/138/43/0/138/43/0,,,no,match
pdupub__go-pdu,trivy,138,138,138,138,442,442,yes,443,442,150/0/292/138/12/0/138/12/0,150/0/292/138/12/0/138/12/0,,,no,match
pdupub__go-pdu,cdxgen,138,138,138,138,442,442,yes,443,442,138/0/304/138/0/0/138/0/0,138/0/304/138/0/0/138/0/0,,,no,match
pdupub__go-pdu,cyclonedx-gomod,138,138,138,138,442,442,yes,443,442,150/0/292/138/12/0/138/12/0,150/0/292/138/12/0/138/12/0,,,no,match
peak__s5cmd,syft,29,29,30,30,60,60,yes,61,60,47/0/13/29/18/0/30/17/0,47/0/13/29/18/0/30/17/0,,,no,match
peak__s5cmd,trivy,29,29,30,30,60,60,yes,61,60,40/0/20/29/11/0/30/10/0,40/0/20/29/11/0/30/10/0,,,no,match
peak__s5cmd,cdxgen,29,29,30,30,60,60,yes,61,60,40/0/20/29/11/0/30/10/0,40/0/20/29/11/0/30/10/0,,,no,match
peak__s5cmd,cyclonedx-gomod,29,29,30,30,60,60,yes,61,60,35/0/25/28/7/1/28/7/2,35/0/25/28/7/1/28/7/2,,,no,match
pebbe__textcat,syft,1,1,1,1,1,1,yes,2,1,1/1/0/1/1/0/1/1/0,1/1/0/1/1/0/1/1/0,,,no,match
pebbe__textcat,trivy,1,1,1,1,1,1,yes,2,1,1/1/0/1/1/0/1/1/0,1/1/0/1/1/0/1/1/0,,,no,match
pebbe__textcat,cdxgen,1,1,1,1,1,1,yes,2,1,1/0/0/1/0/0/1/0/0,1/0/0/1/0/0/1/0/0,,,no,match
pebbe__textcat,cyclonedx-gomod,1,1,1,1,1,1,yes,2,1,1/0/0/1/0/0/1/0/0,1/0/0/1/0/0/1/0/0,,,no,match
peco__peco,syft,13,13,17,17,28,28,yes,29,28,18/0/10/13/5/0/17/1/0,18/0/10/13/5/0/17/1/0,,,no,match
peco__peco,trivy,13,13,17,17,28,28,yes,29,28,17/0/11/13/4/0/17/0/0,17/0/11/13/4/0/17/0/0,,,no,match
peco__peco,cdxgen,13,13,17,17,28,28,yes,29,28,13/0/15/13/0/0/13/0/4,13/0/15/13/0/0/13/0/4,,,no,match
peco__peco,cyclonedx-gomod,13,13,17,17,28,28,yes,29,28,14/0/14/13/1/0/14/0/3,14/0/14/13/1/0/14/0/3,,,no,match
peczenyj__structalign,syft,18,18,18,18,25,25,yes,26,25,22/0/3/18/4/0/18/4/0,22/0/3/18/4/0/18/4/0,,,no,match
peczenyj__structalign,trivy,18,18,18,18,25,25,yes,26,25,20/0/5/18/2/0/18/2/0,20/0/5/18/2/0/18/2/0,,,no,match
peczenyj__structalign,cdxgen,18,18,18,18,25,25,yes,26,25,18/0/7/18/0/0/18/0/0,18/0/7/18/0/0/18/0/0,,,no,match
peczenyj__structalign,cyclonedx-gomod,18,18,18,18,25,25,yes,26,25,19/0/6/17/2/1/17/2/1,19/0/6/17/2/1/17/2/1,,,no,match
pemistahl__lingua-go,syft,3,3,7,7,15,15,yes,16,15,9/3/6/3/9/0/7/5/0,9/3/6/3/9/0/7/5/0,,,no,match
pemistahl__lingua-go,trivy,3,3,7,7,15,15,yes,16,15,7/3/8/3/7/0/7/3/0,7/3/8/3/7/0/7/3/0,,,no,match
pemistahl__lingua-go,cdxgen,3,3,7,7,15,15,yes,16,15,3/2/12/3/2/0/3/2/4,3/2/12/3/2/0/3/2/4,,,no,match
pemistahl__lingua-go,cyclonedx-gomod,3,3,7,7,15,15,yes,16,15,3/0/12/3/0/0/3/0/4,3/0/12/3/0/0/3/0/4,,,no,match
pesos__grofer,syft,42,42,42,42,380,380,yes,381,380,57/0/323/42/15/0/42/15/0,57/0/323/42/15/0/42/15/0,,,no,match
pesos__grofer,trivy,42,42,42,42,380,380,yes,381,380,380/0/0/42/338/0/42/338/0,380/0/0/42/338/0/42/338/0,,,no,match
pesos__grofer,cdxgen,42,42,42,42,380,380,yes,381,380,42/0/338/42/0/0/42/0/0,42/0/338/42/0/0/42/0/0,,,no,match
pesos__grofer,cyclonedx-gomod,42,42,42,42,380,380,yes,381,380,46/0/334/42/4/0/42/4/0,46/0/334/42/4/0/42/4/0,,,no,match
peterbourgon__diskv,syft,1,1,1,1,1,1,yes,2,1,1/0/0/1/0/0/1/0/0,1/0/0/1/0/0/1/0/0,,,no,match
peterbourgon__diskv,trivy,1,1,1,1,1,1,yes,2,1,1/0/0/1/0/0/1/0/0,1/0/0/1/0/0/1/0/0,,,no,match
peterbourgon__diskv,cdxgen,1,1,1,1,1,1,yes,2,1,1/0/0/1/0/0/1/0/0,1/0/0/1/0/0/1/0/0,,,no,match
peterbourgon__diskv,cyclonedx-gomod,1,1,1,1,1,1,yes,2,1,1/0/0/1/0/0/1/0/0,1/0/0/1/0/0/1/0/0,,,no,match
peterh__liner,syft,1,1,1,1,2,2,yes,3,2,2/0/0/1/1/0/1/1/0,2/0/0/1/1/0/1/1/0,,,no,match
peterh__liner,trivy,1,1,1,1,2,2,yes,3,2,2/0/0/1/1/0/1/1/0,2/0/0/1/1/0/1/1/0,,,no,match
peterh__liner,cdxgen,1,1,1,1,2,2,yes,3,2,1/0/1/1/0/0/1/0/0,1/0/1/1/0/0/1/0/0,,,no,match
peterh__liner,cyclonedx-gomod,1,1,1,1,2,2,yes,3,2,2/0/0/1/1/0/1/1/0,2/0/0/1/1/0/1/1/0,,,no,match
peterstace__simplefeatures,syft,2,2,2,2,3,3,yes,4,3,2/0/1/2/0/0/2/0/0,2/0/1/2/0/0/2/0/0,,,no,match
peterstace__simplefeatures,trivy,2,2,2,2,3,3,yes,4,3,2/0/1/2/0/0/2/0/0,2/0/1/2/0/0/2/0/0,,,no,match
peterstace__simplefeatures,cdxgen,2,2,2,2,3,3,yes,4,3,2/0/1/2/0/0/2/0/0,2/0/1/2/0/0/2/0/0,,,no,match
peterstace__simplefeatures,cyclonedx-gomod,2,2,2,2,3,3,yes,4,3,2/0/1/2/0/0/2/0/0,2/0/1/2/0/0/2/0/0,,,no,match
pgrwl__pgrwl,syft,48,48,48,48,77,77,yes,78,77,59/0/18/48/11/0/48/11/0,59/0/18/48/11/0/48/11/0,,,no,match
pgrwl__pgrwl,trivy,48,48,48,48,77,77,yes,78,77,49/0/28/48/1/0/48/1/0,49/0/28/48/1/0/48/1/0,,,no,match
pgrwl__pgrwl,cdxgen,48,48,48,48,77,77,yes,78,77,48/0/29/48/0/0/48/0/0,48/0/29/48/0/0/48/0/0,,,no,match
pgrwl__pgrwl,cyclonedx-gomod,48,48,48,48,77,77,yes,78,77,48/0/29/48/0/0/48/0/0,48/0/29/48/0/0/48/0/0,,,no,match
philips-labs__spiffe-vault,syft,24,24,28,28,91,91,yes,92,91,51/0/40/24/27/0/28/23/0,51/0/40/24/27/0/28/23/0,,,no,match
philips-labs__spiffe-vault,trivy,24,24,28,28,91,91,yes,92,91,32/0/59/24/8/0/28/4/0,32/0/59/24/8/0/28/4/0,,,no,match
philips-labs__spiffe-vault,cdxgen,24,24,28,28,91,91,yes,92,91,24/0/67/24/0/0/24/0/4,24/0/67/24/0/0/24/0/4,,,no,match
philips-labs__spiffe-vault,cyclonedx-gomod,24,24,28,28,91,91,yes,92,91,26/0/65/24/2/0/24/2/4,26/0/65/24/2/0/24/2/4,,,no,match
phoenix-tui__phoenix,syft,9,9,9,9,14,14,yes,15,14,14/30/0/9/35/0/9/35/0,14/30/0/9/35/0/9/35/0,,,no,match
phoenix-tui__phoenix,trivy,9,9,9,9,14,14,yes,15,14,14/28/0/9/33/0/9/33/0,14/28/0/9/33/0/9/33/0,,,no,match
phoenix-tui__phoenix,cdxgen,9,9,9,9,14,14,yes,15,14,9/5/5/9/5/0/9/5/0,9/5/5/9/5/0/9/5/0,,,no,match
phoenix-tui__phoenix,cyclonedx-gomod,9,9,9,9,14,14,yes,15,14,9/0/5/9/0/0/9/0/0,9/0/5/9/0/0/9/0/0,,,no,match
piaohao__godis,syft,1,1,4,4,6,6,yes,7,6,6/0/0/1/5/0/4/2/0,6/0/0/1/5/0/4/2/0,,,no,match
piaohao__godis,trivy,1,1,4,4,6,6,yes,7,6,6/0/0/1/5/0/4/2/0,6/0/0/1/5/0/4/2/0,,,no,match
piaohao__godis,cdxgen,1,1,4,4,6,6,yes,7,6,1/0/5/1/0/0/1/0/3,1/0/5/1/0/0/1/0/3,,,no,match
piaohao__godis,cyclonedx-gomod,1,1,4,4,6,6,yes,7,6,1/0/5/1/0/0/1/0/3,1/0/5/1/0/0/1/0/3,,,no,match
pieterclaerhout__go-finance,syft,1,1,5,5,7,7,yes,8,7,6/0/1/1/5/0/5/1/0,6/0/1/1/5/0/5/1/0,,,no,match
pieterclaerhout__go-finance,trivy,1,1,5,5,7,7,yes,8,7,7/0/0/1/6/0/5/2/0,7/0/0/1/6/0/5/2/0,,,no,match
pieterclaerhout__go-finance,cdxgen,1,1,5,5,7,7,yes,8,7,1/0/6/1/0/0/1/0/4,1/0/6/1/0/0/1/0/4,,,no,match
pieterclaerhout__go-finance,cyclonedx-gomod,1,1,5,5,7,7,yes,8,7,1/0/6/1/0/0/1/0/4,1/0/6/1/0/0/1/0/4,,,no,match
pieterclaerhout__go-log,syft,7,7,11,11,19,19,yes,20,19,15/0/4/7/8/0/11/4/0,15/0/4/7/8/0/11/4/0,,,no,match
pieterclaerhout__go-log,trivy,7,7,11,11,19,19,yes,20,19,13/0/6/7/6/0/11/2/0,13/0/6/7/6/0/11/2/0,,,no,match
pieterclaerhout__go-log,cdxgen,7,7,11,11,19,19,yes,20,19,7/0/12/7/0/0/7/0/4,7/0/12/7/0/0/7/0/4,,,no,match
pieterclaerhout__go-log,cyclonedx-gomod,7,7,11,11,19,19,yes,20,19,7/0/12/7/0/0/7/0/4,7/0/12/7/0/0/7/0/4,,,no,match
pikoci__pikoci,syft,64,64,67,67,184,184,yes,185,184,144/18/40/64/98/0/67/95/0,144/18/40/64/98/0/67/95/0,,,no,match
pikoci__pikoci,trivy,64,64,67,67,184,184,yes,185,184,113/12/71/64/61/0/67/58/0,113/12/71/64/61/0/67/58/0,,,no,match
pikoci__pikoci,cdxgen,64,64,67,67,184,184,yes,185,184,90/11/94/64/37/0/64/37/3,90/11/94/64/37/0/64/37/3,,,no,match
pikoci__pikoci,cyclonedx-gomod,64,64,67,67,184,184,yes,185,184,79/0/105/64/15/0/64/15/3,79/0/105/64/15/0/64/15/3,,,no,match
pilosa__go-pilosa,syft,5,5,5,5,167,167,yes,168,167,54/0/113/5/49/0/5/49/0,54/0/113/5/49/0/5/49/0,,,no,match
pilosa__go-pilosa,trivy,5,5,5,5,167,167,yes,168,167,167/3/0/5/165/0/5/165/0,167/3/0/5/165/0/5/165/0,,,no,match
pilosa__go-pilosa,cdxgen,5,5,5,5,167,167,yes,168,167,5/0/162/5/0/0/5/0/0,5/0/162/5/0/0/5/0/0,,,no,match
pilosa__go-pilosa,cyclonedx-gomod,5,5,5,5,167,167,yes,168,167,5/0/162/5/0/0/5/0/0,5/0/162/5/0/0/5/0/0,,,no,match
pingcap__failpoint,syft,3,3,8,8,16,16,yes,17,16,12/0/4/3/9/0/8/4/0,12/0/4/3/9/0/8/4/0,,,no,match
pingcap__failpoint,trivy,3,3,8,8,16,16,yes,17,16,9/0/7/3/6/0/8/1/0,9/0/7/3/6/0/8/1/0,,,no,match
pingcap__failpoint,cdxgen,3,3,8,8,16,16,yes,17,16,3/0/13/3/0/0/3/0/5,3/0/13/3/0/0/3/0/5,,,no,match
pingcap__failpoint,cyclonedx-gomod,3,3,8,8,16,16,yes,17,16,3/0/13/3/0/0/3/0/5,3/0/13/3/0/0/3/0/5,,,no,match
pingcap__tidb,syft,299,299,334,334,883,883,yes,884,883,399/4/484/295/108/4/330/73/4,399/4/484/295/108/4/330/73/4,,,no,match
pingcap__tidb,trivy,299,299,334,334,883,883,yes,884,883,352/4/531/295/61/4/330/26/4,352/4/531/295/61/4/330/26/4,,,no,match
pingcap__tidb,cdxgen,299,299,334,334,883,883,yes,884,883,304/0/579/299/5/0/299/5/35,304/0/579/299/5/0/299/5/35,,,no,match
pingcap__tidb,cyclonedx-gomod,299,299,334,334,883,883,yes,884,883,304/4/579/290/18/9/290/18/44,304/4/579/290/18/9/290/18/44,,,no,match
pions__webrtc,syft,21,21,25,25,50,50,yes,51,50,32/0/18/21/11/0/25/7/0,32/0/18/21/11/0/25/7/0,,,no,match
pions__webrtc,trivy,21,21,25,25,50,50,yes,51,50,28/0/22/21/7/0/25/3/0,28/0/22/21/7/0/25/3/0,,,no,match
pions__webrtc,cdxgen,21,21,25,25,50,50,yes,51,50,21/0/29/21/0/0/21/0/4,21/0/29/21/0/0/21/0/4,,,no,match
pions__webrtc,cyclonedx-gomod,21,21,25,25,50,50,yes,51,50,21/0/29/21/0/0/21/0/4,21/0/29/21/0/0/21/0/4,,,no,match
pioz__countries,syft,1,1,4,4,6,6,yes,7,6,5/0/1/1/4/0/4/1/0,5/0/1/1/4/0/4/1/0,,,no,match
pioz__countries,trivy,1,1,4,4,6,6,yes,7,6,4/0/2/1/3/0/4/0/0,4/0/2/1/3/0/4/0/0,,,no,match
pioz__countries,cdxgen,1,1,4,4,6,6,yes,7,6,1/0/5/1/0/0/1/0/3,1/0/5/1/0/0/1/0/3,,,no,match
pioz__countries,cyclonedx-gomod,1,1,4,4,6,6,yes,7,6,1/0/5/1/0/0/1/0/3,1/0/5/1/0/0/1/0/3,,,no,match
pipe-cd__pipecd,syft,172,172,198,198,554,554,yes,555,554,251/27/303/172/106/0/198/80/0,251/27/303/172/106/0/198/80/0,,,no,match
pipe-cd__pipecd,trivy,172,172,198,198,554,554,yes,555,554,207/25/347/172/60/0/198/34/0,207/25/347/172/60/0/198/34/0,,,no,match
pipe-cd__pipecd,cdxgen,172,172,198,198,554,554,yes,555,554,173/9/381/172/10/0/173/9/25,173/9/381/172/10/0/173/9/25,,,no,match
pipe-cd__pipecd,cyclonedx-gomod,172,172,198,198,554,554,yes,555,554,173/0/381/170/3/2/170/3/28,173/0/381/170/3/2/170/3/28,,,no,match
pixie-labs__pixie,syft,261,261,263,263,647,647,yes,648,647,325/9/322/261/73/0/263/71/0,325/9/322/261/73/0/263/71/0,,,no,match
pixie-labs__pixie,trivy,261,261,263,263,647,647,yes,648,647,288/1/359/260/29/1/262/27/1,288/1/359/260/29/1/262/27/1,,,no,match
pixie-labs__pixie,cdxgen,261,261,263,263,647,647,yes,648,647,261/0/386/261/0/0/261/0/2,261/0/386/261/0/0/261/0/2,,,no,match
pixie-labs__pixie,cyclonedx-gomod,261,261,263,263,647,647,yes,648,647,279/1/368/259/21/2/259/21/4,279/1/368/259/21/2/259/21/4,,,no,match
pkg__profile,syft,2,2,2,2,13,13,yes,14,13,7/0/6/2/5/0/2/5/0,7/0/6/2/5/0/2/5/0,,,no,match
pkg__profile,trivy,2,2,2,2,13,13,yes,14,13,13/0/0/2/11/0/2/11/0,13/0/0/2/11/0/2/11/0,,,no,match
pkg__profile,cdxgen,2,2,2,2,13,13,yes,14,13,2/0/11/2/0/0/2/0/0,2/0/11/2/0/0/2/0/0,,,no,match
pkg__profile,cyclonedx-gomod,2,2,2,2,13,13,yes,14,13,2/0/11/2/0/0/2/0/0,2/0/11/2/0/0/2/0/0,,,no,match
pkg__sftp,syft,2,2,6,6,12,12,yes,13,12,9/0/3/2/7/0/6/3/0,9/0/3/2/7/0/6/3/0,,,no,match
pkg__sftp,trivy,2,2,6,6,12,12,yes,13,12,7/0/5/2/5/0/6/1/0,7/0/5/2/5/0/6/1/0,,,no,match
pkg__sftp,cdxgen,2,2,6,6,12,12,yes,13,12,2/0/10/2/0/0/2/0/4,2/0/10/2/0/0/2/0/4,,,no,match
pkg__sftp,cyclonedx-gomod,2,2,6,6,12,12,yes,13,12,3/0/9/2/1/0/2/1/4,3/0/9/2/1/0/2/1/4,,,no,match
plandem__xlsx,syft,1,1,4,4,6,6,yes,7,6,5/0/1/1/4/0/4/1/0,5/0/1/1/4/0/4/1/0,,,no,match
plandem__xlsx,trivy,1,1,4,4,6,6,yes,7,6,6/0/0/1/5/0/4/2/0,6/0/0/1/5/0/4/2/0,,,no,match
plandem__xlsx,cdxgen,1,1,4,4,6,6,yes,7,6,1/0/5/1/0/0/1/0/3,1/0/5/1/0/0/1/0/3,,,no,match
plandem__xlsx,cyclonedx-gomod,1,1,4,4,6,6,yes,7,6,1/0/5/1/0/0/1/0/3,1/0/5/1/0/0/1/0/3,,,no,match
pocketbase__pocketbase,syft,38,38,38,38,78,78,yes,79,78,63/0/15/38/25/0/38/25/0,63/0/15/38/25/0/38/25/0,,,no,match
pocketbase__pocketbase,trivy,38,38,38,38,78,78,yes,79,78,40/0/38/38/2/0/38/2/0,40/0/38/38/2/0/38/2/0,,,no,match
pocketbase__pocketbase,cdxgen,38,38,38,38,78,78,yes,79,78,38/0/40/38/0/0/38/0/0,38/0/40/38/0/0/38/0/0,,,no,match
pocketbase__pocketbase,cyclonedx-gomod,38,38,38,38,78,78,yes,79,78,40/0/38/38/2/0/38/2/0,40/0/38/38/2/0/38/2/0,,,no,match
pokanop__nostromo,syft,54,54,54,54,327,327,yes,328,327,66/0/261/54/12/0/54/12/0,66/0/261/54/12/0/54/12/0,,,no,match
pokanop__nostromo,trivy,54,54,54,54,327,327,yes,328,327,327/0/0/54/273/0/54/273/0,327/0/0/54/273/0/54/273/0,,,no,match
pokanop__nostromo,cdxgen,54,54,54,54,327,327,yes,328,327,54/0/273/54/0/0/54/0/0,54/0/273/54/0/0/54/0/0,,,no,match
pokanop__nostromo,cyclonedx-gomod,54,54,54,54,327,327,yes,328,327,57/0/270/54/3/0/54/3/0,57/0/270/54/3/0/54/3/0,,,no,match
pomerium__pomerium,syft,308,308,335,335,820,820,yes,821,820,486/0/334/308/178/0/335/151/0,486/0/334/308/178/0/335/151/0,,,no,match
pomerium__pomerium,trivy,308,308,335,335,820,820,yes,821,820,423/0/397/308/115/0/335/88/0,423/0/397/308/115/0/335/88/0,,,no,match
pomerium__pomerium,cdxgen,308,308,335,335,820,820,yes,821,820,NA,NA,,,no,match
pomerium__pomerium,cyclonedx-gomod,308,308,335,335,820,820,yes,821,820,384/0/436/302/82/6/302/82/33,384/0/436/302/82/6/302/82/33,,,no,match
posener__cmd,syft,5,5,9,9,12,12,yes,13,12,10/0/2/5/5/0/9/1/0,10/0/2/5/5/0/9/1/0,,,no,match
posener__cmd,trivy,5,5,9,9,12,12,yes,13,12,12/0/0/5/7/0/9/3/0,12/0/0/5/7/0/9/3/0,,,no,match
posener__cmd,cdxgen,5,5,9,9,12,12,yes,13,12,5/0/7/5/0/0/5/0/4,5/0/7/5/0/0/5/0/4,,,no,match
posener__cmd,cyclonedx-gomod,5,5,9,9,12,12,yes,13,12,5/0/7/5/0/0/5/0/4,5/0/7/5/0/0/5/0/4,,,no,match
posener__complete,syft,2,2,6,6,8,8,yes,9,8,7/0/1/2/5/0/6/1/0,7/0/1/2/5/0/6/1/0,,,no,match
posener__complete,trivy,2,2,6,6,8,8,yes,9,8,8/0/0/2/6/0/6/2/0,8/0/0/2/6/0/6/2/0,,,no,match
posener__complete,cdxgen,2,2,6,6,8,8,yes,9,8,2/0/6/2/0/0/2/0/4,2/0/6/2/0/0/2/0/4,,,no,match
posener__complete,cyclonedx-gomod,2,2,6,6,8,8,yes,9,8,2/0/6/2/0/0/2/0/4,2/0/6/2/0/0/2/0/4,,,no,match
posener__wstest,syft,1,1,5,5,7,7,yes,8,7,6/0/1/1/5/0/5/1/0,6/0/1/1/5/0/5/1/0,,,no,match
posener__wstest,trivy,1,1,5,5,7,7,yes,8,7,7/0/0/1/6/0/5/2/0,7/0/0/1/6/0/5/2/0,,,no,match
posener__wstest,cdxgen,1,1,5,5,7,7,yes,8,7,1/0/6/1/0/0/1/0/4,1/0/6/1/0/0/1/0/4,,,no,match
posener__wstest,cyclonedx-gomod,1,1,5,5,7,7,yes,8,7,1/0/6/1/0/0/1/0/4,1/0/6/1/0/0/1/0/4,,,no,match
prashantgupta24__activity-tracker,syft,18,18,22,22,38,38,yes,39,38,31/0/7/18/13/0/22/9/0,31/0/7/18/13/0/22/9/0,,,no,match
prashantgupta24__activity-tracker,trivy,18,18,22,22,38,38,yes,39,38,30/0/8/18/12/0/22/8/0,30/0/8/18/12/0/22/8/0,,,no,match
prashantgupta24__activity-tracker,cdxgen,18,18,22,22,38,38,yes,39,38,18/0/20/18/0/0/18/0/4,18/0/20/18/0/0/18/0/4,,,no,match
prashantgupta24__activity-tracker,cyclonedx-gomod,18,18,22,22,38,38,yes,39,38,25/0/13/18/7/0/18/7/4,25/0/13/18/7/0/18/7/4,,,no,match
prashantgupta24__firewalld-rest,syft,2,2,2,2,2,2,yes,3,2,2/0/0/2/0/0/2/0/0,2/0/0/2/0/0/2/0/0,,,no,match
prashantgupta24__firewalld-rest,trivy,2,2,2,2,2,2,yes,3,2,2/0/0/2/0/0/2/0/0,2/0/0/2/0/0/2/0/0,,,no,match
prashantgupta24__firewalld-rest,cdxgen,2,2,2,2,2,2,yes,3,2,2/0/0/2/0/0/2/0/0,2/0/0/2/0/0/2/0/0,,,no,match
prashantgupta24__firewalld-rest,cyclonedx-gomod,2,2,2,2,2,2,yes,3,2,2/0/0/2/0/0/2/0/0,2/0/0/2/0/0/2/0/0,,,no,match
prashantgupta24__go-clip,syft,21,21,25,25,47,47,yes,48,47,28/0/19/21/7/0/25/3/0,28/0/19/21/7/0/25/3/0,,,no,match
prashantgupta24__go-clip,trivy,21,21,25,25,47,47,yes,48,47,47/0/0/21/26/0/25/22/0,47/0/0/21/26/0/25/22/0,,,no,match
prashantgupta24__go-clip,cdxgen,21,21,25,25,47,47,yes,48,47,5/0/42/4/1/17/5/0/20,5/0/42/4/1/17/5/0/20,,,no,match
prashantgupta24__go-clip,cyclonedx-gomod,21,21,25,25,47,47,yes,48,47,22/0/25/21/1/0/21/1/4,22/0/25/21/1/0/21/1/4,,,no,match
presbrey__go-multiproxy,syft,2,2,7,7,13,13,yes,14,13,8/0/5/2/6/0/7/1/0,8/0/5/2/6/0/7/1/0,,,no,match
presbrey__go-multiproxy,trivy,2,2,7,7,13,13,yes,14,13,7/0/6/2/5/0/7/0/0,7/0/6/2/5/0/7/0/0,,,no,match
presbrey__go-multiproxy,cdxgen,2,2,7,7,13,13,yes,14,13,2/0/11/2/0/0/2/0/5,2/0/11/2/0/0/2/0/5,,,no,match
presbrey__go-multiproxy,cyclonedx-gomod,2,2,7,7,13,13,yes,14,13,2/0/11/2/0/0/2/0/5,2/0/11/2/0/0/2/0/5,,,no,match
presbrey__ollamafarm,syft,,8,,8,,104,NA,105,104,NA,18/0/86/8/10/0/8/10/0,,,no,july_unavailable
presbrey__ollamafarm,trivy,,8,,8,,104,NA,105,104,NA,12/0/92/8/4/0/8/4/0,,,no,july_unavailable
presbrey__ollamafarm,cdxgen,,8,,8,,104,NA,105,104,NA,8/0/96/8/0/0/8/0/0,,,no,july_unavailable
presbrey__ollamafarm,cyclonedx-gomod,,8,,8,,104,NA,105,104,NA,9/0/95/8/1/0/8/1/0,,,no,july_unavailable
preslavmihaylov__todocheck,syft,8,8,8,8,11,11,yes,12,11,9/0/2/8/1/0/8/1/0,9/0/2/8/1/0/8/1/0,,,no,match
preslavmihaylov__todocheck,trivy,8,8,8,8,11,11,yes,12,11,8/0/3/8/0/0/8/0/0,8/0/3/8/0/0/8/0/0,,,no,match
preslavmihaylov__todocheck,cdxgen,8,8,8,8,11,11,yes,12,11,8/0/3/8/0/0/8/0/0,8/0/3/8/0/0/8/0/0,,,no,match
preslavmihaylov__todocheck,cyclonedx-gomod,8,8,8,8,11,11,yes,12,11,8/0/3/8/0/0/8/0/0,8/0/3/8/0/0/8/0/0,,,no,match
pressly__goose,syft,75,75,75,75,208,208,yes,209,208,144/27/64/75/96/0/75/96/0,144/27/64/75/96/0/75/96/0,,,no,match
pressly__goose,trivy,75,75,75,75,208,208,yes,209,208,104/25/104/75/54/0/75/54/0,104/25/104/75/54/0/75/54/0,,,no,match
pressly__goose,cdxgen,75,75,75,75,208,208,yes,209,208,97/24/111/75/46/0/75/46/0,97/24/111/75/46/0/75/46/0,,,no,match
pressly__goose,cyclonedx-gomod,75,75,75,75,208,208,yes,209,208,80/0/128/75/5/0/75/5/0,80/0/128/75/5/0/75/5/0,,,no,match
pressly__sup,syft,5,5,5,5,12,12,yes,13,12,9/0/3/5/4/0/5/4/0,9/0/3/5/4/0/5/4/0,,,no,match
pressly__sup,trivy,5,5,5,5,12,12,yes,13,12,12/0/0/5/7/0/5/7/0,12/0/0/5/7/0/5/7/0,,,no,match
pressly__sup,cdxgen,5,5,5,5,12,12,yes,13,12,5/0/7/5/0/0/5/0/0,5/0/7/5/0/0/5/0/0,,,no,match
pressly__sup,cyclonedx-gomod,5,5,5,5,12,12,yes,13,12,6/0/6/5/1/0/5/1/0,6/0/6/5/1/0/5/1/0,,,no,match
prest__prest,syft,47,47,48,48,84,84,yes,85,84,63/0/21/47/16/0/48/15/0,63/0/21/47/16/0/48/15/0,,,no,match
prest__prest,trivy,47,47,48,48,84,84,yes,85,84,53/0/31/47/6/0/48/5/0,53/0/31/47/6/0/48/5/0,,,no,match
prest__prest,cdxgen,47,47,48,48,84,84,yes,85,84,47/0/37/47/0/0/47/0/1,47/0/37/47/0/0/47/0/1,,,no,match
prest__prest,cyclonedx-gomod,47,47,48,48,84,84,yes,85,84,51/0/33/47/4/0/47/4/1,51/0/33/47/4/0/47/4/1,,,no,match
primetalk__goio,syft,3,3,7,7,13,13,yes,14,13,8/0/5/3/5/0/7/1/0,8/0/5/3/5/0/7/1/0,,,no,match
primetalk__goio,trivy,3,3,7,7,13,13,yes,14,13,7/0/6/3/4/0/7/0/0,7/0/6/3/4/0/7/0/0,,,no,match
primetalk__goio,cdxgen,3,3,7,7,13,13,yes,14,13,3/0/10/3/0/0/3/0/4,3/0/10/3/0/0/3/0/4,,,no,match
primetalk__goio,cyclonedx-gomod,3,3,7,7,13,13,yes,14,13,3/0/10/3/0/0/3/0/4,3/0/10/3/0/0/3/0/4,,,no,match
progrium__darwinkit,syft,1,1,1,1,1,1,yes,2,1,1/0/0/1/0/0/1/0/0,1/0/0/1/0/0/1/0/0,,,no,match
progrium__darwinkit,trivy,1,1,1,1,1,1,yes,2,1,1/0/0/1/0/0/1/0/0,1/0/0/1/0/0/1/0/0,,,no,match
progrium__darwinkit,cdxgen,1,1,1,1,1,1,yes,2,1,1/0/0/1/0/0/1/0/0,1/0/0/1/0/0/1/0/0,,,no,match
progrium__darwinkit,cyclonedx-gomod,1,1,1,1,1,1,yes,2,1,1/0/0/1/0/0/1/0/0,1/0/0/1/0/0/1/0/0,,,no,match
psampaz__go-mod-outdated,syft,3,3,3,3,3,3,yes,4,3,3/0/0/3/0/0/3/0/0,3/0/0/3/0/0/3/0/0,,,no,match
psampaz__go-mod-outdated,trivy,3,3,3,3,3,3,yes,4,3,3/0/0/3/0/0/3/0/0,3/0/0/3/0/0/3/0/0,,,no,match
psampaz__go-mod-outdated,cdxgen,3,3,3,3,3,3,yes,4,3,3/0/0/3/0/0/3/0/0,3/0/0/3/0/0/3/0/0,,,no,match
psampaz__go-mod-outdated,cyclonedx-gomod,3,3,3,3,3,3,yes,4,3,3/0/0/3/0/0/3/0/0,3/0/0/3/0/0/3/0/0,,,no,match
psampaz__gothanks,syft,5,5,5,5,32,32,yes,33,32,13/0/19/5/8/0/5/8/0,13/0/19/5/8/0/5/8/0,,,no,match
psampaz__gothanks,trivy,5,5,5,5,32,32,yes,33,32,32/0/0/5/27/0/5/27/0,32/0/0/5/27/0/5/27/0,,,no,match
psampaz__gothanks,cdxgen,5,5,5,5,32,32,yes,33,32,5/0/27/5/0/0/5/0/0,5/0/27/5/0/0/5/0/0,,,no,match
psampaz__gothanks,cyclonedx-gomod,5,5,5,5,32,32,yes,33,32,9/0/23/5/4/0/5/4/0,9/0/23/5/4/0/5/4/0,,,no,match
pterm__pterm,syft,10,10,14,14,29,29,yes,30,29,19/0/10/10/9/0/14/5/0,19/0/10/10/9/0/14/5/0,,,no,match
pterm__pterm,trivy,10,10,14,14,29,29,yes,30,29,14/0/15/10/4/0/14/0/0,14/0/15/10/4/0/14/0/0,,,no,match
pterm__pterm,cdxgen,10,10,14,14,29,29,yes,30,29,10/0/19/10/0/0/10/0/4,10/0/19/10/0/0/10/0/4,,,no,match
pterm__pterm,cyclonedx-gomod,10,10,14,14,29,29,yes,30,29,10/0/19/10/0/0/10/0/4,10/0/19/10/0/0/10/0/4,,,no,match
pupizoid__ormlite,syft,4,4,7,7,7,7,yes,8,7,7/0/0/4/3/0/7/0/0,7/0/0/4/3/0/7/0/0,,,no,match
pupizoid__ormlite,trivy,4,4,7,7,7,7,yes,8,7,7/0/0/4/3/0/7/0/0,7/0/0/4/3/0/7/0/0,,,no,match
pupizoid__ormlite,cdxgen,4,4,7,7,7,7,yes,8,7,4/0/3/4/0/0/4/0/3,4/0/3/4/0/0/4/0/3,,,no,match
pupizoid__ormlite,cyclonedx-gomod,4,4,7,7,7,7,yes,8,7,4/0/3/4/0/0/4/0/3,4/0/3/4/0/0/4/0/3,,,no,match
qiniu__goc,syft,42,42,47,47,492,492,yes,493,492,62/8/430/42/28/0/47/23/0,62/8/430/42/28/0/47/23/0,,,no,match
qiniu__goc,trivy,42,42,47,47,492,492,yes,493,492,492/8/0/42/458/0/47/453/0,492/8/0/42/458/0/47/453/0,,,no,match
qiniu__goc,cdxgen,42,42,47,47,492,492,yes,493,492,45/8/447/42/11/0/43/10/4,45/8/447/42/11/0/43/10/4,,,no,match
qiniu__goc,cyclonedx-gomod,42,42,47,47,492,492,yes,493,492,47/0/445/41/6/1/41/6/6,47/0/445/41/6/1/41/6/6,,,no,match
qiniu__qmgo,syft,16,16,21,21,32,32,yes,33,32,24/0/8/16/8/0/21/3/0,24/0/8/16/8/0/21/3/0,,,no,match
qiniu__qmgo,trivy,16,16,21,21,32,32,yes,33,32,32/0/0/16/16/0/21/11/0,32/0/0/16/16/0/21/11/0,,,no,match
qiniu__qmgo,cdxgen,16,16,21,21,32,32,yes,33,32,16/0/16/16/0/0/16/0/5,16/0/16/16/0/0/16/0/5,,,no,match
qiniu__qmgo,cyclonedx-gomod,16,16,21,21,32,32,yes,33,32,16/0/16/16/0/0/16/0/5,16/0/16/16/0/0/16/0/5,,,no,match
quii__learn-go-with-tests,syft,2,2,3,3,3,3,yes,4,3,3/0/0/2/1/0/3/0/0,3/0/0/2/1/0/3/0/0,,,no,match
quii__learn-go-with-tests,trivy,2,2,3,3,3,3,yes,4,3,3/0/0/2/1/0/3/0/0,3/0/0/2/1/0/3/0/0,,,no,match
quii__learn-go-with-tests,cdxgen,2,2,3,3,3,3,yes,4,3,2/0/1/2/0/0/2/0/1,2/0/1/2/0/0/2/0/1,,,no,match
quii__learn-go-with-tests,cyclonedx-gomod,2,2,3,3,3,3,yes,4,3,2/0/1/2/0/0/2/0/1,2/0/1/2/0/0/2/0/1,,,no,match
qustavo__sqlhooks,syft,2,2,8,8,20,20,yes,21,20,10/0/10/2/8/0/8/2/0,10/0/10/2/8/0/8/2/0,,,no,match
qustavo__sqlhooks,trivy,2,2,8,8,20,20,yes,21,20,20/0/0/2/18/0/8/12/0,20/0/0/2/18/0/8/12/0,,,no,match
qustavo__sqlhooks,cdxgen,2,2,8,8,20,20,yes,21,20,2/0/18/2/0/0/2/0/6,2/0/18/2/0/0/2/0/6,,,no,match
qustavo__sqlhooks,cyclonedx-gomod,2,2,8,8,20,20,yes,21,20,2/0/18/2/0/0/2/0/6,2/0/18/2/0/0/2/0/6,,,no,match
qvcloud__broker,syft,75,75,80,80,267,267,yes,268,267,105/0/162/75/30/0/80/25/0,105/0/162/75/30/0/80/25/0,,,no,match
qvcloud__broker,trivy,75,75,80,80,267,267,yes,268,267,83/0/184/75/8/0/80/3/0,83/0/184/75/8/0/80/3/0,,,no,match
qvcloud__broker,cdxgen,75,75,80,80,267,267,yes,268,267,75/0/192/75/0/0/75/0/5,75/0/192/75/0/0/75/0/5,,,no,match
qvcloud__broker,cyclonedx-gomod,75,75,80,80,267,267,yes,268,267,77/0/190/74/3/1/74/3/6,77/0/190/74/3/1/74/3/6,,,no,match
rafaelespinoza__godfish,syft,23,23,23,23,68,68,yes,69,68,58/0/10/23/35/0/23/35/0,58/0/10/23/35/0/23/35/0,,,no,match
rafaelespinoza__godfish,trivy,23,23,23,23,68,68,yes,69,68,25/0/43/23/2/0/23/2/0,25/0/43/23/2/0/23/2/0,,,no,match
rafaelespinoza__godfish,cdxgen,23,23,23,23,68,68,yes,69,68,23/0/45/23/0/0/23/0/0,23/0/45/23/0/0/23/0/0,,,no,match
rafaelespinoza__godfish,cyclonedx-gomod,23,23,23,23,68,68,yes,69,68,25/0/43/23/2/0/23/2/0,25/0/43/23/2/0/23/2/0,,,no,match
rainu__go-command-chain,syft,1,1,6,6,22,22,yes,23,22,12/0/10/1/11/0/6/6/0,12/0/10/1/11/0/6/6/0,,,no,match
rainu__go-command-chain,trivy,1,1,6,6,22,22,yes,23,22,6/0/16/1/5/0/6/0/0,6/0/16/1/5/0/6/0/0,,,no,match
rainu__go-command-chain,cdxgen,1,1,6,6,22,22,yes,23,22,1/0/21/1/0/0/1/0/5,1/0/21/1/0/0/1/0/5,,,no,match
rainu__go-command-chain,cyclonedx-gomod,1,1,6,6,22,22,yes,23,22,1/0/21/1/0/0/1/0/5,1/0/21/1/0/0/1/0/5,,,no,match
rakyll__hey,syft,,2,,2,,8,NA,9,8,NA,2/0/6/2/0/0/2/0/0,,,no,july_unavailable
rakyll__hey,trivy,,2,,2,,8,NA,9,8,NA,2/0/6/2/0/0/2/0/0,,,no,july_unavailable
rakyll__hey,cdxgen,,2,,2,,8,NA,9,8,NA,2/0/6/2/0/0/2/0/0,,,no,july_unavailable
rakyll__hey,cyclonedx-gomod,,2,,2,,8,NA,9,8,NA,2/0/6/2/0/0/2/0/0,,,no,july_unavailable
rapito__go-spotify,syft,21,21,25,25,135,135,yes,136,135,35/0/100/21/14/0/25/10/0,35/0/100/21/14/0/25/10/0,,,no,match
rapito__go-spotify,trivy,21,21,25,25,135,135,yes,136,135,27/0/108/21/6/0/25/2/0,27/0/108/21/6/0/25/2/0,,,no,match
rapito__go-spotify,cdxgen,21,21,25,25,135,135,yes,136,135,21/0/114/21/0/0/21/0/4,21/0/114/21/0/0/21/0/4,,,no,match
rapito__go-spotify,cyclonedx-gomod,21,21,25,25,135,135,yes,136,135,21/0/114/21/0/0/21/0/4,21/0/114/21/0/0/21/0/4,,,no,match
raszia__gotiny,syft,1,1,1,1,1,1,yes,2,1,1/0/0/1/0/0/1/0/0,1/0/0/1/0/0/1/0/0,,,no,match
raszia__gotiny,trivy,1,1,1,1,1,1,yes,2,1,1/0/0/1/0/0/1/0/0,1/0/0/1/0/0/1/0/0,,,no,match
raszia__gotiny,cdxgen,1,1,1,1,1,1,yes,2,1,1/0/0/1/0/0/1/0/0,1/0/0/1/0/0/1/0/0,,,no,match
raszia__gotiny,cyclonedx-gomod,1,1,1,1,1,1,yes,2,1,1/0/0/1/0/0/1/0/0,1/0/0/1/0/0/1/0/0,,,no,match
raviqqe__muffet,syft,17,17,22,22,35,35,yes,36,35,27/0/8/17/10/0/22/5/0,27/0/8/17/10/0/22/5/0,,,no,match
raviqqe__muffet,trivy,17,17,22,22,35,35,yes,36,35,25/0/10/17/8/0/22/3/0,25/0/10/17/8/0/22/3/0,,,no,match
raviqqe__muffet,cdxgen,17,17,22,22,35,35,yes,36,35,17/0/18/17/0/0/17/0/5,17/0/18/17/0/0/17/0/5,,,no,match
raviqqe__muffet,cyclonedx-gomod,17,17,22,22,35,35,yes,36,35,17/0/18/17/0/0/17/0/5,17/0/18/17/0/0/17/0/5,,,no,match
reaganiwadha__grapher,syft,1,1,12,12,26,26,yes,27,26,18/0/8/1/17/0/12/6/0,18/0/8/1/17/0/12/6/0,,,no,match
reaganiwadha__grapher,trivy,1,1,12,12,26,26,yes,27,26,13/0/13/1/12/0/12/1/0,13/0/13/1/12/0/12/1/0,,,no,match
reaganiwadha__grapher,cdxgen,1,1,12,12,26,26,yes,27,26,1/0/25/1/0/0/1/0/11,1/0/25/1/0/0/1/0/11,,,no,match
reaganiwadha__grapher,cyclonedx-gomod,1,1,12,12,26,26,yes,27,26,1/0/25/1/0/0/1/0/11,1/0/25/1/0/0/1/0/11,,,no,match
recolude__unitpacking,syft,2,2,6,6,9,9,yes,10,9,7/0/2/2/5/0/6/1/0,7/0/2/2/5/0/6/1/0,,,no,match
recolude__unitpacking,trivy,2,2,6,6,9,9,yes,10,9,9/0/0/2/7/0/6/3/0,9/0/0/2/7/0/6/3/0,,,no,match
recolude__unitpacking,cdxgen,2,2,6,6,9,9,yes,10,9,2/0/7/2/0/0/2/0/4,2/0/7/2/0/0/2/0/4,,,no,match
recolude__unitpacking,cyclonedx-gomod,2,2,6,6,9,9,yes,10,9,2/0/7/2/0/0/2/0/4,2/0/7/2/0/0/2/0/4,,,no,match
redis__go-redis,syft,4,4,6,6,11,11,yes,12,11,11/71/0/4/78/0/6/76/0,11/71/0/4/78/0/6/76/0,,,no,match
redis__go-redis,trivy,4,4,6,6,11,11,yes,12,11,8/64/3/4/68/0/6/66/0,8/64/3/4/68/0/6/66/0,,,no,match
redis__go-redis,cdxgen,4,4,6,6,11,11,yes,12,11,6/45/5/4/47/0/4/47/2,6/45/5/4/47/0/4/47/2,,,no,match
redis__go-redis,cyclonedx-gomod,4,4,6,6,11,11,yes,12,11,5/0/6/4/1/0/4/1/2,5/0/6/4/1/0/4/1/2,,,no,match
reedom__convergen,syft,4,4,9,9,15,15,yes,16,15,10/0/5/4/6/0/9/1/0,10/0/5/4/6/0/9/1/0,,,no,match
reedom__convergen,trivy,4,4,9,9,15,15,yes,16,15,9/0/6/4/5/0/9/0/0,9/0/6/4/5/0/9/0/0,,,no,match
reedom__convergen,cdxgen,4,4,9,9,15,15,yes,16,15,4/0/11/4/0/0/4/0/5,4/0/11/4/0/0/4/0/5,,,no,match
reedom__convergen,cyclonedx-gomod,4,4,9,9,15,15,yes,16,15,4/0/11/4/0/0/4/0/5,4/0/11/4/0/0/4/0/5,,,no,match
reeflective__console,syft,11,11,11,11,33,33,yes,34,33,20/0/13/11/9/0/11/9/0,20/0/13/11/9/0/11/9/0,,,no,match
reeflective__console,trivy,11,11,11,11,33,33,yes,34,33,13/0/20/11/2/0/11/2/0,13/0/20/11/2/0/11/2/0,,,no,match
reeflective__console,cdxgen,11,11,11,11,33,33,yes,34,33,11/0/22/11/0/0/11/0/0,11/0/22/11/0/0/11/0/0,,,no,match
reeflective__console,cyclonedx-gomod,11,11,11,11,33,33,yes,34,33,12/0/21/11/1/0/11/1/0,12/0/21/11/1/0/11/1/0,,,no,match
reeflective__readline,syft,2,2,4,4,12,12,yes,13,12,8/0/4/2/6/0/4/4/0,8/0/4/2/6/0/4/4/0,,,no,match
reeflective__readline,trivy,2,2,4,4,12,12,yes,13,12,8/0/4/2/6/0/4/4/0,8/0/4/2/6/0/4/4/0,,,no,match
reeflective__readline,cdxgen,2,2,4,4,12,12,yes,13,12,2/0/10/2/0/0/2/0/2,2/0/10/2/0/0/2/0/2,,,no,match
reeflective__readline,cyclonedx-gomod,2,2,4,4,12,12,yes,13,12,2/0/10/2/0/0/2/0/2,2/0/10/2/0/0/2/0/2,,,no,match
rekby__fastuuid,syft,1,1,5,5,7,7,yes,8,7,6/9/1/1/14/0/5/10/0,6/9/1/1/14/0/5/10/0,,,no,match
rekby__fastuuid,trivy,1,1,5,5,7,7,yes,8,7,6/7/1/1/12/0/5/8/0,6/7/1/1/12/0/5/8/0,,,no,match
rekby__fastuuid,cdxgen,1,1,5,5,7,7,yes,8,7,1/0/6/1/0/0/1/0/4,1/0/6/1/0/0/1/0/4,,,no,match
rekby__fastuuid,cyclonedx-gomod,1,1,5,5,7,7,yes,8,7,1/0/6/1/0/0/1/0/4,1/0/6/1/0/0/1/0/4,,,no,match
rekby__lets-proxy2,syft,43,43,43,43,124,124,yes,125,124,52/0/72/43/9/0/43/9/0,52/0/72/43/9/0/43/9/0,,,no,match
rekby__lets-proxy2,trivy,43,43,43,43,124,124,yes,125,124,45/0/79/43/2/0/43/2/0,45/0/79/43/2/0/43/2/0,,,no,match
rekby__lets-proxy2,cdxgen,43,43,43,43,124,124,yes,125,124,45/0/79/43/2/0/43/2/0,45/0/79/43/2/0/43/2/0,,,no,match
rekby__lets-proxy2,cyclonedx-gomod,43,43,43,43,124,124,yes,125,124,45/0/79/43/2/0/43/2/0,45/0/79/43/2/0/43/2/0,,,no,match
rekurt__go-propisyu,syft,1,1,5,5,7,7,yes,8,7,6/0/1/1/5/0/5/1/0,6/0/1/1/5/0/5/1/0,,,no,match
rekurt__go-propisyu,trivy,1,1,5,5,7,7,yes,8,7,5/0/2/1/4/0/5/0/0,5/0/2/1/4/0/5/0/0,,,no,match
rekurt__go-propisyu,cdxgen,1,1,5,5,7,7,yes,8,7,1/0/6/1/0/0/1/0/4,1/0/6/1/0/0/1/0/4,,,no,match
rekurt__go-propisyu,cyclonedx-gomod,1,1,5,5,7,7,yes,8,7,1/0/6/1/0/0/1/0/4,1/0/6/1/0/0/1/0/4,,,no,match
rekurt__ymsdk,syft,2,2,2,2,8,8,yes,9,8,7/0/1/2/5/0/2/5/0,7/0/1/2/5/0/2/5/0,,,no,match
rekurt__ymsdk,trivy,2,2,2,2,8,8,yes,9,8,2/0/6/2/0/0/2/0/0,2/0/6/2/0/0/2/0/0,,,no,match
rekurt__ymsdk,cdxgen,2,2,2,2,8,8,yes,9,8,2/0/6/2/0/0/2/0/0,2/0/6/2/0/0/2/0/0,,,no,match
rekurt__ymsdk,cyclonedx-gomod,2,2,2,2,8,8,yes,9,8,2/0/6/2/0/0/2/0/0,2/0/6/2/0/0/2/0/0,,,no,match
restic__restic,syft,85,85,86,86,284,284,yes,285,284,122/0/162/85/37/0/86/36/0,122/0/162/85/37/0/86/36/0,,,no,match
restic__restic,trivy,85,85,86,86,284,284,yes,285,284,93/0/191/85/8/0/86/7/0,93/0/191/85/8/0/86/7/0,,,no,match
restic__restic,cdxgen,85,85,86,86,284,284,yes,285,284,85/0/199/85/0/0/85/0/1,85/0/199/85/0/0/85/0/1,,,no,match
restic__restic,cyclonedx-gomod,85,85,86,86,284,284,yes,285,284,92/0/192/85/7/0/85/7/1,92/0/192/85/7/0/85/7/1,,,no,match
reugn__wifiqr,syft,5,5,5,5,13,13,yes,14,13,9/0/4/5/4/0/5/4/0,9/0/4/5/4/0/5/4/0,,,no,match
reugn__wifiqr,trivy,5,5,5,5,13,13,yes,14,13,7/0/6/5/2/0/5/2/0,7/0/6/5/2/0/5/2/0,,,no,match
reugn__wifiqr,cdxgen,5,5,5,5,13,13,yes,14,13,5/0/8/5/0/0/5/0/0,5/0/8/5/0/0/5/0/0,,,no,match
reugn__wifiqr,cyclonedx-gomod,5,5,5,5,13,13,yes,14,13,7/0/6/5/2/0/5/2/0,7/0/6/5/2/0/5/2/0,,,no,match
revel__revel,syft,17,17,21,21,27,27,yes,28,27,24/0/3/17/7/0/21/3/0,24/0/3/17/7/0/21/3/0,,,no,match
revel__revel,trivy,17,17,21,21,27,27,yes,28,27,23/0/4/17/6/0/21/2/0,23/0/4/17/6/0/21/2/0,,,no,match
revel__revel,cdxgen,17,17,21,21,27,27,yes,28,27,17/0/10/17/0/0/17/0/4,17/0/10/17/0/0/17/0/4,,,no,match
revel__revel,cyclonedx-gomod,17,17,21,21,27,27,yes,28,27,17/0/10/17/0/0/17/0/4,17/0/10/17/0/0/17/0/4,,,no,match
richardwilkes__unison,syft,14,14,14,14,24,24,yes,25,24,20/0/4/14/6/0/14/6/0,20/0/4/14/6/0/14/6/0,,,no,match
richardwilkes__unison,trivy,14,14,14,14,24,24,yes,25,24,17/0/7/14/3/0/14/3/0,17/0/7/14/3/0/14/3/0,,,no,match
richardwilkes__unison,cdxgen,14,14,14,14,24,24,yes,25,24,14/0/10/14/0/0/14/0/0,14/0/10/14/0/0/14/0/0,,,no,match
richardwilkes__unison,cyclonedx-gomod,14,14,14,14,24,24,yes,25,24,17/0/7/14/3/0/14/3/0,17/0/7/14/3/0/14/3/0,,,no,match
rickb777__date,syft,4,4,4,4,10,10,yes,11,10,7/0/3/4/3/0/4/3/0,7/0/3/4/3/0/4/3/0,,,no,match
rickb777__date,trivy,4,4,4,4,10,10,yes,11,10,5/0/5/4/1/0/4/1/0,5/0/5/4/1/0/4/1/0,,,no,match
rickb777__date,cdxgen,4,4,4,4,10,10,yes,11,10,4/0/6/4/0/0/4/0/0,4/0/6/4/0/0/4/0/0,,,no,match
rickb777__date,cyclonedx-gomod,4,4,4,4,10,10,yes,11,10,5/0/5/4/1/0/4/1/0,5/0/5/4/1/0/4/1/0,,,no,match
rinchsan__device-check-go,syft,2,2,2,2,6,6,yes,7,6,5/0/1/2/3/0/2/3/0,5/0/1/2/3/0/2/3/0,,,no,match
rinchsan__device-check-go,trivy,2,2,2,2,6,6,yes,7,6,6/0/0/2/4/0/2/4/0,6/0/0/2/4/0/2/4/0,,,no,match
rinchsan__device-check-go,cdxgen,2,2,2,2,6,6,yes,7,6,2/0/4/2/0/0/2/0/0,2/0/4/2/0/0/2/0/0,,,no,match
rinchsan__device-check-go,cyclonedx-gomod,2,2,2,2,6,6,yes,7,6,2/0/4/2/0/0/2/0/0,2/0/4/2/0/0/2/0/0,,,no,match
rjeczalik__interfaces,syft,1,1,1,1,6,6,yes,7,6,1/0/5/1/0/0/1/0/0,1/0/5/1/0/0/1/0/0,,,no,match
rjeczalik__interfaces,trivy,1,1,1,1,6,6,yes,7,6,6/0/0/1/5/0/1/5/0,6/0/0/1/5/0/1/5/0,,,no,match
rjeczalik__interfaces,cdxgen,1,1,1,1,6,6,yes,7,6,1/0/5/1/0/0/1/0/0,1/0/5/1/0/0/1/0/0,,,no,match
rjeczalik__interfaces,cyclonedx-gomod,1,1,1,1,6,6,yes,7,6,1/0/5/1/0/0/1/0/0,1/0/5/1/0/0/1/0/0,,,no,match
rjeczalik__notify,syft,1,1,1,1,1,1,yes,2,1,1/0/0/1/0/0/1/0/0,1/0/0/1/0/0/1/0/0,,,no,match
rjeczalik__notify,trivy,1,1,1,1,1,1,yes,2,1,1/0/0/1/0/0/1/0/0,1/0/0/1/0/0/1/0/0,,,no,match
rjeczalik__notify,cdxgen,1,1,1,1,1,1,yes,2,1,1/0/0/1/0/0/1/0/0,1/0/0/1/0/0/1/0/0,,,no,match
rjeczalik__notify,cyclonedx-gomod,1,1,1,1,1,1,yes,2,1,1/0/0/1/0/0/1/0/0,1/0/0/1/0/0/1/0/0,,,no,match
robfig__soy,syft,4,4,8,8,25,25,yes,26,25,15/0/10/4/11/0/8/7/0,15/0/10/4/11/0/8/7/0,,,no,match
robfig__soy,trivy,4,4,8,8,25,25,yes,26,25,25/0/0/4/21/0/8/17/0,25/0/0/4/21/0/8/17/0,,,no,match
robfig__soy,cdxgen,4,4,8,8,25,25,yes,26,25,4/0/21/4/0/0/4/0/4,4/0/21/4/0/0/4/0/4,,,no,match
robfig__soy,cyclonedx-gomod,4,4,8,8,25,25,yes,26,25,4/0/21/4/0/0/4/0/4,4/0/21/4/0/0/4/0/4,,,no,match
robinjoseph08__go-pg-migrations,syft,11,11,15,15,74,74,yes,75,74,44/0/30/11/33/0/15/29/0,44/0/30/11/33/0/15/29/0,,,no,match
robinjoseph08__go-pg-migrations,trivy,11,11,15,15,74,74,yes,75,74,32/0/42/11/21/0/15/17/0,32/0/42/11/21/0/15/17/0,,,no,match
robinjoseph08__go-pg-migrations,cdxgen,11,11,15,15,74,74,yes,75,74,11/0/63/11/0/0/11/0/4,11/0/63/11/0/0/11/0/4,,,no,match
robinjoseph08__go-pg-migrations,cyclonedx-gomod,11,11,15,15,74,74,yes,75,74,28/0/46/11/17/0/11/17/4,28/0/46/11/17/0/11/17/4,,,no,match
robinjoseph08__redisqueue,syft,2,2,6,6,40,40,yes,41,40,30/0/10/2/28/0/6/24/0,30/0/10/2/28/0/6/24/0,,,no,match
robinjoseph08__redisqueue,trivy,2,2,6,6,40,40,yes,41,40,40/0/0/2/38/0/6/34/0,40/0/0/2/38/0/6/34/0,,,no,match
robinjoseph08__redisqueue,cdxgen,2,2,6,6,40,40,yes,41,40,2/0/38/2/0/0/2/0/4,2/0/38/2/0/0/2/0/4,,,no,match
robinjoseph08__redisqueue,cyclonedx-gomod,2,2,6,6,40,40,yes,41,40,17/0/23/2/15/0/3/14/3,17/0/23/2/15/0/3/14/3,,,no,match
roblillack__spot,syft,1,1,1,1,3,3,yes,4,3,2/0/1/1/1/0/1/1/0,2/0/1/1/1/0/1/1/0,,,no,match
roblillack__spot,trivy,1,1,1,1,3,3,yes,4,3,2/0/1/1/1/0/1/1/0,2/0/1/1/1/0/1/1/0,,,no,match
roblillack__spot,cdxgen,1,1,1,1,3,3,yes,4,3,1/0/2/1/0/0/1/0/0,1/0/2/1/0/0/1/0/0,,,no,match
roblillack__spot,cyclonedx-gomod,1,1,1,1,3,3,yes,4,3,1/0/2/1/0/0/1/0/0,1/0/2/1/0/0/1/0/0,,,no,match
rocketlaunchr__dataframe-go,syft,45,45,48,48,197,197,yes,198,197,74/0/123/45/29/0/48/26/0,74/0/123/45/29/0/48/26/0,,,no,match
rocketlaunchr__dataframe-go,trivy,45,45,48,48,197,197,yes,198,197,197/0/0/45/152/0/48/149/0,197/0/0/45/152/0/48/149/0,,,no,match
rocketlaunchr__dataframe-go,cdxgen,45,45,48,48,197,197,yes,198,197,45/0/152/45/0/0/45/0/3,45/0/152/45/0/0/45/0/3,,,no,match
rocketlaunchr__dataframe-go,cyclonedx-gomod,45,45,48,48,197,197,yes,198,197,44/0/153/44/0/1/44/0/4,44/0/153/44/0/1/44/0/4,,,no,match
rocketlaunchr__dbq,syft,5,5,7,7,77,77,yes,78,77,35/2/42/5/32/0/7/30/0,35/2/42/5/32/0/7/30/0,,,no,match
rocketlaunchr__dbq,trivy,5,5,7,7,77,77,yes,78,77,77/2/0/5/74/0/7/72/0,77/2/0/5/74/0/7/72/0,,,no,match
rocketlaunchr__dbq,cdxgen,5,5,7,7,77,77,yes,78,77,5/1/72/5/1/0/5/1/2,5/1/72/5/1/0/5/1/2,,,no,match
rocketlaunchr__dbq,cyclonedx-gomod,5,5,7,7,77,77,yes,78,77,5/0/72/5/0/0/5/0/2,5/0/72/5/0/0/5/0/2,,,no,match
rogerwelin__cassowary,syft,33,33,33,33,133,133,yes,134,133,44/0/89/33/11/0/33/11/0,44/0/89/33/11/0/33/11/0,,,no,match
rogerwelin__cassowary,trivy,33,33,33,33,133,133,yes,134,133,33/0/100/33/0/0/33/0/0,33/0/100/33/0/0/33/0/0,,,no,match
rogerwelin__cassowary,cdxgen,33,33,33,33,133,133,yes,134,133,33/0/100/33/0/0/33/0/0,33/0/100/33/0/0/33/0/0,,,no,match
rogerwelin__cassowary,cyclonedx-gomod,33,33,33,33,133,133,yes,134,133,33/0/100/33/0/0/33/0/0,33/0/100/33/0/0/33/0/0,,,no,match
romshark__sched,syft,3,3,7,7,15,15,yes,16,15,9/0/6/3/6/0/7/2/0,9/0/6/3/6/0/7/2/0,,,no,match
romshark__sched,trivy,3,3,7,7,15,15,yes,16,15,7/0/8/3/4/0/7/0/0,7/0/8/3/4/0/7/0/0,,,no,match
romshark__sched,cdxgen,3,3,7,7,15,15,yes,16,15,3/0/12/3/0/0/3/0/4,3/0/12/3/0/0/3/0/4,,,no,match
romshark__sched,cyclonedx-gomod,3,3,7,7,15,15,yes,16,15,3/0/12/3/0/0/3/0/4,3/0/12/3/0/0/3/0/4,,,no,match
romshark__yamagiconf,syft,9,9,12,12,23,23,yes,24,23,17/0/6/9/8/0/12/5/0,17/0/6/9/8/0/12/5/0,,,no,match
romshark__yamagiconf,trivy,9,9,12,12,23,23,yes,24,23,13/0/10/9/4/0/12/1/0,13/0/10/9/4/0/12/1/0,,,no,match
romshark__yamagiconf,cdxgen,9,9,12,12,23,23,yes,24,23,9/0/14/9/0/0/9/0/3,9/0/14/9/0/0/9/0/3,,,no,match
romshark__yamagiconf,cyclonedx-gomod,9,9,12,12,23,23,yes,24,23,9/0/14/9/0/0/9/0/3,9/0/14/9/0/0/9/0/3,,,no,match
rookie-ninja__rk-boot,syft,34,34,37,37,168,168,yes,169,168,84/126/84/34/176/0/37/173/0,84/126/84/34/176/0/37/173/0,,,no,match
rookie-ninja__rk-boot,trivy,34,34,37,37,168,168,yes,169,168,75/108/93/34/149/0/37/146/0,75/108/93/34/149/0/37/146/0,,,no,match
rookie-ninja__rk-boot,cdxgen,34,34,37,37,168,168,yes,169,168,NA,NA,,,no,match
rookie-ninja__rk-boot,cyclonedx-gomod,34,34,37,37,168,168,yes,169,168,37/0/131/34/3/0/34/3/3,37/0/131/34/3/0/34/3/3,,,no,match
rookie-ninja__rk-gin,syft,67,67,70,70,212,212,yes,213,212,91/0/121/67/24/0/70/21/0,91/0/121/67/24/0/70/21/0,,,no,match
rookie-ninja__rk-gin,trivy,67,67,70,70,212,212,yes,213,212,82/0/130/67/15/0/70/12/0,82/0/130/67/15/0/70/12/0,,,no,match
rookie-ninja__rk-gin,cdxgen,67,67,70,70,212,212,yes,213,212,67/0/145/67/0/0/67/0/3,67/0/145/67/0/0/67/0/3,,,no,match
rookie-ninja__rk-gin,cyclonedx-gomod,67,67,70,70,212,212,yes,213,212,79/0/133/67/12/0/67/12/3,79/0/133/67/12/0/67/12/3,,,no,match
rookie-ninja__rk-grpc,syft,61,61,65,65,431,431,yes,432,431,90/1/341/61/30/0/65/26/0,90/1/341/61/30/0/65/26/0,,,no,match
rookie-ninja__rk-grpc,trivy,61,61,65,65,431,431,yes,432,431,69/1/362/61/9/0/65/5/0,69/1/362/61/9/0/65/5/0,,,no,match
rookie-ninja__rk-grpc,cdxgen,61,61,65,65,431,431,yes,432,431,61/0/370/61/0/0/61/0/4,61/0/370/61/0/0/61/0/4,,,no,match
rookie-ninja__rk-grpc,cyclonedx-gomod,61,61,65,65,431,431,yes,432,431,64/0/367/60/4/1/60/4/5,64/0/367/60/4/1/60/4/5,,,no,match
root-gg__plik,syft,113,113,113,113,348,348,yes,349,348,140/0/208/113/27/0/113/27/0,140/0/208/113/27/0/113/27/0,,,no,match
root-gg__plik,trivy,113,113,113,113,348,348,yes,349,348,117/0/231/113/4/0/113/4/0,117/0/231/113/4/0/113/4/0,,,no,match
root-gg__plik,cdxgen,113,113,113,113,348,348,yes,349,348,117/0/231/113/4/0/113/4/0,117/0/231/113/4/0/113/4/0,,,no,match
root-gg__plik,cyclonedx-gomod,113,113,113,113,348,348,yes,349,348,115/0/233/113/2/0/113/2/0,115/0/233/113/2/0/113/2/0,,,no,match
roseduan__rosedb,syft,6,6,10,10,17,17,yes,18,17,14/0/3/6/8/0/10/4/0,14/0/3/6/8/0/10/4/0,,,no,match
roseduan__rosedb,trivy,6,6,10,10,17,17,yes,18,17,13/0/4/6/7/0/10/3/0,13/0/4/6/7/0/10/3/0,,,no,match
roseduan__rosedb,cdxgen,6,6,10,10,17,17,yes,18,17,6/0/11/6/0/0/6/0/4,6/0/11/6/0/0/6/0/4,,,no,match
roseduan__rosedb,cyclonedx-gomod,6,6,10,10,17,17,yes,18,17,7/0/10/6/1/0/6/1/4,7/0/10/6/1/0/6/1/4,,,no,match
rqlite__rqlite,syft,84,84,84,84,211,211,yes,212,211,104/1/107/82/23/2/82/23/2,104/1/107/82/23/2/82/23/2,,,no,match
rqlite__rqlite,trivy,84,84,84,84,211,211,yes,212,211,83/1/128/82/2/2/82/2/2,83/1/128/82/2/2/82/2/2,,,no,match
rqlite__rqlite,cdxgen,84,84,84,84,211,211,yes,212,211,84/0/127/84/0/0/84/0/0,84/0/127/84/0/0/84/0/0,,,no,match
rqlite__rqlite,cyclonedx-gomod,84,84,84,84,211,211,yes,212,211,81/1/130/80/2/4/80/2/4,81/1/130/80/2/4/80/2/4,,,no,match
rs__zerolog,syft,6,6,6,6,7,7,yes,8,7,6/4/1/6/4/0/6/4/0,6/4/1/6/4/0/6/4/0,,,no,match
rs__zerolog,trivy,6,6,6,6,7,7,yes,8,7,6/10/1/6/10/0/6/10/0,6/10/1/6/10/0/6/10/0,,,no,match
rs__zerolog,cdxgen,6,6,6,6,7,7,yes,8,7,6/1/1/6/1/0/6/1/0,6/1/1/6/1/0/6/1/0,,,no,match
rs__zerolog,cyclonedx-gomod,6,6,6,6,7,7,yes,8,7,6/0/1/6/0/0/6/0/0,6/0/1/6/0/0/6/0/0,,,no,match
rsteube__carapace,syft,4,4,4,4,11,11,yes,12,11,8/2/3/4/6/0/4/6/0,8/2/3/4/6/0/4/6/0,,,no,match
rsteube__carapace,trivy,4,4,4,4,11,11,yes,12,11,7/2/4/4/5/0/4/5/0,7/2/4/4/5/0/4/5/0,,,no,match
rsteube__carapace,cdxgen,4,4,4,4,11,11,yes,12,11,NA,NA,,,no,match
rsteube__carapace,cyclonedx-gomod,4,4,4,4,11,11,yes,12,11,6/1/5/3/4/1/3/4/1,6/1/5/3/4/1/3/4/1,,,no,match
rsteube__carapace-bin,syft,17,17,17,17,27,27,yes,28,27,20/2/7/15/7/2/15/7/2,20/2/7/15/7/2/15/7/2,,,no,match
rsteube__carapace-bin,trivy,17,17,17,17,27,27,yes,28,27,16/2/11/15/3/2/15/3/2,16/2/11/15/3/2/15/3/2,,,no,match
rsteube__carapace-bin,cdxgen,17,17,17,17,27,27,yes,28,27,17/0/10/17/0/0/17/0/0,17/0/10/17/0/0/17/0/0,,,no,match
rsteube__carapace-bin,cyclonedx-gomod,17,17,17,17,27,27,yes,28,27,16/2/11/15/3/2/15/3/2,16/2/11/15/3/2/15/3/2,,,no,match
rsteube__carapace-spec,syft,5,5,5,5,20,20,yes,21,20,17/1/3/5/13/0/5/13/0,17/1/3/5/13/0/5/13/0,,,no,match
rsteube__carapace-spec,trivy,5,5,5,5,20,20,yes,21,20,13/1/7/5/9/0/5/9/0,13/1/7/5/9/0/5/9/0,,,no,match
rsteube__carapace-spec,cdxgen,5,5,5,5,20,20,yes,21,20,11/0/9/5/6/0/5/6/0,11/0/9/5/6/0/5/6/0,,,no,match
rsteube__carapace-spec,cyclonedx-gomod,5,5,5,5,20,20,yes,21,20,12/1/8/4/9/1/4/9/1,12/1/8/4/9/1/4/9/1,,,no,match
rubenv__sql-migrate,syft,30,30,34,34,71,71,yes,72,71,47/0/24/30/17/0/34/13/0,47/0/24/30/17/0/34/13/0,,,no,match
rubenv__sql-migrate,trivy,30,30,34,34,71,71,yes,72,71,40/0/31/30/10/0/34/6/0,40/0/31/30/10/0/34/6/0,,,no,match
rubenv__sql-migrate,cdxgen,30,30,34,34,71,71,yes,72,71,30/0/41/30/0/0/30/0/4,30/0/41/30/0/0/30/0/4,,,no,match
rubenv__sql-migrate,cyclonedx-gomod,30,30,34,34,71,71,yes,72,71,36/0/35/30/6/0/30/6/4,36/0/35/30/6/0/30/6/4,,,no,match
rubyist__circuitbreaker,syft,2,2,3,3,3,3,yes,4,3,3/0/0/2/1/0/3/0/0,3/0/0/2/1/0/3/0/0,,,no,match
rubyist__circuitbreaker,trivy,2,2,3,3,3,3,yes,4,3,3/0/0/2/1/0/3/0/0,3/0/0/2/1/0/3/0/0,,,no,match
rubyist__circuitbreaker,cdxgen,2,2,3,3,3,3,yes,4,3,2/0/1/2/0/0/2/0/1,2/0/1/2/0/0/2/0/1,,,no,match
rubyist__circuitbreaker,cyclonedx-gomod,2,2,3,3,3,3,yes,4,3,2/0/1/2/0/0/2/0/1,2/0/1/2/0/0/2/0/1,,,no,match
rueian__rueidis,syft,1,1,6,6,37,37,yes,38,37,30/27/7/1/56/0/6/51/0,30/27/7/1/56/0/6/51/0,,,no,match
rueian__rueidis,trivy,1,1,6,6,37,37,yes,38,37,16/22/21/1/37/0/6/32/0,16/22/21/1/37/0/6/32/0,,,no,match
rueian__rueidis,cdxgen,1,1,6,6,37,37,yes,38,37,2/11/35/1/12/0/1/12/5,2/11/35/1/12/0/1/12/5,,,no,match
rueian__rueidis,cyclonedx-gomod,1,1,6,6,37,37,yes,38,37,1/0/36/1/0/0/1/0/5,1/0/36/1/0/0/1/0/5,,,no,match
rulego__rulego,syft,18,18,18,18,37,37,yes,38,37,26/240/11/18/248/0/18/248/0,26/240/11/18/248/0/18/248/0,,,no,match
rulego__rulego,trivy,18,18,18,18,37,37,yes,38,37,22/229/15/18/233/0/18/233/0,22/229/15/18/233/0/18/233/0,,,no,match
rulego__rulego,cdxgen,18,18,18,18,37,37,yes,38,37,19/15/18/18/16/0/18/16/0,19/15/18/18/16/0/18/16/0,,,no,match
rulego__rulego,cyclonedx-gomod,18,18,18,18,37,37,yes,38,37,19/0/18/18/1/0/18/1/0,19/0/18/18/1/0/18/1/0,,,no,match
rulego__streamsql,syft,1,1,5,5,7,7,yes,8,7,6/0/1/1/5/0/5/1/0,6/0/1/1/5/0/5/1/0,,,no,match
rulego__streamsql,trivy,1,1,5,5,7,7,yes,8,7,5/0/2/1/4/0/5/0/0,5/0/2/1/4/0/5/0/0,,,no,match
rulego__streamsql,cdxgen,1,1,5,5,7,7,yes,8,7,1/0/6/1/0/0/1/0/4,1/0/6/1/0/0/1/0/4,,,no,match
rulego__streamsql,cyclonedx-gomod,1,1,5,5,7,7,yes,8,7,1/0/6/1/0/0/1/0/4,1/0/6/1/0/0/1/0/4,,,no,match
rushteam__gosql,syft,1,1,2,2,2,2,yes,3,2,2/0/0/1/1/0/2/0/0,2/0/0/1/1/0/2/0/0,,,no,match
rushteam__gosql,trivy,1,1,2,2,2,2,yes,3,2,2/0/0/1/1/0/2/0/0,2/0/0/1/1/0/2/0/0,,,no,match
rushteam__gosql,cdxgen,1,1,2,2,2,2,yes,3,2,1/0/1/1/0/0/1/0/1,1/0/1/1/0/0/1/0/1,,,no,match
rushteam__gosql,cyclonedx-gomod,1,1,2,2,2,2,yes,3,2,1/0/1/1/0/0/1/0/1,1/0/1/1/0/0/1/0/1,,,no,match
s0ders__go-semver-release,syft,36,36,39,39,70,70,yes,71,70,56/0/14/36/20/0/39/17/0,56/0/14/36/20/0/39/17/0,,,no,match
s0ders__go-semver-release,trivy,36,36,39,39,70,70,yes,71,70,42/0/28/36/6/0/39/3/0,42/0/28/36/6/0/39/3/0,,,no,match
s0ders__go-semver-release,cdxgen,36,36,39,39,70,70,yes,71,70,36/0/34/36/0/0/36/0/3,36/0/34/36/0/0/36/0/3,,,no,match
s0ders__go-semver-release,cyclonedx-gomod,36,36,39,39,70,70,yes,71,70,38/0/32/36/2/0/36/2/3,38/0/32/36/2/0/36/2/3,,,no,match
s0rg__crawley,syft,4,4,4,4,9,9,yes,10,9,5/0/4/4/1/0/4/1/0,5/0/4/4/1/0/4/1/0,,,no,match
s0rg__crawley,trivy,4,4,4,4,9,9,yes,10,9,5/0/4/4/1/0/4/1/0,5/0/4/4/1/0/4/1/0,,,no,match
s0rg__crawley,cdxgen,4,4,4,4,9,9,yes,10,9,4/0/5/4/0/0/4/0/0,4/0/5/4/0/0/4/0/0,,,no,match
s0rg__crawley,cyclonedx-gomod,4,4,4,4,9,9,yes,10,9,4/0/5/4/0/0/4/0/0,4/0/5/4/0/0/4/0/0,,,no,match
s0rg__decompose,syft,26,26,26,26,69,69,yes,70,69,57/0/12/26/31/0/26/31/0,57/0/12/26/31/0/26/31/0,,,no,match
s0rg__decompose,trivy,26,26,26,26,69,69,yes,70,69,35/0/34/26/9/0/26/9/0,35/0/34/26/9/0/26/9/0,,,no,match
s0rg__decompose,cdxgen,26,26,26,26,69,69,yes,70,69,26/0/43/26/0/0/26/0/0,26/0/43/26/0/0/26/0/0,,,no,match
s0rg__decompose,cyclonedx-gomod,26,26,26,26,69,69,yes,70,69,27/0/42/26/1/0/26/1/0,27/0/42/26/1/0/26/1/0,,,no,match
s0rg__fantasyname,syft,1,1,1,1,4,4,yes,5,4,1/0/3/1/0/0/1/0/0,1/0/3/1/0/0/1/0/0,,,no,match
s0rg__fantasyname,trivy,1,1,1,1,4,4,yes,5,4,1/0/3/1/0/0/1/0/0,1/0/3/1/0/0/1/0/0,,,no,match
s0rg__fantasyname,cdxgen,1,1,1,1,4,4,yes,5,4,1/0/3/1/0/0/1/0/0,1/0/3/1/0/0/1/0/0,,,no,match
s0rg__fantasyname,cyclonedx-gomod,1,1,1,1,4,4,yes,5,4,1/0/3/1/0/0/1/0/0,1/0/3/1/0/0/1/0/0,,,no,match
s0rg__grid,syft,6,6,6,6,12,12,yes,13,12,6/0/6/6/0/0/6/0/0,6/0/6/6/0/0/6/0/0,,,no,match
s0rg__grid,trivy,6,6,6,6,12,12,yes,13,12,6/0/6/6/0/0/6/0/0,6/0/6/6/0/0/6/0/0,,,no,match
s0rg__grid,cdxgen,6,6,6,6,12,12,yes,13,12,6/0/6/6/0/0/6/0/0,6/0/6/6/0/0/6/0/0,,,no,match
s0rg__grid,cyclonedx-gomod,6,6,6,6,12,12,yes,13,12,6/0/6/6/0/0/6/0/0,6/0/6/6/0/0/6/0/0,,,no,match
safedep__vet,syft,437,437,437,437,1132,1132,yes,1133,1132,572/1/560/437/136/0/437/136/0,572/1/560/437/136/0/437/136/0,,,no,match
safedep__vet,trivy,437,437,437,437,1132,1132,yes,1133,1132,NA,NA,,,no,match
safedep__vet,cdxgen,437,437,437,437,1132,1132,yes,1133,1132,437/0/695/437/0/0/437/0/0,437/0/695/437/0/0/437/0/0,,,no,match
safedep__vet,cyclonedx-gomod,437,437,437,437,1132,1132,yes,1133,1132,479/0/653/437/42/0/437/42/0,479/0/653/437/42/0/437/42/0,,,no,match
sagikazarmark__modern-go-application,syft,82,82,86,86,289,289,yes,290,289,107/0/182/82/25/0/86/21/0,107/0/182/82/25/0/86/21/0,,,no,match
sagikazarmark__modern-go-application,trivy,82,82,86,86,289,289,yes,290,289,90/0/199/82/8/0/86/4/0,90/0/199/82/8/0/86/4/0,,,no,match
sagikazarmark__modern-go-application,cdxgen,82,82,86,86,289,289,yes,290,289,82/0/207/82/0/0/82/0/4,82/0/207/82/0/0/82/0/4,,,no,match
sagikazarmark__modern-go-application,cyclonedx-gomod,82,82,86,86,289,289,yes,290,289,83/0/206/82/1/0/82/1/4,83/0/206/82/1/0/82/1/4,,,no,match
saivedant169__AegisFlow,syft,69,69,72,72,165,165,yes,166,165,94/7/71/69/32/0/72/29/0,94/7/71/69/32/0/72/29/0,,,no,match
saivedant169__AegisFlow,trivy,69,69,72,72,165,165,yes,166,165,72/7/93/69/10/0/72/7/0,72/7/93/69/10/0/72/7/0,,,no,match
saivedant169__AegisFlow,cdxgen,69,69,72,72,165,165,yes,166,165,69/1/96/69/1/0/69/1/3,69/1/96/69/1/0/69/1/3,,,no,match
saivedant169__AegisFlow,cyclonedx-gomod,69,69,72,72,165,165,yes,166,165,68/0/97/68/0/1/68/0/4,68/0/97/68/0/1/68/0/4,,,no,match
samber__do,syft,1,1,6,6,87,87,yes,88,87,69/0/18/1/68/0/6/63/0,69/0/18/1/68/0/6/63/0,,,no,match
samber__do,trivy,1,1,6,6,87,87,yes,88,87,71/0/16/1/70/0/6/65/0,71/0/16/1/70/0/6/65/0,,,no,match
samber__do,cdxgen,1,1,6,6,87,87,yes,88,87,31/0/56/1/30/0/2/29/4,31/0/56/1/30/0/2/29/4,,,no,match
samber__do,cyclonedx-gomod,1,1,6,6,87,87,yes,88,87,63/0/24/1/62/0/2/61/4,63/0/24/1/62/0/2/61/4,,,no,match
samber__lo,syft,1,1,7,7,18,18,yes,19,18,10/1/8/1/10/0/7/4/0,10/1/8/1/10/0/7/4/0,,,no,match
samber__lo,trivy,1,1,7,7,18,18,yes,19,18,10/1/8/1/10/0/7/4/0,10/1/8/1/10/0/7/4/0,,,no,match
samber__lo,cdxgen,1,1,7,7,18,18,yes,19,18,1/0/17/1/0/0/1/0/6,1/0/17/1/0/0/1/0/6,,,no,match
samber__lo,cyclonedx-gomod,1,1,7,7,18,18,yes,19,18,1/0/17/1/0/0/1/0/6,1/0/17/1/0/0/1/0/6,,,no,match
samber__mo,syft,4,4,5,5,16,16,yes,17,16,9/0/7/4/5/0/5/4/0,9/0/7/4/5/0/5/4/0,,,no,match
samber__mo,trivy,4,4,5,5,16,16,yes,17,16,8/0/8/4/4/0/5/3/0,8/0/8/4/4/0/5/3/0,,,no,match
samber__mo,cdxgen,4,4,5,5,16,16,yes,17,16,4/0/12/4/0/0/4/0/1,4/0/12/4/0/0/4/0/1,,,no,match
samber__mo,cyclonedx-gomod,4,4,5,5,16,16,yes,17,16,4/0/12/4/0/0/4/0/1,4/0/12/4/0/0/4/0/1,,,no,match
samber__oops,syft,5,5,10,10,76,76,yes,77,76,57/0/19/5/52/0/10/47/0,57/0/19/5/52/0/10/47/0,,,no,match
samber__oops,trivy,5,5,10,10,76,76,yes,77,76,55/0/21/5/50/0/10/45/0,55/0/21/5/50/0/10/45/0,,,no,match
samber__oops,cdxgen,5,5,10,10,76,76,yes,77,76,25/0/51/5/20/0/6/19/4,25/0/51/5/20/0/6/19/4,,,no,match
samber__oops,cyclonedx-gomod,5,5,10,10,76,76,yes,77,76,47/0/29/5/42/0/6/41/4,47/0/29/5/42/0/6/41/4,,,no,match
samber__ro,syft,3,3,8,8,127,127,yes,128,127,81/46/46/3/124/0/8/119/0,81/46/46/3/124/0/8/119/0,,,no,match
samber__ro,trivy,3,3,8,8,127,127,yes,128,127,80/51/47/3/128/0/8/123/0,80/51/47/3/128/0/8/123/0,,,no,match
samber__ro,cdxgen,3,3,8,8,127,127,yes,128,127,NA,NA,,,no,match
samber__ro,cyclonedx-gomod,3,3,8,8,127,127,yes,128,127,69/0/58/3/66/0/7/62/1,69/0/58/3/66/0/7/62/1,,,no,match
samber__slog-formatter,syft,4,4,10,10,18,18,yes,19,18,13/0/5/4/9/0/10/3/0,13/0/5/4/9/0/10/3/0,,,no,match
samber__slog-formatter,trivy,4,4,10,10,18,18,yes,19,18,11/0/7/4/7/0/10/1/0,11/0/7/4/7/0/10/1/0,,,no,match
samber__slog-formatter,cdxgen,4,4,10,10,18,18,yes,19,18,4/0/14/4/0/0/4/0/6,4/0/14/4/0/0/4/0/6,,,no,match
samber__slog-formatter,cyclonedx-gomod,4,4,10,10,18,18,yes,19,18,4/0/14/4/0/0/4/0/6,4/0/14/4/0/0/4/0/6,,,no,match
samber__slog-multi,syft,3,3,8,8,28,28,yes,29,28,21/0/7/3/18/0/8/13/0,21/0/7/3/18/0/8/13/0,,,no,match
samber__slog-multi,trivy,3,3,8,8,28,28,yes,29,28,17/1/11/3/15/0/8/10/0,17/1/11/3/15/0/8/10/0,,,no,match
samber__slog-multi,cdxgen,3,3,8,8,28,28,yes,29,28,NA,NA,,,no,match
samber__slog-multi,cyclonedx-gomod,3,3,8,8,28,28,yes,29,28,11/0/17/3/8/0/3/8/5,11/0/17/3/8/0/3/8/5,,,no,match
sanbornm__go-selfupdate,syft,1,1,1,1,1,1,yes,2,1,1/0/0/1/0/0/1/0/0,1/0/0/1/0/0/1/0/0,,,no,match
sanbornm__go-selfupdate,trivy,1,1,1,1,1,1,yes,2,1,1/0/0/1/0/0/1/0/0,1/0/0/1/0/0/1/0/0,,,no,match
sanbornm__go-selfupdate,cdxgen,1,1,1,1,1,1,yes,2,1,1/0/0/1/0/0/1/0/0,1/0/0/1/0/0/1/0/0,,,no,match
sanbornm__go-selfupdate,cyclonedx-gomod,1,1,1,1,1,1,yes,2,1,1/0/0/1/0/0/1/0/0,1/0/0/1/0/0/1/0/0,,,no,match
sashamelentyev__usestdlibvars,syft,3,3,3,3,8,8,yes,9,8,4/0/4/3/1/0/3/1/0,4/0/4/3/1/0/3/1/0,,,no,match
sashamelentyev__usestdlibvars,trivy,3,3,3,3,8,8,yes,9,8,3/0/5/3/0/0/3/0/0,3/0/5/3/0/0/3/0/0,,,no,match
sashamelentyev__usestdlibvars,cdxgen,3,3,3,3,8,8,yes,9,8,3/0/5/3/0/0/3/0/0,3/0/5/3/0/0/3/0/0,,,no,match
sashamelentyev__usestdlibvars,cyclonedx-gomod,3,3,3,3,8,8,yes,9,8,2/0/6/2/0/1/2/0/1,2/0/6/2/0/1/2/0/1,,,no,match
savsgio__atreugo,syft,7,7,8,8,14,14,yes,15,14,10/0/4/7/3/0/8/2/0,10/0/4/7/3/0/8/2/0,,,no,match
savsgio__atreugo,trivy,7,7,8,8,14,14,yes,15,14,9/0/5/7/2/0/8/1/0,9/0/5/7/2/0/8/1/0,,,no,match
savsgio__atreugo,cdxgen,7,7,8,8,14,14,yes,15,14,7/0/7/7/0/0/7/0/1,7/0/7/7/0/0/7/0/1,,,no,match
savsgio__atreugo,cyclonedx-gomod,7,7,8,8,14,14,yes,15,14,8/0/6/7/1/0/7/1/1,8/0/6/7/1/0/7/1/1,,,no,match
scaleway__scaleway-cli,syft,194,194,194,194,652,652,yes,653,652,256/0/396/194/62/0/194/62/0,256/0/396/194/62/0/194/62/0,,,no,match
scaleway__scaleway-cli,trivy,194,194,194,194,652,652,yes,653,652,212/0/440/194/18/0/194/18/0,212/0/440/194/18/0/194/18/0,,,no,match
scaleway__scaleway-cli,cdxgen,194,194,194,194,652,652,yes,653,652,194/0/458/194/0/0/194/0/0,194/0/458/194/0/0/194/0/0,,,no,match
scaleway__scaleway-cli,cyclonedx-gomod,194,194,194,194,652,652,yes,653,652,212/0/440/194/18/0/194/18/0,212/0/440/194/18/0/194/18/0,,,no,match
schollz__croc,syft,25,25,29,29,48,48,yes,49,48,34/0/14/25/9/0/29/5/0,34/0/14/25/9/0/29/5/0,,,no,match
schollz__croc,trivy,25,25,29,29,48,48,yes,49,48,29/0/19/25/4/0/29/0/0,29/0/19/25/4/0/29/0/0,,,no,match
schollz__croc,cdxgen,25,25,29,29,48,48,yes,49,48,25/0/23/25/0/0/25/0/4,25/0/23/25/0/0/25/0/4,,,no,match
schollz__croc,cyclonedx-gomod,25,25,29,29,48,48,yes,49,48,25/0/23/25/0/0/25/0/4,25/0/23/25/0/0/25/0/4,,,no,match
schollz__peerdiscovery,syft,2,2,6,6,18,18,yes,19,18,8/5/10/2/11/0/6/7/0,8/5/10/2/11/0/6/7/0,,,no,match
schollz__peerdiscovery,trivy,2,2,6,6,18,18,yes,19,18,18/7/0/2/23/0/6/19/0,18/7/0/2/23/0/6/19/0,,,no,match
schollz__peerdiscovery,cdxgen,2,2,6,6,18,18,yes,19,18,3/3/15/2/4/0/2/4/4,3/3/15/2/4/0/2/4/4,,,no,match
schollz__peerdiscovery,cyclonedx-gomod,2,2,6,6,18,18,yes,19,18,2/0/16/2/0/0/2/0/4,2/0/16/2/0/0/2/0/4,,,no,match
schollz__progressbar,syft,5,5,11,11,14,14,yes,15,14,13/0/1/5/8/0/11/2/0,13/0/1/5/8/0/11/2/0,,,no,match
schollz__progressbar,trivy,5,5,11,11,14,14,yes,15,14,12/0/2/5/7/0/11/1/0,12/0/2/5/7/0/11/1/0,,,no,match
schollz__progressbar,cdxgen,5,5,11,11,14,14,yes,15,14,5/0/9/5/0/0/5/0/6,5/0/9/5/0/0/5/0/6,,,no,match
schollz__progressbar,cyclonedx-gomod,5,5,11,11,14,14,yes,15,14,6/0/8/5/1/0/5/1/6,6/0/8/5/1/0/5/1/6,,,no,match
scigolib__matlab,syft,1,1,5,5,7,7,yes,8,7,6/0/1/1/5/0/5/1/0,6/0/1/1/5/0/5/1/0,,,no,match
scigolib__matlab,trivy,1,1,5,5,7,7,yes,8,7,5/0/2/1/4/0/5/0/0,5/0/2/1/4/0/5/0/0,,,no,match
scigolib__matlab,cdxgen,1,1,5,5,7,7,yes,8,7,1/0/6/1/0/0/1/0/4,1/0/6/1/0/0/1/0/4,,,no,match
scigolib__matlab,cyclonedx-gomod,1,1,5,5,7,7,yes,8,7,1/0/6/1/0/0/1/0/4,1/0/6/1/0/0/1/0/4,,,no,match
sdcoffey__techan,syft,5,5,5,5,7,7,yes,8,7,6/0/1/5/1/0/5/1/0,6/0/1/5/1/0/5/1/0,,,no,match
sdcoffey__techan,trivy,5,5,5,5,7,7,yes,8,7,5/0/2/5/0/0/5/0/0,5/0/2/5/0/0/5/0/0,,,no,match
sdcoffey__techan,cdxgen,5,5,5,5,7,7,yes,8,7,5/0/2/5/0/0/5/0/0,5/0/2/5/0/0/5/0/0,,,no,match
sdcoffey__techan,cyclonedx-gomod,5,5,5,5,7,7,yes,8,7,5/0/2/5/0/0/5/0/0,5/0/2/5/0/0/5/0/0,,,no,match
sdrapkin__guid,syft,1,1,1,1,1,1,yes,2,1,1/0/0/1/0/0/1/0/0,1/0/0/1/0/0/1/0/0,,,no,match
sdrapkin__guid,trivy,1,1,1,1,1,1,yes,2,1,1/0/0/1/0/0/1/0/0,1/0/0/1/0/0/1/0/0,,,no,match
sdrapkin__guid,cdxgen,1,1,1,1,1,1,yes,2,1,1/0/0/1/0/0/1/0/0,1/0/0/1/0/0/1/0/0,,,no,match
sdrapkin__guid,cyclonedx-gomod,1,1,1,1,1,1,yes,2,1,1/0/0/1/0/0/1/0/0,1/0/0/1/0/0/1/0/0,,,no,match
seborama__fuego,syft,3,3,7,7,11,11,yes,12,11,9/0/2/3/6/0/7/2/0,9/0/2/3/6/0/7/2/0,,,no,match
seborama__fuego,trivy,3,3,7,7,11,11,yes,12,11,7/0/4/3/4/0/7/0/0,7/0/4/3/4/0/7/0/0,,,no,match
seborama__fuego,cdxgen,3,3,7,7,11,11,yes,12,11,3/0/8/3/0/0/3/0/4,3/0/8/3/0/0/3/0/4,,,no,match
seborama__fuego,cyclonedx-gomod,3,3,7,7,11,11,yes,12,11,3/0/8/3/0/0/3/0/4,3/0/8/3/0/0/3/0/4,,,no,match
seborama__govcr,syft,16,16,28,28,33,33,yes,34,33,29/0/4/16/13/0/28/1/0,29/0/4/16/13/0/28/1/0,,,no,match
seborama__govcr,trivy,16,16,28,28,33,33,yes,34,33,28/0/5/16/12/0/28/0/0,28/0/5/16/12/0/28/0/0,,,no,match
seborama__govcr,cdxgen,16,16,28,28,33,33,yes,34,33,16/0/17/16/0/0/16/0/12,16/0/17/16/0/0/16/0/12,,,no,match
seborama__govcr,cyclonedx-gomod,16,16,28,28,33,33,yes,34,33,16/0/17/16/0/0/16/0/12,16/0/17/16/0/0/16/0/12,,,no,match
segmentio__golines,syft,18,18,21,21,47,47,yes,48,47,31/0/16/18/13/0/21/10/0,31/0/16/18/13/0/21/10/0,,,no,match
segmentio__golines,trivy,18,18,21,21,47,47,yes,48,47,24/0/23/18/6/0/21/3/0,24/0/23/18/6/0/21/3/0,,,no,match
segmentio__golines,cdxgen,18,18,21,21,47,47,yes,48,47,18/0/29/18/0/0/18/0/3,18/0/29/18/0/0/18/0/3,,,no,match
segmentio__golines,cyclonedx-gomod,18,18,21,21,47,47,yes,48,47,18/0/29/18/0/0/18/0/3,18/0/29/18/0/0/18/0/3,,,no,match
seiflotfy__count-min-log,syft,1,1,1,1,1,1,yes,2,1,1/0/0/1/0/0/1/0/0,1/0/0/1/0/0/1/0/0,,,no,match
seiflotfy__count-min-log,trivy,1,1,1,1,1,1,yes,2,1,1/0/0/1/0/0/1/0/0,1/0/0/1/0/0/1/0/0,,,no,match
seiflotfy__count-min-log,cdxgen,1,1,1,1,1,1,yes,2,1,1/0/0/1/0/0/1/0/0,1/0/0/1/0/0/1/0/0,,,no,match
seiflotfy__count-min-log,cyclonedx-gomod,1,1,1,1,1,1,yes,2,1,1/0/0/1/0/0/1/0/0,1/0/0/1/0/0/1/0/0,,,no,match
seiflotfy__cuckoofilter,syft,1,1,5,5,7,7,yes,8,7,6/0/1/1/5/0/5/1/0,6/0/1/1/5/0/5/1/0,,,no,match
seiflotfy__cuckoofilter,trivy,1,1,5,5,7,7,yes,8,7,7/0/0/1/6/0/5/2/0,7/0/0/1/6/0/5/2/0,,,no,match
seiflotfy__cuckoofilter,cdxgen,1,1,5,5,7,7,yes,8,7,1/0/6/1/0/0/1/0/4,1/0/6/1/0/0/1/0/4,,,no,match
seiflotfy__cuckoofilter,cyclonedx-gomod,1,1,5,5,7,7,yes,8,7,1/0/6/1/0/0/1/0/4,1/0/6/1/0/0/1/0/4,,,no,match
semihalev__sdns,syft,64,64,66,66,112,112,yes,113,112,83/0/29/64/19/0/66/17/0,83/0/29/64/19/0/66/17/0,,,no,match
semihalev__sdns,trivy,64,64,66,66,112,112,yes,113,112,70/0/42/64/6/0/66/4/0,70/0/42/64/6/0/66/4/0,,,no,match
semihalev__sdns,cdxgen,64,64,66,66,112,112,yes,113,112,64/0/48/64/0/0/64/0/2,64/0/48/64/0/0/64/0/2,,,no,match
semihalev__sdns,cyclonedx-gomod,64,64,66,66,112,112,yes,113,112,65/0/47/62/3/2/62/3/4,65/0/47/62/3/2/62/3/4,,,no,match
sensepost__gowitness,syft,89,89,89,89,151,151,yes,152,151,125/0/26/89/36/0/89/36/0,125/0/26/89/36/0/89/36/0,,,no,match
sensepost__gowitness,trivy,89,89,89,89,151,151,yes,152,151,94/0/57/89/5/0/89/5/0,94/0/57/89/5/0/89/5/0,,,no,match
sensepost__gowitness,cdxgen,89,89,89,89,151,151,yes,152,151,89/0/62/89/0/0/89/0/0,89/0/62/89/0/0/89/0/0,,,no,match
sensepost__gowitness,cyclonedx-gomod,89,89,89,89,151,151,yes,152,151,92/0/59/89/3/0/89/3/0,92/0/59/89/3/0/89/3/0,,,no,match
sgreben__flagvar,syft,1,1,1,1,1,1,yes,2,1,1/0/0/1/0/0/1/0/0,1/0/0/1/0/0/1/0/0,,,no,match
sgreben__flagvar,trivy,1,1,1,1,1,1,yes,2,1,1/0/0/1/0/0/1/0/0,1/0/0/1/0/0/1/0/0,,,no,match
sgreben__flagvar,cdxgen,1,1,1,1,1,1,yes,2,1,1/0/0/1/0/0/1/0/0,1/0/0/1/0/0/1/0/0,,,no,match
sgreben__flagvar,cyclonedx-gomod,1,1,1,1,1,1,yes,2,1,1/0/0/1/0/0/1/0/0,1/0/0/1/0/0/1/0/0,,,no,match
shabbyrobe__xmlwriter,syft,1,1,1,1,2,2,yes,3,2,1/0/1/1/0/0/1/0/0,1/0/1/1/0/0/1/0/0,,,no,match
shabbyrobe__xmlwriter,trivy,1,1,1,1,2,2,yes,3,2,2/0/0/1/1/0/1/1/0,2/0/0/1/1/0/1/1/0,,,no,match
shabbyrobe__xmlwriter,cdxgen,1,1,1,1,2,2,yes,3,2,1/0/1/1/0/0/1/0/0,1/0/1/1/0/0/1/0/0,,,no,match
shabbyrobe__xmlwriter,cyclonedx-gomod,1,1,1,1,2,2,yes,3,2,1/0/1/1/0/0/1/0/0,1/0/1/1/0/0/1/0/0,,,no,match
shaj13__go-guardian,syft,19,19,25,25,94,94,yes,95,94,31/0/63/19/12/0/25/6/0,31/0/63/19/12/0/25/6/0,,,no,match
shaj13__go-guardian,trivy,19,19,25,25,94,94,yes,95,94,94/0/0/19/75/0/25/69/0,94/0/0/19/75/0/25/69/0,,,no,match
shaj13__go-guardian,cdxgen,19,19,25,25,94,94,yes,95,94,19/0/75/19/0/0/19/0/6,19/0/75/19/0/0/19/0/6,,,no,match
shaj13__go-guardian,cyclonedx-gomod,19,19,25,25,94,94,yes,95,94,19/0/75/19/0/0/19/0/6,19/0/75/19/0/0/19/0/6,,,no,match
shenwei356__taxonkit,syft,31,31,31,31,74,74,yes,75,74,44/0/30/31/13/0/31/13/0,44/0/30/31/13/0/31/13/0,,,no,match
shenwei356__taxonkit,trivy,31,31,31,31,74,74,yes,75,74,36/0/38/31/5/0/31/5/0,35/0/39/31/4/0/31/4/0,,35/0/39/31/4/0/31/4/0,no,differ
shenwei356__taxonkit,cdxgen,31,31,31,31,74,74,yes,75,74,31/0/43/31/0/0/31/0/0,31/0/43/31/0/0/31/0/0,,31/0/43/31/0/0/31/0/0,no,match
shenwei356__taxonkit,cyclonedx-gomod,31,31,31,31,74,74,yes,75,74,34/0/40/31/3/0/31/3/0,34/0/40/31/3/0/31/3/0,,34/0/40/31/3/0/31/3/0,no,match
sherifabdlnaby__configuro,syft,23,23,23,23,115,115,yes,116,115,115/0/0/23/92/0/23/92/0,115/0/0/23/92/0/23/92/0,,,no,match
sherifabdlnaby__configuro,trivy,23,23,23,23,115,115,yes,116,115,115/0/0/23/92/0/23/92/0,115/0/0/23/92/0/23/92/0,,,no,match
sherifabdlnaby__configuro,cdxgen,23,23,23,23,115,115,yes,116,115,23/0/92/23/0/0/23/0/0,23/0/92/23/0/0/23/0/0,,,no,match
sherifabdlnaby__configuro,cyclonedx-gomod,23,23,23,23,115,115,yes,116,115,23/0/92/23/0/0/23/0/0,23/0/92/23/0/0/23/0/0,,,no,match
shinagawa-web__gomarklint,syft,4,4,4,4,12,12,yes,13,12,5/0/7/4/1/0/4/1/0,5/0/7/4/1/0/4/1/0,,,no,match
shinagawa-web__gomarklint,trivy,4,4,4,4,12,12,yes,13,12,5/0/7/4/1/0/4/1/0,5/0/7/4/1/0/4/1/0,,,no,match
shinagawa-web__gomarklint,cdxgen,4,4,4,4,12,12,yes,13,12,4/0/8/4/0/0/4/0/0,4/0/8/4/0/0/4/0/0,,,no,match
shinagawa-web__gomarklint,cyclonedx-gomod,4,4,4,4,12,12,yes,13,12,5/0/7/4/1/0/4/1/0,5/0/7/4/1/0/4/1/0,,,no,match
shirou__gopsutil,syft,3,3,7,7,16,16,yes,17,16,14/0/2/3/11/0/7/7/0,14/0/2/3/11/0/7/7/0,,,no,match
shirou__gopsutil,trivy,3,3,7,7,16,16,yes,17,16,13/0/3/3/10/0/7/6/0,13/0/3/3/10/0/7/6/0,,,no,match
shirou__gopsutil,cdxgen,3,3,7,7,16,16,yes,17,16,3/0/13/3/0/0/3/0/4,3/0/13/3/0/0/3/0/4,,,no,match
shirou__gopsutil,cyclonedx-gomod,3,3,7,7,16,16,yes,17,16,8/0/8/3/5/0/3/5/4,8/0/8/3/5/0/3/5/4,,,no,match
shomali11__gridder,syft,3,3,7,7,10,10,yes,11,10,8/0/2/3/5/0/7/1/0,8/0/2/3/5/0/7/1/0,,,no,match
shomali11__gridder,trivy,3,3,7,7,10,10,yes,11,10,10/0/0/3/7/0/7/3/0,10/0/0/3/7/0/7/3/0,,,no,match
shomali11__gridder,cdxgen,3,3,7,7,10,10,yes,11,10,3/0/7/3/0/0/3/0/4,3/0/7/3/0/0/3/0/4,,,no,match
shomali11__gridder,cyclonedx-gomod,3,3,7,7,10,10,yes,11,10,3/0/7/3/0/0/3/0/4,3/0/7/3/0/0/3/0/4,,,no,match
shomali11__util,syft,1,1,4,4,4,4,yes,5,4,4/0/0/1/3/0/4/0/0,4/0/0/1/3/0/4/0/0,,,no,match
shomali11__util,trivy,1,1,4,4,4,4,yes,5,4,4/0/0/1/3/0/4/0/0,4/0/0/1/3/0/4/0/0,,,no,match
shomali11__util,cdxgen,1,1,4,4,4,4,yes,5,4,1/0/3/1/0/0/1/0/3,1/0/3/1/0/0/1/0/3,,,no,match
shomali11__util,cyclonedx-gomod,1,1,4,4,4,4,yes,5,4,1/0/3/1/0/0/1/0/3,1/0/3/1/0/0/1/0/3,,,no,match
shomali11__xredis,syft,2,2,6,6,6,6,yes,7,6,6/0/0/2/4/0/6/0/0,6/0/0/2/4/0/6/0/0,,,no,match
shomali11__xredis,trivy,2,2,6,6,6,6,yes,7,6,6/0/0/2/4/0/6/0/0,6/0/0/2/4/0/6/0/0,,,no,match
shomali11__xredis,cdxgen,2,2,6,6,6,6,yes,7,6,2/0/4/2/0/0/2/0/4,2/0/4/2/0/0/2/0/4,,,no,match
shomali11__xredis,cyclonedx-gomod,2,2,6,6,6,6,yes,7,6,2/0/4/2/0/0/2/0/4,2/0/4/2/0/0/2/0/4,,,no,match
shoobyban__sshman,syft,9,9,13,13,176,176,yes,177,176,18/0/158/9/9/0/13/5/0,18/0/158/9/9/0/13/5/0,,,no,match
shoobyban__sshman,trivy,9,9,13,13,176,176,yes,177,176,14/0/162/9/5/0/13/1/0,14/0/162/9/5/0/13/1/0,,,no,match
shoobyban__sshman,cdxgen,9,9,13,13,176,176,yes,177,176,14/0/162/9/5/0/13/1/0,14/0/162/9/5/0/13/1/0,,,no,match
shoobyban__sshman,cyclonedx-gomod,9,9,13,13,176,176,yes,177,176,10/0/166/9/1/0/9/1/4,10/0/166/9/1/0/9/1/4,,,no,match
shopify__toxiproxy,syft,21,21,21,21,52,52,yes,53,52,33/0/19/21/12/0/21/12/0,33/0/19/21/12/0/21/12/0,,,no,match
shopify__toxiproxy,trivy,21,21,21,21,52,52,yes,53,52,22/0/30/21/1/0/21/1/0,22/0/30/21/1/0/21/1/0,,,no,match
shopify__toxiproxy,cdxgen,21,21,21,21,52,52,yes,53,52,21/0/31/21/0/0/21/0/0,21/0/31/21/0/0/21/0/0,,,no,match
shopify__toxiproxy,cyclonedx-gomod,21,21,21,21,52,52,yes,53,52,21/0/31/21/0/0/21/0/0,21/0/31/21/0/0/21/0/0,,,no,match
shoriwe__fullproxy,syft,38,38,38,38,63,63,yes,64,63,50/0/13/38/12/0/38/12/0,50/0/13/38/12/0/38/12/0,,,no,match
shoriwe__fullproxy,trivy,38,38,38,38,63,63,yes,64,63,41/0/22/38/3/0/38/3/0,41/0/22/38/3/0/38/3/0,,,no,match
shoriwe__fullproxy,cdxgen,38,38,38,38,63,63,yes,64,63,38/0/25/38/0/0/38/0/0,38/0/25/38/0/0/38/0/0,,,no,match
shoriwe__fullproxy,cyclonedx-gomod,38,38,38,38,63,63,yes,64,63,38/0/25/38/0/0/38/0/0,38/0/25/38/0/0/38/0/0,,,no,match
shurcooL__githubql,syft,2,2,2,2,3,3,yes,4,3,2/0/1/2/0/0/2/0/0,2/0/1/2/0/0/2/0/0,,,no,match
shurcooL__githubql,trivy,2,2,2,2,3,3,yes,4,3,2/0/1/2/0/0/2/0/0,2/0/1/2/0/0/2/0/0,,,no,match
shurcooL__githubql,cdxgen,2,2,2,2,3,3,yes,4,3,2/0/1/2/0/0/2/0/0,2/0/1/2/0/0/2/0/0,,,no,match
shurcooL__githubql,cyclonedx-gomod,2,2,2,2,3,3,yes,4,3,2/0/1/2/0/0/2/0/0,2/0/1/2/0/0/2/0/0,,,no,match
shurcooL__gostatus,syft,6,6,6,6,6,6,yes,7,6,6/0/0/6/0/0/6/0/0,6/0/0/6/0/0/6/0/0,,,no,match
shurcooL__gostatus,trivy,6,6,6,6,6,6,yes,7,6,6/0/0/6/0/0/6/0/0,6/0/0/6/0/0/6/0/0,,,no,match
shurcooL__gostatus,cdxgen,6,6,6,6,6,6,yes,7,6,6/0/0/6/0/0/6/0/0,6/0/0/6/0/0/6/0/0,,,no,match
shurcooL__gostatus,cyclonedx-gomod,6,6,6,6,6,6,yes,7,6,6/0/0/6/0/0/6/0/0,6/0/0/6/0/0/6/0/0,,,no,match
shurcooL__vfsgen,syft,1,1,5,5,12,12,yes,13,12,5/0/7/1/4/0/5/0/0,5/0/7/1/4/0/5/0/0,,,no,match
shurcooL__vfsgen,trivy,1,1,5,5,12,12,yes,13,12,5/0/7/1/4/0/5/0/0,5/0/7/1/4/0/5/0/0,,,no,match
shurcooL__vfsgen,cdxgen,1,1,5,5,12,12,yes,13,12,1/0/11/1/0/0/1/0/4,1/0/11/1/0/0/1/0/4,,,no,match
shurcooL__vfsgen,cyclonedx-gomod,1,1,5,5,12,12,yes,13,12,2/0/10/1/1/0/2/0/3,2/0/10/1/1/0/2/0/3,,,no,match
siddontang__go-mysql,syft,21,21,22,22,41,41,yes,42,41,28/0/13/21/7/0/22/6/0,28/0/13/21/7/0/22/6/0,,,no,match
siddontang__go-mysql,trivy,21,21,22,22,41,41,yes,42,41,22/0/19/21/1/0/22/0/0,22/0/19/21/1/0/22/0/0,,,no,match
siddontang__go-mysql,cdxgen,21,21,22,22,41,41,yes,42,41,21/0/20/21/0/0/21/0/1,21/0/20/21/0/0/21/0/1,,,no,match
siddontang__go-mysql,cyclonedx-gomod,21,21,22,22,41,41,yes,42,41,21/0/20/21/0/0/21/0/1,21/0/20/21/0/0/21/0/1,,,no,match
siddontang__ledisdb,syft,13,13,13,13,34,34,yes,35,34,33/0/1/13/20/0/13/20/0,33/0/1/13/20/0/13/20/0,,,no,match
siddontang__ledisdb,trivy,13,13,13,13,34,34,yes,35,34,34/0/0/13/21/0/13/21/0,34/0/0/13/21/0/13/21/0,,,no,match
siddontang__ledisdb,cdxgen,13,13,13,13,34,34,yes,35,34,13/0/21/13/0/0/13/0/0,13/0/21/13/0/0/13/0/0,,,no,match
siddontang__ledisdb,cyclonedx-gomod,13,13,13,13,34,34,yes,35,34,13/0/21/13/0/0/13/0/0,13/0/21/13/0/0/13/0/0,,,no,match
sideshow__apns2,syft,7,7,11,11,18,18,yes,19,18,12/0/6/7/5/0/11/1/0,12/0/6/7/5/0/11/1/0,,,no,match
sideshow__apns2,trivy,7,7,11,11,18,18,yes,19,18,11/0/7/7/4/0/11/0/0,11/0/7/7/4/0/11/0/0,,,no,match
sideshow__apns2,cdxgen,7,7,11,11,18,18,yes,19,18,11/0/7/7/4/0/11/0/0,11/0/7/7/4/0/11/0/0,,,no,match
sideshow__apns2,cyclonedx-gomod,7,7,11,11,18,18,yes,19,18,7/0/11/7/0/0/7/0/4,7/0/11/7/0/0/7/0/4,,,no,match
sigstore__cosign,syft,258,258,262,262,787,787,yes,788,787,339/0/448/258/81/0/262/77/0,339/0/448/258/81/0/262/77/0,,,no,match
sigstore__cosign,trivy,258,258,262,262,787,787,yes,788,787,287/0/500/258/29/0/262/25/0,287/0/500/258/29/0/262/25/0,,,no,match
sigstore__cosign,cdxgen,258,258,262,262,787,787,yes,788,787,258/0/529/258/0/0/258/0/4,258/0/529/258/0/0/258/0/4,,,no,match
sigstore__cosign,cyclonedx-gomod,258,258,262,262,787,787,yes,788,787,271/0/516/256/15/2/256/15/6,271/0/516/256/15/2/256/15/6,,,no,match
sinhashubham95__bleep,syft,1,1,1,1,1,1,yes,2,1,1/0/0/1/0/0/1/0/0,1/0/0/1/0/0/1/0/0,,,no,match
sinhashubham95__bleep,trivy,1,1,1,1,1,1,yes,2,1,1/0/0/1/0/0/1/0/0,1/0/0/1/0/0/1/0/0,,,no,match
sinhashubham95__bleep,cdxgen,1,1,1,1,1,1,yes,2,1,1/0/0/1/0/0/1/0/0,1/0/0/1/0/0/1/0/0,,,no,match
sinhashubham95__bleep,cyclonedx-gomod,1,1,1,1,1,1,yes,2,1,1/0/0/1/0/0/1/0/0,1/0/0/1/0/0/1/0/0,,,no,match
sinhashubham95__go-actuator,syft,3,3,7,7,10,10,yes,11,10,8/0/2/3/5/0/7/1/0,8/0/2/3/5/0/7/1/0,,,no,match
sinhashubham95__go-actuator,trivy,3,3,7,7,10,10,yes,11,10,10/0/0/3/7/0/7/3/0,10/0/0/3/7/0/7/3/0,,,no,match
sinhashubham95__go-actuator,cdxgen,3,3,7,7,10,10,yes,11,10,3/0/7/3/0/0/3/0/4,3/0/7/3/0/0/3/0/4,,,no,match
sinhashubham95__go-actuator,cyclonedx-gomod,3,3,7,7,10,10,yes,11,10,3/0/7/3/0/0/3/0/4,3/0/7/3/0/0/3/0/4,,,no,match
sinhashubham95__moxy,syft,21,21,25,25,39,39,yes,40,39,27/0/12/21/6/0/25/2/0,27/0/12/21/6/0/25/2/0,,,no,match
sinhashubham95__moxy,trivy,21,21,25,25,39,39,yes,40,39,39/0/0/21/18/0/25/14/0,39/0/0/21/18/0/25/14/0,,,no,match
sinhashubham95__moxy,cdxgen,21,21,25,25,39,39,yes,40,39,21/0/18/21/0/0/21/0/4,21/0/18/21/0/0/21/0/4,,,no,match
sinhashubham95__moxy,cyclonedx-gomod,21,21,25,25,39,39,yes,40,39,24/0/15/21/3/0/21/3/4,24/0/15/21/3/0/21/3/4,,,no,match
sj14__dbbench,syft,62,62,67,67,247,247,yes,248,247,100/0/147/62/38/0/67/33/0,100/0/147/62/38/0/67/33/0,,,no,match
sj14__dbbench,trivy,62,62,67,67,247,247,yes,248,247,71/0/176/62/9/0/67/4/0,71/0/176/62/9/0/67/4/0,,,no,match
sj14__dbbench,cdxgen,62,62,67,67,247,247,yes,248,247,62/0/185/62/0/0/62/0/5,62/0/185/62/0/0/62/0/5,,,no,match
sj14__dbbench,cyclonedx-gomod,62,62,67,67,247,247,yes,248,247,65/0/182/62/3/0/62/3/5,65/0/182/62/3/0/62/3/5,,,no,match
skeema__skeema,syft,9,9,9,9,14,14,yes,15,14,12/0/2/9/3/0/9/3/0,12/0/2/9/3/0/9/3/0,,,no,match
skeema__skeema,trivy,9,9,9,9,14,14,yes,15,14,10/0/4/9/1/0/9/1/0,10/0/4/9/1/0/9/1/0,,,no,match
skeema__skeema,cdxgen,9,9,9,9,14,14,yes,15,14,10/0/4/9/1/0/9/1/0,10/0/4/9/1/0/9/1/0,,,no,match
skeema__skeema,cyclonedx-gomod,9,9,9,9,14,14,yes,15,14,9/0/5/9/0/0/9/0/0,9/0/5/9/0/0/9/0/0,,,no,match
skibish__ddns,syft,17,17,18,18,119,119,yes,120,119,32/0/87/17/15/0/18/14/0,32/0/87/17/15/0/18/14/0,,,no,match
skibish__ddns,trivy,17,17,18,18,119,119,yes,120,119,23/0/96/17/6/0/18/5/0,23/0/96/17/6/0/18/5/0,,,no,match
skibish__ddns,cdxgen,17,17,18,18,119,119,yes,120,119,17/0/102/17/0/0/17/0/1,17/0/102/17/0/0/17/0/1,,,no,match
skibish__ddns,cyclonedx-gomod,17,17,18,18,119,119,yes,120,119,22/0/97/17/5/0/17/5/1,22/0/97/17/5/0/17/5/1,,,no,match
slack-go__slack,syft,1,1,6,6,8,8,yes,9,8,7/0/1/1/6/0/6/1/0,7/0/1/1/6/0/6/1/0,,,no,match
slack-go__slack,trivy,1,1,6,6,8,8,yes,9,8,6/0/2/1/5/0/6/0/0,6/0/2/1/5/0/6/0/0,,,no,match
slack-go__slack,cdxgen,1,1,6,6,8,8,yes,9,8,1/0/7/1/0/0/1/0/5,1/0/7/1/0/0/1/0/5,,,no,match
slack-go__slack,cyclonedx-gomod,1,1,6,6,8,8,yes,9,8,1/0/7/1/0/0/1/0/5,1/0/7/1/0/0/1/0/5,,,no,match
slack-io__slacker,syft,5,5,5,5,12,12,yes,13,12,11/0/1/5/6/0/5/6/0,11/0/1/5/6/0/5/6/0,,,no,match
slack-io__slacker,trivy,5,5,5,5,12,12,yes,13,12,5/0/7/5/0/0/5/0/0,5/0/7/5/0/0/5/0/0,,,no,match
slack-io__slacker,cdxgen,5,5,5,5,12,12,yes,13,12,5/0/7/5/0/0/5/0/0,5/0/7/5/0/0/5/0/0,,,no,match
slack-io__slacker,cyclonedx-gomod,5,5,5,5,12,12,yes,13,12,5/0/7/5/0/0/5/0/0,5/0/7/5/0/0/5/0/0,,,no,match
slipros__roamer,syft,11,11,11,11,17,17,yes,18,17,12/21/5/11/22/0/11/22/0,12/21/5/11/22/0/11/22/0,,,no,match
slipros__roamer,trivy,11,11,11,11,17,17,yes,18,17,11/21/6/11/21/0/11/21/0,11/21/6/11/21/0/11/21/0,,,no,match
slipros__roamer,cdxgen,11,11,11,11,17,17,yes,18,17,11/8/6/11/8/0/11/8/0,11/8/6/11/8/0/11/8/0,,,no,match
slipros__roamer,cyclonedx-gomod,11,11,11,11,17,17,yes,18,17,10/0/7/10/0/1/10/0/1,10/0/7/10/0/1/10/0/1,,,no,match
slotix__dataflowkit,syft,32,32,35,35,51,51,yes,52,51,43/0/8/32/11/0/35/8/0,43/0/8/32/11/0/35/8/0,,,no,match
slotix__dataflowkit,trivy,32,32,35,35,51,51,yes,52,51,51/0/0/32/19/0/35/16/0,51/0/0/32/19/0/35/16/0,,,no,match
slotix__dataflowkit,cdxgen,32,32,35,35,51,51,yes,52,51,32/0/19/32/0/0/32/0/3,32/0/19/32/0/0/32/0/3,,,no,match
slotix__dataflowkit,cyclonedx-gomod,32,32,35,35,51,51,yes,52,51,34/0/17/32/2/0/32/2/3,34/0/17/32/2/0/32/2/3,,,no,match
smallnest__go-web-framework-benchmark,syft,128,128,128,128,277,277,yes,278,277,152/0/125/128/24/0/128/24/0,152/0/125/128/24/0/128/24/0,,,no,match
smallnest__go-web-framework-benchmark,trivy,128,128,128,128,277,277,yes,278,277,152/0/125/128/24/0/128/24/0,152/0/125/128/24/0/128/24/0,,,no,match
smallnest__go-web-framework-benchmark,cdxgen,128,128,128,128,277,277,yes,278,277,128/0/149/128/0/0/128/0/0,128/0/149/128/0/0/128/0/0,,,no,match
smallnest__go-web-framework-benchmark,cyclonedx-gomod,128,128,128,128,277,277,yes,278,277,NA,NA,,,no,match
smallnest__langgraphgo,syft,50,50,56,56,350,350,yes,351,350,206/13/144/50/169/0/56/163/0,206/13/144/50/169/0/56/163/0,,,no,match
smallnest__langgraphgo,trivy,50,50,56,56,350,350,yes,351,350,156/1/194/50/107/0/56/101/0,156/1/194/50/107/0/56/101/0,,,no,match
smallnest__langgraphgo,cdxgen,50,50,56,56,350,350,yes,351,350,145/0/205/50/95/0/53/92/3,145/0/205/50/95/0/53/92/3,,,no,match
smallnest__langgraphgo,cyclonedx-gomod,50,50,56,56,350,350,yes,351,350,52/0/298/50/2/0/50/2/6,52/0/298/50/2/0/50/2/6,,,no,match
smallnest__rpcx,syft,49,49,55,55,186,186,yes,187,186,82/0/104/49/33/0/55/27/0,82/0/104/49/33/0/55/27/0,,,no,match
smallnest__rpcx,trivy,49,49,55,55,186,186,yes,187,186,72/0/114/49/23/0/55/17/0,72/0/114/49/23/0/55/17/0,,,no,match
smallnest__rpcx,cdxgen,49,49,55,55,186,186,yes,187,186,49/0/137/49/0/0/49/0/6,49/0/137/49/0/0/49/0/6,,,no,match
smallnest__rpcx,cyclonedx-gomod,49,49,55,55,186,186,yes,187,186,62/0/124/49/13/0/49/13/6,62/0/124/49/13/0/49/13/6,,,no,match
smartystreets__goconvey,syft,4,4,4,4,24,24,yes,25,24,6/0/18/4/2/0/4/2/0,6/0/18/4/2/0/4/2/0,,,no,match
smartystreets__goconvey,trivy,4,4,4,4,24,24,yes,25,24,5/0/19/4/1/0/4/1/0,5/0/19/4/1/0/4/1/0,,,no,match
smartystreets__goconvey,cdxgen,4,4,4,4,24,24,yes,25,24,4/0/20/4/0/0/4/0/0,4/0/20/4/0/0/4/0/0,,,no,match
smartystreets__goconvey,cyclonedx-gomod,4,4,4,4,24,24,yes,25,24,5/0/19/4/1/0/4/1/0,5/0/19/4/1/0/4/1/0,,,no,match
soniah__gosnmp,syft,1,1,5,5,17,17,yes,18,17,8/3/9/1/10/0/5/6/0,8/3/9/1/10/0/5/6/0,,,no,match
soniah__gosnmp,trivy,1,1,5,5,17,17,yes,18,17,7/3/10/1/9/0/5/5/0,7/3/10/1/9/0/5/5/0,,,no,match
soniah__gosnmp,cdxgen,1,1,5,5,17,17,yes,18,17,1/0/16/1/0/0/1/0/4,1/0/16/1/0/0/1/0/4,,,no,match
soniah__gosnmp,cyclonedx-gomod,1,1,5,5,17,17,yes,18,17,1/0/16/1/0/0/1/0/4,1/0/16/1/0/0/1/0/4,,,no,match
sosedoff__pgweb,syft,35,35,39,39,86,86,yes,87,86,66/0/20/35/31/0/39/27/0,66/0/20/35/31/0/39/27/0,,,no,match
sosedoff__pgweb,trivy,35,35,39,39,86,86,yes,87,86,58/0/28/35/23/0/39/19/0,58/0/28/35/23/0/39/19/0,,,no,match
sosedoff__pgweb,cdxgen,35,35,39,39,86,86,yes,87,86,35/0/51/35/0/0/35/0/4,35/0/51/35/0/0/35/0/4,,,no,match
sosedoff__pgweb,cyclonedx-gomod,35,35,39,39,86,86,yes,87,86,46/0/40/35/11/0/35/11/4,46/0/40/35/11/0/35/11/4,,,no,match
sourcegraph__zoekt,syft,121,121,131,131,387,387,yes,388,387,177/0/210/121/56/0/131/46/0,177/0/210/121/56/0/131/46/0,,,no,match
sourcegraph__zoekt,trivy,121,121,131,131,387,387,yes,388,387,138/0/249/121/17/0/131/7/0,138/0/249/121/17/0/131/7/0,,,no,match
sourcegraph__zoekt,cdxgen,121,121,131,131,387,387,yes,388,387,121/0/266/121/0/0/121/0/10,121/0/266/121/0/0/121/0/10,,,no,match
sourcegraph__zoekt,cyclonedx-gomod,121,121,131,131,387,387,yes,388,387,126/0/261/120/6/1/120/6/11,126/0/261/120/6/1/120/6/11,,,no,match
soypat__godesim,syft,2,2,2,2,37,37,yes,38,37,11/0/26/2/9/0/2/9/0,11/0/26/2/9/0/2/9/0,,,no,match
soypat__godesim,trivy,2,2,2,2,37,37,yes,38,37,37/0/0/2/35/0/2/35/0,37/0/0/2/35/0/2/35/0,,,no,match
soypat__godesim,cdxgen,2,2,2,2,37,37,yes,38,37,2/0/35/2/0/0/2/0/0,2/0/35/2/0/0/2/0/0,,,no,match
soypat__godesim,cyclonedx-gomod,2,2,2,2,37,37,yes,38,37,2/0/35/2/0/0/2/0/0,2/0/35/2/0/0/2/0/0,,,no,match
spatial-go__geoos,syft,2,2,2,2,6,6,yes,7,6,3/0/3/2/1/0/2/1/0,3/0/3/2/1/0/2/1/0,,,no,match
spatial-go__geoos,trivy,2,2,2,2,6,6,yes,7,6,6/0/0/2/4/0/2/4/0,6/0/0/2/4/0/2/4/0,,,no,match
spatial-go__geoos,cdxgen,2,2,2,2,6,6,yes,7,6,2/0/4/2/0/0/2/0/0,2/0/4/2/0/0/2/0/0,,,no,match
spatial-go__geoos,cyclonedx-gomod,2,2,2,2,6,6,yes,7,6,2/0/4/2/0/0/2/0/0,2/0/4/2/0/0/2/0/0,,,no,match
spf13__afero,syft,1,1,1,1,4,4,yes,5,4,2/62/2/1/63/0/1/63/0,2/62/2/1/63/0/1/63/0,,,no,match
spf13__afero,trivy,1,1,1,1,4,4,yes,5,4,2/47/2/1/48/0/1/48/0,2/47/2/1/48/0/1/48/0,,,no,match
spf13__afero,cdxgen,1,1,1,1,4,4,yes,5,4,2/44/2/1/45/0/1/45/0,2/44/2/1/45/0/1/45/0,,,no,match
spf13__afero,cyclonedx-gomod,1,1,1,1,4,4,yes,5,4,1/0/3/1/0/0/1/0/0,1/0/3/1/0/0/1/0/0,,,no,match
spf13__cobra,syft,4,4,4,4,6,6,yes,7,6,6/0/0/4/2/0/4/2/0,6/0/0/4/2/0/4/2/0,,,no,match
spf13__cobra,trivy,4,4,4,4,6,6,yes,7,6,6/0/0/4/2/0/4/2/0,6/0/0/4/2/0/4/2/0,,,no,match
spf13__cobra,cdxgen,4,4,4,4,6,6,yes,7,6,4/0/2/4/0/0/4/0/0,4/0/2/4/0/0/4/0/0,,,no,match
spf13__cobra,cyclonedx-gomod,4,4,4,4,6,6,yes,7,6,5/0/1/4/1/0/4/1/0,5/0/1/4/1/0/4/1/0,,,no,match
spf13__viper,syft,11,11,15,15,25,25,yes,26,25,23/81/2/11/93/0/15/89/0,23/81/2/11/93/0/15/89/0,,,no,match
spf13__viper,trivy,11,11,15,15,25,25,yes,26,25,18/66/7/11/73/0/15/69/0,18/66/7/11/73/0/15/69/0,,,no,match
spf13__viper,cdxgen,11,11,15,15,25,25,yes,26,25,12/63/13/11/64/0/11/64/4,12/63/13/11/64/0/11/64/4,,,no,match
spf13__viper,cyclonedx-gomod,11,11,15,15,25,25,yes,26,25,11/0/14/11/0/0/11/0/4,11/0/14/11/0/0/11/0/4,,,no,match
spiffe__spire,syft,307,307,308,308,800,800,yes,801,800,395/0/405/307/88/0/308/87/0,395/0/405/307/88/0/308/87/0,,,no,match
spiffe__spire,trivy,307,307,308,308,800,800,yes,801,800,323/0/477/307/16/0/308/15/0,323/0/477/307/16/0/308/15/0,,,no,match
spiffe__spire,cdxgen,307,307,308,308,800,800,yes,801,800,307/0/493/307/0/0/307/0/1,307/0/493/307/0/0/307/0/1,,,no,match
spiffe__spire,cyclonedx-gomod,307,307,308,308,800,800,yes,801,800,320/0/480/306/14/1/306/14/2,320/0/480/306/14/1/306/14/2,,,no,match
spiral__roadrunner,syft,201,201,201,201,537,537,yes,538,537,235/0/302/201/34/0/201/34/0,235/0/302/201/34/0/201/34/0,,,no,match
spiral__roadrunner,trivy,201,201,201,201,537,537,yes,538,537,208/0/329/201/7/0/201/7/0,208/0/329/201/7/0/201/7/0,,,no,match
spiral__roadrunner,cdxgen,201,201,201,201,537,537,yes,538,537,201/0/336/201/0/0/201/0/0,201/0/336/201/0/0/201/0/0,,,no,match
spiral__roadrunner,cyclonedx-gomod,201,201,201,201,537,537,yes,538,537,204/0/333/198/6/3/198/6/3,204/0/333/198/6/3/198/6/3,,,no,match
sqs__goreturns,syft,3,3,3,3,9,9,yes,10,9,3/0/6/3/0/0/3/0/0,3/0/6/3/0/0/3/0/0,,,no,match
sqs__goreturns,trivy,3,3,3,3,9,9,yes,10,9,9/0/0/3/6/0/3/6/0,9/0/0/3/6/0/3/6/0,,,no,match
sqs__goreturns,cdxgen,3,3,3,3,9,9,yes,10,9,3/0/6/3/0/0/3/0/0,3/0/6/3/0/0/3/0/0,,,no,match
sqs__goreturns,cyclonedx-gomod,3,3,3,3,9,9,yes,10,9,3/0/6/3/0/0/3/0/0,3/0/6/3/0/0/3/0/0,,,no,match
src-d__hercules,syft,49,49,53,53,87,87,yes,88,87,72/1/15/48/25/1/52/21/1,72/1/15/48/25/1/52/21/1,,,no,match
src-d__hercules,trivy,49,49,53,53,87,87,yes,88,87,87/1/0/49/39/0/53/35/0,87/1/0/49/39/0/53/35/0,,,no,match
src-d__hercules,cdxgen,49,49,53,53,87,87,yes,88,87,49/0/38/49/0/0/49/0/4,49/0/38/49/0/0/49/0/4,,,no,match
src-d__hercules,cyclonedx-gomod,49,49,53,53,87,87,yes,88,87,53/1/34/48/6/1/48/6/5,53/1/34/48/6/1/48/6/5,,,no,match
ssgreg__journald,syft,1,1,4,4,4,4,yes,5,4,4/0/0/1/3/0/4/0/0,4/0/0/1/3/0/4/0/0,,,no,match
ssgreg__journald,trivy,1,1,4,4,4,4,yes,5,4,4/0/0/1/3/0/4/0/0,4/0/0/1/3/0/4/0/0,,,no,match
ssgreg__journald,cdxgen,1,1,4,4,4,4,yes,5,4,1/0/3/1/0/0/1/0/3,1/0/3/1/0/0/1/0/3,,,no,match
ssgreg__journald,cyclonedx-gomod,1,1,4,4,4,4,yes,5,4,1/0/3/1/0/0/1/0/3,1/0/3/1/0/0/1/0/3,,,no,match
stackerzzq__xj2go,syft,2,2,2,2,5,5,yes,6,5,2/0/3/2/0/0/2/0/0,2/0/3/2/0/0/2/0/0,,,no,match
stackerzzq__xj2go,trivy,2,2,2,2,5,5,yes,6,5,5/0/0/2/3/0/2/3/0,5/0/0/2/3/0/2/3/0,,,no,match
stackerzzq__xj2go,cdxgen,2,2,2,2,5,5,yes,6,5,2/0/3/2/0/0/2/0/0,2/0/3/2/0/0/2/0/0,,,no,match
stackerzzq__xj2go,cyclonedx-gomod,2,2,2,2,5,5,yes,6,5,2/0/3/2/0/0/2/0/0,2/0/3/2/0/0/2/0/0,,,no,match
stacktower-io__stacktower,syft,35,35,35,35,54,54,yes,55,54,47/5/7/35/17/0/35/17/0,47/5/7/35/17/0/35/17/0,,,no,match
stacktower-io__stacktower,trivy,35,35,35,35,54,54,yes,55,54,NA,NA,,,no,match
stacktower-io__stacktower,cdxgen,35,35,35,35,54,54,yes,55,54,35/5/19/35/5/0/35/5/0,35/5/19/35/5/0/35/5/0,,,no,match
stacktower-io__stacktower,cyclonedx-gomod,35,35,35,35,54,54,yes,55,54,39/0/15/35/4/0/35/4/0,39/0/15/35/4/0/35/4/0,,,no,match
starwalkn__kono,syft,54,54,61,61,128,128,yes,129,128,93/0/35/54/39/0/61/32/0,93/0/35/54/39/0/61/32/0,,,no,match
starwalkn__kono,trivy,54,54,61,61,128,128,yes,129,128,66/0/62/54/12/0/61/5/0,66/0/62/54/12/0/61/5/0,,,no,match
starwalkn__kono,cdxgen,54,54,61,61,128,128,yes,129,128,54/0/74/54/0/0/54/0/7,54/0/74/54/0/0/54/0/7,,,no,match
starwalkn__kono,cyclonedx-gomod,54,54,61,61,128,128,yes,129,128,57/0/71/54/3/0/54/3/7,57/0/71/54/3/0/54/3/7,,,no,match
steambap__captcha,syft,2,2,2,2,3,3,yes,4,3,2/2/1/2/2/0/2/2/0,2/2/1/2/2/0/2/2/0,,,no,match
steambap__captcha,trivy,2,2,2,2,3,3,yes,4,3,3/13/0/2/14/0/2/14/0,3/13/0/2/14/0/2/14/0,,,no,match
steambap__captcha,cdxgen,2,2,2,2,3,3,yes,4,3,2/0/1/2/0/0/2/0/0,2/0/1/2/0/0/2/0/0,,,no,match
steambap__captcha,cyclonedx-gomod,2,2,2,2,3,3,yes,4,3,2/0/1/2/0/0/2/0/0,2/0/1/2/0/0/2/0/0,,,no,match
steevin__neuron-cli,syft,69,69,69,69,118,118,yes,119,118,101/0/17/69/32/0/69/32/0,101/0/17/69/32/0/69/32/0,,,no,match
steevin__neuron-cli,trivy,69,69,69,69,118,118,yes,119,118,73/0/45/69/4/0/69/4/0,73/0/45/69/4/0/69/4/0,,,no,match
steevin__neuron-cli,cdxgen,69,69,69,69,118,118,yes,119,118,69/0/49/69/0/0/69/0/0,69/0/49/69/0/0/69/0/0,,,no,match
steevin__neuron-cli,cyclonedx-gomod,69,69,69,69,118,118,yes,119,118,73/0/45/69/4/0/69/4/0,73/0/45/69/4/0/69/4/0,,,no,match
stefanprodan__podinfo,syft,76,76,76,76,135,135,yes,136,135,97/0/38/76/21/0/76/21/0,97/0/38/76/21/0/76/21/0,,,no,match
stefanprodan__podinfo,trivy,76,76,76,76,135,135,yes,136,135,77/0/58/76/1/0/76/1/0,77/0/58/76/1/0/76/1/0,,,no,match
stefanprodan__podinfo,cdxgen,76,76,76,76,135,135,yes,136,135,76/0/59/76/0/0/76/0/0,76/0/59/76/0/0/76/0/0,,,no,match
stefanprodan__podinfo,cyclonedx-gomod,76,76,76,76,135,135,yes,136,135,77/0/58/76/1/0/76/1/0,77/0/58/76/1/0/76/1/0,,,no,match
stephenafamo__bob,syft,101,101,103,103,185,185,yes,186,185,155/0/30/101/54/0/103/52/0,155/0/30/101/54/0/103/52/0,,,no,match
stephenafamo__bob,trivy,101,101,103,103,185,185,yes,186,185,124/0/61/101/23/0/103/21/0,124/0/61/101/23/0/103/21/0,,,no,match
stephenafamo__bob,cdxgen,101,101,103,103,185,185,yes,186,185,101/0/84/101/0/0/101/0/2,101/0/84/101/0/0/101/0/2,,,no,match
stephenafamo__bob,cyclonedx-gomod,101,101,103,103,185,185,yes,186,185,117/0/68/101/16/0/101/16/2,117/0/68/101/16/0/101/16/2,,,no,match
stoewer__go-week,syft,1,1,6,6,9,9,yes,10,9,8/0/1/1/7/0/6/2/0,8/0/1/1/7/0/6/2/0,,,no,match
stoewer__go-week,trivy,1,1,6,6,9,9,yes,10,9,9/0/0/1/8/0/6/3/0,9/0/0/1/8/0/6/3/0,,,no,match
stoewer__go-week,cdxgen,1,1,6,6,9,9,yes,10,9,1/0/8/1/0/0/1/0/5,1/0/8/1/0/0/1/0/5,,,no,match
stoewer__go-week,cyclonedx-gomod,1,1,6,6,9,9,yes,10,9,1/0/8/1/0/0/1/0/5,1/0/8/1/0/0/1/0/5,,,no,match
stretchr__testify,syft,2,2,2,2,3,3,yes,4,3,3/1/0/2/2/0/2/2/0,3/1/0/2/2/0/2/2/0,,,no,match
stretchr__testify,trivy,2,2,2,2,3,3,yes,4,3,3/1/0/2/2/0/2/2/0,3/1/0/2/2/0/2/2/0,,,no,match
stretchr__testify,cdxgen,2,2,2,2,3,3,yes,4,3,2/0/1/2/0/0/2/0/0,2/0/1/2/0/0/2/0/0,,,no,match
stretchr__testify,cyclonedx-gomod,2,2,2,2,3,3,yes,4,3,2/0/1/2/0/0/2/0/0,2/0/1/2/0/0/2/0/0,,,no,match
stripe__stripe-go,syft,4,4,4,4,6,6,yes,7,6,5/0/1/4/1/0/4/1/0,5/0/1/4/1/0/4/1/0,,,no,match
stripe__stripe-go,trivy,4,4,4,4,6,6,yes,7,6,4/0/2/4/0/0/4/0/0,4/0/2/4/0/0/4/0/0,,,no,match
stripe__stripe-go,cdxgen,4,4,4,4,6,6,yes,7,6,4/0/2/4/0/0/4/0/0,4/0/2/4/0/0/4/0/0,,,no,match
stripe__stripe-go,cyclonedx-gomod,4,4,4,4,6,6,yes,7,6,4/0/2/4/0/0/4/0/0,4/0/2/4/0/0/4/0/0,,,no,match
structy__log,syft,3,3,3,3,3,3,yes,4,3,3/0/0/3/0/0/3/0/0,3/0/0/3/0/0/3/0/0,,,no,match
structy__log,trivy,3,3,3,3,3,3,yes,4,3,3/0/0/3/0/0/3/0/0,3/0/0/3/0/0/3/0/0,,,no,match
structy__log,cdxgen,3,3,3,3,3,3,yes,4,3,3/0/0/3/0/0/3/0/0,3/0/0/3/0/0/3/0/0,,,no,match
structy__log,cyclonedx-gomod,3,3,3,3,3,3,yes,4,3,3/0/0/3/0/0/3/0/0,3/0/0/3/0/0/3/0/0,,,no,match
subosito__gotenv,syft,1,1,5,5,10,10,yes,11,10,6/0/4/1/5/0/5/1/0,6/0/4/1/5/0/5/1/0,,,no,match
subosito__gotenv,trivy,1,1,5,5,10,10,yes,11,10,5/0/5/1/4/0/5/0/0,5/0/5/1/4/0/5/0/0,,,no,match
subosito__gotenv,cdxgen,1,1,5,5,10,10,yes,11,10,1/0/9/1/0/0/1/0/4,1/0/9/1/0/0/1/0/4,,,no,match
subosito__gotenv,cyclonedx-gomod,1,1,5,5,10,10,yes,11,10,1/0/9/1/0/0/1/0/4,1/0/9/1/0/0/1/0/4,,,no,match
sunary__sqlize,syft,36,36,36,36,340,340,yes,341,340,46/0/294/36/10/0/36/10/0,46/0/294/36/10/0/36/10/0,,,no,match
sunary__sqlize,trivy,36,36,36,36,340,340,yes,341,340,36/0/304/36/0/0/36/0/0,36/0/304/36/0/0/36/0/0,,,no,match
sunary__sqlize,cdxgen,36,36,36,36,340,340,yes,341,340,36/0/304/36/0/0/36/0/0,36/0/304/36/0/0/36/0/0,,,no,match
sunary__sqlize,cyclonedx-gomod,36,36,36,36,340,340,yes,341,340,36/0/304/36/0/0/36/0/0,36/0/304/36/0/0/36/0/0,,,no,match
surrealdb__surrealdb.go,syft,11,11,12,12,20,20,yes,21,20,16/13/4/11/18/0/12/17/0,16/13/4/11/18/0/12/17/0,,,no,match
surrealdb__surrealdb.go,trivy,11,11,12,12,20,20,yes,21,20,16/13/4/11/18/0/12/17/0,16/13/4/11/18/0/12/17/0,,,no,match
surrealdb__surrealdb.go,cdxgen,11,11,12,12,20,20,yes,21,20,11/12/9/11/12/0/11/12/1,11/12/9/11/12/0/11/12/1,,,no,match
surrealdb__surrealdb.go,cyclonedx-gomod,11,11,12,12,20,20,yes,21,20,8/0/12/8/0/3/8/0/4,8/0/12/8/0/3/8/0/4,,,no,match
suzuki-shunsuke__flute,syft,5,5,6,6,20,20,yes,21,20,7/0/13/5/2/0/6/1/0,7/0/13/5/2/0/6/1/0,,,no,match
suzuki-shunsuke__flute,trivy,5,5,6,6,20,20,yes,21,20,6/0/14/5/1/0/6/0/0,6/0/14/5/1/0/6/0/0,,,no,match
suzuki-shunsuke__flute,cdxgen,5,5,6,6,20,20,yes,21,20,5/0/15/5/0/0/5/0/1,5/0/15/5/0/0/5/0/1,,,no,match
suzuki-shunsuke__flute,cyclonedx-gomod,5,5,6,6,20,20,yes,21,20,5/0/15/5/0/0/5/0/1,5/0/15/5/0/0/5/0/1,,,no,match
switchupcb__copygen,syft,6,6,6,6,16,16,yes,17,16,8/1/8/6/3/0/6/3/0,8/1/8/6/3/0/6/3/0,,,no,match
switchupcb__copygen,trivy,6,6,6,6,16,16,yes,17,16,6/1/10/6/1/0/6/1/0,6/1/10/6/1/0/6/1/0,,,no,match
switchupcb__copygen,cdxgen,6,6,6,6,16,16,yes,17,16,6/0/10/6/0/0/6/0/0,6/0/10/6/0/0/6/0/0,,,no,match
switchupcb__copygen,cyclonedx-gomod,6,6,6,6,16,16,yes,17,16,6/0/10/6/0/0/6/0/0,6/0/10/6/0/0/6/0/0,,,no,match
swithek__sessionup,syft,3,3,3,3,3,3,yes,4,3,3/0/0/3/0/0/3/0/0,3/0/0/3/0/0/3/0/0,,,no,match
swithek__sessionup,trivy,3,3,3,3,3,3,yes,4,3,3/0/0/3/0/0/3/0/0,3/0/0/3/0/0/3/0/0,,,no,match
swithek__sessionup,cdxgen,3,3,3,3,3,3,yes,4,3,3/0/0/3/0/0/3/0/0,3/0/0/3/0/0/3/0/0,,,no,match
swithek__sessionup,cyclonedx-gomod,3,3,3,3,3,3,yes,4,3,3/0/0/3/0/0/3/0/0,3/0/0/3/0/0/3/0/0,,,no,match
syndtr__goleveldb,syft,10,10,14,14,35,35,yes,36,35,20/0/15/10/10/0/14/6/0,20/0/15/10/10/0/14/6/0,,,no,match
syndtr__goleveldb,trivy,10,10,14,14,35,35,yes,36,35,35/0/0/10/25/0/14/21/0,35/0/0/10/25/0/14/21/0,,,no,match
syndtr__goleveldb,cdxgen,10,10,14,14,35,35,yes,36,35,10/0/25/10/0/0/10/0/4,10/0/25/10/0/0/10/0/4,,,no,match
syndtr__goleveldb,cyclonedx-gomod,10,10,14,14,35,35,yes,36,35,10/0/25/10/0/0/10/0/4,10/0/25/10/0/0/10/0/4,,,no,match
syst3mctl__godoclive,syft,8,8,8,8,17,17,yes,18,17,12/64/5/8/68/0/8/68/0,12/64/5/8/68/0/8/68/0,,,no,match
syst3mctl__godoclive,trivy,8,8,8,8,17,17,yes,18,17,10/60/7/8/62/0/8/62/0,10/60/7/8/62/0/8/62/0,,,no,match
syst3mctl__godoclive,cdxgen,8,8,8,8,17,17,yes,18,17,9/29/8/8/30/0/8/30/0,9/29/8/8/30/0/8/30/0,,,no,match
syst3mctl__godoclive,cyclonedx-gomod,8,8,8,8,17,17,yes,18,17,9/0/8/8/1/0/8/1/0,9/0/8/8/1/0/8/1/0,,,no,match
szyhf__go-excel,syft,1,1,1,1,1,1,yes,2,1,1/0/0/1/0/0/1/0/0,1/0/0/1/0/0/1/0/0,,,no,match
szyhf__go-excel,trivy,1,1,1,1,1,1,yes,2,1,1/0/0/1/0/0/1/0/0,1/0/0/1/0/0/1/0/0,,,no,match
szyhf__go-excel,cdxgen,1,1,1,1,1,1,yes,2,1,1/0/0/1/0/0/1/0/0,1/0/0/1/0/0/1/0/0,,,no,match
szyhf__go-excel,cyclonedx-gomod,1,1,1,1,1,1,yes,2,1,1/0/0/1/0/0/1/0/0,1/0/0/1/0/0/1/0/0,,,no,match
tal-tech__go-zero,syft,120,120,125,125,222,222,yes,223,222,150/15/72/120/45/0/125/40/0,150/15/72/120/45/0/125/40/0,,,no,match
tal-tech__go-zero,trivy,120,120,125,125,222,222,yes,223,222,131/13/91/120/24/0/125/19/0,131/13/91/120/24/0/125/19/0,,,no,match
tal-tech__go-zero,cdxgen,120,120,125,125,222,222,yes,223,222,122/11/100/120/13/0/120/13/5,122/11/100/120/13/0/120/13/5,,,no,match
tal-tech__go-zero,cyclonedx-gomod,120,120,125,125,222,222,yes,223,222,123/0/99/119/4/1/119/4/6,123/0/99/119/4/1/119/4/6,,,no,match
tarent__loginsrv,syft,34,34,39,39,65,65,yes,66,65,52/0/13/34/18/0/39/13/0,52/0/13/34/18/0/39/13/0,,,no,match
tarent__loginsrv,trivy,34,34,39,39,65,65,yes,66,65,65/0/0/34/31/0/39/26/0,65/0/0/34/31/0/39/26/0,,,no,match
tarent__loginsrv,cdxgen,34,34,39,39,65,65,yes,66,65,34/0/31/34/0/0/34/0/5,34/0/31/34/0/0/34/0/5,,,no,match
tarent__loginsrv,cyclonedx-gomod,34,34,39,39,65,65,yes,66,65,34/0/31/34/0/0/34/0/5,34/0/31/34/0/0/34/0/5,,,no,match
tarmac-project__tarmac,syft,115,115,117,117,333,333,yes,334,333,149/12/184/115/46/0/117/44/0,149/12/184/115/46/0/117/44/0,,,no,match
tarmac-project__tarmac,trivy,115,115,117,117,333,333,yes,334,333,118/12/215/115/15/0/117/13/0,118/12/215/115/15/0/117/13/0,,,no,match
tarmac-project__tarmac,cdxgen,115,115,117,117,333,333,yes,334,333,115/3/218/115/3/0/115/3/2,115/3/218/115/3/0/115/3/2,,,no,match
tarmac-project__tarmac,cyclonedx-gomod,115,115,117,117,333,333,yes,334,333,116/0/217/115/1/0/115/1/2,116/0/217/115/1/0/115/1/2,,,no,match
taskctl__taskctl,syft,40,40,40,40,63,63,yes,64,63,54/0/9/40/14/0/40/14/0,54/0/9/40/14/0/40/14/0,,,no,match
taskctl__taskctl,trivy,40,40,40,40,63,63,yes,64,63,41/0/22/40/1/0/40/1/0,41/0/22/40/1/0/40/1/0,,,no,match
taskctl__taskctl,cdxgen,40,40,40,40,63,63,yes,64,63,40/0/23/40/0/0/40/0/0,40/0/23/40/0/0/40/0/0,,,no,match
taskctl__taskctl,cyclonedx-gomod,40,40,40,40,63,63,yes,64,63,41/0/22/40/1/0/40/1/0,41/0/22/40/1/0/40/1/0,,,no,match
taubyte__tau,syft,298,298,300,300,823,823,yes,824,823,378/1/445/298/81/0/300/79/0,378/1/445/298/81/0/300/79/0,,,no,match
taubyte__tau,trivy,298,298,300,300,823,823,yes,824,823,330/2/493/298/34/0/300/32/0,330/2/493/298/34/0/300/32/0,,,no,match
taubyte__tau,cdxgen,298,298,300,300,823,823,yes,824,823,302/0/521/298/4/0/298/4/2,302/0/521/298/4/0/298/4/2,,,no,match
taubyte__tau,cyclonedx-gomod,298,298,300,300,823,823,yes,824,823,315/0/508/298/17/0/298/17/2,315/0/508/298/17/0/298/17/2,,,no,match
tdewolff__canvas,syft,63,63,64,64,151,151,yes,152,151,91/0/60/63/28/0/64/27/0,91/0/60/63/28/0/64/27/0,,,no,match
tdewolff__canvas,trivy,63,63,64,64,151,151,yes,152,151,129/145/22/63/211/0/64/210/0,129/145/22/63/211/0/64/210/0,,,no,match
tdewolff__canvas,cdxgen,63,63,64,64,151,151,yes,152,151,79/1/72/63/17/0/64/16/0,79/1/72/63/17/0/64/16/0,,,no,match
tdewolff__canvas,cyclonedx-gomod,63,63,64,64,151,151,yes,152,151,69/0/82/63/6/0/63/6/1,69/0/82/63/6/0/63/6/1,,,no,match
tdewolff__minify,syft,8,8,9,9,14,14,yes,15,14,14/1/0/8/7/0/9/6/0,14/1/0/8/7/0/9/6/0,,,no,match
tdewolff__minify,trivy,8,8,9,9,14,14,yes,15,14,9/1/5/8/2/0/9/1/0,9/1/5/8/2/0/9/1/0,,,no,match
tdewolff__minify,cdxgen,8,8,9,9,14,14,yes,15,14,8/0/6/8/0/0/8/0/1,8/0/6/8/0/0/8/0/1,,,no,match
tdewolff__minify,cyclonedx-gomod,8,8,9,9,14,14,yes,15,14,8/0/6/8/0/0/8/0/1,8/0/6/8/0/0/8/0/1,,,no,match
tealeg__xlsx,syft,10,10,11,11,19,19,yes,20,19,13/0/6/10/3/0/11/2/0,13/0/6/10/3/0/11/2/0,,,no,match
tealeg__xlsx,trivy,10,10,11,11,19,19,yes,20,19,13/0/6/10/3/0/11/2/0,13/0/6/10/3/0/11/2/0,,,no,match
tealeg__xlsx,cdxgen,10,10,11,11,19,19,yes,20,19,10/0/9/10/0/0/10/0/1,10/0/9/10/0/0/10/0/1,,,no,match
tealeg__xlsx,cyclonedx-gomod,10,10,11,11,19,19,yes,20,19,10/0/9/10/0/0/10/0/1,10/0/9/10/0/0/10/0/1,,,no,match
temporalio__sdk-go,syft,24,24,25,25,70,70,yes,71,70,48/160/22/24/184/0/25/183/0,48/160/22/24/184/0/25/183/0,,,no,match
temporalio__sdk-go,trivy,24,24,25,25,70,70,yes,71,70,45/125/25/24/146/0/25/145/0,45/125/25/24/146/0/25/145/0,,,no,match
temporalio__sdk-go,cdxgen,24,24,25,25,70,70,yes,71,70,42/100/28/24/118/0/25/117/0,42/100/28/24/118/0/25/117/0,,,no,match
temporalio__sdk-go,cyclonedx-gomod,24,24,25,25,70,70,yes,71,70,23/0/47/23/0/1/23/0/2,23/0/47/23/0/1/23/0/2,,,no,match
tendermint__tendermint,syft,,65,,77,,692,NA,693,692,NA,284/0/408/65/219/0/77/207/0,,,no,july_unavailable
tendermint__tendermint,trivy,,65,,77,,692,NA,693,692,NA,258/0/434/65/193/0/77/181/0,,,no,july_unavailable
tendermint__tendermint,cdxgen,,65,,77,,692,NA,693,692,NA,65/0/627/65/0/0/65/0/12,,,no,july_unavailable
tendermint__tendermint,cyclonedx-gomod,,65,,77,,692,NA,693,692,NA,242/0/450/64/178/1/64/178/13,,,no,july_unavailable
testcontainers__testcontainers-go,syft,43,43,44,44,78,78,yes,79,78,74/578/4/43/609/0/44/608/0,74/578/4/43/609/0/44/608/0,,,no,match
testcontainers__testcontainers-go,trivy,43,43,44,44,78,78,yes,79,78,69/483/9/43/509/0/44/508/0,69/483/9/43/509/0/44/508/0,,,no,match
testcontainers__testcontainers-go,cdxgen,43,43,44,44,78,78,yes,79,78,56/96/22/43/109/0/43/109/1,56/96/22/43/109/0/43/109/1,,,no,match
testcontainers__testcontainers-go,cyclonedx-gomod,43,43,44,44,78,78,yes,79,78,50/0/28/43/7/0/43/7/1,50/0/28/43/7/0/43/7/1,,,no,match
tg123__go-htpasswd,syft,2,2,6,6,12,12,yes,13,12,7/0/5/2/5/0/6/1/0,7/0/5/2/5/0/6/1/0,,,no,match
tg123__go-htpasswd,trivy,2,2,6,6,12,12,yes,13,12,6/0/6/2/4/0/6/0/0,6/0/6/2/4/0/6/0/0,,,no,match
tg123__go-htpasswd,cdxgen,2,2,6,6,12,12,yes,13,12,2/0/10/2/0/0/2/0/4,2/0/10/2/0/0/2/0/4,,,no,match
tg123__go-htpasswd,cyclonedx-gomod,2,2,6,6,12,12,yes,13,12,2/0/10/2/0/0/2/0/4,2/0/10/2/0/0/2/0/4,,,no,match
the4thamigo-uk__conflate,syft,7,7,10,10,11,11,yes,12,11,11/0/0/7/4/0/10/1/0,11/0/0/7/4/0/10/1/0,,,no,match
the4thamigo-uk__conflate,trivy,7,7,10,10,11,11,yes,12,11,11/0/0/7/4/0/10/1/0,11/0/0/7/4/0/10/1/0,,,no,match
the4thamigo-uk__conflate,cdxgen,7,7,10,10,11,11,yes,12,11,7/0/4/7/0/0/7/0/3,7/0/4/7/0/0/7/0/3,,,no,match
the4thamigo-uk__conflate,cyclonedx-gomod,7,7,10,10,11,11,yes,12,11,7/0/4/7/0/0/7/0/3,7/0/4/7/0/0/7/0/3,,,no,match
theckman__yacspin,syft,6,6,7,7,8,8,yes,9,8,7/0/1/6/1/0/7/0/0,7/0/1/6/1/0/7/0/0,,,no,match
theckman__yacspin,trivy,6,6,7,7,8,8,yes,9,8,7/0/1/6/1/0/7/0/0,7/0/1/6/1/0/7/0/0,,,no,match
theckman__yacspin,cdxgen,6,6,7,7,8,8,yes,9,8,6/0/2/6/0/0/6/0/1,6/0/2/6/0/0/6/0/1,,,no,match
theckman__yacspin,cyclonedx-gomod,6,6,7,7,8,8,yes,9,8,6/0/2/6/0/0/6/0/1,6/0/2/6/0/0/6/0/1,,,no,match
therecipe__qt,syft,6,6,9,9,15,15,yes,16,15,13/36/2/5/44/1/8/41/1,13/36/2/5/44/1/8/41/1,,,no,match
therecipe__qt,trivy,6,6,9,9,15,15,yes,16,15,13/24/2/5/32/1/8/29/1,13/24/2/5/32/1/8/29/1,,,no,match
therecipe__qt,cdxgen,6,6,9,9,15,15,yes,16,15,15/16/0/6/25/0/9/22/0,15/16/0/6/25/0/9/22/0,,,no,match
therecipe__qt,cyclonedx-gomod,6,6,9,9,15,15,yes,16,15,NA,NA,,,no,match
thestrukture__ide,syft,20,20,20,20,92,92,yes,93,92,34/0/58/20/14/0/20/14/0,34/0/58/20/14/0/20/14/0,,,no,match
thestrukture__ide,trivy,20,20,20,20,92,92,yes,93,92,28/0/64/20/8/0/20/8/0,28/0/64/20/8/0/20/8/0,,,no,match
thestrukture__ide,cdxgen,20,20,20,20,92,92,yes,93,92,20/0/72/20/0/0/20/0/0,20/0/72/20/0/0/20/0/0,,,no,match
thestrukture__ide,cyclonedx-gomod,20,20,20,20,92,92,yes,93,92,23/0/69/20/3/0/20/3/0,23/0/69/20/3/0/20/3/0,,,no,match
thoas__picfit,syft,81,81,81,81,379,379,yes,380,379,110/0/269/81/29/0/81/29/0,110/0/269/81/29/0/81/29/0,,,no,match
thoas__picfit,trivy,81,81,81,81,379,379,yes,380,379,97/0/282/81/16/0/81/16/0,97/0/282/81/16/0/81/16/0,,,no,match
thoas__picfit,cdxgen,81,81,81,81,379,379,yes,380,379,81/0/298/81/0/0/81/0/0,81/0/298/81/0/0/81/0/0,,,no,match
thoas__picfit,cyclonedx-gomod,81,81,81,81,379,379,yes,380,379,92/0/287/81/11/0/81/11/0,92/0/287/81/11/0/81/11/0,,,no,match
thomaspoignant__go-feature-flag,syft,256,256,284,284,726,726,yes,727,726,348/16/378/255/109/1/283/81/1,348/16/378/255/109/1/283/81/1,,,no,match
thomaspoignant__go-feature-flag,trivy,256,256,284,284,726,726,yes,727,726,303/16/423/255/64/1/283/36/1,303/16/423/255/64/1/283/36/1,,,no,match
thomaspoignant__go-feature-flag,cdxgen,256,256,284,284,726,726,yes,727,726,256/4/470/256/4/0/256/4/28,256/4/470/256/4/0/256/4/28,,,no,match
thomaspoignant__go-feature-flag,cyclonedx-gomod,256,256,284,284,726,726,yes,727,726,253/2/473/249/6/7/249/6/35,253/2/473/249/6/7/249/6/35,,,no,match
tickstem__cron,syft,6,6,10,10,17,17,yes,18,17,16/0/1/6/10/0/10/6/0,16/0/1/6/10/0/10/6/0,,,no,match
tickstem__cron,trivy,6,6,10,10,17,17,yes,18,17,10/0/7/6/4/0/10/0/0,10/0/7/6/4/0/10/0/0,,,no,match
tickstem__cron,cdxgen,6,6,10,10,17,17,yes,18,17,6/0/11/6/0/0/6/0/4,6/0/11/6/0/0/6/0/4,,,no,match
tickstem__cron,cyclonedx-gomod,6,6,10,10,17,17,yes,18,17,6/0/11/6/0/0/6/0/4,6/0/11/6/0/0/6/0/4,,,no,match
tidwall__buntdb,syft,7,7,9,9,9,9,yes,10,9,9/0/0/7/2/0/9/0/0,9/0/0/7/2/0/9/0/0,,,no,match
tidwall__buntdb,trivy,7,7,9,9,9,9,yes,10,9,9/0/0/7/2/0/9/0/0,9/0/0/7/2/0/9/0/0,,,no,match
tidwall__buntdb,cdxgen,7,7,9,9,9,9,yes,10,9,7/0/2/7/0/0/7/0/2,7/0/2/7/0/0/7/0/2,,,no,match
tidwall__buntdb,cyclonedx-gomod,7,7,9,9,9,9,yes,10,9,7/0/2/7/0/0/7/0/2,7/0/2/7/0/0/7/0/2,,,no,match
tidwall__gjson,syft,2,2,2,2,2,2,yes,3,2,2/0/0/2/0/0/2/0/0,2/0/0/2/0/0/2/0/0,,,no,match
tidwall__gjson,trivy,2,2,2,2,2,2,yes,3,2,2/0/0/2/0/0/2/0/0,2/0/0/2/0/0/2/0/0,,,no,match
tidwall__gjson,cdxgen,2,2,2,2,2,2,yes,3,2,2/0/0/2/0/0/2/0/0,2/0/0/2/0/0/2/0/0,,,no,match
tidwall__gjson,cyclonedx-gomod,2,2,2,2,2,2,yes,3,2,2/0/0/2/0/0/2/0/0,2/0/0/2/0/0/2/0/0,,,no,match
tidwall__sjson,syft,3,3,3,3,3,3,yes,4,3,3/0/0/3/0/0/3/0/0,3/0/0/3/0/0/3/0/0,,,no,match
tidwall__sjson,trivy,3,3,3,3,3,3,yes,4,3,3/0/0/3/0/0/3/0/0,3/0/0/3/0/0/3/0/0,,,no,match
tidwall__sjson,cdxgen,3,3,3,3,3,3,yes,4,3,3/0/0/3/0/0/3/0/0,3/0/0/3/0/0/3/0/0,,,no,match
tidwall__sjson,cyclonedx-gomod,3,3,3,3,3,3,yes,4,3,3/0/0/3/0/0/3/0/0,3/0/0/3/0/0/3/0/0,,,no,match
tidwall__tile38,syft,118,118,120,120,315,315,yes,316,315,150/1/165/117/34/1/119/32/1,150/1/165/117/34/1/119/32/1,,,no,match
tidwall__tile38,trivy,118,118,120,120,315,315,yes,316,315,120/1/195/117/4/1/119/2/1,120/1/195/117/4/1/119/2/1,,,no,match
tidwall__tile38,cdxgen,118,118,120,120,315,315,yes,316,315,118/0/197/118/0/0/118/0/2,118/0/197/118/0/0/118/0/2,,,no,match
tidwall__tile38,cyclonedx-gomod,118,118,120,120,315,315,yes,316,315,118/1/197/117/2/1/117/2/3,118/1/197/117/2/1/117/2/3,,,no,match
tiendc__go-csvlib,syft,4,4,8,8,10,10,yes,11,10,9/0/1/4/5/0/8/1/0,9/0/1/4/5/0/8/1/0,,,no,match
tiendc__go-csvlib,trivy,4,4,8,8,10,10,yes,11,10,8/0/2/4/4/0/8/0/0,8/0/2/4/4/0/8/0/0,,,no,match
tiendc__go-csvlib,cdxgen,4,4,8,8,10,10,yes,11,10,4/0/6/4/0/0/4/0/4,4/0/6/4/0/0/4/0/4,,,no,match
tiendc__go-csvlib,cyclonedx-gomod,4,4,8,8,10,10,yes,11,10,4/0/6/4/0/0/4/0/4,4/0/6/4/0/0/4/0/4,,,no,match
tiendc__go-validator,syft,6,6,10,10,12,12,yes,13,12,11/0/1/6/5/0/10/1/0,11/0/1/6/5/0/10/1/0,,,no,match
tiendc__go-validator,trivy,6,6,10,10,12,12,yes,13,12,10/0/2/6/4/0/10/0/0,10/0/2/6/4/0/10/0/0,,,no,match
tiendc__go-validator,cdxgen,6,6,10,10,12,12,yes,13,12,6/0/6/6/0/0/6/0/4,6/0/6/6/0/0/6/0/4,,,no,match
tiendc__go-validator,cyclonedx-gomod,6,6,10,10,12,12,yes,13,12,6/0/6/6/0/0/6/0/4,6/0/6/6/0/0/6/0/4,,,no,match
tiendc__gofn,syft,1,1,5,5,7,7,yes,8,7,6/0/1/1/5/0/5/1/0,6/0/1/1/5/0/5/1/0,,,no,match
tiendc__gofn,trivy,1,1,5,5,7,7,yes,8,7,5/0/2/1/4/0/5/0/0,5/0/2/1/4/0/5/0/0,,,no,match
tiendc__gofn,cdxgen,1,1,5,5,7,7,yes,8,7,1/0/6/1/0/0/1/0/4,1/0/6/1/0/0/1/0/4,,,no,match
tiendc__gofn,cyclonedx-gomod,1,1,5,5,7,7,yes,8,7,1/0/6/1/0/0/1/0/4,1/0/6/1/0/0/1/0/4,,,no,match
timdp__lwc,syft,3,3,3,3,3,3,yes,4,3,3/0/0/3/0/0/3/0/0,3/0/0/3/0/0/3/0/0,,,no,match
timdp__lwc,trivy,3,3,3,3,3,3,yes,4,3,3/0/0/3/0/0/3/0/0,3/0/0/3/0/0/3/0/0,,,no,match
timdp__lwc,cdxgen,3,3,3,3,3,3,yes,4,3,3/0/0/3/0/0/3/0/0,3/0/0/3/0/0/3/0/0,,,no,match
timdp__lwc,cyclonedx-gomod,3,3,3,3,3,3,yes,4,3,3/0/0/3/0/0/3/0/0,3/0/0/3/0/0/3/0/0,,,no,match
timothyye__godns,syft,33,33,33,33,66,66,yes,67,66,49/0/17/33/16/0/33/16/0,49/0/17/33/16/0/33/16/0,,,no,match
timothyye__godns,trivy,33,33,33,33,66,66,yes,67,66,39/0/27/33/6/0/33/6/0,39/0/27/33/6/0/33/6/0,,,no,match
timothyye__godns,cdxgen,33,33,33,33,66,66,yes,67,66,39/0/27/33/6/0/33/6/0,39/0/27/33/6/0/33/6/0,,,no,match
timothyye__godns,cyclonedx-gomod,33,33,33,33,66,66,yes,67,66,37/0/29/33/4/0/33/4/0,37/0/29/33/4/0/33/4/0,,,no,match
timsolov__rest-query-parser,syft,1,1,7,7,11,11,yes,12,11,9/0/2/1/8/0/7/2/0,9/0/2/1/8/0/7/2/0,,,no,match
timsolov__rest-query-parser,trivy,1,1,7,7,11,11,yes,12,11,11/0/0/1/10/0/7/4/0,11/0/0/1/10/0/7/4/0,,,no,match
timsolov__rest-query-parser,cdxgen,1,1,7,7,11,11,yes,12,11,1/0/10/1/0/0/1/0/6,1/0/10/1/0/0/1/0/6,,,no,match
timsolov__rest-query-parser,cyclonedx-gomod,1,1,7,7,11,11,yes,12,11,1/0/10/1/0/0/1/0/6,1/0/10/1/0/0/1/0/6,,,no,match
tinygo-org__tinygo,syft,15,15,17,17,89,89,yes,90,89,50/14/39/15/49/0/17/47/0,50/14/39/15/49/0/17/47/0,,,no,match
tinygo-org__tinygo,trivy,15,15,17,17,89,89,yes,90,89,43/12/46/15/40/0/17/38/0,43/12/46/15/40/0/17/38/0,,,no,match
tinygo-org__tinygo,cdxgen,15,15,17,17,89,89,yes,90,89,43/7/46/15/35/0/17/33/0,43/7/46/15/35/0/17/33/0,,,no,match
tinygo-org__tinygo,cyclonedx-gomod,15,15,17,17,89,89,yes,90,89,40/0/49/15/25/0/15/25/2,40/0/49/15/25/0/15/25/2,,,no,match
tj__mmake,syft,6,6,6,6,44,44,yes,45,44,11/0/33/6/5/0/6/5/0,11/0/33/6/5/0/6/5/0,,,no,match
tj__mmake,trivy,6,6,6,6,44,44,yes,45,44,44/0/0/6/38/0/6/38/0,44/0/0/6/38/0/6/38/0,,,no,match
tj__mmake,cdxgen,6,6,6,6,44,44,yes,45,44,6/0/38/6/0/0/6/0/0,6/0/38/6/0/0/6/0/0,,,no,match
tj__mmake,cyclonedx-gomod,6,6,6,6,44,44,yes,45,44,6/0/38/6/0/0/6/0/0,6/0/38/6/0/0/6/0/0,,,no,match
tkrop__go-testing,syft,10,10,12,12,25,25,yes,26,25,18/0/7/10/8/0/12/6/0,18/0/7/10/8/0/12/6/0,,,no,match
tkrop__go-testing,trivy,10,10,12,12,25,25,yes,26,25,13/0/12/10/3/0/12/1/0,13/0/12/10/3/0/12/1/0,,,no,match
tkrop__go-testing,cdxgen,10,10,12,12,25,25,yes,26,25,10/0/15/10/0/0/10/0/2,10/0/15/10/0/0/10/0/2,,,no,match
tkrop__go-testing,cyclonedx-gomod,10,10,12,12,25,25,yes,26,25,10/0/15/10/0/0/10/0/2,10/0/15/10/0/0/10/0/2,,,no,match
tmc__langchaingo,syft,246,246,280,280,883,883,yes,884,883,358/79/525/246/191/0/280/157/0,358/79/525/246/191/0/280/157/0,,,no,match
tmc__langchaingo,trivy,246,246,280,280,883,883,yes,884,883,293/79/590/246/126/0/280/92/0,293/79/590/246/126/0/280/92/0,,,no,match
tmc__langchaingo,cdxgen,246,246,280,280,883,883,yes,884,883,249/2/634/246/5/0/246/5/34,249/2/634/246/5/0/246/5/34,,,no,match
tmc__langchaingo,cyclonedx-gomod,246,246,280,280,883,883,yes,884,883,244/0/639/239/5/7/239/5/41,244/0/639/239/5/7/239/5/41,,,no,match
tockins__realize,syft,19,19,19,19,27,27,yes,28,27,23/0/4/19/4/0/19/4/0,23/0/4/19/4/0/19/4/0,,,no,match
tockins__realize,trivy,19,19,19,19,27,27,yes,28,27,27/1/0/19/9/0/19/9/0,27/1/0/19/9/0/19/9/0,,,no,match
tockins__realize,cdxgen,19,19,19,19,27,27,yes,28,27,19/0/8/19/0/0/19/0/0,19/0/8/19/0/0/19/0/0,,,no,match
tockins__realize,cyclonedx-gomod,19,19,19,19,27,27,yes,28,27,NA,NA,,,no,match
tomarrell__wrapcheck,syft,19,19,22,22,120,120,yes,121,120,30/0/90/19/11/0/22/8/0,30/0/90/19/11/0/22/8/0,,,no,match
tomarrell__wrapcheck,trivy,19,19,22,22,120,120,yes,121,120,24/0/96/19/5/0/22/2/0,24/0/96/19/5/0/22/2/0,,,no,match
tomarrell__wrapcheck,cdxgen,19,19,22,22,120,120,yes,121,120,19/0/101/19/0/0/19/0/3,19/0/101/19/0/0/19/0/3,,,no,match
tomarrell__wrapcheck,cyclonedx-gomod,19,19,22,22,120,120,yes,121,120,19/0/101/17/2/2/17/2/5,19/0/101/17/2/2/17/2/5,,,no,match
tomlazar__table,syft,6,6,10,10,12,12,yes,13,12,11/0/1/6/5/0/10/1/0,11/0/1/6/5/0/10/1/0,,,no,match
tomlazar__table,trivy,6,6,10,10,12,12,yes,13,12,12/0/0/6/6/0/10/2/0,12/0/0/6/6/0/10/2/0,,,no,match
tomlazar__table,cdxgen,6,6,10,10,12,12,yes,13,12,6/0/6/6/0/0/6/0/4,6/0/6/6/0/0/6/0/4,,,no,match
tomlazar__table,cyclonedx-gomod,6,6,10,10,12,12,yes,13,12,6/0/6/6/0/0/6/0/4,6/0/6/6/0/0/6/0/4,,,no,match
tomodian__release,syft,14,14,18,18,29,29,yes,30,29,24/0/5/14/10/0/18/6/0,24/0/5/14/10/0/18/6/0,,,no,match
tomodian__release,trivy,14,14,18,18,29,29,yes,30,29,21/0/8/14/7/0/18/3/0,21/0/8/14/7/0/18/3/0,,,no,match
tomodian__release,cdxgen,14,14,18,18,29,29,yes,30,29,14/0/15/14/0/0/14/0/4,14/0/15/14/0/0/14/0/4,,,no,match
tomodian__release,cyclonedx-gomod,14,14,18,18,29,29,yes,30,29,15/0/14/14/1/0/14/1/4,15/0/14/14/1/0/14/1/4,,,no,match
tomwright__dasel,syft,33,33,33,33,65,65,yes,66,65,50/0/15/33/17/0/33/17/0,50/0/15/33/17/0/33/17/0,,,no,match
tomwright__dasel,trivy,33,33,33,33,65,65,yes,66,65,39/0/26/33/6/0/33/6/0,39/0/26/33/6/0/33/6/0,,,no,match
tomwright__dasel,cdxgen,33,33,33,33,65,65,yes,66,65,33/0/32/33/0/0/33/0/0,33/0/32/33/0/0/33/0/0,,,no,match
tomwright__dasel,cyclonedx-gomod,33,33,33,33,65,65,yes,66,65,37/0/28/32/5/1/32/5/1,37/0/28/32/5/1/32/5/1,,,no,match
tricksterproxy__trickster,syft,57,57,65,65,542,542,yes,543,542,299/10/243/57/252/0/65/244/0,299/10/243/57/252/0/65/244/0,,,no,match
tricksterproxy__trickster,trivy,57,57,65,65,542,542,yes,543,542,263/10/279/57/216/0/65/208/0,263/10/279/57/216/0/65/208/0,,,no,match
tricksterproxy__trickster,cdxgen,57,57,65,65,542,542,yes,543,542,61/0/481/57/4/0/61/0/4,61/0/481/57/4/0/61/0/4,,,no,match
tricksterproxy__trickster,cyclonedx-gomod,57,57,65,65,542,542,yes,543,542,249/0/293/56/193/1/57/192/8,249/0/293/56/193/1/57/192/8,,,no,match
trpc-group__trpc-go,syft,37,37,42,42,67,67,yes,68,67,51/5/16/37/19/0/42/14/0,51/5/16/37/19/0/42/14/0,,,no,match
trpc-group__trpc-go,trivy,37,37,42,42,67,67,yes,68,67,45/6/22/37/14/0/42/9/0,45/6/22/37/14/0/42/9/0,,,no,match
trpc-group__trpc-go,cdxgen,37,37,42,42,67,67,yes,68,67,38/1/29/37/2/0/37/2/5,38/1/29/37/2/0/37/2/5,,,no,match
trpc-group__trpc-go,cyclonedx-gomod,37,37,42,42,67,67,yes,68,67,37/0/30/37/0/0/37/0/5,37/0/30/37/0/0/37/0/5,,,no,match
truemail-rb__truemail-go,syft,12,12,12,12,22,22,yes,23,22,16/0/6/12/4/0/12/4/0,16/0/6/12/4/0/12/4/0,,,no,match
truemail-rb__truemail-go,trivy,12,12,12,12,22,22,yes,23,22,15/0/7/12/3/0/12/3/0,15/0/7/12/3/0/12/3/0,,,no,match
truemail-rb__truemail-go,cdxgen,12,12,12,12,22,22,yes,23,22,12/0/10/12/0/0/12/0/0,12/0/10/12/0/0/12/0/0,,,no,match
truemail-rb__truemail-go,cyclonedx-gomod,12,12,12,12,22,22,yes,23,22,15/0/7/12/3/0/12/3/0,15/0/7/12/3/0/12/3/0,,,no,match
tsenart__vegeta,syft,20,20,31,31,216,216,yes,217,216,47/0/169/20/27/0/31/16/0,47/0/169/20/27/0/31/16/0,,,no,match
tsenart__vegeta,trivy,20,20,31,31,216,216,yes,217,216,36/0/180/20/16/0/31/5/0,36/0/180/20/16/0/31/5/0,,,no,match
tsenart__vegeta,cdxgen,20,20,31,31,216,216,yes,217,216,20/0/196/20/0/0/20/0/11,20/0/196/20/0/0/20/0/11,,,no,match
tsenart__vegeta,cyclonedx-gomod,20,20,31,31,216,216,yes,217,216,20/0/196/20/0/0/20/0/11,20/0/196/20/0/0/20/0/11,,,no,match
tucnak__telebot,syft,20,20,23,23,186,186,yes,187,186,34/0/152/20/14/0/23/11/0,34/0/152/20/14/0/23/11/0,,,no,match
tucnak__telebot,trivy,20,20,23,23,186,186,yes,187,186,186/0/0/20/166/0/23/163/0,186/0/0/20/166/0/23/163/0,,,no,match
tucnak__telebot,cdxgen,20,20,23,23,186,186,yes,187,186,20/0/166/20/0/0/20/0/3,20/0/166/20/0/0/20/0/3,,,no,match
tucnak__telebot,cyclonedx-gomod,20,20,23,23,186,186,yes,187,186,21/0/165/19/2/1/19/2/4,21/0/165/19/2/1/19/2/4,,,no,match
twharmon__gosql,syft,1,1,3,3,3,3,yes,4,3,3/0/0/1/2/0/3/0/0,3/0/0/1/2/0/3/0/0,,,no,match
twharmon__gosql,trivy,1,1,3,3,3,3,yes,4,3,3/0/0/1/2/0/3/0/0,3/0/0/1/2/0/3/0/0,,,no,match
twharmon__gosql,cdxgen,1,1,3,3,3,3,yes,4,3,1/0/2/1/0/0/1/0/2,1/0/2/1/0/0/1/0/2,,,no,match
twharmon__gosql,cyclonedx-gomod,1,1,3,3,3,3,yes,4,3,1/0/2/1/0/0/1/0/2,1/0/2/1/0/0/1/0/2,,,no,match
txn2__kubefwd,syft,105,105,105,105,197,197,yes,198,197,139/2/58/105/36/0/105/36/0,139/2/58/105/36/0/105/36/0,,,no,match
txn2__kubefwd,trivy,105,105,105,105,197,197,yes,198,197,116/3/81/105/14/0/105/14/0,116/3/81/105/14/0/105/14/0,,,no,match
txn2__kubefwd,cdxgen,105,105,105,105,197,197,yes,198,197,105/2/92/105/2/0/105/2/0,105/2/92/105/2/0/105/2/0,,,no,match
txn2__kubefwd,cyclonedx-gomod,105,105,105,105,197,197,yes,198,197,115/0/82/104/11/1/104/11/1,115/0/82/104/11/1/104/11/1,,,no,match
uadmin__uadmin,syft,27,27,27,27,47,47,yes,48,47,33/0/14/27/6/0/27/6/0,33/0/14/27/6/0/27/6/0,,,no,match
uadmin__uadmin,trivy,27,27,27,27,47,47,yes,48,47,28/0/19/27/1/0/27/1/0,28/0/19/27/1/0/27/1/0,,,no,match
uadmin__uadmin,cdxgen,27,27,27,27,47,47,yes,48,47,27/0/20/27/0/0/27/0/0,27/0/20/27/0/0/27/0/0,,,no,match
uadmin__uadmin,cyclonedx-gomod,27,27,27,27,47,47,yes,48,47,28/0/19/27/1/0/27/1/0,28/0/19/27/1/0/27/1/0,,,no,match
uber-go__cadence-client,syft,48,48,52,52,147,147,yes,148,147,73/30/74/48/55/0/52/51/0,73/30/74/48/55/0/52/51/0,,,no,match
uber-go__cadence-client,trivy,48,48,52,52,147,147,yes,148,147,64/31/83/48/47/0/52/43/0,64/31/83/48/47/0/52/43/0,,,no,match
uber-go__cadence-client,cdxgen,48,48,52,52,147,147,yes,148,147,60/30/87/48/42/0/49/41/3,60/30/87/48/42/0/49/41/3,,,no,match
uber-go__cadence-client,cyclonedx-gomod,48,48,52,52,147,147,yes,148,147,54/0/93/47/7/1/47/7/5,54/0/93/47/7/1/47/7/5,,,no,match
uber-go__dig,syft,4,4,4,4,6,6,yes,7,6,5/0/1/4/1/0/4/1/0,5/0/1/4/1/0/4/1/0,,,no,match
uber-go__dig,trivy,4,4,4,4,6,6,yes,7,6,4/0/2/4/0/0/4/0/0,4/0/2/4/0/0/4/0/0,,,no,match
uber-go__dig,cdxgen,4,4,4,4,6,6,yes,7,6,4/0/2/4/0/0/4/0/0,4/0/2/4/0/0/4/0/0,,,no,match
uber-go__dig,cyclonedx-gomod,4,4,4,4,6,6,yes,7,6,1/0/5/1/0/3/1/0/3,1/0/5/1/0/3/1/0/3,,,no,match
uber-go__fx,syft,4,4,9,9,15,15,yes,16,15,13/6/2/4/15/0/9/10/0,13/6/2/4/15/0/9/10/0,,,no,match
uber-go__fx,trivy,4,4,9,9,15,15,yes,16,15,10/5/5/4/11/0/9/6/0,10/5/5/4/11/0/9/6/0,,,no,match
uber-go__fx,cdxgen,4,4,9,9,15,15,yes,16,15,9/2/6/4/7/0/8/3/1,9/2/6/4/7/0/8/3/1,,,no,match
uber-go__fx,cyclonedx-gomod,4,4,9,9,15,15,yes,16,15,4/0/11/4/0/0/4/0/5,4/0/11/4/0/0/4/0/5,,,no,match
uber-go__mock,syft,4,4,8,8,14,14,yes,15,14,10/5/4/4/11/0/8/7/0,10/5/4/4/11/0/8/7/0,,,no,match
uber-go__mock,trivy,4,4,8,8,14,14,yes,15,14,8/5/6/4/9/0/8/5/0,8/5/6/4/9/0/8/5/0,,,no,match
uber-go__mock,cdxgen,4,4,8,8,14,14,yes,15,14,4/1/10/4/1/0/4/1/4,4/1/10/4/1/0/4/1/4,,,no,match
uber-go__mock,cyclonedx-gomod,4,4,8,8,14,14,yes,15,14,4/0/10/4/0/0/4/0/4,4/0/10/4/0/0/4/0/4,,,no,match
uber-go__zap,syft,1,1,7,7,12,12,yes,13,12,10/23/2/1/32/0/7/26/0,10/23/2/1/32/0/7/26/0,,,no,match
uber-go__zap,trivy,1,1,7,7,12,12,yes,13,12,10/24/2/1/33/0/7/27/0,10/24/2/1/33/0/7/27/0,,,no,match
uber-go__zap,cdxgen,1,1,7,7,12,12,yes,13,12,1/6/11/1/6/0/1/6/6,1/6/11/1/6/0/1/6/6,,,no,match
uber-go__zap,cyclonedx-gomod,1,1,7,7,12,12,yes,13,12,1/0/11/1/0/0/1/0/6,1/0/11/1/0/0/1/0/6,,,no,match
udhos__jazigo,syft,8,8,8,8,24,24,yes,25,24,17/0/7/8/9/0/8/9/0,17/0/7/8/9/0/8/9/0,,,no,match
udhos__jazigo,trivy,8,8,8,8,24,24,yes,25,24,10/0/14/8/2/0/8/2/0,10/0/14/8/2/0/8/2/0,,,no,match
udhos__jazigo,cdxgen,8,8,8,8,24,24,yes,25,24,8/0/16/8/0/0/8/0/0,8/0/16/8/0/0/8/0/0,,,no,match
udhos__jazigo,cyclonedx-gomod,8,8,8,8,24,24,yes,25,24,9/0/15/8/1/0/8/1/0,9/0/15/8/1/0/8/1/0,,,no,match
ulule__limiter,syft,27,27,27,27,50,50,yes,51,50,42/0/8/27/15/0/27/15/0,42/0/8/27/15/0/27/15/0,,,no,match
ulule__limiter,trivy,27,27,27,27,50,50,yes,51,50,38/0/12/27/11/0/27/11/0,38/0/12/27/11/0/27/11/0,,,no,match
ulule__limiter,cdxgen,27,27,27,27,50,50,yes,51,50,27/0/23/27/0/0/27/0/0,27/0/23/27/0/0/27/0/0,,,no,match
ulule__limiter,cyclonedx-gomod,27,27,27,27,50,50,yes,51,50,36/0/14/27/9/0/27/9/0,36/0/14/27/9/0/27/9/0,,,no,match
ungerik__go3d,syft,1,1,1,1,1,1,yes,2,1,1/0/0/1/0/0/1/0/0,1/0/0/1/0/0/1/0/0,,,no,match
ungerik__go3d,trivy,1,1,1,1,1,1,yes,2,1,1/0/0/1/0/0/1/0/0,1/0/0/1/0/0/1/0/0,,,no,match
ungerik__go3d,cdxgen,1,1,1,1,1,1,yes,2,1,1/0/0/1/0/0/1/0/0,1/0/0/1/0/0/1/0/0,,,no,match
ungerik__go3d,cyclonedx-gomod,1,1,1,1,1,1,yes,2,1,1/0/0/1/0/0/1/0/0,1/0/0/1/0/0/1/0/0,,,no,match
unidoc__unioffice,syft,28,28,28,28,46,46,yes,47,46,33/0/13/28/5/0/28/5/0,33/0/13/28/5/0/28/5/0,,,no,match
unidoc__unioffice,trivy,28,28,28,28,46,46,yes,47,46,28/0/18/28/0/0/28/0/0,28/0/18/28/0/0/28/0/0,,,no,match
unidoc__unioffice,cdxgen,28,28,28,28,46,46,yes,47,46,28/0/18/28/0/0/28/0/0,28/0/18/28/0/0/28/0/0,,,no,match
unidoc__unioffice,cyclonedx-gomod,28,28,28,28,46,46,yes,47,46,28/0/18/28/0/0/28/0/0,28/0/18/28/0/0/28/0/0,,,no,match
unionj-cloud__go-doudou,syft,254,254,260,260,756,756,yes,757,756,327/5/429/254/78/0/260/72/0,327/5/429/254/78/0/260/72/0,,,no,match
unionj-cloud__go-doudou,trivy,254,254,260,260,756,756,yes,757,756,280/3/476/254/29/0/260/23/0,280/3/476/254/29/0/260/23/0,,,no,match
unionj-cloud__go-doudou,cdxgen,254,254,260,260,756,756,yes,757,756,280/2/476/254/28/0/260/22/0,280/2/476/254/28/0/260/22/0,,,no,match
unionj-cloud__go-doudou,cyclonedx-gomod,254,254,260,260,756,756,yes,757,756,270/0/486/254/16/0/257/13/3,270/0/486/254/16/0/257/13/3,,,no,match
uniqush__uniqush-push,syft,6,6,6,6,24,24,yes,25,24,21/0/3/6/15/0/6/15/0,21/0/3/6/15/0/6/15/0,,,no,match
uniqush__uniqush-push,trivy,6,6,6,6,24,24,yes,25,24,24/0/0/6/18/0/6/18/0,24/0/0/6/18/0/6/18/0,,,no,match
uniqush__uniqush-push,cdxgen,6,6,6,6,24,24,yes,25,24,6/0/18/6/0/0/6/0/0,6/0/18/6/0/0/6/0/0,,,no,match
uniqush__uniqush-push,cyclonedx-gomod,6,6,6,6,24,24,yes,25,24,6/0/18/6/0/0/6/0/0,6/0/18/6/0/0/6/0/0,,,no,match
unit-io__unitdb,syft,13,13,13,13,51,51,yes,52,51,14/0/37/13/1/0/13/1/0,14/0/37/13/1/0/13/1/0,,,no,match
unit-io__unitdb,trivy,13,13,13,13,51,51,yes,52,51,51/0/0/13/38/0/13/38/0,51/0/0/13/38/0/13/38/0,,,no,match
unit-io__unitdb,cdxgen,13,13,13,13,51,51,yes,52,51,13/0/38/13/0/0/13/0/0,13/0/38/13/0/0/13/0/0,,,no,match
unit-io__unitdb,cyclonedx-gomod,13,13,13,13,51,51,yes,52,51,13/0/38/13/0/0/13/0/0,13/0/38/13/0/0/13/0/0,,,no,match
unix4fun__naclpipe,syft,2,2,2,2,2,2,yes,3,2,2/0/0/2/0/0/2/0/0,2/0/0/2/0/0/2/0/0,,,no,match
unix4fun__naclpipe,trivy,2,2,2,2,2,2,yes,3,2,2/0/0/2/0/0/2/0/0,2/0/0/2/0/0/2/0/0,,,no,match
unix4fun__naclpipe,cdxgen,2,2,2,2,2,2,yes,3,2,2/0/0/2/0/0/2/0/0,2/0/0/2/0/0/2/0/0,,,no,match
unix4fun__naclpipe,cyclonedx-gomod,2,2,2,2,2,2,yes,3,2,2/0/0/2/0/0/2/0/0,2/0/0/2/0/0/2/0/0,,,no,match
unki2aut__go-mpd,syft,1,1,4,4,10,10,yes,11,10,8/0/2/1/7/0/4/4/0,8/0/2/1/7/0/4/4/0,,,no,match
unki2aut__go-mpd,trivy,1,1,4,4,10,10,yes,11,10,5/0/5/1/4/0/4/1/0,5/0/5/1/4/0/4/1/0,,,no,match
unki2aut__go-mpd,cdxgen,1,1,4,4,10,10,yes,11,10,1/0/9/1/0/0/1/0/3,1/0/9/1/0/0/1/0/3,,,no,match
unki2aut__go-mpd,cyclonedx-gomod,1,1,4,4,10,10,yes,11,10,1/0/9/1/0/0/1/0/3,1/0/9/1/0/0/1/0/3,,,no,match
unrolled__render,syft,2,2,2,2,2,2,yes,3,2,2/0/0/2/0/0/2/0/0,2/0/0/2/0/0/2/0/0,,,no,match
unrolled__render,trivy,2,2,2,2,2,2,yes,3,2,2/0/0/2/0/0/2/0/0,2/0/0/2/0/0/2/0/0,,,no,match
unrolled__render,cdxgen,2,2,2,2,2,2,yes,3,2,2/0/0/2/0/0/2/0/0,2/0/0/2/0/0/2/0/0,,,no,match
unrolled__render,cyclonedx-gomod,2,2,2,2,2,2,yes,3,2,2/0/0/2/0/0/2/0/0,2/0/0/2/0/0/2/0/0,,,no,match
updatecli__updatecli,syft,311,311,333,333,759,759,yes,760,759,444/48/315/310/182/1/332/160/1,444/48/315/310/182/1/332/160/1,,,no,match
updatecli__updatecli,trivy,311,311,333,333,759,759,yes,760,759,NA,370/49/389/310/109/1/332/87/1,,,no,july_tool_na
updatecli__updatecli,cdxgen,311,311,333,333,759,759,yes,760,759,370/51/389/311/110/0/333/88/0,370/51/389/311/110/0/333/88/0,,,no,match
updatecli__updatecli,cyclonedx-gomod,311,311,333,333,759,759,yes,760,759,314/1/445/309/6/2/309/6/24,314/1/445/309/6/2/309/6/24,,,no,match
upper__db,syft,45,45,47,47,106,106,yes,107,106,56/0/50/45/11/0/47/9/0,56/0/50/45/11/0/47/9/0,,,no,match
upper__db,trivy,45,45,47,47,106,106,yes,107,106,50/0/56/45/5/0/47/3/0,50/0/56/45/5/0/47/3/0,,,no,match
upper__db,cdxgen,45,45,47,47,106,106,yes,107,106,45/0/61/45/0/0/45/0/2,45/0/61/45/0/0/45/0/2,,,no,match
upper__db,cyclonedx-gomod,45,45,47,47,106,106,yes,107,106,44/0/62/44/0/1/44/0/3,44/0/62/44/0/1/44/0/3,,,no,match
uptrace__bun,syft,9,9,13,13,22,22,yes,23,22,17/127/5/9/135/0/13/131/0,17/127/5/9/135/0/13/131/0,,,no,match
uptrace__bun,trivy,9,9,13,13,22,22,yes,23,22,17/102/5/9/110/0/13/106/0,17/102/5/9/110/0/13/106/0,,,no,match
uptrace__bun,cdxgen,9,9,13,13,22,22,yes,23,22,11/61/11/9/63/0/11/61/2,11/61/11/9/63/0/11/61/2,,,no,match
uptrace__bun,cyclonedx-gomod,9,9,13,13,22,22,yes,23,22,9/0/13/9/0/0/9/0/4,9/0/13/9/0/0/9/0/4,,,no,match
us__den,syft,57,57,61,61,126,126,yes,127,126,90/0/36/57/33/0/61/29/0,90/0/36/57/33/0/61/29/0,,,no,match
us__den,trivy,57,57,61,61,126,126,yes,127,126,76/0/50/57/19/0/61/15/0,76/0/50/57/19/0/61/15/0,,,no,match
us__den,cdxgen,57,57,61,61,126,126,yes,127,126,57/0/69/57/0/0/57/0/4,57/0/69/57/0/0/57/0/4,,,no,match
us__den,cyclonedx-gomod,57,57,61,61,126,126,yes,127,126,59/0/67/57/2/0/57/2/4,59/0/67/57/2/0/57/2/4,,,no,match
utahta__go-cronowriter,syft,2,2,2,2,10,10,yes,11,10,10/0/0/2/8/0/2/8/0,10/0/0/2/8/0/2/8/0,,,no,match
utahta__go-cronowriter,trivy,2,2,2,2,10,10,yes,11,10,10/0/0/2/8/0/2/8/0,10/0/0/2/8/0/2/8/0,,,no,match
utahta__go-cronowriter,cdxgen,2,2,2,2,10,10,yes,11,10,2/0/8/2/0/0/2/0/0,2/0/8/2/0/0/2/0/0,,,no,match
utahta__go-cronowriter,cyclonedx-gomod,2,2,2,2,10,10,yes,11,10,2/0/8/2/0/0/2/0/0,2/0/8/2/0/0/2/0/0,,,no,match
vadiminshakov__committer,syft,24,24,28,28,111,111,yes,112,111,34/0/77/24/10/0/28/6/0,34/0/77/24/10/0/28/6/0,,,no,match
vadiminshakov__committer,trivy,24,24,28,28,111,111,yes,112,111,28/0/83/24/4/0/28/0/0,28/0/83/24/4/0/28/0/0,,,no,match
vadiminshakov__committer,cdxgen,24,24,28,28,111,111,yes,112,111,24/0/87/24/0/0/24/0/4,24/0/87/24/0/0/24/0/4,,,no,match
vadiminshakov__committer,cyclonedx-gomod,24,24,28,28,111,111,yes,112,111,24/0/87/24/0/0/24/0/4,24/0/87/24/0/0/24/0/4,,,no,match
vahiiiid__go-rest-api-boilerplate,syft,60,60,65,65,288,288,yes,289,288,106/0/182/60/46/0/65/41/0,106/0/182/60/46/0/65/41/0,,,no,match
vahiiiid__go-rest-api-boilerplate,trivy,60,60,65,65,288,288,yes,289,288,76/0/212/60/16/0/65/11/0,76/0/212/60/16/0/65/11/0,,,no,match
vahiiiid__go-rest-api-boilerplate,cdxgen,60,60,65,65,288,288,yes,289,288,76/0/212/60/16/0/65/11/0,76/0/212/60/16/0/65/11/0,,,no,match
vahiiiid__go-rest-api-boilerplate,cyclonedx-gomod,60,60,65,65,288,288,yes,289,288,71/0/217/60/11/0/60/11/5,71/0/217/60/11/0/60/11/5,,,no,match
valyala__fasthttp,syft,7,7,7,7,12,12,yes,13,12,8/0/4/7/1/0/7/1/0,8/0/4/7/1/0/7/1/0,,,no,match
valyala__fasthttp,trivy,7,7,7,7,12,12,yes,13,12,7/0/5/7/0/0/7/0/0,7/0/5/7/0/0/7/0/0,,,no,match
valyala__fasthttp,cdxgen,7,7,7,7,12,12,yes,13,12,7/0/5/7/0/0/7/0/0,7/0/5/7/0/0/7/0/0,,,no,match
valyala__fasthttp,cyclonedx-gomod,7,7,7,7,12,12,yes,13,12,7/0/5/7/0/0/7/0/0,7/0/5/7/0/0/7/0/0,,,no,match
valyala__fasttemplate,syft,1,1,1,1,1,1,yes,2,1,1/0/0/1/0/0/1/0/0,1/0/0/1/0/0/1/0/0,,,no,match
valyala__fasttemplate,trivy,1,1,1,1,1,1,yes,2,1,1/0/0/1/0/0/1/0/0,1/0/0/1/0/0/1/0/0,,,no,match
valyala__fasttemplate,cdxgen,1,1,1,1,1,1,yes,2,1,1/0/0/1/0/0/1/0/0,1/0/0/1/0/0/1/0/0,,,no,match
valyala__fasttemplate,cyclonedx-gomod,1,1,1,1,1,1,yes,2,1,1/0/0/1/0/0/1/0/0,1/0/0/1/0/0/1/0/0,,,no,match
valyala__quicktemplate,syft,4,4,4,4,9,9,yes,10,9,4/0/5/4/0/0/4/0/0,4/0/5/4/0/0/4/0/0,,,no,match
valyala__quicktemplate,trivy,4,4,4,4,9,9,yes,10,9,4/0/5/4/0/0/4/0/0,4/0/5/4/0/0/4/0/0,,,no,match
valyala__quicktemplate,cdxgen,4,4,4,4,9,9,yes,10,9,4/0/5/4/0/0/4/0/0,4/0/5/4/0/0/4/0/0,,,no,match
valyala__quicktemplate,cyclonedx-gomod,4,4,4,4,9,9,yes,10,9,4/0/5/4/0/0/4/0/0,4/0/5/4/0/0/4/0/0,,,no,match
vanng822__go-premailer,syft,17,17,21,21,34,34,yes,35,34,22/0/12/17/5/0/21/1/0,22/0/12/17/5/0/21/1/0,,,no,match
vanng822__go-premailer,trivy,17,17,21,21,34,34,yes,35,34,21/0/13/17/4/0/21/0/0,21/0/13/17/4/0/21/0/0,,,no,match
vanng822__go-premailer,cdxgen,17,17,21,21,34,34,yes,35,34,17/0/17/17/0/0/17/0/4,17/0/17/17/0/0/17/0/4,,,no,match
vanng822__go-premailer,cyclonedx-gomod,17,17,21,21,34,34,yes,35,34,17/0/17/17/0/0/17/0/4,17/0/17/17/0/0/17/0/4,,,no,match
vardius__gorouter,syft,4,4,4,4,9,9,yes,10,9,4/0/5/4/0/0/4/0/0,4/0/5/4/0/0/4/0/0,,,no,match
vardius__gorouter,trivy,4,4,4,4,9,9,yes,10,9,4/0/5/4/0/0/4/0/0,4/0/5/4/0/0/4/0/0,,,no,match
vardius__gorouter,cdxgen,4,4,4,4,9,9,yes,10,9,4/0/5/4/0/0/4/0/0,4/0/5/4/0/0/4/0/0,,,no,match
vardius__gorouter,cyclonedx-gomod,4,4,4,4,9,9,yes,10,9,4/0/5/4/0/0/4/0/0,4/0/5/4/0/0/4/0/0,,,no,match
vbauerster__mpb,syft,5,5,5,5,12,12,yes,13,12,9/32/3/5/36/0/5/36/0,9/32/3/5/36/0/5/36/0,,,no,match
vbauerster__mpb,trivy,5,5,5,5,12,12,yes,13,12,8/28/4/5/31/0/5/31/0,8/28/4/5/31/0/5/31/0,,,no,match
vbauerster__mpb,cdxgen,5,5,5,5,12,12,yes,13,12,5/6/7/5/6/0/5/6/0,5/6/7/5/6/0/5/6/0,,,no,match
vbauerster__mpb,cyclonedx-gomod,5,5,5,5,12,12,yes,13,12,8/0/4/5/3/0/5/3/0,8/0/4/5/3/0/5/3/0,,,no,match
vdobler__chart,syft,4,4,4,4,8,8,yes,9,8,8/0/0/4/4/0/4/4/0,8/0/0/4/4/0/4/4/0,,,no,match
vdobler__chart,trivy,4,4,4,4,8,8,yes,9,8,8/0/0/4/4/0/4/4/0,8/0/0/4/4/0/4/4/0,,,no,match
vdobler__chart,cdxgen,4,4,4,4,8,8,yes,9,8,4/0/4/4/0/0/4/0/0,4/0/4/4/0/0/4/0/0,,,no,match
vdobler__chart,cyclonedx-gomod,4,4,4,4,8,8,yes,9,8,4/0/4/4/0/0/4/0/0,4/0/4/4/0/0/4/0/0,,,no,match
veandco__go-sdl2,syft,2,2,2,2,14,14,yes,15,14,2/0/12/2/0/0/2/0/0,2/0/12/2/0/0/2/0/0,,,no,match
veandco__go-sdl2,trivy,2,2,2,2,14,14,yes,15,14,14/0/0/2/12/0/2/12/0,14/0/0/2/12/0/2/12/0,,,no,match
veandco__go-sdl2,cdxgen,2,2,2,2,14,14,yes,15,14,2/0/12/2/0/0/2/0/0,2/0/12/2/0/0/2/0/0,,,no,match
veandco__go-sdl2,cyclonedx-gomod,2,2,2,2,14,14,yes,15,14,2/0/12/2/0/0/2/0/0,2/0/12/2/0/0/2/0/0,,,no,match
vectaport__flowgraph,syft,3,3,3,3,6,6,yes,7,6,3/0/3/3/0/0/3/0/0,3/0/3/3/0/0/3/0/0,,,no,match
vectaport__flowgraph,trivy,3,3,3,3,6,6,yes,7,6,3/0/3/3/0/0/3/0/0,3/0/3/3/0/0/3/0/0,,,no,match
vectaport__flowgraph,cdxgen,3,3,3,3,6,6,yes,7,6,3/0/3/3/0/0/3/0/0,3/0/3/3/0/0/3/0/0,,,no,match
vectaport__flowgraph,cyclonedx-gomod,3,3,3,3,6,6,yes,7,6,3/0/3/3/0/0/3/0/0,3/0/3/3/0/0/3/0/0,,,no,match
vektra__mockery,syft,38,38,38,38,407,407,yes,408,407,259/2/148/38/223/0/38/223/0,259/2/148/38/223/0/38/223/0,,,no,match
vektra__mockery,trivy,38,38,38,38,407,407,yes,408,407,249/2/158/38/213/0/38/213/0,249/2/158/38/213/0/38/213/0,,,no,match
vektra__mockery,cdxgen,38,38,38,38,407,407,yes,408,407,247/0/160/38/209/0/38/209/0,247/0/160/38/209/0/38/209/0,,,no,match
vektra__mockery,cyclonedx-gomod,38,38,38,38,407,407,yes,408,407,241/0/166/38/203/0/38/203/0,241/0/166/38/203/0/38/203/0,,,no,match
viant__afs,syft,5,5,11,11,79,79,yes,80,79,20/0/59/5/15/0/11/9/0,20/0/59/5/15/0/11/9/0,,,no,match
viant__afs,trivy,5,5,11,11,79,79,yes,80,79,15/0/64/5/10/0/11/4/0,15/0/64/5/10/0/11/4/0,,,no,match
viant__afs,cdxgen,5,5,11,11,79,79,yes,80,79,5/0/74/5/0/0/5/0/6,5/0/74/5/0/0/5/0/6,,,no,match
viant__afs,cyclonedx-gomod,5,5,11,11,79,79,yes,80,79,6/0/73/5/1/0/5/1/6,6/0/73/5/1/0/5/1/6,,,no,match
viant__bgc,syft,31,31,37,37,102,102,yes,103,102,57/0/45/31/26/0/37/20/0,57/0/45/31/26/0/37/20/0,,,no,match
viant__bgc,trivy,31,31,37,37,102,102,yes,103,102,44/0/58/31/13/0/37/7/0,44/0/58/31/13/0/37/7/0,,,no,match
viant__bgc,cdxgen,31,31,37,37,102,102,yes,103,102,31/0/71/31/0/0/31/0/6,31/0/71/31/0/0/31/0/6,,,no,match
viant__bgc,cyclonedx-gomod,31,31,37,37,102,102,yes,103,102,NA,NA,,,no,match
viant__dsc,syft,13,13,23,23,338,338,yes,339,338,54/0/284/13/41/0/23/31/0,54/0/284/13/41/0/23/31/0,,,no,match
viant__dsc,trivy,13,13,23,23,338,338,yes,339,338,30/0/308/13/17/0/23/7/0,30/0/308/13/17/0/23/7/0,,,no,match
viant__dsc,cdxgen,13,13,23,23,338,338,yes,339,338,13/0/325/13/0/0/13/0/10,13/0/325/13/0/0/13/0/10,,,no,match
viant__dsc,cyclonedx-gomod,13,13,23,23,338,338,yes,339,338,14/0/324/13/1/0/13/1/10,14/0/324/13/1/0/13/1/10,,,no,match
viant__endly,syft,204,204,208,208,630,630,yes,631,630,275/6/355/204/77/0/208/73/0,275/6/355/204/77/0/208/73/0,,,no,match
viant__endly,trivy,204,204,208,208,630,630,yes,631,630,630/66/0/204/492/0/208/488/0,630/66/0/204/492/0/208/488/0,,,no,match
viant__endly,cdxgen,204,204,208,208,630,630,yes,631,630,204/0/426/204/0/0/204/0/4,204/0/426/204/0/0/204/0/4,,,no,match
viant__endly,cyclonedx-gomod,204,204,208,208,630,630,yes,631,630,217/0/413/204/13/0/204/13/4,217/0/413/204/13/0/204/13/4,,,no,match
vibridi__gomock,syft,4,4,8,8,11,11,yes,12,11,9/0/2/4/5/0/8/1/0,9/0/2/4/5/0/8/1/0,,,no,match
vibridi__gomock,trivy,4,4,8,8,11,11,yes,12,11,8/0/3/4/4/0/8/0/0,8/0/3/4/4/0/8/0/0,,,no,match
vibridi__gomock,cdxgen,4,4,8,8,11,11,yes,12,11,4/0/7/4/0/0/4/0/4,4/0/7/4/0/0/4/0/4,,,no,match
vibridi__gomock,cyclonedx-gomod,4,4,8,8,11,11,yes,12,11,4/0/7/4/0/0/4/0/4,4/0/7/4/0/0/4/0/4,,,no,match
viccon__sturdyc,syft,1,1,2,2,2,2,yes,3,2,2/0/0/1/1/0/2/0/0,2/0/0/1/1/0/2/0/0,,,no,match
viccon__sturdyc,trivy,1,1,2,2,2,2,yes,3,2,2/0/0/1/1/0/2/0/0,2/0/0/1/1/0/2/0/0,,,no,match
viccon__sturdyc,cdxgen,1,1,2,2,2,2,yes,3,2,1/0/1/1/0/0/1/0/1,1/0/1/1/0/0/1/0/1,,,no,match
viccon__sturdyc,cyclonedx-gomod,1,1,2,2,2,2,yes,3,2,1/0/1/1/0/0/1/0/1,1/0/1/1/0/0/1/0/1,,,no,match
vimeda__pletter,syft,2,2,2,2,4,4,yes,5,4,3/0/1/2/1/0/2/1/0,3/0/1/2/1/0/2/1/0,,,no,match
vimeda__pletter,trivy,2,2,2,2,4,4,yes,5,4,4/0/0/2/2/0/2/2/0,4/0/0/2/2/0/2/2/0,,,no,match
vimeda__pletter,cdxgen,2,2,2,2,4,4,yes,5,4,2/0/2/2/0/0/2/0/0,2/0/2/2/0/0/2/0/0,,,no,match
vimeda__pletter,cyclonedx-gomod,2,2,2,2,4,4,yes,5,4,2/0/2/2/0/0/2/0/0,2/0/2/2/0/0/2/0/0,,,no,match
viney-shih__go-cache,syft,10,10,14,14,48,48,yes,49,48,24/0/24/10/14/0/14/10/0,24/0/24/10/14/0/14/10/0,,,no,match
viney-shih__go-cache,trivy,10,10,14,14,48,48,yes,49,48,14/0/34/10/4/0/14/0/0,14/0/34/10/4/0/14/0/0,,,no,match
viney-shih__go-cache,cdxgen,10,10,14,14,48,48,yes,49,48,10/0/38/10/0/0/10/0/4,10/0/38/10/0/0/10/0/4,,,no,match
viney-shih__go-cache,cyclonedx-gomod,10,10,14,14,48,48,yes,49,48,10/0/38/10/0/0/10/0/4,10/0/38/10/0/0/10/0/4,,,no,match
viney-shih__go-lock,syft,1,1,5,5,7,7,yes,8,7,6/0/1/1/5/0/5/1/0,6/0/1/1/5/0/5/1/0,,,no,match
viney-shih__go-lock,trivy,1,1,5,5,7,7,yes,8,7,7/0/0/1/6/0/5/2/0,7/0/0/1/6/0/5/2/0,,,no,match
viney-shih__go-lock,cdxgen,1,1,5,5,7,7,yes,8,7,1/0/6/1/0/0/1/0/4,1/0/6/1/0/0/1/0/4,,,no,match
viney-shih__go-lock,cyclonedx-gomod,1,1,5,5,7,7,yes,8,7,1/0/6/1/0/0/1/0/4,1/0/6/1/0/0/1/0/4,,,no,match
vinod-morya__fibersse,syft,16,16,16,16,28,28,yes,29,28,24/0/4/16/8/0/16/8/0,24/0/4/16/8/0/16/8/0,,,no,match
vinod-morya__fibersse,trivy,16,16,16,16,28,28,yes,29,28,16/0/12/16/0/0/16/0/0,16/0/12/16/0/0/16/0/0,,,no,match
vinod-morya__fibersse,cdxgen,16,16,16,16,28,28,yes,29,28,16/0/12/16/0/0/16/0/0,16/0/12/16/0/0/16/0/0,,,no,match
vinod-morya__fibersse,cyclonedx-gomod,16,16,16,16,28,28,yes,29,28,16/0/12/16/0/0/16/0/0,16/0/12/16/0/0/16/0/0,,,no,match
vladopajic__go-actor,syft,1,1,6,6,11,11,yes,12,11,9/0/2/1/8/0/6/3/0,9/0/2/1/8/0/6/3/0,,,no,match
vladopajic__go-actor,trivy,1,1,6,6,11,11,yes,12,11,7/0/4/1/6/0/6/1/0,7/0/4/1/6/0/6/1/0,,,no,match
vladopajic__go-actor,cdxgen,1,1,6,6,11,11,yes,12,11,1/0/10/1/0/0/1/0/5,1/0/10/1/0/0/1/0/5,,,no,match
vladopajic__go-actor,cyclonedx-gomod,1,1,6,6,11,11,yes,12,11,1/0/10/1/0/0/1/0/5,1/0/10/1/0/0/1/0/5,,,no,match
vladopajic__go-test-coverage,syft,15,15,20,20,64,64,yes,65,64,47/0/17/15/32/0/20/27/0,47/0/17/15/32/0/20/27/0,,,no,match
vladopajic__go-test-coverage,trivy,15,15,20,20,64,64,yes,65,64,25/0/39/15/10/0/20/5/0,25/0/39/15/10/0/20/5/0,,,no,match
vladopajic__go-test-coverage,cdxgen,15,15,20,20,64,64,yes,65,64,15/0/49/15/0/0/15/0/5,15/0/49/15/0/0/15/0/5,,,no,match
vladopajic__go-test-coverage,cyclonedx-gomod,15,15,20,20,64,64,yes,65,64,15/0/49/15/0/0/15/0/5,15/0/49/15/0/0/15/0/5,,,no,match
volatiletech__authboss,syft,5,5,6,6,16,16,yes,17,16,10/0/6/5/5/0/6/4/0,10/0/6/5/5/0/6/4/0,,,no,match
volatiletech__authboss,trivy,5,5,6,6,16,16,yes,17,16,8/0/8/5/3/0/6/2/0,8/0/8/5/3/0/6/2/0,,,no,match
volatiletech__authboss,cdxgen,5,5,6,6,16,16,yes,17,16,5/0/11/5/0/0/5/0/1,5/0/11/5/0/0/5/0/1,,,no,match
volatiletech__authboss,cyclonedx-gomod,5,5,6,6,16,16,yes,17,16,6/0/10/5/1/0/5/1/1,6/0/10/5/1/0/5/1/1,,,no,match
volatiletech__sqlboiler,syft,44,44,49,49,176,176,yes,177,176,71/0/105/44/27/0/49/22/0,71/0/105/44/27/0/49/22/0,,,no,match
volatiletech__sqlboiler,trivy,44,44,49,49,176,176,yes,177,176,64/0/112/44/20/0/49/15/0,64/0/112/44/20/0/49/15/0,,,no,match
volatiletech__sqlboiler,cdxgen,44,44,49,49,176,176,yes,177,176,44/0/132/44/0/0/44/0/5,44/0/132/44/0/0/44/0/5,,,no,match
volatiletech__sqlboiler,cyclonedx-gomod,44,44,49,49,176,176,yes,177,176,58/0/118/44/14/0/44/14/5,58/0/118/44/14/0/44/14/5,,,no,match
volodymyrprokopyuk__go-blockchain,syft,10,10,10,10,48,48,yes,49,48,22/0/26/10/12/0/10/12/0,22/0/26/10/12/0/10/12/0,,,no,match
volodymyrprokopyuk__go-blockchain,trivy,10,10,10,10,48,48,yes,49,48,11/0/37/10/1/0/10/1/0,11/0/37/10/1/0/10/1/0,,,no,match
volodymyrprokopyuk__go-blockchain,cdxgen,10,10,10,10,48,48,yes,49,48,10/0/38/10/0/0/10/0/0,10/0/38/10/0/0/10/0/0,,,no,match
volodymyrprokopyuk__go-blockchain,cyclonedx-gomod,10,10,10,10,48,48,yes,49,48,11/0/37/10/1/0/10/1/0,11/0/37/10/1/0/10/1/0,,,no,match
vorlif__spreak,syft,1,1,5,5,10,10,yes,11,10,6/3/4/1/8/0/5/4/0,6/3/4/1/8/0/5/4/0,,,no,match
vorlif__spreak,trivy,1,1,5,5,10,10,yes,11,10,5/3/5/1/7/0/5/3/0,5/3/5/1/7/0/5/3/0,,,no,match
vorlif__spreak,cdxgen,1,1,5,5,10,10,yes,11,10,1/1/9/1/1/0/1/1/4,1/1/9/1/1/0/1/1/4,,,no,match
vorlif__spreak,cyclonedx-gomod,1,1,5,5,10,10,yes,11,10,1/0/9/1/0/0/1/0/4,1/0/9/1/0/0/1/0/4,,,no,match
wI2L__jsondiff,syft,4,4,4,4,4,4,yes,5,4,4/0/0/4/0/0/4/0/0,4/0/0/4/0/0/4/0/0,,,no,match
wI2L__jsondiff,trivy,4,4,4,4,4,4,yes,5,4,4/0/0/4/0/0/4/0/0,4/0/0/4/0/0/4/0/0,,,no,match
wI2L__jsondiff,cdxgen,4,4,4,4,4,4,yes,5,4,4/0/0/4/0/0/4/0/0,4/0/0/4/0/0/4/0/0,,,no,match
wI2L__jsondiff,cyclonedx-gomod,4,4,4,4,4,4,yes,5,4,4/0/0/4/0/0/4/0/0,4/0/0/4/0/0/4/0/0,,,no,match
wabarc__wayback,syft,140,140,140,140,408,408,yes,409,408,200/0/208/140/60/0/140/60/0,200/0/208/140/60/0/140/60/0,,,no,match
wabarc__wayback,trivy,140,140,140,140,408,408,yes,409,408,178/0/230/140/38/0/140/38/0,178/0/230/140/38/0/140/38/0,,,no,match
wabarc__wayback,cdxgen,140,140,140,140,408,408,yes,409,408,140/0/268/140/0/0/140/0/0,140/0/268/140/0/0/140/0/0,,,no,match
wabarc__wayback,cyclonedx-gomod,140,140,140,140,408,408,yes,409,408,178/0/230/140/38/0/140/38/0,178/0/230/140/38/0/140/38/0,,,no,match
wagoodman__dive,syft,83,83,98,98,148,148,yes,149,148,122/0/26/83/39/0/98/24/0,122/0/26/83/39/0/98/24/0,,,no,match
wagoodman__dive,trivy,83,83,98,98,148,148,yes,149,148,109/0/39/83/26/0/98/11/0,109/0/39/83/26/0/98/11/0,,,no,match
wagoodman__dive,cdxgen,83,83,98,98,148,148,yes,149,148,83/0/65/83/0/0/83/0/15,83/0/65/83/0/0/83/0/15,,,no,match
wagoodman__dive,cyclonedx-gomod,83,83,98,98,148,148,yes,149,148,84/0/64/81/3/2/81/3/17,84/0/64/81/3/2/81/3/17,,,no,match
wajox__gobase,syft,39,39,43,43,92,92,yes,93,92,60/0/32/39/21/0/43/17/0,60/0/32/39/21/0/43/17/0,,,no,match
wajox__gobase,trivy,39,39,43,43,92,92,yes,93,92,49/0/43/39/10/0/43/6/0,49/0/43/39/10/0/43/6/0,,,no,match
wajox__gobase,cdxgen,39,39,43,43,92,92,yes,93,92,39/0/53/39/0/0/39/0/4,39/0/53/39/0/0/39/0/4,,,no,match
wajox__gobase,cyclonedx-gomod,39,39,43,43,92,92,yes,93,92,45/0/47/39/6/0/39/6/4,45/0/47/39/6/0/39/6/4,,,no,match
wangyoucao577__go-project-layout,syft,2,2,2,2,2,2,yes,3,2,2/0/0/2/0/0/2/0/0,2/0/0/2/0/0/2/0/0,,,no,match
wangyoucao577__go-project-layout,trivy,2,2,2,2,2,2,yes,3,2,2/0/0/2/0/0/2/0/0,2/0/0/2/0/0/2/0/0,,,no,match
wangyoucao577__go-project-layout,cdxgen,2,2,2,2,2,2,yes,3,2,2/0/0/2/0/0/2/0/0,2/0/0/2/0/0/2/0/0,,,no,match
wangyoucao577__go-project-layout,cyclonedx-gomod,2,2,2,2,2,2,yes,3,2,2/0/0/2/0/0/2/0/0,2/0/0/2/0/0/2/0/0,,,no,match
webhookx-io__webhookx,syft,132,132,141,141,410,410,yes,411,410,195/0/215/132/63/0/141/54/0,195/0/215/132/63/0/141/54/0,,,no,match
webhookx-io__webhookx,trivy,132,132,141,141,410,410,yes,411,410,146/0/264/132/14/0/141/5/0,146/0/264/132/14/0/141/5/0,,,no,match
webhookx-io__webhookx,cdxgen,132,132,141,141,410,410,yes,411,410,132/0/278/132/0/0/132/0/9,132/0/278/132/0/0/132/0/9,,,no,match
webhookx-io__webhookx,cyclonedx-gomod,132,132,141,141,410,410,yes,411,410,132/0/278/130/2/2/130/2/11,132/0/278/130/2/2/130/2/11,,,no,match
wellington__wellington,syft,10,10,10,10,105,105,yes,106,105,12/0/93/10/2/0/10/2/0,12/0/93/10/2/0/10/2/0,,,no,match
wellington__wellington,trivy,10,10,10,10,105,105,yes,106,105,105/0/0/10/95/0/10/95/0,105/0/0/10/95/0/10/95/0,,,no,match
wellington__wellington,cdxgen,10,10,10,10,105,105,yes,106,105,10/0/95/10/0/0/10/0/0,10/0/95/10/0/0/10/0/0,,,no,match
wellington__wellington,cyclonedx-gomod,10,10,10,10,105,105,yes,106,105,12/0/93/10/2/0/10/2/0,12/0/93/10/2/0/10/2/0,,,no,match
wesql__wescale,syft,189,189,200,200,586,586,yes,587,586,262/55/324/189/128/0/200/117/0,262/55/324/189/128/0/200/117/0,,,no,match
wesql__wescale,trivy,189,189,200,200,586,586,yes,587,586,352/103/234/189/266/0/200/255/0,352/103/234/189/266/0/200/255/0,,,no,match
wesql__wescale,cdxgen,189,189,200,200,586,586,yes,587,586,191/9/395/189/11/0/189/11/11,191/9/395/189/11/0/189/11/11,,,no,match
wesql__wescale,cyclonedx-gomod,189,189,200,200,586,586,yes,587,586,207/0/379/187/20/2/187/20/13,207/0/379/187/20/2/187/20/13,,,no,match
whitaker-io__machine,syft,1,1,1,1,1,1,yes,2,1,1/46/0/1/46/0/1/46/0,1/46/0/1/46/0/1/46/0,,,no,match
whitaker-io__machine,trivy,1,1,1,1,1,1,yes,2,1,1/41/0/1/41/0/1/41/0,1/41/0/1/41/0/1/41/0,,,no,match
whitaker-io__machine,cdxgen,1,1,1,1,1,1,yes,2,1,1/31/0/1/31/0/1/31/0,1/31/0/1/31/0/1/31/0,,,no,match
whitaker-io__machine,cyclonedx-gomod,1,1,1,1,1,1,yes,2,1,1/0/0/1/0/0/1/0/0,1/0/0/1/0/0/1/0/0,,,no,match
wisp-trading__wisp,syft,120,120,126,126,313,313,yes,314,313,238/0/75/120/118/0/126/112/0,238/0/75/120/118/0/126/112/0,,,no,match
wisp-trading__wisp,trivy,120,120,126,126,313,313,yes,314,313,142/0/171/120/22/0/126/16/0,142/0/171/120/22/0/126/16/0,,,no,match
wisp-trading__wisp,cdxgen,120,120,126,126,313,313,yes,314,313,120/0/193/120/0/0/120/0/6,120/0/193/120/0/0/120/0/6,,,no,match
wisp-trading__wisp,cyclonedx-gomod,120,120,126,126,313,313,yes,314,313,127/0/186/117/10/3/117/10/9,127/0/186/117/10/3/117/10/9,,,no,match
wkhere__bcl,syft,1,1,2,2,2,2,yes,3,2,2/0/0/1/1/0/2/0/0,2/0/0/1/1/0/2/0/0,,,no,match
wkhere__bcl,trivy,1,1,2,2,2,2,yes,3,2,2/0/0/1/1/0/2/0/0,2/0/0/1/1/0/2/0/0,,,no,match
wkhere__bcl,cdxgen,1,1,2,2,2,2,yes,3,2,1/0/1/1/0/0/1/0/1,1/0/1/1/0/0/1/0/1,,,no,match
wkhere__bcl,cyclonedx-gomod,1,1,2,2,2,2,yes,3,2,1/0/1/1/0/0/1/0/1,1/0/1/1/0/0/1/0/1,,,no,match
wlevene__ini,syft,2,2,2,2,2,2,yes,3,2,2/0/0/2/0/0/2/0/0,2/0/0/2/0/0/2/0/0,,,no,match
wlevene__ini,trivy,2,2,2,2,2,2,yes,3,2,2/0/0/2/0/0/2/0/0,2/0/0/2/0/0/2/0/0,,,no,match
wlevene__ini,cdxgen,2,2,2,2,2,2,yes,3,2,2/0/0/2/0/0/2/0/0,2/0/0/2/0/0/2/0/0,,,no,match
wlevene__ini,cyclonedx-gomod,2,2,2,2,2,2,yes,3,2,2/0/0/2/0/0/2/0/0,2/0/0/2/0/0/2/0/0,,,no,match
wneessen__go-hibp,syft,1,1,1,1,1,1,yes,2,1,1/0/0/1/0/0/1/0/0,1/0/0/1/0/0/1/0/0,,,no,match
wneessen__go-hibp,trivy,1,1,1,1,1,1,yes,2,1,1/0/0/1/0/0/1/0/0,1/0/0/1/0/0/1/0/0,,,no,match
wneessen__go-hibp,cdxgen,1,1,1,1,1,1,yes,2,1,1/0/0/1/0/0/1/0/0,1/0/0/1/0/0/1/0/0,,,no,match
wneessen__go-hibp,cyclonedx-gomod,1,1,1,1,1,1,yes,2,1,1/0/0/1/0/0/1/0/0,1/0/0/1/0/0/1/0/0,,,no,match
wneessen__go-mail,syft,2,2,2,2,8,8,yes,9,8,2/0/6/2/0/0/2/0/0,2/0/6/2/0/0/2/0/0,,,no,match
wneessen__go-mail,trivy,2,2,2,2,8,8,yes,9,8,2/0/6/2/0/0/2/0/0,2/0/6/2/0/0/2/0/0,,,no,match
wneessen__go-mail,cdxgen,2,2,2,2,8,8,yes,9,8,2/0/6/2/0/0/2/0/0,2/0/6/2/0/0/2/0/0,,,no,match
wneessen__go-mail,cyclonedx-gomod,2,2,2,2,8,8,yes,9,8,2/0/6/2/0/0/2/0/0,2/0/6/2/0/0/2/0/0,,,no,match
woodpecker-ci__woodpecker,syft,201,201,206,206,413,413,yes,414,413,278/0/135/201/77/0/206/72/0,278/0/135/201/77/0/206/72/0,,,no,match
woodpecker-ci__woodpecker,trivy,201,201,206,206,413,413,yes,414,413,239/0/174/201/38/0/206/33/0,239/0/174/201/38/0/206/33/0,,,no,match
woodpecker-ci__woodpecker,cdxgen,201,201,206,206,413,413,yes,414,413,239/0/174/201/38/0/206/33/0,239/0/174/201/38/0/206/33/0,,,no,match
woodpecker-ci__woodpecker,cyclonedx-gomod,201,201,206,206,413,413,yes,414,413,228/0/185/199/29/2/199/29/7,228/0/185/199/29/2/199/29/7,,,no,match
wzshiming__ctc,syft,1,1,1,1,2,2,yes,3,2,2/0/0/1/1/0/1/1/0,2/0/0/1/1/0/1/1/0,,,no,match
wzshiming__ctc,trivy,1,1,1,1,2,2,yes,3,2,2/0/0/1/1/0/1/1/0,2/0/0/1/1/0/1/1/0,,,no,match
wzshiming__ctc,cdxgen,1,1,1,1,2,2,yes,3,2,1/0/1/1/0/0/1/0/0,1/0/1/1/0/0/1/0/0,,,no,match
wzshiming__ctc,cyclonedx-gomod,1,1,1,1,2,2,yes,3,2,2/0/0/1/1/0/1/1/0,2/0/0/1/1/0/1/1/0,,,no,match
x-mod__routine,syft,7,7,7,7,34,34,yes,35,34,17/0/17/7/10/0/7/10/0,17/0/17/7/10/0/7/10/0,,,no,match
x-mod__routine,trivy,7,7,7,7,34,34,yes,35,34,34/0/0/7/27/0/7/27/0,34/0/0/7/27/0/7/27/0,,,no,match
x-mod__routine,cdxgen,7,7,7,7,34,34,yes,35,34,7/0/27/7/0/0/7/0/0,7/0/27/7/0/0/7/0/0,,,no,match
x-mod__routine,cyclonedx-gomod,7,7,7,7,34,34,yes,35,34,7/0/27/7/0/0/7/0/0,7/0/27/7/0/0/7/0/0,,,no,match
xaionaro-go__secureio,syft,14,14,20,20,30,30,yes,31,30,22/0/8/14/8/0/20/2/0,22/0/8/14/8/0/20/2/0,,,no,match
xaionaro-go__secureio,trivy,14,14,20,20,30,30,yes,31,30,30/0/0/14/16/0/20/10/0,30/0/0/14/16/0/20/10/0,,,no,match
xaionaro-go__secureio,cdxgen,14,14,20,20,30,30,yes,31,30,14/0/16/14/0/0/14/0/6,14/0/16/14/0/0/14/0/6,,,no,match
xaionaro-go__secureio,cyclonedx-gomod,14,14,20,20,30,30,yes,31,30,14/0/16/14/0/0/14/0/6,14/0/16/14/0/0/14/0/6,,,no,match
xgzlucario__rotom,syft,32,32,39,39,129,129,yes,130,129,51/0/78/32/19/0/39/12/0,51/0/78/32/19/0/39/12/0,,,no,match
xgzlucario__rotom,trivy,32,32,39,39,129,129,yes,130,129,44/0/85/32/12/0/39/5/0,44/0/85/32/12/0/39/5/0,,,no,match
xgzlucario__rotom,cdxgen,32,32,39,39,129,129,yes,130,129,32/0/97/32/0/0/32/0/7,32/0/97/32/0/0/32/0/7,,,no,match
xgzlucario__rotom,cyclonedx-gomod,32,32,39,39,129,129,yes,130,129,35/0/94/32/3/0/32/3/7,35/0/94/32/3/0/32/3/7,,,no,match
xhd2015__xgo,syft,1,1,1,1,1,1,yes,2,1,1/135/0/1/135/0/1/135/0,1/135/0/1/135/0/1/135/0,,,no,match
xhd2015__xgo,trivy,1,1,1,1,1,1,yes,2,1,1/123/0/1/123/0/1/123/0,1/123/0/1/123/0/1/123/0,,,no,match
xhd2015__xgo,cdxgen,1,1,1,1,1,1,yes,2,1,NA,NA,,,no,match
xhd2015__xgo,cyclonedx-gomod,1,1,1,1,1,1,yes,2,1,1/0/0/1/0/0/1/0/0,1/0/0/1/0/0/1/0/0,,,no,match
xhit__go-simple-mail,syft,1,1,1,1,8,8,yes,9,8,7/0/1/1/6/0/1/6/0,7/0/1/1/6/0/1/6/0,,,no,match
xhit__go-simple-mail,trivy,1,1,1,1,8,8,yes,9,8,8/1/0/1/8/0/1/8/0,8/1/0/1/8/0/1/8/0,,,no,match
xhit__go-simple-mail,cdxgen,1,1,1,1,8,8,yes,9,8,1/0/7/1/0/0/1/0/0,1/0/7/1/0/0/1/0/0,,,no,match
xhit__go-simple-mail,cyclonedx-gomod,1,1,1,1,8,8,yes,9,8,1/0/7/1/0/0/1/0/0,1/0/7/1/0/0/1/0/0,,,no,match
xiaonanln__goworld,syft,33,33,36,36,55,55,yes,56,55,50/0/5/33/17/0/36/14/0,50/0/5/33/17/0/36/14/0,,,no,match
xiaonanln__goworld,trivy,33,33,36,36,55,55,yes,56,55,44/0/11/33/11/0/36/8/0,44/0/11/33/11/0/36/8/0,,,no,match
xiaonanln__goworld,cdxgen,33,33,36,36,55,55,yes,56,55,33/0/22/33/0/0/33/0/3,33/0/22/33/0/0/33/0/3,,,no,match
xiaonanln__goworld,cyclonedx-gomod,33,33,36,36,55,55,yes,56,55,NA,NA,,,no,match
xitonix__trubka,syft,45,45,45,45,124,124,yes,125,124,64/0/60/45/19/0/45/19/0,64/0/60/45/19/0/45/19/0,,,no,match
xitonix__trubka,trivy,45,45,45,45,124,124,yes,125,124,46/0/78/45/1/0/45/1/0,46/0/78/45/1/0/45/1/0,,,no,match
xitonix__trubka,cdxgen,45,45,45,45,124,124,yes,125,124,45/0/79/45/0/0/45/0/0,45/0/79/45/0/0/45/0/0,,,no,match
xitonix__trubka,cyclonedx-gomod,45,45,45,45,124,124,yes,125,124,46/0/78/45/1/0/45/1/0,46/0/78/45/1/0/45/1/0,,,no,match
xjasonlyu__tun2socks,syft,21,21,24,24,150,150,yes,151,150,34/0/116/21/13/0/24/10/0,34/0/116/21/13/0/24/10/0,,,no,match
xjasonlyu__tun2socks,trivy,21,21,24,24,150,150,yes,151,150,30/0/120/21/9/0/24/6/0,30/0/120/21/9/0/24/6/0,,,no,match
xjasonlyu__tun2socks,cdxgen,21,21,24,24,150,150,yes,151,150,21/0/129/21/0/0/21/0/3,21/0/129/21/0/0/21/0/3,,,no,match
xjasonlyu__tun2socks,cyclonedx-gomod,21,21,24,24,150,150,yes,151,150,24/0/126/21/3/0/21/3/3,24/0/126/21/3/0/21/3/3,,,no,match
xtaci__gaio,syft,1,1,1,1,1,1,yes,2,1,1/0/0/1/0/0/1/0/0,1/0/0/1/0/0/1/0/0,,,no,match
xtaci__gaio,trivy,1,1,1,1,1,1,yes,2,1,1/0/0/1/0/0/1/0/0,1/0/0/1/0/0/1/0/0,,,no,match
xtaci__gaio,cdxgen,1,1,1,1,1,1,yes,2,1,1/0/0/1/0/0/1/0/0,1/0/0/1/0/0/1/0/0,,,no,match
xtaci__gaio,cyclonedx-gomod,1,1,1,1,1,1,yes,2,1,1/0/0/1/0/0/1/0/0,1/0/0/1/0/0/1/0/0,,,no,match
xtaci__kcp-go,syft,8,8,13,13,40,40,yes,41,40,14/0/26/8/6/0/13/1/0,14/0/26/8/6/0/13/1/0,,,no,match
xtaci__kcp-go,trivy,8,8,13,13,40,40,yes,41,40,13/0/27/8/5/0/13/0/0,13/0/27/8/5/0/13/0/0,,,no,match
xtaci__kcp-go,cdxgen,8,8,13,13,40,40,yes,41,40,8/0/32/8/0/0/8/0/5,8/0/32/8/0/0/8/0/5,,,no,match
xtaci__kcp-go,cyclonedx-gomod,8,8,13,13,40,40,yes,41,40,8/0/32/8/0/0/8/0/5,8/0/32/8/0/0/8/0/5,,,no,match
xujiajun__nutsdb,syft,13,13,13,13,20,20,yes,21,20,17/0/3/13/4/0/13/4/0,17/0/3/13/4/0/13/4/0,,,no,match
xujiajun__nutsdb,trivy,13,13,13,13,20,20,yes,21,20,15/0/5/13/2/0/13/2/0,15/0/5/13/2/0/13/2/0,,,no,match
xujiajun__nutsdb,cdxgen,13,13,13,13,20,20,yes,21,20,13/0/7/13/0/0/13/0/0,13/0/7/13/0/0/13/0/0,,,no,match
xujiajun__nutsdb,cyclonedx-gomod,13,13,13,13,20,20,yes,21,20,10/0/10/10/0/3/10/0/3,10/0/10/10/0/3/10/0/3,,,no,match
xuri__aurora,syft,1,1,2,2,2,2,yes,3,2,2/0/0/1/1/0/2/0/0,2/0/0/1/1/0/2/0/0,,,no,match
xuri__aurora,trivy,1,1,2,2,2,2,yes,3,2,2/0/0/1/1/0/2/0/0,2/0/0/1/1/0/2/0/0,,,no,match
xuri__aurora,cdxgen,1,1,2,2,2,2,yes,3,2,1/0/1/1/0/0/1/0/1,1/0/1/1/0/0/1/0/1,,,no,match
xuri__aurora,cyclonedx-gomod,1,1,2,2,2,2,yes,3,2,1/0/1/1/0/0/1/0/1,1/0/1/1/0/0/1/0/1,,,no,match
xuri__excelize,syft,8,8,13,13,20,20,yes,21,20,14/0/6/8/6/0/13/1/0,14/0/6/8/6/0/13/1/0,,,no,match
xuri__excelize,trivy,8,8,13,13,20,20,yes,21,20,13/0/7/8/5/0/13/0/0,13/0/7/8/5/0/13/0/0,,,no,match
xuri__excelize,cdxgen,8,8,13,13,20,20,yes,21,20,8/0/12/8/0/0/8/0/5,8/0/12/8/0/0/8/0/5,,,no,match
xuri__excelize,cyclonedx-gomod,8,8,13,13,20,20,yes,21,20,8/0/12/8/0/0/8/0/5,8/0/12/8/0/0/8/0/5,,,no,match
xuri__xgen,syft,2,2,6,6,14,14,yes,15,14,7/0/7/2/5/0/6/1/0,7/0/7/2/5/0/6/1/0,,,no,match
xuri__xgen,trivy,2,2,6,6,14,14,yes,15,14,6/0/8/2/4/0/6/0/0,6/0/8/2/4/0/6/0/0,,,no,match
xuri__xgen,cdxgen,2,2,6,6,14,14,yes,15,14,2/0/12/2/0/0/2/0/4,2/0/12/2/0/0/2/0/4,,,no,match
xuri__xgen,cyclonedx-gomod,2,2,6,6,14,14,yes,15,14,2/0/12/2/0/0/2/0/4,2/0/12/2/0/0/2/0/4,,,no,match
xwjdsh__awesome-go-extra,syft,9,9,9,9,94,94,yes,95,94,22/0/72/9/13/0/9/13/0,22/0/72/9/13/0/9/13/0,,,no,match
xwjdsh__awesome-go-extra,trivy,9,9,9,9,94,94,yes,95,94,94/0/0/9/85/0/9/85/0,94/0/0/9/85/0/9/85/0,,,no,match
xwjdsh__awesome-go-extra,cdxgen,9,9,9,9,94,94,yes,95,94,9/0/85/9/0/0/9/0/0,9/0/85/9/0/0/9/0/0,,,no,match
xwjdsh__awesome-go-extra,cyclonedx-gomod,9,9,9,9,94,94,yes,95,94,9/0/85/9/0/0/9/0/0,9/0/85/9/0/0/9/0/0,,,no,match
xwjdsh__manssh,syft,5,5,8,8,10,10,yes,11,10,10/0/0/5/5/0/8/2/0,10/0/0/5/5/0/8/2/0,,,no,match
xwjdsh__manssh,trivy,5,5,8,8,10,10,yes,11,10,9/0/1/5/4/0/8/1/0,9/0/1/5/4/0/8/1/0,,,no,match
xwjdsh__manssh,cdxgen,5,5,8,8,10,10,yes,11,10,5/0/5/5/0/0/5/0/3,5/0/5/5/0/0/5/0/3,,,no,match
xwjdsh__manssh,cyclonedx-gomod,5,5,8,8,10,10,yes,11,10,6/0/4/5/1/0/5/1/3,6/0/4/5/1/0/5/1/3,,,no,match
xxjwxc__ginrpc,syft,28,28,28,28,308,308,yes,309,308,48/0/260/28/20/0/28/20/0,48/0/260/28/20/0/28/20/0,,,no,match
xxjwxc__ginrpc,trivy,28,28,28,28,308,308,yes,309,308,37/0/271/28/9/0/28/9/0,37/0/271/28/9/0/28/9/0,,,no,match
xxjwxc__ginrpc,cdxgen,28,28,28,28,308,308,yes,309,308,28/0/280/28/0/0/28/0/0,28/0/280/28/0/0/28/0/0,,,no,match
xxjwxc__ginrpc,cyclonedx-gomod,28,28,28,28,308,308,yes,309,308,37/0/271/28/9/0/28/9/0,37/0/271/28/9/0/28/9/0,,,no,match
xxjwxc__gormt,syft,48,48,48,48,324,324,yes,325,324,73/0/251/48/25/0/48/25/0,73/0/251/48/25/0/48/25/0,,,no,match
xxjwxc__gormt,trivy,48,48,48,48,324,324,yes,325,324,51/0/273/48/3/0/48/3/0,51/0/273/48/3/0/48/3/0,,,no,match
xxjwxc__gormt,cdxgen,48,48,48,48,324,324,yes,325,324,48/0/276/48/0/0/48/0/0,48/0/276/48/0/0/48/0/0,,,no,match
xxjwxc__gormt,cyclonedx-gomod,48,48,48,48,324,324,yes,325,324,47/0/277/46/1/2/46/1/2,47/0/277/46/1/2/46/1/2,,,no,match
xxjwxc__gowp,syft,12,12,12,12,149,149,yes,150,149,21/0/128/12/9/0/12/9/0,21/0/128/12/9/0/12/9/0,,,no,match
xxjwxc__gowp,trivy,12,12,12,12,149,149,yes,150,149,149/0/0/12/137/0/12/137/0,149/0/0/12/137/0/12/137/0,,,no,match
xxjwxc__gowp,cdxgen,12,12,12,12,149,149,yes,150,149,12/0/137/12/0/0/12/0/0,12/0/137/12/0/0/12/0/0,,,no,match
xxjwxc__gowp,cyclonedx-gomod,12,12,12,12,149,149,yes,150,149,12/0/137/12/0/0/12/0/0,12/0/137/12/0/0/12/0/0,,,no,match
xybor-x__xylog,syft,4,4,4,4,4,4,yes,5,4,4/0/0/4/0/0/4/0/0,4/0/0/4/0/0/4/0/0,,,no,match
xybor-x__xylog,trivy,4,4,4,4,4,4,yes,5,4,4/0/0/4/0/0/4/0/0,4/0/0/4/0/0/4/0/0,,,no,match
xybor-x__xylog,cdxgen,4,4,4,4,4,4,yes,5,4,4/0/0/4/0/0/4/0/0,4/0/0/4/0/0/4/0/0,,,no,match
xybor-x__xylog,cyclonedx-gomod,4,4,4,4,4,4,yes,5,4,4/0/0/4/0/0/4/0/0,4/0/0/4/0/0/4/0/0,,,no,match
xyproto__algernon,syft,111,111,111,111,222,222,yes,223,222,148/0/74/111/37/0/111/37/0,148/0/74/111/37/0/111/37/0,,,no,match
xyproto__algernon,trivy,111,111,111,111,222,222,yes,223,222,120/0/102/111/9/0/111/9/0,120/0/102/111/9/0/111/9/0,,,no,match
xyproto__algernon,cdxgen,111,111,111,111,222,222,yes,223,222,120/0/102/111/9/0/111/9/0,120/0/102/111/9/0/111/9/0,,,no,match
xyproto__algernon,cyclonedx-gomod,111,111,111,111,222,222,yes,223,222,114/0/108/109/5/2/109/5/2,114/0/108/109/5/2/109/5/2,,,no,match
xyproto__permissions,syft,11,11,11,11,20,20,yes,21,20,15/0/5/11/4/0/11/4/0,15/0/5/11/4/0/11/4/0,,,no,match
xyproto__permissions,trivy,11,11,11,11,20,20,yes,21,20,12/0/8/11/1/0/11/1/0,12/0/8/11/1/0/11/1/0,,,no,match
xyproto__permissions,cdxgen,11,11,11,11,20,20,yes,21,20,12/0/8/11/1/0/11/1/0,12/0/8/11/1/0/11/1/0,,,no,match
xyproto__permissions,cyclonedx-gomod,11,11,11,11,20,20,yes,21,20,11/0/9/11/0/0/11/0/0,11/0/9/11/0/0/11/0/0,,,no,match
yahoo__vssh,syft,1,1,3,3,14,14,yes,15,14,11/0/3/1/10/0/3/8/0,11/0/3/1/10/0/3/8/0,,,no,match
yahoo__vssh,trivy,1,1,3,3,14,14,yes,15,14,14/0/0/1/13/0/3/11/0,14/0/0/1/13/0/3/11/0,,,no,match
yahoo__vssh,cdxgen,1,1,3,3,14,14,yes,15,14,1/0/13/1/0/0/1/0/2,1/0/13/1/0/0/1/0/2,,,no,match
yahoo__vssh,cyclonedx-gomod,1,1,3,3,14,14,yes,15,14,2/0/12/1/1/0/1/1/2,2/0/12/1/1/0/1/1/2,,,no,match
yaitoo__xun,syft,11,11,15,15,22,22,yes,23,22,17/0/5/11/6/0/15/2/0,17/0/5/11/6/0/15/2/0,,,no,match
yaitoo__xun,trivy,11,11,15,15,22,22,yes,23,22,15/0/7/11/4/0/15/0/0,15/0/7/11/4/0/15/0/0,,,no,match
yaitoo__xun,cdxgen,11,11,15,15,22,22,yes,23,22,11/0/11/11/0/0/11/0/4,11/0/11/11/0/0/11/0/4,,,no,match
yaitoo__xun,cyclonedx-gomod,11,11,15,15,22,22,yes,23,22,11/0/11/11/0/0/11/0/4,11/0/11/11/0/0/11/0/4,,,no,match
yaronsumel__grapes,syft,3,3,3,3,15,15,yes,16,15,6/0/9/3/3/0/3/3/0,6/0/9/3/3/0/3/3/0,,,no,match
yaronsumel__grapes,trivy,3,3,3,3,15,15,yes,16,15,15/0/0/3/12/0/3/12/0,15/0/0/3/12/0/3/12/0,,,no,match
yaronsumel__grapes,cdxgen,3,3,3,3,15,15,yes,16,15,3/0/12/3/0/0/3/0/0,3/0/12/3/0/0/3/0/0,,,no,match
yaronsumel__grapes,cyclonedx-gomod,3,3,3,3,15,15,yes,16,15,4/0/11/3/1/0/3/1/0,4/0/11/3/1/0/3/1/0,,,no,match
yassinebenaid__bunster,syft,5,5,5,5,15,15,yes,16,15,12/0/3/5/7/0/5/7/0,12/0/3/5/7/0/5/7/0,,,no,match
yassinebenaid__bunster,trivy,5,5,5,5,15,15,yes,16,15,7/0/8/5/2/0/5/2/0,7/0/8/5/2/0/5/2/0,,,no,match
yassinebenaid__bunster,cdxgen,5,5,5,5,15,15,yes,16,15,5/0/10/5/0/0/5/0/0,5/0/10/5/0/0/5/0/0,,,no,match
yassinebenaid__bunster,cyclonedx-gomod,5,5,5,5,15,15,yes,16,15,5/0/10/5/0/0/5/0/0,5/0/10/5/0/0/5/0/0,,,no,match
yazgazan__jaydiff,syft,8,8,8,8,8,8,yes,9,8,8/0/0/8/0/0/8/0/0,8/0/0/8/0/0/8/0/0,,,no,match
yazgazan__jaydiff,trivy,8,8,8,8,8,8,yes,9,8,8/0/0/8/0/0/8/0/0,8/0/0/8/0/0/8/0/0,,,no,match
yazgazan__jaydiff,cdxgen,8,8,8,8,8,8,yes,9,8,8/0/0/8/0/0/8/0/0,8/0/0/8/0/0/8/0/0,,,no,match
yazgazan__jaydiff,cyclonedx-gomod,8,8,8,8,8,8,yes,9,8,8/0/0/8/0/0/8/0/0,8/0/0/8/0/0/8/0/0,,,no,match
ydb-platform__ydb-go-sdk,syft,17,17,17,17,76,76,yes,77,76,45/82/31/17/110/0/17/110/0,45/82/31/17/110/0/17/110/0,,,no,match
ydb-platform__ydb-go-sdk,trivy,17,17,17,17,76,76,yes,77,76,36/65/40/17/84/0/17/84/0,36/65/40/17/84/0/17/84/0,,,no,match
ydb-platform__ydb-go-sdk,cdxgen,17,17,17,17,76,76,yes,77,76,33/56/43/17/72/0/17/72/0,33/56/43/17/72/0/17/72/0,,,no,match
ydb-platform__ydb-go-sdk,cyclonedx-gomod,17,17,17,17,76,76,yes,77,76,14/0/62/14/0/3/14/0/3,14/0/62/14/0/3/14/0/3,,,no,match
yeqown__go-qrcode,syft,2,2,6,6,34,34,yes,35,34,28/0/6/2/26/0/6/22/0,28/0/6/2/26/0/6/22/0,,,no,match
yeqown__go-qrcode,trivy,2,2,6,6,34,34,yes,35,34,27/0/7/2/25/0/6/21/0,27/0/7/2/25/0/6/21/0,,,no,match
yeqown__go-qrcode,cdxgen,2,2,6,6,34,34,yes,35,34,14/0/20/2/12/0/2/12/4,14/0/20/2/12/0/2/12/4,,,no,match
yeqown__go-qrcode,cyclonedx-gomod,2,2,6,6,34,34,yes,35,34,22/0/12/2/20/0/2/20/4,22/0/12/2/20/0/2/20/4,,,no,match
yookoala__restit,syft,2,2,2,2,8,8,yes,9,8,7/3/1/2/8/0/2/8/0,7/3/1/2/8/0/2/8/0,,,no,match
yookoala__restit,trivy,2,2,2,2,8,8,yes,9,8,4/3/4/2/5/0/2/5/0,4/3/4/2/5/0/2/5/0,,,no,match
yookoala__restit,cdxgen,2,2,2,2,8,8,yes,9,8,2/2/6/2/2/0/2/2/0,2/2/6/2/2/0/2/2/0,,,no,match
yookoala__restit,cyclonedx-gomod,2,2,2,2,8,8,yes,9,8,2/0/6/2/0/0/2/0/0,2/0/6/2/0/0/2/0/0,,,no,match
youthlin__t,syft,4,4,7,7,34,34,yes,35,34,14/13/20/4/23/0/7/20/0,14/13/20/4/23/0/7/20/0,,,no,match
youthlin__t,trivy,4,4,7,7,34,34,yes,35,34,11/10/23/4/17/0/7/14/0,11/10/23/4/17/0/7/14/0,,,no,match
youthlin__t,cdxgen,4,4,7,7,34,34,yes,35,34,5/9/29/4/10/0/4/10/3,5/9/29/4/10/0/4/10/3,,,no,match
youthlin__t,cyclonedx-gomod,4,4,7,7,34,34,yes,35,34,5/0/29/4/1/0/4/1/3,5/0/29/4/1/0/4/1/3,,,no,match
youtube__vitess,syft,201,201,207,207,490,490,yes,491,490,273/178/217/201/250/0/207/244/0,273/178/217/201/250/0/207/244/0,,,no,match
youtube__vitess,trivy,201,201,207,207,490,490,yes,491,490,NA,NA,,,no,match
youtube__vitess,cdxgen,201,201,207,207,490,490,yes,491,490,213/166/277/201/178/0/201/178/6,213/166/277/201/178/0/201/178/6,,,no,match
youtube__vitess,cyclonedx-gomod,201,201,207,207,490,490,yes,491,490,209/0/281/200/9/1/200/9/7,209/0/281/200/9/1/200/9/7,,,no,match
ysmood__got,syft,1,1,1,1,3,3,yes,4,3,3/0/0/1/2/0/1/2/0,3/0/0/1/2/0/1/2/0,,,no,match
ysmood__got,trivy,1,1,1,1,3,3,yes,4,3,3/0/0/1/2/0/1/2/0,3/0/0/1/2/0/1/2/0,,,no,match
ysmood__got,cdxgen,1,1,1,1,3,3,yes,4,3,1/0/2/1/0/0/1/0/0,1/0/2/1/0/0/1/0/0,,,no,match
ysmood__got,cyclonedx-gomod,1,1,1,1,3,3,yes,4,3,2/0/1/1/1/0/1/1/0,2/0/1/1/1/0/1/1/0,,,no,match
yuin__gopher-lua,syft,1,1,1,1,4,4,yes,5,4,4/0/0/1/3/0/1/3/0,4/0/0/1/3/0/1/3/0,,,no,match
yuin__gopher-lua,trivy,1,1,1,1,4,4,yes,5,4,4/0/0/1/3/0/1/3/0,4/0/0/1/3/0/1/3/0,,,no,match
yuin__gopher-lua,cdxgen,1,1,1,1,4,4,yes,5,4,1/0/3/1/0/0/1/0/0,1/0/3/1/0/0/1/0/0,,,no,match
yuin__gopher-lua,cyclonedx-gomod,1,1,1,1,4,4,yes,5,4,2/0/2/1/1/0/1/1/0,2/0/2/1/1/0/1/1/0,,,no,match
yuseferi__envyaml,syft,2,2,5,5,7,7,yes,8,7,6/0/1/2/4/0/5/1/0,6/0/1/2/4/0/5/1/0,,,no,match
yuseferi__envyaml,trivy,2,2,5,5,7,7,yes,8,7,5/0/2/2/3/0/5/0/0,5/0/2/2/3/0/5/0/0,,,no,match
yuseferi__envyaml,cdxgen,2,2,5,5,7,7,yes,8,7,2/0/5/2/0/0/2/0/3,2/0/5/2/0/0/2/0/3,,,no,match
yuseferi__envyaml,cyclonedx-gomod,2,2,5,5,7,7,yes,8,7,2/0/5/2/0/0/2/0/3,2/0/5/2/0/0/2/0/3,,,no,match
yuseferi__scheduler,syft,4,4,52,52,121,121,yes,122,121,87/0/34/4/83/0/52/35/0,87/0/34/4/83/0/52/35/0,,,no,match
yuseferi__scheduler,trivy,4,4,52,52,121,121,yes,122,121,62/0/59/4/58/0/52/10/0,62/0/59/4/58/0/52/10/0,,,no,match
yuseferi__scheduler,cdxgen,4,4,52,52,121,121,yes,122,121,4/0/117/4/0/0/4/0/48,4/0/117/4/0/0/4/0/48,,,no,match
yuseferi__scheduler,cyclonedx-gomod,4,4,52,52,121,121,yes,122,121,4/0/117/4/0/0/4/0/48,4/0/117/4/0/0/4/0/48,,,no,match
yuseferi__zax,syft,2,2,6,6,10,10,yes,11,10,8/0/2/2/6/0/6/2/0,8/0/2/2/6/0/6/2/0,,,no,match
yuseferi__zax,trivy,2,2,6,6,10,10,yes,11,10,6/0/4/2/4/0/6/0/0,6/0/4/2/4/0/6/0/0,,,no,match
yuseferi__zax,cdxgen,2,2,6,6,10,10,yes,11,10,2/0/8/2/0/0/2/0/4,2/0/8/2/0/0/2/0/4,,,no,match
yuseferi__zax,cyclonedx-gomod,2,2,6,6,10,10,yes,11,10,2/0/8/2/0/0/2/0/4,2/0/8/2/0/0/2/0/4,,,no,match
yusufcanb__tlm,syft,42,42,42,42,153,153,yes,154,153,56/0/97/42/14/0/42/14/0,56/0/97/42/14/0/42/14/0,,,no,match
yusufcanb__tlm,trivy,42,42,42,42,153,153,yes,154,153,49/0/104/42/7/0/42/7/0,49/0/104/42/7/0/42/7/0,,,no,match
yusufcanb__tlm,cdxgen,42,42,42,42,153,153,yes,154,153,42/0/111/42/0/0/42/0/0,42/0/111/42/0/0/42/0/0,,,no,match
yusufcanb__tlm,cyclonedx-gomod,42,42,42,42,153,153,yes,154,153,47/0/106/42/5/0/42/5/0,47/0/106/42/5/0/42/5/0,,,no,match
z5labs__bedrock,syft,37,37,41,41,85,85,yes,86,85,58/0/27/37/21/0/41/17/0,58/0/27/37/21/0/41/17/0,,,no,match
z5labs__bedrock,trivy,37,37,41,41,85,85,yes,86,85,41/0/44/37/4/0/41/0/0,41/0/44/37/4/0/41/0/0,,,no,match
z5labs__bedrock,cdxgen,37,37,41,41,85,85,yes,86,85,37/0/48/37/0/0/37/0/4,37/0/48/37/0/0/37/0/4,,,no,match
z5labs__bedrock,cyclonedx-gomod,37,37,41,41,85,85,yes,86,85,37/0/48/37/0/0/37/0/4,37/0/48/37/0/0/37/0/4,,,no,match
z7zmey__php-parser,syft,2,2,5,5,6,6,yes,7,6,6/0/0/2/4/0/5/1/0,6/0/0/2/4/0/5/1/0,,,no,match
z7zmey__php-parser,trivy,2,2,5,5,6,6,yes,7,6,6/0/0/2/4/0/5/1/0,6/0/0/2/4/0/5/1/0,,,no,match
z7zmey__php-parser,cdxgen,2,2,5,5,6,6,yes,7,6,2/0/4/2/0/0/2/0/3,2/0/4/2/0/0/2/0/3,,,no,match
z7zmey__php-parser,cyclonedx-gomod,2,2,5,5,6,6,yes,7,6,2/0/4/2/0/0/2/0/3,2/0/4/2/0/0/2/0/3,,,no,match
zRedShift__mimemagic,syft,,2,,2,,10,NA,11,10,NA,2/0/8/2/0/0/2/0/0,,,no,july_unavailable
zRedShift__mimemagic,trivy,,2,,2,,10,NA,11,10,NA,10/0/0/2/8/0/2/8/0,,,no,july_unavailable
zRedShift__mimemagic,cdxgen,,2,,2,,10,NA,11,10,NA,2/0/8/2/0/0/2/0/0,,,no,july_unavailable
zRedShift__mimemagic,cyclonedx-gomod,,2,,2,,10,NA,11,10,NA,2/0/8/2/0/0/2/0/0,,,no,july_unavailable
zc2638__swag,syft,1,1,5,5,13,13,yes,14,13,9/0/4/1/8/0/5/4/0,9/0/4/1/8/0/5/4/0,,,no,match
zc2638__swag,trivy,1,1,5,5,13,13,yes,14,13,13/0/0/1/12/0/5/8/0,13/0/0/1/12/0/5/8/0,,,no,match
zc2638__swag,cdxgen,1,1,5,5,13,13,yes,14,13,1/0/12/1/0/0/1/0/4,1/0/12/1/0/0/1/0/4,,,no,match
zc2638__swag,cyclonedx-gomod,1,1,5,5,13,13,yes,14,13,1/0/12/1/0/0/1/0/4,1/0/12/1/0/0/1/0/4,,,no,match
zcalusic__sysinfo,syft,1,1,1,1,1,1,yes,2,1,1/0/0/1/0/0/1/0/0,1/0/0/1/0/0/1/0/0,,,no,match
zcalusic__sysinfo,trivy,1,1,1,1,1,1,yes,2,1,1/0/0/1/0/0/1/0/0,1/0/0/1/0/0/1/0/0,,,no,match
zcalusic__sysinfo,cdxgen,1,1,1,1,1,1,yes,2,1,1/0/0/1/0/0/1/0/0,1/0/0/1/0/0/1/0/0,,,no,match
zcalusic__sysinfo,cyclonedx-gomod,1,1,1,1,1,1,yes,2,1,1/0/0/1/0/0/1/0/0,1/0/0/1/0/0/1/0/0,,,no,match
zegl__goriak,syft,4,4,8,8,11,11,yes,12,11,10/0/1/4/6/0/8/2/0,10/0/1/4/6/0/8/2/0,,,no,match
zegl__goriak,trivy,4,4,8,8,11,11,yes,12,11,9/0/2/4/5/0/8/1/0,9/0/2/4/5/0/8/1/0,,,no,match
zegl__goriak,cdxgen,4,4,8,8,11,11,yes,12,11,4/0/7/4/0/0/4/0/4,4/0/7/4/0/0/4/0/4,,,no,match
zegl__goriak,cyclonedx-gomod,4,4,8,8,11,11,yes,12,11,4/0/7/4/0/0/4/0/4,4/0/7/4/0/0/4/0/4,,,no,match
zendev-sh__goai,syft,2,2,3,3,9,9,yes,10,9,7/17/2/2/22/0/3/21/0,7/17/2/2/22/0/3/21/0,,,no,match
zendev-sh__goai,trivy,2,2,3,3,9,9,yes,10,9,3/17/6/2/18/0/3/17/0,3/17/6/2/18/0/3/17/0,,,no,match
zendev-sh__goai,cdxgen,2,2,3,3,9,9,yes,10,9,2/13/7/2/13/0/2/13/1,2/13/7/2/13/0/2/13/1,,,no,match
zendev-sh__goai,cyclonedx-gomod,2,2,3,3,9,9,yes,10,9,2/0/7/2/0/0/2/0/1,2/0/7/2/0/0/2/0/1,,,no,match
zendev-sh__zenflow,syft,12,12,13,13,63,63,yes,64,63,45/0/18/12/33/0/13/32/0,45/0/18/12/33/0/13/32/0,,,no,match
zendev-sh__zenflow,trivy,12,12,13,13,63,63,yes,64,63,33/0/30/12/21/0/13/20/0,33/0/30/12/21/0/13/20/0,,,no,match
zendev-sh__zenflow,cdxgen,12,12,13,13,63,63,yes,64,63,31/0/32/12/19/0/12/19/1,31/0/32/12/19/0/12/19/1,,,no,match
zendev-sh__zenflow,cyclonedx-gomod,12,12,13,13,63,63,yes,64,63,32/0/31/12/20/0/12/20/1,32/0/31/12/20/0/12/20/1,,,no,match
zenthangplus__go-workerpool,syft,1,1,5,5,7,7,yes,8,7,6/0/1/1/5/0/5/1/0,6/0/1/1/5/0/5/1/0,,,no,match
zenthangplus__go-workerpool,trivy,1,1,5,5,7,7,yes,8,7,7/0/0/1/6/0/5/2/0,7/0/0/1/6/0/5/2/0,,,no,match
zenthangplus__go-workerpool,cdxgen,1,1,5,5,7,7,yes,8,7,1/0/6/1/0/0/1/0/4,1/0/6/1/0/0/1/0/4,,,no,match
zenthangplus__go-workerpool,cyclonedx-gomod,1,1,5,5,7,7,yes,8,7,1/0/6/1/0/0/1/0/4,1/0/6/1/0/0/1/0/4,,,no,match
zerosnake0__go-json-benchmark,syft,17,17,18,18,30,30,yes,31,30,19/0/11/17/2/0/18/1/0,19/0/11/17/2/0/18/1/0,,,no,match
zerosnake0__go-json-benchmark,trivy,17,17,18,18,30,30,yes,31,30,30/0/0/17/13/0/18/12/0,30/0/0/17/13/0/18/12/0,,,no,match
zerosnake0__go-json-benchmark,cdxgen,17,17,18,18,30,30,yes,31,30,17/0/13/17/0/0/17/0/1,17/0/13/17/0/0/17/0/1,,,no,match
zerosnake0__go-json-benchmark,cyclonedx-gomod,17,17,18,18,30,30,yes,31,30,17/0/13/17/0/0/17/0/1,17/0/13/17/0/0/17/0/1,,,no,match
zerosnake0__goctx,syft,1,1,6,6,8,8,yes,9,8,7/0/1/1/6/0/6/1/0,7/0/1/1/6/0/6/1/0,,,no,match
zerosnake0__goctx,trivy,1,1,6,6,8,8,yes,9,8,8/0/0/1/7/0/6/2/0,8/0/0/1/7/0/6/2/0,,,no,match
zerosnake0__goctx,cdxgen,1,1,6,6,8,8,yes,9,8,1/0/7/1/0/0/1/0/5,1/0/7/1/0/0/1/0/5,,,no,match
zerosnake0__goctx,cyclonedx-gomod,1,1,6,6,8,8,yes,9,8,1/0/7/1/0/0/1/0/5,1/0/7/1/0/0/1/0/5,,,no,match
zhufuyi__sponge,syft,210,210,212,212,497,497,yes,498,497,263/0/234/210/53/0/212/51/0,263/0/234/210/53/0/212/51/0,,,no,match
zhufuyi__sponge,trivy,210,210,212,212,497,497,yes,498,497,231/0/266/210/21/0/212/19/0,231/0/266/210/21/0/212/19/0,,,no,match
zhufuyi__sponge,cdxgen,210,210,212,212,497,497,yes,498,497,210/0/287/210/0/0/210/0/2,210/0/287/210/0/0/210/0/2,,,no,match
zhufuyi__sponge,cyclonedx-gomod,210,210,212,212,497,497,yes,498,497,229/0/268/210/19/0/210/19/2,229/0/268/210/19/0/210/19/2,,,no,match
zitadel__oidc,syft,25,25,31,31,48,48,yes,49,48,38/0/10/25/13/0/31/7/0,38/0/10/25/13/0/31/7/0,,,no,match
zitadel__oidc,trivy,25,25,31,31,48,48,yes,49,48,31/0/17/25/6/0/31/0/0,31/0/17/25/6/0/31/0/0,,,no,match
zitadel__oidc,cdxgen,25,25,31,31,48,48,yes,49,48,25/0/23/25/0/0/25/0/6,25/0/23/25/0/0/25/0/6,,,no,match
zitadel__oidc,cyclonedx-gomod,25,25,31,31,48,48,yes,49,48,25/0/23/25/0/0/25/0/6,25/0/23/25/0/0/25/0/6,,,no,match
zitadel__passwap,syft,2,2,2,2,5,5,yes,6,5,2/0/3/2/0/0/2/0/0,2/0/3/2/0/0/2/0/0,,,no,match
zitadel__passwap,trivy,2,2,2,2,5,5,yes,6,5,2/0/3/2/0/0/2/0/0,2/0/3/2/0/0/2/0/0,,,no,match
zitadel__passwap,cdxgen,2,2,2,2,5,5,yes,6,5,2/0/3/2/0/0/2/0/0,2/0/3/2/0/0/2/0/0,,,no,match
zitadel__passwap,cyclonedx-gomod,2,2,2,2,5,5,yes,6,5,2/0/3/2/0/0/2/0/0,2/0/3/2/0/0/2/0/0,,,no,match
zitryss__go-sample,syft,3,3,3,3,3,3,yes,4,3,3/0/0/3/0/0/3/0/0,3/0/0/3/0/0/3/0/0,,,no,match
zitryss__go-sample,trivy,3,3,3,3,3,3,yes,4,3,3/0/0/3/0/0/3/0/0,3/0/0/3/0/0/3/0/0,,,no,match
zitryss__go-sample,cdxgen,3,3,3,3,3,3,yes,4,3,3/0/0/3/0/0/3/0/0,3/0/0/3/0/0/3/0/0,,,no,match
zitryss__go-sample,cyclonedx-gomod,3,3,3,3,3,3,yes,4,3,3/0/0/3/0/0/3/0/0,3/0/0/3/0/0/3/0/0,,,no,match
ziutek__emgo,syft,1,1,1,1,4,4,yes,5,4,1/0/3/1/0/0/1/0/0,1/0/3/1/0/0/1/0/0,,,no,match
ziutek__emgo,trivy,1,1,1,1,4,4,yes,5,4,4/0/0/1/3/0/1/3/0,4/0/0/1/3/0/1/3/0,,,no,match
ziutek__emgo,cdxgen,1,1,1,1,4,4,yes,5,4,1/0/3/1/0/0/1/0/0,1/0/3/1/0/0/1/0/0,,,no,match
ziutek__emgo,cyclonedx-gomod,1,1,1,1,4,4,yes,5,4,1/0/3/1/0/0/1/0/0,1/0/3/1/0/0/1/0/0,,,no,match
zoharbabin__web-researcher-mcp,syft,34,34,36,36,444,444,yes,445,444,311/0/133/34/277/0/36/275/0,311/0/133/34/277/0/36/275/0,,,no,match
zoharbabin__web-researcher-mcp,trivy,34,34,36,36,444,444,yes,445,444,271/0/173/34/237/0/36/235/0,271/0/173/34/237/0/36/235/0,,,no,match
zoharbabin__web-researcher-mcp,cdxgen,34,34,36,36,444,444,yes,445,444,34/0/410/34/0/0/34/0/2,34/0/410/34/0/0/34/0/2,,,no,match
zoharbabin__web-researcher-mcp,cyclonedx-gomod,34,34,36,36,444,444,yes,445,444,269/0/175/34/235/0/34/235/2,269/0/175/34/235/0/34/235/2,,,no,match
zoomio__tagify,syft,15,15,19,19,33,33,yes,34,33,26/0/7/15/11/0/19/7/0,26/0/7/15/11/0/19/7/0,,,no,match
zoomio__tagify,trivy,15,15,19,19,33,33,yes,34,33,23/0/10/15/8/0/19/4/0,23/0/10/15/8/0/19/4/0,,,no,match
zoomio__tagify,cdxgen,15,15,19,19,33,33,yes,34,33,15/0/18/15/0/0/15/0/4,15/0/18/15/0/0/15/0/4,,,no,match
zoomio__tagify,cyclonedx-gomod,15,15,19,19,33,33,yes,34,33,16/0/17/15/1/0/15/1/4,16/0/17/15/1/0/15/1/4,,,no,match
