repo,all,imported,tool,predicted,tp_all,fp_all,fn_all,f1_all_name,f1_all_ver,tp_imp,fp_imp,fn_imp,f1_imp_name,f1_imp_ver
0xERR0R__blocky,333,124,syft,228,228,0,105,81.3,81.3,124,104,0,70.5,70.5
0xERR0R__blocky,333,124,trivy,193,193,0,140,73.4,73.4,124,69,0,78.2,78.2
0xERR0R__blocky,333,124,cdxgen,124,124,0,209,54.3,54.3,124,0,0,100.0,100.0
0xERR0R__blocky,333,124,cyclonedx-gomod,187,187,0,146,71.9,71.9,124,63,0,79.7,79.7
0xcafed00d__joystick,3,3,syft,3,3,0,0,100.0,100.0,3,0,0,100.0,100.0
0xcafed00d__joystick,3,3,trivy,3,3,0,0,100.0,100.0,3,0,0,100.0,100.0
0xcafed00d__joystick,3,3,cdxgen,3,3,0,0,100.0,100.0,3,0,0,100.0,100.0
0xcafed00d__joystick,3,3,cyclonedx-gomod,3,3,0,0,100.0,100.0,3,0,0,100.0,100.0
1set__cronrange,1,1,syft,1,1,0,0,100.0,100.0,1,0,0,100.0,100.0
1set__cronrange,1,1,trivy,2,1,1,0,66.7,66.7,1,1,0,66.7,66.7
1set__cronrange,1,1,cdxgen,1,1,0,0,100.0,100.0,1,0,0,100.0,100.0
1set__cronrange,1,1,cyclonedx-gomod,1,1,0,0,100.0,100.0,1,0,0,100.0,100.0
1set__starlet,24,11,syft,36,23,13,1,76.7,73.3,11,25,0,46.8,42.6
1set__starlet,24,11,trivy,25,12,13,12,49.0,44.9,11,14,0,61.1,55.6
1set__starlet,24,11,cdxgen,22,12,10,12,52.2,52.2,11,11,0,66.7,66.7
1set__starlet,24,11,cyclonedx-gomod,11,11,0,13,62.9,62.9,11,0,0,100.0,100.0
1set__todotxt,1,1,syft,1,1,0,0,100.0,100.0,1,0,0,100.0,100.0
1set__todotxt,1,1,trivy,1,1,0,0,100.0,100.0,1,0,0,100.0,100.0
1set__todotxt,1,1,cdxgen,1,1,0,0,100.0,100.0,1,0,0,100.0,100.0
1set__todotxt,1,1,cyclonedx-gomod,1,1,0,0,100.0,100.0,1,0,0,100.0,100.0
2ykwang__mac-cleanup-go,35,25,syft,29,29,0,6,90.6,90.6,25,4,0,92.6,92.6
2ykwang__mac-cleanup-go,35,25,trivy,25,25,0,10,83.3,83.3,25,0,0,100.0,100.0
2ykwang__mac-cleanup-go,35,25,cdxgen,25,25,0,10,83.3,83.3,25,0,0,100.0,100.0
2ykwang__mac-cleanup-go,35,25,cyclonedx-gomod,25,25,0,10,83.3,83.3,25,0,0,100.0,100.0
32leaves__bel,3,1,syft,8,3,5,0,54.5,54.5,1,7,0,22.2,22.2
32leaves__bel,3,1,trivy,9,3,6,0,50.0,50.0,1,8,0,20.0,20.0
32leaves__bel,3,1,cdxgen,1,1,0,2,50.0,50.0,1,0,0,100.0,100.0
32leaves__bel,3,1,cyclonedx-gomod,1,1,0,2,50.0,50.0,1,0,0,100.0,100.0
42Atomys__webhooked,181,26,syft,48,48,0,133,41.9,41.9,26,22,0,70.3,70.3
42Atomys__webhooked,181,26,trivy,31,31,0,150,29.2,29.2,26,5,0,91.2,91.2
42Atomys__webhooked,181,26,cdxgen,26,26,0,155,25.1,25.1,26,0,0,100.0,100.0
42Atomys__webhooked,181,26,cyclonedx-gomod,27,27,0,154,26.0,26.0,26,1,0,98.1,98.1
99designs__gqlgen,37,19,syft,72,31,41,6,56.9,45.9,19,53,0,41.8,33.0
99designs__gqlgen,37,19,trivy,52,26,26,11,58.4,53.9,19,33,0,53.5,50.7
99designs__gqlgen,37,19,cdxgen,39,19,20,18,50.0,50.0,19,20,0,65.5,65.5
99designs__gqlgen,37,19,cyclonedx-gomod,20,20,0,17,70.2,70.2,19,1,0,97.4,97.4
Ad3bay0c__routex,88,33,syft,54,54,0,34,76.1,76.1,33,21,0,75.9,75.9
Ad3bay0c__routex,88,33,trivy,36,36,0,52,58.1,58.1,33,3,0,95.7,95.7
Ad3bay0c__routex,88,33,cdxgen,33,33,0,55,54.5,54.5,33,0,0,100.0,100.0
Ad3bay0c__routex,88,33,cyclonedx-gomod,33,33,0,55,54.5,54.5,33,0,0,100.0,100.0
AfterShip__email-verifier,22,4,syft,14,14,0,8,77.8,77.8,4,10,0,44.4,44.4
AfterShip__email-verifier,22,4,trivy,12,12,0,10,70.6,70.6,4,8,0,50.0,50.0
AfterShip__email-verifier,22,4,cdxgen,4,4,0,18,30.8,30.8,4,0,0,100.0,100.0
AfterShip__email-verifier,22,4,cyclonedx-gomod,4,4,0,18,30.8,30.8,4,0,0,100.0,100.0
Alejandro-M-P__git-courer,56,30,syft,44,44,0,12,88.0,88.0,30,14,0,81.1,81.1
Alejandro-M-P__git-courer,56,30,trivy,39,39,0,17,82.1,82.1,30,9,0,87.0,87.0
Alejandro-M-P__git-courer,56,30,cdxgen,30,30,0,26,69.8,69.8,30,0,0,100.0,100.0
Alejandro-M-P__git-courer,56,30,cyclonedx-gomod,33,33,0,23,74.2,74.2,30,3,0,95.2,95.2
AllenDang__cimgui-go,30,8,syft,29,14,15,16,47.5,37.3,8,21,0,43.2,43.2
AllenDang__cimgui-go,30,8,trivy,19,13,6,17,53.1,44.9,8,11,0,59.3,59.3
AllenDang__cimgui-go,30,8,cdxgen,15,10,5,20,44.4,35.6,8,7,0,69.6,69.6
AllenDang__cimgui-go,30,8,cyclonedx-gomod,11,11,0,19,53.7,53.7,8,3,0,84.2,84.2
Allenxuxu__gev,63,19,syft,31,31,0,32,66.0,66.0,19,12,0,76.0,76.0
Allenxuxu__gev,63,19,trivy,63,63,0,0,100.0,100.0,19,44,0,46.3,46.3
Allenxuxu__gev,63,19,cdxgen,19,19,0,44,46.3,46.3,19,0,0,100.0,100.0
Allenxuxu__gev,63,19,cyclonedx-gomod,19,19,0,44,46.3,46.3,19,0,0,100.0,100.0
Allra-Fintech__mdv,15,6,syft,9,9,0,6,75.0,75.0,6,3,0,80.0,80.0
Allra-Fintech__mdv,15,6,trivy,6,6,0,9,57.1,57.1,6,0,0,100.0,100.0
Allra-Fintech__mdv,15,6,cdxgen,6,6,0,9,57.1,57.1,6,0,0,100.0,100.0
Allra-Fintech__mdv,15,6,cyclonedx-gomod,6,6,0,9,57.1,57.1,6,0,0,100.0,100.0
Andrew-M-C__go.jsonvalue,10,1,syft,4,4,0,6,57.1,42.9,1,3,0,40.0,40.0
Andrew-M-C__go.jsonvalue,10,1,trivy,10,10,0,0,100.0,90.0,1,9,0,18.2,18.2
Andrew-M-C__go.jsonvalue,10,1,cdxgen,1,1,0,9,18.2,18.2,1,0,0,100.0,100.0
Andrew-M-C__go.jsonvalue,10,1,cyclonedx-gomod,1,1,0,9,18.2,18.2,1,0,0,100.0,100.0
Antonboom__testifylint,8,3,syft,22,6,16,2,40.0,20.0,3,19,0,24.0,16.0
Antonboom__testifylint,8,3,trivy,16,4,12,4,33.3,16.7,3,13,0,31.6,21.1
Antonboom__testifylint,8,3,cdxgen,15,4,11,4,34.8,26.1,3,12,0,33.3,33.3
Antonboom__testifylint,8,3,cyclonedx-gomod,2,2,0,6,40.0,40.0,2,0,1,80.0,80.0
Antonito__gfile,51,31,syft,40,40,0,11,87.9,87.9,31,9,0,87.3,87.3
Antonito__gfile,51,31,trivy,36,36,0,15,82.8,82.8,31,5,0,92.5,92.5
Antonito__gfile,51,31,cdxgen,31,31,0,20,75.6,75.6,31,0,0,100.0,100.0
Antonito__gfile,51,31,cyclonedx-gomod,32,32,0,19,77.1,77.1,31,1,0,98.4,98.4
AppsFlyer__go-sundheit,11,1,syft,15,10,5,1,76.9,61.5,1,14,0,12.5,12.5
AppsFlyer__go-sundheit,11,1,trivy,35,11,24,0,47.8,39.1,1,34,0,5.6,5.6
AppsFlyer__go-sundheit,11,1,cdxgen,2,1,1,10,15.4,15.4,1,1,0,66.7,66.7
AppsFlyer__go-sundheit,11,1,cyclonedx-gomod,1,1,0,10,16.7,16.7,1,0,0,100.0,100.0
Balaji01-4D__pgxcli,164,63,syft,130,130,0,34,88.4,87.8,63,67,0,65.3,65.3
Balaji01-4D__pgxcli,164,63,trivy,112,112,0,52,81.2,81.2,63,49,0,72.0,72.0
Balaji01-4D__pgxcli,164,63,cdxgen,63,63,0,101,55.5,55.5,63,0,0,100.0,100.0
Balaji01-4D__pgxcli,164,63,cyclonedx-gomod,64,64,0,100,56.1,56.1,63,1,0,99.2,99.2
Bilibili__discovery,211,23,syft,39,39,0,172,31.2,29.6,23,16,0,74.2,71.0
Bilibili__discovery,211,23,trivy,211,211,0,0,100.0,95.7,23,188,0,19.7,18.8
Bilibili__discovery,211,23,cdxgen,23,23,0,188,19.7,18.8,23,0,0,100.0,95.7
Bilibili__discovery,211,23,cyclonedx-gomod,26,26,0,185,21.9,21.9,23,3,0,93.9,93.9
Boeing__config-file-validator,84,39,syft,54,54,0,30,78.3,76.8,39,15,0,83.9,81.7
Boeing__config-file-validator,84,39,trivy,45,45,0,39,69.8,68.2,39,6,0,92.9,90.5
Boeing__config-file-validator,84,39,cdxgen,39,39,0,45,63.4,63.4,39,0,0,100.0,100.0
Boeing__config-file-validator,84,39,cyclonedx-gomod,41,41,0,43,65.6,64.0,39,2,0,97.5,95.0
Breeze0806__go-etl,103,54,syft,75,75,0,28,84.3,84.3,54,21,0,83.7,83.7
Breeze0806__go-etl,103,54,trivy,55,55,0,48,69.6,69.6,54,1,0,99.1,99.1
Breeze0806__go-etl,103,54,cdxgen,54,54,0,49,68.8,68.8,54,0,0,100.0,100.0
Breeze0806__go-etl,103,54,cyclonedx-gomod,55,55,0,48,69.6,69.6,54,1,0,99.1,99.1
BrianLeishman__go-imap,37,26,syft,30,30,0,7,89.6,89.6,26,4,0,92.9,92.9
BrianLeishman__go-imap,37,26,trivy,26,26,0,11,82.5,82.5,26,0,0,100.0,100.0
BrianLeishman__go-imap,37,26,cdxgen,26,26,0,11,82.5,82.5,26,0,0,100.0,100.0
BrianLeishman__go-imap,37,26,cyclonedx-gomod,26,26,0,11,82.5,82.5,26,0,0,100.0,100.0
C2FO__vfs,277,88,syft,140,134,6,143,64.3,62.4,88,52,0,77.2,76.3
C2FO__vfs,277,88,trivy,107,101,6,176,52.6,52.6,88,19,0,90.3,90.3
C2FO__vfs,277,88,cdxgen,94,91,3,186,49.1,49.1,88,6,0,96.7,96.7
C2FO__vfs,277,88,cyclonedx-gomod,88,88,0,189,48.2,48.2,87,1,1,98.9,98.9
CalebQ42__bbConvert,1,1,syft,1,1,0,0,100.0,100.0,1,0,0,100.0,100.0
CalebQ42__bbConvert,1,1,trivy,1,1,0,0,100.0,100.0,1,0,0,100.0,100.0
CalebQ42__bbConvert,1,1,cdxgen,1,1,0,0,100.0,100.0,1,0,0,100.0,100.0
CalebQ42__bbConvert,1,1,cyclonedx-gomod,1,1,0,0,100.0,100.0,1,0,0,100.0,100.0
ChainSafe__gossamer,565,193,syft,244,232,12,333,57.4,53.9,190,54,3,87.0,82.8
ChainSafe__gossamer,565,193,trivy,221,209,12,356,53.2,50.6,190,31,3,91.8,88.4
ChainSafe__gossamer,565,193,cdxgen,205,198,7,367,51.4,49.6,193,12,0,97.0,96.0
ChainSafe__gossamer,565,193,cyclonedx-gomod,192,189,3,376,49.9,49.9,181,11,12,94.0,94.0
ClickHouse__clickhouse-go,106,56,syft,78,78,0,28,84.8,83.7,56,22,0,83.6,82.1
ClickHouse__clickhouse-go,106,56,trivy,64,64,0,42,75.3,74.1,56,8,0,93.3,91.7
ClickHouse__clickhouse-go,106,56,cdxgen,56,56,0,50,69.1,67.9,56,0,0,100.0,98.2
ClickHouse__clickhouse-go,106,56,cyclonedx-gomod,63,63,0,43,74.6,74.6,56,7,0,94.1,94.1
Clivern__Beaver,172,41,syft,67,67,0,105,56.1,54.4,41,26,0,75.9,72.2
Clivern__Beaver,172,41,trivy,55,55,0,117,48.5,46.7,41,14,0,85.4,81.3
Clivern__Beaver,172,41,cdxgen,41,41,0,131,38.5,36.6,41,0,0,100.0,95.1
Clivern__Beaver,172,41,cyclonedx-gomod,51,51,0,121,45.7,45.7,41,10,0,89.1,89.1
CloudyKit__jet,1,1,syft,1,1,0,0,100.0,100.0,1,0,0,100.0,100.0
CloudyKit__jet,1,1,trivy,1,1,0,0,100.0,100.0,1,0,0,100.0,100.0
CloudyKit__jet,1,1,cdxgen,1,1,0,0,100.0,100.0,1,0,0,100.0,100.0
CloudyKit__jet,1,1,cyclonedx-gomod,1,1,0,0,100.0,100.0,1,0,0,100.0,100.0
Code-Hex__Neo-cowsay,5,3,syft,21,5,16,0,38.5,38.5,3,18,0,25.0,25.0
Code-Hex__Neo-cowsay,5,3,trivy,27,5,22,0,31.3,31.3,3,24,0,20.0,20.0
Code-Hex__Neo-cowsay,5,3,cdxgen,16,3,13,2,28.6,28.6,3,13,0,31.6,31.6
Code-Hex__Neo-cowsay,5,3,cyclonedx-gomod,3,3,0,2,75.0,75.0,3,0,0,100.0,100.0
Colin4k1024__Aetheris,267,124,syft,168,153,15,114,70.3,67.1,124,44,0,84.9,80.8
Colin4k1024__Aetheris,267,124,trivy,145,132,13,135,64.1,62.1,124,21,0,92.2,89.2
Colin4k1024__Aetheris,267,124,cdxgen,136,125,11,142,62.0,61.5,124,12,0,95.4,94.6
Colin4k1024__Aetheris,267,124,cyclonedx-gomod,126,126,0,141,64.1,64.1,121,5,3,96.8,96.8
CovenantSQL__CovenantSQL,238,87,syft,127,126,1,112,69.0,65.2,86,41,1,80.4,74.8
CovenantSQL__CovenantSQL,238,87,trivy,238,237,1,1,99.6,94.5,86,152,1,52.9,49.2
CovenantSQL__CovenantSQL,238,87,cdxgen,87,87,0,151,53.5,49.2,87,0,0,100.0,93.1
CovenantSQL__CovenantSQL,238,87,cyclonedx-gomod,94,93,1,145,56.0,56.0,86,8,1,95.0,95.0
Crocmagnon__fatcontext,8,3,syft,4,4,0,4,66.7,66.7,3,1,0,85.7,85.7
Crocmagnon__fatcontext,8,3,trivy,3,3,0,5,54.5,54.5,3,0,0,100.0,100.0
Crocmagnon__fatcontext,8,3,cdxgen,3,3,0,5,54.5,54.5,3,0,0,100.0,100.0
Crocmagnon__fatcontext,8,3,cyclonedx-gomod,2,2,0,6,40.0,40.0,2,0,1,80.0,80.0
DATA-DOG__go-sqlmock,1,1,syft,1,1,0,0,100.0,100.0,1,0,0,100.0,100.0
DATA-DOG__go-sqlmock,1,1,trivy,1,1,0,0,100.0,100.0,1,0,0,100.0,100.0
DATA-DOG__go-sqlmock,1,1,cdxgen,1,1,0,0,100.0,100.0,1,0,0,100.0,100.0
DATA-DOG__go-sqlmock,1,1,cyclonedx-gomod,1,1,0,0,100.0,100.0,1,0,0,100.0,100.0
DMcP89__tinycare-tui,64,29,syft,51,51,0,13,88.7,88.7,29,22,0,72.5,72.5
DMcP89__tinycare-tui,64,29,trivy,36,36,0,28,72.0,72.0,29,7,0,89.2,89.2
DMcP89__tinycare-tui,64,29,cdxgen,29,29,0,35,62.4,62.4,29,0,0,100.0,100.0
DMcP89__tinycare-tui,64,29,cyclonedx-gomod,33,33,0,31,68.0,68.0,29,4,0,93.5,93.5
DarthPestilane__easytcp,30,11,syft,20,20,0,10,80.0,80.0,11,9,0,71.0,71.0
DarthPestilane__easytcp,30,11,trivy,18,18,0,12,75.0,75.0,11,7,0,75.9,75.9
DarthPestilane__easytcp,30,11,cdxgen,11,11,0,19,53.7,53.7,11,0,0,100.0,100.0
DarthPestilane__easytcp,30,11,cyclonedx-gomod,14,14,0,16,63.6,63.6,11,3,0,88.0,88.0
DeRuina__timberjack,2,1,syft,2,2,0,0,100.0,100.0,1,1,0,66.7,66.7
DeRuina__timberjack,2,1,trivy,2,2,0,0,100.0,100.0,1,1,0,66.7,66.7
DeRuina__timberjack,2,1,cdxgen,1,1,0,1,66.7,66.7,1,0,0,100.0,100.0
DeRuina__timberjack,2,1,cyclonedx-gomod,1,1,0,1,66.7,66.7,1,0,0,100.0,100.0
DrmagicE__gmqtt,312,47,syft,119,119,0,193,55.2,55.2,47,72,0,56.6,56.6
DrmagicE__gmqtt,312,47,trivy,105,105,0,207,50.4,50.4,47,58,0,61.8,61.8
DrmagicE__gmqtt,312,47,cdxgen,47,47,0,265,26.2,26.2,47,0,0,100.0,100.0
DrmagicE__gmqtt,312,47,cyclonedx-gomod,104,104,0,208,50.0,50.0,47,57,0,62.3,62.3
DylanMeeus__hasgo,8,2,syft,3,2,1,6,36.4,18.2,2,1,0,80.0,40.0
DylanMeeus__hasgo,8,2,trivy,9,8,1,0,94.1,82.4,2,7,0,36.4,18.2
DylanMeeus__hasgo,8,2,cdxgen,2,2,0,6,40.0,40.0,2,0,0,100.0,100.0
DylanMeeus__hasgo,8,2,cyclonedx-gomod,2,2,0,6,40.0,40.0,2,0,0,100.0,100.0
Dynom__TySug,16,8,syft,13,13,0,3,89.7,89.7,8,5,0,76.2,76.2
Dynom__TySug,16,8,trivy,10,10,0,6,76.9,76.9,8,2,0,88.9,88.9
Dynom__TySug,16,8,cdxgen,8,8,0,8,66.7,66.7,8,0,0,100.0,100.0
Dynom__TySug,16,8,cyclonedx-gomod,9,9,0,7,72.0,72.0,8,1,0,94.1,94.1
EchoVault__EchoVault,96,30,syft,40,40,0,56,58.8,58.8,30,10,0,85.7,85.7
EchoVault__EchoVault,96,30,trivy,31,31,0,65,48.8,48.8,30,1,0,98.4,98.4
EchoVault__EchoVault,96,30,cdxgen,30,30,0,66,47.6,47.6,30,0,0,100.0,100.0
EchoVault__EchoVault,96,30,cyclonedx-gomod,30,30,0,66,47.6,47.6,30,0,0,100.0,100.0
Edgenesis__shifu,435,126,syft,166,166,0,269,55.2,54.9,126,40,0,86.3,86.3
Edgenesis__shifu,435,126,trivy,137,137,0,298,47.9,47.9,126,11,0,95.8,95.8
Edgenesis__shifu,435,126,cdxgen,126,126,0,309,44.9,44.9,126,0,0,100.0,100.0
Edgenesis__shifu,435,126,cyclonedx-gomod,119,119,0,316,43.0,43.0,118,1,8,96.3,96.3
EngoEngine__engo,45,17,syft,31,31,0,14,81.6,78.9,17,14,0,70.8,66.7
EngoEngine__engo,45,17,trivy,31,31,0,14,81.6,78.9,17,14,0,70.8,66.7
EngoEngine__engo,45,17,cdxgen,17,17,0,28,54.8,51.6,17,0,0,100.0,94.1
EngoEngine__engo,45,17,cyclonedx-gomod,24,24,0,21,69.6,69.6,17,7,0,82.9,82.9
Eun__go-convert,7,5,syft,6,6,0,1,92.3,76.9,5,1,0,90.9,72.7
Eun__go-convert,7,5,trivy,7,7,0,0,100.0,85.7,5,2,0,83.3,66.7
Eun__go-convert,7,5,cdxgen,5,5,0,2,83.3,83.3,5,0,0,100.0,100.0
Eun__go-convert,7,5,cyclonedx-gomod,5,5,0,2,83.3,83.3,5,0,0,100.0,100.0
Eun__go-hit,52,30,syft,44,44,0,8,91.7,33.3,30,14,0,81.1,18.9
Eun__go-hit,52,30,trivy,52,52,0,0,100.0,48.1,30,22,0,73.2,34.1
Eun__go-hit,52,30,cdxgen,38,38,0,14,84.4,82.2,30,8,0,88.2,85.3
Eun__go-hit,52,30,cyclonedx-gomod,30,30,0,22,73.2,73.2,30,0,0,100.0,100.0
Evertras__bubble-table,35,19,syft,27,27,0,8,87.1,87.1,19,8,0,82.6,82.6
Evertras__bubble-table,35,19,trivy,23,23,0,12,79.3,79.3,19,4,0,90.5,90.5
Evertras__bubble-table,35,19,cdxgen,19,19,0,16,70.4,70.4,19,0,0,100.0,100.0
Evertras__bubble-table,35,19,cyclonedx-gomod,19,19,0,16,70.4,70.4,19,0,0,100.0,100.0
FiloSottile__age,17,6,syft,9,9,0,8,69.2,69.2,6,3,0,80.0,80.0
FiloSottile__age,17,6,trivy,9,9,0,8,69.2,69.2,6,3,0,80.0,80.0
FiloSottile__age,17,6,cdxgen,6,6,0,11,52.2,52.2,6,0,0,100.0,100.0
FiloSottile__age,17,6,cyclonedx-gomod,6,6,0,11,52.2,52.2,6,0,0,100.0,100.0
Forceu__gokapi,114,30,syft,71,71,0,43,76.8,76.8,30,41,0,59.4,59.4
Forceu__gokapi,114,30,trivy,49,49,0,65,60.1,60.1,30,19,0,75.9,75.9
Forceu__gokapi,114,30,cdxgen,49,49,0,65,60.1,60.1,30,19,0,75.9,75.9
Forceu__gokapi,114,30,cyclonedx-gomod,41,41,0,73,52.9,52.9,30,11,0,84.5,84.5
FreeLeh__GoFreeDB,93,16,syft,29,29,0,64,47.5,47.5,16,13,0,71.1,71.1
FreeLeh__GoFreeDB,93,16,trivy,23,23,0,70,39.7,39.7,16,7,0,82.1,82.1
FreeLeh__GoFreeDB,93,16,cdxgen,16,16,0,77,29.4,29.4,16,0,0,100.0,100.0
FreeLeh__GoFreeDB,93,16,cyclonedx-gomod,17,17,0,76,30.9,30.9,16,1,0,97.0,97.0
Fs02__go-todo-backend,51,16,syft,40,40,0,11,87.9,85.7,16,24,0,57.1,53.6
Fs02__go-todo-backend,51,16,trivy,17,17,0,34,50.0,47.1,16,1,0,97.0,90.9
Fs02__go-todo-backend,51,16,cdxgen,17,17,0,34,50.0,47.1,16,1,0,97.0,90.9
Fs02__go-todo-backend,51,16,cyclonedx-gomod,15,15,0,36,45.5,45.5,15,0,1,96.8,96.8
Fs02__grimoire,12,11,syft,12,12,0,0,100.0,100.0,11,1,0,95.7,95.7
Fs02__grimoire,12,11,trivy,12,12,0,0,100.0,100.0,11,1,0,95.7,95.7
Fs02__grimoire,12,11,cdxgen,11,11,0,1,95.7,95.7,11,0,0,100.0,100.0
Fs02__grimoire,12,11,cyclonedx-gomod,11,11,0,1,95.7,95.7,11,0,0,100.0,100.0
GiGurra__boa,7,2,syft,3,3,0,4,60.0,60.0,2,1,0,80.0,80.0
GiGurra__boa,7,2,trivy,3,3,0,4,60.0,60.0,2,1,0,80.0,80.0
GiGurra__boa,7,2,cdxgen,2,2,0,5,44.4,44.4,2,0,0,100.0,100.0
GiGurra__boa,7,2,cyclonedx-gomod,3,3,0,4,60.0,60.0,2,1,0,80.0,80.0
Gituser143__cryptgo,183,26,syft,38,38,0,145,34.4,33.5,26,12,0,81.3,81.3
Gituser143__cryptgo,183,26,trivy,183,183,0,0,100.0,97.3,26,157,0,24.9,24.9
Gituser143__cryptgo,183,26,cdxgen,26,26,0,157,24.9,24.9,26,0,0,100.0,100.0
Gituser143__cryptgo,183,26,cyclonedx-gomod,27,27,0,156,25.7,25.7,26,1,0,98.1,98.1
GoogleCloudPlatform__gcloud-golang,196,31,syft,327,185,142,11,70.7,17.2,31,296,0,17.3,8.4
GoogleCloudPlatform__gcloud-golang,196,31,trivy,307,174,133,22,69.2,18.3,31,276,0,18.3,16.0
GoogleCloudPlatform__gcloud-golang,196,31,cdxgen,111,64,47,132,41.7,29.3,31,80,0,43.7,43.7
GoogleCloudPlatform__gcloud-golang,196,31,cyclonedx-gomod,30,30,0,166,26.5,26.5,30,0,1,98.4,98.4
GuilhermeCaruso__anko,14,3,syft,6,5,1,9,50.0,50.0,3,3,0,66.7,66.7
GuilhermeCaruso__anko,14,3,trivy,16,14,2,0,93.3,93.3,3,13,0,31.6,31.6
GuilhermeCaruso__anko,14,3,cdxgen,3,3,0,11,35.3,35.3,3,0,0,100.0,100.0
GuilhermeCaruso__anko,14,3,cyclonedx-gomod,3,3,0,11,35.3,35.3,3,0,0,100.0,100.0
GuilhermeCaruso__mooncake,10,4,syft,5,5,0,5,66.7,66.7,4,1,0,88.9,88.9
GuilhermeCaruso__mooncake,10,4,trivy,4,4,0,6,57.1,57.1,4,0,0,100.0,100.0
GuilhermeCaruso__mooncake,10,4,cdxgen,4,4,0,6,57.1,57.1,4,0,0,100.0,100.0
GuilhermeCaruso__mooncake,10,4,cyclonedx-gomod,4,4,0,6,57.1,57.1,4,0,0,100.0,100.0
Guitarbum722__align,1,1,syft,1,1,0,0,100.0,100.0,1,0,0,100.0,100.0
Guitarbum722__align,1,1,trivy,1,1,0,0,100.0,100.0,1,0,0,100.0,100.0
Guitarbum722__align,1,1,cdxgen,1,1,0,0,100.0,100.0,1,0,0,100.0,100.0
Guitarbum722__align,1,1,cyclonedx-gomod,1,1,0,0,100.0,100.0,1,0,0,100.0,100.0
HDT3213__rdb,18,7,syft,12,12,0,6,80.0,80.0,7,5,0,73.7,73.7
HDT3213__rdb,18,7,trivy,8,8,0,10,61.5,61.5,7,1,0,93.3,93.3
HDT3213__rdb,18,7,cdxgen,7,7,0,11,56.0,56.0,7,0,0,100.0,100.0
HDT3213__rdb,18,7,cyclonedx-gomod,8,8,0,10,61.5,61.5,7,1,0,93.3,93.3
Haraj-backend__hex-monscape,53,16,syft,28,28,0,25,69.1,69.1,16,12,0,72.7,72.7
Haraj-backend__hex-monscape,53,16,trivy,22,22,0,31,58.7,58.7,16,6,0,84.2,84.2
Haraj-backend__hex-monscape,53,16,cdxgen,16,16,0,37,46.4,46.4,16,0,0,100.0,100.0
Haraj-backend__hex-monscape,53,16,cyclonedx-gomod,16,16,0,37,46.4,46.4,16,0,0,100.0,100.0
HazelnutParadise__insyra,444,109,syft,166,166,0,278,54.4,54.1,109,57,0,79.3,78.5
HazelnutParadise__insyra,444,109,trivy,131,131,0,313,45.6,45.2,109,22,0,90.8,90.0
HazelnutParadise__insyra,444,109,cdxgen,109,109,0,335,39.4,39.1,109,0,0,100.0,99.1
HazelnutParadise__insyra,444,109,cyclonedx-gomod,117,117,0,327,41.7,41.7,108,9,1,95.6,95.6
Henry-Sarabia__igdb,5,4,syft,5,5,0,0,100.0,80.0,4,1,0,88.9,66.7
Henry-Sarabia__igdb,5,4,trivy,5,5,0,0,100.0,80.0,4,1,0,88.9,66.7
Henry-Sarabia__igdb,5,4,cdxgen,4,4,0,1,88.9,66.7,4,0,0,100.0,75.0
Henry-Sarabia__igdb,5,4,cyclonedx-gomod,4,4,0,1,88.9,88.9,4,0,0,100.0,100.0
Henry-Sarabia__sliceconv,1,1,syft,1,1,0,0,100.0,100.0,1,0,0,100.0,100.0
Henry-Sarabia__sliceconv,1,1,trivy,1,1,0,0,100.0,100.0,1,0,0,100.0,100.0
Henry-Sarabia__sliceconv,1,1,cdxgen,1,1,0,0,100.0,100.0,1,0,0,100.0,100.0
Henry-Sarabia__sliceconv,1,1,cyclonedx-gomod,1,1,0,0,100.0,100.0,1,0,0,100.0,100.0
Hossiy21__razify,12,6,syft,8,8,0,4,80.0,80.0,6,2,0,85.7,85.7
Hossiy21__razify,12,6,trivy,8,8,0,4,80.0,80.0,6,2,0,85.7,85.7
Hossiy21__razify,12,6,cdxgen,6,6,0,6,66.7,66.7,6,0,0,100.0,100.0
Hossiy21__razify,12,6,cyclonedx-gomod,7,7,0,5,73.7,73.7,6,1,0,92.3,92.3
HugoSmits86__nativewebp,2,1,syft,1,1,0,1,66.7,66.7,1,0,0,100.0,100.0
HugoSmits86__nativewebp,2,1,trivy,2,2,0,0,100.0,100.0,1,1,0,66.7,66.7
HugoSmits86__nativewebp,2,1,cdxgen,1,1,0,1,66.7,66.7,1,0,0,100.0,100.0
HugoSmits86__nativewebp,2,1,cyclonedx-gomod,1,1,0,1,66.7,66.7,1,0,0,100.0,100.0
Humpheh__goboy,28,8,syft,17,17,0,11,75.6,75.6,8,9,0,64.0,64.0
Humpheh__goboy,28,8,trivy,16,16,0,12,72.7,72.7,8,8,0,66.7,66.7
Humpheh__goboy,28,8,cdxgen,8,8,0,20,44.4,44.4,8,0,0,100.0,100.0
Humpheh__goboy,28,8,cyclonedx-gomod,12,12,0,16,60.0,60.0,8,4,0,80.0,80.0
ITcathyh__conexec,2,1,syft,2,2,0,0,100.0,100.0,1,1,0,66.7,66.7
ITcathyh__conexec,2,1,trivy,2,2,0,0,100.0,100.0,1,1,0,66.7,66.7
ITcathyh__conexec,2,1,cdxgen,1,1,0,1,66.7,66.7,1,0,0,100.0,100.0
ITcathyh__conexec,2,1,cyclonedx-gomod,1,1,0,1,66.7,66.7,1,0,0,100.0,100.0
Jacobbrewer1__patcher,97,6,syft,38,38,0,59,56.3,56.3,6,32,0,27.3,27.3
Jacobbrewer1__patcher,97,6,trivy,35,35,0,62,53.0,53.0,6,29,0,29.3,29.3
Jacobbrewer1__patcher,97,6,cdxgen,35,35,0,62,53.0,53.0,6,29,0,29.3,29.3
Jacobbrewer1__patcher,97,6,cyclonedx-gomod,35,35,0,62,53.0,53.0,6,29,0,29.3,29.3
Jagerente__gocfg,7,1,syft,6,6,0,1,92.3,92.3,1,5,0,28.6,28.6
Jagerente__gocfg,7,1,trivy,7,7,0,0,100.0,100.0,1,6,0,25.0,25.0
Jagerente__gocfg,7,1,cdxgen,1,1,0,6,25.0,25.0,1,0,0,100.0,100.0
Jagerente__gocfg,7,1,cyclonedx-gomod,1,1,0,6,25.0,25.0,1,0,0,100.0,100.0
JohannesKaufmann__html-to-markdown,29,15,syft,20,20,0,9,81.6,81.6,15,5,0,85.7,85.7
JohannesKaufmann__html-to-markdown,29,15,trivy,15,15,0,14,68.2,68.2,15,0,0,100.0,100.0
JohannesKaufmann__html-to-markdown,29,15,cdxgen,15,15,0,14,68.2,68.2,15,0,0,100.0,100.0
JohannesKaufmann__html-to-markdown,29,15,cyclonedx-gomod,15,15,0,14,68.2,68.2,15,0,0,100.0,100.0
JoshuaDoes__gofuckyourself,4,1,syft,1,1,0,3,40.0,40.0,1,0,0,100.0,100.0
JoshuaDoes__gofuckyourself,4,1,trivy,4,4,0,0,100.0,100.0,1,3,0,40.0,40.0
JoshuaDoes__gofuckyourself,4,1,cdxgen,1,1,0,3,40.0,40.0,1,0,0,100.0,100.0
JoshuaDoes__gofuckyourself,4,1,cyclonedx-gomod,1,1,0,3,40.0,40.0,1,0,0,100.0,100.0
Kachit__appstore-sdk-go,9,2,syft,8,8,0,1,94.1,82.4,2,6,0,40.0,20.0
Kachit__appstore-sdk-go,9,2,trivy,9,9,0,0,100.0,88.9,2,7,0,36.4,18.2
Kachit__appstore-sdk-go,9,2,cdxgen,2,2,0,7,36.4,18.2,2,0,0,100.0,50.0
Kachit__appstore-sdk-go,9,2,cyclonedx-gomod,2,2,0,7,36.4,36.4,2,0,0,100.0,100.0
Kachit__gorm-seeder,67,3,syft,29,29,0,38,60.4,58.3,3,26,0,18.8,18.8
Kachit__gorm-seeder,67,3,trivy,67,67,0,0,100.0,98.5,3,64,0,8.6,8.6
Kachit__gorm-seeder,67,3,cdxgen,3,3,0,64,8.6,8.6,3,0,0,100.0,100.0
Kachit__gorm-seeder,67,3,cyclonedx-gomod,3,3,0,64,8.6,8.6,3,0,0,100.0,100.0
Knuspii__CrunchyCleaner,15,3,syft,6,6,0,9,57.1,57.1,3,3,0,66.7,66.7
Knuspii__CrunchyCleaner,15,3,trivy,6,6,0,9,57.1,57.1,3,3,0,66.7,66.7
Knuspii__CrunchyCleaner,15,3,cdxgen,3,3,0,12,33.3,33.3,3,0,0,100.0,100.0
Knuspii__CrunchyCleaner,15,3,cyclonedx-gomod,6,6,0,9,57.1,57.1,3,3,0,66.7,66.7
Konstantin8105__c4go,8,4,syft,8,8,0,0,100.0,87.5,4,4,0,66.7,66.7
Konstantin8105__c4go,8,4,trivy,8,8,0,0,100.0,87.5,4,4,0,66.7,66.7
Konstantin8105__c4go,8,4,cdxgen,8,8,0,0,100.0,87.5,4,4,0,66.7,66.7
Konstantin8105__c4go,8,4,cyclonedx-gomod,4,4,0,4,66.7,66.7,4,0,0,100.0,100.0
KusionStack__kusion,805,325,syft,396,396,0,409,65.9,64.3,325,71,0,90.2,87.9
KusionStack__kusion,805,325,trivy,350,350,0,455,60.6,58.9,325,25,0,96.3,93.9
KusionStack__kusion,805,325,cdxgen,325,325,0,480,57.5,56.1,325,0,0,100.0,97.5
KusionStack__kusion,805,325,cyclonedx-gomod,332,332,0,473,58.4,58.4,322,10,3,98.0,98.0
Lifailon__lazyjournal,20,10,syft,11,11,0,9,71.0,71.0,10,1,0,95.2,95.2
Lifailon__lazyjournal,20,10,trivy,10,10,0,10,66.7,66.7,10,0,0,100.0,100.0
Lifailon__lazyjournal,20,10,cdxgen,10,10,0,10,66.7,66.7,10,0,0,100.0,100.0
Lifailon__lazyjournal,20,10,cyclonedx-gomod,10,10,0,10,66.7,66.7,10,0,0,100.0,100.0
MUlt1mate__protoc-gen-httpgo,10,2,syft,84,9,75,1,19.1,6.4,2,82,0,4.7,4.7
MUlt1mate__protoc-gen-httpgo,10,2,trivy,67,10,57,0,26.0,26.0,2,65,0,5.8,5.8
MUlt1mate__protoc-gen-httpgo,10,2,cdxgen,52,8,44,2,25.8,6.5,2,50,0,7.4,7.4
MUlt1mate__protoc-gen-httpgo,10,2,cyclonedx-gomod,2,2,0,8,33.3,33.3,2,0,0,100.0,100.0
MarvinJWendt__testza,28,16,syft,19,19,0,9,80.9,80.9,16,3,0,91.4,91.4
MarvinJWendt__testza,28,16,trivy,16,16,0,12,72.7,72.7,16,0,0,100.0,100.0
MarvinJWendt__testza,28,16,cdxgen,16,16,0,12,72.7,72.7,16,0,0,100.0,100.0
MarvinJWendt__testza,28,16,cyclonedx-gomod,16,16,0,12,72.7,72.7,16,0,0,100.0,100.0
Masterminds__squirrel,5,2,syft,12,5,7,0,58.8,58.8,2,10,0,28.6,28.6
Masterminds__squirrel,5,2,trivy,19,5,14,0,41.7,41.7,2,17,0,19.0,19.0
Masterminds__squirrel,5,2,cdxgen,2,2,0,3,57.1,57.1,2,0,0,100.0,100.0
Masterminds__squirrel,5,2,cyclonedx-gomod,2,2,0,3,57.1,57.1,2,0,0,100.0,100.0
MatProGo-dev__MatProInterface.go,18,2,syft,2,2,0,16,20.0,20.0,2,0,0,100.0,100.0
MatProGo-dev__MatProInterface.go,18,2,trivy,18,18,0,0,100.0,100.0,2,16,0,20.0,20.0
MatProGo-dev__MatProInterface.go,18,2,cdxgen,2,2,0,16,20.0,20.0,2,0,0,100.0,100.0
MatProGo-dev__MatProInterface.go,18,2,cyclonedx-gomod,2,2,0,16,20.0,20.0,2,0,0,100.0,100.0
MaxHalford__eaopt,1,1,syft,1,1,0,0,100.0,100.0,1,0,0,100.0,100.0
MaxHalford__eaopt,1,1,trivy,1,1,0,0,100.0,100.0,1,0,0,100.0,100.0
MaxHalford__eaopt,1,1,cdxgen,1,1,0,0,100.0,100.0,1,0,0,100.0,100.0
MaxHalford__eaopt,1,1,cyclonedx-gomod,1,1,0,0,100.0,100.0,1,0,0,100.0,100.0
Melkeydev__go-blueprint,33,20,syft,22,22,0,11,80.0,80.0,20,2,0,95.2,95.2
Melkeydev__go-blueprint,33,20,trivy,22,22,0,11,80.0,80.0,20,2,0,95.2,95.2
Melkeydev__go-blueprint,33,20,cdxgen,20,20,0,13,75.5,75.5,20,0,0,100.0,100.0
Melkeydev__go-blueprint,33,20,cyclonedx-gomod,22,22,0,11,80.0,80.0,20,2,0,95.2,95.2
MonaxGT__gomalshare,0,1,syft,1,0,1,0,0.0,0.0,1,0,0,100.0,100.0
MonaxGT__gomalshare,0,1,trivy,1,0,1,0,0.0,0.0,1,0,0,100.0,100.0
MonaxGT__gomalshare,0,1,cdxgen,1,0,1,0,0.0,0.0,1,0,0,100.0,100.0
MonaxGT__gomalshare,0,1,cyclonedx-gomod,1,0,1,0,0.0,0.0,1,0,0,100.0,100.0
MonaxGT__parsefields,1,7,syft,9,1,8,0,20.0,20.0,7,2,0,87.5,75.0
MonaxGT__parsefields,1,7,trivy,9,1,8,0,20.0,20.0,7,2,0,87.5,75.0
MonaxGT__parsefields,1,7,cdxgen,7,1,6,0,25.0,25.0,7,0,0,100.0,85.7
MonaxGT__parsefields,1,7,cyclonedx-gomod,7,1,6,0,25.0,25.0,7,0,0,100.0,100.0
MordaTeam__go-config,231,20,syft,101,101,0,130,60.8,60.2,20,81,0,33.1,33.1
MordaTeam__go-config,231,20,trivy,69,69,0,162,46.0,45.3,20,49,0,44.9,44.9
MordaTeam__go-config,231,20,cdxgen,20,20,0,211,15.9,15.9,20,0,0,100.0,100.0
MordaTeam__go-config,231,20,cyclonedx-gomod,21,21,0,210,16.7,16.7,20,1,0,97.6,97.6
Mutasem-mk4__gspy,55,17,syft,32,32,0,23,73.6,73.6,17,15,0,69.4,69.4
Mutasem-mk4__gspy,55,17,trivy,21,21,0,34,55.3,55.3,17,4,0,89.5,89.5
Mutasem-mk4__gspy,55,17,cdxgen,17,17,0,38,47.2,47.2,17,0,0,100.0,100.0
Mutasem-mk4__gspy,55,17,cyclonedx-gomod,20,20,0,35,53.3,53.3,17,3,0,91.9,91.9
Mutasem-mk4__procscope,101,50,syft,69,69,0,32,81.2,81.2,50,19,0,84.0,84.0
Mutasem-mk4__procscope,101,50,trivy,51,51,0,50,67.1,67.1,50,1,0,99.0,99.0
Mutasem-mk4__procscope,101,50,cdxgen,51,51,0,50,67.1,67.1,50,1,0,99.0,99.0
Mutasem-mk4__procscope,101,50,cyclonedx-gomod,51,51,0,50,67.1,67.1,50,1,0,99.0,99.0
NdoleStudio__go-otelroundtripper,23,7,syft,21,21,0,2,95.5,95.5,7,14,0,50.0,50.0
NdoleStudio__go-otelroundtripper,23,7,trivy,16,16,0,7,82.1,82.1,7,9,0,60.9,60.9
NdoleStudio__go-otelroundtripper,23,7,cdxgen,7,7,0,16,46.7,46.7,7,0,0,100.0,100.0
NdoleStudio__go-otelroundtripper,23,7,cyclonedx-gomod,7,7,0,16,46.7,46.7,7,0,0,100.0,100.0
Netflix__chaosmonkey,37,24,syft,33,33,0,4,94.3,94.3,24,9,0,84.2,84.2
Netflix__chaosmonkey,37,24,trivy,29,29,0,8,87.9,87.9,24,5,0,90.6,90.6
Netflix__chaosmonkey,37,24,cdxgen,24,24,0,13,78.7,78.7,24,0,0,100.0,100.0
Netflix__chaosmonkey,37,24,cyclonedx-gomod,24,24,0,13,78.7,78.7,24,0,0,100.0,100.0
NodePassProject__nodepass,26,12,syft,17,17,0,9,79.1,79.1,12,5,0,82.8,82.8
NodePassProject__nodepass,26,12,trivy,12,12,0,14,63.2,63.2,12,0,0,100.0,100.0
NodePassProject__nodepass,26,12,cdxgen,12,12,0,14,63.2,63.2,12,0,0,100.0,100.0
NodePassProject__nodepass,26,12,cyclonedx-gomod,12,12,0,14,63.2,63.2,12,0,0,100.0,100.0
Noooste__azuretls-client,132,21,syft,41,41,0,91,47.4,46.2,21,20,0,67.7,67.7
Noooste__azuretls-client,132,21,trivy,26,26,0,106,32.9,31.6,21,5,0,89.4,89.4
Noooste__azuretls-client,132,21,cdxgen,21,21,0,111,27.5,27.5,21,0,0,100.0,100.0
Noooste__azuretls-client,132,21,cyclonedx-gomod,21,21,0,111,27.5,27.5,21,0,0,100.0,100.0
OTA-Insight__bqwriter,202,35,syft,54,54,0,148,42.2,41.4,35,19,0,78.7,76.4
OTA-Insight__bqwriter,202,35,trivy,43,43,0,159,35.1,34.3,35,8,0,89.7,87.2
OTA-Insight__bqwriter,202,35,cdxgen,35,35,0,167,29.5,28.7,35,0,0,100.0,97.1
OTA-Insight__bqwriter,202,35,cyclonedx-gomod,42,42,0,160,34.4,34.4,35,7,0,90.9,90.9
OldPanda__bloomfilter,20,2,syft,6,6,0,14,46.2,46.2,2,4,0,50.0,50.0
OldPanda__bloomfilter,20,2,trivy,20,20,0,0,100.0,100.0,2,18,0,18.2,18.2
OldPanda__bloomfilter,20,2,cdxgen,2,2,0,18,18.2,18.2,2,0,0,100.0,100.0
OldPanda__bloomfilter,20,2,cyclonedx-gomod,2,2,0,18,18.2,18.2,2,0,0,100.0,100.0
Oudwins__zog,11,5,syft,6,6,0,5,70.6,70.6,5,1,0,90.9,90.9
Oudwins__zog,11,5,trivy,5,5,0,6,62.5,62.5,5,0,0,100.0,100.0
Oudwins__zog,11,5,cdxgen,5,5,0,6,62.5,62.5,5,0,0,100.0,100.0
Oudwins__zog,11,5,cyclonedx-gomod,5,5,0,6,62.5,62.5,5,0,0,100.0,100.0
PIMPfiction__govader_backend,31,12,syft,18,18,0,13,73.5,73.5,12,6,0,80.0,80.0
PIMPfiction__govader_backend,31,12,trivy,16,16,0,15,68.1,68.1,12,4,0,85.7,85.7
PIMPfiction__govader_backend,31,12,cdxgen,12,12,0,19,55.8,55.8,12,0,0,100.0,100.0
PIMPfiction__govader_backend,31,12,cyclonedx-gomod,12,12,0,19,55.8,55.8,12,0,0,100.0,100.0
PaddleHQ__go-aws-ssm,11,3,syft,7,7,0,4,77.8,77.8,3,4,0,60.0,60.0
PaddleHQ__go-aws-ssm,11,3,trivy,4,4,0,7,53.3,53.3,3,1,0,85.7,85.7
PaddleHQ__go-aws-ssm,11,3,cdxgen,3,3,0,8,42.9,42.9,3,0,0,100.0,100.0
PaddleHQ__go-aws-ssm,11,3,cyclonedx-gomod,3,3,0,8,42.9,42.9,3,0,0,100.0,100.0
PaesslerAG__gval,2,1,syft,2,2,0,0,100.0,100.0,1,1,0,66.7,66.7
PaesslerAG__gval,2,1,trivy,2,2,0,0,100.0,100.0,1,1,0,66.7,66.7
PaesslerAG__gval,2,1,cdxgen,1,1,0,1,66.7,66.7,1,0,0,100.0,100.0
PaesslerAG__gval,2,1,cyclonedx-gomod,1,1,0,1,66.7,66.7,1,0,0,100.0,100.0
PerimeterX__envite,74,34,syft,56,56,0,18,86.2,86.2,34,22,0,75.6,75.6
PerimeterX__envite,74,34,trivy,39,39,0,35,69.0,69.0,34,5,0,93.2,93.2
PerimeterX__envite,74,34,cdxgen,34,34,0,40,63.0,63.0,34,0,0,100.0,100.0
PerimeterX__envite,74,34,cyclonedx-gomod,36,36,0,38,65.5,65.5,34,2,0,97.1,97.1
PerimeterX__marshmallow,5,2,syft,4,4,0,1,88.9,88.9,2,2,0,66.7,66.7
PerimeterX__marshmallow,5,2,trivy,4,4,0,1,88.9,88.9,2,2,0,66.7,66.7
PerimeterX__marshmallow,5,2,cdxgen,2,2,0,3,57.1,57.1,2,0,0,100.0,100.0
PerimeterX__marshmallow,5,2,cyclonedx-gomod,2,2,0,3,57.1,57.1,2,0,0,100.0,100.0
Pixboost__transformimgs,3,3,syft,5,3,2,0,75.0,75.0,3,2,0,75.0,75.0
Pixboost__transformimgs,3,3,trivy,5,3,2,0,75.0,75.0,3,2,0,75.0,75.0
Pixboost__transformimgs,3,3,cdxgen,4,3,1,0,85.7,85.7,3,1,0,85.7,85.7
Pixboost__transformimgs,3,3,cyclonedx-gomod,3,3,0,0,100.0,100.0,3,0,0,100.0,100.0
PuerkitoBio__goquery,6,2,syft,2,2,0,4,50.0,50.0,2,0,0,100.0,100.0
PuerkitoBio__goquery,6,2,trivy,6,6,0,0,100.0,100.0,2,4,0,50.0,50.0
PuerkitoBio__goquery,6,2,cdxgen,2,2,0,4,50.0,50.0,2,0,0,100.0,100.0
PuerkitoBio__goquery,6,2,cyclonedx-gomod,2,2,0,4,50.0,50.0,2,0,0,100.0,100.0
Qntfy__kazaam,2,2,syft,2,2,0,0,100.0,50.0,2,0,0,100.0,50.0
Qntfy__kazaam,2,2,trivy,2,2,0,0,100.0,50.0,2,0,0,100.0,50.0
Qntfy__kazaam,2,2,cdxgen,2,2,0,0,100.0,50.0,2,0,0,100.0,50.0
Qntfy__kazaam,2,2,cyclonedx-gomod,2,2,0,0,100.0,100.0,2,0,0,100.0,100.0
RibbonFilter__ribbonGo,4,2,syft,4,4,0,0,100.0,100.0,2,2,0,66.7,66.7
RibbonFilter__ribbonGo,4,2,trivy,3,3,0,1,85.7,85.7,2,1,0,80.0,80.0
RibbonFilter__ribbonGo,4,2,cdxgen,2,2,0,2,66.7,66.7,2,0,0,100.0,100.0
RibbonFilter__ribbonGo,4,2,cyclonedx-gomod,3,3,0,1,85.7,85.7,2,1,0,80.0,80.0
RichardKnop__go-fixtures,10,1,syft,10,10,0,0,100.0,100.0,1,9,0,18.2,18.2
RichardKnop__go-fixtures,10,1,trivy,10,10,0,0,100.0,100.0,1,9,0,18.2,18.2
RichardKnop__go-fixtures,10,1,cdxgen,1,1,0,9,18.2,18.2,1,0,0,100.0,100.0
RichardKnop__go-fixtures,10,1,cyclonedx-gomod,1,1,0,9,18.2,18.2,1,0,0,100.0,100.0
RichardKnop__jsonhal,4,1,syft,4,4,0,0,100.0,100.0,1,3,0,40.0,40.0
RichardKnop__jsonhal,4,1,trivy,4,4,0,0,100.0,100.0,1,3,0,40.0,40.0
RichardKnop__jsonhal,4,1,cdxgen,1,1,0,3,40.0,40.0,1,0,0,100.0,100.0
RichardKnop__jsonhal,4,1,cyclonedx-gomod,1,1,0,3,40.0,40.0,1,0,0,100.0,100.0
RichardKnop__machinery,118,46,syft,87,67,20,51,65.4,56.6,46,41,0,69.2,61.7
RichardKnop__machinery,118,46,trivy,76,57,19,61,58.8,51.5,46,30,0,75.4,67.2
RichardKnop__machinery,118,46,cdxgen,65,47,18,71,51.4,51.4,46,19,0,82.9,82.9
RichardKnop__machinery,118,46,cyclonedx-gomod,51,51,0,67,60.4,60.4,46,5,0,94.8,94.8
RichardKnop__minisql,36,4,syft,20,20,0,16,71.4,71.4,4,16,0,33.3,33.3
RichardKnop__minisql,36,4,trivy,18,18,0,18,66.7,66.7,4,14,0,36.4,36.4
RichardKnop__minisql,36,4,cdxgen,4,4,0,32,20.0,20.0,4,0,0,100.0,100.0
RichardKnop__minisql,36,4,cyclonedx-gomod,4,4,0,32,20.0,20.0,4,0,0,100.0,100.0
RoaringBitmap__roaring,19,2,syft,14,14,0,5,84.8,84.8,2,12,0,25.0,25.0
RoaringBitmap__roaring,19,2,trivy,12,12,0,7,77.4,77.4,2,10,0,28.6,28.6
RoaringBitmap__roaring,19,2,cdxgen,2,2,0,17,19.0,19.0,2,0,0,100.0,100.0
RoaringBitmap__roaring,19,2,cyclonedx-gomod,7,7,0,12,53.8,53.8,2,5,0,44.4,44.4
SaiNageswarS__go-api-boot,308,92,syft,111,111,0,197,53.0,52.5,92,19,0,90.6,89.7
SaiNageswarS__go-api-boot,308,92,trivy,93,93,0,215,46.4,45.9,92,1,0,99.5,98.4
SaiNageswarS__go-api-boot,308,92,cdxgen,92,92,0,216,46.0,45.5,92,0,0,100.0,98.9
SaiNageswarS__go-api-boot,308,92,cyclonedx-gomod,88,88,0,220,44.4,44.4,87,1,5,96.7,96.7
SeldonIO__goven,81,4,syft,39,39,0,42,65.0,63.3,4,35,0,18.6,18.6
SeldonIO__goven,81,4,trivy,21,21,0,60,41.2,41.2,4,17,0,32.0,32.0
SeldonIO__goven,81,4,cdxgen,4,4,0,77,9.4,9.4,4,0,0,100.0,100.0
SeldonIO__goven,81,4,cyclonedx-gomod,4,4,0,77,9.4,9.4,4,0,0,100.0,100.0
Sherifabdlnaby__gpool,1,1,syft,1,1,0,0,100.0,100.0,1,0,0,100.0,100.0
Sherifabdlnaby__gpool,1,1,trivy,1,1,0,0,100.0,100.0,1,0,0,100.0,100.0
Sherifabdlnaby__gpool,1,1,cdxgen,1,1,0,0,100.0,100.0,1,0,0,100.0,100.0
Sherifabdlnaby__gpool,1,1,cyclonedx-gomod,1,1,0,0,100.0,100.0,1,0,0,100.0,100.0
Shopify__sarama,37,14,syft,48,25,23,12,58.8,58.8,14,34,0,45.2,45.2
Shopify__sarama,37,14,trivy,44,22,22,15,54.3,54.3,14,30,0,48.3,48.3
Shopify__sarama,37,14,cdxgen,28,15,13,22,46.2,46.2,14,14,0,66.7,66.7
Shopify__sarama,37,14,cyclonedx-gomod,14,14,0,23,54.9,54.9,14,0,0,100.0,100.0
SimonBaeumer__commander,58,28,syft,42,42,0,16,84.0,78.0,28,14,0,80.0,71.4
SimonBaeumer__commander,58,28,trivy,39,39,0,19,80.4,74.2,28,11,0,83.6,74.6
SimonBaeumer__commander,58,28,cdxgen,39,39,0,19,80.4,74.2,28,11,0,83.6,74.6
SimonBaeumer__commander,58,28,cyclonedx-gomod,29,29,0,29,66.7,66.7,25,4,3,87.7,87.7
Sioro-Neoku__go-peerflix,121,34,syft,46,46,0,75,55.1,52.7,34,12,0,85.0,82.5
Sioro-Neoku__go-peerflix,121,34,trivy,121,121,0,0,100.0,96.7,34,87,0,43.9,42.6
Sioro-Neoku__go-peerflix,121,34,cdxgen,34,34,0,87,43.9,42.6,34,0,0,100.0,97.1
Sioro-Neoku__go-peerflix,121,34,cyclonedx-gomod,36,36,0,85,45.9,45.9,34,2,0,97.1,97.1
Sirupsen__logrus,7,5,syft,6,6,0,1,92.3,92.3,5,1,0,90.9,90.9
Sirupsen__logrus,7,5,trivy,5,5,0,2,83.3,83.3,5,0,0,100.0,100.0
Sirupsen__logrus,7,5,cdxgen,5,5,0,2,83.3,83.3,5,0,0,100.0,100.0
Sirupsen__logrus,7,5,cyclonedx-gomod,2,2,0,5,44.4,44.4,2,0,3,57.1,57.1
SonicRoshan__straf,7,1,syft,6,6,0,1,92.3,92.3,1,5,0,28.6,28.6
SonicRoshan__straf,7,1,trivy,7,7,0,0,100.0,100.0,1,6,0,25.0,25.0
SonicRoshan__straf,7,1,cdxgen,1,1,0,6,25.0,25.0,1,0,0,100.0,100.0
SonicRoshan__straf,7,1,cyclonedx-gomod,1,1,0,6,25.0,25.0,1,0,0,100.0,100.0
Southclaws__fault,53,9,syft,22,18,4,35,48.0,48.0,9,13,0,58.1,58.1
Southclaws__fault,53,9,trivy,20,16,4,37,43.8,43.8,9,11,0,62.1,62.1
Southclaws__fault,53,9,cdxgen,12,9,3,44,27.7,27.7,9,3,0,85.7,85.7
Southclaws__fault,53,9,cyclonedx-gomod,9,9,0,44,29.0,29.0,9,0,0,100.0,100.0
SpatiumPortae__portal,293,51,syft,106,106,0,187,53.1,52.1,51,55,0,65.0,65.0
SpatiumPortae__portal,293,51,trivy,95,95,0,198,49.0,47.9,51,44,0,69.9,69.9
SpatiumPortae__portal,293,51,cdxgen,51,51,0,242,29.7,29.7,51,0,0,100.0,100.0
SpatiumPortae__portal,293,51,cyclonedx-gomod,54,54,0,239,31.1,31.1,51,3,0,97.1,97.1
SpectoLabs__hoverfly,174,79,syft,98,98,0,76,72.1,70.6,79,19,0,89.3,87.0
SpectoLabs__hoverfly,174,79,trivy,82,82,0,92,64.1,62.5,79,3,0,98.1,95.7
SpectoLabs__hoverfly,174,79,cdxgen,82,82,0,92,64.1,62.5,79,3,0,98.1,95.7
SpectoLabs__hoverfly,174,79,cyclonedx-gomod,80,80,0,94,63.0,63.0,79,1,0,99.4,99.4
TheCreeper__go-notify,1,1,syft,1,1,0,0,100.0,100.0,1,0,0,100.0,100.0
TheCreeper__go-notify,1,1,trivy,1,1,0,0,100.0,100.0,1,0,0,100.0,100.0
TheCreeper__go-notify,1,1,cdxgen,1,1,0,0,100.0,100.0,1,0,0,100.0,100.0
TheCreeper__go-notify,1,1,cyclonedx-gomod,1,1,0,0,100.0,100.0,1,0,0,100.0,100.0
ThomasObenaus__go-conf,161,19,syft,29,29,0,132,30.5,29.5,19,10,0,79.2,79.2
ThomasObenaus__go-conf,161,19,trivy,22,22,0,139,24.0,24.0,19,3,0,92.7,92.7
ThomasObenaus__go-conf,161,19,cdxgen,19,19,0,142,21.1,21.1,19,0,0,100.0,100.0
ThomasObenaus__go-conf,161,19,cyclonedx-gomod,19,19,0,142,21.1,21.1,19,0,0,100.0,100.0
ThreeDotsLabs__watermill,54,22,syft,245,38,207,16,25.4,17.4,22,223,0,16.5,15.0
ThreeDotsLabs__watermill,54,22,trivy,191,32,159,22,26.1,20.4,22,169,0,20.7,20.7
ThreeDotsLabs__watermill,54,22,cdxgen,163,28,135,26,25.8,20.3,22,141,0,23.8,23.8
ThreeDotsLabs__watermill,54,22,cyclonedx-gomod,22,22,0,32,57.9,57.9,22,0,0,100.0,100.0
TimothyYe__skm,9,7,syft,9,9,0,0,100.0,100.0,7,2,0,87.5,87.5
TimothyYe__skm,9,7,trivy,7,7,0,2,87.5,87.5,7,0,0,100.0,100.0
TimothyYe__skm,9,7,cdxgen,7,7,0,2,87.5,87.5,7,0,0,100.0,100.0
TimothyYe__skm,9,7,cyclonedx-gomod,7,7,0,2,87.5,87.5,7,0,0,100.0,100.0
Tochemey__goakt,311,130,syft,201,201,0,110,78.5,78.1,130,71,0,78.5,77.9
Tochemey__goakt,311,130,trivy,175,175,0,136,72.0,71.6,130,45,0,85.2,84.6
Tochemey__goakt,311,130,cdxgen,130,130,0,181,59.0,58.5,130,0,0,100.0,99.2
Tochemey__goakt,311,130,cyclonedx-gomod,132,132,0,179,59.6,59.6,127,5,3,96.9,96.9
TrueFurby__go-callvis,20,9,syft,13,13,0,7,78.8,78.8,9,4,0,81.8,81.8
TrueFurby__go-callvis,20,9,trivy,10,10,0,10,66.7,66.7,9,1,0,94.7,94.7
TrueFurby__go-callvis,20,9,cdxgen,9,9,0,11,62.1,62.1,9,0,0,100.0,100.0
TrueFurby__go-callvis,20,9,cyclonedx-gomod,10,10,0,10,66.7,66.7,9,1,0,94.7,94.7
TwinProduction__gatus,162,88,syft,126,126,0,36,87.5,87.5,88,38,0,82.2,82.2
TwinProduction__gatus,162,88,trivy,94,94,0,68,73.4,73.4,88,6,0,96.7,96.7
TwinProduction__gatus,162,88,cdxgen,88,88,0,74,70.4,70.4,88,0,0,100.0,100.0
TwinProduction__gatus,162,88,cyclonedx-gomod,93,93,0,69,72.9,72.9,88,5,0,97.2,97.2
Ullaakut__cameradar,175,76,syft,124,124,0,51,82.9,82.3,76,48,0,76.0,76.0
Ullaakut__cameradar,175,76,trivy,82,82,0,93,63.8,63.8,76,6,0,96.2,96.2
Ullaakut__cameradar,175,76,cdxgen,76,76,0,99,60.6,60.6,76,0,0,100.0,100.0
Ullaakut__cameradar,175,76,cyclonedx-gomod,78,78,0,97,61.7,61.7,76,2,0,98.7,98.7
Unrud__remote-touchpad,8,2,syft,5,5,0,3,76.9,76.9,2,3,0,57.1,57.1
Unrud__remote-touchpad,8,2,trivy,5,5,0,3,76.9,76.9,2,3,0,57.1,57.1
Unrud__remote-touchpad,8,2,cdxgen,2,2,0,6,40.0,40.0,2,0,0,100.0,100.0
Unrud__remote-touchpad,8,2,cyclonedx-gomod,5,5,0,3,76.9,76.9,2,3,0,57.1,57.1
VerizonDigital__vflow,156,38,syft,63,63,0,93,57.5,55.7,38,25,0,75.2,71.3
VerizonDigital__vflow,156,38,trivy,42,42,0,114,42.4,40.4,38,4,0,95.0,90.0
VerizonDigital__vflow,156,38,cdxgen,38,38,0,118,39.2,37.1,38,0,0,100.0,94.7
VerizonDigital__vflow,156,38,cyclonedx-gomod,39,39,0,117,40.0,40.0,38,1,0,98.7,98.7
Vertamedia__chproxy,60,20,syft,36,36,0,24,75.0,72.9,20,16,0,71.4,67.9
Vertamedia__chproxy,60,20,trivy,29,29,0,31,65.2,62.9,20,9,0,81.6,77.6
Vertamedia__chproxy,60,20,cdxgen,20,20,0,40,50.0,47.5,20,0,0,100.0,95.0
Vertamedia__chproxy,60,20,cyclonedx-gomod,20,20,0,40,50.0,50.0,20,0,0,100.0,100.0
VictoriaMetrics__VictoriaMetrics,570,170,syft,275,274,1,296,64.9,64.6,170,105,0,76.4,76.4
VictoriaMetrics__VictoriaMetrics,570,170,trivy,172,171,1,399,46.1,46.1,170,2,0,99.4,99.4
VictoriaMetrics__VictoriaMetrics,570,170,cdxgen,171,171,0,399,46.2,46.2,170,1,0,99.7,99.7
VictoriaMetrics__VictoriaMetrics,570,170,cyclonedx-gomod,171,171,0,399,46.2,46.2,170,1,0,99.7,99.7
VictoriaMetrics__fastcache,8,3,syft,7,7,0,1,93.3,93.3,3,4,0,60.0,60.0
VictoriaMetrics__fastcache,8,3,trivy,6,6,0,2,85.7,85.7,3,3,0,66.7,66.7
VictoriaMetrics__fastcache,8,3,cdxgen,6,6,0,2,85.7,85.7,3,3,0,66.7,66.7
VictoriaMetrics__fastcache,8,3,cyclonedx-gomod,3,3,0,5,54.5,54.5,3,0,0,100.0,100.0
VinGarcia__ksql,12,4,syft,113,9,104,3,14.4,8.0,4,109,0,6.8,5.1
VinGarcia__ksql,12,4,trivy,163,12,151,0,13.7,11.4,4,159,0,4.8,4.8
VinGarcia__ksql,12,4,cdxgen,66,4,62,8,10.3,10.3,4,62,0,11.4,11.4
VinGarcia__ksql,12,4,cyclonedx-gomod,4,4,0,8,50.0,50.0,4,0,0,100.0,100.0
VividCortex__pm,1,1,syft,1,1,0,0,100.0,100.0,1,0,0,100.0,100.0
VividCortex__pm,1,1,trivy,1,1,0,0,100.0,100.0,1,0,0,100.0,100.0
VividCortex__pm,1,1,cdxgen,1,1,0,0,100.0,100.0,1,0,0,100.0,100.0
VividCortex__pm,1,1,cyclonedx-gomod,1,1,0,0,100.0,100.0,1,0,0,100.0,100.0
VividCortex__robustly,1,1,syft,1,1,0,0,100.0,100.0,1,0,0,100.0,100.0
VividCortex__robustly,1,1,trivy,1,1,0,0,100.0,100.0,1,0,0,100.0,100.0
VividCortex__robustly,1,1,cdxgen,1,1,0,0,100.0,100.0,1,0,0,100.0,100.0
VividCortex__robustly,1,1,cyclonedx-gomod,1,1,0,0,100.0,100.0,1,0,0,100.0,100.0
Voxray-AI__Voxray,363,149,syft,193,192,1,171,69.1,68.0,149,44,0,87.1,86.5
Voxray-AI__Voxray,363,149,trivy,152,152,0,211,59.0,58.6,149,3,0,99.0,98.3
Voxray-AI__Voxray,363,149,cdxgen,149,149,0,214,58.2,57.8,149,0,0,100.0,99.3
Voxray-AI__Voxray,363,149,cyclonedx-gomod,152,152,0,211,59.0,59.0,149,3,0,99.0,99.0
Workiva__go-datastructures,18,7,syft,8,8,0,10,61.5,61.5,7,1,0,93.3,93.3
Workiva__go-datastructures,18,7,trivy,18,18,0,0,100.0,100.0,7,11,0,56.0,56.0
Workiva__go-datastructures,18,7,cdxgen,7,7,0,11,56.0,56.0,7,0,0,100.0,100.0
Workiva__go-datastructures,18,7,cyclonedx-gomod,6,6,0,12,50.0,50.0,6,0,1,92.3,92.3
Yiling-J__cacheme-go,164,13,syft,28,28,0,136,29.2,29.2,13,15,0,63.4,63.4
Yiling-J__cacheme-go,164,13,trivy,164,164,0,0,100.0,98.8,13,151,0,14.7,14.7
Yiling-J__cacheme-go,164,13,cdxgen,13,13,0,151,14.7,14.7,13,0,0,100.0,100.0
Yiling-J__cacheme-go,164,13,cyclonedx-gomod,14,14,0,150,15.7,15.7,13,1,0,96.3,96.3
Yiling-J__piper,160,15,syft,23,23,0,137,25.1,25.1,15,8,0,78.9,78.9
Yiling-J__piper,160,15,trivy,160,160,0,0,100.0,98.8,15,145,0,17.1,17.1
Yiling-J__piper,160,15,cdxgen,15,15,0,145,17.1,17.1,15,0,0,100.0,100.0
Yiling-J__piper,160,15,cyclonedx-gomod,15,15,0,145,17.1,17.1,15,0,0,100.0,100.0
Yiling-J__theine-go,14,3,syft,12,12,0,2,92.3,92.3,3,9,0,40.0,40.0
Yiling-J__theine-go,14,3,trivy,10,10,0,4,83.3,83.3,3,7,0,46.2,46.2
Yiling-J__theine-go,14,3,cdxgen,3,3,0,11,35.3,35.3,3,0,0,100.0,100.0
Yiling-J__theine-go,14,3,cyclonedx-gomod,3,3,0,11,35.3,35.3,3,0,0,100.0,100.0
Zaba505__gws,33,2,syft,24,24,0,9,84.2,84.2,2,22,0,15.4,15.4
Zaba505__gws,33,2,trivy,33,33,0,0,100.0,100.0,2,31,0,11.4,11.4
Zaba505__gws,33,2,cdxgen,2,2,0,31,11.4,11.4,2,0,0,100.0,100.0
Zaba505__gws,33,2,cyclonedx-gomod,2,2,0,31,11.4,11.4,2,0,0,100.0,100.0
Zxilly__go-size-analyzer,121,57,syft,69,69,0,52,72.6,72.6,57,12,0,90.5,90.5
Zxilly__go-size-analyzer,121,57,trivy,64,64,0,57,69.2,69.2,57,7,0,94.2,94.2
Zxilly__go-size-analyzer,121,57,cdxgen,64,64,0,57,69.2,69.2,57,7,0,94.2,94.2
Zxilly__go-size-analyzer,121,57,cyclonedx-gomod,55,55,0,66,62.5,62.5,54,1,3,96.4,96.4
a-h__templ,27,16,syft,150,24,126,3,27.1,23.7,16,134,0,19.3,18.1
a-h__templ,27,16,trivy,133,23,110,4,28.7,26.3,16,117,0,21.5,20.1
a-h__templ,27,16,cdxgen,0,0,0,27,0.0,0.0,0,0,16,0.0,0.0
a-h__templ,27,16,cyclonedx-gomod,16,16,0,11,74.4,74.4,16,0,0,100.0,100.0
a8m__rql,17,5,syft,12,12,0,5,82.8,82.8,5,7,0,58.8,58.8
a8m__rql,17,5,trivy,17,17,0,0,100.0,100.0,5,12,0,45.5,45.5
a8m__rql,17,5,cdxgen,5,5,0,12,45.5,45.5,5,0,0,100.0,100.0
a8m__rql,17,5,cyclonedx-gomod,5,5,0,12,45.5,45.5,5,0,0,100.0,100.0
aafeher__go-sitemap-parser,8,2,syft,2,2,0,6,40.0,40.0,2,0,0,100.0,100.0
aafeher__go-sitemap-parser,8,2,trivy,2,2,0,6,40.0,40.0,2,0,0,100.0,100.0
aafeher__go-sitemap-parser,8,2,cdxgen,2,2,0,6,40.0,40.0,2,0,0,100.0,100.0
aafeher__go-sitemap-parser,8,2,cyclonedx-gomod,2,2,0,6,40.0,40.0,2,0,0,100.0,100.0
abahmed__kwatch,89,57,syft,70,70,0,19,88.1,88.1,57,13,0,89.8,89.8
abahmed__kwatch,89,57,trivy,62,62,0,27,82.1,82.1,57,5,0,95.8,95.8
abahmed__kwatch,89,57,cdxgen,57,57,0,32,78.1,78.1,57,0,0,100.0,100.0
abahmed__kwatch,89,57,cyclonedx-gomod,54,54,0,35,75.5,75.5,53,1,4,95.5,95.5
abemedia__go-don,30,13,syft,53,22,31,8,53.0,48.2,13,40,0,39.4,39.4
abemedia__go-don,30,13,trivy,43,17,26,13,46.6,43.8,13,30,0,46.4,46.4
abemedia__go-don,30,13,cdxgen,13,13,0,17,60.5,60.5,13,0,0,100.0,100.0
abemedia__go-don,30,13,cyclonedx-gomod,13,13,0,17,60.5,60.5,13,0,0,100.0,100.0
abhimanyu003__sttr,64,42,syft,54,54,0,10,91.5,91.5,42,12,0,87.5,87.5
abhimanyu003__sttr,64,42,trivy,46,46,0,18,83.6,83.6,42,4,0,95.5,95.5
abhimanyu003__sttr,64,42,cdxgen,42,42,0,22,79.2,79.2,42,0,0,100.0,100.0
abhimanyu003__sttr,64,42,cyclonedx-gomod,45,45,0,19,82.6,82.6,42,3,0,96.6,96.6
abice__go-enum,49,23,syft,39,39,0,10,88.6,88.6,23,16,0,74.2,74.2
abice__go-enum,49,23,trivy,34,34,0,15,81.9,81.9,23,11,0,80.7,80.7
abice__go-enum,49,23,cdxgen,23,23,0,26,63.9,63.9,23,0,0,100.0,100.0
abice__go-enum,49,23,cyclonedx-gomod,27,27,0,22,71.1,71.1,23,4,0,92.0,92.0
abiosoft__colima,29,17,syft,25,25,0,4,92.6,92.6,17,8,0,81.0,81.0
abiosoft__colima,29,17,trivy,19,19,0,10,79.2,79.2,17,2,0,94.4,94.4
abiosoft__colima,29,17,cdxgen,17,17,0,12,73.9,73.9,17,0,0,100.0,100.0
abiosoft__colima,29,17,cyclonedx-gomod,19,19,0,10,79.2,79.2,17,2,0,94.4,94.4
abraithwaite__jeff,21,6,syft,11,11,0,10,68.8,68.8,6,5,0,70.6,70.6
abraithwaite__jeff,21,6,trivy,21,21,0,0,100.0,100.0,6,15,0,44.4,44.4
abraithwaite__jeff,21,6,cdxgen,6,6,0,15,44.4,44.4,6,0,0,100.0,100.0
abraithwaite__jeff,21,6,cyclonedx-gomod,6,6,0,15,44.4,44.4,6,0,0,100.0,100.0
achannarasappa__ticker,396,37,syft,260,260,0,136,79.3,79.3,37,223,0,24.9,24.9
achannarasappa__ticker,396,37,trivy,224,224,0,172,72.3,72.3,37,187,0,28.4,28.4
achannarasappa__ticker,396,37,cdxgen,37,37,0,359,17.1,17.1,37,0,0,100.0,100.0
achannarasappa__ticker,396,37,cyclonedx-gomod,217,217,0,179,70.8,70.8,37,180,0,29.1,29.1
aclindsa__ofxgo,11,4,syft,4,4,0,7,53.3,53.3,4,0,0,100.0,100.0
aclindsa__ofxgo,11,4,trivy,11,11,0,0,100.0,100.0,4,7,0,53.3,53.3
aclindsa__ofxgo,11,4,cdxgen,4,4,0,7,53.3,53.3,4,0,0,100.0,100.0
aclindsa__ofxgo,11,4,cyclonedx-gomod,4,4,0,7,53.3,53.3,4,0,0,100.0,100.0
adam-hanna__sessions,2,2,syft,2,2,0,0,100.0,100.0,2,0,0,100.0,100.0
adam-hanna__sessions,2,2,trivy,2,2,0,0,100.0,100.0,2,0,0,100.0,100.0
adam-hanna__sessions,2,2,cdxgen,2,2,0,0,100.0,100.0,2,0,0,100.0,100.0
adam-hanna__sessions,2,2,cyclonedx-gomod,2,2,0,0,100.0,100.0,2,0,0,100.0,100.0
adelowo__gulter,42,25,syft,33,33,0,9,88.0,88.0,25,8,0,86.2,86.2
adelowo__gulter,42,25,trivy,31,31,0,11,84.9,84.9,25,6,0,89.3,89.3
adelowo__gulter,42,25,cdxgen,25,25,0,17,74.6,74.6,25,0,0,100.0,100.0
adelowo__gulter,42,25,cyclonedx-gomod,25,25,0,17,74.6,74.6,25,0,0,100.0,100.0
adelowo__onecache,21,2,syft,16,16,0,5,86.5,81.1,2,14,0,22.2,11.1
adelowo__onecache,21,2,trivy,21,21,0,0,100.0,95.2,2,19,0,17.4,8.7
adelowo__onecache,21,2,cdxgen,2,2,0,19,17.4,8.7,2,0,0,100.0,50.0
adelowo__onecache,21,2,cyclonedx-gomod,2,2,0,19,17.4,17.4,2,0,0,100.0,100.0
adlio__trello,1,1,syft,1,1,0,0,100.0,100.0,1,0,0,100.0,100.0
adlio__trello,1,1,trivy,1,1,0,0,100.0,100.0,1,0,0,100.0,100.0
adlio__trello,1,1,cdxgen,1,1,0,0,100.0,100.0,1,0,0,100.0,100.0
adlio__trello,1,1,cyclonedx-gomod,1,1,0,0,100.0,100.0,1,0,0,100.0,100.0
adnanh__webhook,20,10,syft,15,15,0,5,85.7,85.7,10,5,0,80.0,80.0
adnanh__webhook,20,10,trivy,14,14,0,6,82.4,82.4,10,4,0,83.3,83.3
adnanh__webhook,20,10,cdxgen,14,14,0,6,82.4,82.4,10,4,0,83.3,83.3
adnanh__webhook,20,10,cyclonedx-gomod,11,11,0,9,71.0,71.0,10,1,0,95.2,95.2
adrianosela__sslmgr,198,46,syft,59,59,0,139,45.9,45.1,46,13,0,87.6,87.6
adrianosela__sslmgr,198,46,trivy,50,50,0,148,40.3,39.5,46,4,0,95.8,95.8
adrianosela__sslmgr,198,46,cdxgen,46,46,0,152,37.7,37.7,46,0,0,100.0,100.0
adrianosela__sslmgr,198,46,cyclonedx-gomod,46,46,0,152,37.7,37.7,46,0,0,100.0,100.0
aerospike__aerospike-client-go,47,3,syft,34,34,0,13,84.0,84.0,3,31,0,16.2,16.2
aerospike__aerospike-client-go,47,3,trivy,19,19,0,28,57.6,57.6,3,16,0,27.3,27.3
aerospike__aerospike-client-go,47,3,cdxgen,3,3,0,44,12.0,12.0,3,0,0,100.0,100.0
aerospike__aerospike-client-go,47,3,cyclonedx-gomod,5,5,0,42,19.2,19.2,3,2,0,75.0,75.0
agenticenv__agent-sdk-go,392,120,syft,143,141,2,251,52.7,52.7,120,23,0,91.3,91.3
agenticenv__agent-sdk-go,392,120,trivy,122,122,0,270,47.5,47.5,120,2,0,99.2,99.2
agenticenv__agent-sdk-go,392,120,cdxgen,120,120,0,272,46.9,46.9,120,0,0,100.0,100.0
agenticenv__agent-sdk-go,392,120,cyclonedx-gomod,116,116,0,276,45.7,45.7,116,0,4,98.3,98.3
agilira__argus,6,5,syft,18,6,12,0,50.0,16.7,5,13,0,43.5,8.7
agilira__argus,6,5,trivy,28,6,22,0,35.3,11.8,5,23,0,30.3,6.1
agilira__argus,6,5,cdxgen,0,0,0,6,0.0,0.0,0,0,5,0.0,0.0
agilira__argus,6,5,cyclonedx-gomod,5,5,0,1,90.9,90.9,5,0,0,100.0,100.0
agilira__orpheus,5,5,syft,24,5,19,0,34.5,20.7,5,19,0,34.5,20.7
agilira__orpheus,5,5,trivy,25,5,20,0,33.3,33.3,5,20,0,33.3,33.3
agilira__orpheus,5,5,cdxgen,5,5,0,0,100.0,100.0,5,0,0,100.0,100.0
agilira__orpheus,5,5,cyclonedx-gomod,5,5,0,0,100.0,100.0,5,0,0,100.0,100.0
agnivade__wasmbrowsertest,16,9,syft,14,14,0,2,93.3,93.3,9,5,0,78.3,78.3
agnivade__wasmbrowsertest,16,9,trivy,10,10,0,6,76.9,76.9,9,1,0,94.7,94.7
agnivade__wasmbrowsertest,16,9,cdxgen,9,9,0,7,72.0,72.0,9,0,0,100.0,100.0
agnivade__wasmbrowsertest,16,9,cyclonedx-gomod,10,10,0,6,76.9,76.9,9,1,0,94.7,94.7
ahmadraza100__dotlock,58,32,syft,45,45,0,13,87.4,87.4,32,13,0,83.1,83.1
ahmadraza100__dotlock,58,32,trivy,36,36,0,22,76.6,76.6,32,4,0,94.1,94.1
ahmadraza100__dotlock,58,32,cdxgen,32,32,0,26,71.1,71.1,32,0,0,100.0,100.0
ahmadraza100__dotlock,58,32,cyclonedx-gomod,36,36,0,22,76.6,76.6,32,4,0,94.1,94.1
ahmedakef__gotutor,43,14,syft,46,28,18,15,62.9,56.2,14,32,0,46.7,46.7
ahmedakef__gotutor,43,14,trivy,32,22,10,21,58.7,50.7,14,18,0,60.9,60.9
ahmedakef__gotutor,43,14,cdxgen,25,17,8,26,50.0,47.1,14,11,0,71.8,71.8
ahmedakef__gotutor,43,14,cyclonedx-gomod,15,15,0,28,51.7,51.7,14,1,0,96.6,96.6
airbusgeo__godal,318,51,syft,72,72,0,246,36.9,36.9,51,21,0,82.9,82.9
airbusgeo__godal,318,51,trivy,57,57,0,261,30.4,30.4,51,6,0,94.4,94.4
airbusgeo__godal,318,51,cdxgen,51,51,0,267,27.6,27.6,51,0,0,100.0,100.0
airbusgeo__godal,318,51,cyclonedx-gomod,50,50,0,268,27.2,27.2,48,2,3,95.0,95.0
ajitpratap0__GoSQLX,130,15,syft,124,117,7,13,92.1,91.3,15,109,0,21.6,21.6
ajitpratap0__GoSQLX,130,15,trivy,90,81,9,49,73.6,72.7,15,75,0,28.6,28.6
ajitpratap0__GoSQLX,130,15,cdxgen,0,0,0,130,0.0,0.0,0,0,15,0.0,0.0
ajitpratap0__GoSQLX,130,15,cyclonedx-gomod,16,16,0,114,21.9,21.9,15,1,0,96.8,96.8
ajstarks__svgo,14,3,syft,3,3,0,11,35.3,35.3,3,0,0,100.0,100.0
ajstarks__svgo,14,3,trivy,14,14,0,0,100.0,100.0,3,11,0,35.3,35.3
ajstarks__svgo,14,3,cdxgen,3,3,0,11,35.3,35.3,3,0,0,100.0,100.0
ajstarks__svgo,14,3,cyclonedx-gomod,3,3,0,11,35.3,35.3,3,0,0,100.0,100.0
ajvb__kala,234,41,syft,76,76,0,158,49.0,47.7,41,35,0,70.1,70.1
ajvb__kala,234,41,trivy,234,234,0,0,100.0,96.2,41,193,0,29.8,29.8
ajvb__kala,234,41,cdxgen,41,41,0,193,29.8,29.8,41,0,0,100.0,100.0
ajvb__kala,234,41,cyclonedx-gomod,44,44,0,190,31.7,31.7,41,3,0,96.5,96.5
alajmo__mani,52,25,syft,37,37,0,15,83.1,83.1,25,12,0,80.6,80.6
alajmo__mani,52,25,trivy,30,30,0,22,73.2,73.2,25,5,0,90.9,90.9
alajmo__mani,52,25,cdxgen,25,25,0,27,64.9,64.9,25,0,0,100.0,100.0
alajmo__mani,52,25,cyclonedx-gomod,26,26,0,26,66.7,66.7,25,1,0,98.0,98.0
alajmo__sake,44,19,syft,32,32,0,12,84.2,84.2,19,13,0,74.5,74.5
alajmo__sake,44,19,trivy,28,28,0,16,77.8,77.8,19,9,0,80.9,80.9
alajmo__sake,44,19,cdxgen,19,19,0,25,60.3,60.3,19,0,0,100.0,100.0
alajmo__sake,44,19,cyclonedx-gomod,20,20,0,24,62.5,62.5,19,1,0,97.4,97.4
aldor007__mort,326,95,syft,132,132,0,194,57.6,55.0,95,37,0,83.7,81.1
aldor007__mort,326,95,trivy,107,107,0,219,49.4,47.6,95,12,0,94.1,91.1
aldor007__mort,326,95,cdxgen,95,95,0,231,45.1,43.7,95,0,0,100.0,96.8
aldor007__mort,326,95,cyclonedx-gomod,97,97,0,229,45.9,45.9,95,2,0,99.0,99.0
alebeck__boring,8,6,syft,7,7,0,1,93.3,93.3,6,1,0,92.3,92.3
alebeck__boring,8,6,trivy,7,7,0,1,93.3,93.3,6,1,0,92.3,92.3
alebeck__boring,8,6,cdxgen,6,6,0,2,85.7,85.7,6,0,0,100.0,100.0
alebeck__boring,8,6,cyclonedx-gomod,6,6,0,2,85.7,85.7,6,0,0,100.0,100.0
alecthomas__go_serialization_benchmarks,232,48,syft,71,71,0,161,46.9,44.9,48,23,0,80.7,77.3
alecthomas__go_serialization_benchmarks,232,48,trivy,55,55,0,177,38.3,36.2,48,7,0,93.2,89.3
alecthomas__go_serialization_benchmarks,232,48,cdxgen,48,48,0,184,34.3,32.9,48,0,0,100.0,95.8
alecthomas__go_serialization_benchmarks,232,48,cyclonedx-gomod,50,50,0,182,35.5,35.5,48,2,0,98.0,98.0
alecthomas__kingpin,8,2,syft,9,7,2,1,82.4,82.4,2,7,0,36.4,36.4
alecthomas__kingpin,8,2,trivy,8,6,2,2,75.0,75.0,2,6,0,40.0,40.0
alecthomas__kingpin,8,2,cdxgen,2,2,0,6,40.0,40.0,2,0,0,100.0,100.0
alecthomas__kingpin,8,2,cyclonedx-gomod,2,2,0,6,40.0,40.0,2,0,0,100.0,100.0
alegrey91__fwdctl,112,24,syft,38,38,0,74,50.7,50.7,24,14,0,77.4,77.4
alegrey91__fwdctl,112,24,trivy,30,30,0,82,42.3,42.3,24,6,0,88.9,88.9
alegrey91__fwdctl,112,24,cdxgen,24,24,0,88,35.3,35.3,24,0,0,100.0,100.0
alegrey91__fwdctl,112,24,cyclonedx-gomod,30,30,0,82,42.3,42.3,24,6,0,88.9,88.9
aler9__goroslib,54,22,syft,45,45,0,9,90.9,90.9,22,23,0,65.7,65.7
aler9__goroslib,54,22,trivy,27,27,0,27,66.7,66.7,22,5,0,89.8,89.8
aler9__goroslib,54,22,cdxgen,22,22,0,32,57.9,57.9,22,0,0,100.0,100.0
aler9__goroslib,54,22,cyclonedx-gomod,23,23,0,31,59.7,59.7,22,1,0,97.8,97.8
aler9__gortsplib,28,12,syft,19,19,0,9,80.9,80.9,12,7,0,77.4,77.4
aler9__gortsplib,28,12,trivy,18,18,0,10,78.3,78.3,12,6,0,80.0,80.0
aler9__gortsplib,28,12,cdxgen,12,12,0,16,60.0,60.0,12,0,0,100.0,100.0
aler9__gortsplib,28,12,cyclonedx-gomod,14,14,0,14,66.7,66.7,12,2,0,92.3,92.3
alesr__templator,10,1,syft,6,6,0,4,75.0,75.0,1,5,0,28.6,28.6
alesr__templator,10,1,trivy,5,5,0,5,66.7,66.7,1,4,0,33.3,33.3
alesr__templator,10,1,cdxgen,1,1,0,9,18.2,18.2,1,0,0,100.0,100.0
alesr__templator,10,1,cyclonedx-gomod,1,1,0,9,18.2,18.2,1,0,0,100.0,100.0
alexcfv__go-pcaplite,10,1,syft,3,3,0,7,46.2,46.2,1,2,0,50.0,50.0
alexcfv__go-pcaplite,10,1,trivy,10,10,0,0,100.0,100.0,1,9,0,18.2,18.2
alexcfv__go-pcaplite,10,1,cdxgen,1,1,0,9,18.2,18.2,1,0,0,100.0,100.0
alexcfv__go-pcaplite,10,1,cyclonedx-gomod,2,2,0,8,33.3,33.3,1,1,0,66.7,66.7
alexeyco__pig,30,9,syft,18,18,0,12,75.0,75.0,9,9,0,66.7,66.7
alexeyco__pig,30,9,trivy,11,11,0,19,53.7,53.7,9,2,0,90.0,90.0
alexeyco__pig,30,9,cdxgen,9,9,0,21,46.2,46.2,9,0,0,100.0,100.0
alexeyco__pig,30,9,cyclonedx-gomod,9,9,0,21,46.2,46.2,9,0,0,100.0,100.0
alexeyco__simpletable,2,2,syft,2,2,0,0,100.0,100.0,2,0,0,100.0,100.0
alexeyco__simpletable,2,2,trivy,2,2,0,0,100.0,100.0,2,0,0,100.0,100.0
alexeyco__simpletable,2,2,cdxgen,2,2,0,0,100.0,100.0,2,0,0,100.0,100.0
alexeyco__simpletable,2,2,cyclonedx-gomod,2,2,0,0,100.0,100.0,2,0,0,100.0,100.0
alexflint__go-arg,7,1,syft,6,6,0,1,92.3,92.3,1,5,0,28.6,28.6
alexflint__go-arg,7,1,trivy,5,5,0,2,83.3,83.3,1,4,0,33.3,33.3
alexflint__go-arg,7,1,cdxgen,1,1,0,6,25.0,25.0,1,0,0,100.0,100.0
alexflint__go-arg,7,1,cyclonedx-gomod,1,1,0,6,25.0,25.0,1,0,0,100.0,100.0
alfiankan__crab-config-files-templating,12,2,syft,8,8,0,4,80.0,80.0,2,6,0,40.0,40.0
alfiankan__crab-config-files-templating,12,2,trivy,7,7,0,5,73.7,73.7,2,5,0,44.4,44.4
alfiankan__crab-config-files-templating,12,2,cdxgen,7,7,0,5,73.7,73.7,2,5,0,44.4,44.4
alfiankan__crab-config-files-templating,12,2,cyclonedx-gomod,3,3,0,9,40.0,40.0,2,1,0,80.0,80.0
alibaba__opentelemetry-go-auto-instrumentation,130,52,syft,803,118,685,12,25.3,13.5,52,751,0,12.2,7.3
alibaba__opentelemetry-go-auto-instrumentation,130,52,trivy,703,108,595,22,25.9,17.5,52,651,0,13.8,11.7
alibaba__opentelemetry-go-auto-instrumentation,130,52,cdxgen,0,0,0,130,0.0,0.0,0,0,52,0.0,0.0
alibaba__opentelemetry-go-auto-instrumentation,130,52,cyclonedx-gomod,57,57,0,73,61.0,61.0,50,7,2,91.7,91.7
aliexpressru__gomemcached,56,18,syft,31,31,0,25,71.3,71.3,18,13,0,73.5,73.5
aliexpressru__gomemcached,56,18,trivy,23,23,0,33,58.2,58.2,18,5,0,87.8,87.8
aliexpressru__gomemcached,56,18,cdxgen,18,18,0,38,48.6,48.6,18,0,0,100.0,100.0
aliexpressru__gomemcached,56,18,cyclonedx-gomod,18,18,0,38,48.6,48.6,18,0,0,100.0,100.0
allaboutapps__go-starter,247,87,syft,147,147,0,100,74.6,73.6,87,60,0,74.4,72.6
allaboutapps__go-starter,247,87,trivy,131,131,0,116,69.3,68.3,87,44,0,79.8,78.0
allaboutapps__go-starter,247,87,cdxgen,87,87,0,160,52.1,50.9,87,0,0,100.0,97.7
allaboutapps__go-starter,247,87,cyclonedx-gomod,130,130,0,117,69.0,69.0,87,43,0,80.2,80.2
amacneil__dbmate,355,69,syft,99,99,0,256,43.6,43.2,69,30,0,82.1,81.0
amacneil__dbmate,355,69,trivy,73,73,0,282,34.1,33.6,69,4,0,97.2,95.8
amacneil__dbmate,355,69,cdxgen,69,69,0,286,32.5,32.1,69,0,0,100.0,98.6
amacneil__dbmate,355,69,cyclonedx-gomod,72,72,0,283,33.7,33.7,69,3,0,97.9,97.9
amit-davidson__Chronos,15,7,syft,8,8,0,7,69.6,69.6,7,1,0,93.3,93.3
amit-davidson__Chronos,15,7,trivy,15,15,0,0,100.0,100.0,7,8,0,63.6,63.6
amit-davidson__Chronos,15,7,cdxgen,7,7,0,8,63.6,63.6,7,0,0,100.0,100.0
amit-davidson__Chronos,15,7,cyclonedx-gomod,7,7,0,8,63.6,63.6,7,0,0,100.0,100.0
amit-davidson__LibraDB,7,5,syft,6,6,0,1,92.3,92.3,5,1,0,90.9,90.9
amit-davidson__LibraDB,7,5,trivy,5,5,0,2,83.3,83.3,5,0,0,100.0,100.0
amit-davidson__LibraDB,7,5,cdxgen,5,5,0,2,83.3,83.3,5,0,0,100.0,100.0
amit-davidson__LibraDB,7,5,cyclonedx-gomod,5,5,0,2,83.3,83.3,5,0,0,100.0,100.0
amjadjibon__memsh,114,56,syft,95,94,1,20,90.0,89.0,55,40,1,72.8,71.5
amjadjibon__memsh,114,56,trivy,60,59,1,55,67.8,66.7,55,5,1,94.8,93.1
amjadjibon__memsh,114,56,cdxgen,56,56,0,58,65.9,63.5,56,0,0,100.0,98.2
amjadjibon__memsh,114,56,cyclonedx-gomod,60,59,1,55,67.8,67.8,55,5,1,94.8,94.8
anacrolix__dht,355,71,syft,90,90,0,265,40.4,40.4,71,19,0,88.2,88.2
anacrolix__dht,355,71,trivy,84,84,0,271,38.3,38.3,71,13,0,91.6,91.6
anacrolix__dht,355,71,cdxgen,71,71,0,284,33.3,33.3,71,0,0,100.0,100.0
anacrolix__dht,355,71,cyclonedx-gomod,75,75,0,280,34.9,34.9,71,4,0,97.3,97.3
anacrolix__utp,112,7,syft,17,17,0,95,26.4,26.4,7,10,0,58.3,58.3
anacrolix__utp,112,7,trivy,13,13,0,99,20.8,20.8,7,6,0,70.0,70.0
anacrolix__utp,112,7,cdxgen,7,7,0,105,11.8,11.8,7,0,0,100.0,100.0
anacrolix__utp,112,7,cyclonedx-gomod,7,7,0,105,11.8,11.8,7,0,0,100.0,100.0
anatol__booster,65,38,syft,46,46,0,19,82.9,82.9,38,8,0,90.5,90.5
anatol__booster,65,38,trivy,42,42,0,23,78.5,78.5,38,4,0,95.0,95.0
anatol__booster,65,38,cdxgen,38,38,0,27,73.8,73.8,38,0,0,100.0,100.0
anatol__booster,65,38,cyclonedx-gomod,42,42,0,23,78.5,78.5,38,4,0,95.0,95.0
anatol__luks.go,19,5,syft,15,15,0,4,88.2,88.2,5,10,0,50.0,50.0
anatol__luks.go,19,5,trivy,13,13,0,6,81.3,81.3,5,8,0,55.6,55.6
anatol__luks.go,19,5,cdxgen,5,5,0,14,41.7,41.7,5,0,0,100.0,100.0
anatol__luks.go,19,5,cyclonedx-gomod,5,5,0,14,41.7,41.7,5,0,0,100.0,100.0
anchore__syft,770,285,syft,374,362,12,408,63.3,58.4,285,89,0,86.5,79.2
anchore__syft,770,285,trivy,0,0,0,770,0.0,0.0,0,0,285,0.0,0.0
anchore__syft,770,285,cdxgen,0,0,0,770,0.0,0.0,0,0,285,0.0,0.0
anchore__syft,770,285,cyclonedx-gomod,296,296,0,474,55.5,55.5,284,12,1,97.8,97.8
andrewstuart__goq,12,3,syft,7,7,0,5,73.7,73.7,3,4,0,60.0,60.0
andrewstuart__goq,12,3,trivy,12,12,0,0,100.0,100.0,3,9,0,40.0,40.0
andrewstuart__goq,12,3,cdxgen,3,3,0,9,40.0,40.0,3,0,0,100.0,100.0
andrewstuart__goq,12,3,cyclonedx-gomod,3,3,0,9,40.0,40.0,3,0,0,100.0,100.0
andskur__argon2-hashing,5,2,syft,2,2,0,3,57.1,57.1,2,0,0,100.0,100.0
andskur__argon2-hashing,5,2,trivy,2,2,0,3,57.1,57.1,2,0,0,100.0,100.0
andskur__argon2-hashing,5,2,cdxgen,2,2,0,3,57.1,57.1,2,0,0,100.0,100.0
andskur__argon2-hashing,5,2,cyclonedx-gomod,2,2,0,3,57.1,57.1,2,0,0,100.0,100.0
andy2046__failured,1,1,syft,1,1,0,0,100.0,100.0,1,0,0,100.0,100.0
andy2046__failured,1,1,trivy,1,1,0,0,100.0,100.0,1,0,0,100.0,100.0
andy2046__failured,1,1,cdxgen,1,1,0,0,100.0,100.0,1,0,0,100.0,100.0
andy2046__failured,1,1,cyclonedx-gomod,1,1,0,0,100.0,100.0,1,0,0,100.0,100.0
andy2046__tik,22,3,syft,3,3,0,19,24.0,24.0,3,0,0,100.0,100.0
andy2046__tik,22,3,trivy,22,22,0,0,100.0,95.5,3,19,0,24.0,24.0
andy2046__tik,22,3,cdxgen,3,3,0,19,24.0,24.0,3,0,0,100.0,100.0
andy2046__tik,22,3,cyclonedx-gomod,3,3,0,19,24.0,24.0,3,0,0,100.0,100.0
andygrunwald__go-gerrit,2,1,syft,2,2,0,0,100.0,100.0,1,1,0,66.7,66.7
andygrunwald__go-gerrit,2,1,trivy,2,2,0,0,100.0,100.0,1,1,0,66.7,66.7
andygrunwald__go-gerrit,2,1,cdxgen,1,1,0,1,66.7,66.7,1,0,0,100.0,100.0
andygrunwald__go-gerrit,2,1,cyclonedx-gomod,1,1,0,1,66.7,66.7,1,0,0,100.0,100.0
andygrunwald__go-jira,5,4,syft,5,5,0,0,100.0,100.0,4,1,0,88.9,88.9
andygrunwald__go-jira,5,4,trivy,5,5,0,0,100.0,100.0,4,1,0,88.9,88.9
andygrunwald__go-jira,5,4,cdxgen,4,4,0,1,88.9,88.9,4,0,0,100.0,100.0
andygrunwald__go-jira,5,4,cyclonedx-gomod,4,4,0,1,88.9,88.9,4,0,0,100.0,100.0
andygrunwald__go-trending,14,3,syft,4,3,1,11,33.3,33.3,3,1,0,85.7,85.7
andygrunwald__go-trending,14,3,trivy,4,3,1,11,33.3,33.3,3,1,0,85.7,85.7
andygrunwald__go-trending,14,3,cdxgen,3,3,0,11,35.3,35.3,3,0,0,100.0,100.0
andygrunwald__go-trending,14,3,cyclonedx-gomod,3,3,0,11,35.3,35.3,3,0,0,100.0,100.0
anqiansong__sqlgen,278,38,syft,89,73,16,205,39.8,31.6,38,51,0,59.8,55.1
anqiansong__sqlgen,278,38,trivy,69,53,16,225,30.5,27.7,38,31,0,71.0,69.2
anqiansong__sqlgen,278,38,cdxgen,52,41,11,237,24.8,23.6,38,14,0,84.4,84.4
anqiansong__sqlgen,278,38,cyclonedx-gomod,39,39,0,239,24.6,24.6,38,1,0,98.7,98.7
ansd__lastpass-go,34,1,syft,11,11,0,23,48.9,48.9,1,10,0,16.7,16.7
ansd__lastpass-go,34,1,trivy,34,34,0,0,100.0,100.0,1,33,0,5.7,5.7
ansd__lastpass-go,34,1,cdxgen,1,1,0,33,5.7,5.7,1,0,0,100.0,100.0
ansd__lastpass-go,34,1,cyclonedx-gomod,1,1,0,33,5.7,5.7,1,0,0,100.0,100.0
antchfx__htmlquery,14,4,syft,4,4,0,10,44.4,44.4,4,0,0,100.0,100.0
antchfx__htmlquery,14,4,trivy,14,14,0,0,100.0,100.0,4,10,0,44.4,44.4
antchfx__htmlquery,14,4,cdxgen,4,4,0,10,44.4,44.4,4,0,0,100.0,100.0
antchfx__htmlquery,14,4,cyclonedx-gomod,4,4,0,10,44.4,44.4,4,0,0,100.0,100.0
antchfx__xmlquery,14,4,syft,4,4,0,10,44.4,44.4,4,0,0,100.0,100.0
antchfx__xmlquery,14,4,trivy,14,14,0,0,100.0,100.0,4,10,0,44.4,44.4
antchfx__xmlquery,14,4,cdxgen,4,4,0,10,44.4,44.4,4,0,0,100.0,100.0
antchfx__xmlquery,14,4,cyclonedx-gomod,4,4,0,10,44.4,44.4,4,0,0,100.0,100.0
antham__chyle,73,37,syft,60,60,0,13,90.2,87.2,36,24,1,74.2,70.1
antham__chyle,73,37,trivy,45,45,0,28,76.3,72.9,36,9,1,87.8,82.9
antham__chyle,73,37,cdxgen,37,37,0,36,67.3,63.6,37,0,0,100.0,97.3
antham__chyle,73,37,cyclonedx-gomod,38,38,0,35,68.5,68.5,36,2,1,96.0,96.0
antham__ghokin,42,23,syft,34,34,0,8,89.5,86.8,23,11,0,80.7,77.2
antham__ghokin,42,23,trivy,28,28,0,14,80.0,77.1,23,5,0,90.2,86.3
antham__ghokin,42,23,cdxgen,23,23,0,19,70.8,67.7,23,0,0,100.0,95.7
antham__ghokin,42,23,cyclonedx-gomod,24,24,0,18,72.7,72.7,23,1,0,97.9,97.9
antham__gommit,71,37,syft,59,59,0,12,90.8,90.8,37,22,0,77.1,77.1
antham__gommit,71,37,trivy,44,44,0,27,76.5,76.5,37,7,0,91.4,91.4
antham__gommit,71,37,cdxgen,37,37,0,34,68.5,68.5,37,0,0,100.0,100.0
antham__gommit,71,37,cyclonedx-gomod,39,39,0,32,70.9,70.9,37,2,0,97.4,97.4
antham__yogo,40,17,syft,27,27,0,13,80.6,80.6,17,10,0,77.3,77.3
antham__yogo,40,17,trivy,25,25,0,15,76.9,76.9,17,8,0,81.0,81.0
antham__yogo,40,17,cdxgen,17,17,0,23,59.6,59.6,17,0,0,100.0,100.0
antham__yogo,40,17,cyclonedx-gomod,18,18,0,22,62.1,62.1,17,1,0,97.1,97.1
anthdm__hollywood,117,38,syft,61,61,0,56,68.5,67.4,38,23,0,76.8,74.7
anthdm__hollywood,117,38,trivy,44,44,0,73,54.7,53.4,38,6,0,92.7,90.2
anthdm__hollywood,117,38,cdxgen,38,38,0,79,49.0,47.7,38,0,0,100.0,97.4
anthdm__hollywood,117,38,cyclonedx-gomod,39,39,0,78,50.0,50.0,38,1,0,98.7,98.7
anthonynsimon__bild,9,3,syft,4,4,0,5,61.5,61.5,3,1,0,85.7,85.7
anthonynsimon__bild,9,3,trivy,4,4,0,5,61.5,61.5,3,1,0,85.7,85.7
anthonynsimon__bild,9,3,cdxgen,3,3,0,6,50.0,50.0,3,0,0,100.0,100.0
anthonynsimon__bild,9,3,cyclonedx-gomod,4,4,0,5,61.5,61.5,3,1,0,85.7,85.7
antonmedv__fx,57,28,syft,40,40,0,17,82.5,80.4,28,12,0,82.4,79.4
antonmedv__fx,57,28,trivy,36,36,0,21,77.4,75.3,28,8,0,87.5,84.4
antonmedv__fx,57,28,cdxgen,28,28,0,29,65.9,63.5,28,0,0,100.0,96.4
antonmedv__fx,57,28,cyclonedx-gomod,30,30,0,27,69.0,69.0,28,2,0,96.6,96.6
antst__go-apispec,16,4,syft,86,13,73,3,25.5,17.6,4,82,0,8.9,6.7
antst__go-apispec,16,4,trivy,83,12,71,4,24.2,20.2,4,79,0,9.2,9.2
antst__go-apispec,16,4,cdxgen,42,6,36,10,20.7,13.8,4,38,0,17.4,17.4
antst__go-apispec,16,4,cyclonedx-gomod,4,4,0,12,40.0,40.0,4,0,0,100.0,100.0
apache__calcite-avatica-go,32,12,syft,20,20,0,12,76.9,76.9,12,8,0,75.0,75.0
apache__calcite-avatica-go,32,12,trivy,12,12,0,20,54.5,54.5,12,0,0,100.0,100.0
apache__calcite-avatica-go,32,12,cdxgen,12,12,0,20,54.5,54.5,12,0,0,100.0,100.0
apache__calcite-avatica-go,32,12,cyclonedx-gomod,12,12,0,20,54.5,54.5,12,0,0,100.0,100.0
apecloud__kubeblocks,338,136,syft,188,187,1,151,71.1,67.7,136,52,0,84.0,79.6
apecloud__kubeblocks,338,136,trivy,157,156,1,182,63.0,61.4,136,21,0,92.8,90.1
apecloud__kubeblocks,338,136,cdxgen,138,138,0,200,58.0,57.1,136,2,0,99.3,97.8
apecloud__kubeblocks,338,136,cyclonedx-gomod,144,144,0,194,59.8,59.8,136,8,0,97.1,97.1
apex__log,48,18,syft,44,44,0,4,95.7,95.7,18,26,0,58.1,58.1
apex__log,48,18,trivy,48,48,0,0,100.0,100.0,18,30,0,54.5,54.5
apex__log,48,18,cdxgen,18,18,0,30,54.5,54.5,18,0,0,100.0,100.0
apex__log,48,18,cyclonedx-gomod,19,19,0,29,56.7,56.7,18,1,0,97.3,97.3
aplescia-chwy__lets-go,44,11,syft,35,35,0,9,88.6,83.5,11,24,0,47.8,43.5
aplescia-chwy__lets-go,44,11,trivy,44,44,0,0,100.0,95.5,11,33,0,40.0,36.4
aplescia-chwy__lets-go,44,11,cdxgen,11,11,0,33,40.0,36.4,11,0,0,100.0,90.9
aplescia-chwy__lets-go,44,11,cyclonedx-gomod,12,12,0,32,42.9,42.9,11,1,0,95.7,95.7
appleboy__drone-jenkins,15,7,syft,12,12,0,3,88.9,88.9,7,5,0,73.7,73.7
appleboy__drone-jenkins,15,7,trivy,11,11,0,4,84.6,84.6,7,4,0,77.8,77.8
appleboy__drone-jenkins,15,7,cdxgen,7,7,0,8,63.6,63.6,7,0,0,100.0,100.0
appleboy__drone-jenkins,15,7,cyclonedx-gomod,7,7,0,8,63.6,63.6,7,0,0,100.0,100.0
appleboy__drone-line,59,32,syft,40,40,0,19,80.8,74.7,32,8,0,88.9,80.6
appleboy__drone-line,59,32,trivy,59,59,0,0,100.0,94.9,32,27,0,70.3,63.7
appleboy__drone-line,59,32,cdxgen,32,32,0,27,70.3,63.7,32,0,0,100.0,90.6
appleboy__drone-line,59,32,cyclonedx-gomod,32,32,0,27,70.3,70.3,32,0,0,100.0,100.0
appleboy__drone-scp,26,15,syft,21,21,0,5,89.4,89.4,15,6,0,83.3,83.3
appleboy__drone-scp,26,15,trivy,19,19,0,7,84.4,84.4,15,4,0,88.2,88.2
appleboy__drone-scp,26,15,cdxgen,15,15,0,11,73.2,73.2,15,0,0,100.0,100.0
appleboy__drone-scp,26,15,cyclonedx-gomod,15,15,0,11,73.2,73.2,15,0,0,100.0,100.0
appleboy__easyssh-proxy,14,3,syft,11,10,1,4,80.0,80.0,3,8,0,42.9,42.9
appleboy__easyssh-proxy,14,3,trivy,9,8,1,6,69.6,69.6,3,6,0,50.0,50.0
appleboy__easyssh-proxy,14,3,cdxgen,3,3,0,11,35.3,35.3,3,0,0,100.0,100.0
appleboy__easyssh-proxy,14,3,cyclonedx-gomod,4,4,0,10,44.4,44.4,3,1,0,85.7,85.7
appleboy__gorush,391,130,syft,207,206,1,185,68.9,67.9,130,77,0,77.2,76.6
appleboy__gorush,391,130,trivy,150,150,0,241,55.5,55.1,130,20,0,92.9,92.1
appleboy__gorush,391,130,cdxgen,130,130,0,261,49.9,49.5,130,0,0,100.0,99.2
appleboy__gorush,391,130,cyclonedx-gomod,144,144,0,247,53.8,53.8,130,14,0,94.9,94.9
aptly-dev__aptly,205,107,syft,150,150,0,55,84.5,83.9,107,43,0,83.3,82.5
aptly-dev__aptly,205,107,trivy,122,122,0,83,74.6,74.0,107,15,0,93.4,92.6
aptly-dev__aptly,205,107,cdxgen,122,122,0,83,74.6,74.0,107,15,0,93.4,92.6
aptly-dev__aptly,205,107,cyclonedx-gomod,116,116,0,89,72.3,72.3,107,9,0,96.0,96.0
araddon__dateparse,9,3,syft,8,8,0,1,94.1,94.1,3,5,0,54.5,54.5
araddon__dateparse,9,3,trivy,9,9,0,0,100.0,100.0,3,6,0,50.0,50.0
araddon__dateparse,9,3,cdxgen,3,3,0,6,50.0,50.0,3,0,0,100.0,100.0
araddon__dateparse,9,3,cyclonedx-gomod,3,3,0,6,50.0,50.0,3,0,0,100.0,100.0
aragossa__pii-shield,41,13,syft,120,33,87,8,41.0,32.3,13,107,0,19.5,18.0
aragossa__pii-shield,41,13,trivy,97,27,70,14,39.1,27.5,13,84,0,23.6,21.8
aragossa__pii-shield,41,13,cdxgen,88,23,65,18,35.7,24.8,13,75,0,25.7,25.7
aragossa__pii-shield,41,13,cyclonedx-gomod,13,13,0,28,48.1,48.1,13,0,0,100.0,100.0
arceus-7__chroma16,16,13,syft,14,14,0,2,93.3,93.3,13,1,0,96.3,96.3
arceus-7__chroma16,16,13,trivy,13,13,0,3,89.7,89.7,13,0,0,100.0,100.0
arceus-7__chroma16,16,13,cdxgen,13,13,0,3,89.7,89.7,13,0,0,100.0,100.0
arceus-7__chroma16,16,13,cyclonedx-gomod,13,13,0,3,89.7,89.7,13,0,0,100.0,100.0
arch-go__arch-go,102,26,syft,42,42,0,60,58.3,58.3,26,16,0,76.5,76.5
arch-go__arch-go,102,26,trivy,36,36,0,66,52.2,52.2,26,10,0,83.9,83.9
arch-go__arch-go,102,26,cdxgen,26,26,0,76,40.6,40.6,26,0,0,100.0,100.0
arch-go__arch-go,102,26,cyclonedx-gomod,27,27,0,75,41.9,41.9,24,3,2,90.6,90.6
ardanlabs__service,177,63,syft,104,104,0,73,74.0,73.3,63,41,0,75.4,75.4
ardanlabs__service,177,63,trivy,68,68,0,109,55.5,55.5,63,5,0,96.2,96.2
ardanlabs__service,177,63,cdxgen,68,68,0,109,55.5,55.5,63,5,0,96.2,96.2
ardanlabs__service,177,63,cyclonedx-gomod,67,67,0,110,54.9,54.9,63,4,0,96.9,96.9
arduino__arduino-cli,448,81,syft,224,223,1,225,66.4,66.1,80,144,1,52.5,51.8
arduino__arduino-cli,448,81,trivy,192,191,1,257,59.7,59.4,80,112,1,58.6,57.9
arduino__arduino-cli,448,81,cdxgen,81,81,0,367,30.6,29.9,81,0,0,100.0,98.8
arduino__arduino-cli,448,81,cyclonedx-gomod,184,183,1,265,57.9,57.9,78,106,3,58.9,58.9
ariga__atlas,37,17,syft,122,29,93,8,36.5,32.7,17,105,0,24.5,24.5
ariga__atlas,37,17,trivy,103,27,76,10,38.6,30.0,17,86,0,28.3,23.3
ariga__atlas,37,17,cdxgen,93,22,71,15,33.8,29.2,17,76,0,30.9,30.9
ariga__atlas,37,17,cyclonedx-gomod,17,17,0,20,63.0,63.0,17,0,0,100.0,100.0
arikama__go-mysql-test-container,302,27,syft,50,50,0,252,28.4,25.6,27,23,0,70.1,62.3
arikama__go-mysql-test-container,302,27,trivy,37,37,0,265,21.8,20.1,27,10,0,84.4,75.0
arikama__go-mysql-test-container,302,27,cdxgen,27,27,0,275,16.4,14.6,27,0,0,100.0,88.9
arikama__go-mysql-test-container,302,27,cyclonedx-gomod,32,32,0,270,19.2,19.2,26,6,1,88.1,88.1
arl__statsviz,10,1,syft,123,6,117,4,9.0,3.0,1,122,0,1.6,1.6
arl__statsviz,10,1,trivy,97,5,92,5,9.3,5.6,1,96,0,2.0,2.0
arl__statsviz,10,1,cdxgen,69,3,66,7,7.6,2.5,1,68,0,2.9,2.9
arl__statsviz,10,1,cyclonedx-gomod,1,1,0,9,18.2,18.2,1,0,0,100.0,100.0
arthurkiller__rollingWriter,5,1,syft,4,4,0,1,88.9,88.9,1,3,0,40.0,40.0
arthurkiller__rollingWriter,5,1,trivy,5,5,0,0,100.0,100.0,1,4,0,33.3,33.3
arthurkiller__rollingWriter,5,1,cdxgen,1,1,0,4,33.3,33.3,1,0,0,100.0,100.0
arthurkiller__rollingWriter,5,1,cyclonedx-gomod,1,1,0,4,33.3,33.3,1,0,0,100.0,100.0
arthurkushman__buildsqlx,12,3,syft,8,8,0,4,80.0,80.0,3,5,0,54.5,54.5
arthurkushman__buildsqlx,12,3,trivy,7,7,0,5,73.7,73.7,3,4,0,60.0,60.0
arthurkushman__buildsqlx,12,3,cdxgen,3,3,0,9,40.0,40.0,3,0,0,100.0,100.0
arthurkushman__buildsqlx,12,3,cyclonedx-gomod,3,3,0,9,40.0,40.0,3,0,0,100.0,100.0
artonge__go-gtfs,1,1,syft,1,1,0,0,100.0,100.0,1,0,0,100.0,100.0
artonge__go-gtfs,1,1,trivy,1,1,0,0,100.0,100.0,1,0,0,100.0,100.0
artonge__go-gtfs,1,1,cdxgen,1,1,0,0,100.0,100.0,1,0,0,100.0,100.0
artonge__go-gtfs,1,1,cyclonedx-gomod,1,1,0,0,100.0,100.0,1,0,0,100.0,100.0
arunsupe__semantic-grep,7,4,syft,8,4,4,3,53.3,53.3,4,4,0,66.7,66.7
arunsupe__semantic-grep,7,4,trivy,7,4,3,3,57.1,57.1,4,3,0,72.7,72.7
arunsupe__semantic-grep,7,4,cdxgen,5,4,1,3,66.7,66.7,4,1,0,88.9,88.9
arunsupe__semantic-grep,7,4,cyclonedx-gomod,4,4,0,3,72.7,72.7,4,0,0,100.0,100.0
arxdsilva__golang-ifood-sdk,18,8,syft,17,17,0,1,97.1,91.4,8,9,0,64.0,64.0
arxdsilva__golang-ifood-sdk,18,8,trivy,11,11,0,7,75.9,69.0,8,3,0,84.2,84.2
arxdsilva__golang-ifood-sdk,18,8,cdxgen,8,8,0,10,61.5,61.5,8,0,0,100.0,100.0
arxdsilva__golang-ifood-sdk,18,8,cyclonedx-gomod,7,7,0,11,56.0,56.0,7,0,1,93.3,93.3
asciimoo__colly,33,18,syft,23,23,0,10,82.1,82.1,18,5,0,87.8,87.8
asciimoo__colly,33,18,trivy,19,19,0,14,73.1,73.1,18,1,0,97.3,97.3
asciimoo__colly,33,18,cdxgen,18,18,0,15,70.6,70.6,18,0,0,100.0,100.0
asciimoo__colly,33,18,cyclonedx-gomod,18,18,0,15,70.6,70.6,18,0,0,100.0,100.0
asciimoo__wuzz,39,24,syft,39,39,0,0,100.0,100.0,24,15,0,76.2,76.2
asciimoo__wuzz,39,24,trivy,39,39,0,0,100.0,100.0,24,15,0,76.2,76.2
asciimoo__wuzz,39,24,cdxgen,24,24,0,15,76.2,76.2,24,0,0,100.0,100.0
asciimoo__wuzz,39,24,cyclonedx-gomod,24,24,0,15,76.2,76.2,24,0,0,100.0,100.0
asdine__storm,19,5,syft,14,14,0,5,84.8,78.8,5,9,0,52.6,42.1
asdine__storm,19,5,trivy,19,19,0,0,100.0,94.7,5,14,0,41.7,33.3
asdine__storm,19,5,cdxgen,5,5,0,14,41.7,33.3,5,0,0,100.0,80.0
asdine__storm,19,5,cyclonedx-gomod,9,9,0,10,64.3,64.3,5,4,0,71.4,71.4
assafmo__joincap,12,5,syft,5,5,0,7,58.8,58.8,5,0,0,100.0,100.0
assafmo__joincap,12,5,trivy,12,12,0,0,100.0,100.0,5,7,0,58.8,58.8
assafmo__joincap,12,5,cdxgen,5,5,0,7,58.8,58.8,5,0,0,100.0,100.0
assafmo__joincap,12,5,cyclonedx-gomod,5,5,0,7,58.8,58.8,5,0,0,100.0,100.0
asticode__go-astiav,7,1,syft,6,6,0,1,92.3,92.3,1,5,0,28.6,28.6
asticode__go-astiav,7,1,trivy,5,5,0,2,83.3,83.3,1,4,0,33.3,33.3
asticode__go-astiav,7,1,cdxgen,1,1,0,6,25.0,25.0,1,0,0,100.0,100.0
asticode__go-astiav,7,1,cyclonedx-gomod,1,1,0,6,25.0,25.0,1,0,0,100.0,100.0
asticode__go-astisub,14,4,syft,9,9,0,5,78.3,78.3,4,5,0,61.5,61.5
asticode__go-astisub,14,4,trivy,14,14,0,0,100.0,100.0,4,10,0,44.4,44.4
asticode__go-astisub,14,4,cdxgen,4,4,0,10,44.4,44.4,4,0,0,100.0,100.0
asticode__go-astisub,14,4,cyclonedx-gomod,4,4,0,10,44.4,44.4,4,0,0,100.0,100.0
asticode__go-astitodo,7,1,syft,6,6,0,1,92.3,92.3,1,5,0,28.6,28.6
asticode__go-astitodo,7,1,trivy,5,5,0,2,83.3,83.3,1,4,0,33.3,33.3
asticode__go-astitodo,7,1,cdxgen,1,1,0,6,25.0,25.0,1,0,0,100.0,100.0
asticode__go-astitodo,7,1,cyclonedx-gomod,1,1,0,6,25.0,25.0,1,0,0,100.0,100.0
asticode__go-astits,8,2,syft,7,7,0,1,93.3,93.3,2,5,0,44.4,44.4
asticode__go-astits,8,2,trivy,6,6,0,2,85.7,85.7,2,4,0,50.0,50.0
asticode__go-astits,8,2,cdxgen,2,2,0,6,40.0,40.0,2,0,0,100.0,100.0
asticode__go-astits,8,2,cyclonedx-gomod,2,2,0,6,40.0,40.0,2,0,0,100.0,100.0
asynkron__protoactor-go,219,107,syft,157,138,19,81,73.4,50.5,107,50,0,81.1,53.8
asynkron__protoactor-go,219,107,trivy,182,118,64,101,58.9,47.4,107,75,0,74.0,61.6
asynkron__protoactor-go,219,107,cdxgen,137,118,19,101,66.3,63.5,107,30,0,87.7,87.7
asynkron__protoactor-go,219,107,cyclonedx-gomod,108,108,0,111,66.1,66.1,107,1,0,99.5,99.5
augmentable-dev__tickgit,125,19,syft,39,39,0,86,47.6,47.6,19,20,0,65.5,65.5
augmentable-dev__tickgit,125,19,trivy,125,125,0,0,100.0,98.4,19,106,0,26.4,26.4
augmentable-dev__tickgit,125,19,cdxgen,19,19,0,106,26.4,26.4,19,0,0,100.0,100.0
augmentable-dev__tickgit,125,19,cyclonedx-gomod,21,21,0,104,28.8,28.8,19,2,0,95.0,95.0
aurelien-rainone__go-rquad,1,1,syft,1,1,0,0,100.0,100.0,1,0,0,100.0,100.0
aurelien-rainone__go-rquad,1,1,trivy,1,1,0,0,100.0,100.0,1,0,0,100.0,100.0
aurelien-rainone__go-rquad,1,1,cdxgen,1,1,0,0,100.0,100.0,1,0,0,100.0,100.0
aurelien-rainone__go-rquad,1,1,cyclonedx-gomod,1,1,0,0,100.0,100.0,1,0,0,100.0,100.0
authzed__spicedb,468,222,syft,496,286,210,182,59.3,50.0,222,274,0,61.8,53.8
authzed__spicedb,468,222,trivy,455,265,190,203,57.4,52.0,222,233,0,65.6,62.0
authzed__spicedb,468,222,cdxgen,0,0,0,468,0.0,0.0,0,0,222,0.0,0.0
authzed__spicedb,468,222,cyclonedx-gomod,230,230,0,238,65.9,65.9,222,8,0,98.2,98.2
avito-tech__normalize,3,1,syft,3,3,0,0,100.0,100.0,1,2,0,50.0,50.0
avito-tech__normalize,3,1,trivy,3,3,0,0,100.0,100.0,1,2,0,50.0,50.0
avito-tech__normalize,3,1,cdxgen,1,1,0,2,50.0,50.0,1,0,0,100.0,100.0
avito-tech__normalize,3,1,cyclonedx-gomod,1,1,0,2,50.0,50.0,1,0,0,100.0,100.0
awalterschulze__goderive,7,3,syft,4,4,0,3,72.7,72.7,3,1,0,85.7,85.7
awalterschulze__goderive,7,3,trivy,3,3,0,4,60.0,60.0,3,0,0,100.0,100.0
awalterschulze__goderive,7,3,cdxgen,3,3,0,4,60.0,60.0,3,0,0,100.0,100.0
awalterschulze__goderive,7,3,cyclonedx-gomod,3,3,0,4,60.0,60.0,3,0,0,100.0,100.0
awnumar__memguard,7,4,syft,4,4,0,3,72.7,72.7,4,0,0,100.0,100.0
awnumar__memguard,7,4,trivy,7,7,0,0,100.0,100.0,4,3,0,72.7,72.7
awnumar__memguard,7,4,cdxgen,4,4,0,3,72.7,72.7,4,0,0,100.0,100.0
awnumar__memguard,7,4,cyclonedx-gomod,4,4,0,3,72.7,72.7,4,0,0,100.0,100.0
aws__aws-sdk-go-v2,1,1,syft,475,1,474,0,0.4,0.4,1,474,0,0.4,0.4
aws__aws-sdk-go-v2,1,1,trivy,474,1,473,0,0.4,0.4,1,473,0,0.4,0.4
aws__aws-sdk-go-v2,1,1,cdxgen,23,1,22,0,8.3,8.3,1,22,0,8.3,8.3
aws__aws-sdk-go-v2,1,1,cyclonedx-gomod,1,1,0,0,100.0,100.0,1,0,0,100.0,100.0
axiomhq__hyperloglog,15,2,syft,10,10,0,5,80.0,80.0,2,8,0,33.3,33.3
axiomhq__hyperloglog,15,2,trivy,9,9,0,6,75.0,75.0,2,7,0,36.4,36.4
axiomhq__hyperloglog,15,2,cdxgen,2,2,0,13,23.5,23.5,2,0,0,100.0,100.0
axiomhq__hyperloglog,15,2,cyclonedx-gomod,2,2,0,13,23.5,23.5,2,0,0,100.0,100.0
axllent__mailpit,90,55,syft,78,78,0,12,92.9,92.9,55,23,0,82.7,82.7
axllent__mailpit,90,55,trivy,57,57,0,33,77.6,77.6,55,2,0,98.2,98.2
axllent__mailpit,90,55,cdxgen,55,55,0,35,75.9,75.9,55,0,0,100.0,100.0
axllent__mailpit,90,55,cyclonedx-gomod,57,57,0,33,77.6,77.6,55,2,0,98.2,98.2
axzilla__templui,39,7,syft,30,30,0,9,87.0,87.0,7,23,0,37.8,37.8
axzilla__templui,39,7,trivy,28,28,0,11,83.6,83.6,7,21,0,40.0,40.0
axzilla__templui,39,7,cdxgen,28,28,0,11,83.6,83.6,7,21,0,40.0,40.0
axzilla__templui,39,7,cyclonedx-gomod,21,21,0,18,70.0,70.0,7,14,0,50.0,50.0
aymanhs__nanotdb,2,2,syft,2,2,0,0,100.0,100.0,2,0,0,100.0,100.0
aymanhs__nanotdb,2,2,trivy,2,2,0,0,100.0,100.0,2,0,0,100.0,100.0
aymanhs__nanotdb,2,2,cdxgen,2,2,0,0,100.0,100.0,2,0,0,100.0,100.0
aymanhs__nanotdb,2,2,cyclonedx-gomod,2,2,0,0,100.0,100.0,2,0,0,100.0,100.0
azer__logger,1,1,syft,1,1,0,0,100.0,100.0,1,0,0,100.0,100.0
azer__logger,1,1,trivy,1,1,0,0,100.0,100.0,1,0,0,100.0,100.0
azer__logger,1,1,cdxgen,1,1,0,0,100.0,100.0,1,0,0,100.0,100.0
azer__logger,1,1,cyclonedx-gomod,1,1,0,0,100.0,100.0,1,0,0,100.0,100.0
baalimago__wd-41,8,4,syft,4,4,0,4,66.7,66.7,4,0,0,100.0,100.0
baalimago__wd-41,8,4,trivy,4,4,0,4,66.7,66.7,4,0,0,100.0,100.0
baalimago__wd-41,8,4,cdxgen,4,4,0,4,66.7,66.7,4,0,0,100.0,100.0
baalimago__wd-41,8,4,cyclonedx-gomod,4,4,0,4,66.7,66.7,4,0,0,100.0,100.0
balerter__balerter,145,58,syft,88,88,0,57,75.5,73.8,58,30,0,79.5,79.5
balerter__balerter,145,58,trivy,68,68,0,77,63.8,63.8,58,10,0,92.1,92.1
balerter__balerter,145,58,cdxgen,68,68,0,77,63.8,63.8,58,10,0,92.1,92.1
balerter__balerter,145,58,cyclonedx-gomod,62,62,0,83,59.9,59.9,58,4,0,96.7,96.7
bamzi__jobrunner,1,1,syft,1,1,0,0,100.0,100.0,1,0,0,100.0,100.0
bamzi__jobrunner,1,1,trivy,1,1,0,0,100.0,100.0,1,0,0,100.0,100.0
bamzi__jobrunner,1,1,cdxgen,1,1,0,0,100.0,100.0,1,0,0,100.0,100.0
bamzi__jobrunner,1,1,cyclonedx-gomod,1,1,0,0,100.0,100.0,1,0,0,100.0,100.0
bart6114__cheek,114,29,syft,45,45,0,69,56.6,56.6,29,16,0,78.4,78.4
bart6114__cheek,114,29,trivy,37,37,0,77,49.0,49.0,29,8,0,87.9,87.9
bart6114__cheek,114,29,cdxgen,29,29,0,85,40.6,40.6,29,0,0,100.0,100.0
bart6114__cheek,114,29,cyclonedx-gomod,31,31,0,83,42.8,42.8,29,2,0,96.7,96.7
bartventer__gorm-multitenancy,14,9,syft,183,12,171,2,12.2,12.2,9,174,0,9.4,9.4
bartventer__gorm-multitenancy,14,9,trivy,157,10,147,4,11.7,11.7,9,148,0,10.8,10.8
bartventer__gorm-multitenancy,14,9,cdxgen,117,10,107,4,15.3,15.3,9,108,0,14.3,14.3
bartventer__gorm-multitenancy,14,9,cyclonedx-gomod,9,9,0,5,78.3,78.3,9,0,0,100.0,100.0
barweiss__go-tuple,11,1,syft,6,6,0,5,70.6,70.6,1,5,0,28.6,28.6
barweiss__go-tuple,11,1,trivy,5,5,0,6,62.5,62.5,1,4,0,33.3,33.3
barweiss__go-tuple,11,1,cdxgen,1,1,0,10,16.7,16.7,1,0,0,100.0,100.0
barweiss__go-tuple,11,1,cyclonedx-gomod,1,1,0,10,16.7,16.7,1,0,0,100.0,100.0
bcicen__ctop,104,43,syft,63,63,0,41,75.4,73.1,43,20,0,81.1,77.4
bcicen__ctop,104,43,trivy,55,55,0,49,69.2,66.7,43,12,0,87.8,83.7
bcicen__ctop,104,43,cdxgen,43,43,0,61,58.5,55.8,43,0,0,100.0,95.3
bcicen__ctop,104,43,cyclonedx-gomod,51,51,0,53,65.8,65.8,43,8,0,91.5,91.5
bdjimmy__gbind,35,6,syft,22,22,0,13,77.2,77.2,6,16,0,42.9,42.9
bdjimmy__gbind,35,6,trivy,35,35,0,0,100.0,100.0,6,29,0,29.3,29.3
bdjimmy__gbind,35,6,cdxgen,6,6,0,29,29.3,29.3,6,0,0,100.0,100.0
bdjimmy__gbind,35,6,cyclonedx-gomod,7,7,0,28,33.3,33.3,6,1,0,92.3,92.3
beatlabs__harvester,112,20,syft,46,46,0,66,58.2,58.2,20,26,0,60.6,60.6
beatlabs__harvester,112,20,trivy,27,27,0,85,38.8,38.8,20,7,0,85.1,85.1
beatlabs__harvester,112,20,cdxgen,27,27,0,85,38.8,38.8,20,7,0,85.1,85.1
beatlabs__harvester,112,20,cyclonedx-gomod,21,21,0,91,31.6,31.6,20,1,0,97.6,97.6
beatlabs__patron,116,76,syft,93,93,0,23,89.0,89.0,76,17,0,89.9,89.9
beatlabs__patron,116,76,trivy,80,80,0,36,81.6,81.6,76,4,0,97.4,97.4
beatlabs__patron,116,76,cdxgen,80,80,0,36,81.6,81.6,76,4,0,97.4,97.4
beatlabs__patron,116,76,cyclonedx-gomod,77,77,0,39,79.8,79.8,76,1,0,99.3,99.3
bebop__poly,22,7,syft,17,17,0,5,87.2,87.2,7,10,0,58.3,58.3
bebop__poly,22,7,trivy,14,14,0,8,77.8,77.8,7,7,0,66.7,66.7
bebop__poly,22,7,cdxgen,7,7,0,15,48.3,48.3,7,0,0,100.0,100.0
bebop__poly,22,7,cyclonedx-gomod,7,7,0,15,48.3,48.3,7,0,0,100.0,100.0
becheran__roumon,12,5,syft,10,10,0,2,90.9,90.9,5,5,0,66.7,66.7
becheran__roumon,12,5,trivy,9,9,0,3,85.7,85.7,5,4,0,71.4,71.4
becheran__roumon,12,5,cdxgen,5,5,0,7,58.8,58.8,5,0,0,100.0,100.0
becheran__roumon,12,5,cyclonedx-gomod,5,5,0,7,58.8,58.8,5,0,0,100.0,100.0
beego__beego,198,71,syft,96,96,0,102,65.3,63.9,71,25,0,85.0,81.4
beego__beego,198,71,trivy,78,78,0,120,56.5,55.1,71,7,0,95.3,91.3
beego__beego,198,71,cdxgen,71,71,0,127,52.8,50.6,71,0,0,100.0,95.8
beego__beego,198,71,cyclonedx-gomod,71,71,0,127,52.8,52.8,71,0,0,100.0,98.6
bengadbois__pewpew,38,19,syft,30,30,0,8,88.2,88.2,19,11,0,77.6,77.6
bengadbois__pewpew,38,19,trivy,21,21,0,17,71.2,71.2,19,2,0,95.0,95.0
bengadbois__pewpew,38,19,cdxgen,19,19,0,19,66.7,66.7,19,0,0,100.0,100.0
bengadbois__pewpew,38,19,cyclonedx-gomod,20,20,0,18,69.0,69.0,19,1,0,97.4,97.4
benmanns__goworker,13,4,syft,9,9,0,4,81.8,72.7,4,5,0,61.5,46.2
benmanns__goworker,13,4,trivy,13,13,0,0,100.0,92.3,4,9,0,47.1,35.3
benmanns__goworker,13,4,cdxgen,4,4,0,9,47.1,35.3,4,0,0,100.0,75.0
benmanns__goworker,13,4,cyclonedx-gomod,4,4,0,9,47.1,47.1,4,0,0,100.0,100.0
benthosdev__benthos,1409,498,syft,695,687,8,722,65.3,59.7,498,197,0,83.5,76.6
benthosdev__benthos,1409,498,trivy,570,563,7,846,56.9,55.3,498,72,0,93.3,92.3
benthosdev__benthos,1409,498,cdxgen,0,0,0,1409,0.0,0.0,0,0,498,0.0,0.0
benthosdev__benthos,1409,498,cyclonedx-gomod,522,521,1,888,54.0,54.0,496,26,2,97.3,97.3
bhmj__jsonslice,1,1,syft,1,1,0,0,100.0,100.0,1,0,0,100.0,100.0
bhmj__jsonslice,1,1,trivy,1,1,0,0,100.0,100.0,1,0,0,100.0,100.0
bhmj__jsonslice,1,1,cdxgen,1,1,0,0,100.0,100.0,1,0,0,100.0,100.0
bhmj__jsonslice,1,1,cyclonedx-gomod,1,1,0,0,100.0,100.0,1,0,0,100.0,100.0
bhope__hedge,39,6,syft,22,19,3,20,62.3,62.3,6,16,0,42.9,42.9
bhope__hedge,39,6,trivy,9,6,3,33,25.0,25.0,6,3,0,80.0,80.0
bhope__hedge,39,6,cdxgen,7,6,1,33,26.1,26.1,6,1,0,92.3,92.3
bhope__hedge,39,6,cyclonedx-gomod,6,6,0,33,26.7,26.7,6,0,0,100.0,100.0
bitfield__gotestdox,12,5,syft,8,8,0,4,80.0,80.0,5,3,0,76.9,76.9
bitfield__gotestdox,12,5,trivy,8,8,0,4,80.0,80.0,5,3,0,76.9,76.9
bitfield__gotestdox,12,5,cdxgen,5,5,0,7,58.8,58.8,5,0,0,100.0,100.0
bitfield__gotestdox,12,5,cyclonedx-gomod,5,5,0,7,58.8,58.8,5,0,0,100.0,100.0
bitfield__script,23,3,syft,10,10,0,13,60.6,60.6,3,7,0,46.2,46.2
bitfield__script,23,3,trivy,7,7,0,16,46.7,46.7,3,4,0,60.0,60.0
bitfield__script,23,3,cdxgen,3,3,0,20,23.1,23.1,3,0,0,100.0,100.0
bitfield__script,23,3,cyclonedx-gomod,3,3,0,20,23.1,23.1,3,0,0,100.0,100.0
bitfield__uptimerobot,246,16,syft,26,26,0,220,19.1,19.1,16,10,0,76.2,76.2
bitfield__uptimerobot,246,16,trivy,246,246,0,0,100.0,98.4,16,230,0,12.2,12.2
bitfield__uptimerobot,246,16,cdxgen,16,16,0,230,12.2,12.2,16,0,0,100.0,100.0
bitfield__uptimerobot,246,16,cyclonedx-gomod,19,19,0,227,14.3,14.3,16,3,0,91.4,91.4
bits-and-blooms__bloom,2,1,syft,2,2,0,0,100.0,100.0,1,1,0,66.7,66.7
bits-and-blooms__bloom,2,1,trivy,2,2,0,0,100.0,100.0,1,1,0,66.7,66.7
bits-and-blooms__bloom,2,1,cdxgen,1,1,0,1,66.7,66.7,1,0,0,100.0,100.0
bits-and-blooms__bloom,2,1,cyclonedx-gomod,1,1,0,1,66.7,66.7,1,0,0,100.0,100.0
bleenco__abstruse,553,111,syft,153,153,0,400,43.3,41.9,111,42,0,84.1,80.3
bleenco__abstruse,553,111,trivy,124,124,0,429,36.6,35.2,111,13,0,94.5,90.2
bleenco__abstruse,553,111,cdxgen,124,124,0,429,36.6,35.2,111,13,0,94.5,90.2
bleenco__abstruse,553,111,cyclonedx-gomod,123,123,0,430,36.4,36.4,111,12,0,94.9,94.9
blevesearch__bleve,64,34,syft,51,51,0,13,88.7,88.7,34,17,0,80.0,80.0
blevesearch__bleve,64,34,trivy,37,37,0,27,73.3,73.3,34,3,0,95.8,95.8
blevesearch__bleve,64,34,cdxgen,34,34,0,30,69.4,69.4,34,0,0,100.0,100.0
blevesearch__bleve,64,34,cyclonedx-gomod,36,36,0,28,72.0,72.0,34,2,0,97.1,97.1
blind-oracle__cortex-tenant,578,191,syft,291,291,0,287,67.0,65.8,191,100,0,79.3,78.0
blind-oracle__cortex-tenant,578,191,trivy,200,200,0,378,51.4,50.6,191,9,0,97.7,96.2
blind-oracle__cortex-tenant,578,191,cdxgen,191,191,0,387,49.7,48.9,191,0,0,100.0,98.4
blind-oracle__cortex-tenant,578,191,cyclonedx-gomod,195,195,0,383,50.5,50.5,187,8,4,96.9,96.9
blind-oracle__nginx-prometheus,213,14,syft,23,23,0,190,19.5,19.5,14,9,0,75.7,75.7
blind-oracle__nginx-prometheus,213,14,trivy,213,213,0,0,100.0,96.7,14,199,0,12.3,12.3
blind-oracle__nginx-prometheus,213,14,cdxgen,14,14,0,199,12.3,12.3,14,0,0,100.0,100.0
blind-oracle__nginx-prometheus,213,14,cyclonedx-gomod,14,14,0,199,12.3,12.3,14,0,0,100.0,100.0
blind-oracle__psql-streamer,120,33,syft,58,53,5,67,59.6,55.1,33,25,0,72.5,70.3
blind-oracle__psql-streamer,120,33,trivy,125,120,5,0,98.0,93.1,33,92,0,41.8,40.5
blind-oracle__psql-streamer,120,33,cdxgen,33,33,0,87,43.1,41.8,33,0,0,100.0,97.0
blind-oracle__psql-streamer,120,33,cyclonedx-gomod,33,33,0,87,43.1,43.1,33,0,0,100.0,100.0
blinklabs-io__nview,64,22,syft,38,38,0,26,74.5,74.5,22,16,0,73.3,73.3
blinklabs-io__nview,64,22,trivy,31,31,0,33,65.3,65.3,22,9,0,83.0,83.0
blinklabs-io__nview,64,22,cdxgen,22,22,0,42,51.2,51.2,22,0,0,100.0,100.0
blinklabs-io__nview,64,22,cyclonedx-gomod,27,27,0,37,59.3,59.3,22,5,0,89.8,89.8
blockloop__scan,16,1,syft,10,10,0,6,76.9,69.2,1,9,0,18.2,18.2
blockloop__scan,16,1,trivy,9,8,1,8,64.0,64.0,1,8,0,20.0,20.0
blockloop__scan,16,1,cdxgen,8,8,0,8,66.7,66.7,1,7,0,22.2,22.2
blockloop__scan,16,1,cyclonedx-gomod,1,1,0,15,11.8,11.8,1,0,0,100.0,100.0
bluetuith-org__bluetuith,69,41,syft,47,47,0,22,81.0,81.0,41,6,0,93.2,93.2
bluetuith-org__bluetuith,69,41,trivy,41,41,0,28,74.5,74.5,41,0,0,100.0,100.0
bluetuith-org__bluetuith,69,41,cdxgen,41,41,0,28,74.5,74.5,41,0,0,100.0,100.0
bluetuith-org__bluetuith,69,41,cyclonedx-gomod,41,41,0,28,74.5,74.5,41,0,0,100.0,100.0
bmf-san__ggc,9,4,syft,6,6,0,3,80.0,80.0,4,2,0,80.0,80.0
bmf-san__ggc,9,4,trivy,9,9,0,0,100.0,100.0,4,5,0,61.5,61.5
bmf-san__ggc,9,4,cdxgen,4,4,0,5,61.5,61.5,4,0,0,100.0,100.0
bmf-san__ggc,9,4,cyclonedx-gomod,4,4,0,5,61.5,61.5,4,0,0,100.0,100.0
bmf-san__gondola,3,2,syft,4,3,1,0,85.7,85.7,2,2,0,66.7,66.7
bmf-san__gondola,3,2,trivy,4,3,1,0,85.7,85.7,2,2,0,66.7,66.7
bmf-san__gondola,3,2,cdxgen,2,2,0,1,80.0,80.0,2,0,0,100.0,100.0
bmf-san__gondola,3,2,cyclonedx-gomod,2,2,0,1,80.0,80.0,2,0,0,100.0,100.0
bobg__basexx,1,1,syft,1,1,0,0,100.0,100.0,1,0,0,100.0,100.0
bobg__basexx,1,1,trivy,1,1,0,0,100.0,100.0,1,0,0,100.0,100.0
bobg__basexx,1,1,cdxgen,1,1,0,0,100.0,100.0,1,0,0,100.0,100.0
bobg__basexx,1,1,cyclonedx-gomod,1,1,0,0,100.0,100.0,1,0,0,100.0,100.0
bobg__combo,9,5,syft,7,7,0,2,87.5,87.5,5,2,0,83.3,83.3
bobg__combo,9,5,trivy,5,5,0,4,71.4,71.4,5,0,0,100.0,100.0
bobg__combo,9,5,cdxgen,5,5,0,4,71.4,71.4,5,0,0,100.0,100.0
bobg__combo,9,5,cyclonedx-gomod,5,5,0,4,71.4,71.4,5,0,0,100.0,100.0
bobg__decouple,12,4,syft,9,8,1,4,76.2,76.2,4,5,0,61.5,61.5
bobg__decouple,12,4,trivy,7,6,1,6,63.2,63.2,4,3,0,72.7,72.7
bobg__decouple,12,4,cdxgen,4,4,0,8,50.0,50.0,4,0,0,100.0,100.0
bobg__decouple,12,4,cyclonedx-gomod,4,4,0,8,50.0,50.0,4,0,0,100.0,100.0
bobg__encid,70,10,syft,24,24,0,46,51.1,51.1,10,14,0,58.8,58.8
bobg__encid,70,10,trivy,11,11,0,59,27.2,27.2,10,1,0,95.2,95.2
bobg__encid,70,10,cdxgen,10,10,0,60,25.0,25.0,10,0,0,100.0,100.0
bobg__encid,70,10,cyclonedx-gomod,10,10,0,60,25.0,25.0,10,0,0,100.0,100.0
bobg__go-generics,1,1,syft,1,1,0,0,100.0,100.0,1,0,0,100.0,100.0
bobg__go-generics,1,1,trivy,1,1,0,0,100.0,100.0,1,0,0,100.0,100.0
bobg__go-generics,1,1,cdxgen,1,1,0,0,100.0,100.0,1,0,0,100.0,100.0
bobg__go-generics,1,1,cyclonedx-gomod,1,1,0,0,100.0,100.0,1,0,0,100.0,100.0
bobg__hashsplit,6,1,syft,3,3,0,3,66.7,44.4,1,2,0,50.0,0.0
bobg__hashsplit,6,1,trivy,3,3,0,3,66.7,44.4,1,2,0,50.0,0.0
bobg__hashsplit,6,1,cdxgen,1,1,0,5,28.6,0.0,1,0,0,100.0,0.0
bobg__hashsplit,6,1,cyclonedx-gomod,1,1,0,5,28.6,28.6,1,0,0,100.0,100.0
bobg__htree,10,2,syft,5,5,0,5,66.7,66.7,2,3,0,57.1,57.1
bobg__htree,10,2,trivy,10,10,0,0,100.0,100.0,2,8,0,33.3,33.3
bobg__htree,10,2,cdxgen,2,2,0,8,33.3,33.3,2,0,0,100.0,100.0
bobg__htree,10,2,cyclonedx-gomod,2,2,0,8,33.3,33.3,2,0,0,100.0,100.0
bobg__mid,3,1,syft,3,3,0,0,100.0,100.0,1,2,0,50.0,50.0
bobg__mid,3,1,trivy,3,3,0,0,100.0,100.0,1,2,0,50.0,50.0
bobg__mid,3,1,cdxgen,1,1,0,2,50.0,50.0,1,0,0,100.0,100.0
bobg__mid,3,1,cyclonedx-gomod,1,1,0,2,50.0,50.0,1,0,0,100.0,100.0
bobg__modver,60,27,syft,50,47,3,13,85.5,85.5,27,23,0,70.1,70.1
bobg__modver,60,27,trivy,31,28,3,32,61.5,61.5,27,4,0,93.1,93.1
bobg__modver,60,27,cdxgen,29,27,2,33,60.7,60.7,27,2,0,96.4,96.4
bobg__modver,60,27,cyclonedx-gomod,28,28,0,32,63.6,63.6,27,1,0,98.2,98.2
bobg__subcmd,3,1,syft,2,2,0,1,80.0,80.0,1,1,0,66.7,66.7
bobg__subcmd,3,1,trivy,3,3,0,0,100.0,100.0,1,2,0,50.0,50.0
bobg__subcmd,3,1,cdxgen,1,1,0,2,50.0,50.0,1,0,0,100.0,100.0
bobg__subcmd,3,1,cyclonedx-gomod,1,1,0,2,50.0,50.0,1,0,0,100.0,100.0
bogdanfinn__tls-client,32,15,syft,26,25,1,7,86.2,86.2,15,11,0,73.2,73.2
bogdanfinn__tls-client,32,15,trivy,21,20,1,12,75.5,75.5,15,6,0,83.3,83.3
bogdanfinn__tls-client,32,15,cdxgen,15,15,0,17,63.8,63.8,15,0,0,100.0,100.0
bogdanfinn__tls-client,32,15,cyclonedx-gomod,15,15,0,17,63.8,63.8,15,0,0,100.0,100.0
bogem__id3v2,2,1,syft,2,1,1,1,50.0,50.0,1,1,0,66.7,66.7
bogem__id3v2,2,1,trivy,11,2,9,0,30.8,30.8,1,10,0,16.7,16.7
bogem__id3v2,2,1,cdxgen,1,1,0,1,66.7,66.7,1,0,0,100.0,100.0
bogem__id3v2,2,1,cyclonedx-gomod,1,1,0,1,66.7,66.7,1,0,0,100.0,100.0
bojanz__currency,2,1,syft,1,1,0,1,66.7,66.7,1,0,0,100.0,100.0
bojanz__currency,2,1,trivy,2,2,0,0,100.0,100.0,1,1,0,66.7,66.7
bojanz__currency,2,1,cdxgen,1,1,0,1,66.7,66.7,1,0,0,100.0,100.0
bojanz__currency,2,1,cyclonedx-gomod,1,1,0,1,66.7,66.7,1,0,0,100.0,100.0
bokwoon95__go-structured-query,108,9,syft,12,12,0,96,20.0,20.0,9,3,0,85.7,85.7
bokwoon95__go-structured-query,108,9,trivy,108,108,0,0,100.0,98.1,9,99,0,15.4,15.4
bokwoon95__go-structured-query,108,9,cdxgen,9,9,0,99,15.4,15.4,9,0,0,100.0,100.0
bokwoon95__go-structured-query,108,9,cyclonedx-gomod,10,10,0,98,16.9,16.9,9,1,0,94.7,94.7
borderstech__artifex,5,1,syft,5,5,0,0,100.0,100.0,1,4,0,33.3,33.3
borderstech__artifex,5,1,trivy,5,5,0,0,100.0,100.0,1,4,0,33.3,33.3
borderstech__artifex,5,1,cdxgen,1,1,0,4,33.3,33.3,1,0,0,100.0,100.0
borderstech__artifex,5,1,cyclonedx-gomod,1,1,0,4,33.3,33.3,1,0,0,100.0,100.0
born-ml__born,15,3,syft,14,14,0,1,96.6,96.6,3,11,0,35.3,35.3
born-ml__born,15,3,trivy,13,13,0,2,92.9,92.9,3,10,0,37.5,37.5
born-ml__born,15,3,cdxgen,3,3,0,12,33.3,33.3,3,0,0,100.0,100.0
born-ml__born,15,3,cyclonedx-gomod,9,9,0,6,75.0,75.0,3,6,0,50.0,50.0
box-cli-maker__box-cli-maker,19,11,syft,12,12,0,7,77.4,77.4,11,1,0,95.7,95.7
box-cli-maker__box-cli-maker,19,11,trivy,12,12,0,7,77.4,77.4,11,1,0,95.7,95.7
box-cli-maker__box-cli-maker,19,11,cdxgen,11,11,0,8,73.3,73.3,11,0,0,100.0,100.0
box-cli-maker__box-cli-maker,19,11,cyclonedx-gomod,11,11,0,8,73.3,73.3,11,0,0,100.0,100.0
boxesandglue__bagme,26,14,syft,14,14,0,12,70.0,70.0,14,0,0,100.0,100.0
boxesandglue__bagme,26,14,trivy,14,14,0,12,70.0,70.0,14,0,0,100.0,100.0
boxesandglue__bagme,26,14,cdxgen,14,14,0,12,70.0,70.0,14,0,0,100.0,100.0
boxesandglue__bagme,26,14,cyclonedx-gomod,14,14,0,12,70.0,70.0,14,0,0,100.0,100.0
boyter__scc,86,47,syft,69,69,0,17,89.0,89.0,47,22,0,81.0,81.0
boyter__scc,86,47,trivy,49,49,0,37,72.6,72.6,47,2,0,97.9,97.9
boyter__scc,86,47,cdxgen,49,49,0,37,72.6,72.6,47,2,0,97.9,97.9
boyter__scc,86,47,cyclonedx-gomod,49,49,0,37,72.6,72.6,47,2,0,97.9,97.9
bozd4g__go-http-client,7,1,syft,7,7,0,0,100.0,100.0,1,6,0,25.0,25.0
bozd4g__go-http-client,7,1,trivy,6,6,0,1,92.3,92.3,1,5,0,28.6,28.6
bozd4g__go-http-client,7,1,cdxgen,1,1,0,6,25.0,25.0,1,0,0,100.0,100.0
bozd4g__go-http-client,7,1,cyclonedx-gomod,1,1,0,6,25.0,25.0,1,0,0,100.0,100.0
bradleyjkemp__cupaloy,6,2,syft,6,6,0,0,100.0,100.0,2,4,0,50.0,50.0
bradleyjkemp__cupaloy,6,2,trivy,6,6,0,0,100.0,100.0,2,4,0,50.0,50.0
bradleyjkemp__cupaloy,6,2,cdxgen,2,2,0,4,50.0,50.0,2,0,0,100.0,100.0
bradleyjkemp__cupaloy,6,2,cyclonedx-gomod,2,2,0,4,50.0,50.0,2,0,0,100.0,100.0
brandonyoungdev__tldx,72,48,syft,64,64,0,8,94.1,94.1,48,16,0,85.7,85.7
brandonyoungdev__tldx,72,48,trivy,53,53,0,19,84.8,84.8,48,5,0,95.0,95.0
brandonyoungdev__tldx,72,48,cdxgen,48,48,0,24,80.0,80.0,48,0,0,100.0,100.0
brandonyoungdev__tldx,72,48,cyclonedx-gomod,49,49,0,23,81.0,81.0,48,1,0,99.0,99.0
briandowns__spinner,5,5,syft,5,5,0,0,100.0,100.0,5,0,0,100.0,100.0
briandowns__spinner,5,5,trivy,5,5,0,0,100.0,100.0,5,0,0,100.0,100.0
briandowns__spinner,5,5,cdxgen,5,5,0,0,100.0,100.0,5,0,0,100.0,100.0
briandowns__spinner,5,5,cyclonedx-gomod,5,5,0,0,100.0,100.0,5,0,0,100.0,100.0
bsm__redeo,3,1,syft,3,3,0,0,100.0,100.0,1,2,0,50.0,50.0
bsm__redeo,3,1,trivy,3,3,0,0,100.0,100.0,1,2,0,50.0,50.0
bsm__redeo,3,1,cdxgen,1,1,0,2,50.0,50.0,1,0,0,100.0,100.0
bsm__redeo,3,1,cyclonedx-gomod,1,1,0,2,50.0,50.0,1,0,0,100.0,100.0
bsm__redislock,11,3,syft,10,10,0,1,95.2,95.2,3,7,0,46.2,46.2
bsm__redislock,11,3,trivy,3,3,0,8,42.9,42.9,3,0,0,100.0,100.0
bsm__redislock,11,3,cdxgen,3,3,0,8,42.9,42.9,3,0,0,100.0,100.0
bsm__redislock,11,3,cyclonedx-gomod,3,3,0,8,42.9,42.9,3,0,0,100.0,100.0
btnguyen2k__gocosmos,7,6,syft,8,7,1,0,93.3,93.3,6,2,0,85.7,85.7
btnguyen2k__gocosmos,7,6,trivy,8,7,1,0,93.3,93.3,6,2,0,85.7,85.7
btnguyen2k__gocosmos,7,6,cdxgen,6,6,0,1,92.3,92.3,6,0,0,100.0,100.0
btnguyen2k__gocosmos,7,6,cyclonedx-gomod,6,6,0,1,92.3,92.3,6,0,0,100.0,100.0
buger__gor,147,66,syft,83,83,0,64,72.2,71.3,66,17,0,88.6,88.6
buger__gor,147,66,trivy,71,71,0,76,65.1,65.1,66,5,0,96.4,96.4
buger__gor,147,66,cdxgen,66,66,0,81,62.0,62.0,66,0,0,100.0,100.0
buger__gor,147,66,cyclonedx-gomod,66,66,0,81,62.0,62.0,65,1,1,98.5,98.5
bwmarrin__discordgo,1,1,syft,15,1,14,0,12.5,12.5,1,14,0,12.5,12.5
bwmarrin__discordgo,1,1,trivy,23,1,22,0,8.3,8.3,1,22,0,8.3,8.3
bwmarrin__discordgo,1,1,cdxgen,8,1,7,0,22.2,22.2,1,7,0,22.2,22.2
bwmarrin__discordgo,1,1,cyclonedx-gomod,1,1,0,0,100.0,100.0,1,0,0,100.0,100.0
bykof__gostradamus,7,1,syft,6,6,0,1,92.3,92.3,1,5,0,28.6,28.6
bykof__gostradamus,7,1,trivy,5,5,0,2,83.3,83.3,1,4,0,33.3,33.3
bykof__gostradamus,7,1,cdxgen,1,1,0,6,25.0,25.0,1,0,0,100.0,100.0
bykof__gostradamus,7,1,cyclonedx-gomod,1,1,0,6,25.0,25.0,1,0,0,100.0,100.0
bytebase__bytebase,980,321,syft,477,467,10,513,64.1,63.1,313,164,8,78.4,77.2
bytebase__bytebase,980,321,trivy,351,343,8,637,51.5,50.8,313,38,8,93.2,91.7
bytebase__bytebase,980,321,cdxgen,321,321,0,659,49.3,47.3,321,0,0,100.0,98.4
bytebase__bytebase,980,321,cyclonedx-gomod,343,335,8,645,50.6,50.6,309,34,12,93.1,93.1
c-bata__go-prompt,7,3,syft,5,5,0,2,83.3,83.3,3,2,0,75.0,75.0
c-bata__go-prompt,7,3,trivy,7,7,0,0,100.0,100.0,3,4,0,60.0,60.0
c-bata__go-prompt,7,3,cdxgen,3,3,0,4,60.0,60.0,3,0,0,100.0,100.0
c-bata__go-prompt,7,3,cyclonedx-gomod,6,6,0,1,92.3,92.3,3,3,0,66.7,66.7
c-bata__goptuna,54,19,syft,56,32,24,22,58.2,50.9,19,37,0,50.7,50.7
c-bata__goptuna,54,19,trivy,44,23,21,31,46.9,42.9,19,25,0,60.3,60.3
c-bata__goptuna,54,19,cdxgen,0,0,0,54,0.0,0.0,0,0,19,0.0,0.0
c-bata__goptuna,54,19,cyclonedx-gomod,20,20,0,34,54.1,54.1,19,1,0,97.4,97.4
c-robinson__iplib,1,1,syft,3,1,2,0,50.0,50.0,1,2,0,50.0,50.0
c-robinson__iplib,1,1,trivy,1,1,0,0,100.0,100.0,1,0,0,100.0,100.0
c-robinson__iplib,1,1,cdxgen,1,1,0,0,100.0,100.0,1,0,0,100.0,100.0
c-robinson__iplib,1,1,cyclonedx-gomod,1,1,0,0,100.0,100.0,1,0,0,100.0,100.0
c9s__bbgo,379,129,syft,160,160,0,219,59.4,59.4,129,31,0,89.3,89.3
c9s__bbgo,379,129,trivy,145,145,0,234,55.3,55.3,129,16,0,94.2,94.2
c9s__bbgo,379,129,cdxgen,129,129,0,250,50.8,50.8,129,0,0,100.0,100.0
c9s__bbgo,379,129,cyclonedx-gomod,142,142,0,237,54.5,54.5,128,14,1,94.5,94.5
caarlos0__log,21,16,syft,17,17,0,4,89.5,89.5,16,1,0,97.0,97.0
caarlos0__log,21,16,trivy,16,16,0,5,86.5,86.5,16,0,0,100.0,100.0
caarlos0__log,21,16,cdxgen,16,16,0,5,86.5,86.5,16,0,0,100.0,100.0
caarlos0__log,21,16,cyclonedx-gomod,16,16,0,5,86.5,86.5,16,0,0,100.0,100.0
cabify__gotoprom,48,10,syft,20,20,0,28,58.8,58.8,10,10,0,66.7,66.7
cabify__gotoprom,48,10,trivy,48,48,0,0,100.0,100.0,10,38,0,34.5,34.5
cabify__gotoprom,48,10,cdxgen,10,10,0,38,34.5,34.5,10,0,0,100.0,100.0
cabify__gotoprom,48,10,cyclonedx-gomod,10,10,0,38,34.5,34.5,10,0,0,100.0,100.0
cabify__logrusiowriter,8,2,syft,7,7,0,1,93.3,93.3,2,5,0,44.4,44.4
cabify__logrusiowriter,8,2,trivy,8,8,0,0,100.0,100.0,2,6,0,40.0,40.0
cabify__logrusiowriter,8,2,cdxgen,2,2,0,6,40.0,40.0,2,0,0,100.0,100.0
cabify__logrusiowriter,8,2,cyclonedx-gomod,2,2,0,6,40.0,40.0,2,0,0,100.0,100.0
cabify__timex,6,5,syft,6,6,0,0,100.0,100.0,5,1,0,90.9,90.9
cabify__timex,6,5,trivy,6,6,0,0,100.0,100.0,5,1,0,90.9,90.9
cabify__timex,6,5,cdxgen,5,5,0,1,90.9,90.9,5,0,0,100.0,100.0
cabify__timex,6,5,cyclonedx-gomod,4,4,0,2,80.0,80.0,4,0,1,88.9,88.9
caddyserver__caddy,546,156,syft,215,215,0,331,56.5,56.5,156,59,0,84.1,84.1
caddyserver__caddy,546,156,trivy,166,166,0,380,46.6,46.6,156,10,0,96.9,96.9
caddyserver__caddy,546,156,cdxgen,156,156,0,390,44.4,44.4,156,0,0,100.0,100.0
caddyserver__caddy,546,156,cyclonedx-gomod,162,162,0,384,45.8,45.8,156,6,0,98.1,98.1
caddyserver__certmagic,32,13,syft,27,27,0,5,91.5,91.5,13,14,0,65.0,65.0
caddyserver__certmagic,32,13,trivy,16,16,0,16,66.7,66.7,13,3,0,89.7,89.7
caddyserver__certmagic,32,13,cdxgen,13,13,0,19,57.8,57.8,13,0,0,100.0,100.0
caddyserver__certmagic,32,13,cyclonedx-gomod,16,16,0,16,66.7,66.7,13,3,0,89.7,89.7
camgraff__protoxy,112,9,syft,18,18,0,94,27.7,27.7,9,9,0,66.7,66.7
camgraff__protoxy,112,9,trivy,112,112,0,0,100.0,98.2,9,103,0,14.9,14.9
camgraff__protoxy,112,9,cdxgen,9,9,0,103,14.9,14.9,9,0,0,100.0,100.0
camgraff__protoxy,112,9,cyclonedx-gomod,11,11,0,101,17.9,17.9,9,2,0,90.0,90.0
capillariesio__capillaries,117,49,syft,65,65,0,52,71.4,71.4,49,16,0,86.0,86.0
capillariesio__capillaries,117,49,trivy,52,52,0,65,61.5,61.5,49,3,0,97.0,97.0
capillariesio__capillaries,117,49,cdxgen,49,49,0,68,59.0,59.0,49,0,0,100.0,100.0
capillariesio__capillaries,117,49,cyclonedx-gomod,49,49,0,68,59.0,59.0,49,0,0,100.0,100.0
carlmjohnson__flowmatic,1,1,syft,1,1,0,0,100.0,100.0,1,0,0,100.0,100.0
carlmjohnson__flowmatic,1,1,trivy,1,1,0,0,100.0,100.0,1,0,0,100.0,100.0
carlmjohnson__flowmatic,1,1,cdxgen,1,1,0,0,100.0,100.0,1,0,0,100.0,100.0
carlmjohnson__flowmatic,1,1,cyclonedx-gomod,1,1,0,0,100.0,100.0,1,0,0,100.0,100.0
carlmjohnson__requests,5,1,syft,1,1,0,4,33.3,33.3,1,0,0,100.0,100.0
carlmjohnson__requests,5,1,trivy,5,5,0,0,100.0,100.0,1,4,0,33.3,33.3
carlmjohnson__requests,5,1,cdxgen,1,1,0,4,33.3,33.3,1,0,0,100.0,100.0
carlmjohnson__requests,5,1,cyclonedx-gomod,1,1,0,4,33.3,33.3,1,0,0,100.0,100.0
catchplay__scaffold,2,2,syft,7,2,5,0,44.4,44.4,2,5,0,44.4,44.4
catchplay__scaffold,2,2,trivy,6,2,4,0,50.0,50.0,2,4,0,50.0,50.0
catchplay__scaffold,2,2,cdxgen,2,2,0,0,100.0,100.0,2,0,0,100.0,100.0
catchplay__scaffold,2,2,cyclonedx-gomod,2,2,0,0,100.0,100.0,2,0,0,100.0,100.0
ccbrown__api-fu,28,11,syft,49,25,24,3,64.9,59.7,11,38,0,36.7,33.3
ccbrown__api-fu,28,11,trivy,85,28,57,0,49.6,42.5,11,74,0,22.9,20.8
ccbrown__api-fu,28,11,cdxgen,24,12,12,16,46.2,38.5,11,13,0,62.9,57.1
ccbrown__api-fu,28,11,cyclonedx-gomod,15,15,0,13,69.8,69.8,11,4,0,84.6,84.6
cch123__elasticsql,1,1,syft,1,1,0,0,100.0,100.0,1,0,0,100.0,100.0
cch123__elasticsql,1,1,trivy,1,1,0,0,100.0,100.0,1,0,0,100.0,100.0
cch123__elasticsql,1,1,cdxgen,1,1,0,0,100.0,100.0,1,0,0,100.0,100.0
cch123__elasticsql,1,1,cyclonedx-gomod,1,1,0,0,100.0,100.0,1,0,0,100.0,100.0
cdipaolo__goml,8,1,syft,6,6,0,2,85.7,85.7,1,5,0,28.6,28.6
cdipaolo__goml,8,1,trivy,5,5,0,3,76.9,76.9,1,4,0,33.3,33.3
cdipaolo__goml,8,1,cdxgen,1,1,0,7,22.2,22.2,1,0,0,100.0,100.0
cdipaolo__goml,8,1,cyclonedx-gomod,1,1,0,7,22.2,22.2,1,0,0,100.0,100.0
cenkalti__rain,447,41,syft,66,66,0,381,25.7,25.0,41,25,0,76.6,72.9
cenkalti__rain,447,41,trivy,61,61,0,386,24.0,23.2,41,20,0,80.4,76.5
cenkalti__rain,447,41,cdxgen,41,41,0,406,16.8,16.0,41,0,0,100.0,95.1
cenkalti__rain,447,41,cyclonedx-gomod,42,42,0,405,17.2,17.2,41,1,0,98.8,98.8
centerorbit__depcharge,15,4,syft,9,9,0,6,75.0,75.0,4,5,0,61.5,61.5
centerorbit__depcharge,15,4,trivy,15,15,0,0,100.0,100.0,4,11,0,42.1,42.1
centerorbit__depcharge,15,4,cdxgen,4,4,0,11,42.1,42.1,4,0,0,100.0,100.0
centerorbit__depcharge,15,4,cyclonedx-gomod,4,4,0,11,42.1,42.1,4,0,0,100.0,100.0
centrifugal__centrifugo,332,133,syft,169,169,0,163,67.5,67.5,133,36,0,88.1,88.1
centrifugal__centrifugo,332,133,trivy,135,135,0,197,57.8,57.8,133,2,0,99.3,99.3
centrifugal__centrifugo,332,133,cdxgen,133,133,0,199,57.2,57.2,133,0,0,100.0,100.0
centrifugal__centrifugo,332,133,cyclonedx-gomod,131,131,0,201,56.6,56.6,130,1,3,98.5,98.5
ceshihao__windowsupdate,2,1,syft,5,2,3,0,57.1,57.1,1,4,0,33.3,33.3
ceshihao__windowsupdate,2,1,trivy,5,2,3,0,57.1,57.1,1,4,0,33.3,33.3
ceshihao__windowsupdate,2,1,cdxgen,2,1,1,1,50.0,50.0,1,1,0,66.7,66.7
ceshihao__windowsupdate,2,1,cyclonedx-gomod,2,2,0,0,100.0,100.0,1,1,0,66.7,66.7
chaindead__modup,44,27,syft,37,37,0,7,91.4,91.4,27,10,0,84.4,84.4
chaindead__modup,44,27,trivy,31,31,0,13,82.7,82.7,27,4,0,93.1,93.1
chaindead__modup,44,27,cdxgen,27,27,0,17,76.1,76.1,27,0,0,100.0,100.0
chaindead__modup,44,27,cyclonedx-gomod,30,30,0,14,81.1,81.1,27,3,0,94.7,94.7
chaindead__zerocfg,7,2,syft,6,6,0,1,92.3,92.3,2,4,0,50.0,50.0
chaindead__zerocfg,7,2,trivy,5,5,0,2,83.3,83.3,2,3,0,57.1,57.1
chaindead__zerocfg,7,2,cdxgen,2,2,0,5,44.4,44.4,2,0,0,100.0,100.0
chaindead__zerocfg,7,2,cyclonedx-gomod,2,2,0,5,44.4,44.4,2,0,0,100.0,100.0
chainifynet__aws-encryption-sdk-go,32,19,syft,35,25,10,7,74.6,74.6,19,16,0,70.4,70.4
chainifynet__aws-encryption-sdk-go,32,19,trivy,34,24,10,8,72.7,42.4,19,15,0,71.7,34.0
chainifynet__aws-encryption-sdk-go,32,19,cdxgen,19,19,0,13,74.5,74.5,19,0,0,100.0,100.0
chainifynet__aws-encryption-sdk-go,32,19,cyclonedx-gomod,24,24,0,8,85.7,85.7,19,5,0,88.4,88.4
chanify__chanify,167,42,syft,76,76,0,91,62.6,62.6,42,34,0,71.2,71.2
chanify__chanify,167,42,trivy,62,62,0,105,54.1,54.1,42,20,0,80.8,80.8
chanify__chanify,167,42,cdxgen,42,42,0,125,40.2,40.2,42,0,0,100.0,100.0
chanify__chanify,167,42,cyclonedx-gomod,61,61,0,106,53.5,53.5,42,19,0,81.6,81.6
chapar-rest__chapar,142,62,syft,95,95,0,47,80.2,79.3,62,33,0,79.0,77.7
chapar-rest__chapar,142,62,trivy,74,74,0,68,68.5,67.6,62,12,0,91.2,89.7
chapar-rest__chapar,142,62,cdxgen,74,74,0,68,68.5,67.6,62,12,0,91.2,89.7
chapar-rest__chapar,142,62,cyclonedx-gomod,64,64,0,78,62.1,62.1,62,2,0,98.4,98.4
charlievieth__strcase,1,1,syft,13,1,12,0,14.3,0.0,1,12,0,14.3,0.0
charlievieth__strcase,1,1,trivy,12,1,11,0,15.4,0.0,1,11,0,15.4,0.0
charlievieth__strcase,1,1,cdxgen,7,1,6,0,25.0,25.0,1,6,0,25.0,25.0
charlievieth__strcase,1,1,cyclonedx-gomod,1,1,0,0,100.0,100.0,1,0,0,100.0,100.0
charmbracelet__bubbles,30,21,syft,26,26,0,4,92.9,92.9,21,5,0,89.4,89.4
charmbracelet__bubbles,30,21,trivy,24,24,0,6,88.9,88.9,21,3,0,93.3,93.3
charmbracelet__bubbles,30,21,cdxgen,21,21,0,9,82.4,82.4,21,0,0,100.0,100.0
charmbracelet__bubbles,30,21,cyclonedx-gomod,21,21,0,9,82.4,82.4,21,0,0,100.0,100.0
charmbracelet__bubbletea,20,15,syft,45,19,26,1,58.5,33.8,15,30,0,50.0,23.3
charmbracelet__bubbletea,20,15,trivy,41,19,22,1,62.3,59.0,15,26,0,53.6,53.6
charmbracelet__bubbletea,20,15,cdxgen,0,0,0,20,0.0,0.0,0,0,15,0.0,0.0
charmbracelet__bubbletea,20,15,cyclonedx-gomod,15,15,0,5,85.7,85.7,15,0,0,100.0,100.0
charmbracelet__lipgloss,23,15,syft,37,18,19,5,60.0,60.0,15,22,0,57.7,57.7
charmbracelet__lipgloss,23,15,trivy,31,18,13,5,66.7,66.7,15,16,0,65.2,65.2
charmbracelet__lipgloss,23,15,cdxgen,25,15,10,8,62.5,62.5,15,10,0,75.0,75.0
charmbracelet__lipgloss,23,15,cyclonedx-gomod,15,15,0,8,78.9,78.9,15,0,0,100.0,100.0
charmbracelet__wish,80,43,syft,77,67,10,13,85.4,85.4,43,34,0,71.7,71.7
charmbracelet__wish,80,43,trivy,58,49,9,31,71.0,71.0,43,15,0,85.1,85.1
charmbracelet__wish,80,43,cdxgen,50,43,7,37,66.2,66.2,43,7,0,92.5,92.5
charmbracelet__wish,80,43,cyclonedx-gomod,46,46,0,34,73.0,73.0,42,4,1,94.4,94.4
checkr__flagr,511,159,syft,205,205,0,306,57.3,55.3,159,46,0,87.4,84.1
checkr__flagr,511,159,trivy,173,173,0,338,50.6,48.8,159,14,0,95.8,92.2
checkr__flagr,511,159,cdxgen,159,159,0,352,47.5,45.7,159,0,0,100.0,96.2
checkr__flagr,511,159,cyclonedx-gomod,165,165,0,346,48.8,48.8,159,6,0,98.1,98.1
chenmingyong0423__go-mongox,24,9,syft,16,16,0,8,80.0,80.0,9,7,0,72.0,72.0
chenmingyong0423__go-mongox,24,9,trivy,14,14,0,10,73.7,73.7,9,5,0,78.3,78.3
chenmingyong0423__go-mongox,24,9,cdxgen,9,9,0,15,54.5,54.5,9,0,0,100.0,100.0
chenmingyong0423__go-mongox,24,9,cyclonedx-gomod,10,10,0,14,58.8,58.8,9,1,0,94.7,94.7
chenquan__go-pkg,22,2,syft,10,10,0,12,62.5,62.5,2,8,0,33.3,33.3
chenquan__go-pkg,22,2,trivy,22,22,0,0,100.0,100.0,2,20,0,16.7,16.7
chenquan__go-pkg,22,2,cdxgen,2,2,0,20,16.7,16.7,2,0,0,100.0,100.0
chenquan__go-pkg,22,2,cyclonedx-gomod,2,2,0,20,16.7,16.7,2,0,0,100.0,100.0
cheshir__go-mq,416,5,syft,10,10,0,406,4.7,4.7,5,5,0,66.7,66.7
cheshir__go-mq,416,5,trivy,416,416,0,0,100.0,95.7,5,411,0,2.4,2.4
cheshir__go-mq,416,5,cdxgen,5,5,0,411,2.4,2.4,5,0,0,100.0,100.0
cheshir__go-mq,416,5,cyclonedx-gomod,5,5,0,411,2.4,2.4,5,0,0,100.0,100.0
chrislusf__gleam,278,68,syft,96,96,0,182,51.3,51.3,68,28,0,82.9,82.9
chrislusf__gleam,278,68,trivy,70,70,0,208,40.2,40.2,68,2,0,98.6,98.6
chrislusf__gleam,278,68,cdxgen,68,68,0,210,39.3,39.3,68,0,0,100.0,100.0
chrislusf__gleam,278,68,cyclonedx-gomod,69,69,0,209,39.8,39.8,68,1,0,99.3,99.3
chrislusf__seaweedfs,1163,318,syft,573,562,11,601,64.7,56.0,318,255,0,71.4,59.9
chrislusf__seaweedfs,1163,318,trivy,0,0,0,1163,0.0,0.0,0,0,318,0.0,0.0
chrislusf__seaweedfs,1163,318,cdxgen,0,0,0,1163,0.0,0.0,0,0,318,0.0,0.0
chrislusf__seaweedfs,1163,318,cyclonedx-gomod,469,469,0,694,57.5,57.5,315,154,3,80.1,80.1
chrispassas__nfdump,1,1,syft,1,1,0,0,100.0,100.0,1,0,0,100.0,100.0
chrispassas__nfdump,1,1,trivy,2,1,1,0,66.7,66.7,1,1,0,66.7,66.7
chrispassas__nfdump,1,1,cdxgen,1,1,0,0,100.0,100.0,1,0,0,100.0,100.0
chrispassas__nfdump,1,1,cyclonedx-gomod,1,1,0,0,100.0,100.0,1,0,0,100.0,100.0
chrispassas__silk,2,2,syft,2,2,0,0,100.0,100.0,2,0,0,100.0,100.0
chrispassas__silk,2,2,trivy,2,2,0,0,100.0,100.0,2,0,0,100.0,100.0
chrispassas__silk,2,2,cdxgen,2,2,0,0,100.0,100.0,2,0,0,100.0,100.0
chrispassas__silk,2,2,cyclonedx-gomod,2,2,0,0,100.0,100.0,2,0,0,100.0,100.0
cilium__ebpf,86,7,syft,37,37,0,49,60.2,56.9,7,30,0,31.8,31.8
cilium__ebpf,86,7,trivy,35,35,0,51,57.9,54.5,7,28,0,33.3,33.3
cilium__ebpf,86,7,cdxgen,7,7,0,79,15.1,15.1,7,0,0,100.0,100.0
cilium__ebpf,86,7,cyclonedx-gomod,25,25,0,61,45.0,45.0,6,19,1,37.5,37.5
circa10a__go-aws-news,48,32,syft,40,40,0,8,90.9,90.9,32,8,0,88.9,88.9
circa10a__go-aws-news,48,32,trivy,39,39,0,9,89.7,89.7,32,7,0,90.1,90.1
circa10a__go-aws-news,48,32,cdxgen,32,32,0,16,80.0,80.0,32,0,0,100.0,100.0
circa10a__go-aws-news,48,32,cyclonedx-gomod,32,32,0,16,80.0,80.0,32,0,0,100.0,100.0
claygod__coffer,20,3,syft,14,14,0,6,82.4,82.4,3,11,0,35.3,35.3
claygod__coffer,20,3,trivy,10,10,0,10,66.7,66.7,3,7,0,46.2,46.2
claygod__coffer,20,3,cdxgen,3,3,0,17,26.1,26.1,3,0,0,100.0,100.0
claygod__coffer,20,3,cyclonedx-gomod,9,9,0,11,62.1,62.1,3,6,0,50.0,50.0
claygod__microservice,68,30,syft,38,38,0,30,71.7,71.7,30,8,0,88.2,88.2
claygod__microservice,68,30,trivy,31,31,0,37,62.6,62.6,30,1,0,98.4,98.4
claygod__microservice,68,30,cdxgen,30,30,0,38,61.2,61.2,30,0,0,100.0,100.0
claygod__microservice,68,30,cyclonedx-gomod,30,30,0,38,61.2,61.2,30,0,0,100.0,100.0
clevabit__libgoffi,1,1,syft,1,1,0,0,100.0,100.0,1,0,0,100.0,100.0
clevabit__libgoffi,1,1,trivy,1,1,0,0,100.0,100.0,1,0,0,100.0,100.0
clevabit__libgoffi,1,1,cdxgen,1,1,0,0,100.0,100.0,1,0,0,100.0,100.0
clevabit__libgoffi,1,1,cyclonedx-gomod,1,1,0,0,100.0,100.0,1,0,0,100.0,100.0
clok__kemba,16,5,syft,11,11,0,5,81.5,81.5,5,6,0,62.5,62.5
clok__kemba,16,5,trivy,16,16,0,0,100.0,100.0,5,11,0,47.6,47.6
clok__kemba,16,5,cdxgen,5,5,0,11,47.6,47.6,5,0,0,100.0,100.0
clok__kemba,16,5,cyclonedx-gomod,6,6,0,10,54.5,54.5,5,1,0,90.9,90.9
cloudflare__cloudflared,160,68,syft,114,111,3,49,81.0,80.3,66,48,2,72.5,71.4
cloudflare__cloudflared,160,68,trivy,93,91,2,69,71.9,71.1,66,27,2,82.0,80.7
cloudflare__cloudflared,160,68,cdxgen,94,93,1,67,73.2,70.9,68,26,0,84.0,82.7
cloudflare__cloudflared,160,68,cyclonedx-gomod,78,76,2,84,63.9,63.9,66,12,2,90.4,90.4
cloudquery__cloudquery,363,151,syft,401,248,153,115,64.9,55.0,151,250,0,54.7,48.9
cloudquery__cloudquery,363,151,trivy,350,215,135,148,60.3,54.1,151,199,0,60.3,55.9
cloudquery__cloudquery,363,151,cdxgen,293,203,90,160,61.9,58.8,151,142,0,68.0,66.7
cloudquery__cloudquery,363,151,cyclonedx-gomod,153,153,0,210,59.3,59.3,151,2,0,99.3,99.3
cloudwego__hertz,36,13,syft,52,30,22,6,68.2,61.4,13,39,0,40.0,30.8
cloudwego__hertz,36,13,trivy,75,35,40,1,63.1,54.1,13,62,0,29.5,22.7
cloudwego__hertz,36,13,cdxgen,37,18,19,18,49.3,49.3,13,24,0,52.0,52.0
cloudwego__hertz,36,13,cyclonedx-gomod,15,15,0,21,58.8,58.8,12,3,1,85.7,85.7
cloudwego__kitex,80,41,syft,48,46,2,34,71.9,67.2,41,7,0,92.1,85.4
cloudwego__kitex,80,41,trivy,43,41,2,39,66.7,61.8,41,2,0,97.6,90.5
cloudwego__kitex,80,41,cdxgen,42,41,1,39,67.2,67.2,41,1,0,98.8,98.8
cloudwego__kitex,80,41,cyclonedx-gomod,41,41,0,39,67.8,67.8,41,0,0,100.0,100.0
cloudwego__netpoll,12,3,syft,7,7,0,5,73.7,73.7,3,4,0,60.0,60.0
cloudwego__netpoll,12,3,trivy,12,12,0,0,100.0,100.0,3,9,0,40.0,40.0
cloudwego__netpoll,12,3,cdxgen,3,3,0,9,40.0,40.0,3,0,0,100.0,100.0
cloudwego__netpoll,12,3,cyclonedx-gomod,3,3,0,9,40.0,40.0,3,0,0,100.0,100.0
cmd-stream__cmd-stream-go,11,7,syft,7,7,0,4,77.8,77.8,7,0,0,100.0,100.0
cmd-stream__cmd-stream-go,11,7,trivy,7,7,0,4,77.8,77.8,7,0,0,100.0,100.0
cmd-stream__cmd-stream-go,11,7,cdxgen,7,7,0,4,77.8,77.8,7,0,0,100.0,100.0
cmd-stream__cmd-stream-go,11,7,cyclonedx-gomod,7,7,0,4,77.8,77.8,7,0,0,100.0,100.0
cockroachdb__cockroach,1166,401,syft,547,535,12,631,62.5,59.2,393,154,8,82.9,78.7
cockroachdb__cockroach,1166,401,trivy,488,473,15,693,57.2,53.9,393,95,8,88.4,83.9
cockroachdb__cockroach,1166,401,cdxgen,492,481,11,685,58.0,55.5,401,91,0,89.8,87.8
cockroachdb__cockroach,1166,401,cyclonedx-gomod,472,463,9,703,56.5,56.5,391,81,10,89.6,89.6
cockroachdb__errors,172,17,syft,28,28,0,144,28.0,28.0,17,11,0,75.6,75.6
cockroachdb__errors,172,17,trivy,23,23,0,149,23.6,23.6,17,6,0,85.0,85.0
cockroachdb__errors,172,17,cdxgen,17,17,0,155,18.0,18.0,17,0,0,100.0,100.0
cockroachdb__errors,172,17,cyclonedx-gomod,16,16,0,156,17.0,17.0,16,0,1,97.0,97.0
cockroachdb__pebble,238,50,syft,73,65,8,173,41.8,38.6,50,23,0,81.3,78.0
cockroachdb__pebble,238,50,trivy,65,58,7,180,38.3,36.3,50,15,0,87.0,87.0
cockroachdb__pebble,238,50,cdxgen,52,51,1,187,35.2,34.5,50,2,0,98.0,98.0
cockroachdb__pebble,238,50,cyclonedx-gomod,48,48,0,190,33.6,33.6,47,1,3,95.9,95.9
codemodus__catena,6,6,syft,6,6,0,0,100.0,100.0,6,0,0,100.0,100.0
codemodus__catena,6,6,trivy,6,6,0,0,100.0,100.0,6,0,0,100.0,100.0
codemodus__catena,6,6,cdxgen,6,6,0,0,100.0,100.0,6,0,0,100.0,100.0
codemodus__catena,6,6,cyclonedx-gomod,6,6,0,0,100.0,100.0,6,0,0,100.0,100.0
codenotary__immudb,489,81,syft,167,152,15,337,46.3,35.1,80,87,1,64.5,48.4
codenotary__immudb,489,81,trivy,147,134,13,355,42.1,37.1,80,67,1,70.2,65.8
codenotary__immudb,489,81,cdxgen,143,135,8,354,42.7,38.9,81,62,0,72.3,72.3
codenotary__immudb,489,81,cyclonedx-gomod,106,105,1,384,35.3,35.3,78,28,3,83.4,82.4
codesenberg__bombardier,34,18,syft,27,27,0,7,88.5,85.2,18,9,0,80.0,75.6
codesenberg__bombardier,34,18,trivy,18,18,0,16,69.2,65.4,18,0,0,100.0,94.4
codesenberg__bombardier,34,18,cdxgen,18,18,0,16,69.2,65.4,18,0,0,100.0,94.4
codesenberg__bombardier,34,18,cyclonedx-gomod,18,18,0,16,69.2,69.2,18,0,0,100.0,100.0
codeship__codeship-go,264,1,syft,16,16,0,248,11.4,11.4,1,15,0,11.8,11.8
codeship__codeship-go,264,1,trivy,264,264,0,0,100.0,98.1,1,263,0,0.8,0.8
codeship__codeship-go,264,1,cdxgen,1,1,0,263,0.8,0.8,1,0,0,100.0,100.0
codeship__codeship-go,264,1,cyclonedx-gomod,0,0,0,264,0.0,0.0,0,0,1,0.0,0.0
codingconcepts__dg,14,5,syft,9,9,0,5,78.3,78.3,5,4,0,71.4,71.4
codingconcepts__dg,14,5,trivy,8,8,0,6,72.7,72.7,5,3,0,76.9,76.9
codingconcepts__dg,14,5,cdxgen,5,5,0,9,52.6,52.6,5,0,0,100.0,100.0
codingconcepts__dg,14,5,cyclonedx-gomod,5,5,0,9,52.6,52.6,5,0,0,100.0,100.0
codingsince1985__checksum,6,2,syft,3,3,0,3,66.7,66.7,2,1,0,80.0,80.0
codingsince1985__checksum,6,2,trivy,3,3,0,3,66.7,66.7,2,1,0,80.0,80.0
codingsince1985__checksum,6,2,cdxgen,2,2,0,4,50.0,50.0,2,0,0,100.0,100.0
codingsince1985__checksum,6,2,cyclonedx-gomod,2,2,0,4,50.0,50.0,2,0,0,100.0,100.0
codingsince1985__couchcache,21,10,syft,16,16,0,5,86.5,86.5,10,6,0,76.9,76.9
codingsince1985__couchcache,21,10,trivy,13,13,0,8,76.5,76.5,10,3,0,87.0,87.0
codingsince1985__couchcache,21,10,cdxgen,10,10,0,11,64.5,64.5,10,0,0,100.0,100.0
codingsince1985__couchcache,21,10,cyclonedx-gomod,10,10,0,11,64.5,64.5,10,0,0,100.0,100.0
codingsince1985__geo-golang,7,1,syft,6,6,0,1,92.3,76.9,1,5,0,28.6,0.0
codingsince1985__geo-golang,7,1,trivy,5,5,0,2,83.3,66.7,1,4,0,33.3,0.0
codingsince1985__geo-golang,7,1,cdxgen,1,1,0,6,25.0,0.0,1,0,0,100.0,0.0
codingsince1985__geo-golang,7,1,cyclonedx-gomod,1,1,0,6,25.0,25.0,1,0,0,100.0,100.0
cogentcore__core,121,65,syft,83,83,0,38,81.4,81.4,65,18,0,87.8,87.8
cogentcore__core,121,65,trivy,73,73,0,48,75.3,75.3,65,8,0,94.2,94.2
cogentcore__core,121,65,cdxgen,65,65,0,56,69.9,69.9,65,0,0,100.0,100.0
cogentcore__core,121,65,cyclonedx-gomod,70,70,0,51,73.3,73.3,65,5,0,96.3,96.3
coinpaprika__coinpaprika-api-go-client,8,1,syft,7,7,0,1,93.3,93.3,1,6,0,25.0,25.0
coinpaprika__coinpaprika-api-go-client,8,1,trivy,5,5,0,3,76.9,76.9,1,4,0,33.3,33.3
coinpaprika__coinpaprika-api-go-client,8,1,cdxgen,1,1,0,7,22.2,22.2,1,0,0,100.0,100.0
coinpaprika__coinpaprika-api-go-client,8,1,cyclonedx-gomod,1,1,0,7,22.2,22.2,1,0,0,100.0,100.0
cometbft__cometbft,438,143,syft,240,239,1,199,70.5,67.8,143,97,0,74.7,74.2
cometbft__cometbft,438,143,trivy,192,191,1,247,60.6,59.0,143,49,0,85.4,84.8
cometbft__cometbft,438,143,cdxgen,143,143,0,295,49.2,48.9,143,0,0,100.0,99.3
cometbft__cometbft,438,143,cyclonedx-gomod,173,173,0,265,56.6,56.6,142,31,1,89.9,89.9
confluentinc__confluent-kafka-go,282,93,syft,304,119,185,163,40.6,37.9,93,211,0,46.9,46.3
confluentinc__confluent-kafka-go,282,93,trivy,233,109,124,173,42.3,39.6,93,140,0,57.1,57.1
confluentinc__confluent-kafka-go,282,93,cdxgen,106,93,13,189,47.9,47.9,93,13,0,93.5,93.5
confluentinc__confluent-kafka-go,282,93,cyclonedx-gomod,96,96,0,186,50.8,50.8,93,3,0,98.4,98.4
connectordb__connectordb,246,46,syft,73,73,0,173,45.8,43.9,46,27,0,77.3,72.3
connectordb__connectordb,246,46,trivy,65,65,0,181,41.8,39.9,46,19,0,82.9,77.5
connectordb__connectordb,246,46,cdxgen,46,46,0,200,31.5,29.5,46,0,0,100.0,93.5
connectordb__connectordb,246,46,cyclonedx-gomod,46,46,0,200,31.5,31.5,42,4,4,91.3,91.3
consbio__mbtileserver,35,21,syft,27,27,0,8,87.1,87.1,21,6,0,87.5,87.5
consbio__mbtileserver,35,21,trivy,22,22,0,13,77.2,77.2,21,1,0,97.7,97.7
consbio__mbtileserver,35,21,cdxgen,21,21,0,14,75.0,75.0,21,0,0,100.0,100.0
consbio__mbtileserver,35,21,cyclonedx-gomod,22,22,0,13,77.2,77.2,21,1,0,97.7,97.7
containers__podman-tui,427,125,syft,186,186,0,241,60.7,59.4,125,61,0,80.4,79.1
containers__podman-tui,427,125,trivy,137,137,0,290,48.6,47.9,125,12,0,95.4,93.9
containers__podman-tui,427,125,cdxgen,137,137,0,290,48.6,47.9,125,12,0,95.4,93.9
containers__podman-tui,427,125,cyclonedx-gomod,127,127,0,300,45.8,45.8,124,3,1,98.4,98.4
containous__traefik,929,362,syft,481,473,8,456,67.1,66.1,359,122,3,85.2,84.0
containous__traefik,929,362,trivy,415,407,8,522,60.6,59.7,359,56,3,92.4,91.1
containous__traefik,929,362,cdxgen,363,362,1,567,56.0,55.0,362,1,0,99.9,98.8
containous__traefik,929,362,cyclonedx-gomod,358,355,3,574,55.2,55.0,348,10,14,96.7,96.4
containrrr__shoutrrr,64,29,syft,54,53,1,11,89.8,89.8,29,25,0,69.9,69.9
containrrr__shoutrrr,64,29,trivy,34,33,1,31,67.3,67.3,29,5,0,92.1,92.1
containrrr__shoutrrr,64,29,cdxgen,29,28,1,36,60.2,60.2,29,0,0,100.0,100.0
containrrr__shoutrrr,64,29,cyclonedx-gomod,32,31,1,33,64.6,64.6,29,3,0,95.1,95.1
corbym__gogiven,2,1,syft,2,2,0,0,100.0,100.0,1,1,0,66.7,66.7
corbym__gogiven,2,1,trivy,2,2,0,0,100.0,100.0,1,1,0,66.7,66.7
corbym__gogiven,2,1,cdxgen,1,1,0,1,66.7,66.7,1,0,0,100.0,100.0
corbym__gogiven,2,1,cyclonedx-gomod,1,1,0,1,66.7,66.7,1,0,0,100.0,100.0
coregx__coregex,2,2,syft,2,2,0,0,100.0,100.0,2,0,0,100.0,100.0
coregx__coregex,2,2,trivy,2,2,0,0,100.0,100.0,2,0,0,100.0,100.0
coregx__coregex,2,2,cdxgen,2,2,0,0,100.0,100.0,2,0,0,100.0,100.0
coregx__coregex,2,2,cyclonedx-gomod,2,2,0,0,100.0,100.0,2,0,0,100.0,100.0
coregx__fursy,2,2,syft,76,2,74,0,5.1,5.1,2,74,0,5.1,5.1
coregx__fursy,2,2,trivy,52,2,50,0,7.4,7.4,2,50,0,7.4,7.4
coregx__fursy,2,2,cdxgen,53,2,51,0,7.3,7.3,2,51,0,7.3,7.3
coregx__fursy,2,2,cyclonedx-gomod,2,2,0,0,100.0,100.0,2,0,0,100.0,100.0
coregx__gxpdf,27,11,syft,18,18,0,9,80.0,80.0,11,7,0,75.9,75.9
coregx__gxpdf,27,11,trivy,16,16,0,11,74.4,74.4,11,5,0,81.5,81.5
coregx__gxpdf,27,11,cdxgen,11,11,0,16,57.9,57.9,11,0,0,100.0,100.0
coregx__gxpdf,27,11,cyclonedx-gomod,12,12,0,15,61.5,61.5,11,1,0,95.7,95.7
corona10__goimagehash,1,1,syft,1,1,0,0,100.0,100.0,1,0,0,100.0,100.0
corona10__goimagehash,1,1,trivy,1,1,0,0,100.0,100.0,1,0,0,100.0,100.0
corona10__goimagehash,1,1,cdxgen,1,1,0,0,100.0,100.0,1,0,0,100.0,100.0
corona10__goimagehash,1,1,cyclonedx-gomod,1,1,0,0,100.0,100.0,1,0,0,100.0,100.0
cortesi__devd,41,21,syft,29,29,0,12,82.9,82.9,21,8,0,84.0,84.0
cortesi__devd,41,21,trivy,27,27,0,14,79.4,79.4,21,6,0,87.5,87.5
cortesi__devd,41,21,cdxgen,21,21,0,20,67.7,67.7,21,0,0,100.0,100.0
cortesi__devd,41,21,cyclonedx-gomod,21,21,0,20,67.7,67.7,21,0,0,100.0,100.0
cosmos__cosmos-sdk,756,289,syft,400,378,22,378,65.4,57.3,289,111,0,83.9,72.3
cosmos__cosmos-sdk,756,289,trivy,357,332,25,424,59.7,58.2,289,68,0,89.5,87.3
cosmos__cosmos-sdk,756,289,cdxgen,0,0,0,756,0.0,0.0,0,0,289,0.0,0.0
cosmos__cosmos-sdk,756,289,cyclonedx-gomod,315,314,1,442,58.6,58.6,287,28,2,95.0,94.4
cosmtrek__air,199,19,syft,102,101,1,98,67.1,67.1,19,83,0,31.4,31.4
cosmtrek__air,199,19,trivy,28,27,1,172,23.8,23.8,19,9,0,80.9,80.9
cosmtrek__air,199,19,cdxgen,19,19,0,180,17.4,17.4,19,0,0,100.0,100.0
cosmtrek__air,199,19,cyclonedx-gomod,19,19,0,180,17.4,17.4,19,0,0,100.0,100.0
cossacklabs__acra,367,110,syft,146,146,0,221,56.9,56.1,110,36,0,85.9,84.4
cossacklabs__acra,367,110,trivy,125,125,0,242,50.8,50.0,110,15,0,93.6,91.9
cossacklabs__acra,367,110,cdxgen,110,110,0,257,46.1,45.3,110,0,0,100.0,98.2
cossacklabs__acra,367,110,cyclonedx-gomod,120,120,0,247,49.3,49.3,110,10,0,95.7,95.7
couchbase__go-couchbase,0,10,syft,28,0,28,0,0.0,0.0,10,18,0,52.6,47.4
couchbase__go-couchbase,0,10,trivy,28,0,28,0,0.0,0.0,10,18,0,52.6,47.4
couchbase__go-couchbase,0,10,cdxgen,10,0,10,0,0.0,0.0,10,0,0,100.0,90.0
couchbase__go-couchbase,0,10,cyclonedx-gomod,10,0,10,0,0.0,0.0,10,0,0,100.0,100.0
couchbase__gocb,59,23,syft,39,39,0,20,79.6,79.6,23,16,0,74.2,74.2
couchbase__gocb,59,23,trivy,29,29,0,30,65.9,65.9,23,6,0,88.5,88.5
couchbase__gocb,59,23,cdxgen,23,23,0,36,56.1,56.1,23,0,0,100.0,100.0
couchbase__gocb,59,23,cyclonedx-gomod,23,23,0,36,56.1,56.1,23,0,0,100.0,100.0
couchbase__moss,4,3,syft,4,4,0,0,100.0,100.0,3,1,0,85.7,85.7
couchbase__moss,4,3,trivy,4,4,0,0,100.0,100.0,3,1,0,85.7,85.7
couchbase__moss,4,3,cdxgen,3,3,0,1,85.7,85.7,3,0,0,100.0,100.0
couchbase__moss,4,3,cyclonedx-gomod,4,4,0,0,100.0,100.0,3,1,0,85.7,85.7
create-go-app__cli,64,28,syft,50,50,0,14,87.7,87.7,28,22,0,71.8,71.8
create-go-app__cli,64,28,trivy,30,30,0,34,63.8,63.8,28,2,0,96.6,96.6
create-go-app__cli,64,28,cdxgen,28,28,0,36,60.9,60.9,28,0,0,100.0,100.0
create-go-app__cli,64,28,cyclonedx-gomod,30,30,0,34,63.8,63.8,28,2,0,96.6,96.6
cristalhq__aconfig,1,1,syft,11,1,10,0,16.7,16.7,1,10,0,16.7,16.7
cristalhq__aconfig,1,1,trivy,11,1,10,0,16.7,16.7,1,10,0,16.7,16.7
cristalhq__aconfig,1,1,cdxgen,5,1,4,0,33.3,33.3,1,4,0,33.3,33.3
cristalhq__aconfig,1,1,cyclonedx-gomod,1,1,0,0,100.0,100.0,1,0,0,100.0,100.0
cshum__imagor,290,86,syft,139,139,0,151,64.8,64.8,86,53,0,76.4,76.4
cshum__imagor,290,86,trivy,101,101,0,189,51.7,51.7,86,15,0,92.0,92.0
cshum__imagor,290,86,cdxgen,86,86,0,204,45.7,45.7,86,0,0,100.0,100.0
cshum__imagor,290,86,cyclonedx-gomod,87,87,0,203,46.2,46.2,86,1,0,99.4,99.4
cswank__kcli,43,30,syft,19,14,5,29,45.2,38.7,13,6,17,53.1,49.0
cswank__kcli,43,30,trivy,53,43,10,0,89.6,62.5,30,23,0,72.3,43.4
cswank__kcli,43,30,cdxgen,31,27,4,16,73.0,70.3,30,1,0,98.4,95.1
cswank__kcli,43,30,cyclonedx-gomod,30,27,3,16,74.0,74.0,30,0,0,100.0,100.0
ctreminiom__go-atlassian,13,11,syft,13,13,0,0,100.0,100.0,11,2,0,91.7,91.7
ctreminiom__go-atlassian,13,11,trivy,11,11,0,2,91.7,91.7,11,0,0,100.0,100.0
ctreminiom__go-atlassian,13,11,cdxgen,11,11,0,2,91.7,91.7,11,0,0,100.0,100.0
ctreminiom__go-atlassian,13,11,cyclonedx-gomod,10,10,0,3,87.0,87.0,10,0,1,95.2,95.2
cucumber__godog,23,12,syft,23,17,6,6,73.9,69.6,12,11,0,68.6,62.9
cucumber__godog,23,12,trivy,38,23,15,0,75.4,72.1,12,26,0,48.0,44.0
cucumber__godog,23,12,cdxgen,14,12,2,11,64.9,59.5,12,2,0,92.3,84.6
cucumber__godog,23,12,cyclonedx-gomod,10,10,0,13,60.6,60.6,9,1,3,81.8,81.8
cweill__gotests,8,3,syft,4,4,0,4,66.7,66.7,3,1,0,85.7,85.7
cweill__gotests,8,3,trivy,3,3,0,5,54.5,54.5,3,0,0,100.0,100.0
cweill__gotests,8,3,cdxgen,3,3,0,5,54.5,54.5,3,0,0,100.0,100.0
cweill__gotests,8,3,cyclonedx-gomod,3,3,0,5,54.5,54.5,3,0,0,100.0,100.0
cybergarage__go-job,137,48,syft,74,74,0,63,70.1,70.1,48,26,0,78.7,78.7
cybergarage__go-job,137,48,trivy,50,50,0,87,53.5,53.5,48,2,0,98.0,98.0
cybergarage__go-job,137,48,cdxgen,48,48,0,89,51.9,51.9,48,0,0,100.0,100.0
cybergarage__go-job,137,48,cyclonedx-gomod,49,49,0,88,52.7,52.7,48,1,0,99.0,99.0
cybertec-postgresql__pg_timetable,111,69,syft,95,95,0,16,92.2,91.3,69,26,0,84.1,82.9
cybertec-postgresql__pg_timetable,111,69,trivy,78,78,0,33,82.5,81.5,69,9,0,93.9,92.5
cybertec-postgresql__pg_timetable,111,69,cdxgen,69,69,0,42,76.7,75.6,69,0,0,100.0,98.6
cybertec-postgresql__pg_timetable,111,69,cyclonedx-gomod,74,74,0,37,80.0,80.0,66,8,3,92.3,92.3
cyruzin__golang-tmdb,7,1,syft,6,6,0,1,92.3,92.3,1,5,0,28.6,28.6
cyruzin__golang-tmdb,7,1,trivy,5,5,0,2,83.3,83.3,1,4,0,33.3,33.3
cyruzin__golang-tmdb,7,1,cdxgen,1,1,0,6,25.0,25.0,1,0,0,100.0,100.0
cyruzin__golang-tmdb,7,1,cyclonedx-gomod,1,1,0,6,25.0,25.0,1,0,0,100.0,100.0
cyucelen__marker,10,4,syft,9,9,0,1,94.7,94.7,4,5,0,61.5,61.5
cyucelen__marker,10,4,trivy,10,10,0,0,100.0,100.0,4,6,0,57.1,57.1
cyucelen__marker,10,4,cdxgen,4,4,0,6,57.1,57.1,4,0,0,100.0,100.0
cyucelen__marker,10,4,cyclonedx-gomod,4,4,0,6,57.1,57.1,4,0,0,100.0,100.0
cyucelen__walker,45,3,syft,24,24,0,21,69.6,66.7,3,21,0,22.2,22.2
cyucelen__walker,45,3,trivy,20,20,0,25,61.5,58.5,3,17,0,26.1,26.1
cyucelen__walker,45,3,cdxgen,3,3,0,42,12.5,12.5,3,0,0,100.0,100.0
cyucelen__walker,45,3,cyclonedx-gomod,3,3,0,42,12.5,12.5,3,0,0,100.0,100.0
dagu-go__dagu,904,286,syft,583,566,17,338,76.1,69.4,286,297,0,65.8,55.2
dagu-go__dagu,904,286,trivy,499,499,0,405,71.1,71.0,286,213,0,72.9,72.6
dagu-go__dagu,904,286,cdxgen,286,286,0,618,48.1,47.9,286,0,0,100.0,99.7
dagu-go__dagu,904,286,cyclonedx-gomod,498,498,0,406,71.0,71.0,285,213,1,72.7,72.7
dancannon__gorethink,29,14,syft,18,18,0,11,76.6,76.6,14,4,0,87.5,87.5
dancannon__gorethink,29,14,trivy,17,17,0,12,73.9,73.9,14,3,0,90.3,90.3
dancannon__gorethink,29,14,cdxgen,14,14,0,15,65.1,65.1,14,0,0,100.0,100.0
dancannon__gorethink,29,14,cyclonedx-gomod,14,14,0,15,65.1,65.1,14,0,0,100.0,100.0
danielgtaylor__huma,92,47,syft,75,72,3,20,86.2,86.2,47,28,0,77.0,77.0
danielgtaylor__huma,92,47,trivy,68,65,3,27,81.3,81.3,47,21,0,81.7,81.7
danielgtaylor__huma,92,47,cdxgen,49,47,2,45,66.7,66.7,47,2,0,97.9,97.9
danielgtaylor__huma,92,47,cyclonedx-gomod,58,58,0,34,77.3,77.3,46,12,1,87.6,87.6
datarootsio__tf-profile,19,7,syft,16,16,0,3,91.4,91.4,7,9,0,60.9,60.9
datarootsio__tf-profile,19,7,trivy,12,12,0,7,77.4,77.4,7,5,0,73.7,73.7
datarootsio__tf-profile,19,7,cdxgen,7,7,0,12,53.8,53.8,7,0,0,100.0,100.0
datarootsio__tf-profile,19,7,cyclonedx-gomod,8,8,0,11,59.3,59.3,7,1,0,93.3,93.3
daveshanley__vacuum,239,95,syft,127,126,1,113,68.9,62.3,95,32,0,85.6,75.7
daveshanley__vacuum,239,95,trivy,102,101,1,138,59.2,52.8,95,7,0,96.4,85.3
daveshanley__vacuum,239,95,cdxgen,95,95,0,144,56.9,56.3,95,0,0,100.0,98.9
daveshanley__vacuum,239,95,cyclonedx-gomod,97,97,0,142,57.7,57.7,95,2,0,99.0,99.0
davidbyttow__govips,18,3,syft,10,10,0,8,71.4,71.4,3,7,0,46.2,46.2
davidbyttow__govips,18,3,trivy,9,9,0,9,66.7,66.7,3,6,0,50.0,50.0
davidbyttow__govips,18,3,cdxgen,3,3,0,15,28.6,28.6,3,0,0,100.0,100.0
davidbyttow__govips,18,3,cyclonedx-gomod,3,3,0,15,28.6,28.6,3,0,0,100.0,100.0
davrodpin__mole,52,17,syft,30,30,0,22,73.2,70.7,17,13,0,72.3,68.1
davrodpin__mole,52,17,trivy,52,52,0,0,100.0,94.2,17,35,0,49.3,46.4
davrodpin__mole,52,17,cdxgen,17,17,0,35,49.3,46.4,17,0,0,100.0,94.1
davrodpin__mole,52,17,cyclonedx-gomod,20,20,0,32,55.6,55.6,17,3,0,91.9,91.9
ddddddO__gtree,15,8,syft,16,13,3,2,83.9,58.1,8,8,0,66.7,33.3
ddddddO__gtree,15,8,trivy,12,9,3,6,66.7,37.0,8,4,0,80.0,40.0
ddddddO__gtree,15,8,cdxgen,8,8,0,7,69.6,69.6,8,0,0,100.0,100.0
ddddddO__gtree,15,8,cyclonedx-gomod,8,8,0,7,69.6,69.6,8,0,0,100.0,100.0
ddosify__alaz,324,115,syft,159,131,28,193,54.2,53.4,108,51,7,78.8,76.6
ddosify__alaz,324,115,trivy,126,119,7,205,52.9,52.4,108,18,7,89.6,88.0
ddosify__alaz,324,115,cdxgen,115,115,0,209,52.4,48.3,115,0,0,100.0,99.1
ddosify__alaz,324,115,cyclonedx-gomod,119,112,7,212,50.6,50.6,106,13,9,90.6,89.7
deatil__go-jwt,5,2,syft,2,2,0,3,57.1,57.1,2,0,0,100.0,100.0
deatil__go-jwt,5,2,trivy,2,2,0,3,57.1,57.1,2,0,0,100.0,100.0
deatil__go-jwt,5,2,cdxgen,2,2,0,3,57.1,57.1,2,0,0,100.0,100.0
deatil__go-jwt,5,2,cyclonedx-gomod,2,2,0,3,57.1,57.1,2,0,0,100.0,100.0
deckarep__golang-set,13,1,syft,3,3,0,10,37.5,37.5,1,2,0,50.0,50.0
deckarep__golang-set,13,1,trivy,13,13,0,0,100.0,100.0,1,12,0,14.3,14.3
deckarep__golang-set,13,1,cdxgen,1,1,0,12,14.3,14.3,1,0,0,100.0,100.0
deckarep__golang-set,13,1,cyclonedx-gomod,1,1,0,12,14.3,14.3,1,0,0,100.0,100.0
deepaksinghvi__cdule,123,34,syft,51,51,0,72,58.6,57.5,34,17,0,80.0,80.0
deepaksinghvi__cdule,123,34,trivy,43,43,0,80,51.8,51.8,34,9,0,88.3,88.3
deepaksinghvi__cdule,123,34,cdxgen,34,34,0,89,43.3,43.3,34,0,0,100.0,100.0
deepaksinghvi__cdule,123,34,cyclonedx-gomod,34,34,0,89,43.3,43.3,34,0,0,100.0,100.0
deepmap__oapi-codegen,54,16,syft,154,39,115,15,37.5,33.7,16,138,0,18.8,18.8
deepmap__oapi-codegen,54,16,trivy,119,25,94,29,28.9,25.4,16,103,0,23.7,23.7
deepmap__oapi-codegen,54,16,cdxgen,97,21,76,33,27.8,23.8,16,81,0,28.3,28.3
deepmap__oapi-codegen,54,16,cyclonedx-gomod,16,16,0,38,45.7,45.7,16,0,0,100.0,100.0
denisenkom__go-mssqldb,21,14,syft,20,14,6,7,68.3,43.9,14,6,0,82.4,82.4
denisenkom__go-mssqldb,21,14,trivy,32,21,11,0,79.2,45.3,14,18,0,60.9,60.9
denisenkom__go-mssqldb,21,14,cdxgen,14,9,5,12,51.4,34.3,14,0,0,100.0,100.0
denisenkom__go-mssqldb,21,14,cyclonedx-gomod,15,9,6,12,50.0,33.3,14,1,0,96.6,96.6
dennwc__dom,34,25,syft,40,32,8,2,86.5,73.0,25,15,0,76.9,70.8
dennwc__dom,34,25,trivy,52,34,18,0,79.1,67.4,25,27,0,64.9,59.7
dennwc__dom,34,25,cdxgen,30,26,4,8,81.3,71.9,25,5,0,90.9,83.6
dennwc__dom,34,25,cyclonedx-gomod,28,27,1,7,87.1,87.1,24,4,1,90.6,90.6
derailed__k9s,920,370,syft,492,492,0,428,69.7,68.8,370,122,0,85.8,84.9
derailed__k9s,920,370,trivy,386,386,0,534,59.1,58.3,370,16,0,97.9,96.8
derailed__k9s,920,370,cdxgen,370,370,0,550,57.4,56.7,370,0,0,100.0,98.9
derailed__k9s,920,370,cyclonedx-gomod,379,379,0,541,58.4,58.4,368,11,2,98.3,98.3
derekparker__delve,37,19,syft,30,30,0,7,89.6,89.6,19,11,0,77.6,77.6
derekparker__delve,37,19,trivy,22,22,0,15,74.6,74.6,19,3,0,92.7,92.7
derekparker__delve,37,19,cdxgen,22,22,0,15,74.6,74.6,19,3,0,92.7,92.7
derekparker__delve,37,19,cyclonedx-gomod,21,21,0,16,72.4,72.4,19,2,0,95.0,95.0
dghubble__gologin,74,34,syft,54,47,7,27,73.4,46.9,34,20,0,77.3,45.5
dghubble__gologin,74,34,trivy,43,37,6,37,63.2,37.6,34,9,0,88.3,51.9
dghubble__gologin,74,34,cdxgen,42,37,5,37,63.8,62.1,34,8,0,89.5,89.5
dghubble__gologin,74,34,cyclonedx-gomod,34,34,0,40,63.0,63.0,34,0,0,100.0,100.0
dghubble__sling,2,1,syft,5,2,3,0,57.1,0.0,1,4,0,33.3,0.0
dghubble__sling,2,1,trivy,5,2,3,0,57.1,28.6,1,4,0,33.3,0.0
dghubble__sling,2,1,cdxgen,3,1,2,1,40.0,40.0,1,2,0,50.0,50.0
dghubble__sling,2,1,cyclonedx-gomod,1,1,0,1,66.7,66.7,1,0,0,100.0,100.0
dgraph-io__badger,35,18,syft,30,30,0,5,92.3,89.2,18,12,0,75.0,70.8
dgraph-io__badger,35,18,trivy,23,23,0,12,79.3,75.9,18,5,0,87.8,82.9
dgraph-io__badger,35,18,cdxgen,18,18,0,17,67.9,64.2,18,0,0,100.0,94.4
dgraph-io__badger,35,18,cyclonedx-gomod,19,19,0,16,70.4,70.4,18,1,0,97.3,97.3
dgraph-io__dgraph,349,157,syft,196,195,1,154,71.6,70.1,157,39,0,89.0,87.8
dgraph-io__dgraph,349,157,trivy,168,167,1,182,64.6,63.1,157,11,0,96.6,95.4
dgraph-io__dgraph,349,157,cdxgen,158,158,0,191,62.3,61.1,157,1,0,99.7,98.4
dgraph-io__dgraph,349,157,cyclonedx-gomod,159,159,0,190,62.6,62.6,156,3,1,98.7,98.7
dgraph-io__ristretto,10,3,syft,9,9,0,1,94.7,94.7,3,6,0,50.0,50.0
dgraph-io__ristretto,10,3,trivy,8,8,0,2,88.9,88.9,3,5,0,54.5,54.5
dgraph-io__ristretto,10,3,cdxgen,3,3,0,7,46.2,46.2,3,0,0,100.0,100.0
dgraph-io__ristretto,10,3,cyclonedx-gomod,3,3,0,7,46.2,46.2,3,0,0,100.0,100.0
didip__tollbooth,6,1,syft,6,6,0,0,100.0,100.0,1,5,0,28.6,28.6
didip__tollbooth,6,1,trivy,6,6,0,0,100.0,100.0,1,5,0,28.6,28.6
didip__tollbooth,6,1,cdxgen,1,1,0,5,28.6,28.6,1,0,0,100.0,100.0
didip__tollbooth,6,1,cyclonedx-gomod,1,1,0,5,28.6,28.6,1,0,0,100.0,100.0
dikhan__terraform-provider-openapi,221,65,syft,119,117,2,104,68.8,58.2,65,54,0,70.7,63.0
dikhan__terraform-provider-openapi,221,65,trivy,263,186,77,35,76.9,56.6,65,198,0,39.6,25.0
dikhan__terraform-provider-openapi,221,65,cdxgen,79,79,0,142,52.7,48.7,65,14,0,90.3,87.5
dikhan__terraform-provider-openapi,221,65,cyclonedx-gomod,66,66,0,155,46.0,46.0,65,1,0,99.2,99.2
dimiro1__banner,4,4,syft,4,4,0,0,100.0,100.0,4,0,0,100.0,100.0
dimiro1__banner,4,4,trivy,4,4,0,0,100.0,100.0,4,0,0,100.0,100.0
dimiro1__banner,4,4,cdxgen,4,4,0,0,100.0,100.0,4,0,0,100.0,100.0
dimiro1__banner,4,4,cyclonedx-gomod,4,4,0,0,100.0,100.0,4,0,0,100.0,100.0
dimiro1__health,4,1,syft,4,4,0,0,100.0,75.0,1,3,0,40.0,40.0
dimiro1__health,4,1,trivy,4,4,0,0,100.0,75.0,1,3,0,40.0,40.0
dimiro1__health,4,1,cdxgen,1,1,0,3,40.0,40.0,1,0,0,100.0,100.0
dimiro1__health,4,1,cyclonedx-gomod,1,1,0,3,40.0,40.0,1,0,0,100.0,100.0
dimuska139__rawg-sdk-go,8,1,syft,7,7,0,1,93.3,93.3,1,6,0,25.0,25.0
dimuska139__rawg-sdk-go,8,1,trivy,8,8,0,0,100.0,100.0,1,7,0,22.2,22.2
dimuska139__rawg-sdk-go,8,1,cdxgen,1,1,0,7,22.2,22.2,1,0,0,100.0,100.0
dimuska139__rawg-sdk-go,8,1,cyclonedx-gomod,1,1,0,7,22.2,22.2,1,0,0,100.0,100.0
dinakars777__moody,29,3,syft,4,4,0,25,24.2,24.2,3,1,0,85.7,85.7
dinakars777__moody,29,3,trivy,4,4,0,25,24.2,24.2,3,1,0,85.7,85.7
dinakars777__moody,29,3,cdxgen,4,4,0,25,24.2,24.2,3,1,0,85.7,85.7
dinakars777__moody,29,3,cyclonedx-gomod,4,4,0,25,24.2,24.2,3,1,0,85.7,85.7
disintegration__imaging,2,1,syft,2,2,0,0,100.0,100.0,1,1,0,66.7,66.7
disintegration__imaging,2,1,trivy,2,2,0,0,100.0,100.0,1,1,0,66.7,66.7
disintegration__imaging,2,1,cdxgen,1,1,0,1,66.7,66.7,1,0,0,100.0,100.0
disintegration__imaging,2,1,cyclonedx-gomod,1,1,0,1,66.7,66.7,1,0,0,100.0,100.0
dixonwille__wlog,10,1,syft,9,9,0,1,94.7,94.7,1,8,0,20.0,20.0
dixonwille__wlog,10,1,trivy,10,10,0,0,100.0,100.0,1,9,0,18.2,18.2
dixonwille__wlog,10,1,cdxgen,1,1,0,9,18.2,18.2,1,0,0,100.0,100.0
dixonwille__wlog,10,1,cyclonedx-gomod,1,1,0,9,18.2,18.2,1,0,0,100.0,100.0
dixonwille__wmenu,13,4,syft,12,12,0,1,96.0,96.0,4,8,0,50.0,50.0
dixonwille__wmenu,13,4,trivy,13,13,0,0,100.0,100.0,4,9,0,47.1,47.1
dixonwille__wmenu,13,4,cdxgen,4,4,0,9,47.1,47.1,4,0,0,100.0,100.0
dixonwille__wmenu,13,4,cyclonedx-gomod,4,4,0,9,47.1,47.1,4,0,0,100.0,100.0
dnaeon__go-vcr,1,1,syft,1,1,0,0,100.0,100.0,1,0,0,100.0,100.0
dnaeon__go-vcr,1,1,trivy,1,1,0,0,100.0,100.0,1,0,0,100.0,100.0
dnaeon__go-vcr,1,1,cdxgen,1,1,0,0,100.0,100.0,1,0,0,100.0,100.0
dnaeon__go-vcr,1,1,cyclonedx-gomod,1,1,0,0,100.0,100.0,1,0,0,100.0,100.0
dnnrly__abbreviate,172,2,syft,19,19,0,153,19.9,18.8,2,17,0,19.0,19.0
dnnrly__abbreviate,172,2,trivy,15,15,0,157,16.0,15.0,2,13,0,23.5,23.5
dnnrly__abbreviate,172,2,cdxgen,2,2,0,170,2.3,2.3,2,0,0,100.0,100.0
dnnrly__abbreviate,172,2,cyclonedx-gomod,3,3,0,169,3.4,3.4,2,1,0,80.0,80.0
dnnrly__hoofli,218,9,syft,32,32,0,186,25.6,24.0,9,23,0,43.9,43.9
dnnrly__hoofli,218,9,trivy,218,218,0,0,100.0,95.9,9,209,0,7.9,7.9
dnnrly__hoofli,218,9,cdxgen,9,9,0,209,7.9,7.9,9,0,0,100.0,100.0
dnnrly__hoofli,218,9,cyclonedx-gomod,9,9,0,209,7.9,7.9,9,0,0,100.0,100.0
dnnrly__httpref,183,20,syft,38,38,0,145,34.4,32.6,20,18,0,69.0,69.0
dnnrly__httpref,183,20,trivy,183,183,0,0,100.0,97.3,20,163,0,19.7,19.7
dnnrly__httpref,183,20,cdxgen,20,20,0,163,19.7,19.7,20,0,0,100.0,100.0
dnnrly__httpref,183,20,cyclonedx-gomod,21,21,0,162,20.6,20.6,20,1,0,97.6,97.6
dnnrly__wait-for,66,10,syft,28,28,0,38,59.6,57.4,10,18,0,52.6,52.6
dnnrly__wait-for,66,10,trivy,66,66,0,0,100.0,98.5,10,56,0,26.3,26.3
dnnrly__wait-for,66,10,cdxgen,10,10,0,56,26.3,26.3,10,0,0,100.0,100.0
dnnrly__wait-for,66,10,cyclonedx-gomod,10,10,0,56,26.3,26.3,10,0,0,100.0,100.0
dnote__dnote,51,29,syft,40,40,0,11,87.9,85.7,29,11,0,84.1,81.2
dnote__dnote,51,29,trivy,34,34,0,17,80.0,77.6,29,5,0,92.1,88.9
dnote__dnote,51,29,cdxgen,29,29,0,22,72.5,70.0,29,0,0,100.0,96.6
dnote__dnote,51,29,cyclonedx-gomod,31,31,0,20,75.6,75.6,29,2,0,96.7,96.7
documize__community,80,39,syft,59,59,0,21,84.9,82.0,39,20,0,79.6,75.5
documize__community,80,39,trivy,42,42,0,38,68.9,65.6,39,3,0,96.3,91.4
documize__community,80,39,cdxgen,42,42,0,38,68.9,65.6,39,3,0,96.3,91.4
documize__community,80,39,cyclonedx-gomod,40,40,0,40,66.7,66.7,39,1,0,98.7,98.7
doganarif__govisual,86,36,syft,50,50,0,36,73.5,73.5,36,14,0,83.7,83.7
doganarif__govisual,86,36,trivy,36,36,0,50,59.0,59.0,36,0,0,100.0,100.0
doganarif__govisual,86,36,cdxgen,36,36,0,50,59.0,59.0,36,0,0,100.0,100.0
doganarif__govisual,86,36,cyclonedx-gomod,36,36,0,50,59.0,59.0,36,0,0,100.0,100.0
dominikh__go-tools,12,8,syft,10,9,1,3,81.8,81.8,8,2,0,88.9,88.9
dominikh__go-tools,12,8,trivy,9,8,1,4,76.2,76.2,8,1,0,94.1,94.1
dominikh__go-tools,12,8,cdxgen,8,8,0,4,80.0,80.0,8,0,0,100.0,100.0
dominikh__go-tools,12,8,cyclonedx-gomod,8,8,0,4,80.0,80.0,8,0,0,100.0,100.0
donatj__mpo,2,1,syft,1,1,0,1,66.7,66.7,1,0,0,100.0,100.0
donatj__mpo,2,1,trivy,2,2,0,0,100.0,100.0,1,1,0,66.7,66.7
donatj__mpo,2,1,cdxgen,1,1,0,1,66.7,66.7,1,0,0,100.0,100.0
donatj__mpo,2,1,cyclonedx-gomod,1,1,0,1,66.7,66.7,1,0,0,100.0,100.0
doors-dev__doors,46,16,syft,21,21,0,25,62.7,62.7,16,5,0,86.5,86.5
doors-dev__doors,46,16,trivy,16,16,0,30,51.6,51.6,16,0,0,100.0,100.0
doors-dev__doors,46,16,cdxgen,16,16,0,30,51.6,51.6,16,0,0,100.0,100.0
doors-dev__doors,46,16,cyclonedx-gomod,16,16,0,30,51.6,51.6,16,0,0,100.0,100.0
doors-dev__gox,67,21,syft,46,46,0,21,81.4,81.4,21,25,0,62.7,62.7
doors-dev__gox,67,21,trivy,21,21,0,46,47.7,47.7,21,0,0,100.0,100.0
doors-dev__gox,67,21,cdxgen,21,21,0,46,47.7,47.7,21,0,0,100.0,100.0
doors-dev__gox,67,21,cyclonedx-gomod,21,21,0,46,47.7,47.7,21,0,0,100.0,100.0
dop251__goja,19,5,syft,7,7,0,12,53.8,46.2,5,2,0,83.3,66.7
dop251__goja,19,5,trivy,19,19,0,0,100.0,94.7,5,14,0,41.7,33.3
dop251__goja,19,5,cdxgen,5,5,0,14,41.7,33.3,5,0,0,100.0,80.0
dop251__goja,19,5,cyclonedx-gomod,5,5,0,14,41.7,41.7,5,0,0,100.0,100.0
dotchain__dot,13,4,syft,15,9,6,4,64.3,57.1,4,11,0,42.1,42.1
dotchain__dot,13,4,trivy,27,12,15,1,60.0,55.0,4,23,0,25.8,25.8
dotchain__dot,13,4,cdxgen,4,4,0,9,47.1,47.1,4,0,0,100.0,100.0
dotchain__dot,13,4,cyclonedx-gomod,0,0,0,13,0.0,0.0,0,0,4,0.0,0.0
doug-martin__goqu,26,5,syft,14,14,0,12,70.0,70.0,5,9,0,52.6,52.6
doug-martin__goqu,26,5,trivy,13,13,0,13,66.7,66.7,5,8,0,55.6,55.6
doug-martin__goqu,26,5,cdxgen,13,13,0,13,66.7,66.7,5,8,0,55.6,55.6
doug-martin__goqu,26,5,cyclonedx-gomod,5,5,0,21,32.3,32.3,5,0,0,100.0,100.0
dragonflyoss__Dragonfly2,611,193,syft,265,265,0,346,60.5,59.6,193,72,0,84.3,83.0
dragonflyoss__Dragonfly2,611,193,trivy,219,219,0,392,52.8,52.0,193,26,0,93.7,92.2
dragonflyoss__Dragonfly2,611,193,cdxgen,193,193,0,418,48.0,47.3,193,0,0,100.0,98.4
dragonflyoss__Dragonfly2,611,193,cyclonedx-gomod,211,211,0,400,51.3,51.3,193,18,0,95.5,95.5
drakkan__sftpgo,522,149,syft,208,195,13,327,53.4,50.4,148,60,1,82.9,79.0
drakkan__sftpgo,522,149,trivy,181,168,13,354,47.8,46.9,148,33,1,89.7,88.5
drakkan__sftpgo,522,149,cdxgen,153,149,4,373,44.1,43.9,149,4,0,98.7,98.7
drakkan__sftpgo,522,149,cyclonedx-gomod,159,158,1,364,46.4,46.4,147,12,2,95.5,95.5
drewstinnett__go-output-format,2,1,syft,2,2,0,0,100.0,100.0,1,1,0,66.7,66.7
drewstinnett__go-output-format,2,1,trivy,2,2,0,0,100.0,100.0,1,1,0,66.7,66.7
drewstinnett__go-output-format,2,1,cdxgen,1,1,0,1,66.7,66.7,1,0,0,100.0,100.0
drewstinnett__go-output-format,2,1,cyclonedx-gomod,1,1,0,1,66.7,66.7,1,0,0,100.0,100.0
drone__drone,778,202,syft,269,268,1,510,51.2,50.2,202,67,0,85.8,84.1
drone__drone,778,202,trivy,213,213,0,565,43.0,42.2,202,11,0,97.3,95.4
drone__drone,778,202,cdxgen,214,213,1,565,42.9,42.1,202,12,0,97.1,95.2
drone__drone,778,202,cyclonedx-gomod,207,207,0,571,42.0,42.0,201,6,1,98.3,98.3
dropbox__godropbox,17,8,syft,10,10,0,7,74.1,74.1,8,2,0,88.9,88.9
dropbox__godropbox,17,8,trivy,17,17,0,0,100.0,100.0,8,9,0,64.0,64.0
dropbox__godropbox,17,8,cdxgen,8,8,0,9,64.0,64.0,8,0,0,100.0,100.0
dropbox__godropbox,17,8,cyclonedx-gomod,8,8,0,9,64.0,64.0,8,0,0,100.0,100.0
dsbasko__go-cfg,10,5,syft,9,9,0,1,94.7,94.7,5,4,0,71.4,71.4
dsbasko__go-cfg,10,5,trivy,8,8,0,2,88.9,88.9,5,3,0,76.9,76.9
dsbasko__go-cfg,10,5,cdxgen,5,5,0,5,66.7,66.7,5,0,0,100.0,100.0
dsbasko__go-cfg,10,5,cyclonedx-gomod,5,5,0,5,66.7,66.7,5,0,0,100.0,100.0
dtgorski__typex,6,3,syft,4,4,0,2,80.0,80.0,3,1,0,85.7,85.7
dtgorski__typex,6,3,trivy,3,3,0,3,66.7,66.7,3,0,0,100.0,100.0
dtgorski__typex,6,3,cdxgen,3,3,0,3,66.7,66.7,3,0,0,100.0,100.0
dtgorski__typex,6,3,cyclonedx-gomod,3,3,0,3,66.7,66.7,3,0,0,100.0,100.0
dtylman__gowd,8,1,syft,4,4,0,4,66.7,66.7,1,3,0,40.0,40.0
dtylman__gowd,8,1,trivy,4,4,0,4,66.7,66.7,1,3,0,40.0,40.0
dtylman__gowd,8,1,cdxgen,1,1,0,7,22.2,22.2,1,0,0,100.0,100.0
dtylman__gowd,8,1,cyclonedx-gomod,1,1,0,7,22.2,22.2,1,0,0,100.0,100.0
duke-git__lancet,6,2,syft,2,2,0,4,50.0,50.0,2,0,0,100.0,100.0
duke-git__lancet,6,2,trivy,6,6,0,0,100.0,100.0,2,4,0,50.0,50.0
duke-git__lancet,6,2,cdxgen,2,2,0,4,50.0,50.0,2,0,0,100.0,100.0
duke-git__lancet,6,2,cyclonedx-gomod,2,2,0,4,50.0,50.0,2,0,0,100.0,100.0
dundee__gdu,78,39,syft,65,65,0,13,90.9,89.5,39,26,0,75.0,73.1
dundee__gdu,78,39,trivy,44,44,0,34,72.1,70.5,39,5,0,94.0,91.6
dundee__gdu,78,39,cdxgen,39,39,0,39,66.7,65.0,39,0,0,100.0,97.4
dundee__gdu,78,39,cyclonedx-gomod,41,41,0,37,68.9,68.9,39,2,0,97.5,97.5
dunglas__frankenphp,91,41,syft,261,77,184,14,43.8,41.5,41,220,0,27.2,26.5
dunglas__frankenphp,91,41,trivy,209,70,139,21,46.7,44.7,41,168,0,32.8,32.8
dunglas__frankenphp,91,41,cdxgen,193,58,135,33,40.8,39.4,41,152,0,35.0,35.0
dunglas__frankenphp,91,41,cyclonedx-gomod,53,53,0,38,73.6,73.6,41,12,0,87.2,87.2
dunglas__mercure,83,28,syft,240,70,170,13,43.3,40.2,28,212,0,20.9,20.9
dunglas__mercure,83,28,trivy,188,61,127,22,45.0,41.3,28,160,0,25.9,25.9
dunglas__mercure,83,28,cdxgen,173,50,123,33,39.1,36.7,28,145,0,27.9,27.9
dunglas__mercure,83,28,cyclonedx-gomod,41,41,0,42,66.1,66.1,24,17,4,69.6,69.6
dustinblackman__gomodrun,43,6,syft,447,35,412,8,14.3,9.0,6,441,0,2.6,2.2
dustinblackman__gomodrun,43,6,trivy,446,32,414,11,13.1,7.8,6,440,0,2.7,2.2
dustinblackman__gomodrun,43,6,cdxgen,445,32,413,11,13.1,7.0,6,439,0,2.7,2.7
dustinblackman__gomodrun,43,6,cyclonedx-gomod,7,7,0,36,28.0,28.0,6,1,0,92.3,92.3
dwin__goArgonPass,15,2,syft,9,9,0,6,75.0,75.0,2,7,0,36.4,36.4
dwin__goArgonPass,15,2,trivy,15,15,0,0,100.0,100.0,2,13,0,23.5,23.5
dwin__goArgonPass,15,2,cdxgen,2,2,0,13,23.5,23.5,2,0,0,100.0,100.0
dwin__goArgonPass,15,2,cyclonedx-gomod,2,2,0,13,23.5,23.5,2,0,0,100.0,100.0
dwin__goSecretBoxPassword,8,2,syft,8,8,0,0,100.0,100.0,2,6,0,40.0,40.0
dwin__goSecretBoxPassword,8,2,trivy,8,8,0,0,100.0,100.0,2,6,0,40.0,40.0
dwin__goSecretBoxPassword,8,2,cdxgen,4,4,0,4,66.7,66.7,2,2,0,66.7,66.7
dwin__goSecretBoxPassword,8,2,cyclonedx-gomod,2,2,0,6,40.0,40.0,2,0,0,100.0,100.0
e-XpertSolutions__go-cluster,14,1,syft,2,2,0,12,25.0,25.0,1,1,0,66.7,66.7
e-XpertSolutions__go-cluster,14,1,trivy,14,14,0,0,100.0,100.0,1,13,0,13.3,13.3
e-XpertSolutions__go-cluster,14,1,cdxgen,1,1,0,13,13.3,13.3,1,0,0,100.0,100.0
e-XpertSolutions__go-cluster,14,1,cyclonedx-gomod,1,1,0,13,13.3,13.3,1,0,0,100.0,100.0
e154__smart-home,750,139,syft,189,189,0,561,40.3,39.0,139,50,0,84.8,81.7
e154__smart-home,750,139,trivy,171,171,0,579,37.1,35.8,139,32,0,89.7,86.5
e154__smart-home,750,139,cdxgen,171,171,0,579,37.1,35.8,139,32,0,89.7,86.5
e154__smart-home,750,139,cyclonedx-gomod,166,166,0,584,36.2,36.2,139,27,0,91.1,91.1
eaburns__Watch,3,3,syft,3,3,0,0,100.0,100.0,3,0,0,100.0,100.0
eaburns__Watch,3,3,trivy,3,3,0,0,100.0,100.0,3,0,0,100.0,100.0
eaburns__Watch,3,3,cdxgen,3,3,0,0,100.0,100.0,3,0,0,100.0,100.0
eaburns__Watch,3,3,cyclonedx-gomod,3,3,0,0,100.0,100.0,3,0,0,100.0,100.0
editorconfig__editorconfig-core-go,10,3,syft,7,7,0,3,82.4,82.4,3,4,0,60.0,60.0
editorconfig__editorconfig-core-go,10,3,trivy,10,10,0,0,100.0,100.0,3,7,0,46.2,46.2
editorconfig__editorconfig-core-go,10,3,cdxgen,3,3,0,7,46.2,46.2,3,0,0,100.0,100.0
editorconfig__editorconfig-core-go,10,3,cyclonedx-gomod,3,3,0,7,46.2,46.2,3,0,0,100.0,100.0
eduardonunesp__sslb,14,7,syft,12,12,0,2,92.3,92.3,7,5,0,73.7,73.7
eduardonunesp__sslb,14,7,trivy,9,9,0,5,78.3,78.3,7,2,0,87.5,87.5
eduardonunesp__sslb,14,7,cdxgen,7,7,0,7,66.7,66.7,7,0,0,100.0,100.0
eduardonunesp__sslb,14,7,cyclonedx-gomod,8,8,0,6,72.7,72.7,7,1,0,93.3,93.3
eduncan911__podcast,7,1,syft,6,6,0,1,92.3,76.9,1,5,0,28.6,28.6
eduncan911__podcast,7,1,trivy,7,7,0,0,100.0,85.7,1,6,0,25.0,25.0
eduncan911__podcast,7,1,cdxgen,5,5,0,2,83.3,83.3,1,4,0,33.3,33.3
eduncan911__podcast,7,1,cyclonedx-gomod,1,1,0,6,25.0,25.0,1,0,0,100.0,100.0
edwingeng__doublejump,1,1,syft,2,1,1,0,66.7,66.7,1,1,0,66.7,66.7
edwingeng__doublejump,1,1,trivy,2,1,1,0,66.7,66.7,1,1,0,66.7,66.7
edwingeng__doublejump,1,1,cdxgen,1,1,0,0,100.0,100.0,1,0,0,100.0,100.0
edwingeng__doublejump,1,1,cyclonedx-gomod,1,1,0,0,100.0,100.0,1,0,0,100.0,100.0
edwingeng__hotswap,172,16,syft,24,24,0,148,24.5,24.5,16,8,0,80.0,80.0
edwingeng__hotswap,172,16,trivy,17,17,0,155,18.0,18.0,16,1,0,97.0,97.0
edwingeng__hotswap,172,16,cdxgen,16,16,0,156,17.0,17.0,16,0,0,100.0,100.0
edwingeng__hotswap,172,16,cyclonedx-gomod,17,17,0,155,18.0,18.0,16,1,0,97.0,97.0
edwingeng__wuid,46,21,syft,38,38,0,8,90.5,88.1,21,17,0,71.2,67.8
edwingeng__wuid,46,21,trivy,23,23,0,23,66.7,63.8,21,2,0,95.5,90.9
edwingeng__wuid,46,21,cdxgen,21,21,0,25,62.7,59.7,21,0,0,100.0,95.2
edwingeng__wuid,46,21,cyclonedx-gomod,21,21,0,25,62.7,62.7,21,0,0,100.0,100.0
ekkinox__yai,121,44,syft,58,58,0,63,64.8,64.8,44,14,0,86.3,86.3
ekkinox__yai,121,44,trivy,52,52,0,69,60.1,60.1,44,8,0,91.7,91.7
ekkinox__yai,121,44,cdxgen,44,44,0,77,53.3,53.3,44,0,0,100.0,100.0
ekkinox__yai,121,44,cyclonedx-gomod,48,48,0,73,56.8,56.8,43,5,1,93.5,93.5
elC0mpa__aws-doctor,114,86,syft,93,92,1,22,88.9,88.9,86,7,0,96.1,96.1
elC0mpa__aws-doctor,114,86,trivy,91,89,2,25,86.8,86.8,86,5,0,97.2,97.2
elC0mpa__aws-doctor,114,86,cdxgen,86,86,0,28,86.0,86.0,86,0,0,100.0,100.0
elC0mpa__aws-doctor,114,86,cyclonedx-gomod,88,88,0,26,87.1,87.1,85,3,1,97.7,97.7
elastic__go-elasticsearch,19,7,syft,129,19,110,0,25.7,23.0,7,122,0,10.3,10.3
elastic__go-elasticsearch,19,7,trivy,119,14,105,5,20.3,18.8,7,112,0,11.1,11.1
elastic__go-elasticsearch,19,7,cdxgen,95,14,81,5,24.6,21.1,7,88,0,13.7,13.7
elastic__go-elasticsearch,19,7,cyclonedx-gomod,7,7,0,12,53.8,53.8,7,0,0,100.0,100.0
elazarl__goproxy,15,2,syft,13,8,5,7,57.1,42.9,2,11,0,26.7,0.0
elazarl__goproxy,15,2,trivy,12,7,5,8,51.9,51.9,2,10,0,28.6,28.6
elazarl__goproxy,15,2,cdxgen,6,3,3,12,28.6,28.6,2,4,0,50.0,50.0
elazarl__goproxy,15,2,cyclonedx-gomod,2,2,0,13,23.5,23.5,2,0,0,100.0,100.0
elgohr__go-localstack,116,62,syft,102,102,0,14,93.6,92.7,62,40,0,75.6,74.4
elgohr__go-localstack,116,62,trivy,81,81,0,35,82.2,81.2,62,19,0,86.7,85.3
elgohr__go-localstack,116,62,cdxgen,81,81,0,35,82.2,81.2,62,19,0,86.7,85.3
elgohr__go-localstack,116,62,cyclonedx-gomod,68,68,0,48,73.9,73.9,62,6,0,95.4,95.4
elgopher__pi,42,10,syft,22,22,0,20,68.8,68.8,10,12,0,62.5,62.5
elgopher__pi,42,10,trivy,21,21,0,21,66.7,66.7,10,11,0,64.5,64.5
elgopher__pi,42,10,cdxgen,10,10,0,32,38.5,38.5,10,0,0,100.0,100.0
elgopher__pi,42,10,cyclonedx-gomod,15,15,0,27,52.6,52.6,10,5,0,80.0,80.0
elgs__gojq,5,1,syft,5,5,0,0,100.0,100.0,1,4,0,33.3,33.3
elgs__gojq,5,1,trivy,5,5,0,0,100.0,100.0,1,4,0,33.3,33.3
elgs__gojq,5,1,cdxgen,1,1,0,4,33.3,33.3,1,0,0,100.0,100.0
elgs__gojq,5,1,cyclonedx-gomod,1,1,0,4,33.3,33.3,1,0,0,100.0,100.0
elithrar__simple-scrypt,5,1,syft,1,1,0,4,33.3,33.3,1,0,0,100.0,100.0
elithrar__simple-scrypt,5,1,trivy,5,5,0,0,100.0,100.0,1,4,0,33.3,33.3
elithrar__simple-scrypt,5,1,cdxgen,1,1,0,4,33.3,33.3,1,0,0,100.0,100.0
elithrar__simple-scrypt,5,1,cyclonedx-gomod,1,1,0,4,33.3,33.3,1,0,0,100.0,100.0
elliotwutingfeng__go-fasttld,32,13,syft,22,22,0,10,81.5,81.5,13,9,0,74.3,74.3
elliotwutingfeng__go-fasttld,32,13,trivy,17,17,0,15,69.4,69.4,13,4,0,86.7,86.7
elliotwutingfeng__go-fasttld,32,13,cdxgen,13,13,0,19,57.8,57.8,13,0,0,100.0,100.0
elliotwutingfeng__go-fasttld,32,13,cyclonedx-gomod,14,14,0,18,60.9,60.9,13,1,0,96.3,96.3
elves__elvish,14,7,syft,15,13,2,1,89.7,89.7,7,8,0,63.6,63.6
elves__elvish,14,7,trivy,16,14,2,0,93.3,93.3,7,9,0,60.9,60.9
elves__elvish,14,7,cdxgen,9,8,1,6,69.6,60.9,7,2,0,87.5,87.5
elves__elvish,14,7,cyclonedx-gomod,7,7,0,7,66.7,66.7,7,0,0,100.0,100.0
embano1__memlog,7,1,syft,4,4,0,3,72.7,72.7,1,3,0,40.0,40.0
embano1__memlog,7,1,trivy,4,4,0,3,72.7,72.7,1,3,0,40.0,40.0
embano1__memlog,7,1,cdxgen,1,1,0,6,25.0,25.0,1,0,0,100.0,100.0
embano1__memlog,7,1,cyclonedx-gomod,1,1,0,6,25.0,25.0,1,0,0,100.0,100.0
emersion__go-imap,12,2,syft,2,2,0,10,28.6,28.6,2,0,0,100.0,100.0
emersion__go-imap,12,2,trivy,12,12,0,0,100.0,100.0,2,10,0,28.6,28.6
emersion__go-imap,12,2,cdxgen,2,2,0,10,28.6,28.6,2,0,0,100.0,100.0
emersion__go-imap,12,2,cyclonedx-gomod,2,2,0,10,28.6,28.6,2,0,0,100.0,100.0
emersion__go-message,10,1,syft,1,1,0,9,18.2,18.2,1,0,0,100.0,100.0
emersion__go-message,10,1,trivy,10,10,0,0,100.0,100.0,1,9,0,18.2,18.2
emersion__go-message,10,1,cdxgen,1,1,0,9,18.2,18.2,1,0,0,100.0,100.0
emersion__go-message,10,1,cyclonedx-gomod,1,1,0,9,18.2,18.2,1,0,0,100.0,100.0
emicklei__mora,39,12,syft,20,20,0,19,67.8,67.8,12,8,0,75.0,75.0
emicklei__mora,39,12,trivy,39,39,0,0,100.0,100.0,12,27,0,47.1,47.1
emicklei__mora,39,12,cdxgen,12,12,0,27,47.1,47.1,12,0,0,100.0,100.0
emicklei__mora,39,12,cyclonedx-gomod,12,12,0,27,47.1,47.1,12,0,0,100.0,100.0
emitter-io__emitter,137,59,syft,78,78,0,59,72.6,71.6,59,19,0,86.1,84.7
emitter-io__emitter,137,59,trivy,60,60,0,77,60.9,59.9,59,1,0,99.2,97.5
emitter-io__emitter,137,59,cdxgen,59,59,0,78,60.2,59.2,59,0,0,100.0,98.3
emitter-io__emitter,137,59,cyclonedx-gomod,58,58,0,79,59.5,59.5,58,0,1,99.1,99.1
emperror__emperror,8,4,syft,7,7,0,1,93.3,93.3,4,3,0,72.7,72.7
emperror__emperror,8,4,trivy,8,8,0,0,100.0,100.0,4,4,0,66.7,66.7
emperror__emperror,8,4,cdxgen,4,4,0,4,66.7,66.7,4,0,0,100.0,100.0
emperror__emperror,8,4,cyclonedx-gomod,4,4,0,4,66.7,66.7,4,0,0,100.0,100.0
emperror__errors,7,3,syft,6,6,0,1,92.3,92.3,3,3,0,66.7,66.7
emperror__errors,7,3,trivy,7,7,0,0,100.0,100.0,3,4,0,60.0,60.0
emperror__errors,7,3,cdxgen,3,3,0,4,60.0,60.0,3,0,0,100.0,100.0
emperror__errors,7,3,cyclonedx-gomod,3,3,0,4,60.0,60.0,3,0,0,100.0,100.0
emvi__hide,1,1,syft,1,1,0,0,100.0,0.0,1,0,0,100.0,0.0
emvi__hide,1,1,trivy,1,1,0,0,100.0,0.0,1,0,0,100.0,0.0
emvi__hide,1,1,cdxgen,1,1,0,0,100.0,0.0,1,0,0,100.0,0.0
emvi__hide,1,1,cyclonedx-gomod,1,1,0,0,100.0,100.0,1,0,0,100.0,100.0
energye__energy,8,5,syft,7,7,0,1,93.3,93.3,5,2,0,83.3,83.3
energye__energy,8,5,trivy,8,8,0,0,100.0,100.0,5,3,0,76.9,76.9
energye__energy,8,5,cdxgen,7,7,0,1,93.3,93.3,5,2,0,83.3,83.3
energye__energy,8,5,cyclonedx-gomod,7,7,0,1,93.3,93.3,5,2,0,83.3,83.3
enetx__fsm,9,5,syft,6,6,0,3,80.0,80.0,5,1,0,90.9,90.9
enetx__fsm,9,5,trivy,5,5,0,4,71.4,71.4,5,0,0,100.0,100.0
enetx__fsm,9,5,cdxgen,5,5,0,4,71.4,71.4,5,0,0,100.0,100.0
enetx__fsm,9,5,cyclonedx-gomod,5,5,0,4,71.4,71.4,5,0,0,100.0,100.0
enetx__g,8,4,syft,5,5,0,3,76.9,76.9,4,1,0,88.9,88.9
enetx__g,8,4,trivy,8,8,0,0,100.0,100.0,4,4,0,66.7,66.7
enetx__g,8,4,cdxgen,4,4,0,4,66.7,66.7,4,0,0,100.0,100.0
enetx__g,8,4,cyclonedx-gomod,4,4,0,4,66.7,66.7,4,0,0,100.0,100.0
enetx__surf,29,15,syft,21,21,0,8,84.0,84.0,15,6,0,83.3,83.3
enetx__surf,29,15,trivy,15,15,0,14,68.2,68.2,15,0,0,100.0,100.0
enetx__surf,29,15,cdxgen,15,15,0,14,68.2,68.2,15,0,0,100.0,100.0
enetx__surf,29,15,cyclonedx-gomod,15,15,0,14,68.2,68.2,15,0,0,100.0,100.0
enetx__tg,11,7,syft,8,8,0,3,84.2,84.2,7,1,0,93.3,93.3
enetx__tg,11,7,trivy,7,7,0,4,77.8,77.8,7,0,0,100.0,100.0
enetx__tg,11,7,cdxgen,7,7,0,4,77.8,77.8,7,0,0,100.0,100.0
enetx__tg,11,7,cyclonedx-gomod,7,7,0,4,77.8,77.8,7,0,0,100.0,100.0
esimov__gogu,12,2,syft,7,7,0,5,73.7,73.7,2,5,0,44.4,44.4
esimov__gogu,12,2,trivy,6,6,0,6,66.7,66.7,2,4,0,50.0,50.0
esimov__gogu,12,2,cdxgen,2,2,0,10,28.6,28.6,2,0,0,100.0,100.0
esimov__gogu,12,2,cyclonedx-gomod,2,2,0,10,28.6,28.6,2,0,0,100.0,100.0
essentialkaos__branca,13,2,syft,6,6,0,7,63.2,63.2,2,4,0,50.0,50.0
essentialkaos__branca,13,2,trivy,6,6,0,7,63.2,63.2,2,4,0,50.0,50.0
essentialkaos__branca,13,2,cdxgen,2,2,0,11,26.7,26.7,2,0,0,100.0,100.0
essentialkaos__branca,13,2,cyclonedx-gomod,2,2,0,11,26.7,26.7,2,0,0,100.0,100.0
esurdam__go-sophos,0,2,syft,3,0,3,0,0.0,0.0,2,1,0,80.0,80.0
esurdam__go-sophos,0,2,trivy,3,0,3,0,0.0,0.0,2,1,0,80.0,80.0
esurdam__go-sophos,0,2,cdxgen,2,0,2,0,0.0,0.0,2,0,0,100.0,100.0
esurdam__go-sophos,0,2,cyclonedx-gomod,2,0,2,0,0.0,0.0,2,0,0,100.0,100.0
esurdam__go-swagger-ui,1,1,syft,1,1,0,0,100.0,100.0,1,0,0,100.0,100.0
esurdam__go-swagger-ui,1,1,trivy,1,1,0,0,100.0,100.0,1,0,0,100.0,100.0
esurdam__go-swagger-ui,1,1,cdxgen,1,1,0,0,100.0,100.0,1,0,0,100.0,100.0
esurdam__go-swagger-ui,1,1,cyclonedx-gomod,1,1,0,0,100.0,100.0,1,0,0,100.0,100.0
etcd-io__bbolt,65,7,syft,16,16,0,49,39.5,39.5,7,9,0,60.9,60.9
etcd-io__bbolt,65,7,trivy,14,14,0,51,35.4,35.4,7,7,0,66.7,66.7
etcd-io__bbolt,65,7,cdxgen,7,7,0,58,19.4,19.4,7,0,0,100.0,100.0
etcd-io__bbolt,65,7,cyclonedx-gomod,10,10,0,55,26.7,26.7,4,6,3,47.1,47.1
etcd-io__raft,10,6,syft,63,8,55,2,21.9,21.9,6,57,0,17.4,17.4
etcd-io__raft,10,6,trivy,63,7,56,3,19.2,16.4,6,57,0,17.4,17.4
etcd-io__raft,10,6,cdxgen,62,7,55,3,19.4,16.7,6,56,0,17.6,17.6
etcd-io__raft,10,6,cyclonedx-gomod,4,4,0,6,57.1,57.1,4,0,2,80.0,80.0
ethereum__go-ethereum,301,142,syft,181,180,1,121,74.7,73.9,142,39,0,87.9,86.7
ethereum__go-ethereum,301,142,trivy,158,157,1,144,68.4,67.5,142,16,0,94.7,93.3
ethereum__go-ethereum,301,142,cdxgen,142,142,0,159,64.1,63.2,142,0,0,100.0,98.6
ethereum__go-ethereum,301,142,cyclonedx-gomod,153,153,0,148,67.4,67.4,142,11,0,96.3,96.3
evrone__go-clean-template,818,67,syft,454,454,0,364,71.4,70.8,67,387,0,25.7,25.7
evrone__go-clean-template,818,67,trivy,420,420,0,398,67.9,67.2,67,353,0,27.5,27.5
evrone__go-clean-template,818,67,cdxgen,67,67,0,751,15.1,15.1,67,0,0,100.0,100.0
evrone__go-clean-template,818,67,cyclonedx-gomod,415,415,0,403,67.3,67.3,67,348,0,27.8,27.8
extism__go-sdk,34,7,syft,30,13,17,21,40.6,40.6,7,23,0,37.8,37.8
extism__go-sdk,34,7,trivy,29,11,18,23,34.9,34.9,7,22,0,38.9,38.9
extism__go-sdk,34,7,cdxgen,8,7,1,27,33.3,33.3,7,1,0,93.3,93.3
extism__go-sdk,34,7,cyclonedx-gomod,7,7,0,27,34.1,34.1,7,0,0,100.0,100.0
faabiosr__cachego,31,16,syft,24,24,0,7,87.3,87.3,16,8,0,80.0,80.0
faabiosr__cachego,31,16,trivy,17,17,0,14,70.8,70.8,16,1,0,97.0,97.0
faabiosr__cachego,31,16,cdxgen,16,16,0,15,68.1,68.1,16,0,0,100.0,100.0
faabiosr__cachego,31,16,cyclonedx-gomod,16,16,0,15,68.1,68.1,16,0,0,100.0,100.0
faabiosr__echo-middleware,67,28,syft,35,35,0,32,68.6,66.7,28,7,0,88.9,85.7
faabiosr__echo-middleware,67,28,trivy,29,29,0,38,60.4,58.3,28,1,0,98.2,94.7
faabiosr__echo-middleware,67,28,cdxgen,28,28,0,39,58.9,56.8,28,0,0,100.0,96.4
faabiosr__echo-middleware,67,28,cyclonedx-gomod,29,29,0,38,60.4,60.4,28,1,0,98.2,98.2
fabiocicerchia__go-proxy-cache,92,47,syft,72,72,0,20,87.8,86.6,47,25,0,79.0,79.0
fabiocicerchia__go-proxy-cache,92,47,trivy,56,56,0,36,75.7,75.7,47,9,0,91.3,91.3
fabiocicerchia__go-proxy-cache,92,47,cdxgen,47,47,0,45,67.6,67.6,47,0,0,100.0,100.0
fabiocicerchia__go-proxy-cache,92,47,cyclonedx-gomod,49,49,0,43,69.5,69.5,46,3,1,95.8,95.8
facebook__ent,91,37,syft,82,62,20,29,71.7,52.0,37,45,0,62.2,55.5
facebook__ent,91,37,trivy,68,57,11,34,71.7,60.4,37,31,0,70.5,68.6
facebook__ent,91,37,cdxgen,51,44,7,47,62.0,53.5,37,14,0,84.1,84.1
facebook__ent,91,37,cyclonedx-gomod,36,36,0,55,56.7,56.7,35,1,2,95.9,95.9
failsafe-go__failsafe-go,43,12,syft,19,19,0,24,61.3,61.3,12,7,0,77.4,77.4
failsafe-go__failsafe-go,43,12,trivy,15,15,0,28,51.7,51.7,12,3,0,88.9,88.9
failsafe-go__failsafe-go,43,12,cdxgen,12,12,0,31,43.6,43.6,12,0,0,100.0,100.0
failsafe-go__failsafe-go,43,12,cyclonedx-gomod,12,12,0,31,43.6,43.6,12,0,0,100.0,100.0
fastschema__fastschema,369,150,syft,270,270,0,99,84.5,84.2,150,120,0,71.4,71.4
fastschema__fastschema,369,150,trivy,161,161,0,208,60.8,60.8,150,11,0,96.5,96.5
fastschema__fastschema,369,150,cdxgen,150,150,0,219,57.8,57.8,150,0,0,100.0,100.0
fastschema__fastschema,369,150,cyclonedx-gomod,159,159,0,210,60.2,60.2,149,10,1,96.4,96.4
fawick__speedtest-resize,7,6,syft,6,6,0,1,92.3,92.3,6,0,0,100.0,100.0
fawick__speedtest-resize,7,6,trivy,7,7,0,0,100.0,100.0,6,1,0,92.3,92.3
fawick__speedtest-resize,7,6,cdxgen,6,6,0,1,92.3,92.3,6,0,0,100.0,100.0
fawick__speedtest-resize,7,6,cyclonedx-gomod,6,6,0,1,92.3,92.3,6,0,0,100.0,100.0
fclairamb__ftpserverlib,13,3,syft,9,8,1,5,72.7,72.7,3,6,0,50.0,50.0
fclairamb__ftpserverlib,13,3,trivy,8,7,1,6,66.7,66.7,3,5,0,54.5,54.5
fclairamb__ftpserverlib,13,3,cdxgen,3,3,0,10,37.5,37.5,3,0,0,100.0,100.0
fclairamb__ftpserverlib,13,3,cyclonedx-gomod,3,3,0,10,37.5,37.5,3,0,0,100.0,100.0
ferama__rospo,44,22,syft,34,34,0,10,87.2,87.2,22,12,0,78.6,78.6
ferama__rospo,44,22,trivy,30,30,0,14,81.1,81.1,22,8,0,84.6,84.6
ferama__rospo,44,22,cdxgen,22,22,0,22,66.7,66.7,22,0,0,100.0,100.0
ferama__rospo,44,22,cyclonedx-gomod,27,27,0,17,76.1,76.1,22,5,0,89.8,89.8
fergusstrange__embedded-postgres,12,2,syft,22,10,12,2,58.8,58.8,2,20,0,16.7,16.7
fergusstrange__embedded-postgres,12,2,trivy,16,8,8,4,57.1,57.1,2,14,0,22.2,22.2
fergusstrange__embedded-postgres,12,2,cdxgen,2,2,0,10,28.6,28.6,2,0,0,100.0,100.0
fergusstrange__embedded-postgres,12,2,cyclonedx-gomod,2,2,0,10,28.6,28.6,2,0,0,100.0,100.0
fern4lvarez__piladb,3,1,syft,3,3,0,0,100.0,100.0,1,2,0,50.0,50.0
fern4lvarez__piladb,3,1,trivy,3,3,0,0,100.0,100.0,1,2,0,50.0,50.0
fern4lvarez__piladb,3,1,cdxgen,1,1,0,2,50.0,50.0,1,0,0,100.0,100.0
fern4lvarez__piladb,3,1,cyclonedx-gomod,0,0,0,3,0.0,0.0,0,0,1,0.0,0.0
fieldryand__goflow,48,23,syft,41,41,0,7,92.1,92.1,23,18,0,71.9,71.9
fieldryand__goflow,48,23,trivy,33,33,0,15,81.5,81.5,23,10,0,82.1,82.1
fieldryand__goflow,48,23,cdxgen,23,23,0,25,64.8,64.8,23,0,0,100.0,100.0
fieldryand__goflow,48,23,cyclonedx-gomod,32,32,0,16,80.0,80.0,23,9,0,83.6,83.6
firasdarwish__ore,6,4,syft,9,5,4,1,66.7,66.7,4,5,0,61.5,61.5
firasdarwish__ore,6,4,trivy,7,4,3,2,61.5,61.5,4,3,0,72.7,72.7
firasdarwish__ore,6,4,cdxgen,6,4,2,2,66.7,66.7,4,2,0,80.0,80.0
firasdarwish__ore,6,4,cyclonedx-gomod,4,4,0,2,80.0,80.0,4,0,0,100.0,100.0
fish-tennis__gnet,4,2,syft,3,3,0,1,85.7,85.7,2,1,0,80.0,80.0
fish-tennis__gnet,4,2,trivy,4,4,0,0,100.0,100.0,2,2,0,66.7,66.7
fish-tennis__gnet,4,2,cdxgen,2,2,0,2,66.7,66.7,2,0,0,100.0,100.0
fish-tennis__gnet,4,2,cyclonedx-gomod,2,2,0,2,66.7,66.7,2,0,0,100.0,100.0
flannel-io__flannel,294,71,syft,147,147,0,147,66.7,66.7,71,76,0,65.1,65.1
flannel-io__flannel,294,71,trivy,129,129,0,165,61.0,61.0,71,58,0,71.0,71.0
flannel-io__flannel,294,71,cdxgen,71,71,0,223,38.9,38.9,71,0,0,100.0,100.0
flannel-io__flannel,294,71,cyclonedx-gomod,79,79,0,215,42.4,42.4,69,10,2,92.0,92.0
fleetdm__fleet,888,331,syft,567,464,103,424,63.8,53.7,331,236,0,73.7,64.6
fleetdm__fleet,888,331,trivy,501,405,96,483,58.3,51.1,331,170,0,79.6,73.8
fleetdm__fleet,888,331,cdxgen,426,358,68,530,54.5,51.4,331,95,0,87.5,86.7
fleetdm__fleet,888,331,cyclonedx-gomod,343,343,0,545,55.7,55.7,315,28,16,93.5,93.5
flosch__pongo2,4,1,syft,1,1,0,3,40.0,40.0,1,0,0,100.0,100.0
flosch__pongo2,4,1,trivy,4,4,0,0,100.0,100.0,1,3,0,40.0,40.0
flosch__pongo2,4,1,cdxgen,1,1,0,3,40.0,40.0,1,0,0,100.0,100.0
flosch__pongo2,4,1,cyclonedx-gomod,1,1,0,3,40.0,40.0,1,0,0,100.0,100.0
flowbaker__flowbaker,307,176,syft,230,230,0,77,85.7,84.9,176,54,0,86.7,85.7
flowbaker__flowbaker,307,176,trivy,196,196,0,111,77.9,77.1,176,20,0,94.6,93.5
flowbaker__flowbaker,307,176,cdxgen,176,176,0,131,72.9,72.0,176,0,0,100.0,98.9
flowbaker__flowbaker,307,176,cyclonedx-gomod,193,193,0,114,77.2,77.2,176,17,0,95.4,95.4
flower-corp__lotusdb,56,20,syft,31,31,0,25,71.3,62.1,20,11,0,78.4,66.7
flower-corp__lotusdb,56,20,trivy,29,28,1,28,65.9,56.5,20,9,0,81.6,69.4
flower-corp__lotusdb,56,20,cdxgen,20,20,0,36,52.6,44.7,20,0,0,100.0,85.0
flower-corp__lotusdb,56,20,cyclonedx-gomod,22,22,0,34,56.4,51.3,20,2,0,95.2,85.7
fogfish__dynamo,36,29,syft,34,34,0,2,97.1,97.1,29,5,0,92.1,92.1
fogfish__dynamo,36,29,trivy,30,30,0,6,90.9,90.9,29,1,0,98.3,98.3
fogfish__dynamo,36,29,cdxgen,29,29,0,7,89.2,89.2,29,0,0,100.0,100.0
fogfish__dynamo,36,29,cyclonedx-gomod,29,29,0,7,89.2,89.2,29,0,0,100.0,100.0
fogleman__nes,3,3,syft,3,3,0,0,100.0,100.0,3,0,0,100.0,100.0
fogleman__nes,3,3,trivy,3,3,0,0,100.0,100.0,3,0,0,100.0,100.0
fogleman__nes,3,3,cdxgen,3,3,0,0,100.0,100.0,3,0,0,100.0,100.0
fogleman__nes,3,3,cyclonedx-gomod,3,3,0,0,100.0,100.0,3,0,0,100.0,100.0
foolin__goview,144,48,syft,85,85,0,59,74.2,67.2,48,37,0,72.2,64.7
foolin__goview,144,48,trivy,144,144,0,0,100.0,91.7,48,96,0,50.0,44.8
foolin__goview,144,48,cdxgen,48,48,0,96,50.0,44.8,48,0,0,100.0,89.6
foolin__goview,144,48,cyclonedx-gomod,48,48,0,96,50.0,50.0,48,0,0,100.0,100.0
foolin__pagser,28,9,syft,28,28,0,0,100.0,100.0,9,19,0,48.6,48.6
foolin__pagser,28,9,trivy,28,28,0,0,100.0,100.0,9,19,0,48.6,48.6
foolin__pagser,28,9,cdxgen,9,9,0,19,48.6,48.6,9,0,0,100.0,100.0
foolin__pagser,28,9,cyclonedx-gomod,9,9,0,19,48.6,48.6,9,0,0,100.0,100.0
formancehq__ledger,390,202,syft,435,296,139,94,71.8,61.6,202,233,0,63.4,54.9
formancehq__ledger,390,202,trivy,384,264,120,126,68.2,64.3,202,182,0,68.9,67.6
formancehq__ledger,390,202,cdxgen,289,216,73,174,63.6,61.6,202,87,0,82.3,81.1
formancehq__ledger,390,202,cyclonedx-gomod,208,208,0,182,69.6,69.2,200,8,2,97.6,97.1
fortio__fortio,74,28,syft,48,48,0,26,78.7,78.7,28,20,0,73.7,73.7
fortio__fortio,74,28,trivy,31,31,0,43,59.0,59.0,28,3,0,94.9,94.9
fortio__fortio,74,28,cdxgen,28,28,0,46,54.9,54.9,28,0,0,100.0,100.0
fortio__fortio,74,28,cyclonedx-gomod,28,28,0,46,54.9,54.9,28,0,0,100.0,100.0
fox-toolkit__fox,20,2,syft,11,11,0,9,71.0,71.0,2,9,0,30.8,30.8
fox-toolkit__fox,20,2,trivy,10,10,0,10,66.7,66.7,2,8,0,33.3,33.3
fox-toolkit__fox,20,2,cdxgen,2,2,0,18,18.2,18.2,2,0,0,100.0,100.0
fox-toolkit__fox,20,2,cyclonedx-gomod,3,3,0,17,26.1,26.1,2,1,0,80.0,80.0
foxcpp__maddy,403,106,syft,173,170,3,233,59.0,58.3,103,70,3,73.8,72.4
foxcpp__maddy,403,106,trivy,160,157,3,246,55.8,55.1,103,57,3,77.4,75.9
foxcpp__maddy,403,106,cdxgen,106,106,0,297,41.7,39.7,106,0,0,100.0,98.1
foxcpp__maddy,403,106,cyclonedx-gomod,155,152,3,251,54.5,54.5,103,52,3,78.9,78.9
francesconi__go-rampart,6,1,syft,1,1,0,5,28.6,28.6,1,0,0,100.0,100.0
francesconi__go-rampart,6,1,trivy,6,6,0,0,100.0,100.0,1,5,0,28.6,28.6
francesconi__go-rampart,6,1,cdxgen,1,1,0,5,28.6,28.6,1,0,0,100.0,100.0
francesconi__go-rampart,6,1,cyclonedx-gomod,1,1,0,5,28.6,28.6,1,0,0,100.0,100.0
francoispqt__onelog,4,1,syft,4,4,0,0,100.0,100.0,1,3,0,40.0,40.0
francoispqt__onelog,4,1,trivy,4,4,0,0,100.0,100.0,1,3,0,40.0,40.0
francoispqt__onelog,4,1,cdxgen,1,1,0,3,40.0,40.0,1,0,0,100.0,100.0
francoispqt__onelog,4,1,cyclonedx-gomod,1,1,0,3,40.0,40.0,1,0,0,100.0,100.0
furdarius__rabbitroutine,13,3,syft,10,10,0,3,87.0,87.0,3,7,0,46.2,46.2
furdarius__rabbitroutine,13,3,trivy,7,7,0,6,70.0,70.0,3,4,0,60.0,60.0
furdarius__rabbitroutine,13,3,cdxgen,3,3,0,10,37.5,37.5,3,0,0,100.0,100.0
furdarius__rabbitroutine,13,3,cyclonedx-gomod,3,3,0,10,37.5,37.5,3,0,0,100.0,100.0
fxamacker__cbor,1,1,syft,1,1,0,0,100.0,100.0,1,0,0,100.0,100.0
fxamacker__cbor,1,1,trivy,1,1,0,0,100.0,100.0,1,0,0,100.0,100.0
fxamacker__cbor,1,1,cdxgen,1,1,0,0,100.0,100.0,1,0,0,100.0,100.0
fxamacker__cbor,1,1,cyclonedx-gomod,1,1,0,0,100.0,100.0,1,0,0,100.0,100.0
fyne-io__fyne,87,46,syft,55,55,0,32,77.5,77.5,46,9,0,91.1,91.1
fyne-io__fyne,87,46,trivy,55,53,2,34,74.6,74.6,46,9,0,91.1,91.1
fyne-io__fyne,87,46,cdxgen,46,46,0,41,69.2,69.2,46,0,0,100.0,100.0
fyne-io__fyne,87,46,cyclonedx-gomod,51,51,0,36,73.9,73.9,46,5,0,94.8,94.8
g3n__engine,7,4,syft,5,5,0,2,83.3,83.3,4,1,0,88.9,88.9
g3n__engine,7,4,trivy,7,7,0,0,100.0,100.0,4,3,0,72.7,72.7
g3n__engine,7,4,cdxgen,4,4,0,3,72.7,72.7,4,0,0,100.0,100.0
g3n__engine,7,4,cyclonedx-gomod,4,4,0,3,72.7,72.7,4,0,0,100.0,100.0
g4s8__envdoc,19,2,syft,13,13,0,6,81.3,81.3,2,11,0,26.7,26.7
g4s8__envdoc,19,2,trivy,19,19,0,0,100.0,100.0,2,17,0,19.0,19.0
g4s8__envdoc,19,2,cdxgen,2,2,0,17,19.0,19.0,2,0,0,100.0,100.0
g4s8__envdoc,19,2,cyclonedx-gomod,2,2,0,17,19.0,19.0,2,0,0,100.0,100.0
gabrie30__ghorg,94,53,syft,73,67,6,27,80.2,59.9,53,20,0,84.1,60.3
gabrie30__ghorg,94,53,trivy,61,55,6,39,71.0,58.1,53,8,0,93.0,75.4
gabrie30__ghorg,94,53,cdxgen,55,55,0,39,73.8,73.8,53,2,0,98.1,98.1
gabrie30__ghorg,94,53,cyclonedx-gomod,55,55,0,39,73.8,73.8,53,2,0,98.1,98.1
gabstv__go-bsdiff,1,1,syft,1,1,0,0,100.0,100.0,1,0,0,100.0,100.0
gabstv__go-bsdiff,1,1,trivy,1,1,0,0,100.0,100.0,1,0,0,100.0,100.0
gabstv__go-bsdiff,1,1,cdxgen,1,1,0,0,100.0,100.0,1,0,0,100.0,100.0
gabstv__go-bsdiff,1,1,cyclonedx-gomod,1,1,0,0,100.0,100.0,1,0,0,100.0,100.0
gagliardetto__solana-go,132,65,syft,96,96,0,36,84.2,82.5,65,31,0,80.7,78.3
gagliardetto__solana-go,132,65,trivy,78,78,0,54,74.3,72.4,65,13,0,90.9,88.1
gagliardetto__solana-go,132,65,cdxgen,65,65,0,67,66.0,64.0,65,0,0,100.0,96.9
gagliardetto__solana-go,132,65,cyclonedx-gomod,66,66,0,66,66.7,66.7,65,1,0,99.2,99.2
gaia-pipeline__gaia,388,75,syft,104,104,0,284,42.3,39.8,75,29,0,83.8,76.0
gaia-pipeline__gaia,388,75,trivy,87,87,0,301,36.6,34.1,75,12,0,92.6,84.0
gaia-pipeline__gaia,388,75,cdxgen,75,75,0,313,32.4,29.4,75,0,0,100.0,92.0
gaia-pipeline__gaia,388,75,cyclonedx-gomod,76,76,0,312,32.8,32.8,74,2,1,98.0,96.7
galeone__igor,1,1,syft,1,1,0,0,100.0,100.0,1,0,0,100.0,100.0
galeone__igor,1,1,trivy,1,1,0,0,100.0,100.0,1,0,0,100.0,100.0
galeone__igor,1,1,cdxgen,1,1,0,0,100.0,100.0,1,0,0,100.0,100.0
galeone__igor,1,1,cyclonedx-gomod,1,1,0,0,100.0,100.0,1,0,0,100.0,100.0
galeone__rts,6,2,syft,5,5,0,1,90.9,90.9,2,3,0,57.1,57.1
galeone__rts,6,2,trivy,3,3,0,3,66.7,66.7,2,1,0,80.0,80.0
galeone__rts,6,2,cdxgen,2,2,0,4,50.0,50.0,2,0,0,100.0,100.0
galeone__rts,6,2,cyclonedx-gomod,2,2,0,4,50.0,50.0,2,0,0,100.0,100.0
galeone__tfgo,5,2,syft,3,3,0,2,75.0,75.0,2,1,0,80.0,80.0
galeone__tfgo,5,2,trivy,2,2,0,3,57.1,57.1,2,0,0,100.0,100.0
galeone__tfgo,5,2,cdxgen,2,2,0,3,57.1,57.1,2,0,0,100.0,100.0
galeone__tfgo,5,2,cyclonedx-gomod,2,2,0,3,57.1,57.1,2,0,0,100.0,100.0
gammazero__workerpool,1,1,syft,1,1,0,0,100.0,100.0,1,0,0,100.0,100.0
gammazero__workerpool,1,1,trivy,1,1,0,0,100.0,100.0,1,0,0,100.0,100.0
gammazero__workerpool,1,1,cdxgen,1,1,0,0,100.0,100.0,1,0,0,100.0,100.0
gammazero__workerpool,1,1,cyclonedx-gomod,1,1,0,0,100.0,100.0,1,0,0,100.0,100.0
garethgeorge__backrest,128,43,syft,83,83,0,45,78.7,78.7,43,40,0,68.3,68.3
garethgeorge__backrest,128,43,trivy,60,60,0,68,63.8,63.8,43,17,0,83.5,83.5
garethgeorge__backrest,128,43,cdxgen,60,60,0,68,63.8,63.8,43,17,0,83.5,83.5
garethgeorge__backrest,128,43,cyclonedx-gomod,51,51,0,77,57.0,57.0,43,8,0,91.5,91.5
gatewayd-io__gatewayd,344,148,syft,200,200,0,144,73.5,73.2,148,52,0,85.1,84.5
gatewayd-io__gatewayd,344,148,trivy,162,162,0,182,64.0,63.6,148,14,0,95.5,94.8
gatewayd-io__gatewayd,344,148,cdxgen,148,148,0,196,60.2,59.8,148,0,0,100.0,99.3
gatewayd-io__gatewayd,344,148,cyclonedx-gomod,155,155,0,189,62.1,62.1,146,9,2,96.4,96.4
gavv__httpexpect,58,30,syft,134,49,85,9,51.0,42.7,30,104,0,36.6,35.4
gavv__httpexpect,58,30,trivy,113,42,71,16,49.1,40.9,30,83,0,42.0,40.6
gavv__httpexpect,58,30,cdxgen,95,37,58,21,48.4,39.2,30,65,0,48.0,48.0
gavv__httpexpect,58,30,cyclonedx-gomod,30,30,0,28,68.2,68.2,30,0,0,100.0,100.0
gchaincl__httplab,9,6,syft,9,9,0,0,100.0,100.0,6,3,0,80.0,80.0
gchaincl__httplab,9,6,trivy,9,9,0,0,100.0,100.0,6,3,0,80.0,80.0
gchaincl__httplab,9,6,cdxgen,6,6,0,3,80.0,80.0,6,0,0,100.0,100.0
gchaincl__httplab,9,6,cyclonedx-gomod,6,6,0,3,80.0,80.0,6,0,0,100.0,100.0
gentee__gentee,14,3,syft,7,7,0,7,66.7,66.7,3,4,0,60.0,60.0
gentee__gentee,14,3,trivy,4,4,0,10,44.4,44.4,3,1,0,85.7,85.7
gentee__gentee,14,3,cdxgen,3,3,0,11,35.3,35.3,3,0,0,100.0,100.0
gentee__gentee,14,3,cyclonedx-gomod,3,3,0,11,35.3,35.3,3,0,0,100.0,100.0
georgebuilds__anneal,52,23,syft,40,40,0,12,87.0,87.0,23,17,0,73.0,73.0
georgebuilds__anneal,52,23,trivy,37,37,0,15,83.1,83.1,23,14,0,76.7,76.7
georgebuilds__anneal,52,23,cdxgen,23,23,0,29,61.3,61.3,23,0,0,100.0,100.0
georgebuilds__anneal,52,23,cyclonedx-gomod,27,27,0,25,68.4,68.4,23,4,0,92.0,92.0
georgysavva__scany,91,6,syft,23,23,0,68,40.4,40.4,6,17,0,41.4,41.4
georgysavva__scany,91,6,trivy,20,20,0,71,36.0,36.0,6,14,0,46.2,46.2
georgysavva__scany,91,6,cdxgen,6,6,0,85,12.4,12.4,6,0,0,100.0,100.0
georgysavva__scany,91,6,cyclonedx-gomod,5,5,0,86,10.4,10.4,5,0,1,90.9,90.9
get-woke__woke,152,33,syft,46,46,0,106,46.5,46.5,33,13,0,83.5,83.5
get-woke__woke,152,33,trivy,39,39,0,113,40.8,40.8,33,6,0,91.7,91.7
get-woke__woke,152,33,cdxgen,33,33,0,119,35.7,35.7,33,0,0,100.0,100.0
get-woke__woke,152,33,cyclonedx-gomod,36,36,0,116,38.3,38.3,33,3,0,95.7,95.7
getfider__fider,365,40,syft,247,247,0,118,80.7,80.4,40,207,0,27.9,27.2
getfider__fider,365,40,trivy,240,240,0,125,79.3,79.0,40,200,0,28.6,27.9
getfider__fider,365,40,cdxgen,40,40,0,325,19.8,19.3,40,0,0,100.0,97.5
getfider__fider,365,40,cyclonedx-gomod,240,240,0,125,79.3,79.3,40,200,0,28.6,28.6
getlantern__systray,17,9,syft,16,16,0,1,97.0,97.0,9,7,0,72.0,72.0
getlantern__systray,17,9,trivy,17,17,0,0,100.0,100.0,9,8,0,69.2,69.2
getlantern__systray,17,9,cdxgen,9,9,0,8,69.2,69.2,9,0,0,100.0,100.0
getlantern__systray,17,9,cyclonedx-gomod,13,13,0,4,86.7,86.7,9,4,0,81.8,81.8
getveil__veil,59,25,syft,49,49,0,10,90.7,90.7,25,24,0,67.6,67.6
getveil__veil,59,25,trivy,28,28,0,31,64.4,64.4,25,3,0,94.3,94.3
getveil__veil,59,25,cdxgen,25,25,0,34,59.5,59.5,25,0,0,100.0,100.0
getveil__veil,59,25,cyclonedx-gomod,28,28,0,31,64.4,64.4,25,3,0,94.3,94.3
ggicci__httpin,25,11,syft,19,19,0,6,86.4,86.4,11,8,0,73.3,73.3
ggicci__httpin,25,11,trivy,18,18,0,7,83.7,83.7,11,7,0,75.9,75.9
ggicci__httpin,25,11,cdxgen,11,11,0,14,61.1,61.1,11,0,0,100.0,100.0
ggicci__httpin,25,11,cyclonedx-gomod,11,11,0,14,61.1,61.1,11,0,0,100.0,100.0
ghostiam__binstruct,4,1,syft,3,3,0,1,85.7,85.7,1,2,0,50.0,50.0
ghostiam__binstruct,4,1,trivy,3,3,0,1,85.7,85.7,1,2,0,50.0,50.0
ghostiam__binstruct,4,1,cdxgen,1,1,0,3,40.0,40.0,1,0,0,100.0,100.0
ghostiam__binstruct,4,1,cyclonedx-gomod,1,1,0,3,40.0,40.0,1,0,0,100.0,100.0
gilbertchen__duplicacy,119,60,syft,86,86,0,33,83.9,78.0,60,26,0,82.2,75.3
gilbertchen__duplicacy,119,60,trivy,69,69,0,50,73.4,68.1,60,9,0,93.0,85.3
gilbertchen__duplicacy,119,60,cdxgen,60,60,0,59,67.0,61.5,60,0,0,100.0,91.7
gilbertchen__duplicacy,119,60,cyclonedx-gomod,65,65,0,54,70.7,70.7,60,5,0,96.0,96.0
gin-gonic__gin,56,18,syft,40,40,0,16,83.3,83.3,18,22,0,62.1,62.1
gin-gonic__gin,56,18,trivy,35,35,0,21,76.9,76.9,18,17,0,67.9,67.9
gin-gonic__gin,56,18,cdxgen,18,18,0,38,48.6,48.6,18,0,0,100.0,100.0
gin-gonic__gin,56,18,cyclonedx-gomod,28,28,0,28,66.7,66.7,18,10,0,78.3,78.3
gizak__termui,4,4,syft,4,4,0,0,100.0,100.0,4,0,0,100.0,100.0
gizak__termui,4,4,trivy,4,4,0,0,100.0,100.0,4,0,0,100.0,100.0
gizak__termui,4,4,cdxgen,4,4,0,0,100.0,100.0,4,0,0,100.0,100.0
gizak__termui,4,4,cyclonedx-gomod,4,4,0,0,100.0,100.0,4,0,0,100.0,100.0
gkampitakis__go-snaps,23,11,syft,15,15,0,8,78.9,78.9,11,4,0,84.6,84.6
gkampitakis__go-snaps,23,11,trivy,11,11,0,12,64.7,64.7,11,0,0,100.0,100.0
gkampitakis__go-snaps,23,11,cdxgen,11,11,0,12,64.7,64.7,11,0,0,100.0,100.0
gkampitakis__go-snaps,23,11,cyclonedx-gomod,11,11,0,12,64.7,64.7,11,0,0,100.0,100.0
gliderlabs__ssh,6,2,syft,4,4,0,2,80.0,80.0,2,2,0,66.7,66.7
gliderlabs__ssh,6,2,trivy,3,3,0,3,66.7,66.7,2,1,0,80.0,80.0
gliderlabs__ssh,6,2,cdxgen,2,2,0,4,50.0,50.0,2,0,0,100.0,100.0
gliderlabs__ssh,6,2,cyclonedx-gomod,3,3,0,3,66.7,66.7,2,1,0,80.0,80.0
gmsec__micro,169,22,syft,51,51,0,118,46.4,40.9,22,29,0,60.3,43.8
gmsec__micro,169,22,trivy,340,120,220,49,47.2,27.5,22,318,0,12.2,6.6
gmsec__micro,169,22,cdxgen,0,0,0,169,0.0,0.0,0,0,22,0.0,0.0
gmsec__micro,169,22,cyclonedx-gomod,25,25,0,144,25.8,25.8,22,3,0,93.6,93.6
gnolang__gno,259,98,syft,412,147,265,112,43.8,28.9,98,314,0,38.4,24.3
gnolang__gno,259,98,trivy,393,131,262,128,40.2,35.9,98,295,0,39.9,39.1
gnolang__gno,259,98,cdxgen,0,0,0,259,0.0,0.0,0,0,98,0.0,0.0
gnolang__gno,259,98,cyclonedx-gomod,100,100,0,159,55.7,55.7,98,2,0,99.0,99.0
go-acme__lego,674,208,syft,262,261,1,413,55.8,55.6,208,54,0,88.5,88.1
go-acme__lego,674,208,trivy,218,216,2,458,48.4,48.2,208,10,0,97.7,97.2
go-acme__lego,674,208,cdxgen,208,208,0,466,47.2,46.9,208,0,0,100.0,99.5
go-acme__lego,674,208,cyclonedx-gomod,213,213,0,461,48.0,48.0,206,7,2,97.9,97.9
go-authgate__authgate,232,78,syft,164,164,0,68,82.8,82.8,78,86,0,64.5,64.5
go-authgate__authgate,232,78,trivy,142,142,0,90,75.9,75.9,78,64,0,70.9,70.9
go-authgate__authgate,232,78,cdxgen,142,142,0,90,75.9,75.9,78,64,0,70.9,70.9
go-authgate__authgate,232,78,cyclonedx-gomod,89,89,0,143,55.5,55.5,78,11,0,93.4,93.4
go-beans__go,10,5,syft,10,10,0,0,100.0,100.0,5,5,0,66.7,66.7
go-beans__go,10,5,trivy,9,9,0,1,94.7,94.7,5,4,0,71.4,71.4
go-beans__go,10,5,cdxgen,5,5,0,5,66.7,66.7,5,0,0,100.0,100.0
go-beans__go,10,5,cyclonedx-gomod,5,5,0,5,66.7,66.7,5,0,0,100.0,100.0
go-co-op__gocron,14,3,syft,15,11,4,3,75.9,69.0,3,12,0,33.3,22.2
go-co-op__gocron,14,3,trivy,14,10,4,4,71.4,71.4,3,11,0,35.3,35.3
go-co-op__gocron,14,3,cdxgen,5,3,2,11,31.6,31.6,3,2,0,75.0,75.0
go-co-op__gocron,14,3,cyclonedx-gomod,3,3,0,11,35.3,35.3,3,0,0,100.0,100.0
go-critic__go-critic,24,19,syft,21,19,2,5,84.4,84.4,19,2,0,95.0,95.0
go-critic__go-critic,24,19,trivy,31,22,9,2,80.0,43.6,19,12,0,76.0,48.0
go-critic__go-critic,24,19,cdxgen,21,19,2,5,84.4,84.4,19,2,0,95.0,95.0
go-critic__go-critic,24,19,cyclonedx-gomod,19,19,0,5,88.4,88.4,19,0,0,100.0,100.0
go-eagle__eagle,823,190,syft,265,256,9,567,47.1,44.5,190,75,0,83.5,80.4
go-eagle__eagle,823,190,trivy,245,238,7,585,44.6,36.1,190,55,0,87.4,78.6
go-eagle__eagle,823,190,cdxgen,202,197,5,626,38.4,36.5,190,12,0,96.9,94.4
go-eagle__eagle,823,190,cyclonedx-gomod,200,200,0,623,39.1,39.1,190,10,0,97.4,97.4
go-ego__gse,2,1,syft,2,2,0,0,100.0,100.0,1,1,0,66.7,66.7
go-ego__gse,2,1,trivy,2,2,0,0,100.0,100.0,1,1,0,66.7,66.7
go-ego__gse,2,1,cdxgen,1,1,0,1,66.7,66.7,1,0,0,100.0,100.0
go-ego__gse,2,1,cyclonedx-gomod,1,1,0,1,66.7,66.7,1,0,0,100.0,100.0
go-external-config__aws,25,21,syft,25,25,0,0,100.0,100.0,21,4,0,91.3,91.3
go-external-config__aws,25,21,trivy,21,21,0,4,91.3,91.3,21,0,0,100.0,100.0
go-external-config__aws,25,21,cdxgen,21,21,0,4,91.3,91.3,21,0,0,100.0,100.0
go-external-config__aws,25,21,cyclonedx-gomod,21,21,0,4,91.3,91.3,21,0,0,100.0,100.0
go-external-config__consul,103,21,syft,42,42,0,61,57.9,57.9,21,21,0,66.7,66.7
go-external-config__consul,103,21,trivy,23,23,0,80,36.5,36.5,21,2,0,95.5,95.5
go-external-config__consul,103,21,cdxgen,21,21,0,82,33.9,33.9,21,0,0,100.0,100.0
go-external-config__consul,103,21,cyclonedx-gomod,22,22,0,81,35.2,35.2,21,1,0,97.7,97.7
go-external-config__go,9,4,syft,8,8,0,1,94.1,94.1,4,4,0,66.7,66.7
go-external-config__go,9,4,trivy,7,7,0,2,87.5,87.5,4,3,0,72.7,72.7
go-external-config__go,9,4,cdxgen,4,4,0,5,61.5,61.5,4,0,0,100.0,100.0
go-external-config__go,9,4,cyclonedx-gomod,4,4,0,5,61.5,61.5,4,0,0,100.0,100.0
go-external-config__vault,59,22,syft,36,36,0,23,75.8,75.8,22,14,0,75.9,75.9
go-external-config__vault,59,22,trivy,29,29,0,30,65.9,65.9,22,7,0,86.3,86.3
go-external-config__vault,59,22,cdxgen,22,22,0,37,54.3,54.3,22,0,0,100.0,100.0
go-external-config__vault,59,22,cyclonedx-gomod,24,24,0,35,57.8,57.8,22,2,0,95.7,95.7
go-furnace__go-furnace,66,34,syft,42,42,0,24,77.8,77.8,34,8,0,89.5,89.5
go-furnace__go-furnace,66,34,trivy,66,66,0,0,100.0,98.5,34,32,0,68.0,68.0
go-furnace__go-furnace,66,34,cdxgen,34,34,0,32,68.0,68.0,34,0,0,100.0,100.0
go-furnace__go-furnace,66,34,cyclonedx-gomod,35,35,0,31,69.3,69.3,34,1,0,98.6,98.6
go-git__go-git,34,18,syft,27,27,0,7,88.5,88.5,18,9,0,80.0,80.0
go-git__go-git,34,18,trivy,23,23,0,11,80.7,80.7,18,5,0,87.8,87.8
go-git__go-git,34,18,cdxgen,18,18,0,16,69.2,69.2,18,0,0,100.0,100.0
go-git__go-git,34,18,cyclonedx-gomod,16,16,0,18,64.0,64.0,15,1,3,88.2,88.2
go-gitea__gitea,712,266,syft,343,343,0,369,65.0,64.5,266,77,0,87.4,86.4
go-gitea__gitea,712,266,trivy,276,276,0,436,55.9,55.7,266,10,0,98.2,97.0
go-gitea__gitea,712,266,cdxgen,266,266,0,446,54.4,53.8,266,0,0,100.0,99.6
go-gitea__gitea,712,266,cyclonedx-gomod,275,275,0,437,55.7,55.7,266,9,0,98.3,97.6
go-gorm__gorm,8,3,syft,43,6,37,2,23.5,19.6,3,40,0,13.0,13.0
go-gorm__gorm,8,3,trivy,29,6,23,2,32.4,27.0,3,26,0,18.8,18.8
go-gorm__gorm,8,3,cdxgen,3,3,0,5,54.5,54.5,3,0,0,100.0,100.0
go-gorm__gorm,8,3,cyclonedx-gomod,3,3,0,5,54.5,54.5,3,0,0,100.0,100.0
go-gormigrate__gormigrate,9,4,syft,42,7,35,2,27.5,27.5,4,38,0,17.4,17.4
go-gormigrate__gormigrate,9,4,trivy,38,7,31,2,29.8,29.8,4,34,0,19.0,19.0
go-gormigrate__gormigrate,9,4,cdxgen,4,4,0,5,61.5,61.5,4,0,0,100.0,100.0
go-gormigrate__gormigrate,9,4,cyclonedx-gomod,4,4,0,5,61.5,61.5,4,0,0,100.0,100.0
go-goyave__goyave,384,77,syft,118,118,0,266,47.0,46.6,77,41,0,79.0,77.9
go-goyave__goyave,384,77,trivy,84,84,0,300,35.9,35.5,77,7,0,95.7,94.4
go-goyave__goyave,384,77,cdxgen,77,77,0,307,33.4,33.0,77,0,0,100.0,98.7
go-goyave__goyave,384,77,cyclonedx-gomod,80,80,0,304,34.5,34.5,77,3,0,98.1,98.1
go-hep__hep,93,55,syft,69,69,0,24,85.2,84.0,55,14,0,88.7,87.1
go-hep__hep,93,55,trivy,61,61,0,32,79.2,77.9,55,6,0,94.8,93.1
go-hep__hep,93,55,cdxgen,55,55,0,38,74.3,73.0,55,0,0,100.0,98.2
go-hep__hep,93,55,cyclonedx-gomod,58,58,0,35,76.8,76.8,55,3,0,97.3,97.3
go-jet__jet,21,10,syft,38,15,23,6,50.8,44.1,10,28,0,41.7,41.7
go-jet__jet,21,10,trivy,38,15,23,6,50.8,47.5,10,28,0,41.7,41.7
go-jet__jet,21,10,cdxgen,16,10,6,11,54.1,54.1,10,6,0,76.9,76.9
go-jet__jet,21,10,cyclonedx-gomod,10,10,0,11,64.5,64.5,10,0,0,100.0,100.0
go-kata__kinit,2,2,syft,2,2,0,0,100.0,100.0,2,0,0,100.0,100.0
go-kata__kinit,2,2,trivy,2,2,0,0,100.0,100.0,2,0,0,100.0,100.0
go-kata__kinit,2,2,cdxgen,2,2,0,0,100.0,100.0,2,0,0,100.0,100.0
go-kata__kinit,2,2,cyclonedx-gomod,2,2,0,0,100.0,100.0,2,0,0,100.0,100.0
go-kit__kit,229,78,syft,113,113,0,116,66.1,64.9,78,35,0,81.7,80.6
go-kit__kit,229,78,trivy,84,84,0,145,53.7,53.0,78,6,0,96.3,95.1
go-kit__kit,229,78,cdxgen,78,78,0,151,50.8,50.2,78,0,0,100.0,98.7
go-kit__kit,229,78,cyclonedx-gomod,78,78,0,151,50.8,50.8,77,1,1,98.7,98.7
go-kod__kod,93,52,syft,91,70,21,23,76.1,76.1,52,39,0,72.7,72.7
go-kod__kod,93,52,trivy,83,62,21,31,70.5,69.3,52,31,0,77.0,77.0
go-kod__kod,93,52,cdxgen,63,53,10,40,67.9,66.7,52,11,0,90.4,90.4
go-kod__kod,93,52,cyclonedx-gomod,55,55,0,38,74.3,74.3,49,6,3,91.6,91.6
go-kratos__kratos,52,14,syft,273,40,233,12,24.6,23.4,14,259,0,9.8,9.8
go-kratos__kratos,52,14,trivy,243,35,208,17,23.7,23.1,14,229,0,10.9,10.9
go-kratos__kratos,52,14,cdxgen,192,29,163,23,23.8,23.0,14,178,0,13.6,13.6
go-kratos__kratos,52,14,cyclonedx-gomod,14,14,0,38,42.4,42.4,14,0,0,100.0,100.0
go-lark__lark,8,1,syft,8,7,1,1,87.5,75.0,1,7,0,22.2,22.2
go-lark__lark,8,1,trivy,9,8,1,0,94.1,82.4,1,8,0,20.0,20.0
go-lark__lark,8,1,cdxgen,1,1,0,7,22.2,22.2,1,0,0,100.0,100.0
go-lark__lark,8,1,cyclonedx-gomod,1,1,0,7,22.2,22.2,1,0,0,100.0,100.0
go-music-theory__music-theory,6,2,syft,6,6,0,0,100.0,100.0,2,4,0,50.0,50.0
go-music-theory__music-theory,6,2,trivy,6,6,0,0,100.0,100.0,2,4,0,50.0,50.0
go-music-theory__music-theory,6,2,cdxgen,2,2,0,4,50.0,50.0,2,0,0,100.0,100.0
go-music-theory__music-theory,6,2,cyclonedx-gomod,2,2,0,4,50.0,50.0,2,0,0,100.0,100.0
go-nunu__nunu,33,12,syft,19,19,0,14,73.1,73.1,12,7,0,77.4,77.4
go-nunu__nunu,33,12,trivy,33,33,0,0,100.0,100.0,12,21,0,53.3,53.3
go-nunu__nunu,33,12,cdxgen,12,12,0,21,53.3,53.3,12,0,0,100.0,100.0
go-nunu__nunu,33,12,cyclonedx-gomod,13,13,0,20,56.5,56.5,12,1,0,96.0,96.0
go-oas__docs,5,1,syft,4,4,0,1,88.9,88.9,1,3,0,40.0,40.0
go-oas__docs,5,1,trivy,3,3,0,2,75.0,75.0,1,2,0,50.0,50.0
go-oas__docs,5,1,cdxgen,1,1,0,4,33.3,33.3,1,0,0,100.0,100.0
go-oas__docs,5,1,cyclonedx-gomod,1,1,0,4,33.3,33.3,1,0,0,100.0,100.0
go-ozzo__ozzo-routing,9,2,syft,8,8,0,1,94.1,82.4,2,6,0,40.0,20.0
go-ozzo__ozzo-routing,9,2,trivy,9,9,0,0,100.0,88.9,2,7,0,36.4,18.2
go-ozzo__ozzo-routing,9,2,cdxgen,2,2,0,7,36.4,18.2,2,0,0,100.0,50.0
go-ozzo__ozzo-routing,9,2,cyclonedx-gomod,2,2,0,7,36.4,36.4,2,0,0,100.0,100.0
go-ozzo__ozzo-validation,7,1,syft,6,6,0,1,92.3,92.3,1,5,0,28.6,28.6
go-ozzo__ozzo-validation,7,1,trivy,7,7,0,0,100.0,100.0,1,6,0,25.0,25.0
go-ozzo__ozzo-validation,7,1,cdxgen,1,1,0,6,25.0,25.0,1,0,0,100.0,100.0
go-ozzo__ozzo-validation,7,1,cyclonedx-gomod,1,1,0,6,25.0,25.0,1,0,0,100.0,100.0
go-playground__log,8,4,syft,4,4,0,4,66.7,66.7,4,0,0,100.0,100.0
go-playground__log,8,4,trivy,4,4,0,4,66.7,66.7,4,0,0,100.0,100.0
go-playground__log,8,4,cdxgen,4,4,0,4,66.7,66.7,4,0,0,100.0,100.0
go-playground__log,8,4,cyclonedx-gomod,4,4,0,4,66.7,66.7,4,0,0,100.0,100.0
go-playground__pure,3,3,syft,3,3,0,0,100.0,100.0,3,0,0,100.0,100.0
go-playground__pure,3,3,trivy,3,3,0,0,100.0,100.0,3,0,0,100.0,100.0
go-playground__pure,3,3,cdxgen,3,3,0,0,100.0,100.0,3,0,0,100.0,100.0
go-playground__pure,3,3,cyclonedx-gomod,3,3,0,0,100.0,100.0,3,0,0,100.0,100.0
go-playground__validator,17,7,syft,14,13,1,4,83.9,58.1,7,7,0,66.7,38.1
go-playground__validator,17,7,trivy,10,9,1,8,66.7,37.0,7,3,0,82.4,47.1
go-playground__validator,17,7,cdxgen,10,9,1,8,66.7,59.3,7,3,0,82.4,82.4
go-playground__validator,17,7,cyclonedx-gomod,7,7,0,10,58.3,58.3,7,0,0,100.0,100.0
go-playground__webhooks,7,1,syft,6,6,0,1,92.3,92.3,1,5,0,28.6,28.6
go-playground__webhooks,7,1,trivy,5,5,0,2,83.3,83.3,1,4,0,33.3,33.3
go-playground__webhooks,7,1,cdxgen,1,1,0,6,25.0,25.0,1,0,0,100.0,100.0
go-playground__webhooks,7,1,cyclonedx-gomod,1,1,0,6,25.0,25.0,1,0,0,100.0,100.0
go-reform__reform,25,10,syft,195,23,172,2,20.9,16.4,10,185,0,9.8,8.8
go-reform__reform,25,10,trivy,195,22,173,3,20.0,15.5,10,185,0,9.8,8.8
go-reform__reform,25,10,cdxgen,189,17,172,8,15.9,10.3,10,179,0,10.1,9.0
go-reform__reform,25,10,cyclonedx-gomod,9,9,0,16,52.9,52.9,9,0,1,94.7,94.7
go-rel__rel,28,2,syft,17,17,0,11,75.6,75.6,2,15,0,21.1,21.1
go-rel__rel,28,2,trivy,9,9,0,19,48.6,48.6,2,7,0,36.4,36.4
go-rel__rel,28,2,cdxgen,2,2,0,26,13.3,13.3,2,0,0,100.0,100.0
go-rel__rel,28,2,cyclonedx-gomod,2,2,0,26,13.3,13.3,2,0,0,100.0,100.0
go-resty__resty,5,1,syft,1,1,0,4,33.3,33.3,1,0,0,100.0,100.0
go-resty__resty,5,1,trivy,5,5,0,0,100.0,100.0,1,4,0,33.3,33.3
go-resty__resty,5,1,cdxgen,1,1,0,4,33.3,33.3,1,0,0,100.0,100.0
go-resty__resty,5,1,cyclonedx-gomod,1,1,0,4,33.3,33.3,1,0,0,100.0,100.0
go-sigma__sigma,1285,468,syft,621,620,1,665,65.1,64.1,467,154,1,85.8,84.5
go-sigma__sigma,1285,468,trivy,501,500,1,785,56.0,55.0,467,34,1,96.4,94.9
go-sigma__sigma,1285,468,cdxgen,468,468,0,817,53.4,52.5,468,0,0,100.0,98.5
go-sigma__sigma,1285,468,cyclonedx-gomod,486,485,1,800,54.8,54.8,465,21,3,97.5,97.5
go-sonic__sonic,211,97,syft,140,140,0,71,79.8,76.9,97,43,0,81.9,77.6
go-sonic__sonic,211,97,trivy,112,112,0,99,69.3,66.3,97,15,0,92.8,88.0
go-sonic__sonic,211,97,cdxgen,97,97,0,114,63.0,59.7,97,0,0,100.0,94.8
go-sonic__sonic,211,97,cyclonedx-gomod,109,109,0,102,68.1,68.1,97,12,0,94.2,94.2
go-spring__spring-core,41,15,syft,23,23,0,18,71.9,68.8,15,8,0,78.9,73.7
go-spring__spring-core,41,15,trivy,17,17,0,24,58.6,55.2,15,2,0,93.8,87.5
go-spring__spring-core,41,15,cdxgen,15,15,0,26,53.6,50.0,15,0,0,100.0,93.3
go-spring__spring-core,41,15,cyclonedx-gomod,17,17,0,24,58.6,58.6,15,2,0,93.8,93.8
go-sprout__sprout,26,13,syft,27,21,6,5,79.2,79.2,13,14,0,65.0,65.0
go-sprout__sprout,26,13,trivy,21,15,6,11,63.8,63.8,13,8,0,76.5,76.5
go-sprout__sprout,26,13,cdxgen,13,13,0,13,66.7,66.7,13,0,0,100.0,100.0
go-sprout__sprout,26,13,cyclonedx-gomod,13,13,0,13,66.7,66.7,13,0,0,100.0,100.0
go-sql-driver__mysql,1,1,syft,1,1,0,0,100.0,100.0,1,0,0,100.0,100.0
go-sql-driver__mysql,1,1,trivy,1,1,0,0,100.0,100.0,1,0,0,100.0,100.0
go-sql-driver__mysql,1,1,cdxgen,1,1,0,0,100.0,100.0,1,0,0,100.0,100.0
go-sql-driver__mysql,1,1,cyclonedx-gomod,1,1,0,0,100.0,100.0,1,0,0,100.0,100.0
go-swagger__go-swagger,87,61,syft,71,71,0,16,89.9,89.9,61,10,0,92.4,92.4
go-swagger__go-swagger,87,61,trivy,66,66,0,21,86.3,86.3,61,5,0,96.1,96.1
go-swagger__go-swagger,87,61,cdxgen,61,61,0,26,82.4,82.4,61,0,0,100.0,100.0
go-swagger__go-swagger,87,61,cyclonedx-gomod,61,61,0,26,82.4,82.4,61,0,0,100.0,100.0
go-task__task,385,124,syft,151,151,0,234,56.3,56.3,124,27,0,90.2,90.2
go-task__task,385,124,trivy,127,127,0,258,49.6,49.6,124,3,0,98.8,98.8
go-task__task,385,124,cdxgen,124,124,0,261,48.7,48.7,124,0,0,100.0,100.0
go-task__task,385,124,cyclonedx-gomod,124,124,0,261,48.7,48.7,123,1,1,99.2,99.2
go-the-way__exl,19,11,syft,12,12,0,7,77.4,77.4,11,1,0,95.7,95.7
go-the-way__exl,19,11,trivy,11,11,0,8,73.3,73.3,11,0,0,100.0,100.0
go-the-way__exl,19,11,cdxgen,11,11,0,8,73.3,73.3,11,0,0,100.0,100.0
go-the-way__exl,19,11,cyclonedx-gomod,11,11,0,8,73.3,73.3,11,0,0,100.0,100.0
go-the-way__validator,7,1,syft,6,6,0,1,92.3,92.3,1,5,0,28.6,28.6
go-the-way__validator,7,1,trivy,7,7,0,0,100.0,100.0,1,6,0,25.0,25.0
go-the-way__validator,7,1,cdxgen,1,1,0,6,25.0,25.0,1,0,0,100.0,100.0
go-the-way__validator,7,1,cyclonedx-gomod,1,1,0,6,25.0,25.0,1,0,0,100.0,100.0
go-vgo__robotgo,40,15,syft,28,28,0,12,82.4,82.4,15,13,0,69.8,69.8
go-vgo__robotgo,40,15,trivy,24,24,0,16,75.0,75.0,15,9,0,76.9,76.9
go-vgo__robotgo,40,15,cdxgen,15,15,0,25,54.5,54.5,15,0,0,100.0,100.0
go-vgo__robotgo,40,15,cyclonedx-gomod,24,24,0,16,75.0,75.0,15,9,0,76.9,76.9
go-zoox__fetch,15,7,syft,10,10,0,5,80.0,80.0,7,3,0,82.4,82.4
go-zoox__fetch,15,7,trivy,9,9,0,6,75.0,75.0,7,2,0,87.5,87.5
go-zoox__fetch,15,7,cdxgen,7,7,0,8,63.6,63.6,7,0,0,100.0,100.0
go-zoox__fetch,15,7,cyclonedx-gomod,7,7,0,8,63.6,63.6,7,0,0,100.0,100.0
goadesign__goa,70,20,syft,50,49,1,21,81.7,80.0,20,30,0,57.1,57.1
goadesign__goa,70,20,trivy,35,34,1,36,64.8,64.8,20,15,0,72.7,72.7
goadesign__goa,70,20,cdxgen,20,20,0,50,44.4,44.4,20,0,0,100.0,100.0
goadesign__goa,70,20,cyclonedx-gomod,20,20,0,50,44.4,44.4,20,0,0,100.0,100.0
gobeam__mongo-go-pagination,55,12,syft,22,22,0,33,57.1,57.1,12,10,0,70.6,70.6
gobeam__mongo-go-pagination,55,12,trivy,55,55,0,0,100.0,100.0,12,43,0,35.8,35.8
gobeam__mongo-go-pagination,55,12,cdxgen,12,12,0,43,35.8,35.8,12,0,0,100.0,100.0
gobeam__mongo-go-pagination,55,12,cyclonedx-gomod,12,12,0,43,35.8,35.8,12,0,0,100.0,100.0
gobuffalo__pop,71,50,syft,60,60,0,11,91.6,90.1,50,10,0,90.9,89.1
gobuffalo__pop,71,50,trivy,57,57,0,14,89.1,87.5,50,7,0,93.5,91.6
gobuffalo__pop,71,50,cdxgen,50,50,0,21,82.6,81.0,50,0,0,100.0,98.0
gobuffalo__pop,71,50,cyclonedx-gomod,52,52,0,19,84.6,84.6,50,2,0,98.0,98.0
gobuffalo__validate,8,2,syft,7,7,0,1,93.3,80.0,2,5,0,44.4,22.2
gobuffalo__validate,8,2,trivy,8,8,0,0,100.0,87.5,2,6,0,40.0,20.0
gobuffalo__validate,8,2,cdxgen,2,2,0,6,40.0,20.0,2,0,0,100.0,50.0
gobuffalo__validate,8,2,cyclonedx-gomod,2,2,0,6,40.0,40.0,2,0,0,100.0,100.0
goccmack__gocc,2,1,syft,1,1,0,1,66.7,66.7,1,0,0,100.0,100.0
goccmack__gocc,2,1,trivy,2,2,0,0,100.0,100.0,1,1,0,66.7,66.7
goccmack__gocc,2,1,cdxgen,1,1,0,1,66.7,66.7,1,0,0,100.0,100.0
goccmack__gocc,2,1,cyclonedx-gomod,1,1,0,1,66.7,66.7,1,0,0,100.0,100.0
godror__godror,23,5,syft,21,17,4,6,77.3,72.7,5,16,0,38.5,38.5
godror__godror,23,5,trivy,17,13,4,10,65.0,60.0,5,12,0,45.5,45.5
godror__godror,23,5,cdxgen,8,6,2,17,38.7,32.3,5,3,0,76.9,76.9
godror__godror,23,5,cyclonedx-gomod,6,6,0,17,41.4,41.4,5,1,0,90.9,90.9
gofiber__fiber,29,17,syft,24,24,0,5,90.6,90.6,17,7,0,82.9,82.9
gofiber__fiber,29,17,trivy,22,22,0,7,86.3,86.3,17,5,0,87.2,87.2
gofiber__fiber,29,17,cdxgen,17,17,0,12,73.9,73.9,17,0,0,100.0,100.0
gofiber__fiber,29,17,cyclonedx-gomod,17,17,0,12,73.9,73.9,17,0,0,100.0,100.0
gogf__gf,43,27,syft,255,42,213,1,28.2,26.8,27,228,0,19.1,19.1
gogf__gf,43,27,trivy,216,35,181,8,27.0,24.7,27,189,0,22.2,21.4
gogf__gf,43,27,cdxgen,0,0,0,43,0.0,0.0,0,0,27,0.0,0.0
gogf__gf,43,27,cyclonedx-gomod,27,27,0,16,77.1,77.1,27,0,0,100.0,100.0
gogpu__gg,14,8,syft,24,11,13,3,57.9,15.8,8,16,0,50.0,6.3
gogpu__gg,14,8,trivy,23,10,13,4,54.1,54.1,8,15,0,51.6,51.6
gogpu__gg,14,8,cdxgen,10,9,1,5,75.0,75.0,8,2,0,88.9,88.9
gogpu__gg,14,8,cyclonedx-gomod,9,9,0,5,78.3,78.3,8,1,0,94.1,94.1
gogpu__gogpu,7,6,syft,7,7,0,0,100.0,100.0,6,1,0,92.3,92.3
gogpu__gogpu,7,6,trivy,7,7,0,0,100.0,100.0,6,1,0,92.3,92.3
gogpu__gogpu,7,6,cdxgen,6,6,0,1,92.3,92.3,6,0,0,100.0,100.0
gogpu__gogpu,7,6,cyclonedx-gomod,7,7,0,0,100.0,100.0,6,1,0,92.3,92.3
gogpu__systray,3,1,syft,3,3,0,0,100.0,100.0,1,2,0,50.0,50.0
gogpu__systray,3,1,trivy,3,3,0,0,100.0,100.0,1,2,0,50.0,50.0
gogpu__systray,3,1,cdxgen,1,1,0,2,50.0,50.0,1,0,0,100.0,100.0
gogpu__systray,3,1,cyclonedx-gomod,3,3,0,0,100.0,100.0,1,2,0,50.0,50.0
gogpu__ui,17,12,syft,18,14,4,3,80.0,80.0,12,6,0,80.0,80.0
gogpu__ui,17,12,trivy,17,13,4,4,76.5,76.5,12,5,0,82.8,82.8
gogpu__ui,17,12,cdxgen,12,12,0,5,82.8,82.8,12,0,0,100.0,100.0
gogpu__ui,17,12,cyclonedx-gomod,12,12,0,5,82.8,82.8,11,1,1,91.7,91.7
gogpu__wgpu,5,4,syft,5,5,0,0,100.0,100.0,4,1,0,88.9,88.9
gogpu__wgpu,5,4,trivy,5,5,0,0,100.0,100.0,4,1,0,88.9,88.9
gogpu__wgpu,5,4,cdxgen,4,4,0,1,88.9,88.9,4,0,0,100.0,100.0
gogpu__wgpu,5,4,cyclonedx-gomod,5,5,0,0,100.0,100.0,4,1,0,88.9,88.9
gographics__imagick,0,1,syft,2,0,2,0,0.0,0.0,1,1,0,66.7,66.7
gographics__imagick,0,1,trivy,2,0,2,0,0.0,0.0,1,1,0,66.7,66.7
gographics__imagick,0,1,cdxgen,1,0,1,0,0.0,0.0,1,0,0,100.0,100.0
gographics__imagick,0,1,cyclonedx-gomod,1,0,1,0,0.0,0.0,1,0,0,100.0,100.0
goioc__di,8,2,syft,7,7,0,1,93.3,93.3,2,5,0,44.4,44.4
goioc__di,8,2,trivy,6,6,0,2,85.7,85.7,2,4,0,50.0,50.0
goioc__di,8,2,cdxgen,2,2,0,6,40.0,40.0,2,0,0,100.0,100.0
goioc__di,8,2,cyclonedx-gomod,2,2,0,6,40.0,40.0,2,0,0,100.0,100.0
goioc__retro,9,1,syft,7,7,0,2,87.5,87.5,1,6,0,25.0,25.0
goioc__retro,9,1,trivy,6,6,0,3,80.0,80.0,1,5,0,28.6,28.6
goioc__retro,9,1,cdxgen,1,1,0,8,20.0,20.0,1,0,0,100.0,100.0
goioc__retro,9,1,cyclonedx-gomod,1,1,0,8,20.0,20.0,1,0,0,100.0,100.0
gojek__darkroom,274,55,syft,79,79,0,195,44.8,42.5,55,24,0,82.1,79.1
gojek__darkroom,274,55,trivy,66,66,0,208,38.8,37.6,55,11,0,90.9,87.6
gojek__darkroom,274,55,cdxgen,55,55,0,219,33.4,32.2,55,0,0,100.0,96.4
gojek__darkroom,274,55,cyclonedx-gomod,63,63,0,211,37.4,37.4,54,9,1,91.5,91.5
gojektech__heimdall,20,10,syft,14,14,0,6,82.4,70.6,10,4,0,83.3,75.0
gojektech__heimdall,20,10,trivy,11,11,0,9,71.0,64.5,10,1,0,95.2,85.7
gojektech__heimdall,20,10,cdxgen,10,10,0,10,66.7,60.0,10,0,0,100.0,90.0
gojektech__heimdall,20,10,cyclonedx-gomod,9,9,0,11,62.1,62.1,9,0,1,94.7,94.7
gojuno__minimock,38,10,syft,441,33,408,5,13.8,7.5,10,431,0,4.4,4.4
gojuno__minimock,38,10,trivy,440,31,409,7,13.0,6.3,10,430,0,4.4,4.4
gojuno__minimock,38,10,cdxgen,437,29,408,9,12.2,5.5,10,427,0,4.5,4.5
gojuno__minimock,38,10,cyclonedx-gomod,10,10,0,28,41.7,41.7,10,0,0,100.0,100.0
golang-design__clipboard,13,3,syft,6,6,0,7,63.2,63.2,3,3,0,66.7,66.7
golang-design__clipboard,13,3,trivy,6,6,0,7,63.2,63.2,3,3,0,66.7,66.7
golang-design__clipboard,13,3,cdxgen,3,3,0,10,37.5,37.5,3,0,0,100.0,100.0
golang-design__clipboard,13,3,cyclonedx-gomod,6,6,0,7,63.2,63.2,3,3,0,66.7,66.7
golang-migrate__migrate,502,175,syft,260,260,0,242,68.2,66.4,175,85,0,80.5,78.6
golang-migrate__migrate,502,175,trivy,208,208,0,294,58.6,57.2,175,33,0,91.4,89.3
golang-migrate__migrate,502,175,cdxgen,175,175,0,327,51.7,50.5,175,0,0,100.0,97.7
golang-migrate__migrate,502,175,cyclonedx-gomod,195,195,0,307,56.0,56.0,175,20,0,94.6,94.6
golang-module__dongle,11,2,syft,7,7,0,4,77.8,77.8,2,5,0,44.4,44.4
golang-module__dongle,11,2,trivy,6,6,0,5,70.6,70.6,2,4,0,50.0,50.0
golang-module__dongle,11,2,cdxgen,2,2,0,9,30.8,30.8,2,0,0,100.0,100.0
golang-module__dongle,11,2,cyclonedx-gomod,2,2,0,9,30.8,30.8,2,0,0,100.0,100.0
golang__geo,2,1,syft,2,2,0,0,100.0,100.0,1,1,0,66.7,66.7
golang__geo,2,1,trivy,2,2,0,0,100.0,100.0,1,1,0,66.7,66.7
golang__geo,2,1,cdxgen,1,1,0,1,66.7,66.7,1,0,0,100.0,100.0
golang__geo,2,1,cyclonedx-gomod,1,1,0,1,66.7,66.7,1,0,0,100.0,100.0
golang__groupcache,4,2,syft,3,3,0,1,85.7,85.7,2,1,0,80.0,80.0
golang__groupcache,4,2,trivy,2,2,0,2,66.7,66.7,2,0,0,100.0,100.0
golang__groupcache,4,2,cdxgen,2,2,0,2,66.7,66.7,2,0,0,100.0,100.0
golang__groupcache,4,2,cyclonedx-gomod,2,2,0,2,66.7,66.7,2,0,0,100.0,100.0
golang__oauth2,1,1,syft,1,1,0,0,100.0,100.0,1,0,0,100.0,100.0
golang__oauth2,1,1,trivy,1,1,0,0,100.0,100.0,1,0,0,100.0,100.0
golang__oauth2,1,1,cdxgen,1,1,0,0,100.0,100.0,1,0,0,100.0,100.0
golang__oauth2,1,1,cyclonedx-gomod,1,1,0,0,100.0,100.0,1,0,0,100.0,100.0
golang__protobuf,3,1,syft,2,2,0,1,80.0,80.0,1,1,0,66.7,66.7
golang__protobuf,3,1,trivy,3,3,0,0,100.0,100.0,1,2,0,50.0,50.0
golang__protobuf,3,1,cdxgen,1,1,0,2,50.0,50.0,1,0,0,100.0,100.0
golang__protobuf,3,1,cyclonedx-gomod,1,1,0,2,50.0,50.0,1,0,0,100.0,100.0
golang__tools,10,5,syft,37,8,29,2,34.0,34.0,5,32,0,23.8,23.8
golang__tools,10,5,trivy,30,8,22,2,40.0,40.0,5,25,0,28.6,28.6
golang__tools,10,5,cdxgen,25,8,17,2,45.7,40.0,5,20,0,33.3,33.3
golang__tools,10,5,cyclonedx-gomod,6,6,0,4,75.0,75.0,5,1,0,90.9,90.9
golang__vscode-go,7,2,syft,42,4,38,3,16.3,16.3,2,40,0,9.1,9.1
golang__vscode-go,7,2,trivy,43,4,39,3,16.0,16.0,2,41,0,8.9,8.9
golang__vscode-go,7,2,cdxgen,0,0,0,7,0.0,0.0,0,0,2,0.0,0.0
golang__vscode-go,7,2,cyclonedx-gomod,3,3,0,4,60.0,60.0,2,1,0,80.0,80.0
golangci__golangci-lint,398,208,syft,301,266,35,132,76.1,69.8,208,93,0,81.7,79.0
golangci__golangci-lint,398,208,trivy,273,245,28,153,73.0,67.1,208,65,0,86.5,83.6
golangci__golangci-lint,398,208,cdxgen,267,245,22,153,73.7,70.1,208,59,0,87.6,87.6
golangci__golangci-lint,398,208,cyclonedx-gomod,211,211,0,187,69.3,69.3,208,3,0,99.3,99.3
golobby__config,16,5,syft,12,12,0,4,85.7,85.7,5,7,0,58.8,58.8
golobby__config,16,5,trivy,16,16,0,0,100.0,100.0,5,11,0,47.6,47.6
golobby__config,16,5,cdxgen,5,5,0,11,47.6,47.6,5,0,0,100.0,100.0
golobby__config,16,5,cyclonedx-gomod,5,5,0,11,47.6,47.6,5,0,0,100.0,100.0
golobby__orm,45,15,syft,33,28,5,17,71.8,69.2,15,18,0,62.5,58.3
golobby__orm,45,15,trivy,26,21,5,24,59.2,56.3,15,11,0,73.2,68.3
golobby__orm,45,15,cdxgen,15,15,0,30,50.0,46.7,15,0,0,100.0,93.3
golobby__orm,45,15,cyclonedx-gomod,16,16,0,29,52.5,52.5,15,1,0,96.8,96.8
gomlx__gomlx,126,39,syft,80,70,10,56,68.0,66.0,39,41,0,65.5,63.9
gomlx__gomlx,126,39,trivy,68,58,10,68,59.8,57.7,39,29,0,72.9,71.0
gomlx__gomlx,126,39,cdxgen,51,44,7,82,49.7,44.1,39,12,0,86.7,84.4
gomlx__gomlx,126,39,cyclonedx-gomod,40,40,0,86,48.2,48.2,36,4,3,91.1,91.1
gone-io__gone,9,1,syft,2,1,1,8,18.2,18.2,1,1,0,66.7,66.7
gone-io__gone,9,1,trivy,10,9,1,0,94.7,94.7,1,9,0,18.2,18.2
gone-io__gone,9,1,cdxgen,1,1,0,8,20.0,20.0,1,0,0,100.0,100.0
gone-io__gone,9,1,cyclonedx-gomod,1,1,0,8,20.0,20.0,1,0,0,100.0,100.0
gontainer__gontainer,61,12,syft,19,19,0,42,47.5,47.5,12,7,0,77.4,77.4
gontainer__gontainer,61,12,trivy,16,16,0,45,41.6,41.6,12,4,0,85.7,85.7
gontainer__gontainer,61,12,cdxgen,12,12,0,49,32.9,32.9,12,0,0,100.0,100.0
gontainer__gontainer,61,12,cyclonedx-gomod,13,13,0,48,35.1,35.1,12,1,0,96.0,96.0
gontainer__reflectpro,7,1,syft,6,6,0,1,92.3,92.3,1,5,0,28.6,28.6
gontainer__reflectpro,7,1,trivy,7,7,0,0,100.0,100.0,1,6,0,25.0,25.0
gontainer__reflectpro,7,1,cdxgen,1,1,0,6,25.0,25.0,1,0,0,100.0,100.0
gontainer__reflectpro,7,1,cyclonedx-gomod,1,1,0,6,25.0,25.0,1,0,0,100.0,100.0
gonum__gonum,38,10,syft,21,21,0,17,71.2,71.2,10,11,0,64.5,64.5
gonum__gonum,38,10,trivy,18,18,0,20,64.3,64.3,10,8,0,71.4,71.4
gonum__gonum,38,10,cdxgen,10,10,0,28,41.7,41.7,10,0,0,100.0,100.0
gonum__gonum,38,10,cyclonedx-gomod,16,16,0,22,59.3,59.3,10,6,0,76.9,76.9
gonum__plot,38,9,syft,20,20,0,18,69.0,69.0,9,11,0,62.1,62.1
gonum__plot,38,9,trivy,17,17,0,21,61.8,61.8,9,8,0,69.2,69.2
gonum__plot,38,9,cdxgen,9,9,0,29,38.3,38.3,9,0,0,100.0,100.0
gonum__plot,38,9,cyclonedx-gomod,15,15,0,23,56.6,56.6,9,6,0,75.0,75.0
gonutz__prototype,6,2,syft,5,5,0,1,90.9,90.9,2,3,0,57.1,57.1
gonutz__prototype,6,2,trivy,6,6,0,0,100.0,100.0,2,4,0,50.0,50.0
gonutz__prototype,6,2,cdxgen,2,2,0,4,50.0,50.0,2,0,0,100.0,100.0
gonutz__prototype,6,2,cyclonedx-gomod,6,6,0,0,100.0,100.0,2,4,0,50.0,50.0
google__cayley,440,91,syft,145,145,0,295,49.6,46.5,91,54,0,77.1,74.6
google__cayley,440,91,trivy,128,128,0,312,45.1,42.6,91,37,0,83.1,80.4
google__cayley,440,91,cdxgen,91,91,0,349,34.3,33.1,91,0,0,100.0,96.7
google__cayley,440,91,cyclonedx-gomod,116,116,0,324,41.7,41.7,91,25,0,87.9,87.9
google__cel-go,17,8,syft,21,11,10,6,57.9,52.6,8,13,0,55.2,48.3
google__cel-go,17,8,trivy,20,10,10,7,54.1,54.1,8,12,0,57.1,57.1
google__cel-go,17,8,cdxgen,21,10,11,7,52.6,52.6,8,13,0,55.2,55.2
google__cel-go,17,8,cyclonedx-gomod,8,8,0,9,64.0,64.0,8,0,0,100.0,100.0
google__gnxi,401,50,syft,68,68,0,333,29.0,27.3,50,18,0,84.7,79.7
google__gnxi,401,50,trivy,401,401,0,0,100.0,97.8,50,351,0,22.2,20.8
google__gnxi,401,50,cdxgen,50,50,0,351,22.2,20.8,50,0,0,100.0,94.0
google__gnxi,401,50,cyclonedx-gomod,52,52,0,349,23.0,23.0,50,2,0,98.0,98.0
google__go-github,2,1,syft,221,2,219,0,1.8,0.9,1,220,0,0.9,0.9
google__go-github,2,1,trivy,105,2,103,0,3.7,3.7,1,104,0,1.9,1.9
google__go-github,2,1,cdxgen,95,1,94,1,2.1,2.1,1,94,0,2.1,2.1
google__go-github,2,1,cyclonedx-gomod,1,1,0,1,66.7,66.7,1,0,0,100.0,100.0
google__gopacket,6,2,syft,4,4,0,2,80.0,80.0,2,2,0,66.7,66.7
google__gopacket,6,2,trivy,6,6,0,0,100.0,100.0,2,4,0,50.0,50.0
google__gopacket,6,2,cdxgen,2,2,0,4,50.0,50.0,2,0,0,100.0,100.0
google__gopacket,6,2,cyclonedx-gomod,2,2,0,4,50.0,50.0,2,0,0,100.0,100.0
google__ko,499,156,syft,258,253,5,246,66.8,65.5,156,102,0,75.4,73.4
google__ko,499,156,trivy,167,162,5,337,48.6,47.1,156,11,0,96.6,94.1
google__ko,499,156,cdxgen,156,156,0,343,47.6,46.4,156,0,0,100.0,97.4
google__ko,499,156,cyclonedx-gomod,160,160,0,339,48.6,48.6,155,5,1,98.1,98.1
google__starlark-go,8,4,syft,7,7,0,1,93.3,93.3,4,3,0,72.7,72.7
google__starlark-go,8,4,trivy,8,8,0,0,100.0,100.0,4,4,0,66.7,66.7
google__starlark-go,8,4,cdxgen,4,4,0,4,66.7,66.7,4,0,0,100.0,100.0
google__starlark-go,8,4,cyclonedx-gomod,4,4,0,4,66.7,66.7,4,0,0,100.0,100.0
gookit__color,4,1,syft,11,4,7,0,53.3,53.3,1,10,0,16.7,16.7
gookit__color,4,1,trivy,11,4,7,0,53.3,53.3,1,10,0,16.7,16.7
gookit__color,4,1,cdxgen,8,2,6,2,33.3,33.3,1,7,0,22.2,22.2
gookit__color,4,1,cyclonedx-gomod,2,2,0,2,66.7,66.7,1,1,0,66.7,66.7
gookit__config,18,13,syft,16,16,0,2,94.1,94.1,13,3,0,89.7,89.7
gookit__config,18,13,trivy,13,13,0,5,83.9,83.9,13,0,0,100.0,100.0
gookit__config,18,13,cdxgen,13,13,0,5,83.9,83.9,13,0,0,100.0,100.0
gookit__config,18,13,cyclonedx-gomod,13,13,0,5,83.9,83.9,13,0,0,100.0,100.0
gookit__filter,7,2,syft,5,5,0,2,83.3,83.3,2,3,0,57.1,57.1
gookit__filter,7,2,trivy,4,4,0,3,72.7,72.7,2,2,0,66.7,66.7
gookit__filter,7,2,cdxgen,2,2,0,5,44.4,44.4,2,0,0,100.0,100.0
gookit__filter,7,2,cyclonedx-gomod,2,2,0,5,44.4,44.4,2,0,0,100.0,100.0
gookit__rux,8,6,syft,69,8,61,0,20.8,10.4,6,63,0,16.0,10.7
gookit__rux,8,6,trivy,77,8,69,0,18.8,7.1,6,71,0,14.5,7.2
gookit__rux,8,6,cdxgen,40,6,34,2,25.0,20.8,6,34,0,26.1,21.7
gookit__rux,8,6,cyclonedx-gomod,6,6,0,2,85.7,85.7,6,0,0,100.0,100.0
gookit__slog,13,9,syft,28,11,17,2,53.7,53.7,9,19,0,48.6,48.6
gookit__slog,13,9,trivy,20,9,11,4,54.5,54.5,9,11,0,62.1,62.1
gookit__slog,13,9,cdxgen,17,9,8,4,60.0,60.0,9,8,0,69.2,69.2
gookit__slog,13,9,cyclonedx-gomod,9,9,0,4,81.8,81.8,9,0,0,100.0,100.0
gookit__validate,8,3,syft,18,6,12,2,46.2,46.2,3,15,0,28.6,28.6
gookit__validate,8,3,trivy,13,6,7,2,57.1,57.1,3,10,0,37.5,37.5
gookit__validate,8,3,cdxgen,3,3,0,5,54.5,54.5,3,0,0,100.0,100.0
gookit__validate,8,3,cyclonedx-gomod,3,3,0,5,54.5,54.5,3,0,0,100.0,100.0
gopherjs__gopherjs,26,13,syft,20,20,0,6,87.0,87.0,13,7,0,78.8,78.8
gopherjs__gopherjs,26,13,trivy,16,16,0,10,76.2,76.2,13,3,0,89.7,89.7
gopherjs__gopherjs,26,13,cdxgen,13,13,0,13,66.7,66.7,13,0,0,100.0,100.0
gopherjs__gopherjs,26,13,cyclonedx-gomod,14,14,0,12,70.0,70.0,13,1,0,96.3,96.3
gopherlibs__appindicator,1,1,syft,1,1,0,0,100.0,100.0,1,0,0,100.0,100.0
gopherlibs__appindicator,1,1,trivy,1,1,0,0,100.0,100.0,1,0,0,100.0,100.0
gopherlibs__appindicator,1,1,cdxgen,1,1,0,0,100.0,100.0,1,0,0,100.0,100.0
gopherlibs__appindicator,1,1,cyclonedx-gomod,1,1,0,0,100.0,100.0,1,0,0,100.0,100.0
gopinath-langote__1build,106,22,syft,29,29,0,77,43.0,43.0,22,7,0,86.3,86.3
gopinath-langote__1build,106,22,trivy,26,26,0,80,39.4,39.4,22,4,0,91.7,91.7
gopinath-langote__1build,106,22,cdxgen,22,22,0,84,34.4,34.4,22,0,0,100.0,100.0
gopinath-langote__1build,106,22,cyclonedx-gomod,23,23,0,83,35.7,35.7,22,1,0,97.8,97.8
goptics__vizb,81,20,syft,30,30,0,51,54.1,54.1,20,10,0,80.0,80.0
goptics__vizb,81,20,trivy,28,28,0,53,51.4,51.4,20,8,0,83.3,83.3
goptics__vizb,81,20,cdxgen,20,20,0,61,39.6,39.6,20,0,0,100.0,100.0
goptics__vizb,81,20,cyclonedx-gomod,21,21,0,60,41.2,41.2,20,1,0,97.6,97.6
gopxl__beep,37,21,syft,25,25,0,12,80.6,80.6,21,4,0,91.3,91.3
gopxl__beep,37,21,trivy,23,23,0,14,76.7,76.7,21,2,0,95.5,95.5
gopxl__beep,37,21,cdxgen,21,21,0,16,72.4,72.4,21,0,0,100.0,100.0
gopxl__beep,37,21,cyclonedx-gomod,22,22,0,15,74.6,74.6,21,1,0,97.7,97.7
gopxl__pixel,20,8,syft,20,14,6,6,70.0,70.0,8,12,0,57.1,57.1
gopxl__pixel,20,8,trivy,19,13,6,7,66.7,66.7,8,11,0,59.3,59.3
gopxl__pixel,20,8,cdxgen,12,8,4,12,50.0,50.0,8,4,0,80.0,80.0
gopxl__pixel,20,8,cyclonedx-gomod,8,8,0,12,57.1,57.1,8,0,0,100.0,100.0
goradd__got,11,1,syft,6,6,0,5,70.6,70.6,1,5,0,28.6,28.6
goradd__got,11,1,trivy,5,5,0,6,62.5,62.5,1,4,0,33.3,33.3
goradd__got,11,1,cdxgen,1,1,0,10,16.7,16.7,1,0,0,100.0,100.0
goradd__got,11,1,cyclonedx-gomod,1,1,0,10,16.7,16.7,1,0,0,100.0,100.0
goravel__goravel,247,131,syft,175,175,0,72,82.9,82.9,131,44,0,85.6,85.6
goravel__goravel,247,131,trivy,145,145,0,102,74.0,74.0,131,14,0,94.9,94.9
goravel__goravel,247,131,cdxgen,131,131,0,116,69.3,69.3,131,0,0,100.0,100.0
goravel__goravel,247,131,cyclonedx-gomod,143,143,0,104,73.3,73.3,130,13,1,94.9,94.9
goraz__onion,175,15,syft,59,59,0,116,50.4,47.0,15,44,0,40.5,35.1
goraz__onion,175,15,trivy,26,26,0,149,25.9,22.9,15,11,0,73.2,63.4
goraz__onion,175,15,cdxgen,15,15,0,160,15.8,13.7,15,0,0,100.0,86.7
goraz__onion,175,15,cyclonedx-gomod,15,15,0,160,15.8,15.8,15,0,0,100.0,100.0
gordonklaus__portaudio,0,1,syft,1,0,1,0,0.0,0.0,1,0,0,100.0,100.0
gordonklaus__portaudio,0,1,trivy,1,0,1,0,0.0,0.0,1,0,0,100.0,100.0
gordonklaus__portaudio,0,1,cdxgen,1,0,1,0,0.0,0.0,1,0,0,100.0,100.0
gordonklaus__portaudio,0,1,cyclonedx-gomod,1,0,1,0,0.0,0.0,1,0,0,100.0,100.0
goreleaser__goreleaser,932,332,syft,470,467,3,465,66.6,65.6,332,138,0,82.8,81.8
goreleaser__goreleaser,932,332,trivy,373,369,4,563,56.6,55.6,332,41,0,94.2,93.0
goreleaser__goreleaser,932,332,cdxgen,333,332,1,600,52.5,51.9,332,1,0,99.8,98.6
goreleaser__goreleaser,932,332,cyclonedx-gomod,336,336,0,596,53.0,53.0,328,8,4,98.2,98.2
gorgonia__gorgonia,123,27,syft,40,40,0,83,49.1,46.6,27,13,0,80.6,74.6
gorgonia__gorgonia,123,27,trivy,123,123,0,0,100.0,98.4,27,96,0,36.0,33.3
gorgonia__gorgonia,123,27,cdxgen,27,27,0,96,36.0,33.3,27,0,0,100.0,92.6
gorgonia__gorgonia,123,27,cyclonedx-gomod,27,27,0,96,36.0,36.0,27,0,0,100.0,100.0
gorilla__csrf,2,1,syft,6,2,4,0,50.0,25.0,1,5,0,28.6,0.0
gorilla__csrf,2,1,trivy,8,2,6,0,40.0,20.0,1,7,0,22.2,0.0
gorilla__csrf,2,1,cdxgen,5,1,4,1,28.6,28.6,1,4,0,33.3,33.3
gorilla__csrf,2,1,cyclonedx-gomod,1,1,0,1,66.7,66.7,1,0,0,100.0,100.0
gosimple__slug,1,1,syft,1,1,0,0,100.0,100.0,1,0,0,100.0,100.0
gosimple__slug,1,1,trivy,1,1,0,0,100.0,100.0,1,0,0,100.0,100.0
gosimple__slug,1,1,cdxgen,1,1,0,0,100.0,100.0,1,0,0,100.0,100.0
gosimple__slug,1,1,cyclonedx-gomod,1,1,0,0,100.0,100.0,1,0,0,100.0,100.0
gosuri__uiprogress,3,1,syft,2,2,0,1,80.0,80.0,1,1,0,66.7,66.7
gosuri__uiprogress,3,1,trivy,3,3,0,0,100.0,100.0,1,2,0,50.0,50.0
gosuri__uiprogress,3,1,cdxgen,1,1,0,2,50.0,50.0,1,0,0,100.0,100.0
gosuri__uiprogress,3,1,cyclonedx-gomod,3,3,0,0,100.0,100.0,1,2,0,50.0,50.0
gotestyourself__gotest.tools,7,4,syft,6,5,1,2,76.9,61.5,4,2,0,80.0,60.0
gotestyourself__gotest.tools,7,4,trivy,5,4,1,3,66.7,50.0,4,1,0,88.9,66.7
gotestyourself__gotest.tools,7,4,cdxgen,4,4,0,3,72.7,72.7,4,0,0,100.0,100.0
gotestyourself__gotest.tools,7,4,cyclonedx-gomod,4,4,0,3,72.7,72.7,4,0,0,100.0,100.0
gotidy__copy,1,1,syft,1,1,0,0,100.0,100.0,1,0,0,100.0,100.0
gotidy__copy,1,1,trivy,1,1,0,0,100.0,100.0,1,0,0,100.0,100.0
gotidy__copy,1,1,cdxgen,1,1,0,0,100.0,100.0,1,0,0,100.0,100.0
gotidy__copy,1,1,cyclonedx-gomod,1,1,0,0,100.0,100.0,1,0,0,100.0,100.0
gotranspile__cxgo,22,12,syft,19,19,0,3,92.7,92.7,12,7,0,77.4,77.4
gotranspile__cxgo,22,12,trivy,16,16,0,6,84.2,84.2,12,4,0,85.7,85.7
gotranspile__cxgo,22,12,cdxgen,12,12,0,10,70.6,70.6,12,0,0,100.0,100.0
gotranspile__cxgo,22,12,cyclonedx-gomod,13,13,0,9,74.3,74.3,12,1,0,96.0,96.0
govalues__money,1,1,syft,1,1,0,0,100.0,100.0,1,0,0,100.0,100.0
govalues__money,1,1,trivy,1,1,0,0,100.0,100.0,1,0,0,100.0,100.0
govalues__money,1,1,cdxgen,1,1,0,0,100.0,100.0,1,0,0,100.0,100.0
govalues__money,1,1,cyclonedx-gomod,1,1,0,0,100.0,100.0,1,0,0,100.0,100.0
goxjs__gl,0,1,syft,1,0,1,0,0.0,0.0,1,0,0,100.0,100.0
goxjs__gl,0,1,trivy,1,0,1,0,0.0,0.0,1,0,0,100.0,100.0
goxjs__gl,0,1,cdxgen,1,0,1,0,0.0,0.0,1,0,0,100.0,100.0
goxjs__gl,0,1,cyclonedx-gomod,1,0,1,0,0.0,0.0,1,0,0,100.0,100.0
goxjs__glfw,0,1,syft,1,0,1,0,0.0,0.0,1,0,0,100.0,100.0
goxjs__glfw,0,1,trivy,1,0,1,0,0.0,0.0,1,0,0,100.0,100.0
goxjs__glfw,0,1,cdxgen,1,0,1,0,0.0,0.0,1,0,0,100.0,100.0
goxjs__glfw,0,1,cyclonedx-gomod,1,0,1,0,0.0,0.0,1,0,0,100.0,100.0
grafana__k6,173,89,syft,109,104,5,69,73.8,66.0,89,20,0,89.9,79.8
grafana__k6,173,89,trivy,100,95,5,78,69.6,63.0,89,11,0,94.2,85.7
grafana__k6,173,89,cdxgen,0,0,0,173,0.0,0.0,0,0,89,0.0,0.0
grafana__k6,173,89,cyclonedx-gomod,90,90,0,83,68.4,68.4,89,1,0,99.4,99.4
greencoda__confiq,9,8,syft,9,9,0,0,100.0,100.0,8,1,0,94.1,94.1
greencoda__confiq,9,8,trivy,8,8,0,1,94.1,94.1,8,0,0,100.0,100.0
greencoda__confiq,9,8,cdxgen,8,8,0,1,94.1,94.1,8,0,0,100.0,100.0
greencoda__confiq,9,8,cyclonedx-gomod,8,8,0,1,94.1,94.1,8,0,0,100.0,100.0
groovili__gogtrends,11,4,syft,10,9,1,2,85.7,85.7,4,6,0,57.1,57.1
groovili__gogtrends,11,4,trivy,12,11,1,0,95.7,95.7,4,8,0,50.0,50.0
groovili__gogtrends,11,4,cdxgen,4,4,0,7,53.3,53.3,4,0,0,100.0,100.0
groovili__gogtrends,11,4,cyclonedx-gomod,4,4,0,7,53.3,53.3,4,0,0,100.0,100.0
grpc__grpc-go,66,32,syft,113,45,68,21,50.3,39.1,32,81,0,44.1,38.6
grpc__grpc-go,66,32,trivy,104,40,64,26,47.1,43.5,32,72,0,47.1,47.1
grpc__grpc-go,66,32,cdxgen,81,36,45,30,49.0,47.6,32,49,0,56.6,56.6
grpc__grpc-go,66,32,cyclonedx-gomod,33,33,0,33,66.7,66.7,32,1,0,98.5,98.5
guumaster__hostctl,105,25,syft,40,40,0,65,55.2,52.4,25,15,0,76.9,70.8
guumaster__hostctl,105,25,trivy,35,35,0,70,50.0,47.1,25,10,0,83.3,76.7
guumaster__hostctl,105,25,cdxgen,25,25,0,80,38.5,35.4,25,0,0,100.0,92.0
guumaster__hostctl,105,25,cyclonedx-gomod,29,29,0,76,43.3,43.3,25,4,0,92.6,92.6
h2non__imaginary,44,5,syft,13,13,0,31,45.6,45.6,5,8,0,55.6,55.6
h2non__imaginary,44,5,trivy,44,44,0,0,100.0,97.7,5,39,0,20.4,20.4
h2non__imaginary,44,5,cdxgen,5,5,0,39,20.4,20.4,5,0,0,100.0,100.0
h2non__imaginary,44,5,cyclonedx-gomod,5,5,0,39,20.4,20.4,5,0,0,100.0,100.0
hackebrot__turtle,100,2,syft,5,5,0,95,9.5,9.5,2,3,0,57.1,57.1
hackebrot__turtle,100,2,trivy,100,100,0,0,100.0,98.0,2,98,0,3.9,3.9
hackebrot__turtle,100,2,cdxgen,2,2,0,98,3.9,3.9,2,0,0,100.0,100.0
hackebrot__turtle,100,2,cyclonedx-gomod,3,3,0,97,5.8,5.8,2,1,0,80.0,80.0
hajimehoshi__ebiten,33,24,syft,26,26,0,7,88.1,88.1,24,2,0,96.0,96.0
hajimehoshi__ebiten,33,24,trivy,24,24,0,9,84.2,84.2,24,0,0,100.0,100.0
hajimehoshi__ebiten,33,24,cdxgen,24,24,0,9,84.2,84.2,24,0,0,100.0,100.0
hajimehoshi__ebiten,33,24,cyclonedx-gomod,24,24,0,9,84.2,84.2,24,0,0,100.0,100.0
hajimehoshi__oto,3,2,syft,3,3,0,0,100.0,100.0,2,1,0,80.0,80.0
hajimehoshi__oto,3,2,trivy,3,3,0,0,100.0,100.0,2,1,0,80.0,80.0
hajimehoshi__oto,3,2,cdxgen,2,2,0,1,80.0,80.0,2,0,0,100.0,100.0
hajimehoshi__oto,3,2,cyclonedx-gomod,3,3,0,0,100.0,100.0,2,1,0,80.0,80.0
harshaneel__localaik,83,22,syft,23,23,0,60,43.4,43.4,22,1,0,97.8,97.8
harshaneel__localaik,83,22,trivy,22,22,0,61,41.9,41.9,22,0,0,100.0,100.0
harshaneel__localaik,83,22,cdxgen,22,22,0,61,41.9,41.9,22,0,0,100.0,100.0
harshaneel__localaik,83,22,cyclonedx-gomod,22,22,0,61,41.9,41.9,22,0,0,100.0,100.0
hashicorp__cli,35,20,syft,25,25,0,10,83.3,83.3,20,5,0,88.9,88.9
hashicorp__cli,35,20,trivy,21,21,0,14,75.0,75.0,20,1,0,97.6,97.6
hashicorp__cli,35,20,cdxgen,20,20,0,15,72.7,72.7,20,0,0,100.0,100.0
hashicorp__cli,35,20,cyclonedx-gomod,20,20,0,15,72.7,72.7,20,0,0,100.0,100.0
hashicorp__go-dbw,90,27,syft,50,50,0,40,71.4,71.4,27,23,0,70.1,70.1
hashicorp__go-dbw,90,27,trivy,46,46,0,44,67.6,67.6,27,19,0,74.0,74.0
hashicorp__go-dbw,90,27,cdxgen,27,27,0,63,46.2,46.2,27,0,0,100.0,100.0
hashicorp__go-dbw,90,27,cyclonedx-gomod,44,44,0,46,65.7,65.7,27,17,0,76.1,76.1
hashicorp__go-getter,239,73,syft,93,93,0,146,56.0,56.0,73,20,0,88.0,88.0
hashicorp__go-getter,239,73,trivy,75,75,0,164,47.8,47.8,73,2,0,98.6,98.6
hashicorp__go-getter,239,73,cdxgen,73,73,0,166,46.8,46.8,73,0,0,100.0,100.0
hashicorp__go-getter,239,73,cyclonedx-gomod,74,74,0,165,47.3,47.3,73,1,0,99.3,99.3
hashicorp__go-retryablehttp,12,1,syft,10,10,0,2,90.9,90.9,1,9,0,18.2,18.2
hashicorp__go-retryablehttp,12,1,trivy,6,6,0,6,66.7,66.7,1,5,0,28.6,28.6
hashicorp__go-retryablehttp,12,1,cdxgen,1,1,0,11,15.4,15.4,1,0,0,100.0,100.0
hashicorp__go-retryablehttp,12,1,cyclonedx-gomod,1,1,0,11,15.4,15.4,1,0,0,100.0,100.0
hashicorp__mdns,12,3,syft,6,6,0,6,66.7,66.7,3,3,0,66.7,66.7
hashicorp__mdns,12,3,trivy,6,6,0,6,66.7,66.7,3,3,0,66.7,66.7
hashicorp__mdns,12,3,cdxgen,3,3,0,9,40.0,40.0,3,0,0,100.0,100.0
hashicorp__mdns,12,3,cyclonedx-gomod,6,6,0,6,66.7,66.7,3,3,0,66.7,66.7
hashicorp__mql,20,1,syft,43,15,28,5,47.6,34.9,1,42,0,4.5,4.5
hashicorp__mql,20,1,trivy,39,13,26,7,44.1,33.9,1,38,0,5.0,5.0
hashicorp__mql,20,1,cdxgen,32,7,25,13,26.9,19.2,1,31,0,6.1,6.1
hashicorp__mql,20,1,cyclonedx-gomod,6,6,0,14,46.2,46.2,1,5,0,28.6,28.6
hashicorp__raft,78,10,syft,25,19,6,59,36.9,36.9,10,15,0,57.1,57.1
hashicorp__raft,78,10,trivy,20,15,5,63,30.6,30.6,10,10,0,66.7,66.7
hashicorp__raft,78,10,cdxgen,0,0,0,78,0.0,0.0,0,0,10,0.0,0.0
hashicorp__raft,78,10,cyclonedx-gomod,10,10,0,68,22.7,22.7,10,0,0,100.0,100.0
hashmap-kz__relimpact,14,7,syft,9,9,0,5,78.3,78.3,7,2,0,87.5,87.5
hashmap-kz__relimpact,14,7,trivy,8,8,0,6,72.7,72.7,7,1,0,93.3,93.3
hashmap-kz__relimpact,14,7,cdxgen,7,7,0,7,66.7,66.7,7,0,0,100.0,100.0
hashmap-kz__relimpact,14,7,cyclonedx-gomod,4,4,0,10,44.4,44.4,4,0,3,72.7,72.7
hatchet-dev__hatchet,428,244,syft,294,294,0,134,81.4,81.2,244,50,0,90.7,90.3
hatchet-dev__hatchet,428,244,trivy,260,260,0,168,75.6,75.3,244,16,0,96.8,96.4
hatchet-dev__hatchet,428,244,cdxgen,244,244,0,184,72.6,72.3,244,0,0,100.0,99.6
hatchet-dev__hatchet,428,244,cyclonedx-gomod,251,251,0,177,73.9,73.9,241,10,3,97.4,97.4
hbagdi__go-unsplash,10,1,syft,7,7,0,3,82.4,82.4,1,6,0,25.0,25.0
hbagdi__go-unsplash,10,1,trivy,6,6,0,4,75.0,75.0,1,5,0,28.6,28.6
hbagdi__go-unsplash,10,1,cdxgen,1,1,0,9,18.2,18.2,1,0,0,100.0,100.0
hbagdi__go-unsplash,10,1,cyclonedx-gomod,1,1,0,9,18.2,18.2,1,0,0,100.0,100.0
hdt3213__godis,97,19,syft,36,36,0,61,54.1,54.1,19,17,0,69.1,69.1
hdt3213__godis,97,19,trivy,29,29,0,68,46.0,46.0,19,10,0,79.2,79.2
hdt3213__godis,97,19,cdxgen,19,19,0,78,32.8,32.8,19,0,0,100.0,100.0
hdt3213__godis,97,19,cyclonedx-gomod,21,21,0,76,35.6,35.6,19,2,0,95.0,95.0
hedhyw__gherkingen,22,6,syft,14,14,0,8,77.8,72.2,6,8,0,60.0,50.0
hedhyw__gherkingen,22,6,trivy,11,11,0,11,66.7,60.6,6,5,0,70.6,58.8
hedhyw__gherkingen,22,6,cdxgen,11,11,0,11,66.7,60.6,6,5,0,70.6,58.8
hedhyw__gherkingen,22,6,cyclonedx-gomod,6,6,0,16,42.9,42.9,6,0,0,100.0,100.0
hedhyw__json-log-viewer,59,34,syft,44,42,2,17,81.6,81.6,32,12,2,82.1,82.1
hedhyw__json-log-viewer,59,34,trivy,37,35,2,24,72.9,72.9,32,5,2,90.1,90.1
hedhyw__json-log-viewer,59,34,cdxgen,34,34,0,25,73.1,68.8,34,0,0,100.0,100.0
hedhyw__json-log-viewer,59,34,cyclonedx-gomod,36,34,2,25,71.6,71.6,32,4,2,91.4,91.4
hedhyw__otelinji,39,11,syft,25,25,0,14,78.1,78.1,11,14,0,61.1,61.1
hedhyw__otelinji,39,11,trivy,18,18,0,21,63.2,63.2,11,7,0,75.9,75.9
hedhyw__otelinji,39,11,cdxgen,18,18,0,21,63.2,63.2,11,7,0,75.9,75.9
hedhyw__otelinji,39,11,cyclonedx-gomod,11,11,0,28,44.0,44.0,11,0,0,100.0,100.0
hedzr__cmdr,20,12,syft,12,12,0,8,75.0,75.0,12,0,0,100.0,100.0
hedzr__cmdr,20,12,trivy,12,12,0,8,75.0,75.0,12,0,0,100.0,100.0
hedzr__cmdr,20,12,cdxgen,12,12,0,8,75.0,75.0,12,0,0,100.0,100.0
hedzr__cmdr,20,12,cyclonedx-gomod,12,12,0,8,75.0,75.0,12,0,0,100.0,100.0
heetch__confita,131,34,syft,75,75,0,56,72.8,69.9,34,41,0,62.4,58.7
heetch__confita,131,34,trivy,61,61,0,70,63.5,60.4,34,27,0,71.6,67.4
heetch__confita,131,34,cdxgen,34,34,0,97,41.2,38.8,34,0,0,100.0,94.1
heetch__confita,131,34,cyclonedx-gomod,35,35,0,96,42.2,42.2,34,1,0,98.6,98.6
hexdigest__gowrap,77,16,syft,217,44,173,33,29.9,15.0,16,201,0,13.7,10.3
hexdigest__gowrap,77,16,trivy,215,42,173,35,28.8,13.7,16,199,0,13.9,10.4
hexdigest__gowrap,77,16,cdxgen,209,39,170,38,27.3,15.4,16,193,0,14.2,14.2
hexdigest__gowrap,77,16,cyclonedx-gomod,16,16,0,61,34.4,34.4,16,0,0,100.0,100.0
hibiken__asynq,23,10,syft,64,23,41,0,52.9,32.2,10,54,0,27.0,16.2
hibiken__asynq,23,10,trivy,48,12,36,11,33.8,14.1,10,38,0,34.5,13.8
hibiken__asynq,23,10,cdxgen,45,11,34,12,32.4,29.4,10,35,0,36.4,36.4
hibiken__asynq,23,10,cyclonedx-gomod,10,10,0,13,60.6,60.6,10,0,0,100.0,100.0
hishamkaram__gismanager,403,92,syft,156,149,7,254,53.3,53.0,92,64,0,74.2,74.2
hishamkaram__gismanager,403,92,trivy,108,101,7,302,39.5,39.1,92,16,0,92.0,92.0
hishamkaram__gismanager,403,92,cdxgen,99,93,6,310,37.1,36.7,92,7,0,96.3,96.3
hishamkaram__gismanager,403,92,cyclonedx-gomod,97,97,0,306,38.8,38.8,92,5,0,97.4,97.4
homedepot__flop,5,1,syft,5,5,0,0,100.0,100.0,1,4,0,33.3,33.3
homedepot__flop,5,1,trivy,5,5,0,0,100.0,100.0,1,4,0,33.3,33.3
homedepot__flop,5,1,cdxgen,1,1,0,4,33.3,33.3,1,0,0,100.0,100.0
homedepot__flop,5,1,cyclonedx-gomod,1,1,0,4,33.3,33.3,1,0,0,100.0,100.0
hprose__hprose-golang,26,12,syft,17,17,0,9,79.1,79.1,12,5,0,82.8,82.8
hprose__hprose-golang,26,12,trivy,26,26,0,0,100.0,100.0,12,14,0,63.2,63.2
hprose__hprose-golang,26,12,cdxgen,12,12,0,14,63.2,63.2,12,0,0,100.0,100.0
hprose__hprose-golang,26,12,cyclonedx-gomod,12,12,0,14,63.2,63.2,12,0,0,100.0,100.0
hrygo__hotplex,302,120,syft,185,185,0,117,76.0,73.9,120,65,0,78.7,78.0
hrygo__hotplex,302,120,trivy,0,0,0,302,0.0,0.0,0,0,120,0.0,0.0
hrygo__hotplex,302,120,cdxgen,132,130,2,172,59.9,59.4,120,12,0,95.2,94.4
hrygo__hotplex,302,120,cyclonedx-gomod,124,124,0,178,58.2,58.2,120,4,0,98.4,98.4
hsluoyz__casbin,3,3,syft,3,3,0,0,100.0,100.0,3,0,0,100.0,100.0
hsluoyz__casbin,3,3,trivy,3,3,0,0,100.0,100.0,3,0,0,100.0,100.0
hsluoyz__casbin,3,3,cdxgen,3,3,0,0,100.0,100.0,3,0,0,100.0,100.0
hsluoyz__casbin,3,3,cyclonedx-gomod,3,3,0,0,100.0,100.0,3,0,0,100.0,100.0
huandu__go-sqlbuilder,9,2,syft,4,4,0,5,61.5,61.5,2,2,0,66.7,66.7
huandu__go-sqlbuilder,9,2,trivy,4,4,0,5,61.5,61.5,2,2,0,66.7,66.7
huandu__go-sqlbuilder,9,2,cdxgen,2,2,0,7,36.4,36.4,2,0,0,100.0,100.0
huandu__go-sqlbuilder,9,2,cyclonedx-gomod,2,2,0,7,36.4,36.4,2,0,0,100.0,100.0
hybridgroup__gobot,73,25,syft,46,46,0,27,77.3,75.6,25,21,0,70.4,67.6
hybridgroup__gobot,73,25,trivy,43,43,0,30,74.1,72.4,25,18,0,73.5,70.6
hybridgroup__gobot,73,25,cdxgen,25,25,0,48,51.0,49.0,25,0,0,100.0,96.0
hybridgroup__gobot,73,25,cyclonedx-gomod,37,37,0,36,67.3,67.3,25,12,0,80.6,80.6
hybridgroup__gocv,14,4,syft,9,9,0,5,78.3,78.3,4,5,0,61.5,61.5
hybridgroup__gocv,14,4,trivy,5,5,0,9,52.6,52.6,4,1,0,88.9,88.9
hybridgroup__gocv,14,4,cdxgen,4,4,0,10,44.4,44.4,4,0,0,100.0,100.0
hybridgroup__gocv,14,4,cyclonedx-gomod,4,4,0,10,44.4,44.4,4,0,0,100.0,100.0
hyperboloide__lk,10,3,syft,8,8,0,2,88.9,88.9,3,5,0,54.5,54.5
hyperboloide__lk,10,3,trivy,7,7,0,3,82.4,82.4,3,4,0,60.0,60.0
hyperboloide__lk,10,3,cdxgen,3,3,0,7,46.2,46.2,3,0,0,100.0,100.0
hyperboloide__lk,10,3,cyclonedx-gomod,3,3,0,7,46.2,46.2,3,0,0,100.0,100.0
hyperledger__fabric,498,111,syft,213,158,55,340,44.4,36.8,111,102,0,68.5,59.3
hyperledger__fabric,498,111,trivy,202,148,54,350,42.3,32.6,111,91,0,70.9,61.3
hyperledger__fabric,498,111,cdxgen,173,130,43,368,38.7,36.7,111,62,0,78.2,78.2
hyperledger__fabric,498,111,cyclonedx-gomod,115,115,0,383,37.5,37.5,111,4,0,98.2,98.2
hyperonym__ratus,82,40,syft,61,61,0,21,85.3,85.3,40,21,0,79.2,79.2
hyperonym__ratus,82,40,trivy,51,51,0,31,76.7,76.7,40,11,0,87.9,87.9
hyperonym__ratus,82,40,cdxgen,40,40,0,42,65.6,65.6,40,0,0,100.0,100.0
hyperonym__ratus,82,40,cyclonedx-gomod,50,50,0,32,75.8,75.8,40,10,0,88.9,88.9
i-love-flamingo__dingo,24,1,syft,6,6,0,18,40.0,40.0,1,5,0,28.6,28.6
i-love-flamingo__dingo,24,1,trivy,5,5,0,19,34.5,34.5,1,4,0,33.3,33.3
i-love-flamingo__dingo,24,1,cdxgen,1,1,0,23,8.0,8.0,1,0,0,100.0,100.0
i-love-flamingo__dingo,24,1,cyclonedx-gomod,1,1,0,23,8.0,8.0,1,0,0,100.0,100.0
i-love-flamingo__flamingo,229,64,syft,109,109,0,120,64.5,63.3,64,45,0,74.0,71.7
i-love-flamingo__flamingo,229,64,trivy,97,97,0,132,59.5,58.3,64,33,0,79.5,77.0
i-love-flamingo__flamingo,229,64,cdxgen,64,64,0,165,43.7,42.3,64,0,0,100.0,96.9
i-love-flamingo__flamingo,229,64,cyclonedx-gomod,94,94,0,135,58.2,58.2,64,30,0,81.0,81.0
i-love-flamingo__flamingo-commerce,359,120,syft,215,215,0,144,74.9,72.5,120,95,0,71.6,69.9
i-love-flamingo__flamingo-commerce,359,120,trivy,173,173,0,186,65.0,63.2,120,53,0,81.9,79.9
i-love-flamingo__flamingo-commerce,359,120,cdxgen,120,120,0,239,50.1,48.9,120,0,0,100.0,97.5
i-love-flamingo__flamingo-commerce,359,120,cyclonedx-gomod,121,121,0,238,50.4,50.4,120,1,0,99.6,99.6
i25959341__orderbook,2,2,syft,2,2,0,0,100.0,100.0,2,0,0,100.0,100.0
i25959341__orderbook,2,2,trivy,2,2,0,0,100.0,100.0,2,0,0,100.0,100.0
i25959341__orderbook,2,2,cdxgen,2,2,0,0,100.0,100.0,2,0,0,100.0,100.0
i25959341__orderbook,2,2,cyclonedx-gomod,2,2,0,0,100.0,100.0,2,0,0,100.0,100.0
iancmcc__bingo,10,1,syft,5,5,0,5,66.7,53.3,1,4,0,33.3,33.3
iancmcc__bingo,10,1,trivy,5,5,0,5,66.7,53.3,1,4,0,33.3,33.3
iancmcc__bingo,10,1,cdxgen,1,1,0,9,18.2,18.2,1,0,0,100.0,100.0
iancmcc__bingo,10,1,cyclonedx-gomod,1,1,0,9,18.2,18.2,1,0,0,100.0,100.0
ianlopshire__go-ssm-config,13,3,syft,10,10,0,3,87.0,87.0,3,7,0,46.2,46.2
ianlopshire__go-ssm-config,13,3,trivy,13,13,0,0,100.0,100.0,3,10,0,37.5,37.5
ianlopshire__go-ssm-config,13,3,cdxgen,3,3,0,10,37.5,37.5,3,0,0,100.0,100.0
ianlopshire__go-ssm-config,13,3,cyclonedx-gomod,3,3,0,10,37.5,37.5,3,0,0,100.0,100.0
ichiban__prolog,13,2,syft,10,10,0,3,87.0,87.0,2,8,0,33.3,33.3
ichiban__prolog,13,2,trivy,9,9,0,4,81.8,81.8,2,7,0,36.4,36.4
ichiban__prolog,13,2,cdxgen,2,2,0,11,26.7,26.7,2,0,0,100.0,100.0
ichiban__prolog,13,2,cyclonedx-gomod,2,2,0,11,26.7,26.7,2,0,0,100.0,100.0
icza__minquery,2,1,syft,5,2,3,0,57.1,57.1,1,4,0,33.3,33.3
icza__minquery,2,1,trivy,6,2,4,0,50.0,50.0,1,5,0,28.6,28.6
icza__minquery,2,1,cdxgen,1,1,0,1,66.7,66.7,1,0,0,100.0,100.0
icza__minquery,2,1,cyclonedx-gomod,1,1,0,1,66.7,66.7,1,0,0,100.0,100.0
ijt__go-anytime,9,1,syft,8,7,1,2,82.4,82.4,1,7,0,22.2,22.2
ijt__go-anytime,9,1,trivy,7,6,1,3,75.0,75.0,1,6,0,25.0,25.0
ijt__go-anytime,9,1,cdxgen,1,1,0,8,20.0,20.0,1,0,0,100.0,100.0
ijt__go-anytime,9,1,cyclonedx-gomod,1,1,0,8,20.0,20.0,1,0,0,100.0,100.0
ik5__gostrutils,10,1,syft,1,1,0,9,18.2,18.2,1,0,0,100.0,100.0
ik5__gostrutils,10,1,trivy,10,10,0,0,100.0,100.0,1,9,0,18.2,18.2
ik5__gostrutils,10,1,cdxgen,1,1,0,9,18.2,18.2,1,0,0,100.0,100.0
ik5__gostrutils,10,1,cyclonedx-gomod,1,1,0,9,18.2,18.2,1,0,0,100.0,100.0
ikawaha__kagome,4,3,syft,9,3,6,1,46.2,15.4,3,6,0,50.0,16.7
ikawaha__kagome,4,3,trivy,11,4,7,0,53.3,53.3,3,8,0,42.9,42.9
ikawaha__kagome,4,3,cdxgen,0,0,0,4,0.0,0.0,0,0,3,0.0,0.0
ikawaha__kagome,4,3,cyclonedx-gomod,3,3,0,1,85.7,85.7,3,0,0,100.0,100.0
ikeikeikeike__go-sitemap-generator,3,2,syft,3,3,0,0,100.0,100.0,2,1,0,80.0,80.0
ikeikeikeike__go-sitemap-generator,3,2,trivy,3,3,0,0,100.0,100.0,2,1,0,80.0,80.0
ikeikeikeike__go-sitemap-generator,3,2,cdxgen,2,2,0,1,80.0,80.0,2,0,0,100.0,100.0
ikeikeikeike__go-sitemap-generator,3,2,cyclonedx-gomod,2,2,0,1,80.0,80.0,2,0,0,100.0,100.0
ilyakaznacheev__cleanenv,5,4,syft,5,5,0,0,100.0,100.0,4,1,0,88.9,88.9
ilyakaznacheev__cleanenv,5,4,trivy,5,5,0,0,100.0,100.0,4,1,0,88.9,88.9
ilyakaznacheev__cleanenv,5,4,cdxgen,4,4,0,1,88.9,88.9,4,0,0,100.0,100.0
ilyakaznacheev__cleanenv,5,4,cyclonedx-gomod,4,4,0,1,88.9,88.9,4,0,0,100.0,100.0
immortal__immortal,7,6,syft,7,7,0,0,100.0,100.0,6,1,0,92.3,92.3
immortal__immortal,7,6,trivy,7,7,0,0,100.0,100.0,6,1,0,92.3,92.3
immortal__immortal,7,6,cdxgen,6,6,0,1,92.3,92.3,6,0,0,100.0,100.0
immortal__immortal,7,6,cyclonedx-gomod,6,6,0,1,92.3,92.3,6,0,0,100.0,100.0
imroc__req,30,11,syft,55,26,29,4,61.2,37.6,11,44,0,33.3,21.2
imroc__req,30,11,trivy,43,16,27,14,43.8,43.8,11,32,0,40.7,40.7
imroc__req,30,11,cdxgen,28,11,17,19,37.9,37.9,11,17,0,56.4,56.4
imroc__req,30,11,cyclonedx-gomod,11,11,0,19,53.7,53.7,11,0,0,100.0,100.0
in-toto__in-toto-golang,61,21,syft,42,41,1,20,79.6,79.6,21,21,0,66.7,66.7
in-toto__in-toto-golang,61,21,trivy,25,25,0,36,58.1,58.1,21,4,0,91.3,91.3
in-toto__in-toto-golang,61,21,cdxgen,21,21,0,40,51.2,51.2,21,0,0,100.0,100.0
in-toto__in-toto-golang,61,21,cyclonedx-gomod,20,20,0,41,49.4,49.4,18,2,3,87.8,87.8
inancgumus__learngo,12,10,syft,10,10,0,2,90.9,90.9,10,0,0,100.0,100.0
inancgumus__learngo,12,10,trivy,12,12,0,0,100.0,100.0,10,2,0,90.9,90.9
inancgumus__learngo,12,10,cdxgen,6,6,0,6,66.7,66.7,6,0,4,75.0,75.0
inancgumus__learngo,12,10,cyclonedx-gomod,10,10,0,2,90.9,90.9,10,0,0,100.0,100.0
inconshreveable__log15,3,3,syft,5,3,2,0,75.0,75.0,3,2,0,75.0,75.0
inconshreveable__log15,3,3,trivy,5,3,2,0,75.0,75.0,3,2,0,75.0,75.0
inconshreveable__log15,3,3,cdxgen,4,3,1,0,85.7,85.7,3,1,0,85.7,85.7
inconshreveable__log15,3,3,cyclonedx-gomod,3,3,0,0,100.0,100.0,3,0,0,100.0,100.0
incu6us__goimports-reviser,18,4,syft,12,12,0,6,80.0,80.0,4,8,0,50.0,50.0
incu6us__goimports-reviser,18,4,trivy,10,10,0,8,71.4,71.4,4,6,0,57.1,57.1
incu6us__goimports-reviser,18,4,cdxgen,4,4,0,14,36.4,36.4,4,0,0,100.0,100.0
incu6us__goimports-reviser,18,4,cyclonedx-gomod,4,4,0,14,36.4,36.4,4,0,0,100.0,100.0
indeedeng__iwf,216,93,syft,124,124,0,92,72.9,71.2,93,31,0,85.7,84.8
indeedeng__iwf,216,93,trivy,112,112,0,104,68.3,67.7,93,19,0,90.7,89.8
indeedeng__iwf,216,93,cdxgen,93,93,0,123,60.2,59.5,93,0,0,100.0,98.9
indeedeng__iwf,216,93,cyclonedx-gomod,112,112,0,104,68.3,68.3,93,19,0,90.7,90.7
innogames__slack-bot,275,73,syft,104,99,5,176,52.2,41.2,73,31,0,82.5,59.9
innogames__slack-bot,275,73,trivy,79,76,3,199,42.9,32.8,73,6,0,96.1,72.4
innogames__slack-bot,275,73,cdxgen,75,73,2,202,41.7,41.1,73,2,0,98.6,97.3
innogames__slack-bot,275,73,cyclonedx-gomod,73,73,0,202,42.0,42.0,73,0,0,100.0,100.0
insidieux__inizio,154,51,syft,68,68,0,86,61.3,60.4,51,17,0,85.7,84.0
insidieux__inizio,154,51,trivy,58,58,0,96,54.7,53.8,51,7,0,93.6,91.7
insidieux__inizio,154,51,cdxgen,51,51,0,103,49.8,48.8,51,0,0,100.0,98.0
insidieux__inizio,154,51,cyclonedx-gomod,54,54,0,100,51.9,51.9,51,3,0,97.1,97.1
invopop__ctxi18n,37,2,syft,7,7,0,30,31.8,31.8,2,5,0,44.4,44.4
invopop__ctxi18n,37,2,trivy,6,6,0,31,27.9,27.9,2,4,0,50.0,50.0
invopop__ctxi18n,37,2,cdxgen,2,2,0,35,10.3,10.3,2,0,0,100.0,100.0
invopop__ctxi18n,37,2,cyclonedx-gomod,2,2,0,35,10.3,10.3,2,0,0,100.0,100.0
invopop__gobl,81,20,syft,44,44,0,37,70.4,70.4,20,24,0,62.5,62.5
invopop__gobl,81,20,trivy,34,34,0,47,59.1,59.1,20,14,0,74.1,74.1
invopop__gobl,81,20,cdxgen,20,20,0,61,39.6,39.6,20,0,0,100.0,100.0
invopop__gobl,81,20,cyclonedx-gomod,22,22,0,59,42.7,42.7,20,2,0,95.2,95.2
ip2location__ip2location-io-go,6,2,syft,2,2,0,4,50.0,50.0,2,0,0,100.0,100.0
ip2location__ip2location-io-go,6,2,trivy,2,2,0,4,50.0,50.0,2,0,0,100.0,100.0
ip2location__ip2location-io-go,6,2,cdxgen,2,2,0,4,50.0,50.0,2,0,0,100.0,100.0
ip2location__ip2location-io-go,6,2,cyclonedx-gomod,2,2,0,4,50.0,50.0,2,0,0,100.0,100.0
ipfs__kubo,588,255,syft,470,324,146,264,61.2,59.0,255,215,0,70.3,70.3
ipfs__kubo,588,255,trivy,435,289,146,299,56.5,54.3,255,180,0,73.9,73.9
ipfs__kubo,588,255,cdxgen,261,258,3,330,60.8,60.8,255,6,0,98.8,98.8
ipfs__kubo,588,255,cyclonedx-gomod,259,259,0,329,61.2,61.2,255,4,0,99.2,99.2
ironsmile__euterpe,91,16,syft,41,41,0,50,62.1,62.1,16,25,0,56.1,56.1
ironsmile__euterpe,91,16,trivy,29,29,0,62,48.3,48.3,16,13,0,71.1,71.1
ironsmile__euterpe,91,16,cdxgen,29,29,0,62,48.3,48.3,16,13,0,71.1,71.1
ironsmile__euterpe,91,16,cyclonedx-gomod,23,23,0,68,40.4,40.4,16,7,0,82.1,82.1
isacikgoz__gitbatch,153,45,syft,63,63,0,90,58.3,57.4,45,18,0,83.3,81.5
isacikgoz__gitbatch,153,45,trivy,51,51,0,102,50.0,49.0,45,6,0,93.8,91.7
isacikgoz__gitbatch,153,45,cdxgen,45,45,0,108,45.5,44.4,45,0,0,100.0,97.8
isacikgoz__gitbatch,153,45,cyclonedx-gomod,51,51,0,102,50.0,50.0,45,6,0,93.8,93.8
italolelis__outboxer,178,25,syft,35,35,0,143,32.9,32.9,25,10,0,83.3,83.3
italolelis__outboxer,178,25,trivy,30,30,0,148,28.8,28.8,25,5,0,90.9,90.9
italolelis__outboxer,178,25,cdxgen,25,25,0,153,24.6,24.6,25,0,0,100.0,100.0
italolelis__outboxer,178,25,cyclonedx-gomod,26,26,0,152,25.5,25.5,24,2,1,94.1,94.1
itchyny__bed,15,8,syft,8,8,0,7,69.6,69.6,8,0,0,100.0,100.0
itchyny__bed,15,8,trivy,8,8,0,7,69.6,69.6,8,0,0,100.0,100.0
itchyny__bed,15,8,cdxgen,8,8,0,7,69.6,69.6,8,0,0,100.0,100.0
itchyny__bed,15,8,cyclonedx-gomod,8,8,0,7,69.6,69.6,8,0,0,100.0,100.0
ivanilves__lstags,40,21,syft,34,34,0,6,91.9,51.4,21,13,0,76.4,29.1
ivanilves__lstags,40,21,trivy,40,40,0,0,100.0,70.0,21,19,0,68.9,39.3
ivanilves__lstags,40,21,cdxgen,26,26,0,14,78.8,75.8,21,5,0,89.4,85.1
ivanilves__lstags,40,21,cyclonedx-gomod,23,23,0,17,73.0,73.0,21,2,0,95.5,95.5
iyashjayesh__goscaf,31,11,syft,19,19,0,12,76.0,64.0,11,8,0,73.3,53.3
iyashjayesh__goscaf,31,11,trivy,12,12,0,19,55.8,55.8,11,1,0,95.7,95.7
iyashjayesh__goscaf,31,11,cdxgen,11,11,0,20,52.4,52.4,11,0,0,100.0,100.0
iyashjayesh__goscaf,31,11,cyclonedx-gomod,12,12,0,19,55.8,55.8,11,1,0,95.7,95.7
iyashjayesh__monigo,93,42,syft,98,62,36,31,64.9,63.9,42,56,0,60.0,58.6
iyashjayesh__monigo,93,42,trivy,84,49,35,44,55.4,54.2,42,42,0,66.7,65.1
iyashjayesh__monigo,93,42,cdxgen,60,44,16,49,57.5,56.2,42,18,0,82.4,80.4
iyashjayesh__monigo,93,42,cyclonedx-gomod,44,44,0,49,64.2,64.2,42,2,0,97.7,97.7
jackc__pgx,19,5,syft,13,13,0,6,81.3,81.3,5,8,0,55.6,55.6
jackc__pgx,19,5,trivy,11,11,0,8,73.3,73.3,5,6,0,62.5,62.5
jackc__pgx,19,5,cdxgen,5,5,0,14,41.7,41.7,5,0,0,100.0,100.0
jackc__pgx,19,5,cyclonedx-gomod,4,4,0,15,34.8,34.8,4,0,1,88.9,88.9
jaegertracing__jaeger,602,319,syft,678,485,193,117,75.8,73.0,319,359,0,64.0,61.6
jaegertracing__jaeger,602,319,trivy,541,347,194,255,60.7,57.6,319,222,0,74.2,71.6
jaegertracing__jaeger,602,319,cdxgen,320,319,1,283,69.2,69.0,319,1,0,99.8,99.5
jaegertracing__jaeger,602,319,cyclonedx-gomod,322,322,0,280,69.7,69.7,314,8,5,98.0,98.0
jaffee__commandeer,94,2,syft,4,4,0,90,8.2,8.2,2,2,0,66.7,66.7
jaffee__commandeer,94,2,trivy,94,94,0,0,100.0,97.9,2,92,0,4.2,4.2
jaffee__commandeer,94,2,cdxgen,2,2,0,92,4.2,4.2,2,0,0,100.0,100.0
jaffee__commandeer,94,2,cyclonedx-gomod,3,3,0,91,6.2,6.2,2,1,0,80.0,80.0
james-bowman__sparse,22,1,syft,2,2,0,20,16.7,16.7,1,1,0,66.7,66.7
james-bowman__sparse,22,1,trivy,22,22,0,0,100.0,100.0,1,21,0,8.7,8.7
james-bowman__sparse,22,1,cdxgen,1,1,0,21,8.7,8.7,1,0,0,100.0,100.0
james-bowman__sparse,22,1,cyclonedx-gomod,1,1,0,21,8.7,8.7,1,0,0,100.0,100.0
jandelgado__rabtap,23,16,syft,18,18,0,5,87.8,87.8,16,2,0,94.1,94.1
jandelgado__rabtap,23,16,trivy,17,17,0,6,85.0,85.0,16,1,0,97.0,97.0
jandelgado__rabtap,23,16,cdxgen,16,16,0,7,82.1,82.1,16,0,0,100.0,100.0
jandelgado__rabtap,23,16,cyclonedx-gomod,17,17,0,6,85.0,85.0,16,1,0,97.0,97.0
janiltonmaciel__statiks,66,7,syft,50,50,0,16,86.2,84.5,7,43,0,24.6,24.6
janiltonmaciel__statiks,66,7,trivy,44,44,0,22,80.0,80.0,7,37,0,27.5,27.5
janiltonmaciel__statiks,66,7,cdxgen,7,7,0,59,19.2,19.2,7,0,0,100.0,100.0
janiltonmaciel__statiks,66,7,cyclonedx-gomod,7,7,0,59,19.2,19.2,7,0,0,100.0,100.0
janpfeifer__gonb,58,31,syft,47,47,0,11,89.5,87.6,31,16,0,79.5,76.9
janpfeifer__gonb,58,31,trivy,40,40,0,18,81.6,79.6,31,9,0,87.3,84.5
janpfeifer__gonb,58,31,cdxgen,31,31,0,27,69.7,67.4,31,0,0,100.0,96.8
janpfeifer__gonb,58,31,cyclonedx-gomod,34,34,0,24,73.9,73.9,31,3,0,95.4,95.4
jaschaephraim__lrserver,25,2,syft,8,8,0,17,48.5,42.4,2,6,0,40.0,40.0
jaschaephraim__lrserver,25,2,trivy,8,8,0,17,48.5,42.4,2,6,0,40.0,40.0
jaschaephraim__lrserver,25,2,cdxgen,2,2,0,23,14.8,14.8,2,0,0,100.0,100.0
jaschaephraim__lrserver,25,2,cyclonedx-gomod,2,2,0,23,14.8,14.8,2,0,0,100.0,100.0
jcuga__golongpoll,1,1,syft,1,1,0,0,100.0,0.0,1,0,0,100.0,0.0
jcuga__golongpoll,1,1,trivy,1,1,0,0,100.0,0.0,1,0,0,100.0,0.0
jcuga__golongpoll,1,1,cdxgen,1,1,0,0,100.0,0.0,1,0,0,100.0,0.0
jcuga__golongpoll,1,1,cyclonedx-gomod,1,1,0,0,100.0,100.0,1,0,0,100.0,100.0
jeffail__leaps,91,14,syft,27,27,0,64,45.8,37.3,14,13,0,68.3,63.4
jeffail__leaps,91,14,trivy,91,91,0,0,100.0,93.4,14,77,0,26.7,24.8
jeffail__leaps,91,14,cdxgen,14,14,0,77,26.7,24.8,14,0,0,100.0,92.9
jeffail__leaps,91,14,cyclonedx-gomod,32,32,0,59,52.0,52.0,14,18,0,60.9,60.9
jellydator__ttlcache,11,1,syft,11,9,2,2,81.8,81.8,1,10,0,16.7,16.7
jellydator__ttlcache,11,1,trivy,9,7,2,4,70.0,60.0,1,8,0,20.0,0.0
jellydator__ttlcache,11,1,cdxgen,1,1,0,10,16.7,16.7,1,0,0,100.0,100.0
jellydator__ttlcache,11,1,cyclonedx-gomod,1,1,0,10,16.7,16.7,1,0,0,100.0,100.0
jenkins-zh__jenkins-cli,422,67,syft,110,110,0,312,41.4,39.5,67,43,0,75.7,71.2
jenkins-zh__jenkins-cli,422,67,trivy,94,94,0,328,36.4,34.9,67,27,0,83.2,78.3
jenkins-zh__jenkins-cli,422,67,cdxgen,67,67,0,355,27.4,25.8,67,0,0,100.0,94.0
jenkins-zh__jenkins-cli,422,67,cyclonedx-gomod,74,74,0,348,29.8,29.8,67,7,0,95.0,95.0
jeroenrinzema__commander,368,12,syft,28,24,4,344,12.1,10.1,12,16,0,60.0,50.0
jeroenrinzema__commander,368,12,trivy,382,368,14,0,98.1,94.9,12,370,0,6.1,5.1
jeroenrinzema__commander,368,12,cdxgen,12,12,0,356,6.3,5.3,12,0,0,100.0,83.3
jeroenrinzema__commander,368,12,cyclonedx-gomod,132,132,0,236,52.8,52.8,12,120,0,16.7,16.7
jeroenrinzema__psql-wire,28,10,syft,19,19,0,9,80.9,80.9,10,9,0,69.0,69.0
jeroenrinzema__psql-wire,28,10,trivy,16,16,0,12,72.7,72.7,10,6,0,76.9,76.9
jeroenrinzema__psql-wire,28,10,cdxgen,10,10,0,18,52.6,52.6,10,0,0,100.0,100.0
jeroenrinzema__psql-wire,28,10,cyclonedx-gomod,10,10,0,18,52.6,52.6,7,3,3,70.0,70.0
jessevdk__go-flags,11,1,syft,6,6,0,5,70.6,70.6,1,5,0,28.6,28.6
jessevdk__go-flags,11,1,trivy,11,11,0,0,100.0,100.0,1,10,0,16.7,16.7
jessevdk__go-flags,11,1,cdxgen,1,1,0,10,16.7,16.7,1,0,0,100.0,100.0
jessevdk__go-flags,11,1,cyclonedx-gomod,1,1,0,10,16.7,16.7,1,0,0,100.0,100.0
jexia__semaphore,230,47,syft,98,97,1,133,59.1,27.4,47,51,0,64.8,17.9
jexia__semaphore,230,47,trivy,231,230,1,0,99.8,75.9,47,184,0,33.8,13.7
jexia__semaphore,230,47,cdxgen,63,63,0,167,43.0,41.0,47,16,0,85.5,81.8
jexia__semaphore,230,47,cyclonedx-gomod,55,54,1,176,37.9,37.9,46,9,1,90.2,90.2
jf-tech__omniparser,126,21,syft,29,29,0,97,37.4,33.5,21,8,0,84.0,76.0
jf-tech__omniparser,126,21,trivy,126,126,0,0,100.0,96.0,21,105,0,28.6,25.9
jf-tech__omniparser,126,21,cdxgen,21,21,0,105,28.6,25.9,21,0,0,100.0,90.5
jf-tech__omniparser,126,21,cyclonedx-gomod,22,22,0,104,29.7,29.7,21,1,0,97.7,97.7
jfcg__sorty,3,1,syft,3,3,0,0,100.0,100.0,1,2,0,50.0,50.0
jfcg__sorty,3,1,trivy,3,3,0,0,100.0,100.0,1,2,0,50.0,50.0
jfcg__sorty,3,1,cdxgen,1,1,0,2,50.0,50.0,1,0,0,100.0,100.0
jfcg__sorty,3,1,cyclonedx-gomod,1,1,0,2,50.0,50.0,1,0,0,100.0,100.0
jfeliu007__goplantuml,78,2,syft,2,2,0,76,5.0,5.0,2,0,0,100.0,100.0
jfeliu007__goplantuml,78,2,trivy,2,2,0,76,5.0,5.0,2,0,0,100.0,100.0
jfeliu007__goplantuml,78,2,cdxgen,2,2,0,76,5.0,5.0,2,0,0,100.0,100.0
jfeliu007__goplantuml,78,2,cyclonedx-gomod,2,2,0,76,5.0,5.0,2,0,0,100.0,100.0
jferrl__go-githubauth,3,2,syft,2,2,0,1,80.0,80.0,2,0,0,100.0,100.0
jferrl__go-githubauth,3,2,trivy,3,3,0,0,100.0,100.0,2,1,0,80.0,80.0
jferrl__go-githubauth,3,2,cdxgen,2,2,0,1,80.0,80.0,2,0,0,100.0,100.0
jferrl__go-githubauth,3,2,cyclonedx-gomod,2,2,0,1,80.0,80.0,2,0,0,100.0,100.0
jfilipczyk__gomatch,5,1,syft,4,4,0,1,88.9,88.9,1,3,0,40.0,40.0
jfilipczyk__gomatch,5,1,trivy,5,5,0,0,100.0,100.0,1,4,0,33.3,33.3
jfilipczyk__gomatch,5,1,cdxgen,1,1,0,4,33.3,33.3,1,0,0,100.0,100.0
jfilipczyk__gomatch,5,1,cyclonedx-gomod,1,1,0,4,33.3,33.3,1,0,0,100.0,100.0
jfrog__froggit-go,124,39,syft,70,70,0,54,72.2,72.2,39,31,0,71.6,71.6
jfrog__froggit-go,124,39,trivy,44,44,0,80,52.4,52.4,39,5,0,94.0,94.0
jfrog__froggit-go,124,39,cdxgen,39,39,0,85,47.9,47.9,39,0,0,100.0,100.0
jfrog__froggit-go,124,39,cyclonedx-gomod,40,40,0,84,48.8,48.8,39,1,0,98.7,98.7
jgroeneveld__trial,1,1,syft,1,1,0,0,100.0,100.0,1,0,0,100.0,100.0
jgroeneveld__trial,1,1,trivy,1,1,0,0,100.0,100.0,1,0,0,100.0,100.0
jgroeneveld__trial,1,1,cdxgen,1,1,0,0,100.0,100.0,1,0,0,100.0,100.0
jgroeneveld__trial,1,1,cyclonedx-gomod,1,1,0,0,100.0,100.0,1,0,0,100.0,100.0
jimlambrt__gldap,48,16,syft,24,24,0,24,66.7,63.9,16,8,0,80.0,75.0
jimlambrt__gldap,48,16,trivy,20,20,0,28,58.8,55.9,16,4,0,88.9,83.3
jimlambrt__gldap,48,16,cdxgen,16,16,0,32,50.0,46.9,16,0,0,100.0,93.8
jimlambrt__gldap,48,16,cyclonedx-gomod,20,20,0,28,58.8,58.8,16,4,0,88.9,88.9
jirenius__go-res,60,20,syft,29,29,0,31,65.2,65.2,20,9,0,81.6,81.6
jirenius__go-res,60,20,trivy,21,21,0,39,51.9,51.9,20,1,0,97.6,97.6
jirenius__go-res,60,20,cdxgen,20,20,0,40,50.0,50.0,20,0,0,100.0,100.0
jirenius__go-res,60,20,cyclonedx-gomod,20,20,0,40,50.0,50.0,20,0,0,100.0,100.0
jkaninda__goma-gateway,302,57,syft,85,85,0,217,43.9,43.9,57,28,0,80.3,80.3
jkaninda__goma-gateway,302,57,trivy,65,65,0,237,35.4,35.4,57,8,0,93.4,93.4
jkaninda__goma-gateway,302,57,cdxgen,57,57,0,245,31.8,31.8,57,0,0,100.0,100.0
jkaninda__goma-gateway,302,57,cyclonedx-gomod,62,62,0,240,34.1,34.1,57,5,0,95.8,95.8
jltorresm__otpgo,1,1,syft,1,1,0,0,100.0,100.0,1,0,0,100.0,100.0
jltorresm__otpgo,1,1,trivy,1,1,0,0,100.0,100.0,1,0,0,100.0,100.0
jltorresm__otpgo,1,1,cdxgen,1,1,0,0,100.0,100.0,1,0,0,100.0,100.0
jltorresm__otpgo,1,1,cyclonedx-gomod,1,1,0,0,100.0,100.0,1,0,0,100.0,100.0
jmattheis__goverter,22,4,syft,13,10,3,12,57.1,51.4,4,9,0,47.1,47.1
jmattheis__goverter,22,4,trivy,14,9,5,13,50.0,44.4,4,10,0,44.4,44.4
jmattheis__goverter,22,4,cdxgen,6,4,2,18,28.6,28.6,4,2,0,80.0,80.0
jmattheis__goverter,22,4,cyclonedx-gomod,4,4,0,18,30.8,30.8,4,0,0,100.0,100.0
jmorganca__ollama,177,71,syft,113,113,0,64,77.9,77.2,71,42,0,77.2,76.1
jmorganca__ollama,177,71,trivy,95,95,0,82,69.9,69.1,71,24,0,85.5,84.3
jmorganca__ollama,177,71,cdxgen,71,71,0,106,57.3,56.5,71,0,0,100.0,98.6
jmorganca__ollama,177,71,cyclonedx-gomod,89,89,0,88,66.9,66.9,71,18,0,88.8,88.8
joakimcarlsson__bonk,23,12,syft,21,21,0,2,95.5,95.5,12,9,0,72.7,72.7
joakimcarlsson__bonk,23,12,trivy,12,12,0,11,68.6,68.6,12,0,0,100.0,100.0
joakimcarlsson__bonk,23,12,cdxgen,12,12,0,11,68.6,68.6,12,0,0,100.0,100.0
joakimcarlsson__bonk,23,12,cyclonedx-gomod,12,12,0,11,68.6,68.6,12,0,0,100.0,100.0
joerdav__xc,48,25,syft,38,37,1,11,86.0,86.0,25,13,0,79.4,79.4
joerdav__xc,48,25,trivy,27,26,1,22,69.3,69.3,25,2,0,96.2,96.2
joerdav__xc,48,25,cdxgen,25,25,0,23,68.5,68.5,25,0,0,100.0,100.0
joerdav__xc,48,25,cyclonedx-gomod,26,26,0,22,70.3,70.3,25,1,0,98.0,98.0
joetifa2003__mm-go,7,1,syft,6,6,0,1,92.3,92.3,1,5,0,28.6,28.6
joetifa2003__mm-go,7,1,trivy,5,5,0,2,83.3,83.3,1,4,0,33.3,33.3
joetifa2003__mm-go,7,1,cdxgen,1,1,0,6,25.0,25.0,1,0,0,100.0,100.0
joetifa2003__mm-go,7,1,cyclonedx-gomod,1,1,0,6,25.0,25.0,1,0,0,100.0,100.0
johnfercher__maroto,31,21,syft,22,22,0,9,83.0,83.0,21,1,0,97.7,97.7
johnfercher__maroto,31,21,trivy,21,21,0,10,80.8,80.8,21,0,0,100.0,100.0
johnfercher__maroto,31,21,cdxgen,21,21,0,10,80.8,80.8,21,0,0,100.0,100.0
johnfercher__maroto,31,21,cyclonedx-gomod,21,21,0,10,80.8,80.8,21,0,0,100.0,100.0
jonbaldie__go-mutesting,34,21,syft,26,26,0,8,86.7,83.3,21,5,0,89.4,85.1
jonbaldie__go-mutesting,34,21,trivy,23,23,0,11,80.7,77.2,21,2,0,95.5,90.9
jonbaldie__go-mutesting,34,21,cdxgen,21,21,0,13,76.4,72.7,21,0,0,100.0,95.2
jonbaldie__go-mutesting,34,21,cyclonedx-gomod,21,21,0,13,76.4,76.4,21,0,0,100.0,100.0
jonoton__scout,88,56,syft,66,66,0,22,85.7,85.7,56,10,0,91.8,91.8
jonoton__scout,88,56,trivy,59,59,0,29,80.3,80.3,56,3,0,97.4,97.4
jonoton__scout,88,56,cdxgen,56,56,0,32,77.8,77.8,56,0,0,100.0,100.0
jonoton__scout,88,56,cyclonedx-gomod,57,57,0,31,78.6,78.6,56,1,0,99.1,99.1
jonreiter__govader,11,1,syft,2,2,0,9,30.8,30.8,1,1,0,66.7,66.7
jonreiter__govader,11,1,trivy,11,11,0,0,100.0,100.0,1,10,0,16.7,16.7
jonreiter__govader,11,1,cdxgen,1,1,0,10,16.7,16.7,1,0,0,100.0,100.0
jonreiter__govader,11,1,cyclonedx-gomod,1,1,0,10,16.7,16.7,1,0,0,100.0,100.0
joshmedeski__sesh,52,36,syft,42,42,0,10,89.4,89.4,36,6,0,92.3,92.3
joshmedeski__sesh,52,36,trivy,37,37,0,15,83.1,83.1,36,1,0,98.6,98.6
joshmedeski__sesh,52,36,cdxgen,36,36,0,16,81.8,81.8,36,0,0,100.0,100.0
joshmedeski__sesh,52,36,cyclonedx-gomod,36,36,0,16,81.8,81.8,35,1,1,97.2,97.2
jovandeginste__payme,38,19,syft,30,30,0,8,88.2,88.2,19,11,0,77.6,77.6
jovandeginste__payme,38,19,trivy,24,24,0,14,77.4,77.4,19,5,0,88.4,88.4
jovandeginste__payme,38,19,cdxgen,24,24,0,14,77.4,77.4,19,5,0,88.4,88.4
jovandeginste__payme,38,19,cyclonedx-gomod,20,20,0,18,69.0,69.0,19,1,0,97.4,97.4
jroimartin__gocui,2,2,syft,2,2,0,0,100.0,100.0,2,0,0,100.0,100.0
jroimartin__gocui,2,2,trivy,2,2,0,0,100.0,100.0,2,0,0,100.0,100.0
jroimartin__gocui,2,2,cdxgen,2,2,0,0,100.0,100.0,2,0,0,100.0,100.0
jroimartin__gocui,2,2,cyclonedx-gomod,2,2,0,0,100.0,100.0,2,0,0,100.0,100.0
jschoedt__go-firestorm,32,15,syft,32,32,0,0,100.0,90.6,15,17,0,63.8,55.3
jschoedt__go-firestorm,32,15,trivy,32,32,0,0,100.0,90.6,15,17,0,63.8,55.3
jschoedt__go-firestorm,32,15,cdxgen,15,15,0,17,63.8,55.3,15,0,0,100.0,86.7
jschoedt__go-firestorm,32,15,cyclonedx-gomod,0,0,0,32,0.0,0.0,0,0,15,0.0,0.0
json-iterator__go,9,2,syft,8,8,0,1,94.1,94.1,2,6,0,40.0,40.0
json-iterator__go,9,2,trivy,9,9,0,0,100.0,100.0,2,7,0,36.4,36.4
json-iterator__go,9,2,cdxgen,2,2,0,7,36.4,36.4,2,0,0,100.0,100.0
json-iterator__go,9,2,cyclonedx-gomod,2,2,0,7,36.4,36.4,2,0,0,100.0,100.0
juicedata__juicefs,711,303,syft,387,376,11,335,68.5,67.4,293,94,10,84.9,83.5
juicedata__juicefs,711,303,trivy,334,324,10,387,62.0,60.9,293,41,10,92.0,90.4
juicedata__juicefs,711,303,cdxgen,303,303,0,408,59.8,56.8,303,0,0,100.0,98.0
juicedata__juicefs,711,303,cyclonedx-gomod,319,309,10,402,60.0,60.0,291,28,12,93.6,93.6
julienschmidt__go-http-routing-benchmark,134,82,syft,98,98,0,36,84.5,77.6,82,16,0,91.1,83.3
julienschmidt__go-http-routing-benchmark,134,82,trivy,134,134,0,0,100.0,91.0,82,52,0,75.9,69.4
julienschmidt__go-http-routing-benchmark,134,82,cdxgen,82,82,0,52,75.9,69.4,82,0,0,100.0,91.5
julienschmidt__go-http-routing-benchmark,134,82,cyclonedx-gomod,86,86,0,48,78.2,78.2,82,4,0,97.6,97.6
junegunn__fzf,18,6,syft,11,11,0,7,75.9,75.9,6,5,0,70.6,70.6
junegunn__fzf,18,6,trivy,11,11,0,7,75.9,75.9,6,5,0,70.6,70.6
junegunn__fzf,18,6,cdxgen,6,6,0,12,50.0,50.0,6,0,0,100.0,100.0
junegunn__fzf,18,6,cyclonedx-gomod,11,11,0,7,75.9,75.9,6,5,0,70.6,70.6
junevm__cdns,65,40,syft,57,57,0,8,93.4,93.4,40,17,0,82.5,82.5
junevm__cdns,65,40,trivy,49,49,0,16,86.0,86.0,40,9,0,89.9,89.9
junevm__cdns,65,40,cdxgen,40,40,0,25,76.2,76.2,40,0,0,100.0,100.0
junevm__cdns,65,40,cyclonedx-gomod,44,44,0,21,80.7,80.7,40,4,0,95.2,95.2
jutkko__copy-pasta,29,10,syft,24,24,0,5,90.6,49.1,10,14,0,58.8,41.2
jutkko__copy-pasta,29,10,trivy,29,29,0,0,100.0,82.8,10,19,0,51.3,41.0
jutkko__copy-pasta,29,10,cdxgen,21,21,0,8,84.0,76.0,10,11,0,64.5,51.6
jutkko__copy-pasta,29,10,cyclonedx-gomod,14,14,0,15,65.1,65.1,10,4,0,83.3,83.3
jvcoutinho__lit,12,3,syft,8,8,0,4,80.0,80.0,3,5,0,54.5,54.5
jvcoutinho__lit,12,3,trivy,7,7,0,5,73.7,73.7,3,4,0,60.0,60.0
jvcoutinho__lit,12,3,cdxgen,3,3,0,9,40.0,40.0,3,0,0,100.0,100.0
jvcoutinho__lit,12,3,cyclonedx-gomod,3,3,0,9,40.0,40.0,3,0,0,100.0,100.0
jxskiss__mcli,7,1,syft,6,6,0,1,92.3,92.3,1,5,0,28.6,28.6
jxskiss__mcli,7,1,trivy,5,5,0,2,83.3,83.3,1,4,0,33.3,33.3
jxskiss__mcli,7,1,cdxgen,1,1,0,6,25.0,25.0,1,0,0,100.0,100.0
jxskiss__mcli,7,1,cyclonedx-gomod,1,1,0,6,25.0,25.0,1,0,0,100.0,100.0
k-capehart__go-salesforce,33,6,syft,15,15,0,18,62.5,62.5,6,9,0,57.1,57.1
k-capehart__go-salesforce,33,6,trivy,9,9,0,24,42.9,42.9,6,3,0,80.0,80.0
k-capehart__go-salesforce,33,6,cdxgen,6,6,0,27,30.8,30.8,6,0,0,100.0,100.0
k-capehart__go-salesforce,33,6,cyclonedx-gomod,6,6,0,27,30.8,30.8,6,0,0,100.0,100.0
k0kubun__pp,7,4,syft,4,4,0,3,72.7,72.7,4,0,0,100.0,100.0
k0kubun__pp,7,4,trivy,4,4,0,3,72.7,72.7,4,0,0,100.0,100.0
k0kubun__pp,7,4,cdxgen,4,4,0,3,72.7,72.7,4,0,0,100.0,100.0
k0kubun__pp,7,4,cyclonedx-gomod,4,4,0,3,72.7,72.7,4,0,0,100.0,100.0
k0sproject__k0s,601,262,syft,372,370,2,231,76.1,74.8,262,110,0,82.6,81.1
k0sproject__k0s,601,262,trivy,282,282,0,319,63.9,62.7,262,20,0,96.3,94.5
k0sproject__k0s,601,262,cdxgen,293,291,2,310,65.1,64.0,262,31,0,94.4,92.6
k0sproject__k0s,601,262,cyclonedx-gomod,270,270,0,331,62.0,62.0,257,13,5,96.6,96.6
k3s-io__k3s,1107,419,syft,542,492,50,615,59.7,58.1,377,165,42,78.5,74.7
k3s-io__k3s,1107,419,trivy,467,425,42,682,54.0,52.5,377,90,42,85.1,81.0
k3s-io__k3s,1107,419,cdxgen,419,419,0,688,54.9,47.1,419,0,0,100.0,97.1
k3s-io__k3s,1107,419,cyclonedx-gomod,466,424,42,683,53.9,53.9,376,90,43,85.0,83.4
k8gb-io__k8gb,308,99,syft,217,159,58,149,60.6,44.2,99,118,0,62.7,51.3
k8gb-io__k8gb,308,99,trivy,192,136,56,172,54.4,39.6,99,93,0,68.0,57.7
k8gb-io__k8gb,308,99,cdxgen,174,122,52,186,50.6,42.7,99,75,0,72.5,72.5
k8gb-io__k8gb,308,99,cyclonedx-gomod,95,95,0,213,47.1,47.1,93,2,6,95.9,95.9
kak-tus__ami,33,3,syft,25,25,0,8,86.2,86.2,3,22,0,21.4,21.4
kak-tus__ami,33,3,trivy,33,33,0,0,100.0,100.0,3,30,0,16.7,16.7
kak-tus__ami,33,3,cdxgen,3,3,0,30,16.7,16.7,3,0,0,100.0,100.0
kak-tus__ami,33,3,cyclonedx-gomod,3,3,0,30,16.7,16.7,3,0,0,100.0,100.0
kak-tus__nan,21,9,syft,18,18,0,3,92.3,92.3,9,9,0,66.7,66.7
kak-tus__nan,21,9,trivy,21,21,0,0,100.0,100.0,9,12,0,60.0,60.0
kak-tus__nan,21,9,cdxgen,9,9,0,12,60.0,60.0,9,0,0,100.0,100.0
kak-tus__nan,21,9,cyclonedx-gomod,9,9,0,12,60.0,60.0,9,0,0,100.0,100.0
kamva__mgm,26,16,syft,20,20,0,6,87.0,87.0,16,4,0,88.9,88.9
kamva__mgm,26,16,trivy,17,17,0,9,79.1,79.1,16,1,0,97.0,97.0
kamva__mgm,26,16,cdxgen,16,16,0,10,76.2,76.2,16,0,0,100.0,100.0
kamva__mgm,26,16,cyclonedx-gomod,13,13,0,13,66.7,66.7,13,0,3,89.7,89.7
karl-cardenas-coding__go-lambda-cleanup,111,24,syft,88,88,0,23,88.4,88.4,24,64,0,42.9,42.9
karl-cardenas-coding__go-lambda-cleanup,111,24,trivy,75,75,0,36,80.6,80.6,24,51,0,48.5,48.5
karl-cardenas-coding__go-lambda-cleanup,111,24,cdxgen,75,75,0,36,80.6,80.6,24,51,0,48.5,48.5
karl-cardenas-coding__go-lambda-cleanup,111,24,cyclonedx-gomod,25,25,0,86,36.8,36.8,24,1,0,98.0,98.0
kazhuravlev__database-gateway,284,93,syft,135,135,0,149,64.4,64.0,93,42,0,81.6,81.6
kazhuravlev__database-gateway,284,93,trivy,97,97,0,187,50.9,50.9,93,4,0,97.9,97.9
kazhuravlev__database-gateway,284,93,cdxgen,93,93,0,191,49.3,49.3,93,0,0,100.0,100.0
kazhuravlev__database-gateway,284,93,cyclonedx-gomod,93,93,0,191,49.3,49.3,89,4,4,95.7,95.7
kazhuravlev__git-tools,54,24,syft,44,44,0,10,89.8,89.8,24,20,0,70.6,70.6
kazhuravlev__git-tools,54,24,trivy,26,26,0,28,65.0,65.0,24,2,0,96.0,96.0
kazhuravlev__git-tools,54,24,cdxgen,24,24,0,30,61.5,61.5,24,0,0,100.0,100.0
kazhuravlev__git-tools,54,24,cyclonedx-gomod,25,25,0,29,63.3,63.3,24,1,0,98.0,98.0
kazhuravlev__healthcheck,43,10,syft,23,23,0,20,69.7,69.7,10,13,0,60.6,60.6
kazhuravlev__healthcheck,43,10,trivy,16,16,0,27,54.2,54.2,10,6,0,76.9,76.9
kazhuravlev__healthcheck,43,10,cdxgen,10,10,0,33,37.7,37.7,10,0,0,100.0,100.0
kazhuravlev__healthcheck,43,10,cyclonedx-gomod,10,10,0,33,37.7,37.7,10,0,0,100.0,100.0
kazhuravlev__just,12,2,syft,7,7,0,5,73.7,73.7,2,5,0,44.4,44.4
kazhuravlev__just,12,2,trivy,6,6,0,6,66.7,66.7,2,4,0,50.0,50.0
kazhuravlev__just,12,2,cdxgen,2,2,0,10,28.6,28.6,2,0,0,100.0,100.0
kazhuravlev__just,12,2,cyclonedx-gomod,2,2,0,10,28.6,28.6,2,0,0,100.0,100.0
kazhuravlev__optional,6,1,syft,5,5,0,1,90.9,90.9,1,4,0,33.3,33.3
kazhuravlev__optional,6,1,trivy,4,4,0,2,80.0,80.0,1,3,0,40.0,40.0
kazhuravlev__optional,6,1,cdxgen,1,1,0,5,28.6,28.6,1,0,0,100.0,100.0
kazhuravlev__optional,6,1,cyclonedx-gomod,1,1,0,5,28.6,28.6,1,0,0,100.0,100.0
kazhuravlev__options-gen,23,11,syft,18,18,0,5,87.8,87.8,11,7,0,75.9,75.9
kazhuravlev__options-gen,23,11,trivy,15,15,0,8,78.9,78.9,11,4,0,84.6,84.6
kazhuravlev__options-gen,23,11,cdxgen,11,11,0,12,64.7,64.7,11,0,0,100.0,100.0
kazhuravlev__options-gen,23,11,cyclonedx-gomod,11,11,0,12,64.7,64.7,11,0,0,100.0,100.0
kazu__loncha,320,7,syft,34,34,0,286,19.2,19.2,7,27,0,34.1,34.1
kazu__loncha,320,7,trivy,28,28,0,292,16.1,16.1,7,21,0,40.0,40.0
kazu__loncha,320,7,cdxgen,7,7,0,313,4.3,4.3,7,0,0,100.0,100.0
kazu__loncha,320,7,cyclonedx-gomod,7,7,0,313,4.3,4.3,7,0,0,100.0,100.0
keilerkonzept__topk,3,1,syft,3,3,0,0,100.0,100.0,1,2,0,50.0,50.0
keilerkonzept__topk,3,1,trivy,3,3,0,0,100.0,100.0,1,2,0,50.0,50.0
keilerkonzept__topk,3,1,cdxgen,1,1,0,2,50.0,50.0,1,0,0,100.0,100.0
keilerkonzept__topk,3,1,cyclonedx-gomod,1,1,0,2,50.0,50.0,1,0,0,100.0,100.0
kelindar__bitmap,9,2,syft,8,8,0,1,94.1,94.1,2,6,0,40.0,40.0
kelindar__bitmap,9,2,trivy,7,7,0,2,87.5,87.5,2,5,0,44.4,44.4
kelindar__bitmap,9,2,cdxgen,2,2,0,7,36.4,36.4,2,0,0,100.0,100.0
kelindar__bitmap,9,2,cyclonedx-gomod,3,3,0,6,50.0,50.0,2,1,0,80.0,80.0
kelindar__column,21,13,syft,20,20,0,1,97.6,97.6,13,7,0,78.8,78.8
kelindar__column,21,13,trivy,18,18,0,3,92.3,92.3,13,5,0,83.9,83.9
kelindar__column,21,13,cdxgen,13,13,0,8,76.5,76.5,13,0,0,100.0,100.0
kelindar__column,21,13,cyclonedx-gomod,14,14,0,7,80.0,80.0,13,1,0,96.3,96.3
kelindar__tile,8,2,syft,7,7,0,1,93.3,93.3,2,5,0,44.4,44.4
kelindar__tile,8,2,trivy,6,6,0,2,85.7,85.7,2,4,0,50.0,50.0
kelindar__tile,8,2,cdxgen,2,2,0,6,40.0,40.0,2,0,0,100.0,100.0
kelindar__tile,8,2,cyclonedx-gomod,2,2,0,6,40.0,40.0,2,0,0,100.0,100.0
kelseyhightower__confd,261,51,syft,75,75,0,186,44.6,44.6,51,24,0,81.0,81.0
kelseyhightower__confd,261,51,trivy,57,57,0,204,35.8,35.8,51,6,0,94.4,94.4
kelseyhightower__confd,261,51,cdxgen,57,57,0,204,35.8,35.8,51,6,0,94.4,94.4
kelseyhightower__confd,261,51,cyclonedx-gomod,53,53,0,208,33.8,33.8,51,2,0,98.1,98.1
keploy__keploy,636,170,syft,223,223,0,413,51.9,51.5,170,53,0,86.5,85.5
keploy__keploy,636,170,trivy,177,177,0,459,43.5,43.1,170,7,0,98.0,96.8
keploy__keploy,636,170,cdxgen,170,170,0,466,42.2,41.7,170,0,0,100.0,98.8
keploy__keploy,636,170,cyclonedx-gomod,174,174,0,462,43.0,43.0,169,5,1,98.3,98.3
kevinburke__nacl,7,1,syft,4,4,0,3,72.7,72.7,1,3,0,40.0,40.0
kevinburke__nacl,7,1,trivy,4,4,0,3,72.7,72.7,1,3,0,40.0,40.0
kevinburke__nacl,7,1,cdxgen,1,1,0,6,25.0,25.0,1,0,0,100.0,100.0
kevinburke__nacl,7,1,cyclonedx-gomod,2,2,0,5,44.4,44.4,1,1,0,66.7,66.7
kevincobain2000__gobrew,28,15,syft,23,23,0,5,90.2,90.2,15,8,0,78.9,78.9
kevincobain2000__gobrew,28,15,trivy,19,19,0,9,80.9,80.9,15,4,0,88.2,88.2
kevincobain2000__gobrew,28,15,cdxgen,15,15,0,13,69.8,69.8,15,0,0,100.0,100.0
kevincobain2000__gobrew,28,15,cyclonedx-gomod,15,15,0,13,69.8,69.8,15,0,0,100.0,100.0
khezen__avro,4,3,syft,4,4,0,0,100.0,0.0,3,1,0,85.7,0.0
khezen__avro,4,3,trivy,4,4,0,0,100.0,25.0,3,1,0,85.7,28.6
khezen__avro,4,3,cdxgen,4,4,0,0,100.0,100.0,3,1,0,85.7,85.7
khezen__avro,4,3,cyclonedx-gomod,3,3,0,1,85.7,85.7,3,0,0,100.0,100.0
kilgaloon__leprechaun,36,18,syft,31,31,0,5,92.5,86.6,17,14,1,69.4,65.3
kilgaloon__leprechaun,36,18,trivy,36,36,0,0,100.0,94.4,18,18,0,66.7,63.0
kilgaloon__leprechaun,36,18,cdxgen,18,18,0,18,66.7,63.0,18,0,0,100.0,94.4
kilgaloon__leprechaun,36,18,cyclonedx-gomod,18,18,0,18,66.7,66.7,18,0,0,100.0,100.0
kisielk__errcheck,8,3,syft,4,4,0,4,66.7,66.7,3,1,0,85.7,85.7
kisielk__errcheck,8,3,trivy,3,3,0,5,54.5,54.5,3,0,0,100.0,100.0
kisielk__errcheck,8,3,cdxgen,3,3,0,5,54.5,54.5,3,0,0,100.0,100.0
kisielk__errcheck,8,3,cyclonedx-gomod,3,3,0,5,54.5,54.5,3,0,0,100.0,100.0
kitabisa__teler-waf,608,164,syft,342,249,93,359,52.4,48.0,164,178,0,64.8,60.9
kitabisa__teler-waf,608,164,trivy,266,199,67,409,45.5,40.7,164,102,0,76.3,71.6
kitabisa__teler-waf,608,164,cdxgen,238,182,56,426,43.0,40.4,164,74,0,81.6,81.1
kitabisa__teler-waf,608,164,cyclonedx-gomod,176,176,0,432,44.9,44.9,164,12,0,96.5,96.5
kkyr__fig,8,3,syft,8,7,1,1,87.5,87.5,3,5,0,54.5,54.5
kkyr__fig,8,3,trivy,10,8,2,0,88.9,88.9,3,7,0,46.2,46.2
kkyr__fig,8,3,cdxgen,4,3,1,5,50.0,50.0,3,1,0,85.7,85.7
kkyr__fig,8,3,cyclonedx-gomod,3,3,0,5,54.5,54.5,3,0,0,100.0,100.0
kkyr__go-recipe,18,8,syft,12,12,0,6,80.0,80.0,8,4,0,80.0,80.0
kkyr__go-recipe,18,8,trivy,9,9,0,9,66.7,66.7,8,1,0,94.1,94.1
kkyr__go-recipe,18,8,cdxgen,8,8,0,10,61.5,61.5,8,0,0,100.0,100.0
kkyr__go-recipe,18,8,cyclonedx-gomod,8,8,0,10,61.5,61.5,8,0,0,100.0,100.0
knbr13__gitcs,57,27,syft,47,47,0,10,90.4,90.4,27,20,0,73.0,73.0
knbr13__gitcs,57,27,trivy,28,28,0,29,65.9,65.9,27,1,0,98.2,98.2
knbr13__gitcs,57,27,cdxgen,27,27,0,30,64.3,64.3,27,0,0,100.0,100.0
knbr13__gitcs,57,27,cyclonedx-gomod,28,28,0,29,65.9,65.9,27,1,0,98.2,98.2
knights-analytics__hugot,93,24,syft,57,57,0,36,76.0,76.0,24,33,0,59.3,59.3
knights-analytics__hugot,93,24,trivy,29,29,0,64,47.5,47.5,24,5,0,90.6,90.6
knights-analytics__hugot,93,24,cdxgen,24,24,0,69,41.0,41.0,24,0,0,100.0,100.0
knights-analytics__hugot,93,24,cyclonedx-gomod,29,29,0,64,47.5,47.5,24,5,0,90.6,90.6
kniren__gota,37,2,syft,3,3,0,34,15.0,15.0,2,1,0,80.0,80.0
kniren__gota,37,2,trivy,37,37,0,0,100.0,100.0,2,35,0,10.3,10.3
kniren__gota,37,2,cdxgen,2,2,0,35,10.3,10.3,2,0,0,100.0,100.0
kniren__gota,37,2,cyclonedx-gomod,2,2,0,35,10.3,10.3,2,0,0,100.0,100.0
knocknote__octillery,27,15,syft,25,25,0,2,96.2,96.2,15,10,0,75.0,75.0
knocknote__octillery,27,15,trivy,27,27,0,0,100.0,100.0,15,12,0,71.4,71.4
knocknote__octillery,27,15,cdxgen,15,15,0,12,71.4,71.4,15,0,0,100.0,100.0
knocknote__octillery,27,15,cyclonedx-gomod,16,16,0,11,74.4,74.4,15,1,0,96.8,96.8
knq__chromedp,9,6,syft,9,9,0,0,100.0,100.0,6,3,0,80.0,80.0
knq__chromedp,9,6,trivy,9,9,0,0,100.0,100.0,6,3,0,80.0,80.0
knq__chromedp,9,6,cdxgen,6,6,0,3,80.0,80.0,6,0,0,100.0,100.0
knq__chromedp,9,6,cyclonedx-gomod,7,7,0,2,87.5,87.5,6,1,0,92.3,92.3
knq__usql,729,303,syft,435,435,0,294,74.7,73.5,303,132,0,82.1,81.0
knq__usql,729,303,trivy,364,364,0,365,66.6,65.5,303,61,0,90.9,89.7
knq__usql,729,303,cdxgen,303,303,0,426,58.7,57.9,303,0,0,100.0,98.7
knq__usql,729,303,cyclonedx-gomod,330,330,0,399,62.3,62.3,302,28,1,95.4,95.4
knq__xo,79,33,syft,52,52,0,27,79.4,79.4,33,19,0,77.6,77.6
knq__xo,79,33,trivy,33,33,0,46,58.9,58.9,33,0,0,100.0,100.0
knq__xo,79,33,cdxgen,33,33,0,46,58.9,58.9,33,0,0,100.0,100.0
knq__xo,79,33,cyclonedx-gomod,33,33,0,46,58.9,58.9,33,0,0,100.0,100.0
koffeinsource__go-imgur,14,4,syft,9,9,0,5,78.3,78.3,4,5,0,61.5,61.5
koffeinsource__go-imgur,14,4,trivy,14,14,0,0,100.0,100.0,4,10,0,44.4,44.4
koffeinsource__go-imgur,14,4,cdxgen,4,4,0,10,44.4,44.4,4,0,0,100.0,100.0
koffeinsource__go-imgur,14,4,cyclonedx-gomod,4,4,0,10,44.4,44.4,4,0,0,100.0,100.0
koltyakov__gosip,33,17,syft,24,24,0,9,84.2,77.2,17,7,0,82.9,78.0
koltyakov__gosip,33,17,trivy,19,19,0,14,73.1,65.4,17,2,0,94.4,88.9
koltyakov__gosip,33,17,cdxgen,17,17,0,16,68.0,64.0,17,0,0,100.0,94.1
koltyakov__gosip,33,17,cyclonedx-gomod,19,19,0,14,73.1,73.1,17,2,0,94.4,94.4
koofr__graval,25,5,syft,20,20,0,5,88.9,88.9,5,15,0,40.0,40.0
koofr__graval,25,5,trivy,25,25,0,0,100.0,100.0,5,20,0,33.3,33.3
koofr__graval,25,5,cdxgen,5,5,0,20,33.3,33.3,5,0,0,100.0,100.0
koofr__graval,25,5,cyclonedx-gomod,5,5,0,20,33.3,33.3,5,0,0,100.0,100.0
kool-dev__kool,91,35,syft,57,57,0,34,77.0,75.7,35,22,0,76.1,73.9
kool-dev__kool,91,35,trivy,45,45,0,46,66.2,64.7,35,10,0,87.5,85.0
kool-dev__kool,91,35,cdxgen,35,35,0,56,55.6,54.0,35,0,0,100.0,97.1
kool-dev__kool,91,35,cyclonedx-gomod,37,37,0,54,57.8,57.8,35,2,0,97.2,97.2
koss-null__FuncFrog,18,1,syft,9,9,0,9,66.7,66.7,1,8,0,20.0,20.0
koss-null__FuncFrog,18,1,trivy,8,8,0,10,61.5,61.5,1,7,0,22.2,22.2
koss-null__FuncFrog,18,1,cdxgen,1,1,0,17,10.5,10.5,1,0,0,100.0,100.0
koss-null__FuncFrog,18,1,cyclonedx-gomod,1,1,0,17,10.5,10.5,1,0,0,100.0,100.0
kpango__glg,14,2,syft,11,11,0,3,88.0,88.0,2,9,0,30.8,30.8
kpango__glg,14,2,trivy,6,6,0,8,60.0,60.0,2,4,0,50.0,50.0
kpango__glg,14,2,cdxgen,2,2,0,12,25.0,25.0,2,0,0,100.0,100.0
kpango__glg,14,2,cyclonedx-gomod,2,2,0,12,25.0,25.0,2,0,0,100.0,100.0
kpfaulkner__borders,2,1,syft,1,1,0,1,66.7,66.7,1,0,0,100.0,100.0
kpfaulkner__borders,2,1,trivy,2,2,0,0,100.0,100.0,1,1,0,66.7,66.7
kpfaulkner__borders,2,1,cdxgen,1,1,0,1,66.7,66.7,1,0,0,100.0,100.0
kpfaulkner__borders,2,1,cyclonedx-gomod,1,1,0,1,66.7,66.7,1,0,0,100.0,100.0
krayzpipes__cronticker,1,1,syft,1,1,0,0,100.0,100.0,1,0,0,100.0,100.0
krayzpipes__cronticker,1,1,trivy,2,1,1,0,66.7,66.7,1,1,0,66.7,66.7
krayzpipes__cronticker,1,1,cdxgen,1,1,0,0,100.0,100.0,1,0,0,100.0,100.0
krayzpipes__cronticker,1,1,cyclonedx-gomod,1,1,0,0,100.0,100.0,1,0,0,100.0,100.0
krotik__dudeldu,1,1,syft,1,1,0,0,100.0,100.0,1,0,0,100.0,100.0
krotik__dudeldu,1,1,trivy,1,1,0,0,100.0,100.0,1,0,0,100.0,100.0
krotik__dudeldu,1,1,cdxgen,1,1,0,0,100.0,100.0,1,0,0,100.0,100.0
krotik__dudeldu,1,1,cyclonedx-gomod,1,1,0,0,100.0,100.0,1,0,0,100.0,100.0
krotik__ecal,1,1,syft,4,1,3,0,40.0,40.0,1,3,0,40.0,40.0
krotik__ecal,1,1,trivy,2,1,1,0,66.7,66.7,1,1,0,66.7,66.7
krotik__ecal,1,1,cdxgen,1,1,0,0,100.0,100.0,1,0,0,100.0,100.0
krotik__ecal,1,1,cyclonedx-gomod,1,1,0,0,100.0,100.0,1,0,0,100.0,100.0
krotik__eliasdb,3,3,syft,3,3,0,0,100.0,100.0,3,0,0,100.0,100.0
krotik__eliasdb,3,3,trivy,3,3,0,0,100.0,100.0,3,0,0,100.0,100.0
krotik__eliasdb,3,3,cdxgen,3,3,0,0,100.0,100.0,3,0,0,100.0,100.0
krotik__eliasdb,3,3,cyclonedx-gomod,3,3,0,0,100.0,100.0,3,0,0,100.0,100.0
kslamph__tronlib,201,17,syft,38,38,0,163,31.8,31.8,17,21,0,61.8,61.8
kslamph__tronlib,201,17,trivy,23,23,0,178,20.5,20.5,17,6,0,85.0,85.0
kslamph__tronlib,201,17,cdxgen,17,17,0,184,15.6,15.6,17,0,0,100.0,100.0
kslamph__tronlib,201,17,cyclonedx-gomod,17,17,0,184,15.6,15.6,17,0,0,100.0,100.0
ktr0731__evans,560,55,syft,222,222,0,338,56.8,55.2,55,167,0,39.7,38.3
ktr0731__evans,560,55,trivy,202,202,0,358,53.0,51.4,55,147,0,42.8,41.2
ktr0731__evans,560,55,cdxgen,55,55,0,505,17.9,17.2,55,0,0,100.0,96.4
ktr0731__evans,560,55,cyclonedx-gomod,190,190,0,370,50.7,50.7,55,135,0,44.9,44.9
kubernetes-sigs__kind,23,11,syft,408,20,388,3,9.3,7.4,11,397,0,5.3,3.8
kubernetes-sigs__kind,23,11,trivy,407,20,387,3,9.3,7.0,11,396,0,5.3,3.8
kubernetes-sigs__kind,23,11,cdxgen,402,18,384,5,8.5,7.5,11,391,0,5.3,5.3
kubernetes-sigs__kind,23,11,cyclonedx-gomod,12,12,0,11,68.6,68.6,11,1,0,95.7,95.7
kubernetes__minikube,533,222,syft,319,283,36,250,66.4,50.7,222,97,0,82.1,62.1
kubernetes__minikube,533,222,trivy,278,252,26,281,62.1,59.4,222,56,0,88.8,85.6
kubernetes__minikube,533,222,cdxgen,250,230,20,303,58.7,57.5,222,28,0,94.1,92.8
kubernetes__minikube,533,222,cyclonedx-gomod,232,232,0,301,60.7,60.7,217,15,5,95.6,95.6
kubeservice-stack__common,532,117,syft,199,199,0,333,54.4,53.6,117,82,0,74.1,72.8
kubeservice-stack__common,532,117,trivy,162,162,0,370,46.7,46.4,117,45,0,83.9,82.4
kubeservice-stack__common,532,117,cdxgen,117,117,0,415,36.1,35.4,117,0,0,100.0,99.1
kubeservice-stack__common,532,117,cyclonedx-gomod,113,113,0,419,35.0,35.0,113,0,4,98.3,97.4
kubeshark__kubeshark,350,129,syft,211,211,0,139,75.2,74.5,129,82,0,75.9,74.7
kubeshark__kubeshark,350,129,trivy,132,132,0,218,54.8,53.9,129,3,0,98.9,97.3
kubeshark__kubeshark,350,129,cdxgen,129,129,0,221,53.9,53.0,129,0,0,100.0,98.4
kubeshark__kubeshark,350,129,cyclonedx-gomod,131,131,0,219,54.5,54.5,129,2,0,99.2,99.2
kubevela__kubevela,828,284,syft,369,367,2,461,61.3,59.8,282,87,2,86.4,83.0
kubevela__kubevela,828,284,trivy,301,299,2,529,53.0,51.4,282,19,2,96.4,92.6
kubevela__kubevela,828,284,cdxgen,284,284,0,544,51.1,48.7,284,0,0,100.0,96.8
kubevela__kubevela,828,284,cyclonedx-gomod,290,288,2,540,51.5,51.5,279,11,5,97.2,95.8
kyleconroy__sqlc,88,36,syft,95,62,33,26,67.8,60.1,36,59,0,55.0,48.9
kyleconroy__sqlc,88,36,trivy,65,47,18,41,61.4,54.9,36,29,0,71.3,67.3
kyleconroy__sqlc,88,36,cdxgen,56,39,17,49,54.2,50.0,36,20,0,78.3,78.3
kyleconroy__sqlc,88,36,cyclonedx-gomod,39,39,0,49,61.4,61.4,36,3,0,96.0,96.0
kyoh86__richgo,13,7,syft,12,12,0,1,96.0,96.0,7,5,0,73.7,73.7
kyoh86__richgo,13,7,trivy,11,11,0,2,91.7,91.7,7,4,0,77.8,77.8
kyoh86__richgo,13,7,cdxgen,7,7,0,6,70.0,70.0,7,0,0,100.0,100.0
kyoh86__richgo,13,7,cyclonedx-gomod,7,7,0,6,70.0,70.0,7,0,0,100.0,100.0
kyuff__anchor,10,1,syft,6,6,0,4,75.0,75.0,1,5,0,28.6,28.6
kyuff__anchor,10,1,trivy,4,4,0,6,57.1,57.1,1,3,0,40.0,40.0
kyuff__anchor,10,1,cdxgen,1,1,0,9,18.2,18.2,1,0,0,100.0,100.0
kyuff__anchor,10,1,cyclonedx-gomod,4,4,0,6,57.1,57.1,1,3,0,40.0,40.0
labstack__echo,15,1,syft,8,8,0,7,69.6,69.6,1,7,0,22.2,22.2
labstack__echo,15,1,trivy,7,7,0,8,63.6,63.6,1,6,0,25.0,25.0
labstack__echo,15,1,cdxgen,1,1,0,14,12.5,12.5,1,0,0,100.0,100.0
labstack__echo,15,1,cyclonedx-gomod,1,1,0,14,12.5,12.5,1,0,0,100.0,100.0
labstack__gommon,11,5,syft,10,10,0,1,95.2,95.2,5,5,0,66.7,66.7
labstack__gommon,11,5,trivy,9,9,0,2,90.0,90.0,5,4,0,71.4,71.4
labstack__gommon,11,5,cdxgen,5,5,0,6,62.5,62.5,5,0,0,100.0,100.0
labstack__gommon,11,5,cyclonedx-gomod,5,5,0,6,62.5,62.5,5,0,0,100.0,100.0
lalamove__konfig,245,51,syft,104,104,0,141,59.6,57.3,51,53,0,65.8,61.9
lalamove__konfig,245,51,trivy,245,245,0,0,100.0,95.5,51,194,0,34.5,32.4
lalamove__konfig,245,51,cdxgen,51,51,0,194,34.5,32.4,51,0,0,100.0,94.1
lalamove__konfig,245,51,cyclonedx-gomod,52,52,0,193,35.0,35.0,51,1,0,99.0,99.0
lana__go-commandbus,24,4,syft,5,5,0,19,34.5,34.5,4,1,0,88.9,88.9
lana__go-commandbus,24,4,trivy,24,24,0,0,100.0,100.0,4,20,0,28.6,28.6
lana__go-commandbus,24,4,cdxgen,4,4,0,20,28.6,28.6,4,0,0,100.0,100.0
lana__go-commandbus,24,4,cyclonedx-gomod,4,4,0,20,28.6,28.6,4,0,0,100.0,100.0
lawzava__go-pg-migrate,32,5,syft,16,16,0,16,66.7,66.7,5,11,0,47.6,47.6
lawzava__go-pg-migrate,32,5,trivy,14,14,0,18,60.9,60.9,5,9,0,52.6,52.6
lawzava__go-pg-migrate,32,5,cdxgen,5,5,0,27,27.0,27.0,5,0,0,100.0,100.0
lawzava__go-pg-migrate,32,5,cyclonedx-gomod,5,5,0,27,27.0,27.0,5,0,0,100.0,100.0
lazynop__lazyenv,40,21,syft,32,32,0,8,88.9,88.9,21,11,0,79.2,79.2
lazynop__lazyenv,40,21,trivy,25,25,0,15,76.9,76.9,21,4,0,91.3,91.3
lazynop__lazyenv,40,21,cdxgen,21,21,0,19,68.9,68.9,21,0,0,100.0,100.0
lazynop__lazyenv,40,21,cyclonedx-gomod,21,21,0,19,68.9,68.9,21,0,0,100.0,100.0
leberKleber__go-mpris,7,1,syft,6,6,0,1,92.3,92.3,1,5,0,28.6,28.6
leberKleber__go-mpris,7,1,trivy,5,5,0,2,83.3,83.3,1,4,0,33.3,33.3
leberKleber__go-mpris,7,1,cdxgen,1,1,0,6,25.0,25.0,1,0,0,100.0,100.0
leberKleber__go-mpris,7,1,cyclonedx-gomod,1,1,0,6,25.0,25.0,1,0,0,100.0,100.0
leebenson__conform,16,1,syft,8,8,0,8,66.7,66.7,1,7,0,22.2,22.2
leebenson__conform,16,1,trivy,16,16,0,0,100.0,100.0,1,15,0,11.8,11.8
leebenson__conform,16,1,cdxgen,1,1,0,15,11.8,11.8,1,0,0,100.0,100.0
leebenson__conform,16,1,cyclonedx-gomod,1,1,0,15,11.8,11.8,1,0,0,100.0,100.0
leekchan__accounting,4,3,syft,4,4,0,0,100.0,100.0,3,1,0,85.7,85.7
leekchan__accounting,4,3,trivy,4,4,0,0,100.0,100.0,3,1,0,85.7,85.7
leekchan__accounting,4,3,cdxgen,3,3,0,1,85.7,85.7,3,0,0,100.0,100.0
leekchan__accounting,4,3,cyclonedx-gomod,3,3,0,1,85.7,85.7,3,0,0,100.0,100.0
leonelquinteros__gotext,8,3,syft,4,4,0,4,66.7,66.7,3,1,0,85.7,85.7
leonelquinteros__gotext,8,3,trivy,3,3,0,5,54.5,54.5,3,0,0,100.0,100.0
leonelquinteros__gotext,8,3,cdxgen,3,3,0,5,54.5,54.5,3,0,0,100.0,100.0
leonelquinteros__gotext,8,3,cyclonedx-gomod,3,3,0,5,54.5,54.5,3,0,0,100.0,100.0
leozz37__hare,4,4,syft,4,4,0,0,100.0,100.0,4,0,0,100.0,100.0
leozz37__hare,4,4,trivy,4,4,0,0,100.0,100.0,4,0,0,100.0,100.0
leozz37__hare,4,4,cdxgen,4,4,0,0,100.0,100.0,4,0,0,100.0,100.0
leozz37__hare,4,4,cyclonedx-gomod,4,4,0,0,100.0,100.0,4,0,0,100.0,100.0
leporo__sqlf,8,1,syft,7,7,0,1,93.3,93.3,1,6,0,25.0,25.0
leporo__sqlf,8,1,trivy,8,8,0,0,100.0,100.0,1,7,0,22.2,22.2
leporo__sqlf,8,1,cdxgen,1,1,0,7,22.2,22.2,1,0,0,100.0,100.0
leporo__sqlf,8,1,cyclonedx-gomod,1,1,0,7,22.2,22.2,1,0,0,100.0,100.0
lesismal__nbio,7,3,syft,3,3,0,4,60.0,60.0,3,0,0,100.0,100.0
lesismal__nbio,7,3,trivy,7,7,0,0,100.0,100.0,3,4,0,60.0,60.0
lesismal__nbio,7,3,cdxgen,3,3,0,4,60.0,60.0,3,0,0,100.0,100.0
lesismal__nbio,7,3,cyclonedx-gomod,3,3,0,4,60.0,60.0,3,0,0,100.0,100.0
lestrrat-go__jwx,20,8,syft,34,15,19,5,55.6,40.7,8,26,0,38.1,33.3
lestrrat-go__jwx,20,8,trivy,28,13,15,7,54.2,41.7,8,20,0,44.4,44.4
lestrrat-go__jwx,20,8,cdxgen,27,13,14,7,55.3,42.6,8,19,0,45.7,45.7
lestrrat-go__jwx,20,8,cyclonedx-gomod,11,11,0,9,71.0,71.0,8,3,0,84.2,84.2
levigross__grequests,14,2,syft,8,8,0,6,72.7,72.7,2,6,0,40.0,40.0
levigross__grequests,14,2,trivy,6,6,0,8,60.0,60.0,2,4,0,50.0,50.0
levigross__grequests,14,2,cdxgen,2,2,0,12,25.0,25.0,2,0,0,100.0,100.0
levigross__grequests,14,2,cyclonedx-gomod,2,2,0,12,25.0,25.0,2,0,0,100.0,100.0
lib4u__fake-useragent,5,1,syft,1,1,0,4,33.3,33.3,1,0,0,100.0,100.0
lib4u__fake-useragent,5,1,trivy,5,5,0,0,100.0,100.0,1,4,0,33.3,33.3
lib4u__fake-useragent,5,1,cdxgen,1,1,0,4,33.3,33.3,1,0,0,100.0,100.0
lib4u__fake-useragent,5,1,cyclonedx-gomod,1,1,0,4,33.3,33.3,1,0,0,100.0,100.0
libgit2__git2go,6,1,syft,4,4,0,2,80.0,80.0,1,3,0,40.0,40.0
libgit2__git2go,6,1,trivy,6,6,0,0,100.0,100.0,1,5,0,28.6,28.6
libgit2__git2go,6,1,cdxgen,1,1,0,5,28.6,28.6,1,0,0,100.0,100.0
libgit2__git2go,6,1,cyclonedx-gomod,2,2,0,4,50.0,50.0,1,1,0,66.7,66.7
liftbridge-io__liftbridge,360,64,syft,91,91,0,269,40.4,40.4,64,27,0,82.6,82.6
liftbridge-io__liftbridge,360,64,trivy,69,69,0,291,32.2,32.2,64,5,0,96.2,96.2
liftbridge-io__liftbridge,360,64,cdxgen,64,64,0,296,30.2,30.2,64,0,0,100.0,100.0
liftbridge-io__liftbridge,360,64,cyclonedx-gomod,65,65,0,295,30.6,30.6,64,1,0,99.2,99.2
lightningnetwork__lnd,522,123,syft,425,238,187,284,50.3,38.2,123,302,0,44.9,31.8
lightningnetwork__lnd,522,123,trivy,380,208,172,314,46.1,38.1,123,257,0,48.9,37.4
lightningnetwork__lnd,522,123,cdxgen,0,0,0,522,0.0,0.0,0,0,123,0.0,0.0
lightningnetwork__lnd,522,123,cyclonedx-gomod,186,185,1,337,52.3,52.0,122,64,1,79.0,78.3
limiu82214__gojmapr,11,1,syft,9,9,0,2,90.0,90.0,1,8,0,20.0,20.0
limiu82214__gojmapr,11,1,trivy,8,8,0,3,84.2,84.2,1,7,0,22.2,22.2
limiu82214__gojmapr,11,1,cdxgen,1,1,0,10,16.7,16.7,1,0,0,100.0,100.0
limiu82214__gojmapr,11,1,cyclonedx-gomod,1,1,0,10,16.7,16.7,1,0,0,100.0,100.0
lindb__lindb,482,161,syft,246,246,0,236,67.6,66.5,161,85,0,79.1,78.1
lindb__lindb,482,161,trivy,178,178,0,304,53.9,53.3,161,17,0,95.0,93.8
lindb__lindb,482,161,cdxgen,161,161,0,321,50.1,49.5,161,0,0,100.0,98.8
lindb__lindb,482,161,cyclonedx-gomod,173,173,0,309,52.8,52.8,157,16,4,94.0,94.0
lingrino__vaku,170,25,syft,82,82,0,88,65.1,64.3,25,57,0,46.7,46.7
lingrino__vaku,170,25,trivy,70,70,0,100,58.3,57.5,25,45,0,52.6,52.6
lingrino__vaku,170,25,cdxgen,25,25,0,145,25.6,25.6,25,0,0,100.0,100.0
lingrino__vaku,170,25,cyclonedx-gomod,26,26,0,144,26.5,26.5,25,1,0,98.0,98.0
linkedin__goavro,7,1,syft,6,6,0,1,92.3,92.3,1,5,0,28.6,28.6
linkedin__goavro,7,1,trivy,7,7,0,0,100.0,100.0,1,6,0,25.0,25.0
linkedin__goavro,7,1,cdxgen,1,1,0,6,25.0,25.0,1,0,0,100.0,100.0
linkedin__goavro,7,1,cyclonedx-gomod,1,1,0,6,25.0,25.0,1,0,0,100.0,100.0
linvon__cuckoo-filter,1,1,syft,1,1,0,0,100.0,100.0,1,0,0,100.0,100.0
linvon__cuckoo-filter,1,1,trivy,1,1,0,0,100.0,100.0,1,0,0,100.0,100.0
linvon__cuckoo-filter,1,1,cdxgen,1,1,0,0,100.0,100.0,1,0,0,100.0,100.0
linvon__cuckoo-filter,1,1,cyclonedx-gomod,1,1,0,0,100.0,100.0,1,0,0,100.0,100.0
linxGnu__mssqlx,13,6,syft,12,12,0,1,96.0,96.0,6,6,0,66.7,66.7
linxGnu__mssqlx,13,6,trivy,10,10,0,3,87.0,87.0,6,4,0,75.0,75.0
linxGnu__mssqlx,13,6,cdxgen,6,6,0,7,63.2,63.2,6,0,0,100.0,100.0
linxGnu__mssqlx,13,6,cyclonedx-gomod,6,6,0,7,63.2,63.2,6,0,0,100.0,100.0
liujianping__job,115,25,syft,38,38,0,77,49.7,48.4,25,13,0,79.4,79.4
liujianping__job,115,25,trivy,115,115,0,0,100.0,97.4,25,90,0,35.7,35.7
liujianping__job,115,25,cdxgen,25,25,0,90,35.7,35.7,25,0,0,100.0,100.0
liujianping__job,115,25,cyclonedx-gomod,0,0,0,115,0.0,0.0,0,0,25,0.0,0.0
liweiyi88__onedump,148,73,syft,97,96,1,52,78.4,78.4,73,24,0,85.9,85.9
liweiyi88__onedump,148,73,trivy,81,81,0,67,70.7,70.7,73,8,0,94.8,94.8
liweiyi88__onedump,148,73,cdxgen,73,73,0,75,66.1,66.1,73,0,0,100.0,100.0
liweiyi88__onedump,148,73,cyclonedx-gomod,75,75,0,73,67.3,67.3,73,2,0,98.6,98.6
llir__llvm,18,5,syft,9,8,1,10,59.3,51.9,5,4,0,71.4,71.4
llir__llvm,18,5,trivy,20,18,2,0,94.7,94.7,5,15,0,40.0,40.0
llir__llvm,18,5,cdxgen,8,7,1,11,53.8,46.2,5,3,0,76.9,76.9
llir__llvm,18,5,cyclonedx-gomod,8,8,0,10,61.5,61.5,5,3,0,76.9,76.9
lni__dragonboat,221,36,syft,50,50,0,171,36.9,36.9,36,14,0,83.7,83.7
lni__dragonboat,221,36,trivy,42,42,0,179,31.9,31.9,36,6,0,92.3,92.3
lni__dragonboat,221,36,cdxgen,36,36,0,185,28.0,28.0,36,0,0,100.0,100.0
lni__dragonboat,221,36,cyclonedx-gomod,33,33,0,188,26.0,26.0,32,1,4,92.8,92.8
logpacker__PayPal-Go-SDK,434,3,syft,246,246,0,188,72.4,72.4,3,243,0,2.4,2.4
logpacker__PayPal-Go-SDK,434,3,trivy,216,216,0,218,66.5,66.5,3,213,0,2.7,2.7
logpacker__PayPal-Go-SDK,434,3,cdxgen,3,3,0,431,1.4,1.4,3,0,0,100.0,100.0
logpacker__PayPal-Go-SDK,434,3,cyclonedx-gomod,215,215,0,219,66.3,66.3,3,212,0,2.8,2.8
lonng__nano,68,14,syft,35,35,0,33,68.0,68.0,14,21,0,57.1,57.1
lonng__nano,68,14,trivy,68,68,0,0,100.0,100.0,14,54,0,34.1,34.1
lonng__nano,68,14,cdxgen,14,14,0,54,34.1,34.1,14,0,0,100.0,100.0
lonng__nano,68,14,cyclonedx-gomod,14,14,0,54,34.1,34.1,14,0,0,100.0,100.0
loom-go__loom,8,2,syft,7,7,0,1,93.3,93.3,2,5,0,44.4,44.4
loom-go__loom,8,2,trivy,6,6,0,2,85.7,85.7,2,4,0,50.0,50.0
loom-go__loom,8,2,cdxgen,2,2,0,6,40.0,40.0,2,0,0,100.0,100.0
loom-go__loom,8,2,cyclonedx-gomod,2,2,0,6,40.0,40.0,2,0,0,100.0,100.0
loov__lensm,28,10,syft,16,16,0,12,72.7,72.7,10,6,0,76.9,76.9
loov__lensm,28,10,trivy,10,10,0,18,52.6,52.6,10,0,0,100.0,100.0
loov__lensm,28,10,cdxgen,10,10,0,18,52.6,52.6,10,0,0,100.0,100.0
loov__lensm,28,10,cyclonedx-gomod,10,10,0,18,52.6,52.6,10,0,0,100.0,100.0
lrita__numa,5,1,syft,4,4,0,1,88.9,88.9,1,3,0,40.0,40.0
lrita__numa,5,1,trivy,5,5,0,0,100.0,100.0,1,4,0,33.3,33.3
lrita__numa,5,1,cdxgen,1,1,0,4,33.3,33.3,1,0,0,100.0,100.0
lrita__numa,5,1,cyclonedx-gomod,1,1,0,4,33.3,33.3,1,0,0,100.0,100.0
lucas-clemente__quic-go,28,7,syft,21,20,1,8,81.6,81.6,7,14,0,50.0,50.0
lucas-clemente__quic-go,28,7,trivy,19,18,1,10,76.6,76.6,7,12,0,53.8,53.8
lucas-clemente__quic-go,28,7,cdxgen,7,7,0,21,40.0,40.0,7,0,0,100.0,100.0
lucas-clemente__quic-go,28,7,cyclonedx-gomod,10,10,0,18,52.6,52.6,7,3,0,82.4,82.4
lucasepe__tbd,49,21,syft,36,36,0,13,84.7,84.7,21,15,0,73.7,73.7
lucasepe__tbd,49,21,trivy,49,49,0,0,100.0,100.0,21,28,0,60.0,60.0
lucasepe__tbd,49,21,cdxgen,21,21,0,28,60.0,60.0,21,0,0,100.0,100.0
lucasepe__tbd,49,21,cyclonedx-gomod,23,23,0,26,63.9,63.9,21,2,0,95.5,95.5
luno__workflow,42,15,syft,155,31,124,11,31.5,23.4,15,140,0,17.6,16.5
luno__workflow,42,15,trivy,132,25,107,17,28.7,21.8,15,117,0,20.4,20.4
luno__workflow,42,15,cdxgen,65,22,43,20,41.1,31.8,15,50,0,37.5,37.5
luno__workflow,42,15,cyclonedx-gomod,15,15,0,27,52.6,52.6,15,0,0,100.0,100.0
luraproject__lura,61,26,syft,44,44,0,17,83.8,83.8,26,18,0,74.3,74.3
luraproject__lura,61,26,trivy,37,37,0,24,75.5,75.5,26,11,0,82.5,82.5
luraproject__lura,61,26,cdxgen,26,26,0,35,59.8,59.8,26,0,0,100.0,100.0
luraproject__lura,61,26,cyclonedx-gomod,37,37,0,24,75.5,75.5,26,11,0,82.5,82.5
lxzan__gws,7,1,syft,6,6,0,1,92.3,92.3,1,5,0,28.6,28.6
lxzan__gws,7,1,trivy,5,5,0,2,83.3,83.3,1,4,0,33.3,33.3
lxzan__gws,7,1,cdxgen,1,1,0,6,25.0,25.0,1,0,0,100.0,100.0
lxzan__gws,7,1,cyclonedx-gomod,1,1,0,6,25.0,25.0,1,0,0,100.0,100.0
lynxbase__lynxdb,232,90,syft,154,153,1,79,79.3,79.3,90,64,0,73.8,73.8
lynxbase__lynxdb,232,90,trivy,134,133,1,99,72.7,72.7,90,44,0,80.4,80.4
lynxbase__lynxdb,232,90,cdxgen,133,133,0,99,72.9,72.9,90,43,0,80.7,80.7
lynxbase__lynxdb,232,90,cyclonedx-gomod,92,92,0,140,56.8,56.8,90,2,0,98.9,98.9
m-zajac__json2go,9,3,syft,8,8,0,1,94.1,94.1,3,5,0,54.5,54.5
m-zajac__json2go,9,3,trivy,7,7,0,2,87.5,87.5,3,4,0,60.0,60.0
m-zajac__json2go,9,3,cdxgen,3,3,0,6,50.0,50.0,3,0,0,100.0,100.0
m-zajac__json2go,9,3,cyclonedx-gomod,3,3,0,6,50.0,50.0,3,0,0,100.0,100.0
m1__go-generate-password,12,2,syft,8,8,0,4,80.0,80.0,2,6,0,40.0,40.0
m1__go-generate-password,12,2,trivy,7,7,0,5,73.7,73.7,2,5,0,44.4,44.4
m1__go-generate-password,12,2,cdxgen,2,2,0,10,28.6,28.6,2,0,0,100.0,100.0
m1__go-generate-password,12,2,cyclonedx-gomod,3,3,0,9,40.0,40.0,2,1,0,80.0,80.0
maargenton__go-testpredicate,8,3,syft,4,4,0,4,66.7,66.7,3,1,0,85.7,85.7
maargenton__go-testpredicate,8,3,trivy,3,3,0,5,54.5,54.5,3,0,0,100.0,100.0
maargenton__go-testpredicate,8,3,cdxgen,3,3,0,5,54.5,54.5,3,0,0,100.0,100.0
maargenton__go-testpredicate,8,3,cyclonedx-gomod,3,3,0,5,54.5,54.5,3,0,0,100.0,100.0
madflojo__tasks,1,1,syft,1,1,0,0,100.0,100.0,1,0,0,100.0,100.0
madflojo__tasks,1,1,trivy,1,1,0,0,100.0,100.0,1,0,0,100.0,100.0
madflojo__tasks,1,1,cdxgen,1,1,0,0,100.0,100.0,1,0,0,100.0,100.0
madflojo__tasks,1,1,cyclonedx-gomod,1,1,0,0,100.0,100.0,1,0,0,100.0,100.0
mafredri__cdp,13,5,syft,9,9,0,4,81.8,81.8,5,4,0,71.4,71.4
mafredri__cdp,13,5,trivy,8,8,0,5,76.2,76.2,5,3,0,76.9,76.9
mafredri__cdp,13,5,cdxgen,5,5,0,8,55.6,55.6,5,0,0,100.0,100.0
mafredri__cdp,13,5,cyclonedx-gomod,5,5,0,8,55.6,55.6,5,0,0,100.0,100.0
mafulong__godal,180,10,syft,17,17,0,163,17.3,17.3,10,7,0,74.1,74.1
mafulong__godal,180,10,trivy,180,180,0,0,100.0,95.6,10,170,0,10.5,10.5
mafulong__godal,180,10,cdxgen,10,10,0,170,10.5,10.5,10,0,0,100.0,100.0
mafulong__godal,180,10,cyclonedx-gomod,10,10,0,170,10.5,10.5,10,0,0,100.0,100.0
maguro__pbf,38,14,syft,28,28,0,10,84.8,81.8,14,14,0,66.7,61.9
maguro__pbf,38,14,trivy,22,22,0,16,73.3,70.0,14,8,0,77.8,72.2
maguro__pbf,38,14,cdxgen,14,14,0,24,53.8,50.0,14,0,0,100.0,92.9
maguro__pbf,38,14,cyclonedx-gomod,15,15,0,23,56.6,56.6,14,1,0,96.6,96.6
mailgun__mailgun-go,77,3,syft,8,8,0,69,18.8,18.8,3,5,0,54.5,54.5
mailgun__mailgun-go,77,3,trivy,7,7,0,70,16.7,16.7,3,4,0,60.0,60.0
mailgun__mailgun-go,77,3,cdxgen,3,3,0,74,7.5,7.5,3,0,0,100.0,100.0
mailgun__mailgun-go,77,3,cyclonedx-gomod,3,3,0,74,7.5,7.5,3,0,0,100.0,100.0
mainak55512__stto,4,3,syft,4,4,0,0,100.0,100.0,3,1,0,85.7,85.7
mainak55512__stto,4,3,trivy,3,3,0,1,85.7,85.7,3,0,0,100.0,100.0
mainak55512__stto,4,3,cdxgen,3,3,0,1,85.7,85.7,3,0,0,100.0,100.0
mainak55512__stto,4,3,cyclonedx-gomod,3,3,0,1,85.7,85.7,3,0,0,100.0,100.0
malaschitz__randomForest,244,2,syft,5,5,0,239,4.0,3.2,2,3,0,57.1,57.1
malaschitz__randomForest,244,2,trivy,244,244,0,0,100.0,96.7,2,242,0,1.6,1.6
malaschitz__randomForest,244,2,cdxgen,2,2,0,242,1.6,1.6,2,0,0,100.0,100.0
malaschitz__randomForest,244,2,cyclonedx-gomod,2,2,0,242,1.6,1.6,2,0,0,100.0,100.0
mantil-io__mantil,237,85,syft,109,109,0,128,63.0,63.0,85,24,0,87.6,87.6
mantil-io__mantil,237,85,trivy,237,237,0,0,100.0,99.2,85,152,0,52.8,52.8
mantil-io__mantil,237,85,cdxgen,48,48,0,189,33.7,33.7,45,3,40,67.7,67.7
mantil-io__mantil,237,85,cyclonedx-gomod,91,91,0,146,55.5,55.5,85,6,0,96.6,96.6
manuelbcd__go-openproject,15,5,syft,11,11,0,4,84.6,84.6,5,6,0,62.5,62.5
manuelbcd__go-openproject,15,5,trivy,11,11,0,4,84.6,84.6,5,6,0,62.5,62.5
manuelbcd__go-openproject,15,5,cdxgen,5,5,0,10,50.0,50.0,5,0,0,100.0,100.0
manuelbcd__go-openproject,15,5,cyclonedx-gomod,5,5,0,10,50.0,50.0,5,0,0,100.0,100.0
mariocandela__beelzebub,68,29,syft,49,49,0,19,83.8,83.8,29,20,0,74.4,74.4
mariocandela__beelzebub,68,29,trivy,38,38,0,30,71.7,71.7,29,9,0,86.6,86.6
mariocandela__beelzebub,68,29,cdxgen,29,29,0,39,59.8,59.8,29,0,0,100.0,100.0
mariocandela__beelzebub,68,29,cyclonedx-gomod,29,29,0,39,59.8,59.8,28,1,1,96.6,96.6
mariomac__gostream,13,1,syft,6,6,0,7,63.2,63.2,1,5,0,28.6,28.6
mariomac__gostream,13,1,trivy,5,5,0,8,55.6,55.6,1,4,0,33.3,33.3
mariomac__gostream,13,1,cdxgen,5,5,0,8,55.6,55.6,1,4,0,33.3,33.3
mariomac__gostream,13,1,cyclonedx-gomod,1,1,0,12,14.3,14.3,1,0,0,100.0,100.0
markbates__goth,44,19,syft,31,31,0,13,82.7,82.7,19,12,0,76.0,76.0
markbates__goth,44,19,trivy,30,30,0,14,81.1,81.1,19,11,0,77.6,77.6
markbates__goth,44,19,cdxgen,19,19,0,25,60.3,60.3,19,0,0,100.0,100.0
markbates__goth,44,19,cyclonedx-gomod,21,21,0,23,64.6,64.6,19,2,0,95.0,95.0
markfarnan__go-canvas,7,3,syft,4,4,0,3,72.7,72.7,3,1,0,85.7,85.7
markfarnan__go-canvas,7,3,trivy,7,7,0,0,100.0,100.0,3,4,0,60.0,60.0
markfarnan__go-canvas,7,3,cdxgen,3,3,0,4,60.0,60.0,3,0,0,100.0,100.0
markfarnan__go-canvas,7,3,cyclonedx-gomod,3,3,0,4,60.0,60.0,3,0,0,100.0,100.0
markphelps__flipt,729,306,syft,415,400,15,329,69.9,60.8,306,109,0,84.9,73.5
markphelps__flipt,729,306,trivy,355,342,13,387,63.1,57.2,306,49,0,92.6,84.1
markphelps__flipt,729,306,cdxgen,0,0,0,729,0.0,0.0,0,0,306,0.0,0.0
markphelps__flipt,729,306,cyclonedx-gomod,326,326,0,403,61.8,60.7,304,22,2,96.2,94.3
marlow__marlow,2,1,syft,2,2,0,0,100.0,100.0,1,1,0,66.7,66.7
marlow__marlow,2,1,trivy,2,2,0,0,100.0,100.0,1,1,0,66.7,66.7
marlow__marlow,2,1,cdxgen,1,1,0,1,66.7,66.7,1,0,0,100.0,100.0
marlow__marlow,2,1,cyclonedx-gomod,1,1,0,1,66.7,66.7,1,0,0,100.0,100.0
marrow16__valix,16,4,syft,9,9,0,7,72.0,72.0,4,5,0,61.5,61.5
marrow16__valix,16,4,trivy,8,8,0,8,66.7,66.7,4,4,0,66.7,66.7
marrow16__valix,16,4,cdxgen,4,4,0,12,40.0,40.0,4,0,0,100.0,100.0
marrow16__valix,16,4,cyclonedx-gomod,4,4,0,12,40.0,40.0,4,0,0,100.0,100.0
maruel__panicparse,5,4,syft,5,5,0,0,100.0,100.0,4,1,0,88.9,88.9
maruel__panicparse,5,4,trivy,5,5,0,0,100.0,100.0,4,1,0,88.9,88.9
maruel__panicparse,5,4,cdxgen,4,4,0,1,88.9,88.9,4,0,0,100.0,100.0
maruel__panicparse,5,4,cyclonedx-gomod,4,4,0,1,88.9,88.9,4,0,0,100.0,100.0
marwanhawari__stew,55,25,syft,38,38,0,17,81.7,77.4,25,13,0,79.4,73.0
marwanhawari__stew,55,25,trivy,27,27,0,28,65.9,61.0,25,2,0,96.2,88.5
marwanhawari__stew,55,25,cdxgen,27,27,0,28,65.9,61.0,25,2,0,96.2,88.5
marwanhawari__stew,55,25,cyclonedx-gomod,25,25,0,30,62.5,62.5,25,0,0,100.0,100.0
masterzen__winrm,39,19,syft,29,29,0,10,85.3,82.4,19,10,0,79.2,75.0
masterzen__winrm,39,19,trivy,23,23,0,16,74.2,71.0,19,4,0,90.5,85.7
masterzen__winrm,39,19,cdxgen,19,19,0,20,65.5,62.1,19,0,0,100.0,94.7
masterzen__winrm,39,19,cyclonedx-gomod,19,19,0,20,65.5,65.5,19,0,0,100.0,100.0
masterzen__winrm-cli,14,10,syft,13,13,0,1,96.3,88.9,10,3,0,87.0,78.3
masterzen__winrm-cli,14,10,trivy,14,14,0,0,100.0,92.9,10,4,0,83.3,75.0
masterzen__winrm-cli,14,10,cdxgen,10,10,0,4,83.3,75.0,10,0,0,100.0,90.0
masterzen__winrm-cli,14,10,cyclonedx-gomod,10,10,0,4,83.3,83.3,10,0,0,100.0,100.0
matcornic__hermes,43,24,syft,31,31,0,12,83.8,81.1,24,7,0,87.3,80.0
matcornic__hermes,43,24,trivy,30,30,0,13,82.2,79.5,24,6,0,88.9,81.5
matcornic__hermes,43,24,cdxgen,24,24,0,19,71.6,65.7,24,0,0,100.0,95.8
matcornic__hermes,43,24,cyclonedx-gomod,25,25,0,18,73.5,73.5,24,1,0,98.0,93.9
matm__go-nowpayments,7,6,syft,7,7,0,0,100.0,100.0,6,1,0,92.3,92.3
matm__go-nowpayments,7,6,trivy,6,6,0,1,92.3,92.3,6,0,0,100.0,100.0
matm__go-nowpayments,7,6,cdxgen,6,6,0,1,92.3,92.3,6,0,0,100.0,100.0
matm__go-nowpayments,7,6,cyclonedx-gomod,5,5,0,2,83.3,83.3,5,0,1,90.9,90.9
matryer__gopherize.me,100,20,syft,23,23,0,77,37.4,37.4,20,3,0,93.0,93.0
matryer__gopherize.me,100,20,trivy,100,100,0,0,100.0,99.0,20,80,0,33.3,33.3
matryer__gopherize.me,100,20,cdxgen,20,20,0,80,33.3,33.3,20,0,0,100.0,100.0
matryer__gopherize.me,100,20,cyclonedx-gomod,25,25,0,75,40.0,40.0,20,5,0,88.9,88.9
matryer__moq,9,3,syft,11,5,6,4,50.0,50.0,3,8,0,42.9,42.9
matryer__moq,9,3,trivy,11,4,7,5,40.0,40.0,3,8,0,42.9,42.9
matryer__moq,9,3,cdxgen,5,3,2,6,42.9,42.9,3,2,0,75.0,75.0
matryer__moq,9,3,cyclonedx-gomod,3,3,0,6,50.0,50.0,3,0,0,100.0,100.0
mattn__go-adodb,5,2,syft,2,2,0,3,57.1,57.1,2,0,0,100.0,100.0
mattn__go-adodb,5,2,trivy,5,5,0,0,100.0,100.0,2,3,0,57.1,57.1
mattn__go-adodb,5,2,cdxgen,2,2,0,3,57.1,57.1,2,0,0,100.0,100.0
mattn__go-adodb,5,2,cyclonedx-gomod,2,2,0,3,57.1,57.1,2,0,0,100.0,100.0
mattn__go-colorable,2,2,syft,2,2,0,0,100.0,100.0,2,0,0,100.0,100.0
mattn__go-colorable,2,2,trivy,2,2,0,0,100.0,100.0,2,0,0,100.0,100.0
mattn__go-colorable,2,2,cdxgen,2,2,0,0,100.0,100.0,2,0,0,100.0,100.0
mattn__go-colorable,2,2,cyclonedx-gomod,2,2,0,0,100.0,100.0,2,0,0,100.0,100.0
mattn__go-isatty,1,1,syft,1,1,0,0,100.0,100.0,1,0,0,100.0,100.0
mattn__go-isatty,1,1,trivy,1,1,0,0,100.0,100.0,1,0,0,100.0,100.0
mattn__go-isatty,1,1,cdxgen,1,1,0,0,100.0,100.0,1,0,0,100.0,100.0
mattn__go-isatty,1,1,cyclonedx-gomod,1,1,0,0,100.0,100.0,1,0,0,100.0,100.0
mattn__go-runewidth,1,1,syft,1,1,0,0,100.0,100.0,1,0,0,100.0,100.0
mattn__go-runewidth,1,1,trivy,1,1,0,0,100.0,100.0,1,0,0,100.0,100.0
mattn__go-runewidth,1,1,cdxgen,1,1,0,0,100.0,100.0,1,0,0,100.0,100.0
mattn__go-runewidth,1,1,cyclonedx-gomod,1,1,0,0,100.0,100.0,1,0,0,100.0,100.0
mattn__goveralls,10,2,syft,4,4,0,6,57.1,57.1,2,2,0,66.7,66.7
mattn__goveralls,10,2,trivy,10,10,0,0,100.0,100.0,2,8,0,33.3,33.3
mattn__goveralls,10,2,cdxgen,2,2,0,8,33.3,33.3,2,0,0,100.0,100.0
mattn__goveralls,10,2,cyclonedx-gomod,2,2,0,8,33.3,33.3,2,0,0,100.0,100.0
matzefriedrich__parsley,16,8,syft,14,14,0,2,93.3,93.3,8,6,0,72.7,72.7
matzefriedrich__parsley,16,8,trivy,13,13,0,3,89.7,89.7,8,5,0,76.2,76.2
matzefriedrich__parsley,16,8,cdxgen,8,8,0,8,66.7,66.7,8,0,0,100.0,100.0
matzefriedrich__parsley,16,8,cyclonedx-gomod,9,9,0,7,72.0,72.0,8,1,0,94.1,94.1
maxbolgarin__abstract,1,1,syft,1,1,0,0,100.0,100.0,1,0,0,100.0,100.0
maxbolgarin__abstract,1,1,trivy,1,1,0,0,100.0,100.0,1,0,0,100.0,100.0
maxbolgarin__abstract,1,1,cdxgen,1,1,0,0,100.0,100.0,1,0,0,100.0,100.0
maxbolgarin__abstract,1,1,cyclonedx-gomod,1,1,0,0,100.0,100.0,1,0,0,100.0,100.0
maxbrunsfeld__counterfeiter,20,4,syft,16,13,3,7,72.2,72.2,4,12,0,40.0,40.0
maxbrunsfeld__counterfeiter,20,4,trivy,13,10,3,10,60.6,60.6,4,9,0,47.1,47.1
maxbrunsfeld__counterfeiter,20,4,cdxgen,4,4,0,16,33.3,33.3,4,0,0,100.0,100.0
maxbrunsfeld__counterfeiter,20,4,cyclonedx-gomod,4,4,0,16,33.3,33.3,4,0,0,100.0,100.0
maxclaus__gaper,20,9,syft,16,16,0,4,88.9,88.9,9,7,0,72.0,72.0
maxclaus__gaper,20,9,trivy,20,20,0,0,100.0,100.0,9,11,0,62.1,62.1
maxclaus__gaper,20,9,cdxgen,9,9,0,11,62.1,62.1,9,0,0,100.0,100.0
maxclaus__gaper,20,9,cyclonedx-gomod,10,10,0,10,66.7,66.7,9,1,0,94.7,94.7
mdempsky__unconvert,9,4,syft,5,5,0,4,71.4,71.4,4,1,0,88.9,88.9
mdempsky__unconvert,9,4,trivy,4,4,0,5,61.5,61.5,4,0,0,100.0,100.0
mdempsky__unconvert,9,4,cdxgen,4,4,0,5,61.5,61.5,4,0,0,100.0,100.0
mdempsky__unconvert,9,4,cyclonedx-gomod,4,4,0,5,61.5,61.5,4,0,0,100.0,100.0
mdlayher__arp,12,7,syft,8,8,0,4,80.0,80.0,7,1,0,93.3,93.3
mdlayher__arp,12,7,trivy,7,7,0,5,73.7,73.7,7,0,0,100.0,100.0
mdlayher__arp,12,7,cdxgen,7,7,0,5,73.7,73.7,7,0,0,100.0,100.0
mdlayher__arp,12,7,cyclonedx-gomod,7,7,0,5,73.7,73.7,7,0,0,100.0,100.0
mdlayher__dhcp6,1,1,syft,1,1,0,0,100.0,100.0,1,0,0,100.0,100.0
mdlayher__dhcp6,1,1,trivy,1,1,0,0,100.0,100.0,1,0,0,100.0,100.0
mdlayher__dhcp6,1,1,cdxgen,1,1,0,0,100.0,100.0,1,0,0,100.0,100.0
mdlayher__dhcp6,1,1,cyclonedx-gomod,1,1,0,0,100.0,100.0,1,0,0,100.0,100.0
mdlayher__ethernet,10,6,syft,8,8,0,2,88.9,88.9,6,2,0,85.7,85.7
mdlayher__ethernet,10,6,trivy,10,10,0,0,100.0,100.0,6,4,0,75.0,75.0
mdlayher__ethernet,10,6,cdxgen,6,6,0,4,75.0,75.0,6,0,0,100.0,100.0
mdlayher__ethernet,10,6,cyclonedx-gomod,6,6,0,4,75.0,75.0,6,0,0,100.0,100.0
megaease__easegress,769,320,syft,429,428,1,341,71.5,70.1,320,109,0,85.4,84.1
megaease__easegress,769,320,trivy,373,372,1,397,65.1,64.1,320,53,0,92.4,90.9
megaease__easegress,769,320,cdxgen,320,320,0,449,58.8,57.9,320,0,0,100.0,98.4
megaease__easegress,769,320,cyclonedx-gomod,328,328,0,441,59.8,59.8,317,11,3,97.8,97.8
megaease__easeprobe,158,94,syft,121,121,0,37,86.7,84.6,94,27,0,87.4,84.7
megaease__easeprobe,158,94,trivy,101,101,0,57,78.0,75.7,94,7,0,96.4,93.3
megaease__easeprobe,158,94,cdxgen,94,94,0,64,74.6,72.2,94,0,0,100.0,96.8
megaease__easeprobe,158,94,cyclonedx-gomod,98,98,0,60,76.6,76.6,94,4,0,97.9,97.9
mehanizm__airtable,1,1,syft,1,1,0,0,100.0,100.0,1,0,0,100.0,100.0
mehanizm__airtable,1,1,trivy,1,1,0,0,100.0,100.0,1,0,0,100.0,100.0
mehanizm__airtable,1,1,cdxgen,1,1,0,0,100.0,100.0,1,0,0,100.0,100.0
mehanizm__airtable,1,1,cyclonedx-gomod,1,1,0,0,100.0,100.0,1,0,0,100.0,100.0
mehdihadeli__Go-MediatR,13,1,syft,42,9,33,4,32.7,29.1,1,41,0,4.7,4.7
mehdihadeli__Go-MediatR,13,1,trivy,40,8,32,5,30.2,26.4,1,39,0,4.9,4.9
mehdihadeli__Go-MediatR,13,1,cdxgen,30,2,28,11,9.3,9.3,1,29,0,6.5,6.5
mehdihadeli__Go-MediatR,13,1,cyclonedx-gomod,1,1,0,12,14.3,14.3,1,0,0,100.0,100.0
mehdipourfar__webp-server,15,7,syft,9,9,0,6,75.0,75.0,7,2,0,87.5,87.5
mehdipourfar__webp-server,15,7,trivy,15,15,0,0,100.0,100.0,7,8,0,63.6,63.6
mehdipourfar__webp-server,15,7,cdxgen,7,7,0,8,63.6,63.6,7,0,0,100.0,100.0
mehdipourfar__webp-server,15,7,cyclonedx-gomod,7,7,0,8,63.6,63.6,7,0,0,100.0,100.0
mehrdadrad__mylg,26,20,syft,30,21,9,5,75.0,67.9,20,10,0,80.0,72.0
mehrdadrad__mylg,26,20,trivy,36,26,10,0,83.9,77.4,20,16,0,71.4,64.3
mehrdadrad__mylg,26,20,cdxgen,20,20,0,6,87.0,78.3,20,0,0,100.0,90.0
mehrdadrad__mylg,26,20,cyclonedx-gomod,20,20,0,6,87.0,87.0,20,0,0,100.0,100.0
mehrdadrad__tcpdog,92,42,syft,58,55,3,37,73.3,69.3,42,16,0,84.0,82.0
mehrdadrad__tcpdog,92,42,trivy,99,92,7,0,96.3,91.1,42,57,0,59.6,58.2
mehrdadrad__tcpdog,92,42,cdxgen,42,41,1,51,61.2,59.7,42,0,0,100.0,97.6
mehrdadrad__tcpdog,92,42,cyclonedx-gomod,42,40,2,52,59.7,59.7,41,1,1,97.6,97.6
meloalright__guora,229,38,syft,98,98,0,131,59.9,58.1,38,60,0,55.9,54.4
meloalright__guora,229,38,trivy,231,229,2,0,99.6,97.4,38,193,0,28.3,27.5
meloalright__guora,229,38,cdxgen,38,38,0,191,28.5,27.7,38,0,0,100.0,97.4
meloalright__guora,229,38,cyclonedx-gomod,0,0,0,229,0.0,0.0,0,0,38,0.0,0.0
melvinodsa__go-iam,97,60,syft,71,71,0,26,84.5,84.5,60,11,0,91.6,91.6
melvinodsa__go-iam,97,60,trivy,60,60,0,37,76.4,76.4,60,0,0,100.0,100.0
melvinodsa__go-iam,97,60,cdxgen,60,60,0,37,76.4,76.4,60,0,0,100.0,100.0
melvinodsa__go-iam,97,60,cyclonedx-gomod,60,60,0,37,76.4,76.4,60,0,0,100.0,100.0
mennanov__limiters,188,55,syft,116,116,0,72,76.3,75.0,55,61,0,64.3,64.3
mennanov__limiters,188,55,trivy,71,71,0,117,54.8,54.1,55,16,0,87.3,87.3
mennanov__limiters,188,55,cdxgen,55,55,0,133,45.3,45.3,55,0,0,100.0,100.0
mennanov__limiters,188,55,cyclonedx-gomod,57,57,0,131,46.5,46.5,55,2,0,98.2,98.2
mewkiz__flac,9,3,syft,4,4,0,5,61.5,61.5,3,1,0,85.7,85.7
mewkiz__flac,9,3,trivy,3,3,0,6,50.0,50.0,3,0,0,100.0,100.0
mewkiz__flac,9,3,cdxgen,3,3,0,6,50.0,50.0,3,0,0,100.0,100.0
mewkiz__flac,9,3,cyclonedx-gomod,3,3,0,6,50.0,50.0,3,0,0,100.0,100.0
mfridman__tparse,24,14,syft,22,22,0,2,95.7,95.7,14,8,0,77.8,77.8
mfridman__tparse,24,14,trivy,18,18,0,6,85.7,85.7,14,4,0,87.5,87.5
mfridman__tparse,24,14,cdxgen,14,14,0,10,73.7,73.7,14,0,0,100.0,100.0
mfridman__tparse,24,14,cyclonedx-gomod,14,14,0,10,73.7,73.7,14,0,0,100.0,100.0
mgechev__revive,18,14,syft,245,17,228,1,12.9,9.9,14,231,0,10.8,7.7
mgechev__revive,18,14,trivy,220,16,204,2,13.4,9.2,14,206,0,12.0,8.5
mgechev__revive,18,14,cdxgen,217,16,201,2,13.6,12.8,14,203,0,12.1,12.1
mgechev__revive,18,14,cyclonedx-gomod,14,14,0,4,87.5,87.5,14,0,0,100.0,100.0
mgtv-tech__jetcache-go,61,19,syft,40,40,0,21,79.2,79.2,19,21,0,64.4,64.4
mgtv-tech__jetcache-go,61,19,trivy,33,33,0,28,70.2,70.2,19,14,0,73.1,73.1
mgtv-tech__jetcache-go,61,19,cdxgen,19,19,0,42,47.5,47.5,19,0,0,100.0,100.0
mgtv-tech__jetcache-go,61,19,cyclonedx-gomod,19,19,0,42,47.5,47.5,19,0,0,100.0,100.0
mholt__archives,81,19,syft,26,26,0,55,48.6,48.6,19,7,0,84.4,84.4
mholt__archives,81,19,trivy,19,19,0,62,38.0,38.0,19,0,0,100.0,100.0
mholt__archives,81,19,cdxgen,19,19,0,62,38.0,38.0,19,0,0,100.0,100.0
mholt__archives,81,19,cyclonedx-gomod,19,19,0,62,38.0,38.0,19,0,0,100.0,100.0
micro__go-micro,253,85,syft,129,128,1,125,67.0,64.4,85,44,0,79.4,77.6
micro__go-micro,253,85,trivy,107,106,1,147,58.9,57.8,85,22,0,88.5,86.5
micro__go-micro,253,85,cdxgen,85,85,0,168,50.3,49.1,85,0,0,100.0,97.6
micro__go-micro,253,85,cyclonedx-gomod,88,88,0,165,51.6,51.6,85,3,0,98.3,98.3
microcosm-cc__bluemonday,7,3,syft,3,3,0,4,60.0,60.0,3,0,0,100.0,100.0
microcosm-cc__bluemonday,7,3,trivy,3,3,0,4,60.0,60.0,3,0,0,100.0,100.0
microcosm-cc__bluemonday,7,3,cdxgen,3,3,0,4,60.0,60.0,3,0,0,100.0,100.0
microcosm-cc__bluemonday,7,3,cyclonedx-gomod,3,3,0,4,60.0,60.0,3,0,0,100.0,100.0
miekg__dns,11,2,syft,5,5,0,6,62.5,62.5,2,3,0,57.1,57.1
miekg__dns,11,2,trivy,5,5,0,6,62.5,62.5,2,3,0,57.1,57.1
miekg__dns,11,2,cdxgen,2,2,0,9,30.8,30.8,2,0,0,100.0,100.0
miekg__dns,11,2,cyclonedx-gomod,5,5,0,6,62.5,62.5,2,3,0,57.1,57.1
miguelmota__golang-for-nodejs-developers,64,9,syft,20,14,6,50,33.3,21.4,9,11,0,62.1,41.4
miguelmota__golang-for-nodejs-developers,64,9,trivy,196,64,132,0,49.2,36.2,9,187,0,8.8,5.9
miguelmota__golang-for-nodejs-developers,64,9,cdxgen,6,5,1,59,14.3,14.3,4,2,5,53.3,53.3
miguelmota__golang-for-nodejs-developers,64,9,cyclonedx-gomod,9,9,0,55,24.7,19.2,9,0,0,100.0,77.8
mikekonan__go-types,12,4,syft,9,9,0,3,85.7,85.7,4,5,0,61.5,61.5
mikekonan__go-types,12,4,trivy,5,5,0,7,58.8,58.8,4,1,0,88.9,88.9
mikekonan__go-types,12,4,cdxgen,4,4,0,8,50.0,50.0,4,0,0,100.0,100.0
mikekonan__go-types,12,4,cyclonedx-gomod,4,4,0,8,50.0,50.0,4,0,0,100.0,100.0
mikestefanello__backlite,16,2,syft,5,5,0,11,47.6,47.6,2,3,0,57.1,57.1
mikestefanello__backlite,16,2,trivy,5,5,0,11,47.6,47.6,2,3,0,57.1,57.1
mikestefanello__backlite,16,2,cdxgen,2,2,0,14,22.2,22.2,2,0,0,100.0,100.0
mikestefanello__backlite,16,2,cyclonedx-gomod,2,2,0,14,22.2,22.2,2,0,0,100.0,100.0
mikestefanello__pagoda,97,55,syft,67,67,0,30,81.7,81.7,55,12,0,90.2,90.2
mikestefanello__pagoda,97,55,trivy,59,59,0,38,75.6,75.6,55,4,0,96.5,96.5
mikestefanello__pagoda,97,55,cdxgen,55,55,0,42,72.4,72.4,55,0,0,100.0,100.0
mikestefanello__pagoda,97,55,cyclonedx-gomod,55,55,0,42,72.4,72.4,55,0,0,100.0,100.0
miku__zek,9,3,syft,3,3,0,6,50.0,50.0,3,0,0,100.0,100.0
miku__zek,9,3,trivy,3,3,0,6,50.0,50.0,3,0,0,100.0,100.0
miku__zek,9,3,cdxgen,3,3,0,6,50.0,50.0,3,0,0,100.0,100.0
miku__zek,9,3,cyclonedx-gomod,3,3,0,6,50.0,50.0,3,0,0,100.0,100.0
milad-abbasi__gonfig,8,3,syft,7,7,0,1,93.3,93.3,3,4,0,60.0,60.0
milad-abbasi__gonfig,8,3,trivy,9,8,1,0,94.1,82.4,3,6,0,50.0,50.0
milad-abbasi__gonfig,8,3,cdxgen,3,3,0,5,54.5,54.5,3,0,0,100.0,100.0
milad-abbasi__gonfig,8,3,cyclonedx-gomod,3,3,0,5,54.5,54.5,3,0,0,100.0,100.0
miladibra10__vjson,13,7,syft,12,12,0,1,96.0,96.0,7,5,0,73.7,73.7
miladibra10__vjson,13,7,trivy,11,11,0,2,91.7,91.7,7,4,0,77.8,77.8
miladibra10__vjson,13,7,cdxgen,7,7,0,6,70.0,70.0,7,0,0,100.0,100.0
miladibra10__vjson,13,7,cyclonedx-gomod,7,7,0,6,70.0,70.0,7,0,0,100.0,100.0
milosgajdos__go-estimate,52,13,syft,23,23,0,29,61.3,61.3,13,10,0,72.2,72.2
milosgajdos__go-estimate,52,13,trivy,18,18,0,34,51.4,51.4,13,5,0,83.9,83.9
milosgajdos__go-estimate,52,13,cdxgen,13,13,0,39,40.0,40.0,13,0,0,100.0,100.0
milosgajdos__go-estimate,52,13,cyclonedx-gomod,14,14,0,38,42.4,42.4,13,1,0,96.3,96.3
milvus-io__milvus,804,273,syft,358,349,9,455,60.1,52.0,269,89,4,85.3,72.9
milvus-io__milvus,804,273,trivy,307,297,10,507,53.5,50.6,269,38,4,92.8,88.6
milvus-io__milvus,804,273,cdxgen,0,0,0,804,0.0,0.0,0,0,273,0.0,0.0
milvus-io__milvus,804,273,cyclonedx-gomod,287,282,5,522,51.7,51.3,267,20,6,95.4,94.6
minio__mc,541,101,syft,320,320,0,221,74.3,74.3,101,219,0,48.0,48.0
minio__mc,541,101,trivy,288,288,0,253,69.5,69.5,101,187,0,51.9,51.9
minio__mc,541,101,cdxgen,101,101,0,440,31.5,31.5,101,0,0,100.0,100.0
minio__mc,541,101,cyclonedx-gomod,284,284,0,257,68.8,68.8,101,183,0,52.5,52.5
minio__minio,599,241,syft,296,291,5,308,65.0,61.9,241,55,0,89.8,84.9
minio__minio,599,241,trivy,265,260,5,339,60.2,56.9,241,24,0,95.3,90.1
minio__minio,599,241,cdxgen,241,241,0,358,57.4,57.4,241,0,0,100.0,100.0
minio__minio,599,241,cyclonedx-gomod,253,253,0,346,59.4,59.4,241,12,0,97.6,97.6
minio__minio-go,405,18,syft,252,250,2,155,76.1,76.1,18,234,0,13.3,13.3
minio__minio-go,405,18,trivy,229,225,4,180,71.0,71.0,18,211,0,14.6,14.6
minio__minio-go,405,18,cdxgen,22,20,2,385,9.4,9.4,18,4,0,90.0,90.0
minio__minio-go,405,18,cyclonedx-gomod,225,225,0,180,71.4,71.4,18,207,0,14.8,14.8
miniscruff__changie,63,43,syft,54,54,0,9,92.3,92.3,43,11,0,88.7,88.7
miniscruff__changie,63,43,trivy,46,46,0,17,84.4,84.4,43,3,0,96.6,96.6
miniscruff__changie,63,43,cdxgen,43,43,0,20,81.1,81.1,43,0,0,100.0,100.0
miniscruff__changie,63,43,cyclonedx-gomod,45,45,0,18,83.3,83.3,43,2,0,97.7,97.7
mitchellh__packer,859,376,syft,477,474,3,385,71.0,64.4,375,102,1,87.9,79.7
mitchellh__packer,859,376,trivy,396,394,2,465,62.8,57.2,375,21,1,97.2,88.3
mitchellh__packer,859,376,cdxgen,376,376,0,483,60.9,60.2,376,0,0,100.0,99.2
mitchellh__packer,859,376,cyclonedx-gomod,390,389,1,470,62.3,62.3,372,18,4,97.1,97.1
mjl-__mox,67,23,syft,33,33,0,34,66.0,66.0,23,10,0,82.1,82.1
mjl-__mox,67,23,trivy,28,28,0,39,58.9,58.9,23,5,0,90.2,90.2
mjl-__mox,67,23,cdxgen,28,28,0,39,58.9,58.9,23,5,0,90.2,90.2
mjl-__mox,67,23,cyclonedx-gomod,28,28,0,39,58.9,58.9,23,5,0,90.2,90.2
mk-5__fjira,37,16,syft,24,24,0,13,78.7,78.7,16,8,0,80.0,80.0
mk-5__fjira,37,16,trivy,23,23,0,14,76.7,76.7,16,7,0,82.1,82.1
mk-5__fjira,37,16,cdxgen,16,16,0,21,60.4,60.4,16,0,0,100.0,100.0
mk-5__fjira,37,16,cyclonedx-gomod,17,17,0,20,63.0,63.0,16,1,0,97.0,97.0
mkchoi212__fac,13,7,syft,12,12,0,1,96.0,96.0,7,5,0,73.7,73.7
mkchoi212__fac,13,7,trivy,8,8,0,5,76.2,76.2,7,1,0,93.3,93.3
mkchoi212__fac,13,7,cdxgen,7,7,0,6,70.0,70.0,7,0,0,100.0,100.0
mkchoi212__fac,13,7,cyclonedx-gomod,7,7,0,6,70.0,70.0,7,0,0,100.0,100.0
mkideal__cli,23,8,syft,13,13,0,10,72.2,72.2,8,5,0,76.2,76.2
mkideal__cli,23,8,trivy,23,23,0,0,100.0,100.0,8,15,0,51.6,51.6
mkideal__cli,23,8,cdxgen,8,8,0,15,51.6,51.6,8,0,0,100.0,100.0
mkideal__cli,23,8,cyclonedx-gomod,8,8,0,15,51.6,51.6,8,0,0,100.0,100.0
mmadfox__go-geojson2h3,10,8,syft,10,10,0,0,100.0,100.0,8,2,0,88.9,88.9
mmadfox__go-geojson2h3,10,8,trivy,8,8,0,2,88.9,88.9,8,0,0,100.0,100.0
mmadfox__go-geojson2h3,10,8,cdxgen,8,8,0,2,88.9,88.9,8,0,0,100.0,100.0
mmadfox__go-geojson2h3,10,8,cyclonedx-gomod,8,8,0,2,88.9,88.9,8,0,0,100.0,100.0
mmadfox__go-h3geo-dist,7,1,syft,5,5,0,2,83.3,83.3,1,4,0,33.3,33.3
mmadfox__go-h3geo-dist,7,1,trivy,7,7,0,0,100.0,100.0,1,6,0,25.0,25.0
mmadfox__go-h3geo-dist,7,1,cdxgen,1,1,0,6,25.0,25.0,1,0,0,100.0,100.0
mmadfox__go-h3geo-dist,7,1,cyclonedx-gomod,1,1,0,6,25.0,25.0,1,0,0,100.0,100.0
mmalcek__bafi,31,10,syft,17,17,0,14,70.8,70.8,10,7,0,74.1,74.1
mmalcek__bafi,31,10,trivy,31,31,0,0,100.0,100.0,10,21,0,48.8,48.8
mmalcek__bafi,31,10,cdxgen,10,10,0,21,48.8,48.8,10,0,0,100.0,100.0
mmalcek__bafi,31,10,cyclonedx-gomod,10,10,0,21,48.8,48.8,10,0,0,100.0,100.0
mmcdole__gofeed,25,12,syft,17,17,0,8,81.0,81.0,12,5,0,82.8,82.8
mmcdole__gofeed,25,12,trivy,16,16,0,9,78.0,78.0,12,4,0,85.7,85.7
mmcdole__gofeed,25,12,cdxgen,12,12,0,13,64.9,64.9,12,0,0,100.0,100.0
mmcdole__gofeed,25,12,cyclonedx-gomod,12,12,0,13,64.9,64.9,12,0,0,100.0,100.0
moby__moby,810,277,syft,391,391,0,419,65.1,61.8,277,114,0,82.9,77.8
moby__moby,810,277,trivy,295,294,1,516,53.2,51.0,277,18,0,96.9,93.0
moby__moby,810,277,cdxgen,294,294,0,516,53.3,52.9,277,17,0,97.0,96.3
moby__moby,810,277,cyclonedx-gomod,281,281,0,529,51.5,51.5,273,8,4,97.8,97.8
mochi-co__mqtt,191,40,syft,60,60,0,131,47.8,47.8,40,20,0,80.0,80.0
mochi-co__mqtt,191,40,trivy,47,47,0,144,39.5,39.5,40,7,0,92.0,92.0
mochi-co__mqtt,191,40,cdxgen,40,40,0,151,34.6,34.6,40,0,0,100.0,100.0
mochi-co__mqtt,191,40,cyclonedx-gomod,40,40,0,151,34.6,34.6,40,0,0,100.0,100.0
mojocn__base64Captcha,14,2,syft,2,2,0,12,25.0,25.0,2,0,0,100.0,100.0
mojocn__base64Captcha,14,2,trivy,14,14,0,0,100.0,100.0,2,12,0,25.0,25.0
mojocn__base64Captcha,14,2,cdxgen,2,2,0,12,25.0,25.0,2,0,0,100.0,100.0
mojocn__base64Captcha,14,2,cyclonedx-gomod,2,2,0,12,25.0,25.0,2,0,0,100.0,100.0
monaco-io__request,6,1,syft,4,4,0,2,80.0,80.0,1,3,0,40.0,40.0
monaco-io__request,6,1,trivy,6,6,0,0,100.0,100.0,1,5,0,28.6,28.6
monaco-io__request,6,1,cdxgen,1,1,0,5,28.6,28.6,1,0,0,100.0,100.0
monaco-io__request,6,1,cyclonedx-gomod,1,1,0,5,28.6,28.6,1,0,0,100.0,100.0
moov-io__ach,193,31,syft,43,43,0,150,36.4,36.4,31,12,0,83.8,83.8
moov-io__ach,193,31,trivy,32,32,0,161,28.4,28.4,31,1,0,98.4,98.4
moov-io__ach,193,31,cdxgen,31,31,0,162,27.7,27.7,31,0,0,100.0,100.0
moov-io__ach,193,31,cyclonedx-gomod,32,32,0,161,28.4,28.4,31,1,0,98.4,98.4
mosajjal__dnsmonster,276,79,syft,115,110,5,166,56.3,52.2,79,36,0,81.4,76.3
mosajjal__dnsmonster,276,79,trivy,91,85,6,191,46.3,42.5,79,12,0,92.9,87.1
mosajjal__dnsmonster,276,79,cdxgen,79,79,0,197,44.5,43.4,79,0,0,100.0,97.5
mosajjal__dnsmonster,276,79,cyclonedx-gomod,83,83,0,193,46.2,46.2,79,4,0,97.5,97.5
moshebe__gebug,80,38,syft,63,63,0,17,88.1,88.1,38,25,0,75.2,75.2
moshebe__gebug,80,38,trivy,50,50,0,30,76.9,76.9,38,12,0,86.4,86.4
moshebe__gebug,80,38,cdxgen,38,38,0,42,64.4,64.4,38,0,0,100.0,100.0
moshebe__gebug,80,38,cyclonedx-gomod,50,50,0,30,76.9,76.9,38,12,0,86.4,86.4
mr-linch__go-tg,13,2,syft,20,10,10,3,60.6,48.5,2,18,0,18.2,18.2
mr-linch__go-tg,13,2,trivy,15,9,6,4,64.3,50.0,2,13,0,23.5,23.5
mr-linch__go-tg,13,2,cdxgen,10,5,5,8,43.5,26.1,2,8,0,33.3,33.3
mr-linch__go-tg,13,2,cyclonedx-gomod,2,2,0,11,26.7,26.7,2,0,0,100.0,100.0
msoap__go-carpet,16,7,syft,10,10,0,6,76.9,76.9,7,3,0,82.4,82.4
msoap__go-carpet,16,7,trivy,7,7,0,9,60.9,60.9,7,0,0,100.0,100.0
msoap__go-carpet,16,7,cdxgen,7,7,0,9,60.9,60.9,7,0,0,100.0,100.0
msoap__go-carpet,16,7,cyclonedx-gomod,7,7,0,9,60.9,60.9,7,0,0,100.0,100.0
msoap__shell2http,24,2,syft,9,9,0,15,54.5,54.5,2,7,0,36.4,36.4
msoap__shell2http,24,2,trivy,24,24,0,0,100.0,91.7,2,22,0,15.4,15.4
msoap__shell2http,24,2,cdxgen,2,2,0,22,15.4,15.4,2,0,0,100.0,100.0
msoap__shell2http,24,2,cyclonedx-gomod,2,2,0,22,15.4,15.4,2,0,0,100.0,100.0
mszostok__version,55,29,syft,67,39,28,16,63.9,54.1,29,38,0,60.4,52.1
mszostok__version,55,29,trivy,67,39,28,16,63.9,57.4,29,38,0,60.4,60.4
mszostok__version,55,29,cdxgen,60,35,25,20,60.9,57.4,29,31,0,65.2,65.2
mszostok__version,55,29,cyclonedx-gomod,30,30,0,25,70.6,70.6,29,1,0,98.3,98.3
mudler__LocalAI,1124,455,syft,618,618,0,506,71.0,70.3,455,163,0,84.8,84.1
mudler__LocalAI,1124,455,trivy,494,493,1,631,60.9,60.4,455,39,0,95.9,95.0
mudler__LocalAI,1124,455,cdxgen,493,493,0,631,61.0,60.5,455,38,0,96.0,95.1
mudler__LocalAI,1124,455,cyclonedx-gomod,478,478,0,646,59.7,59.7,451,27,4,96.7,96.7
muesli__smartcrop,12,2,syft,2,2,0,10,28.6,28.6,2,0,0,100.0,100.0
muesli__smartcrop,12,2,trivy,12,12,0,0,100.0,100.0,2,10,0,28.6,28.6
muesli__smartcrop,12,2,cdxgen,2,2,0,10,28.6,28.6,2,0,0,100.0,100.0
muesli__smartcrop,12,2,cyclonedx-gomod,2,2,0,10,28.6,28.6,2,0,0,100.0,100.0
muesli__termenv,5,5,syft,15,5,10,0,50.0,50.0,5,10,0,50.0,50.0
muesli__termenv,5,5,trivy,14,5,9,0,52.6,52.6,5,9,0,52.6,52.6
muesli__termenv,5,5,cdxgen,13,5,8,0,55.6,55.6,5,8,0,55.6,55.6
muesli__termenv,5,5,cyclonedx-gomod,5,5,0,0,100.0,100.0,5,0,0,100.0,100.0
muir__libschema,19,10,syft,17,17,0,2,94.4,94.4,10,7,0,74.1,74.1
muir__libschema,19,10,trivy,13,13,0,6,81.3,81.3,10,3,0,87.0,87.0
muir__libschema,19,10,cdxgen,10,10,0,9,69.0,69.0,10,0,0,100.0,100.0
muir__libschema,19,10,cyclonedx-gomod,10,10,0,9,69.0,69.0,10,0,0,100.0,100.0
muir__nchi,54,7,syft,17,17,0,37,47.9,47.9,7,10,0,58.3,58.3
muir__nchi,54,7,trivy,11,11,0,43,33.8,33.8,7,4,0,77.8,77.8
muir__nchi,54,7,cdxgen,7,7,0,47,23.0,23.0,7,0,0,100.0,100.0
muir__nchi,54,7,cyclonedx-gomod,7,7,0,47,23.0,23.0,7,0,0,100.0,100.0
muir__nfigure,27,7,syft,22,22,0,5,89.8,89.8,7,15,0,48.3,48.3
muir__nfigure,27,7,trivy,20,20,0,7,85.1,85.1,7,13,0,51.9,51.9
muir__nfigure,27,7,cdxgen,7,7,0,20,41.2,41.2,7,0,0,100.0,100.0
muir__nfigure,27,7,cyclonedx-gomod,7,7,0,20,41.2,41.2,7,0,0,100.0,100.0
muir__nject,8,2,syft,7,7,0,1,93.3,93.3,2,5,0,44.4,44.4
muir__nject,8,2,trivy,6,6,0,2,85.7,85.7,2,4,0,50.0,50.0
muir__nject,8,2,cdxgen,2,2,0,6,40.0,40.0,2,0,0,100.0,100.0
muir__nject,8,2,cyclonedx-gomod,2,2,0,6,40.0,40.0,2,0,0,100.0,100.0
muir__reflectutils,13,2,syft,11,11,0,2,91.7,91.7,2,9,0,30.8,30.8
muir__reflectutils,13,2,trivy,7,7,0,6,70.0,70.0,2,5,0,44.4,44.4
muir__reflectutils,13,2,cdxgen,2,2,0,11,26.7,26.7,2,0,0,100.0,100.0
muir__reflectutils,13,2,cyclonedx-gomod,2,2,0,11,26.7,26.7,2,0,0,100.0,100.0
mum4k__termdash,17,10,syft,10,10,0,7,74.1,74.1,10,0,0,100.0,100.0
mum4k__termdash,17,10,trivy,10,10,0,7,74.1,74.1,10,0,0,100.0,100.0
mum4k__termdash,17,10,cdxgen,10,10,0,7,74.1,74.1,10,0,0,100.0,100.0
mum4k__termdash,17,10,cyclonedx-gomod,10,10,0,7,74.1,74.1,10,0,0,100.0,100.0
murlokswarm__app,22,6,syft,11,11,0,11,66.7,66.7,6,5,0,70.6,70.6
murlokswarm__app,22,6,trivy,10,10,0,12,62.5,62.5,6,4,0,75.0,75.0
murlokswarm__app,22,6,cdxgen,6,6,0,16,42.9,42.9,6,0,0,100.0,100.0
murlokswarm__app,22,6,cyclonedx-gomod,6,6,0,16,42.9,42.9,6,0,0,100.0,100.0
mus-format__mus-go,8,4,syft,4,4,0,4,66.7,66.7,4,0,0,100.0,100.0
mus-format__mus-go,8,4,trivy,8,8,0,0,100.0,100.0,4,4,0,66.7,66.7
mus-format__mus-go,8,4,cdxgen,4,4,0,4,66.7,66.7,4,0,0,100.0,100.0
mus-format__mus-go,8,4,cyclonedx-gomod,4,4,0,4,66.7,66.7,4,0,0,100.0,100.0
mvdan__sh,17,5,syft,20,13,7,4,70.3,59.5,5,15,0,40.0,24.0
mvdan__sh,17,5,trivy,20,13,7,4,70.3,59.5,5,15,0,40.0,24.0
mvdan__sh,17,5,cdxgen,11,5,6,12,35.7,35.7,5,6,0,62.5,62.5
mvdan__sh,17,5,cyclonedx-gomod,8,8,0,9,64.0,64.0,5,3,0,76.9,76.9
mvdan__xurls,9,1,syft,4,4,0,5,61.5,61.5,1,3,0,40.0,40.0
mvdan__xurls,9,1,trivy,4,4,0,5,61.5,61.5,1,3,0,40.0,40.0
mvdan__xurls,9,1,cdxgen,1,1,0,8,20.0,20.0,1,0,0,100.0,100.0
mvdan__xurls,9,1,cyclonedx-gomod,1,1,0,8,20.0,20.0,1,0,0,100.0,100.0
mvmaasakkers__certificates,44,13,syft,19,19,0,25,60.3,57.1,13,6,0,81.3,75.0
mvmaasakkers__certificates,44,13,trivy,13,13,0,31,45.6,42.1,13,0,0,100.0,92.3
mvmaasakkers__certificates,44,13,cdxgen,13,13,0,31,45.6,42.1,13,0,0,100.0,92.3
mvmaasakkers__certificates,44,13,cyclonedx-gomod,13,13,0,31,45.6,45.6,13,0,0,100.0,100.0
mxschmitt__playwright-go,32,3,syft,17,17,0,15,69.4,69.4,3,14,0,30.0,30.0
mxschmitt__playwright-go,32,3,trivy,16,16,0,16,66.7,66.7,3,13,0,31.6,31.6
mxschmitt__playwright-go,32,3,cdxgen,3,3,0,29,17.1,17.1,3,0,0,100.0,100.0
mxschmitt__playwright-go,32,3,cyclonedx-gomod,3,3,0,29,17.1,17.1,3,0,0,100.0,100.0
mymmrac__telego,30,7,syft,50,25,25,5,62.5,52.5,7,43,0,24.6,24.6
mymmrac__telego,30,7,trivy,43,23,20,7,63.0,52.1,7,36,0,28.0,28.0
mymmrac__telego,30,7,cdxgen,31,13,18,17,42.6,26.2,7,24,0,36.8,36.8
mymmrac__telego,30,7,cyclonedx-gomod,15,15,0,15,66.7,66.7,7,8,0,63.6,63.6
nakagami__firebirdsql,13,4,syft,9,9,0,4,81.8,81.8,4,5,0,61.5,61.5
nakagami__firebirdsql,13,4,trivy,8,8,0,5,76.2,76.2,4,4,0,66.7,66.7
nakagami__firebirdsql,13,4,cdxgen,4,4,0,9,47.1,47.1,4,0,0,100.0,100.0
nakagami__firebirdsql,13,4,cyclonedx-gomod,4,4,0,9,47.1,47.1,4,0,0,100.0,100.0
nalgeon__redka,6,5,syft,33,6,27,0,30.8,30.8,5,28,0,26.3,26.3
nalgeon__redka,6,5,trivy,28,6,22,0,35.3,35.3,5,23,0,30.3,30.3
nalgeon__redka,6,5,cdxgen,21,5,16,1,37.0,37.0,5,16,0,38.5,38.5
nalgeon__redka,6,5,cyclonedx-gomod,5,5,0,1,90.9,90.9,5,0,0,100.0,100.0
nanomsg__mangos,7,2,syft,4,4,0,3,72.7,72.7,2,2,0,66.7,66.7
nanomsg__mangos,7,2,trivy,4,4,0,3,72.7,72.7,2,2,0,66.7,66.7
nanomsg__mangos,7,2,cdxgen,2,2,0,5,44.4,44.4,2,0,0,100.0,100.0
nanomsg__mangos,7,2,cyclonedx-gomod,4,4,0,3,72.7,72.7,2,2,0,66.7,66.7
nanovms__ops,521,196,syft,254,254,0,267,65.5,64.0,196,58,0,87.1,85.8
nanovms__ops,521,196,trivy,218,218,0,303,59.0,57.6,196,22,0,94.7,93.2
nanovms__ops,521,196,cdxgen,218,218,0,303,59.0,57.6,196,22,0,94.7,93.2
nanovms__ops,521,196,cyclonedx-gomod,200,200,0,321,55.5,55.5,195,5,1,98.5,98.5
nao1215__gup,40,16,syft,40,34,6,6,85.0,70.0,16,24,0,57.1,39.3
nao1215__gup,40,16,trivy,29,29,0,11,84.1,84.1,16,13,0,71.1,71.1
nao1215__gup,40,16,cdxgen,16,16,0,24,57.1,57.1,16,0,0,100.0,100.0
nao1215__gup,40,16,cyclonedx-gomod,28,28,0,12,82.4,82.4,16,12,0,72.7,72.7
napalu__goopt,19,7,syft,27,13,14,6,56.5,39.1,7,20,0,41.2,41.2
napalu__goopt,19,7,trivy,26,12,14,7,53.3,40.0,7,19,0,42.4,42.4
napalu__goopt,19,7,cdxgen,9,8,1,11,57.1,50.0,7,2,0,87.5,87.5
napalu__goopt,19,7,cyclonedx-gomod,7,7,0,12,53.8,53.8,7,0,0,100.0,100.0
nar10z__go-accumulator,9,2,syft,11,8,3,1,80.0,80.0,2,9,0,30.8,30.8
nar10z__go-accumulator,9,2,trivy,9,7,2,2,77.8,77.8,2,7,0,36.4,36.4
nar10z__go-accumulator,9,2,cdxgen,2,2,0,7,36.4,36.4,2,0,0,100.0,100.0
nar10z__go-accumulator,9,2,cyclonedx-gomod,2,2,0,7,36.4,36.4,2,0,0,100.0,100.0
nats-io__nats-server,23,9,syft,11,11,0,12,64.7,64.7,9,2,0,90.0,90.0
nats-io__nats-server,23,9,trivy,23,23,0,0,100.0,100.0,9,14,0,56.3,56.3
nats-io__nats-server,23,9,cdxgen,9,9,0,14,56.3,56.3,9,0,0,100.0,100.0
nats-io__nats-server,23,9,cyclonedx-gomod,10,10,0,13,60.6,60.6,9,1,0,94.7,94.7
nats-io__nats.go,8,6,syft,13,5,8,3,47.6,9.5,6,7,0,63.2,21.1
nats-io__nats.go,8,6,trivy,12,5,7,3,50.0,10.0,6,6,0,66.7,22.2
nats-io__nats.go,8,6,cdxgen,6,5,1,3,71.4,14.3,6,0,0,100.0,33.3
nats-io__nats.go,8,6,cyclonedx-gomod,5,4,1,4,61.5,15.4,5,0,1,90.9,36.4
naughtygopher__errors,36,2,syft,5,5,0,31,24.4,24.4,2,3,0,57.1,57.1
naughtygopher__errors,36,2,trivy,2,2,0,34,10.5,10.5,2,0,0,100.0,100.0
naughtygopher__errors,36,2,cdxgen,2,2,0,34,10.5,10.5,2,0,0,100.0,100.0
naughtygopher__errors,36,2,cyclonedx-gomod,2,2,0,34,10.5,10.5,2,0,0,100.0,100.0
naughtygopher__goapp,95,49,syft,59,59,0,36,76.6,76.6,49,10,0,90.7,90.7
naughtygopher__goapp,95,49,trivy,51,51,0,44,69.9,69.9,49,2,0,98.0,98.0
naughtygopher__goapp,95,49,cdxgen,49,49,0,46,68.1,68.1,49,0,0,100.0,100.0
naughtygopher__goapp,95,49,cyclonedx-gomod,49,49,0,46,68.1,68.1,49,0,0,100.0,100.0
naughtygopher__pocache,7,1,syft,6,6,0,1,92.3,92.3,1,5,0,28.6,28.6
naughtygopher__pocache,7,1,trivy,5,5,0,2,83.3,83.3,1,4,0,33.3,33.3
naughtygopher__pocache,7,1,cdxgen,1,1,0,6,25.0,25.0,1,0,0,100.0,100.0
naughtygopher__pocache,7,1,cyclonedx-gomod,1,1,0,6,25.0,25.0,1,0,0,100.0,100.0
navidys__gopensky,49,4,syft,36,36,0,13,84.7,84.7,4,32,0,20.0,20.0
navidys__gopensky,49,4,trivy,19,19,0,30,55.9,55.9,4,15,0,34.8,34.8
navidys__gopensky,49,4,cdxgen,4,4,0,45,15.1,15.1,4,0,0,100.0,100.0
navidys__gopensky,49,4,cyclonedx-gomod,3,3,0,46,11.5,11.5,3,0,1,85.7,85.7
ncruces__go-sqlite3,17,10,syft,17,12,5,5,70.6,58.8,10,7,0,74.1,59.3
ncruces__go-sqlite3,17,10,trivy,22,17,5,0,87.2,76.9,10,12,0,62.5,50.0
ncruces__go-sqlite3,17,10,cdxgen,14,10,4,7,64.5,64.5,10,4,0,83.3,83.3
ncruces__go-sqlite3,17,10,cyclonedx-gomod,10,10,0,7,74.1,74.1,10,0,0,100.0,100.0
ncruces__zenity,15,1,syft,12,12,0,3,88.9,88.9,1,11,0,15.4,15.4
ncruces__zenity,15,1,trivy,8,8,0,7,69.6,69.6,1,7,0,22.2,22.2
ncruces__zenity,15,1,cdxgen,1,1,0,14,12.5,12.5,1,0,0,100.0,100.0
ncruces__zenity,15,1,cyclonedx-gomod,7,7,0,8,63.6,63.6,1,6,0,25.0,25.0
ndabAP__entitydebs,79,29,syft,42,42,0,37,69.4,69.4,29,13,0,81.7,81.7
ndabAP__entitydebs,79,29,trivy,30,30,0,49,55.0,55.0,29,1,0,98.3,98.3
ndabAP__entitydebs,79,29,cdxgen,29,29,0,50,53.7,53.7,29,0,0,100.0,100.0
ndabAP__entitydebs,79,29,cyclonedx-gomod,29,29,0,50,53.7,53.7,29,0,0,100.0,100.0
neelance__graphql-go,18,8,syft,13,13,0,5,83.9,83.9,8,5,0,76.2,76.2
neelance__graphql-go,18,8,trivy,8,8,0,10,61.5,61.5,8,0,0,100.0,100.0
neelance__graphql-go,18,8,cdxgen,8,8,0,10,61.5,61.5,8,0,0,100.0,100.0
neelance__graphql-go,18,8,cyclonedx-gomod,8,8,0,10,61.5,61.5,8,0,0,100.0,100.0
neilotoole__jsoncolor,14,5,syft,13,13,0,1,96.3,96.3,5,8,0,55.6,55.6
neilotoole__jsoncolor,14,5,trivy,12,12,0,2,92.3,92.3,5,7,0,58.8,58.8
neilotoole__jsoncolor,14,5,cdxgen,5,5,0,9,52.6,52.6,5,0,0,100.0,100.0
neilotoole__jsoncolor,14,5,cyclonedx-gomod,5,5,0,9,52.6,52.6,5,0,0,100.0,100.0
neilotoole__sq,505,124,syft,401,221,180,284,48.8,40.8,124,277,0,47.2,41.1
neilotoole__sq,505,124,trivy,342,171,171,334,40.4,33.5,124,218,0,53.2,47.6
neilotoole__sq,505,124,cdxgen,318,153,165,352,37.2,33.5,124,194,0,56.1,56.1
neilotoole__sq,505,124,cyclonedx-gomod,137,137,0,368,42.7,42.7,121,16,3,92.7,92.7
netresearch__ofelia,90,43,syft,78,78,0,12,92.9,90.5,43,35,0,71.1,67.8
netresearch__ofelia,90,43,trivy,57,57,0,33,77.6,74.8,43,14,0,86.0,82.0
netresearch__ofelia,90,43,cdxgen,43,43,0,47,64.7,61.7,43,0,0,100.0,95.3
netresearch__ofelia,90,43,cyclonedx-gomod,45,45,0,45,66.7,66.7,43,2,0,97.7,97.7
neuronlabs__errors,5,1,syft,4,4,0,1,88.9,88.9,1,3,0,40.0,40.0
neuronlabs__errors,5,1,trivy,5,5,0,0,100.0,100.0,1,4,0,33.3,33.3
neuronlabs__errors,5,1,cdxgen,1,1,0,4,33.3,33.3,1,0,0,100.0,100.0
neuronlabs__errors,5,1,cyclonedx-gomod,1,1,0,4,33.3,33.3,1,0,0,100.0,100.0
nicksnyder__go-i18n,7,3,syft,4,4,0,3,72.7,72.7,3,1,0,85.7,85.7
nicksnyder__go-i18n,7,3,trivy,7,7,0,0,100.0,100.0,3,4,0,60.0,60.0
nicksnyder__go-i18n,7,3,cdxgen,3,3,0,4,60.0,60.0,3,0,0,100.0,100.0
nicksnyder__go-i18n,7,3,cyclonedx-gomod,3,3,0,4,60.0,60.0,3,0,0,100.0,100.0
nicobistolfi__go-postgres-s3-backup,26,20,syft,25,25,0,1,98.0,98.0,20,5,0,88.9,88.9
nicobistolfi__go-postgres-s3-backup,26,20,trivy,20,20,0,6,87.0,87.0,20,0,0,100.0,100.0
nicobistolfi__go-postgres-s3-backup,26,20,cdxgen,20,20,0,6,87.0,87.0,20,0,0,100.0,100.0
nicobistolfi__go-postgres-s3-backup,26,20,cyclonedx-gomod,20,20,0,6,87.0,87.0,20,0,0,100.0,100.0
nicola-strappazzon__password-manager,41,12,syft,28,28,0,13,81.2,81.2,12,16,0,60.0,60.0
nicola-strappazzon__password-manager,41,12,trivy,27,27,0,14,79.4,79.4,12,15,0,61.5,61.5
nicola-strappazzon__password-manager,41,12,cdxgen,12,12,0,29,45.3,45.3,12,0,0,100.0,100.0
nicola-strappazzon__password-manager,41,12,cyclonedx-gomod,20,20,0,21,65.6,65.6,12,8,0,75.0,75.0
nikepan__clickhouse-bulk,50,19,syft,30,30,0,20,75.0,75.0,19,11,0,77.6,77.6
nikepan__clickhouse-bulk,50,19,trivy,25,25,0,25,66.7,66.7,19,6,0,86.4,86.4
nikepan__clickhouse-bulk,50,19,cdxgen,19,19,0,31,55.1,55.1,19,0,0,100.0,100.0
nikepan__clickhouse-bulk,50,19,cyclonedx-gomod,19,19,0,31,55.1,55.1,19,0,0,100.0,100.0
nikogura__dbt,136,61,syft,87,87,0,49,78.0,78.0,61,26,0,82.4,82.4
nikogura__dbt,136,61,trivy,81,81,0,55,74.7,74.7,61,20,0,85.9,85.9
nikogura__dbt,136,61,cdxgen,61,61,0,75,61.9,61.9,61,0,0,100.0,100.0
nikogura__dbt,136,61,cyclonedx-gomod,66,66,0,70,65.3,65.3,57,9,4,89.8,89.8
nikogura__gomason,30,13,syft,20,20,0,10,80.0,80.0,13,7,0,78.8,78.8
nikogura__gomason,30,13,trivy,15,15,0,15,66.7,66.7,13,2,0,92.9,92.9
nikogura__gomason,30,13,cdxgen,13,13,0,17,60.5,60.5,13,0,0,100.0,100.0
nikogura__gomason,30,13,cyclonedx-gomod,14,14,0,16,63.6,63.6,13,1,0,96.3,96.3
nikolaydubina__calendarheatmap,13,2,syft,2,2,0,11,26.7,26.7,2,0,0,100.0,100.0
nikolaydubina__calendarheatmap,13,2,trivy,13,13,0,0,100.0,100.0,2,11,0,26.7,26.7
nikolaydubina__calendarheatmap,13,2,cdxgen,1,1,0,12,14.3,14.3,1,0,1,66.7,66.7
nikolaydubina__calendarheatmap,13,2,cyclonedx-gomod,2,2,0,11,26.7,26.7,2,0,0,100.0,100.0
nikolaydubina__fpmoney,1,1,syft,1,1,0,0,100.0,100.0,1,0,0,100.0,100.0
nikolaydubina__fpmoney,1,1,trivy,1,1,0,0,100.0,100.0,1,0,0,100.0,100.0
nikolaydubina__fpmoney,1,1,cdxgen,1,1,0,0,100.0,100.0,1,0,0,100.0,100.0
nikolaydubina__fpmoney,1,1,cyclonedx-gomod,1,1,0,0,100.0,100.0,1,0,0,100.0,100.0
nikolaydubina__go-instrument,8,1,syft,1,1,0,7,22.2,22.2,1,0,0,100.0,100.0
nikolaydubina__go-instrument,8,1,trivy,8,8,0,0,100.0,100.0,1,7,0,22.2,22.2
nikolaydubina__go-instrument,8,1,cdxgen,1,1,0,7,22.2,22.2,1,0,0,100.0,100.0
nikolaydubina__go-instrument,8,1,cyclonedx-gomod,1,1,0,7,22.2,22.2,1,0,0,100.0,100.0
nikolaydubina__jsonl-graph,1,1,syft,1,1,0,0,100.0,100.0,1,0,0,100.0,100.0
nikolaydubina__jsonl-graph,1,1,trivy,1,1,0,0,100.0,100.0,1,0,0,100.0,100.0
nikolaydubina__jsonl-graph,1,1,cdxgen,1,1,0,0,100.0,100.0,1,0,0,100.0,100.0
nikolaydubina__jsonl-graph,1,1,cyclonedx-gomod,1,1,0,0,100.0,100.0,1,0,0,100.0,100.0
nikolaydubina__watchhttp,9,3,syft,5,5,0,4,71.4,71.4,3,2,0,75.0,75.0
nikolaydubina__watchhttp,9,3,trivy,9,9,0,0,100.0,100.0,3,6,0,50.0,50.0
nikolaydubina__watchhttp,9,3,cdxgen,3,3,0,6,50.0,50.0,3,0,0,100.0,100.0
nikolaydubina__watchhttp,9,3,cyclonedx-gomod,3,3,0,6,50.0,50.0,3,0,0,100.0,100.0
nilpoona__leakhound,10,4,syft,7,6,1,4,70.6,70.6,4,3,0,72.7,72.7
nilpoona__leakhound,10,4,trivy,5,4,1,6,53.3,53.3,4,1,0,88.9,88.9
nilpoona__leakhound,10,4,cdxgen,4,4,0,6,57.1,57.1,4,0,0,100.0,100.0
nilpoona__leakhound,10,4,cyclonedx-gomod,4,4,0,6,57.1,57.1,4,0,0,100.0,100.0
nilpoona__zerohand,8,3,syft,4,4,0,4,66.7,66.7,3,1,0,85.7,85.7
nilpoona__zerohand,8,3,trivy,4,4,0,4,66.7,66.7,3,1,0,85.7,85.7
nilpoona__zerohand,8,3,cdxgen,3,3,0,5,54.5,54.5,3,0,0,100.0,100.0
nilpoona__zerohand,8,3,cyclonedx-gomod,4,4,0,4,66.7,66.7,3,1,0,85.7,85.7
nitishm__go-rejson,13,4,syft,11,11,0,2,91.7,91.7,4,7,0,53.3,53.3
nitishm__go-rejson,13,4,trivy,13,13,0,0,100.0,100.0,4,9,0,47.1,47.1
nitishm__go-rejson,13,4,cdxgen,4,4,0,9,47.1,47.1,4,0,0,100.0,100.0
nitishm__go-rejson,13,4,cyclonedx-gomod,4,4,0,9,47.1,47.1,4,0,0,100.0,100.0
nkmr-jp__zl,17,7,syft,27,12,15,5,54.5,36.4,7,20,0,41.2,23.5
nkmr-jp__zl,17,7,trivy,21,10,11,7,52.6,36.8,7,14,0,50.0,28.6
nkmr-jp__zl,17,7,cdxgen,16,7,9,10,42.4,42.4,7,9,0,60.9,60.9
nkmr-jp__zl,17,7,cyclonedx-gomod,7,7,0,10,58.3,58.3,7,0,0,100.0,100.0
nlpodyssey__spago,13,1,syft,9,9,0,4,81.8,72.7,1,8,0,20.0,0.0
nlpodyssey__spago,13,1,trivy,7,7,0,6,70.0,60.0,1,6,0,25.0,0.0
nlpodyssey__spago,13,1,cdxgen,1,1,0,12,14.3,0.0,1,0,0,100.0,0.0
nlpodyssey__spago,13,1,cyclonedx-gomod,1,1,0,12,14.3,14.3,1,0,0,100.0,100.0
no-src__gofs,182,83,syft,120,120,0,62,79.5,78.8,83,37,0,81.8,80.8
no-src__gofs,182,83,trivy,92,92,0,90,67.2,66.4,83,9,0,94.9,93.7
no-src__gofs,182,83,cdxgen,83,83,0,99,62.6,61.9,83,0,0,100.0,98.8
no-src__gofs,182,83,cyclonedx-gomod,91,91,0,91,66.7,66.7,83,8,0,95.4,95.4
no-src__log,2,1,syft,2,2,0,0,100.0,100.0,1,1,0,66.7,66.7
no-src__log,2,1,trivy,2,2,0,0,100.0,100.0,1,1,0,66.7,66.7
no-src__log,2,1,cdxgen,1,1,0,1,66.7,66.7,1,0,0,100.0,100.0
no-src__log,2,1,cyclonedx-gomod,1,1,0,1,66.7,66.7,1,0,0,100.0,100.0
no-src__nscache,104,41,syft,68,68,0,36,79.1,79.1,41,27,0,75.2,75.2
no-src__nscache,104,41,trivy,45,45,0,59,60.4,60.4,41,4,0,95.3,95.3
no-src__nscache,104,41,cdxgen,41,41,0,63,56.6,56.6,41,0,0,100.0,100.0
no-src__nscache,104,41,cyclonedx-gomod,45,45,0,59,60.4,60.4,41,4,0,95.3,95.3
nsf__termbox-go,3,3,syft,3,3,0,0,100.0,100.0,3,0,0,100.0,100.0
nsf__termbox-go,3,3,trivy,3,3,0,0,100.0,100.0,3,0,0,100.0,100.0
nsf__termbox-go,3,3,cdxgen,3,3,0,0,100.0,100.0,3,0,0,100.0,100.0
nsf__termbox-go,3,3,cyclonedx-gomod,3,3,0,0,100.0,100.0,3,0,0,100.0,100.0
nsqio__go-nsq,1,1,syft,1,1,0,0,100.0,100.0,1,0,0,100.0,100.0
nsqio__go-nsq,1,1,trivy,1,1,0,0,100.0,100.0,1,0,0,100.0,100.0
nsqio__go-nsq,1,1,cdxgen,1,1,0,0,100.0,100.0,1,0,0,100.0,100.0
nsqio__go-nsq,1,1,cyclonedx-gomod,1,1,0,0,100.0,100.0,1,0,0,100.0,100.0
nstratos__go-myanimelist,3,1,syft,2,2,0,1,80.0,80.0,1,1,0,66.7,66.7
nstratos__go-myanimelist,3,1,trivy,3,3,0,0,100.0,100.0,1,2,0,50.0,50.0
nstratos__go-myanimelist,3,1,cdxgen,1,1,0,2,50.0,50.0,1,0,0,100.0,100.0
nstratos__go-myanimelist,3,1,cyclonedx-gomod,1,1,0,2,50.0,50.0,1,0,0,100.0,100.0
num30__config,192,23,syft,33,33,0,159,29.3,29.3,23,10,0,82.1,82.1
num30__config,192,23,trivy,29,29,0,163,26.2,26.2,23,6,0,88.5,88.5
num30__config,192,23,cdxgen,23,23,0,169,21.4,21.4,23,0,0,100.0,100.0
num30__config,192,23,cyclonedx-gomod,25,25,0,167,23.0,23.0,23,2,0,95.8,95.8
number571__go-peer,10,5,syft,6,6,0,4,75.0,75.0,5,1,0,90.9,90.9
number571__go-peer,10,5,trivy,5,5,0,5,66.7,66.7,5,0,0,100.0,100.0
number571__go-peer,10,5,cdxgen,5,5,0,5,66.7,66.7,5,0,0,100.0,100.0
number571__go-peer,10,5,cyclonedx-gomod,5,5,0,5,66.7,66.7,5,0,0,100.0,100.0
nwillc__genfuncs,12,1,syft,6,6,0,6,66.7,66.7,1,5,0,28.6,28.6
nwillc__genfuncs,12,1,trivy,5,5,0,7,58.8,58.8,1,4,0,33.3,33.3
nwillc__genfuncs,12,1,cdxgen,1,1,0,11,15.4,15.4,1,0,0,100.0,100.0
nwillc__genfuncs,12,1,cyclonedx-gomod,1,1,0,11,15.4,15.4,1,0,0,100.0,100.0
nyaosorg__go-readline-ny,12,9,syft,10,10,0,2,90.9,90.9,9,1,0,94.7,94.7
nyaosorg__go-readline-ny,12,9,trivy,10,10,0,2,90.9,90.9,9,1,0,94.7,94.7
nyaosorg__go-readline-ny,12,9,cdxgen,9,9,0,3,85.7,85.7,9,0,0,100.0,100.0
nyaosorg__go-readline-ny,12,9,cyclonedx-gomod,10,10,0,2,90.9,90.9,9,1,0,94.7,94.7
o1egl__govatar,12,4,syft,9,9,0,3,85.7,85.7,4,5,0,61.5,61.5
o1egl__govatar,12,4,trivy,13,12,1,0,96.0,96.0,4,9,0,47.1,47.1
o1egl__govatar,12,4,cdxgen,4,4,0,8,50.0,50.0,4,0,0,100.0,100.0
o1egl__govatar,12,4,cyclonedx-gomod,4,4,0,8,50.0,50.0,4,0,0,100.0,100.0
o1egl__paseto,12,4,syft,9,9,0,3,85.7,85.7,4,5,0,61.5,61.5
o1egl__paseto,12,4,trivy,12,12,0,0,100.0,100.0,4,8,0,50.0,50.0
o1egl__paseto,12,4,cdxgen,4,4,0,8,50.0,50.0,4,0,0,100.0,100.0
o1egl__paseto,12,4,cyclonedx-gomod,4,4,0,8,50.0,50.0,4,0,0,100.0,100.0
oagudo__outbox,1,1,syft,36,1,35,0,5.4,5.4,1,35,0,5.4,5.4
oagudo__outbox,1,1,trivy,37,1,36,0,5.3,5.3,1,36,0,5.3,5.3
oagudo__outbox,1,1,cdxgen,18,1,17,0,10.5,10.5,1,17,0,10.5,10.5
oagudo__outbox,1,1,cyclonedx-gomod,1,1,0,0,100.0,100.0,1,0,0,100.0,100.0
oakmound__oak,30,14,syft,22,20,2,10,76.9,69.2,14,8,0,77.8,77.8
oakmound__oak,30,14,trivy,22,20,2,10,76.9,69.2,14,8,0,77.8,77.8
oakmound__oak,30,14,cdxgen,15,14,1,16,62.2,62.2,14,1,0,96.6,96.6
oakmound__oak,30,14,cyclonedx-gomod,20,20,0,10,80.0,80.0,14,6,0,82.4,82.4
objectbox__objectbox-go,2,2,syft,2,2,0,0,100.0,50.0,2,0,0,100.0,50.0
objectbox__objectbox-go,2,2,trivy,2,2,0,0,100.0,50.0,2,0,0,100.0,50.0
objectbox__objectbox-go,2,2,cdxgen,2,2,0,0,100.0,50.0,2,0,0,100.0,50.0
objectbox__objectbox-go,2,2,cyclonedx-gomod,2,2,0,0,100.0,100.0,2,0,0,100.0,100.0
oblq__swap,12,2,syft,9,9,0,3,85.7,85.7,2,7,0,36.4,36.4
oblq__swap,12,2,trivy,12,12,0,0,100.0,100.0,2,10,0,28.6,28.6
oblq__swap,12,2,cdxgen,2,2,0,10,28.6,28.6,2,0,0,100.0,100.0
oblq__swap,12,2,cyclonedx-gomod,2,2,0,10,28.6,28.6,2,0,0,100.0,100.0
octago__sflags,24,13,syft,18,18,0,6,85.7,85.7,13,5,0,83.9,83.9
octago__sflags,24,13,trivy,17,17,0,7,82.9,82.9,13,4,0,86.7,86.7
octago__sflags,24,13,cdxgen,13,13,0,11,70.3,70.3,13,0,0,100.0,100.0
octago__sflags,24,13,cyclonedx-gomod,14,14,0,10,73.7,73.7,13,1,0,96.3,96.3
octomation__go-module,1,1,syft,187,1,186,0,1.1,1.1,1,186,0,1.1,1.1
octomation__go-module,1,1,trivy,188,1,187,0,1.1,1.1,1,187,0,1.1,1.1
octomation__go-module,1,1,cdxgen,187,1,186,0,1.1,1.1,1,186,0,1.1,1.1
octomation__go-module,1,1,cyclonedx-gomod,1,1,0,0,100.0,100.0,1,0,0,100.0,100.0
odeke-em__drive,98,38,syft,42,42,0,56,60.0,60.0,38,4,0,95.0,95.0
odeke-em__drive,98,38,trivy,98,98,0,0,100.0,99.0,38,60,0,55.9,55.9
odeke-em__drive,98,38,cdxgen,38,38,0,60,55.9,55.9,38,0,0,100.0,100.0
odeke-em__drive,98,38,cyclonedx-gomod,39,39,0,59,56.9,56.9,38,1,0,98.7,98.7
offen__docker-volume-backup,395,88,syft,144,144,0,251,53.4,52.7,88,56,0,75.9,75.0
offen__docker-volume-backup,395,88,trivy,99,99,0,296,40.1,39.3,88,11,0,94.1,93.0
offen__docker-volume-backup,395,88,cdxgen,88,88,0,307,36.4,36.0,88,0,0,100.0,98.9
offen__docker-volume-backup,395,88,cyclonedx-gomod,90,90,0,305,37.1,37.1,88,2,0,98.9,98.9
oklahomer__go-sarah,19,11,syft,17,15,2,4,83.3,50.0,11,6,0,78.6,35.7
oklahomer__go-sarah,19,11,trivy,21,19,2,0,95.0,65.0,11,10,0,68.8,31.2
oklahomer__go-sarah,19,11,cdxgen,11,11,0,8,73.3,66.7,11,0,0,100.0,90.9
oklahomer__go-sarah,19,11,cyclonedx-gomod,11,11,0,8,73.3,73.3,11,0,0,100.0,100.0
oklog__ulid,1,1,syft,1,1,0,0,100.0,100.0,1,0,0,100.0,100.0
oklog__ulid,1,1,trivy,1,1,0,0,100.0,100.0,1,0,0,100.0,100.0
oklog__ulid,1,1,cdxgen,1,1,0,0,100.0,100.0,1,0,0,100.0,100.0
oklog__ulid,1,1,cyclonedx-gomod,1,1,0,0,100.0,100.0,1,0,0,100.0,100.0
olahol__melody,7,1,syft,41,6,35,1,25.0,25.0,1,40,0,4.8,4.8
olahol__melody,7,1,trivy,38,5,33,2,22.2,22.2,1,37,0,5.1,5.1
olahol__melody,7,1,cdxgen,25,2,23,5,12.5,12.5,1,24,0,7.7,7.7
olahol__melody,7,1,cyclonedx-gomod,1,1,0,6,25.0,25.0,1,0,0,100.0,100.0
olebedev__when,6,2,syft,6,6,0,0,100.0,100.0,2,4,0,50.0,50.0
olebedev__when,6,2,trivy,6,6,0,0,100.0,100.0,2,4,0,50.0,50.0
olebedev__when,6,2,cdxgen,2,2,0,4,50.0,50.0,2,0,0,100.0,100.0
olebedev__when,6,2,cyclonedx-gomod,2,2,0,4,50.0,50.0,2,0,0,100.0,100.0
olivere__elastic,53,13,syft,34,26,8,27,59.8,55.2,13,21,0,55.3,55.3
olivere__elastic,53,13,trivy,29,20,9,33,48.8,43.9,13,16,0,61.9,61.9
olivere__elastic,53,13,cdxgen,29,20,9,33,48.8,43.9,13,16,0,61.9,61.9
olivere__elastic,53,13,cyclonedx-gomod,13,13,0,40,39.4,39.4,13,0,0,100.0,100.0
oluwajubelo1__otellix,303,64,syft,94,94,0,209,47.4,42.3,64,30,0,81.0,68.4
oluwajubelo1__otellix,303,64,trivy,78,78,0,225,40.9,40.9,64,14,0,90.1,90.1
oluwajubelo1__otellix,303,64,cdxgen,64,64,0,239,34.9,34.9,64,0,0,100.0,100.0
oluwajubelo1__otellix,303,64,cyclonedx-gomod,75,75,0,228,39.7,39.7,64,11,0,92.1,92.1
omeid__uconfig,6,2,syft,3,3,0,3,66.7,66.7,2,1,0,80.0,80.0
omeid__uconfig,6,2,trivy,6,6,0,0,100.0,100.0,2,4,0,50.0,50.0
omeid__uconfig,6,2,cdxgen,2,2,0,4,50.0,50.0,2,0,0,100.0,100.0
omeid__uconfig,6,2,cyclonedx-gomod,2,2,0,4,50.0,50.0,2,0,0,100.0,100.0
onllm-dev__onWatch,70,20,syft,52,51,1,19,83.6,83.6,20,32,0,55.6,55.6
onllm-dev__onWatch,70,20,trivy,27,26,1,44,53.6,53.6,20,7,0,85.1,85.1
onllm-dev__onWatch,70,20,cdxgen,20,20,0,50,44.4,44.4,20,0,0,100.0,100.0
onllm-dev__onWatch,70,20,cyclonedx-gomod,25,25,0,45,52.6,52.6,20,5,0,88.9,88.9
openfga__openfga,294,134,syft,182,182,0,112,76.5,76.5,134,48,0,84.8,84.8
openfga__openfga,294,134,trivy,144,144,0,150,65.8,65.8,134,10,0,96.4,96.4
openfga__openfga,294,134,cdxgen,134,134,0,160,62.6,62.6,134,0,0,100.0,100.0
openfga__openfga,294,134,cyclonedx-gomod,138,138,0,156,63.9,63.9,134,4,0,98.5,98.5
openrundev__openrun,472,205,syft,254,253,1,219,69.7,69.1,205,49,0,89.3,88.0
openrundev__openrun,472,205,trivy,216,214,2,258,62.2,61.6,205,11,0,97.4,96.0
openrundev__openrun,472,205,cdxgen,205,205,0,267,60.6,59.7,205,0,0,100.0,99.0
openrundev__openrun,472,205,cyclonedx-gomod,212,212,0,260,62.0,62.0,203,9,2,97.4,96.9
openshift__osin,13,7,syft,11,11,0,2,91.7,58.3,7,4,0,77.8,44.4
openshift__osin,13,7,trivy,13,13,0,0,100.0,69.2,7,6,0,70.0,40.0
openshift__osin,13,7,cdxgen,10,10,0,3,87.0,78.3,7,3,0,82.4,70.6
openshift__osin,13,7,cyclonedx-gomod,10,10,0,3,87.0,87.0,7,3,0,82.4,82.4
openziti-test-kitchen__zssh,361,107,syft,141,141,0,220,56.2,55.8,107,34,0,86.3,84.7
openziti-test-kitchen__zssh,361,107,trivy,121,121,0,240,50.2,49.8,107,14,0,93.9,92.1
openziti-test-kitchen__zssh,361,107,cdxgen,107,107,0,254,45.7,44.9,107,0,0,100.0,99.1
openziti-test-kitchen__zssh,361,107,cyclonedx-gomod,117,117,0,244,49.0,49.0,104,13,3,92.9,92.0
openziti__sdk-golang,248,76,syft,227,133,94,115,56.0,48.8,76,151,0,50.2,49.5
openziti__sdk-golang,248,76,trivy,185,111,74,137,51.3,43.4,76,109,0,58.2,57.5
openziti__sdk-golang,248,76,cdxgen,157,94,63,154,46.4,40.5,76,81,0,65.2,64.4
openziti__sdk-golang,248,76,cyclonedx-gomod,86,86,0,162,51.5,51.5,76,10,0,93.8,93.8
openziti__ziti,547,181,syft,280,251,29,296,60.7,59.7,181,99,0,78.5,76.8
openziti__ziti,547,181,trivy,245,217,28,330,54.8,53.8,181,64,0,85.0,83.1
openziti__ziti,547,181,cdxgen,222,198,24,349,51.5,50.2,181,41,0,89.8,88.3
openziti__ziti,547,181,cyclonedx-gomod,192,192,0,355,52.0,52.0,179,13,2,96.0,95.4
opnlabs__dot,54,29,syft,44,44,0,10,89.8,85.7,29,15,0,79.5,74.0
opnlabs__dot,54,29,trivy,40,40,0,14,85.1,80.9,29,11,0,84.1,78.3
opnlabs__dot,54,29,cdxgen,29,29,0,25,69.9,65.1,29,0,0,100.0,93.1
opnlabs__dot,54,29,cyclonedx-gomod,33,33,0,21,75.9,75.9,29,4,0,93.5,93.5
optimus-hft__go-ipmux,100,15,syft,23,23,0,77,37.4,37.4,15,8,0,78.9,78.9
optimus-hft__go-ipmux,100,15,trivy,19,19,0,81,31.9,31.9,15,4,0,88.2,88.2
optimus-hft__go-ipmux,100,15,cdxgen,15,15,0,85,26.1,26.1,15,0,0,100.0,100.0
optimus-hft__go-ipmux,100,15,cyclonedx-gomod,15,15,0,85,26.1,26.1,15,0,0,100.0,100.0
oracle__coherence-go-client,40,7,syft,27,17,10,23,50.7,38.8,7,20,0,41.2,17.6
oracle__coherence-go-client,40,7,trivy,15,9,6,31,32.7,29.1,7,8,0,63.6,54.5
oracle__coherence-go-client,40,7,cdxgen,11,8,3,32,31.4,31.4,7,4,0,77.8,77.8
oracle__coherence-go-client,40,7,cyclonedx-gomod,7,7,0,33,29.8,29.8,7,0,0,100.0,100.0
oras-project__oras,42,23,syft,57,37,20,5,74.7,64.6,23,34,0,57.5,55.0
oras-project__oras,42,23,trivy,37,29,8,13,73.4,63.3,23,14,0,76.7,73.3
oras-project__oras,42,23,cdxgen,36,29,7,13,74.4,66.7,23,13,0,78.0,78.0
oras-project__oras,42,23,cyclonedx-gomod,24,24,0,18,72.7,72.7,23,1,0,97.9,97.9
oriser__regroup,11,1,syft,6,6,0,5,70.6,70.6,1,5,0,28.6,28.6
oriser__regroup,11,1,trivy,5,5,0,6,62.5,62.5,1,4,0,33.3,33.3
oriser__regroup,11,1,cdxgen,1,1,0,10,16.7,16.7,1,0,0,100.0,100.0
oriser__regroup,11,1,cyclonedx-gomod,1,1,0,10,16.7,16.7,1,0,0,100.0,100.0
orlangure__gnomock,274,127,syft,183,171,12,103,74.8,69.6,127,56,0,81.9,78.1
orlangure__gnomock,274,127,trivy,143,138,5,136,66.2,63.8,127,16,0,94.1,91.9
orlangure__gnomock,274,127,cdxgen,128,127,1,147,63.2,63.2,127,1,0,99.6,99.6
orlangure__gnomock,274,127,cyclonedx-gomod,126,126,0,148,63.0,63.0,124,2,3,98.0,98.0
orneryd__NornicDB,391,115,syft,146,146,0,245,54.4,53.6,115,31,0,88.1,87.4
orneryd__NornicDB,391,115,trivy,120,120,0,271,47.0,46.2,115,5,0,97.9,97.0
orneryd__NornicDB,391,115,cdxgen,120,120,0,271,47.0,46.2,115,5,0,97.9,97.0
orneryd__NornicDB,391,115,cyclonedx-gomod,120,120,0,271,47.0,47.0,115,5,0,97.9,97.9
ory__keto,486,165,syft,359,344,15,142,81.4,75.0,165,194,0,63.0,55.7
ory__keto,486,165,trivy,319,309,10,177,76.8,73.0,165,154,0,68.2,64.5
ory__keto,486,165,cdxgen,197,189,8,297,55.3,55.1,165,32,0,91.2,90.6
ory__keto,486,165,cyclonedx-gomod,276,276,0,210,72.4,71.9,162,114,3,73.5,72.6
osamingo__indigo,2,2,syft,2,2,0,0,100.0,100.0,2,0,0,100.0,100.0
osamingo__indigo,2,2,trivy,2,2,0,0,100.0,100.0,2,0,0,100.0,100.0
osamingo__indigo,2,2,cdxgen,2,2,0,0,100.0,100.0,2,0,0,100.0,100.0
osamingo__indigo,2,2,cyclonedx-gomod,2,2,0,0,100.0,100.0,2,0,0,100.0,100.0
osamingo__jsonrpc,13,7,syft,11,11,0,2,91.7,91.7,7,4,0,77.8,77.8
osamingo__jsonrpc,13,7,trivy,10,10,0,3,87.0,87.0,7,3,0,82.4,82.4
osamingo__jsonrpc,13,7,cdxgen,7,7,0,6,70.0,70.0,7,0,0,100.0,100.0
osamingo__jsonrpc,13,7,cyclonedx-gomod,7,7,0,6,70.0,70.0,7,0,0,100.0,100.0
osamingo__shamoji,9,6,syft,7,7,0,2,87.5,87.5,6,1,0,92.3,92.3
osamingo__shamoji,9,6,trivy,6,6,0,3,80.0,80.0,6,0,0,100.0,100.0
osamingo__shamoji,9,6,cdxgen,6,6,0,3,80.0,80.0,6,0,0,100.0,100.0
osamingo__shamoji,9,6,cyclonedx-gomod,6,6,0,3,80.0,80.0,6,0,0,100.0,100.0
osrg__gobgp,128,45,syft,68,68,0,60,69.4,69.4,45,23,0,79.6,79.6
osrg__gobgp,128,45,trivy,54,54,0,74,59.3,59.3,45,9,0,90.9,90.9
osrg__gobgp,128,45,cdxgen,45,45,0,83,52.0,52.0,45,0,0,100.0,100.0
osrg__gobgp,128,45,cyclonedx-gomod,48,48,0,80,54.5,54.5,45,3,0,96.8,96.8
ostafen__clover,62,17,syft,29,29,0,33,63.7,61.5,17,12,0,73.9,69.6
ostafen__clover,62,17,trivy,27,27,0,35,60.7,58.4,17,10,0,77.3,72.7
ostafen__clover,62,17,cdxgen,17,17,0,45,43.0,40.5,17,0,0,100.0,94.1
ostafen__clover,62,17,cyclonedx-gomod,17,17,0,45,43.0,43.0,17,0,0,100.0,100.0
osteele__liquid,373,2,syft,234,234,0,139,77.1,77.1,2,232,0,1.7,1.7
osteele__liquid,373,2,trivy,207,207,0,166,71.4,71.4,2,205,0,1.9,1.9
osteele__liquid,373,2,cdxgen,2,2,0,371,1.1,1.1,2,0,0,100.0,100.0
osteele__liquid,373,2,cyclonedx-gomod,204,204,0,169,70.7,70.7,2,202,0,1.9,1.9
otiai10__copy,3,2,syft,3,3,0,0,100.0,100.0,2,1,0,80.0,80.0
otiai10__copy,3,2,trivy,3,3,0,0,100.0,100.0,2,1,0,80.0,80.0
otiai10__copy,3,2,cdxgen,2,2,0,1,80.0,80.0,2,0,0,100.0,100.0
otiai10__copy,3,2,cyclonedx-gomod,3,3,0,0,100.0,100.0,2,1,0,80.0,80.0
otiai10__ocrserver,10,2,syft,6,6,0,4,75.0,75.0,2,4,0,50.0,50.0
otiai10__ocrserver,10,2,trivy,11,10,1,0,95.2,95.2,2,9,0,30.8,30.8
otiai10__ocrserver,10,2,cdxgen,2,2,0,8,33.3,33.3,2,0,0,100.0,100.0
otiai10__ocrserver,10,2,cyclonedx-gomod,3,3,0,7,46.2,46.2,2,1,0,80.0,80.0
ovh__cds,765,313,syft,441,406,35,359,67.3,61.2,309,132,4,82.0,75.1
ovh__cds,765,313,trivy,366,334,32,431,59.1,55.3,309,57,4,91.0,86.6
ovh__cds,765,313,cdxgen,332,318,14,447,58.0,54.1,313,19,0,97.1,92.7
ovh__cds,765,313,cyclonedx-gomod,321,316,5,449,58.2,58.0,308,13,5,97.2,96.5
ovh__utask,160,84,syft,118,118,0,42,84.9,82.7,84,34,0,83.2,80.2
ovh__utask,160,84,trivy,99,99,0,61,76.4,74.1,84,15,0,91.8,88.5
ovh__utask,160,84,cdxgen,84,84,0,76,68.9,66.4,84,0,0,100.0,96.4
ovh__utask,160,84,cyclonedx-gomod,97,97,0,63,75.5,75.5,84,13,0,92.8,92.8
owenthereal__upterm,336,118,syft,178,176,2,160,68.5,68.1,116,62,2,78.4,77.7
owenthereal__upterm,336,118,trivy,142,140,2,196,58.6,58.2,116,26,2,89.2,88.5
owenthereal__upterm,336,118,cdxgen,118,118,0,218,52.0,50.7,118,0,0,100.0,99.2
owenthereal__upterm,336,118,cyclonedx-gomod,133,131,2,205,55.9,55.9,115,18,3,91.6,91.6
owulveryck__onnx-go,129,36,syft,44,44,0,85,50.9,48.6,36,8,0,90.0,85.0
owulveryck__onnx-go,129,36,trivy,38,38,0,91,45.5,43.1,36,2,0,97.3,91.9
owulveryck__onnx-go,129,36,cdxgen,36,36,0,93,43.6,41.2,36,0,0,100.0,94.4
owulveryck__onnx-go,129,36,cyclonedx-gomod,38,38,0,91,45.5,45.5,36,2,0,97.3,97.3
oxyno-zeta__s3-proxy,131,65,syft,89,88,1,43,80.0,78.2,65,24,0,84.4,81.8
oxyno-zeta__s3-proxy,131,65,trivy,74,74,0,57,72.2,70.2,65,9,0,93.5,90.6
oxyno-zeta__s3-proxy,131,65,cdxgen,65,65,0,66,66.3,64.3,65,0,0,100.0,96.9
oxyno-zeta__s3-proxy,131,65,cyclonedx-gomod,66,66,0,65,67.0,67.0,65,1,0,99.2,99.2
ozankasikci__dockerfile-generator,35,3,syft,10,10,0,25,44.4,44.4,3,7,0,46.2,46.2
ozankasikci__dockerfile-generator,35,3,trivy,35,35,0,0,100.0,94.3,3,32,0,15.8,15.8
ozankasikci__dockerfile-generator,35,3,cdxgen,3,3,0,32,15.8,15.8,3,0,0,100.0,100.0
ozankasikci__dockerfile-generator,35,3,cyclonedx-gomod,4,4,0,31,20.5,20.5,3,1,0,85.7,85.7
pancsta__asyncmachine-go,552,232,syft,360,340,20,212,74.6,72.1,232,128,0,78.4,77.0
pancsta__asyncmachine-go,552,232,trivy,321,303,18,249,69.4,67.6,232,89,0,83.9,82.5
pancsta__asyncmachine-go,552,232,cdxgen,255,241,14,311,59.7,58.2,232,23,0,95.3,93.6
pancsta__asyncmachine-go,552,232,cyclonedx-gomod,251,251,0,301,62.5,62.5,232,19,0,96.1,96.1
panjf2000__ants,7,1,syft,6,6,0,1,92.3,92.3,1,5,0,28.6,28.6
panjf2000__ants,7,1,trivy,5,5,0,2,83.3,83.3,1,4,0,33.3,33.3
panjf2000__ants,7,1,cdxgen,1,1,0,6,25.0,25.0,1,0,0,100.0,100.0
panjf2000__ants,7,1,cyclonedx-gomod,1,1,0,6,25.0,25.0,1,0,0,100.0,100.0
panjf2000__gnet,16,7,syft,14,14,0,2,93.3,93.3,7,7,0,66.7,66.7
panjf2000__gnet,16,7,trivy,11,11,0,5,81.5,81.5,7,4,0,77.8,77.8
panjf2000__gnet,16,7,cdxgen,7,7,0,9,60.9,60.9,7,0,0,100.0,100.0
panjf2000__gnet,16,7,cyclonedx-gomod,7,7,0,9,60.9,60.9,7,0,0,100.0,100.0
pantrif__s2-geojson,26,13,syft,24,24,0,2,96.0,36.0,13,11,0,70.3,10.8
pantrif__s2-geojson,26,13,trivy,26,26,0,0,100.0,50.0,13,13,0,66.7,25.6
pantrif__s2-geojson,26,13,cdxgen,19,19,0,7,84.4,84.4,13,6,0,81.3,81.3
pantrif__s2-geojson,26,13,cyclonedx-gomod,16,16,0,10,76.2,76.2,13,3,0,89.7,89.7
pantrif__url-shortener,3,2,syft,3,3,0,0,100.0,100.0,2,1,0,80.0,80.0
pantrif__url-shortener,3,2,trivy,3,3,0,0,100.0,100.0,2,1,0,80.0,80.0
pantrif__url-shortener,3,2,cdxgen,2,2,0,1,80.0,80.0,2,0,0,100.0,100.0
pantrif__url-shortener,3,2,cyclonedx-gomod,2,2,0,1,80.0,80.0,2,0,0,100.0,100.0
paololazzari__play,31,14,syft,19,19,0,12,76.0,76.0,14,5,0,84.8,84.8
paololazzari__play,31,14,trivy,15,15,0,16,65.2,65.2,14,1,0,96.6,96.6
paololazzari__play,31,14,cdxgen,14,14,0,17,62.2,62.2,14,0,0,100.0,100.0
paololazzari__play,31,14,cyclonedx-gomod,15,15,0,16,65.2,65.2,14,1,0,96.6,96.6
pardnchiu__go-jwt,52,20,syft,42,42,0,10,89.4,89.4,20,22,0,64.5,64.5
pardnchiu__go-jwt,52,20,trivy,37,37,0,15,83.1,83.1,20,17,0,70.2,70.2
pardnchiu__go-jwt,52,20,cdxgen,20,20,0,32,55.6,55.6,20,0,0,100.0,100.0
pardnchiu__go-jwt,52,20,cyclonedx-gomod,31,31,0,21,74.7,74.7,20,11,0,78.4,78.4
pariz__gountries,6,1,syft,5,5,0,1,90.9,90.9,1,4,0,33.3,33.3
pariz__gountries,6,1,trivy,4,4,0,2,80.0,80.0,1,3,0,40.0,40.0
pariz__gountries,6,1,cdxgen,1,1,0,5,28.6,28.6,1,0,0,100.0,100.0
pariz__gountries,6,1,cyclonedx-gomod,1,1,0,5,28.6,28.6,1,0,0,100.0,100.0
parsyl__parquet,10,3,syft,9,9,0,1,94.7,94.7,3,6,0,50.0,50.0
parsyl__parquet,10,3,trivy,8,8,0,2,88.9,88.9,3,5,0,54.5,54.5
parsyl__parquet,10,3,cdxgen,3,3,0,7,46.2,46.2,3,0,0,100.0,100.0
parsyl__parquet,10,3,cyclonedx-gomod,3,3,0,7,46.2,46.2,3,0,0,100.0,100.0
pascaldekloe__colfer,14,3,syft,5,5,0,9,52.6,10.5,3,2,0,75.0,0.0
pascaldekloe__colfer,14,3,trivy,0,0,0,14,0.0,0.0,0,0,3,0.0,0.0
pascaldekloe__colfer,14,3,cdxgen,3,3,0,11,35.3,35.3,3,0,0,100.0,100.0
pascaldekloe__colfer,14,3,cyclonedx-gomod,3,3,0,11,35.3,35.3,3,0,0,100.0,100.0
pashagolub__pgxmock,19,6,syft,14,14,0,5,84.8,84.8,6,8,0,60.0,60.0
pashagolub__pgxmock,19,6,trivy,12,12,0,7,77.4,77.4,6,6,0,66.7,66.7
pashagolub__pgxmock,19,6,cdxgen,6,6,0,13,48.0,48.0,6,0,0,100.0,100.0
pashagolub__pgxmock,19,6,cyclonedx-gomod,6,6,0,13,48.0,48.0,6,0,0,100.0,100.0
patrickhener__goshs,324,92,syft,129,129,0,195,57.0,56.1,92,37,0,83.3,81.4
patrickhener__goshs,324,92,trivy,104,104,0,220,48.6,47.7,92,12,0,93.9,91.8
patrickhener__goshs,324,92,cdxgen,92,92,0,232,44.2,43.3,92,0,0,100.0,97.8
patrickhener__goshs,324,92,cyclonedx-gomod,102,102,0,222,47.9,47.9,92,10,0,94.8,94.8
paulmach__orb,23,3,syft,6,6,0,17,41.4,41.4,3,3,0,66.7,66.7
paulmach__orb,23,3,trivy,23,23,0,0,100.0,100.0,3,20,0,23.1,23.1
paulmach__orb,23,3,cdxgen,3,3,0,20,23.1,23.1,3,0,0,100.0,100.0
paulmach__orb,23,3,cyclonedx-gomod,3,3,0,20,23.1,23.1,3,0,0,100.0,100.0
paulmach__osm,39,5,syft,8,8,0,31,34.0,34.0,5,3,0,76.9,76.9
paulmach__osm,39,5,trivy,6,6,0,33,26.7,26.7,5,1,0,90.9,90.9
paulmach__osm,39,5,cdxgen,5,5,0,34,22.7,22.7,5,0,0,100.0,100.0
paulmach__osm,39,5,cyclonedx-gomod,5,5,0,34,22.7,22.7,5,0,0,100.0,100.0
pdfcpu__pdfcpu,23,12,syft,14,14,0,9,75.7,75.7,12,2,0,92.3,92.3
pdfcpu__pdfcpu,23,12,trivy,13,13,0,10,72.2,72.2,12,1,0,96.0,96.0
pdfcpu__pdfcpu,23,12,cdxgen,12,12,0,11,68.6,68.6,12,0,0,100.0,100.0
pdfcpu__pdfcpu,23,12,cyclonedx-gomod,13,13,0,10,72.2,72.2,12,1,0,96.0,96.0
pdupub__go-pdu,442,138,syft,181,181,0,261,58.1,57.5,138,43,0,86.5,85.9
pdupub__go-pdu,442,138,trivy,150,150,0,292,50.7,50.3,138,12,0,95.8,95.1
pdupub__go-pdu,442,138,cdxgen,138,138,0,304,47.6,47.2,138,0,0,100.0,99.3
pdupub__go-pdu,442,138,cyclonedx-gomod,150,150,0,292,50.7,50.7,138,12,0,95.8,95.8
peak__s5cmd,60,29,syft,47,47,0,13,87.9,87.9,29,18,0,76.3,76.3
peak__s5cmd,60,29,trivy,40,40,0,20,80.0,80.0,29,11,0,84.1,84.1
peak__s5cmd,60,29,cdxgen,40,40,0,20,80.0,80.0,29,11,0,84.1,84.1
peak__s5cmd,60,29,cyclonedx-gomod,35,35,0,25,73.7,73.7,28,7,1,87.5,87.5
pebbe__textcat,1,1,syft,2,1,1,0,66.7,66.7,1,1,0,66.7,66.7
pebbe__textcat,1,1,trivy,2,1,1,0,66.7,66.7,1,1,0,66.7,66.7
pebbe__textcat,1,1,cdxgen,1,1,0,0,100.0,100.0,1,0,0,100.0,100.0
pebbe__textcat,1,1,cyclonedx-gomod,1,1,0,0,100.0,100.0,1,0,0,100.0,100.0
peco__peco,28,13,syft,18,18,0,10,78.3,78.3,13,5,0,83.9,83.9
peco__peco,28,13,trivy,17,17,0,11,75.6,75.6,13,4,0,86.7,86.7
peco__peco,28,13,cdxgen,13,13,0,15,63.4,63.4,13,0,0,100.0,100.0
peco__peco,28,13,cyclonedx-gomod,14,14,0,14,66.7,66.7,13,1,0,96.3,96.3
peczenyj__structalign,25,18,syft,22,22,0,3,93.6,93.6,18,4,0,90.0,90.0
peczenyj__structalign,25,18,trivy,20,20,0,5,88.9,88.9,18,2,0,94.7,94.7
peczenyj__structalign,25,18,cdxgen,18,18,0,7,83.7,83.7,18,0,0,100.0,100.0
peczenyj__structalign,25,18,cyclonedx-gomod,19,19,0,6,86.4,86.4,17,2,1,91.9,91.9
pemistahl__lingua-go,15,3,syft,12,9,3,6,66.7,66.7,3,9,0,40.0,40.0
pemistahl__lingua-go,15,3,trivy,10,7,3,8,56.0,56.0,3,7,0,46.2,46.2
pemistahl__lingua-go,15,3,cdxgen,5,3,2,12,30.0,30.0,3,2,0,75.0,75.0
pemistahl__lingua-go,15,3,cyclonedx-gomod,3,3,0,12,33.3,33.3,3,0,0,100.0,100.0
pesos__grofer,380,42,syft,57,57,0,323,26.1,24.7,42,15,0,84.8,78.8
pesos__grofer,380,42,trivy,380,380,0,0,100.0,95.3,42,338,0,19.9,18.5
pesos__grofer,380,42,cdxgen,42,42,0,338,19.9,18.5,42,0,0,100.0,92.9
pesos__grofer,380,42,cyclonedx-gomod,46,46,0,334,21.6,21.6,42,4,0,95.5,95.5
peterbourgon__diskv,1,1,syft,1,1,0,0,100.0,100.0,1,0,0,100.0,100.0
peterbourgon__diskv,1,1,trivy,1,1,0,0,100.0,100.0,1,0,0,100.0,100.0
peterbourgon__diskv,1,1,cdxgen,1,1,0,0,100.0,100.0,1,0,0,100.0,100.0
peterbourgon__diskv,1,1,cyclonedx-gomod,1,1,0,0,100.0,100.0,1,0,0,100.0,100.0
peterh__liner,2,1,syft,2,2,0,0,100.0,100.0,1,1,0,66.7,66.7
peterh__liner,2,1,trivy,2,2,0,0,100.0,100.0,1,1,0,66.7,66.7
peterh__liner,2,1,cdxgen,1,1,0,1,66.7,66.7,1,0,0,100.0,100.0
peterh__liner,2,1,cyclonedx-gomod,2,2,0,0,100.0,100.0,1,1,0,66.7,66.7
peterstace__simplefeatures,3,2,syft,2,2,0,1,80.0,80.0,2,0,0,100.0,100.0
peterstace__simplefeatures,3,2,trivy,3,3,0,0,100.0,100.0,2,1,0,80.0,80.0
peterstace__simplefeatures,3,2,cdxgen,2,2,0,1,80.0,80.0,2,0,0,100.0,100.0
peterstace__simplefeatures,3,2,cyclonedx-gomod,2,2,0,1,80.0,80.0,2,0,0,100.0,100.0
pgrwl__pgrwl,77,48,syft,59,59,0,18,86.8,86.8,48,11,0,89.7,89.7
pgrwl__pgrwl,77,48,trivy,49,49,0,28,77.8,77.8,48,1,0,99.0,99.0
pgrwl__pgrwl,77,48,cdxgen,48,48,0,29,76.8,76.8,48,0,0,100.0,100.0
pgrwl__pgrwl,77,48,cyclonedx-gomod,48,48,0,29,76.8,76.8,48,0,0,100.0,100.0
philips-labs__spiffe-vault,91,24,syft,51,51,0,40,71.8,71.8,24,27,0,64.0,64.0
philips-labs__spiffe-vault,91,24,trivy,32,32,0,59,52.0,52.0,24,8,0,85.7,85.7
philips-labs__spiffe-vault,91,24,cdxgen,24,24,0,67,41.7,41.7,24,0,0,100.0,100.0
philips-labs__spiffe-vault,91,24,cyclonedx-gomod,26,26,0,65,44.4,44.4,24,2,0,96.0,96.0
phoenix-tui__phoenix,14,9,syft,44,14,30,0,48.3,24.1,9,35,0,34.0,11.3
phoenix-tui__phoenix,14,9,trivy,42,14,28,0,50.0,28.6,9,33,0,35.3,15.7
phoenix-tui__phoenix,14,9,cdxgen,14,9,5,5,64.3,64.3,9,5,0,78.3,78.3
phoenix-tui__phoenix,14,9,cyclonedx-gomod,9,9,0,5,78.3,34.8,9,0,0,100.0,44.4
piaohao__godis,6,1,syft,6,6,0,0,100.0,83.3,1,5,0,28.6,0.0
piaohao__godis,6,1,trivy,6,6,0,0,100.0,83.3,1,5,0,28.6,0.0
piaohao__godis,6,1,cdxgen,1,1,0,5,28.6,0.0,1,0,0,100.0,0.0
piaohao__godis,6,1,cyclonedx-gomod,1,1,0,5,28.6,28.6,1,0,0,100.0,100.0
pieterclaerhout__go-finance,7,1,syft,6,6,0,1,92.3,92.3,1,5,0,28.6,28.6
pieterclaerhout__go-finance,7,1,trivy,7,7,0,0,100.0,100.0,1,6,0,25.0,25.0
pieterclaerhout__go-finance,7,1,cdxgen,1,1,0,6,25.0,25.0,1,0,0,100.0,100.0
pieterclaerhout__go-finance,7,1,cyclonedx-gomod,1,1,0,6,25.0,25.0,1,0,0,100.0,100.0
pieterclaerhout__go-log,19,7,syft,15,15,0,4,88.2,88.2,7,8,0,63.6,63.6
pieterclaerhout__go-log,19,7,trivy,13,13,0,6,81.3,81.3,7,6,0,70.0,70.0
pieterclaerhout__go-log,19,7,cdxgen,7,7,0,12,53.8,53.8,7,0,0,100.0,100.0
pieterclaerhout__go-log,19,7,cyclonedx-gomod,7,7,0,12,53.8,53.8,7,0,0,100.0,100.0
pikoci__pikoci,290,92,syft,201,198,3,92,80.7,72.1,92,109,0,62.8,57.3
pikoci__pikoci,290,92,trivy,141,140,1,150,65.0,54.8,92,49,0,79.0,72.1
pikoci__pikoci,290,92,cdxgen,120,120,0,170,58.5,51.7,92,28,0,86.8,85.8
pikoci__pikoci,290,92,cyclonedx-gomod,106,106,0,184,53.5,53.5,92,14,0,92.9,92.9
pilosa__go-pilosa,167,5,syft,54,54,0,113,48.9,45.2,5,49,0,16.9,16.9
pilosa__go-pilosa,167,5,trivy,170,167,3,0,99.1,91.4,5,165,0,5.7,5.7
pilosa__go-pilosa,167,5,cdxgen,5,5,0,162,5.8,5.8,5,0,0,100.0,100.0
pilosa__go-pilosa,167,5,cyclonedx-gomod,5,5,0,162,5.8,5.8,5,0,0,100.0,100.0
pingcap__failpoint,16,3,syft,12,12,0,4,85.7,85.7,3,9,0,40.0,40.0
pingcap__failpoint,16,3,trivy,9,9,0,7,72.0,72.0,3,6,0,50.0,50.0
pingcap__failpoint,16,3,cdxgen,3,3,0,13,31.6,31.6,3,0,0,100.0,100.0
pingcap__failpoint,16,3,cyclonedx-gomod,3,3,0,13,31.6,31.6,3,0,0,100.0,100.0
pingcap__tidb,885,300,syft,401,397,4,488,61.7,59.7,296,105,4,84.5,81.0
pingcap__tidb,885,300,trivy,357,353,4,532,56.8,55.1,296,61,4,90.1,86.8
pingcap__tidb,885,300,cdxgen,305,305,0,580,51.3,50.4,300,5,0,99.2,98.2
pingcap__tidb,885,300,cyclonedx-gomod,309,305,4,580,51.1,50.9,291,18,9,95.6,95.2
pions__webrtc,50,21,syft,32,32,0,18,78.0,75.6,21,11,0,79.2,79.2
pions__webrtc,50,21,trivy,28,28,0,22,71.8,69.2,21,7,0,85.7,85.7
pions__webrtc,50,21,cdxgen,21,21,0,29,59.2,59.2,21,0,0,100.0,100.0
pions__webrtc,50,21,cyclonedx-gomod,21,21,0,29,59.2,59.2,21,0,0,100.0,100.0
pioz__countries,6,1,syft,5,5,0,1,90.9,90.9,1,4,0,33.3,33.3
pioz__countries,6,1,trivy,4,4,0,2,80.0,80.0,1,3,0,40.0,40.0
pioz__countries,6,1,cdxgen,1,1,0,5,28.6,28.6,1,0,0,100.0,100.0
pioz__countries,6,1,cyclonedx-gomod,1,1,0,5,28.6,28.6,1,0,0,100.0,100.0
pipe-cd__pipecd,553,172,syft,266,249,17,304,60.8,52.0,172,94,0,78.5,68.5
pipe-cd__pipecd,553,172,trivy,223,206,17,347,53.1,48.5,172,51,0,87.1,80.5
pipe-cd__pipecd,553,172,cdxgen,178,173,5,380,47.3,46.5,172,6,0,98.3,96.6
pipe-cd__pipecd,553,172,cyclonedx-gomod,173,173,0,380,47.7,47.7,170,3,2,98.6,98.6
pixie-labs__pixie,647,261,syft,334,325,9,322,66.3,62.2,261,73,0,87.7,79.0
pixie-labs__pixie,647,261,trivy,289,288,1,359,61.5,59.8,260,29,1,94.5,87.6
pixie-labs__pixie,647,261,cdxgen,261,261,0,386,57.5,53.1,261,0,0,100.0,96.6
pixie-labs__pixie,647,261,cyclonedx-gomod,280,279,1,368,60.2,60.2,259,21,2,95.7,91.7
pkg__profile,13,2,syft,7,7,0,6,70.0,70.0,2,5,0,44.4,44.4
pkg__profile,13,2,trivy,13,13,0,0,100.0,100.0,2,11,0,26.7,26.7
pkg__profile,13,2,cdxgen,2,2,0,11,26.7,26.7,2,0,0,100.0,100.0
pkg__profile,13,2,cyclonedx-gomod,2,2,0,11,26.7,26.7,2,0,0,100.0,100.0
pkg__sftp,12,2,syft,9,9,0,3,85.7,85.7,2,7,0,36.4,36.4
pkg__sftp,12,2,trivy,7,7,0,5,73.7,73.7,2,5,0,44.4,44.4
pkg__sftp,12,2,cdxgen,2,2,0,10,28.6,28.6,2,0,0,100.0,100.0
pkg__sftp,12,2,cyclonedx-gomod,3,3,0,9,40.0,40.0,2,1,0,80.0,80.0
plandem__xlsx,6,1,syft,5,5,0,1,90.9,90.9,1,4,0,33.3,33.3
plandem__xlsx,6,1,trivy,6,6,0,0,100.0,100.0,1,5,0,28.6,28.6
plandem__xlsx,6,1,cdxgen,1,1,0,5,28.6,28.6,1,0,0,100.0,100.0
plandem__xlsx,6,1,cyclonedx-gomod,1,1,0,5,28.6,28.6,1,0,0,100.0,100.0
pocketbase__pocketbase,76,38,syft,62,62,0,14,89.9,88.4,38,24,0,76.0,74.0
pocketbase__pocketbase,76,38,trivy,40,40,0,36,69.0,67.2,38,2,0,97.4,94.9
pocketbase__pocketbase,76,38,cdxgen,38,38,0,38,66.7,64.9,38,0,0,100.0,97.4
pocketbase__pocketbase,76,38,cyclonedx-gomod,40,40,0,36,69.0,69.0,38,2,0,97.4,97.4
pokanop__nostromo,327,54,syft,66,66,0,261,33.6,33.6,54,12,0,90.0,90.0
pokanop__nostromo,327,54,trivy,327,327,0,0,100.0,98.8,54,273,0,28.3,28.3
pokanop__nostromo,327,54,cdxgen,54,54,0,273,28.3,28.3,54,0,0,100.0,100.0
pokanop__nostromo,327,54,cyclonedx-gomod,57,57,0,270,29.7,29.7,54,3,0,97.3,97.3
posener__cmd,12,5,syft,10,10,0,2,90.9,90.9,5,5,0,66.7,66.7
posener__cmd,12,5,trivy,12,12,0,0,100.0,100.0,5,7,0,58.8,58.8
posener__cmd,12,5,cdxgen,5,5,0,7,58.8,58.8,5,0,0,100.0,100.0
posener__cmd,12,5,cyclonedx-gomod,5,5,0,7,58.8,58.8,5,0,0,100.0,100.0
posener__complete,8,2,syft,7,7,0,1,93.3,93.3,2,5,0,44.4,44.4
posener__complete,8,2,trivy,8,8,0,0,100.0,100.0,2,6,0,40.0,40.0
posener__complete,8,2,cdxgen,2,2,0,6,40.0,40.0,2,0,0,100.0,100.0
posener__complete,8,2,cyclonedx-gomod,2,2,0,6,40.0,40.0,2,0,0,100.0,100.0
posener__wstest,7,1,syft,6,6,0,1,92.3,92.3,1,5,0,28.6,28.6
posener__wstest,7,1,trivy,7,7,0,0,100.0,100.0,1,6,0,25.0,25.0
posener__wstest,7,1,cdxgen,1,1,0,6,25.0,25.0,1,0,0,100.0,100.0
posener__wstest,7,1,cyclonedx-gomod,1,1,0,6,25.0,25.0,1,0,0,100.0,100.0
prashantgupta24__activity-tracker,38,18,syft,31,31,0,7,89.9,87.0,18,13,0,73.5,73.5
prashantgupta24__activity-tracker,38,18,trivy,30,30,0,8,88.2,85.3,18,12,0,75.0,75.0
prashantgupta24__activity-tracker,38,18,cdxgen,18,18,0,20,64.3,64.3,18,0,0,100.0,100.0
prashantgupta24__activity-tracker,38,18,cyclonedx-gomod,25,25,0,13,79.4,79.4,18,7,0,83.7,83.7
prashantgupta24__firewalld-rest,2,2,syft,2,2,0,0,100.0,50.0,2,0,0,100.0,50.0
prashantgupta24__firewalld-rest,2,2,trivy,2,2,0,0,100.0,50.0,2,0,0,100.0,50.0
prashantgupta24__firewalld-rest,2,2,cdxgen,2,2,0,0,100.0,50.0,2,0,0,100.0,50.0
prashantgupta24__firewalld-rest,2,2,cyclonedx-gomod,2,2,0,0,100.0,100.0,2,0,0,100.0,100.0
prashantgupta24__go-clip,47,21,syft,28,28,0,19,74.7,74.7,21,7,0,85.7,85.7
prashantgupta24__go-clip,47,21,trivy,47,47,0,0,100.0,100.0,21,26,0,61.8,61.8
prashantgupta24__go-clip,47,21,cdxgen,5,5,0,42,19.2,19.2,4,1,17,30.8,30.8
prashantgupta24__go-clip,47,21,cyclonedx-gomod,22,22,0,25,63.8,63.8,21,1,0,97.7,97.7
presbrey__go-multiproxy,13,2,syft,8,8,0,5,76.2,76.2,2,6,0,40.0,40.0
presbrey__go-multiproxy,13,2,trivy,7,7,0,6,70.0,70.0,2,5,0,44.4,44.4
presbrey__go-multiproxy,13,2,cdxgen,2,2,0,11,26.7,26.7,2,0,0,100.0,100.0
presbrey__go-multiproxy,13,2,cyclonedx-gomod,2,2,0,11,26.7,26.7,2,0,0,100.0,100.0
presbrey__ollamafarm,64,1,syft,6,6,0,58,17.1,17.1,1,5,0,28.6,28.6
presbrey__ollamafarm,64,1,trivy,64,64,0,0,100.0,98.4,1,63,0,3.1,3.1
presbrey__ollamafarm,64,1,cdxgen,1,1,0,63,3.1,3.1,1,0,0,100.0,100.0
presbrey__ollamafarm,64,1,cyclonedx-gomod,1,1,0,63,3.1,3.1,1,0,0,100.0,100.0
preslavmihaylov__todocheck,11,8,syft,9,9,0,2,90.0,90.0,8,1,0,94.1,94.1
preslavmihaylov__todocheck,11,8,trivy,8,8,0,3,84.2,84.2,8,0,0,100.0,100.0
preslavmihaylov__todocheck,11,8,cdxgen,8,8,0,3,84.2,84.2,8,0,0,100.0,100.0
preslavmihaylov__todocheck,11,8,cyclonedx-gomod,8,8,0,3,84.2,84.2,8,0,0,100.0,100.0
pressly__goose,208,75,syft,171,144,27,64,76.0,68.1,75,96,0,61.0,59.3
pressly__goose,208,75,trivy,129,104,25,104,61.7,54.6,75,54,0,73.5,73.5
pressly__goose,208,75,cdxgen,121,97,24,111,59.0,51.7,75,46,0,76.5,76.5
pressly__goose,208,75,cyclonedx-gomod,80,80,0,128,55.6,55.6,75,5,0,96.8,96.8
pressly__sup,12,5,syft,9,9,0,3,85.7,85.7,5,4,0,71.4,71.4
pressly__sup,12,5,trivy,12,12,0,0,100.0,100.0,5,7,0,58.8,58.8
pressly__sup,12,5,cdxgen,5,5,0,7,58.8,58.8,5,0,0,100.0,100.0
pressly__sup,12,5,cyclonedx-gomod,6,6,0,6,66.7,66.7,5,1,0,90.9,90.9
prest__prest,82,46,syft,61,61,0,21,85.3,85.3,46,15,0,86.0,86.0
prest__prest,82,46,trivy,51,51,0,31,76.7,76.7,46,5,0,94.8,94.8
prest__prest,82,46,cdxgen,46,46,0,36,71.9,71.9,46,0,0,100.0,100.0
prest__prest,82,46,cyclonedx-gomod,50,50,0,32,75.8,75.8,46,4,0,95.8,95.8
primetalk__goio,13,3,syft,8,8,0,5,76.2,76.2,3,5,0,54.5,54.5
primetalk__goio,13,3,trivy,7,7,0,6,70.0,70.0,3,4,0,60.0,60.0
primetalk__goio,13,3,cdxgen,3,3,0,10,37.5,37.5,3,0,0,100.0,100.0
primetalk__goio,13,3,cyclonedx-gomod,3,3,0,10,37.5,37.5,3,0,0,100.0,100.0
progrium__darwinkit,1,1,syft,1,1,0,0,100.0,100.0,1,0,0,100.0,100.0
progrium__darwinkit,1,1,trivy,1,1,0,0,100.0,100.0,1,0,0,100.0,100.0
progrium__darwinkit,1,1,cdxgen,1,1,0,0,100.0,100.0,1,0,0,100.0,100.0
progrium__darwinkit,1,1,cyclonedx-gomod,1,1,0,0,100.0,100.0,1,0,0,100.0,100.0
psampaz__go-mod-outdated,3,3,syft,3,3,0,0,100.0,100.0,3,0,0,100.0,100.0
psampaz__go-mod-outdated,3,3,trivy,3,3,0,0,100.0,100.0,3,0,0,100.0,100.0
psampaz__go-mod-outdated,3,3,cdxgen,3,3,0,0,100.0,100.0,3,0,0,100.0,100.0
psampaz__go-mod-outdated,3,3,cyclonedx-gomod,3,3,0,0,100.0,100.0,3,0,0,100.0,100.0
psampaz__gothanks,32,5,syft,13,13,0,19,57.8,57.8,5,8,0,55.6,55.6
psampaz__gothanks,32,5,trivy,32,32,0,0,100.0,100.0,5,27,0,27.0,27.0
psampaz__gothanks,32,5,cdxgen,5,5,0,27,27.0,27.0,5,0,0,100.0,100.0
psampaz__gothanks,32,5,cyclonedx-gomod,9,9,0,23,43.9,43.9,5,4,0,71.4,71.4
pterm__pterm,36,12,syft,22,22,0,14,75.9,75.9,12,10,0,70.6,70.6
pterm__pterm,36,12,trivy,18,18,0,18,66.7,66.7,12,6,0,80.0,80.0
pterm__pterm,36,12,cdxgen,12,12,0,24,50.0,50.0,12,0,0,100.0,100.0
pterm__pterm,36,12,cyclonedx-gomod,12,12,0,24,50.0,50.0,12,0,0,100.0,100.0
pupizoid__ormlite,7,4,syft,7,7,0,0,100.0,100.0,4,3,0,72.7,72.7
pupizoid__ormlite,7,4,trivy,7,7,0,0,100.0,100.0,4,3,0,72.7,72.7
pupizoid__ormlite,7,4,cdxgen,4,4,0,3,72.7,72.7,4,0,0,100.0,100.0
pupizoid__ormlite,7,4,cyclonedx-gomod,4,4,0,3,72.7,72.7,4,0,0,100.0,100.0
qiniu__goc,492,42,syft,70,62,8,430,22.1,21.4,42,28,0,75.0,73.2
qiniu__goc,492,42,trivy,500,492,8,0,99.2,95.0,42,458,0,15.5,15.1
qiniu__goc,492,42,cdxgen,53,45,8,447,16.5,16.1,42,11,0,88.4,86.3
qiniu__goc,492,42,cyclonedx-gomod,47,47,0,445,17.4,17.4,41,6,1,92.1,92.1
qiniu__qmgo,32,16,syft,24,24,0,8,85.7,85.7,16,8,0,80.0,80.0
qiniu__qmgo,32,16,trivy,32,32,0,0,100.0,100.0,16,16,0,66.7,66.7
qiniu__qmgo,32,16,cdxgen,16,16,0,16,66.7,66.7,16,0,0,100.0,100.0
qiniu__qmgo,32,16,cyclonedx-gomod,16,16,0,16,66.7,66.7,16,0,0,100.0,100.0
quii__learn-go-with-tests,3,2,syft,3,3,0,0,100.0,100.0,2,1,0,80.0,80.0
quii__learn-go-with-tests,3,2,trivy,3,3,0,0,100.0,100.0,2,1,0,80.0,80.0
quii__learn-go-with-tests,3,2,cdxgen,2,2,0,1,80.0,80.0,2,0,0,100.0,100.0
quii__learn-go-with-tests,3,2,cyclonedx-gomod,2,2,0,1,80.0,80.0,2,0,0,100.0,100.0
qustavo__sqlhooks,20,2,syft,10,10,0,10,66.7,66.7,2,8,0,33.3,33.3
qustavo__sqlhooks,20,2,trivy,20,20,0,0,100.0,100.0,2,18,0,18.2,18.2
qustavo__sqlhooks,20,2,cdxgen,2,2,0,18,18.2,18.2,2,0,0,100.0,100.0
qustavo__sqlhooks,20,2,cyclonedx-gomod,2,2,0,18,18.2,18.2,2,0,0,100.0,100.0
qvcloud__broker,267,75,syft,105,105,0,162,56.5,55.4,75,30,0,83.3,82.2
qvcloud__broker,267,75,trivy,83,83,0,184,47.4,46.9,75,8,0,94.9,93.7
qvcloud__broker,267,75,cdxgen,75,75,0,192,43.9,43.3,75,0,0,100.0,98.7
qvcloud__broker,267,75,cyclonedx-gomod,77,77,0,190,44.8,44.8,74,3,1,97.4,97.4
rafaelespinoza__godfish,68,24,syft,57,57,0,11,91.2,91.2,24,33,0,59.3,59.3
rafaelespinoza__godfish,68,24,trivy,26,26,0,42,55.3,55.3,24,2,0,96.0,96.0
rafaelespinoza__godfish,68,24,cdxgen,24,24,0,44,52.2,52.2,24,0,0,100.0,100.0
rafaelespinoza__godfish,68,24,cyclonedx-gomod,26,26,0,42,55.3,55.3,24,2,0,96.0,96.0
rainu__go-command-chain,22,1,syft,12,12,0,10,70.6,70.6,1,11,0,15.4,15.4
rainu__go-command-chain,22,1,trivy,6,6,0,16,42.9,42.9,1,5,0,28.6,28.6
rainu__go-command-chain,22,1,cdxgen,1,1,0,21,8.7,8.7,1,0,0,100.0,100.0
rainu__go-command-chain,22,1,cyclonedx-gomod,1,1,0,21,8.7,8.7,1,0,0,100.0,100.0
rakyll__hey,8,2,syft,2,2,0,6,40.0,40.0,2,0,0,100.0,100.0
rakyll__hey,8,2,trivy,2,2,0,6,40.0,40.0,2,0,0,100.0,100.0
rakyll__hey,8,2,cdxgen,2,2,0,6,40.0,40.0,2,0,0,100.0,100.0
rakyll__hey,8,2,cyclonedx-gomod,2,2,0,6,40.0,40.0,2,0,0,100.0,100.0
rapito__go-spotify,135,21,syft,35,35,0,100,41.2,40.0,21,14,0,75.0,75.0
rapito__go-spotify,135,21,trivy,27,27,0,108,33.3,33.3,21,6,0,87.5,87.5
rapito__go-spotify,135,21,cdxgen,21,21,0,114,26.9,26.9,21,0,0,100.0,100.0
rapito__go-spotify,135,21,cyclonedx-gomod,21,21,0,114,26.9,26.9,21,0,0,100.0,100.0
raszia__gotiny,1,1,syft,1,1,0,0,100.0,100.0,1,0,0,100.0,100.0
raszia__gotiny,1,1,trivy,1,1,0,0,100.0,100.0,1,0,0,100.0,100.0
raszia__gotiny,1,1,cdxgen,1,1,0,0,100.0,100.0,1,0,0,100.0,100.0
raszia__gotiny,1,1,cyclonedx-gomod,1,1,0,0,100.0,100.0,1,0,0,100.0,100.0
raviqqe__muffet,35,17,syft,27,27,0,8,87.1,83.9,17,10,0,77.3,77.3
raviqqe__muffet,35,17,trivy,25,25,0,10,83.3,80.0,17,8,0,81.0,81.0
raviqqe__muffet,35,17,cdxgen,17,17,0,18,65.4,65.4,17,0,0,100.0,100.0
raviqqe__muffet,35,17,cyclonedx-gomod,17,17,0,18,65.4,65.4,17,0,0,100.0,100.0
reaganiwadha__grapher,26,1,syft,18,18,0,8,81.8,77.3,1,17,0,10.5,10.5
reaganiwadha__grapher,26,1,trivy,13,13,0,13,66.7,61.5,1,12,0,14.3,14.3
reaganiwadha__grapher,26,1,cdxgen,1,1,0,25,7.4,7.4,1,0,0,100.0,100.0
reaganiwadha__grapher,26,1,cyclonedx-gomod,1,1,0,25,7.4,7.4,1,0,0,100.0,100.0
recolude__unitpacking,9,2,syft,7,7,0,2,87.5,87.5,2,5,0,44.4,44.4
recolude__unitpacking,9,2,trivy,9,9,0,0,100.0,100.0,2,7,0,36.4,36.4
recolude__unitpacking,9,2,cdxgen,2,2,0,7,36.4,36.4,2,0,0,100.0,100.0
recolude__unitpacking,9,2,cyclonedx-gomod,2,2,0,7,36.4,36.4,2,0,0,100.0,100.0
redis__go-redis,11,4,syft,81,11,70,0,23.9,21.7,4,77,0,9.4,9.4
redis__go-redis,11,4,trivy,71,8,63,3,19.5,19.5,4,67,0,10.7,10.7
redis__go-redis,11,4,cdxgen,51,6,45,5,19.4,16.1,4,47,0,14.5,14.5
redis__go-redis,11,4,cyclonedx-gomod,5,5,0,6,62.5,62.5,4,1,0,88.9,88.9
reedom__convergen,15,4,syft,10,10,0,5,80.0,80.0,4,6,0,57.1,57.1
reedom__convergen,15,4,trivy,9,9,0,6,75.0,75.0,4,5,0,61.5,61.5
reedom__convergen,15,4,cdxgen,4,4,0,11,42.1,42.1,4,0,0,100.0,100.0
reedom__convergen,15,4,cyclonedx-gomod,4,4,0,11,42.1,42.1,4,0,0,100.0,100.0
reeflective__console,33,11,syft,20,20,0,13,75.5,75.5,11,9,0,71.0,71.0
reeflective__console,33,11,trivy,13,13,0,20,56.5,56.5,11,2,0,91.7,91.7
reeflective__console,33,11,cdxgen,11,11,0,22,50.0,50.0,11,0,0,100.0,100.0
reeflective__console,33,11,cyclonedx-gomod,12,12,0,21,53.3,53.3,11,1,0,95.7,95.7
reeflective__readline,12,2,syft,8,8,0,4,80.0,80.0,2,6,0,40.0,40.0
reeflective__readline,12,2,trivy,8,8,0,4,80.0,80.0,2,6,0,40.0,40.0
reeflective__readline,12,2,cdxgen,2,2,0,10,28.6,28.6,2,0,0,100.0,100.0
reeflective__readline,12,2,cyclonedx-gomod,2,2,0,10,28.6,28.6,2,0,0,100.0,100.0
rekby__fastuuid,7,1,syft,15,6,9,1,54.5,54.5,1,14,0,12.5,12.5
rekby__fastuuid,7,1,trivy,13,6,7,1,60.0,50.0,1,12,0,14.3,14.3
rekby__fastuuid,7,1,cdxgen,1,1,0,6,25.0,25.0,1,0,0,100.0,100.0
rekby__fastuuid,7,1,cyclonedx-gomod,1,1,0,6,25.0,25.0,1,0,0,100.0,100.0
rekby__lets-proxy2,124,43,syft,52,52,0,72,59.1,59.1,43,9,0,90.5,90.5
rekby__lets-proxy2,124,43,trivy,45,45,0,79,53.3,53.3,43,2,0,97.7,97.7
rekby__lets-proxy2,124,43,cdxgen,45,45,0,79,53.3,53.3,43,2,0,97.7,97.7
rekby__lets-proxy2,124,43,cyclonedx-gomod,45,45,0,79,53.3,53.3,43,2,0,97.7,97.7
rekurt__go-propisyu,7,1,syft,6,6,0,1,92.3,92.3,1,5,0,28.6,28.6
rekurt__go-propisyu,7,1,trivy,5,5,0,2,83.3,83.3,1,4,0,33.3,33.3
rekurt__go-propisyu,7,1,cdxgen,1,1,0,6,25.0,25.0,1,0,0,100.0,100.0
rekurt__go-propisyu,7,1,cyclonedx-gomod,1,1,0,6,25.0,25.0,1,0,0,100.0,100.0
rekurt__ymsdk,8,2,syft,7,7,0,1,93.3,93.3,2,5,0,44.4,44.4
rekurt__ymsdk,8,2,trivy,2,2,0,6,40.0,40.0,2,0,0,100.0,100.0
rekurt__ymsdk,8,2,cdxgen,2,2,0,6,40.0,40.0,2,0,0,100.0,100.0
rekurt__ymsdk,8,2,cyclonedx-gomod,2,2,0,6,40.0,40.0,2,0,0,100.0,100.0
restic__restic,283,85,syft,121,121,0,162,59.9,59.9,85,36,0,82.5,82.5
restic__restic,283,85,trivy,93,93,0,190,49.5,49.5,85,8,0,95.5,95.5
restic__restic,283,85,cdxgen,85,85,0,198,46.2,46.2,85,0,0,100.0,100.0
restic__restic,283,85,cyclonedx-gomod,92,92,0,191,49.1,49.1,85,7,0,96.0,96.0
reugn__wifiqr,13,5,syft,9,9,0,4,81.8,81.8,5,4,0,71.4,71.4
reugn__wifiqr,13,5,trivy,7,7,0,6,70.0,70.0,5,2,0,83.3,83.3
reugn__wifiqr,13,5,cdxgen,5,5,0,8,55.6,55.6,5,0,0,100.0,100.0
reugn__wifiqr,13,5,cyclonedx-gomod,7,7,0,6,70.0,70.0,5,2,0,83.3,83.3
revel__revel,27,17,syft,24,24,0,3,94.1,86.3,17,7,0,82.9,73.2
revel__revel,27,17,trivy,23,23,0,4,92.0,84.0,17,6,0,85.0,75.0
revel__revel,27,17,cdxgen,17,17,0,10,77.3,68.2,17,0,0,100.0,88.2
revel__revel,27,17,cyclonedx-gomod,17,17,0,10,77.3,77.3,17,0,0,100.0,100.0
richardwilkes__unison,35,16,syft,27,27,0,8,87.1,83.9,16,11,0,74.4,69.8
richardwilkes__unison,35,16,trivy,24,24,0,11,81.4,78.0,16,8,0,80.0,75.0
richardwilkes__unison,35,16,cdxgen,16,16,0,19,62.7,58.8,16,0,0,100.0,93.8
richardwilkes__unison,35,16,cyclonedx-gomod,21,21,0,14,75.0,75.0,16,5,0,86.5,86.5
rickb777__date,10,4,syft,7,7,0,3,82.4,82.4,4,3,0,72.7,72.7
rickb777__date,10,4,trivy,5,5,0,5,66.7,66.7,4,1,0,88.9,88.9
rickb777__date,10,4,cdxgen,4,4,0,6,57.1,57.1,4,0,0,100.0,100.0
rickb777__date,10,4,cyclonedx-gomod,5,5,0,5,66.7,66.7,4,1,0,88.9,88.9
rinchsan__device-check-go,6,2,syft,5,5,0,1,90.9,90.9,2,3,0,57.1,57.1
rinchsan__device-check-go,6,2,trivy,6,6,0,0,100.0,100.0,2,4,0,50.0,50.0
rinchsan__device-check-go,6,2,cdxgen,2,2,0,4,50.0,50.0,2,0,0,100.0,100.0
rinchsan__device-check-go,6,2,cyclonedx-gomod,2,2,0,4,50.0,50.0,2,0,0,100.0,100.0
rjeczalik__interfaces,6,1,syft,1,1,0,5,28.6,28.6,1,0,0,100.0,100.0
rjeczalik__interfaces,6,1,trivy,6,6,0,0,100.0,100.0,1,5,0,28.6,28.6
rjeczalik__interfaces,6,1,cdxgen,1,1,0,5,28.6,28.6,1,0,0,100.0,100.0
rjeczalik__interfaces,6,1,cyclonedx-gomod,1,1,0,5,28.6,28.6,1,0,0,100.0,100.0
rjeczalik__notify,1,1,syft,1,1,0,0,100.0,100.0,1,0,0,100.0,100.0
rjeczalik__notify,1,1,trivy,1,1,0,0,100.0,100.0,1,0,0,100.0,100.0
rjeczalik__notify,1,1,cdxgen,1,1,0,0,100.0,100.0,1,0,0,100.0,100.0
rjeczalik__notify,1,1,cyclonedx-gomod,1,1,0,0,100.0,100.0,1,0,0,100.0,100.0
robfig__soy,25,4,syft,15,15,0,10,75.0,75.0,4,11,0,42.1,42.1
robfig__soy,25,4,trivy,25,25,0,0,100.0,100.0,4,21,0,27.6,27.6
robfig__soy,25,4,cdxgen,4,4,0,21,27.6,27.6,4,0,0,100.0,100.0
robfig__soy,25,4,cyclonedx-gomod,4,4,0,21,27.6,27.6,4,0,0,100.0,100.0
robinjoseph08__go-pg-migrations,74,11,syft,44,44,0,30,74.6,74.6,11,33,0,40.0,40.0
robinjoseph08__go-pg-migrations,74,11,trivy,32,32,0,42,60.4,60.4,11,21,0,51.2,51.2
robinjoseph08__go-pg-migrations,74,11,cdxgen,11,11,0,63,25.9,25.9,11,0,0,100.0,100.0
robinjoseph08__go-pg-migrations,74,11,cyclonedx-gomod,28,28,0,46,54.9,54.9,11,17,0,56.4,56.4
robinjoseph08__redisqueue,40,2,syft,30,30,0,10,85.7,85.7,2,28,0,12.5,12.5
robinjoseph08__redisqueue,40,2,trivy,40,40,0,0,100.0,100.0,2,38,0,9.5,9.5
robinjoseph08__redisqueue,40,2,cdxgen,2,2,0,38,9.5,9.5,2,0,0,100.0,100.0
robinjoseph08__redisqueue,40,2,cyclonedx-gomod,17,17,0,23,59.6,59.6,2,15,0,21.1,21.1
roblillack__spot,3,1,syft,2,2,0,1,80.0,80.0,1,1,0,66.7,66.7
roblillack__spot,3,1,trivy,2,2,0,1,80.0,80.0,1,1,0,66.7,66.7
roblillack__spot,3,1,cdxgen,1,1,0,2,50.0,50.0,1,0,0,100.0,100.0
roblillack__spot,3,1,cyclonedx-gomod,1,1,0,2,50.0,50.0,1,0,0,100.0,100.0
rocketlaunchr__dataframe-go,197,45,syft,74,74,0,123,54.6,50.2,45,29,0,75.6,72.3
rocketlaunchr__dataframe-go,197,45,trivy,197,197,0,0,100.0,94.9,45,152,0,37.2,35.5
rocketlaunchr__dataframe-go,197,45,cdxgen,45,45,0,152,37.2,35.5,45,0,0,100.0,95.6
rocketlaunchr__dataframe-go,197,45,cyclonedx-gomod,44,44,0,153,36.5,36.5,44,0,1,98.9,98.9
rocketlaunchr__dbq,77,5,syft,37,35,2,42,61.4,52.6,5,32,0,23.8,23.8
rocketlaunchr__dbq,77,5,trivy,79,77,2,0,98.7,91.0,5,74,0,11.9,11.9
rocketlaunchr__dbq,77,5,cdxgen,6,5,1,72,12.0,12.0,5,1,0,90.9,90.9
rocketlaunchr__dbq,77,5,cyclonedx-gomod,5,5,0,72,12.2,12.2,5,0,0,100.0,100.0
rogerwelin__cassowary,133,33,syft,44,44,0,89,49.7,49.7,33,11,0,85.7,85.7
rogerwelin__cassowary,133,33,trivy,33,33,0,100,39.8,39.8,33,0,0,100.0,100.0
rogerwelin__cassowary,133,33,cdxgen,33,33,0,100,39.8,39.8,33,0,0,100.0,100.0
rogerwelin__cassowary,133,33,cyclonedx-gomod,33,33,0,100,39.8,39.8,33,0,0,100.0,100.0
romshark__sched,15,3,syft,9,9,0,6,75.0,75.0,3,6,0,50.0,50.0
romshark__sched,15,3,trivy,7,7,0,8,63.6,63.6,3,4,0,60.0,60.0
romshark__sched,15,3,cdxgen,3,3,0,12,33.3,33.3,3,0,0,100.0,100.0
romshark__sched,15,3,cyclonedx-gomod,3,3,0,12,33.3,33.3,3,0,0,100.0,100.0
romshark__yamagiconf,27,9,syft,18,18,0,9,80.0,80.0,9,9,0,66.7,66.7
romshark__yamagiconf,27,9,trivy,16,16,0,11,74.4,74.4,9,7,0,72.0,72.0
romshark__yamagiconf,27,9,cdxgen,9,9,0,18,50.0,50.0,9,0,0,100.0,100.0
romshark__yamagiconf,27,9,cyclonedx-gomod,9,9,0,18,50.0,50.0,9,0,0,100.0,100.0
rookie-ninja__rk-boot,168,34,syft,210,84,126,84,44.4,43.4,34,176,0,27.9,27.9
rookie-ninja__rk-boot,168,34,trivy,183,75,108,93,42.7,42.2,34,149,0,31.3,31.3
rookie-ninja__rk-boot,168,34,cdxgen,0,0,0,168,0.0,0.0,0,0,34,0.0,0.0
rookie-ninja__rk-boot,168,34,cyclonedx-gomod,37,37,0,131,36.1,36.1,34,3,0,95.8,95.8
rookie-ninja__rk-gin,212,67,syft,91,91,0,121,60.1,60.1,67,24,0,84.8,84.8
rookie-ninja__rk-gin,212,67,trivy,82,82,0,130,55.8,55.8,67,15,0,89.9,89.9
rookie-ninja__rk-gin,212,67,cdxgen,67,67,0,145,48.0,48.0,67,0,0,100.0,100.0
rookie-ninja__rk-gin,212,67,cyclonedx-gomod,79,79,0,133,54.3,54.3,67,12,0,91.8,91.8
rookie-ninja__rk-grpc,431,61,syft,91,90,1,341,34.5,34.5,61,30,0,80.3,80.3
rookie-ninja__rk-grpc,431,61,trivy,70,69,1,362,27.5,27.5,61,9,0,93.1,93.1
rookie-ninja__rk-grpc,431,61,cdxgen,61,61,0,370,24.8,24.8,61,0,0,100.0,100.0
rookie-ninja__rk-grpc,431,61,cyclonedx-gomod,64,64,0,367,25.9,25.9,60,4,1,96.0,96.0
root-gg__plik,348,113,syft,140,140,0,208,57.4,57.4,113,27,0,89.3,89.3
root-gg__plik,348,113,trivy,117,117,0,231,50.3,50.3,113,4,0,98.3,98.3
root-gg__plik,348,113,cdxgen,117,117,0,231,50.3,50.3,113,4,0,98.3,98.3
root-gg__plik,348,113,cyclonedx-gomod,115,115,0,233,49.7,49.7,113,2,0,99.1,99.1
roseduan__rosedb,17,6,syft,14,14,0,3,90.3,90.3,6,8,0,60.0,60.0
roseduan__rosedb,17,6,trivy,13,13,0,4,86.7,86.7,6,7,0,63.2,63.2
roseduan__rosedb,17,6,cdxgen,6,6,0,11,52.2,52.2,6,0,0,100.0,100.0
roseduan__rosedb,17,6,cyclonedx-gomod,7,7,0,10,58.3,58.3,6,1,0,92.3,92.3
rqlite__rqlite,206,70,syft,101,100,1,106,65.1,64.5,68,33,2,79.5,78.4
rqlite__rqlite,206,70,trivy,70,69,1,137,50.0,49.3,68,2,2,97.1,95.7
rqlite__rqlite,206,70,cdxgen,70,70,0,136,50.7,49.3,70,0,0,100.0,100.0
rqlite__rqlite,206,70,cyclonedx-gomod,68,67,1,139,48.9,48.2,66,2,4,95.7,94.2
rs__zerolog,7,6,syft,10,6,4,1,70.6,58.8,6,4,0,75.0,62.5
rs__zerolog,7,6,trivy,16,6,10,1,52.2,43.5,6,10,0,54.5,45.5
rs__zerolog,7,6,cdxgen,7,6,1,1,85.7,85.7,6,1,0,92.3,92.3
rs__zerolog,7,6,cyclonedx-gomod,6,6,0,1,92.3,92.3,6,0,0,100.0,100.0
rsteube__carapace-bin,23,13,syft,18,16,2,7,78.0,78.0,11,7,2,71.0,71.0
rsteube__carapace-bin,23,13,trivy,14,12,2,11,64.9,64.9,11,3,2,81.5,81.5
rsteube__carapace-bin,23,13,cdxgen,13,13,0,10,72.2,61.1,13,0,0,100.0,100.0
rsteube__carapace-bin,23,13,cyclonedx-gomod,14,12,2,11,64.9,64.9,11,3,2,81.5,81.5
rubenv__sql-migrate,71,30,syft,47,47,0,24,79.7,79.7,30,17,0,77.9,77.9
rubenv__sql-migrate,71,30,trivy,40,40,0,31,72.1,72.1,30,10,0,85.7,85.7
rubenv__sql-migrate,71,30,cdxgen,30,30,0,41,59.4,59.4,30,0,0,100.0,100.0
rubenv__sql-migrate,71,30,cyclonedx-gomod,36,36,0,35,67.3,67.3,30,6,0,90.9,90.9
rubyist__circuitbreaker,3,2,syft,3,3,0,0,100.0,66.7,2,1,0,80.0,40.0
rubyist__circuitbreaker,3,2,trivy,3,3,0,0,100.0,66.7,2,1,0,80.0,40.0
rubyist__circuitbreaker,3,2,cdxgen,2,2,0,1,80.0,40.0,2,0,0,100.0,50.0
rubyist__circuitbreaker,3,2,cyclonedx-gomod,2,2,0,1,80.0,80.0,2,0,0,100.0,100.0
rueian__rueidis,37,1,syft,57,30,27,7,63.8,63.8,1,56,0,3.4,3.4
rueian__rueidis,37,1,trivy,38,16,22,21,42.7,42.7,1,37,0,5.1,5.1
rueian__rueidis,37,1,cdxgen,12,2,10,35,8.2,8.2,1,11,0,15.4,15.4
rueian__rueidis,37,1,cyclonedx-gomod,1,1,0,36,5.3,5.3,1,0,0,100.0,100.0
rulego__rulego,37,18,syft,266,26,240,11,17.2,12.5,18,248,0,12.7,9.9
rulego__rulego,37,18,trivy,251,22,229,15,15.3,11.1,18,233,0,13.4,10.4
rulego__rulego,37,18,cdxgen,34,19,15,18,53.5,47.9,18,16,0,69.2,65.4
rulego__rulego,37,18,cyclonedx-gomod,19,19,0,18,67.9,67.9,18,1,0,97.3,97.3
rulego__streamsql,7,1,syft,6,6,0,1,92.3,92.3,1,5,0,28.6,28.6
rulego__streamsql,7,1,trivy,5,5,0,2,83.3,83.3,1,4,0,33.3,33.3
rulego__streamsql,7,1,cdxgen,1,1,0,6,25.0,25.0,1,0,0,100.0,100.0
rulego__streamsql,7,1,cyclonedx-gomod,1,1,0,6,25.0,25.0,1,0,0,100.0,100.0
rushteam__gosql,2,1,syft,2,2,0,0,100.0,100.0,1,1,0,66.7,66.7
rushteam__gosql,2,1,trivy,2,2,0,0,100.0,100.0,1,1,0,66.7,66.7
rushteam__gosql,2,1,cdxgen,1,1,0,1,66.7,66.7,1,0,0,100.0,100.0
rushteam__gosql,2,1,cyclonedx-gomod,1,1,0,1,66.7,66.7,1,0,0,100.0,100.0
s0ders__go-semver-release,70,36,syft,56,56,0,14,88.9,88.9,36,20,0,78.3,78.3
s0ders__go-semver-release,70,36,trivy,42,42,0,28,75.0,75.0,36,6,0,92.3,92.3
s0ders__go-semver-release,70,36,cdxgen,36,36,0,34,67.9,67.9,36,0,0,100.0,100.0
s0ders__go-semver-release,70,36,cyclonedx-gomod,38,38,0,32,70.4,70.4,36,2,0,97.3,97.3
s0rg__crawley,9,4,syft,5,5,0,4,71.4,71.4,4,1,0,88.9,88.9
s0rg__crawley,9,4,trivy,9,9,0,0,100.0,100.0,4,5,0,61.5,61.5
s0rg__crawley,9,4,cdxgen,4,4,0,5,61.5,61.5,4,0,0,100.0,100.0
s0rg__crawley,9,4,cyclonedx-gomod,4,4,0,5,61.5,61.5,4,0,0,100.0,100.0
s0rg__decompose,69,26,syft,57,57,0,12,90.5,88.9,26,31,0,62.7,60.2
s0rg__decompose,69,26,trivy,35,35,0,34,67.3,65.4,26,9,0,85.2,82.0
s0rg__decompose,69,26,cdxgen,26,26,0,43,54.7,52.6,26,0,0,100.0,96.2
s0rg__decompose,69,26,cyclonedx-gomod,27,27,0,42,56.3,56.3,26,1,0,98.1,98.1
s0rg__fantasyname,4,1,syft,1,1,0,3,40.0,40.0,1,0,0,100.0,100.0
s0rg__fantasyname,4,1,trivy,4,4,0,0,100.0,100.0,1,3,0,40.0,40.0
s0rg__fantasyname,4,1,cdxgen,1,1,0,3,40.0,40.0,1,0,0,100.0,100.0
s0rg__fantasyname,4,1,cyclonedx-gomod,1,1,0,3,40.0,40.0,1,0,0,100.0,100.0
s0rg__grid,12,6,syft,6,6,0,6,66.7,66.7,6,0,0,100.0,100.0
s0rg__grid,12,6,trivy,6,6,0,6,66.7,66.7,6,0,0,100.0,100.0
s0rg__grid,12,6,cdxgen,6,6,0,6,66.7,66.7,6,0,0,100.0,100.0
s0rg__grid,12,6,cyclonedx-gomod,6,6,0,6,66.7,66.7,6,0,0,100.0,100.0
safedep__vet,1132,437,syft,573,572,1,560,67.1,65.9,437,136,0,86.5,85.0
safedep__vet,1132,437,trivy,480,479,1,653,59.4,58.4,437,43,0,95.3,93.6
safedep__vet,1132,437,cdxgen,437,437,0,695,55.7,54.7,437,0,0,100.0,98.2
safedep__vet,1132,437,cyclonedx-gomod,479,479,0,653,59.5,59.5,437,42,0,95.4,95.4
sagikazarmark__modern-go-application,289,82,syft,107,107,0,182,54.0,53.0,82,25,0,86.8,86.8
sagikazarmark__modern-go-application,289,82,trivy,90,90,0,199,47.5,47.5,82,8,0,95.3,95.3
sagikazarmark__modern-go-application,289,82,cdxgen,82,82,0,207,44.2,44.2,82,0,0,100.0,100.0
sagikazarmark__modern-go-application,289,82,cyclonedx-gomod,83,83,0,206,44.6,44.6,82,1,0,99.4,99.4
saivedant169__AegisFlow,164,68,syft,100,93,7,71,70.5,70.5,68,32,0,81.0,81.0
saivedant169__AegisFlow,164,68,trivy,78,71,7,93,58.7,58.7,68,10,0,93.2,93.2
saivedant169__AegisFlow,164,68,cdxgen,69,68,1,96,58.4,58.4,68,1,0,99.3,99.3
saivedant169__AegisFlow,164,68,cyclonedx-gomod,67,67,0,97,58.0,58.0,67,0,1,99.3,99.3
samber__lo,18,1,syft,11,10,1,8,69.0,69.0,1,10,0,16.7,16.7
samber__lo,18,1,trivy,11,10,1,8,69.0,69.0,1,10,0,16.7,16.7
samber__lo,18,1,cdxgen,1,1,0,17,10.5,10.5,1,0,0,100.0,100.0
samber__lo,18,1,cyclonedx-gomod,1,1,0,17,10.5,10.5,1,0,0,100.0,100.0
samber__mo,16,4,syft,9,9,0,7,72.0,72.0,4,5,0,61.5,61.5
samber__mo,16,4,trivy,8,8,0,8,66.7,66.7,4,4,0,66.7,66.7
samber__mo,16,4,cdxgen,4,4,0,12,40.0,40.0,4,0,0,100.0,100.0
samber__mo,16,4,cyclonedx-gomod,4,4,0,12,40.0,40.0,4,0,0,100.0,100.0
samber__slog-formatter,18,4,syft,13,13,0,5,83.9,83.9,4,9,0,47.1,47.1
samber__slog-formatter,18,4,trivy,11,11,0,7,75.9,75.9,4,7,0,53.3,53.3
samber__slog-formatter,18,4,cdxgen,4,4,0,14,36.4,36.4,4,0,0,100.0,100.0
samber__slog-formatter,18,4,cyclonedx-gomod,4,4,0,14,36.4,36.4,4,0,0,100.0,100.0
sanbornm__go-selfupdate,1,1,syft,1,1,0,0,100.0,100.0,1,0,0,100.0,100.0
sanbornm__go-selfupdate,1,1,trivy,1,1,0,0,100.0,100.0,1,0,0,100.0,100.0
sanbornm__go-selfupdate,1,1,cdxgen,1,1,0,0,100.0,100.0,1,0,0,100.0,100.0
sanbornm__go-selfupdate,1,1,cyclonedx-gomod,1,1,0,0,100.0,100.0,1,0,0,100.0,100.0
sashamelentyev__usestdlibvars,8,3,syft,4,4,0,4,66.7,66.7,3,1,0,85.7,85.7
sashamelentyev__usestdlibvars,8,3,trivy,3,3,0,5,54.5,54.5,3,0,0,100.0,100.0
sashamelentyev__usestdlibvars,8,3,cdxgen,3,3,0,5,54.5,54.5,3,0,0,100.0,100.0
sashamelentyev__usestdlibvars,8,3,cyclonedx-gomod,2,2,0,6,40.0,40.0,2,0,1,80.0,80.0
savsgio__atreugo,14,7,syft,10,10,0,4,83.3,83.3,7,3,0,82.4,82.4
savsgio__atreugo,14,7,trivy,9,9,0,5,78.3,78.3,7,2,0,87.5,87.5
savsgio__atreugo,14,7,cdxgen,7,7,0,7,66.7,66.7,7,0,0,100.0,100.0
savsgio__atreugo,14,7,cyclonedx-gomod,8,8,0,6,72.7,72.7,7,1,0,93.3,93.3
scaleway__scaleway-cli,651,199,syft,259,259,0,392,56.9,55.8,199,60,0,86.9,85.2
scaleway__scaleway-cli,651,199,trivy,217,217,0,434,50.0,48.8,199,18,0,95.7,93.7
scaleway__scaleway-cli,651,199,cdxgen,199,199,0,452,46.8,45.9,199,0,0,100.0,98.0
scaleway__scaleway-cli,651,199,cyclonedx-gomod,217,217,0,434,50.0,50.0,199,18,0,95.7,95.7
schollz__croc,48,25,syft,34,34,0,14,82.9,82.9,25,9,0,84.7,84.7
schollz__croc,48,25,trivy,29,29,0,19,75.3,75.3,25,4,0,92.6,92.6
schollz__croc,48,25,cdxgen,25,25,0,23,68.5,68.5,25,0,0,100.0,100.0
schollz__croc,48,25,cyclonedx-gomod,25,25,0,23,68.5,68.5,25,0,0,100.0,100.0
schollz__peerdiscovery,18,2,syft,13,8,5,10,51.6,32.3,2,11,0,26.7,0.0
schollz__peerdiscovery,18,2,trivy,25,18,7,0,83.7,51.2,2,23,0,14.8,0.0
schollz__peerdiscovery,18,2,cdxgen,6,3,3,15,25.0,16.7,2,4,0,50.0,50.0
schollz__peerdiscovery,18,2,cyclonedx-gomod,2,2,0,16,20.0,20.0,2,0,0,100.0,100.0
schollz__progressbar,14,5,syft,13,13,0,1,96.3,96.3,5,8,0,55.6,55.6
schollz__progressbar,14,5,trivy,12,12,0,2,92.3,92.3,5,7,0,58.8,58.8
schollz__progressbar,14,5,cdxgen,5,5,0,9,52.6,52.6,5,0,0,100.0,100.0
schollz__progressbar,14,5,cyclonedx-gomod,6,6,0,8,60.0,60.0,5,1,0,90.9,90.9
scigolib__matlab,7,1,syft,6,6,0,1,92.3,92.3,1,5,0,28.6,28.6
scigolib__matlab,7,1,trivy,5,5,0,2,83.3,83.3,1,4,0,33.3,33.3
scigolib__matlab,7,1,cdxgen,1,1,0,6,25.0,25.0,1,0,0,100.0,100.0
scigolib__matlab,7,1,cyclonedx-gomod,1,1,0,6,25.0,25.0,1,0,0,100.0,100.0
sdcoffey__techan,7,5,syft,6,6,0,1,92.3,92.3,5,1,0,90.9,90.9
sdcoffey__techan,7,5,trivy,5,5,0,2,83.3,83.3,5,0,0,100.0,100.0
sdcoffey__techan,7,5,cdxgen,5,5,0,2,83.3,83.3,5,0,0,100.0,100.0
sdcoffey__techan,7,5,cyclonedx-gomod,5,5,0,2,83.3,83.3,5,0,0,100.0,100.0
sdrapkin__guid,1,1,syft,1,1,0,0,100.0,100.0,1,0,0,100.0,100.0
sdrapkin__guid,1,1,trivy,1,1,0,0,100.0,100.0,1,0,0,100.0,100.0
sdrapkin__guid,1,1,cdxgen,1,1,0,0,100.0,100.0,1,0,0,100.0,100.0
sdrapkin__guid,1,1,cyclonedx-gomod,1,1,0,0,100.0,100.0,1,0,0,100.0,100.0
seborama__fuego,11,3,syft,9,9,0,2,90.0,90.0,3,6,0,50.0,50.0
seborama__fuego,11,3,trivy,7,7,0,4,77.8,77.8,3,4,0,60.0,60.0
seborama__fuego,11,3,cdxgen,3,3,0,8,42.9,42.9,3,0,0,100.0,100.0
seborama__fuego,11,3,cyclonedx-gomod,3,3,0,8,42.9,42.9,3,0,0,100.0,100.0
seborama__govcr,33,16,syft,29,29,0,4,93.5,93.5,16,13,0,71.1,71.1
seborama__govcr,33,16,trivy,28,28,0,5,91.8,91.8,16,12,0,72.7,72.7
seborama__govcr,33,16,cdxgen,16,16,0,17,65.3,65.3,16,0,0,100.0,100.0
seborama__govcr,33,16,cyclonedx-gomod,16,16,0,17,65.3,65.3,16,0,0,100.0,100.0
segmentio__golines,47,18,syft,31,31,0,16,79.5,79.5,18,13,0,73.5,73.5
segmentio__golines,47,18,trivy,24,24,0,23,67.6,67.6,18,6,0,85.7,85.7
segmentio__golines,47,18,cdxgen,18,18,0,29,55.4,55.4,18,0,0,100.0,100.0
segmentio__golines,47,18,cyclonedx-gomod,18,18,0,29,55.4,55.4,18,0,0,100.0,100.0
seiflotfy__count-min-log,1,1,syft,1,1,0,0,100.0,100.0,1,0,0,100.0,100.0
seiflotfy__count-min-log,1,1,trivy,1,1,0,0,100.0,100.0,1,0,0,100.0,100.0
seiflotfy__count-min-log,1,1,cdxgen,1,1,0,0,100.0,100.0,1,0,0,100.0,100.0
seiflotfy__count-min-log,1,1,cyclonedx-gomod,1,1,0,0,100.0,100.0,1,0,0,100.0,100.0
seiflotfy__cuckoofilter,7,1,syft,6,6,0,1,92.3,92.3,1,5,0,28.6,28.6
seiflotfy__cuckoofilter,7,1,trivy,7,7,0,0,100.0,100.0,1,6,0,25.0,25.0
seiflotfy__cuckoofilter,7,1,cdxgen,1,1,0,6,25.0,25.0,1,0,0,100.0,100.0
seiflotfy__cuckoofilter,7,1,cyclonedx-gomod,1,1,0,6,25.0,25.0,1,0,0,100.0,100.0
semihalev__sdns,111,64,syft,82,82,0,29,85.0,85.0,64,18,0,87.7,87.7
semihalev__sdns,111,64,trivy,70,70,0,41,77.3,77.3,64,6,0,95.5,95.5
semihalev__sdns,111,64,cdxgen,64,64,0,47,73.1,73.1,64,0,0,100.0,100.0
semihalev__sdns,111,64,cyclonedx-gomod,65,65,0,46,73.9,73.9,62,3,2,96.1,96.1
sensepost__gowitness,151,89,syft,125,125,0,26,90.6,90.6,89,36,0,83.2,83.2
sensepost__gowitness,151,89,trivy,94,94,0,57,76.7,76.7,89,5,0,97.3,97.3
sensepost__gowitness,151,89,cdxgen,89,89,0,62,74.2,74.2,89,0,0,100.0,100.0
sensepost__gowitness,151,89,cyclonedx-gomod,92,92,0,59,75.7,75.7,89,3,0,98.3,98.3
sgreben__flagvar,1,1,syft,1,1,0,0,100.0,100.0,1,0,0,100.0,100.0
sgreben__flagvar,1,1,trivy,1,1,0,0,100.0,100.0,1,0,0,100.0,100.0
sgreben__flagvar,1,1,cdxgen,1,1,0,0,100.0,100.0,1,0,0,100.0,100.0
sgreben__flagvar,1,1,cyclonedx-gomod,1,1,0,0,100.0,100.0,1,0,0,100.0,100.0
shabbyrobe__xmlwriter,2,1,syft,1,1,0,1,66.7,66.7,1,0,0,100.0,100.0
shabbyrobe__xmlwriter,2,1,trivy,2,2,0,0,100.0,100.0,1,1,0,66.7,66.7
shabbyrobe__xmlwriter,2,1,cdxgen,1,1,0,1,66.7,66.7,1,0,0,100.0,100.0
shabbyrobe__xmlwriter,2,1,cyclonedx-gomod,1,1,0,1,66.7,66.7,1,0,0,100.0,100.0
shaj13__go-guardian,94,19,syft,31,31,0,63,49.6,49.6,19,12,0,76.0,76.0
shaj13__go-guardian,94,19,trivy,94,94,0,0,100.0,98.9,19,75,0,33.6,33.6
shaj13__go-guardian,94,19,cdxgen,19,19,0,75,33.6,33.6,19,0,0,100.0,100.0
shaj13__go-guardian,94,19,cyclonedx-gomod,19,19,0,75,33.6,33.6,19,0,0,100.0,100.0
shenwei356__taxonkit,70,29,syft,42,42,0,28,75.0,71.4,29,13,0,81.7,78.9
shenwei356__taxonkit,70,29,trivy,34,34,0,36,65.4,63.5,29,5,0,92.1,88.9
shenwei356__taxonkit,70,29,cdxgen,29,29,0,41,58.6,56.6,29,0,0,100.0,96.6
shenwei356__taxonkit,70,29,cyclonedx-gomod,32,32,0,38,62.7,62.7,29,3,0,95.1,95.1
sherifabdlnaby__configuro,115,23,syft,115,115,0,0,100.0,96.5,23,92,0,33.3,31.9
sherifabdlnaby__configuro,115,23,trivy,115,115,0,0,100.0,96.5,23,92,0,33.3,31.9
sherifabdlnaby__configuro,115,23,cdxgen,23,23,0,92,33.3,31.9,23,0,0,100.0,95.7
sherifabdlnaby__configuro,115,23,cyclonedx-gomod,23,23,0,92,33.3,33.3,23,0,0,100.0,100.0
shinagawa-web__gomarklint,12,4,syft,5,5,0,7,58.8,58.8,4,1,0,88.9,88.9
shinagawa-web__gomarklint,12,4,trivy,5,5,0,7,58.8,58.8,4,1,0,88.9,88.9
shinagawa-web__gomarklint,12,4,cdxgen,4,4,0,8,50.0,50.0,4,0,0,100.0,100.0
shinagawa-web__gomarklint,12,4,cyclonedx-gomod,5,5,0,7,58.8,58.8,4,1,0,88.9,88.9
shirou__gopsutil,16,3,syft,14,14,0,2,93.3,93.3,3,11,0,35.3,35.3
shirou__gopsutil,16,3,trivy,13,13,0,3,89.7,89.7,3,10,0,37.5,37.5
shirou__gopsutil,16,3,cdxgen,3,3,0,13,31.6,31.6,3,0,0,100.0,100.0
shirou__gopsutil,16,3,cyclonedx-gomod,8,8,0,8,66.7,66.7,3,5,0,54.5,54.5
shomali11__gridder,10,3,syft,8,8,0,2,88.9,88.9,3,5,0,54.5,54.5
shomali11__gridder,10,3,trivy,10,10,0,0,100.0,100.0,3,7,0,46.2,46.2
shomali11__gridder,10,3,cdxgen,3,3,0,7,46.2,46.2,3,0,0,100.0,100.0
shomali11__gridder,10,3,cyclonedx-gomod,3,3,0,7,46.2,46.2,3,0,0,100.0,100.0
shomali11__util,4,1,syft,4,4,0,0,100.0,100.0,1,3,0,40.0,40.0
shomali11__util,4,1,trivy,4,4,0,0,100.0,100.0,1,3,0,40.0,40.0
shomali11__util,4,1,cdxgen,1,1,0,3,40.0,40.0,1,0,0,100.0,100.0
shomali11__util,4,1,cyclonedx-gomod,1,1,0,3,40.0,40.0,1,0,0,100.0,100.0
shomali11__xredis,6,2,syft,6,6,0,0,100.0,100.0,2,4,0,50.0,50.0
shomali11__xredis,6,2,trivy,6,6,0,0,100.0,100.0,2,4,0,50.0,50.0
shomali11__xredis,6,2,cdxgen,2,2,0,4,50.0,50.0,2,0,0,100.0,100.0
shomali11__xredis,6,2,cyclonedx-gomod,2,2,0,4,50.0,50.0,2,0,0,100.0,100.0
shoobyban__sshman,176,8,syft,17,17,0,159,17.6,17.6,8,9,0,64.0,64.0
shoobyban__sshman,176,8,trivy,176,176,0,0,100.0,98.3,8,168,0,8.7,8.7
shoobyban__sshman,176,8,cdxgen,8,8,0,168,8.7,8.7,5,3,3,62.5,62.5
shoobyban__sshman,176,8,cyclonedx-gomod,9,9,0,167,9.7,9.7,8,1,0,94.1,94.1
shopify__toxiproxy,52,21,syft,33,33,0,19,77.6,77.6,21,12,0,77.8,77.8
shopify__toxiproxy,52,21,trivy,22,22,0,30,59.5,59.5,21,1,0,97.7,97.7
shopify__toxiproxy,52,21,cdxgen,21,21,0,31,57.5,57.5,21,0,0,100.0,100.0
shopify__toxiproxy,52,21,cyclonedx-gomod,21,21,0,31,57.5,57.5,21,0,0,100.0,100.0
shoriwe__fullproxy,63,38,syft,50,50,0,13,88.5,86.7,38,12,0,86.4,86.4
shoriwe__fullproxy,63,38,trivy,41,41,0,22,78.8,78.8,38,3,0,96.2,96.2
shoriwe__fullproxy,63,38,cdxgen,38,38,0,25,75.2,75.2,38,0,0,100.0,100.0
shoriwe__fullproxy,63,38,cyclonedx-gomod,38,38,0,25,75.2,75.2,38,0,0,100.0,100.0
shurcooL__gostatus,0,6,syft,6,0,6,0,0.0,0.0,6,0,0,100.0,100.0
shurcooL__gostatus,0,6,trivy,6,0,6,0,0.0,0.0,6,0,0,100.0,100.0
shurcooL__gostatus,0,6,cdxgen,6,0,6,0,0.0,0.0,6,0,0,100.0,100.0
shurcooL__gostatus,0,6,cyclonedx-gomod,6,0,6,0,0.0,0.0,6,0,0,100.0,100.0
shurcooL__vfsgen,0,1,syft,1,0,1,0,0.0,0.0,1,0,0,100.0,100.0
shurcooL__vfsgen,0,1,trivy,1,0,1,0,0.0,0.0,1,0,0,100.0,100.0
shurcooL__vfsgen,0,1,cdxgen,1,0,1,0,0.0,0.0,1,0,0,100.0,100.0
shurcooL__vfsgen,0,1,cyclonedx-gomod,1,0,1,0,0.0,0.0,1,0,0,100.0,100.0
siddontang__go-mysql,41,21,syft,28,28,0,13,81.2,81.2,21,7,0,85.7,85.7
siddontang__go-mysql,41,21,trivy,22,22,0,19,69.8,69.8,21,1,0,97.7,97.7
siddontang__go-mysql,41,21,cdxgen,21,21,0,20,67.7,67.7,21,0,0,100.0,100.0
siddontang__go-mysql,41,21,cyclonedx-gomod,21,21,0,20,67.7,67.7,21,0,0,100.0,100.0
siddontang__ledisdb,34,13,syft,33,33,0,1,98.5,92.5,13,20,0,56.5,56.5
siddontang__ledisdb,34,13,trivy,34,34,0,0,100.0,94.1,13,21,0,55.3,55.3
siddontang__ledisdb,34,13,cdxgen,13,13,0,21,55.3,55.3,13,0,0,100.0,100.0
siddontang__ledisdb,34,13,cyclonedx-gomod,13,13,0,21,55.3,55.3,13,0,0,100.0,100.0
sideshow__apns2,18,7,syft,12,12,0,6,80.0,73.3,7,5,0,73.7,63.2
sideshow__apns2,18,7,trivy,11,11,0,7,75.9,69.0,7,4,0,77.8,66.7
sideshow__apns2,18,7,cdxgen,11,11,0,7,75.9,69.0,7,4,0,77.8,66.7
sideshow__apns2,18,7,cyclonedx-gomod,7,7,0,11,56.0,56.0,7,0,0,100.0,100.0
sigstore__cosign,799,259,syft,348,348,0,451,60.7,59.6,259,89,0,85.3,84.0
sigstore__cosign,799,259,trivy,295,295,0,504,53.9,53.0,259,36,0,93.5,92.1
sigstore__cosign,799,259,cdxgen,259,259,0,540,49.0,48.2,259,0,0,100.0,98.5
sigstore__cosign,799,259,cyclonedx-gomod,272,272,0,527,50.8,50.8,257,15,2,96.8,96.8
sinhashubham95__bleep,1,1,syft,1,1,0,0,100.0,100.0,1,0,0,100.0,100.0
sinhashubham95__bleep,1,1,trivy,1,1,0,0,100.0,100.0,1,0,0,100.0,100.0
sinhashubham95__bleep,1,1,cdxgen,1,1,0,0,100.0,100.0,1,0,0,100.0,100.0
sinhashubham95__bleep,1,1,cyclonedx-gomod,1,1,0,0,100.0,100.0,1,0,0,100.0,100.0
sinhashubham95__go-actuator,10,3,syft,8,8,0,2,88.9,88.9,3,5,0,54.5,54.5
sinhashubham95__go-actuator,10,3,trivy,10,10,0,0,100.0,100.0,3,7,0,46.2,46.2
sinhashubham95__go-actuator,10,3,cdxgen,3,3,0,7,46.2,46.2,3,0,0,100.0,100.0
sinhashubham95__go-actuator,10,3,cyclonedx-gomod,3,3,0,7,46.2,46.2,3,0,0,100.0,100.0
sinhashubham95__moxy,39,21,syft,27,27,0,12,81.8,81.8,21,6,0,87.5,87.5
sinhashubham95__moxy,39,21,trivy,39,39,0,0,100.0,100.0,21,18,0,70.0,70.0
sinhashubham95__moxy,39,21,cdxgen,21,21,0,18,70.0,70.0,21,0,0,100.0,100.0
sinhashubham95__moxy,39,21,cyclonedx-gomod,24,24,0,15,76.2,76.2,21,3,0,93.3,93.3
sj14__dbbench,246,62,syft,99,99,0,147,57.4,57.4,62,37,0,77.0,77.0
sj14__dbbench,246,62,trivy,71,71,0,175,44.8,44.8,62,9,0,93.2,93.2
sj14__dbbench,246,62,cdxgen,62,62,0,184,40.3,40.3,62,0,0,100.0,100.0
sj14__dbbench,246,62,cyclonedx-gomod,65,65,0,181,41.8,41.8,62,3,0,97.6,97.6
skeema__skeema,14,9,syft,12,12,0,2,92.3,92.3,9,3,0,85.7,85.7
skeema__skeema,14,9,trivy,10,10,0,4,83.3,83.3,9,1,0,94.7,94.7
skeema__skeema,14,9,cdxgen,10,10,0,4,83.3,83.3,9,1,0,94.7,94.7
skeema__skeema,14,9,cyclonedx-gomod,9,9,0,5,78.3,78.3,9,0,0,100.0,100.0
skibish__ddns,119,17,syft,32,32,0,87,42.4,42.4,17,15,0,69.4,69.4
skibish__ddns,119,17,trivy,23,23,0,96,32.4,32.4,17,6,0,85.0,85.0
skibish__ddns,119,17,cdxgen,17,17,0,102,25.0,25.0,17,0,0,100.0,100.0
skibish__ddns,119,17,cyclonedx-gomod,22,22,0,97,31.2,31.2,17,5,0,87.2,87.2
slack-go__slack,8,1,syft,7,7,0,1,93.3,93.3,1,6,0,25.0,25.0
slack-go__slack,8,1,trivy,6,6,0,2,85.7,85.7,1,5,0,28.6,28.6
slack-go__slack,8,1,cdxgen,1,1,0,7,22.2,22.2,1,0,0,100.0,100.0
slack-go__slack,8,1,cyclonedx-gomod,1,1,0,7,22.2,22.2,1,0,0,100.0,100.0
slack-io__slacker,12,5,syft,11,11,0,1,95.7,95.7,5,6,0,62.5,62.5
slack-io__slacker,12,5,trivy,5,5,0,7,58.8,58.8,5,0,0,100.0,100.0
slack-io__slacker,12,5,cdxgen,5,5,0,7,58.8,58.8,5,0,0,100.0,100.0
slack-io__slacker,12,5,cyclonedx-gomod,5,5,0,7,58.8,58.8,5,0,0,100.0,100.0
slipros__roamer,17,11,syft,33,12,21,5,48.0,48.0,11,22,0,50.0,50.0
slipros__roamer,17,11,trivy,32,11,21,6,44.9,44.9,11,21,0,51.2,51.2
slipros__roamer,17,11,cdxgen,19,11,8,6,61.1,61.1,11,8,0,73.3,73.3
slipros__roamer,17,11,cyclonedx-gomod,10,10,0,7,74.1,74.1,10,0,1,95.2,95.2
slotix__dataflowkit,51,32,syft,43,43,0,8,91.5,89.4,32,11,0,85.3,82.7
slotix__dataflowkit,51,32,trivy,51,51,0,0,100.0,94.1,32,19,0,77.1,74.7
slotix__dataflowkit,51,32,cdxgen,32,32,0,19,77.1,74.7,32,0,0,100.0,96.9
slotix__dataflowkit,51,32,cyclonedx-gomod,34,34,0,17,80.0,80.0,32,2,0,97.0,97.0
smallnest__langgraphgo,350,52,syft,219,206,13,144,72.4,69.9,52,167,0,38.4,37.6
smallnest__langgraphgo,350,52,trivy,157,156,1,194,61.5,60.0,52,105,0,49.8,48.8
smallnest__langgraphgo,350,52,cdxgen,146,146,0,204,58.9,57.7,52,94,0,52.5,51.5
smallnest__langgraphgo,350,52,cyclonedx-gomod,53,53,0,297,26.3,26.3,52,1,0,99.0,99.0
smallnest__rpcx,186,49,syft,82,82,0,104,61.2,58.2,49,33,0,74.8,70.2
smallnest__rpcx,186,49,trivy,72,72,0,114,55.8,52.7,49,23,0,81.0,76.0
smallnest__rpcx,186,49,cdxgen,49,49,0,137,41.7,39.1,49,0,0,100.0,93.9
smallnest__rpcx,186,49,cyclonedx-gomod,62,62,0,124,50.0,50.0,49,13,0,88.3,88.3
smartystreets__goconvey,24,4,syft,6,6,0,18,40.0,33.3,4,2,0,80.0,60.0
smartystreets__goconvey,24,4,trivy,5,5,0,19,34.5,27.6,4,1,0,88.9,66.7
smartystreets__goconvey,24,4,cdxgen,4,4,0,20,28.6,21.4,4,0,0,100.0,75.0
smartystreets__goconvey,24,4,cyclonedx-gomod,5,5,0,19,34.5,34.5,4,1,0,88.9,88.9
soniah__gosnmp,17,1,syft,11,8,3,9,57.1,42.9,1,10,0,16.7,16.7
soniah__gosnmp,17,1,trivy,10,7,3,10,51.9,37.0,1,9,0,18.2,18.2
soniah__gosnmp,17,1,cdxgen,1,1,0,16,11.1,11.1,1,0,0,100.0,100.0
soniah__gosnmp,17,1,cyclonedx-gomod,1,1,0,16,11.1,11.1,1,0,0,100.0,100.0
sosedoff__pgweb,86,35,syft,66,66,0,20,86.8,86.8,35,31,0,69.3,69.3
sosedoff__pgweb,86,35,trivy,58,58,0,28,80.6,80.6,35,23,0,75.3,75.3
sosedoff__pgweb,86,35,cdxgen,35,35,0,51,57.9,57.9,35,0,0,100.0,100.0
sosedoff__pgweb,86,35,cyclonedx-gomod,46,46,0,40,69.7,69.7,35,11,0,86.4,86.4
sourcegraph__zoekt,400,121,syft,178,178,0,222,61.6,60.9,121,57,0,80.9,79.6
sourcegraph__zoekt,400,121,trivy,139,139,0,261,51.6,50.8,121,18,0,93.1,91.5
sourcegraph__zoekt,400,121,cdxgen,121,121,0,279,46.4,45.7,121,0,0,100.0,98.3
sourcegraph__zoekt,400,121,cyclonedx-gomod,127,127,0,273,48.2,48.2,120,7,1,96.8,96.8
soypat__godesim,37,2,syft,11,11,0,26,45.8,45.8,2,9,0,30.8,30.8
soypat__godesim,37,2,trivy,37,37,0,0,100.0,100.0,2,35,0,10.3,10.3
soypat__godesim,37,2,cdxgen,2,2,0,35,10.3,10.3,2,0,0,100.0,100.0
soypat__godesim,37,2,cyclonedx-gomod,2,2,0,35,10.3,10.3,2,0,0,100.0,100.0
spatial-go__geoos,6,2,syft,3,3,0,3,66.7,66.7,2,1,0,80.0,80.0
spatial-go__geoos,6,2,trivy,6,6,0,0,100.0,100.0,2,4,0,50.0,50.0
spatial-go__geoos,6,2,cdxgen,2,2,0,4,50.0,50.0,2,0,0,100.0,100.0
spatial-go__geoos,6,2,cyclonedx-gomod,2,2,0,4,50.0,50.0,2,0,0,100.0,100.0
spf13__afero,4,1,syft,64,2,62,2,5.9,5.9,1,63,0,3.1,3.1
spf13__afero,4,1,trivy,51,4,47,0,14.5,14.5,1,50,0,3.8,3.8
spf13__afero,4,1,cdxgen,46,2,44,2,8.0,8.0,1,45,0,4.3,4.3
spf13__afero,4,1,cyclonedx-gomod,1,1,0,3,40.0,40.0,1,0,0,100.0,100.0
spf13__cobra,6,4,syft,6,6,0,0,100.0,100.0,4,2,0,80.0,80.0
spf13__cobra,6,4,trivy,6,6,0,0,100.0,100.0,4,2,0,80.0,80.0
spf13__cobra,6,4,cdxgen,4,4,0,2,80.0,80.0,4,0,0,100.0,100.0
spf13__cobra,6,4,cyclonedx-gomod,5,5,0,1,90.9,90.9,4,1,0,88.9,88.9
spf13__viper,25,11,syft,104,23,81,2,35.7,32.6,11,93,0,19.1,19.1
spf13__viper,25,11,trivy,84,18,66,7,33.0,33.0,11,73,0,23.2,23.2
spf13__viper,25,11,cdxgen,75,12,63,13,24.0,24.0,11,64,0,25.6,25.6
spf13__viper,25,11,cyclonedx-gomod,11,11,0,14,61.1,61.1,11,0,0,100.0,100.0
spiffe__spire,812,306,syft,406,406,0,406,66.7,65.7,306,100,0,86.0,84.6
spiffe__spire,812,306,trivy,326,326,0,486,57.3,56.4,306,20,0,96.8,95.3
spiffe__spire,812,306,cdxgen,306,306,0,506,54.7,53.8,306,0,0,100.0,98.4
spiffe__spire,812,306,cyclonedx-gomod,319,319,0,493,56.4,56.4,305,14,1,97.6,97.6
sqs__goreturns,9,3,syft,3,3,0,6,50.0,50.0,3,0,0,100.0,100.0
sqs__goreturns,9,3,trivy,9,9,0,0,100.0,100.0,3,6,0,50.0,50.0
sqs__goreturns,9,3,cdxgen,3,3,0,6,50.0,50.0,3,0,0,100.0,100.0
sqs__goreturns,9,3,cyclonedx-gomod,3,3,0,6,50.0,50.0,3,0,0,100.0,100.0
src-d__hercules,87,49,syft,73,72,1,15,90.0,90.0,48,25,1,78.7,78.7
src-d__hercules,87,49,trivy,88,87,1,0,99.4,98.3,49,39,0,71.5,70.1
src-d__hercules,87,49,cdxgen,49,49,0,38,72.1,70.6,49,0,0,100.0,100.0
src-d__hercules,87,49,cyclonedx-gomod,54,53,1,34,75.2,75.2,48,6,1,93.2,93.2
ssgreg__journald,4,1,syft,4,4,0,0,100.0,100.0,1,3,0,40.0,40.0
ssgreg__journald,4,1,trivy,4,4,0,0,100.0,100.0,1,3,0,40.0,40.0
ssgreg__journald,4,1,cdxgen,1,1,0,3,40.0,40.0,1,0,0,100.0,100.0
ssgreg__journald,4,1,cyclonedx-gomod,1,1,0,3,40.0,40.0,1,0,0,100.0,100.0
stackerzzq__xj2go,5,2,syft,2,2,0,3,57.1,57.1,2,0,0,100.0,100.0
stackerzzq__xj2go,5,2,trivy,5,5,0,0,100.0,100.0,2,3,0,57.1,57.1
stackerzzq__xj2go,5,2,cdxgen,2,2,0,3,57.1,57.1,2,0,0,100.0,100.0
stackerzzq__xj2go,5,2,cyclonedx-gomod,2,2,0,3,57.1,57.1,2,0,0,100.0,100.0
stacktower-io__stacktower,54,34,syft,51,46,5,8,87.6,87.6,34,17,0,80.0,80.0
stacktower-io__stacktower,54,34,trivy,0,0,0,54,0.0,0.0,0,0,34,0.0,0.0
stacktower-io__stacktower,54,34,cdxgen,39,34,5,20,73.1,73.1,34,5,0,93.2,93.2
stacktower-io__stacktower,54,34,cyclonedx-gomod,38,38,0,16,82.6,82.6,34,4,0,94.4,94.4
starwalkn__kono,127,53,syft,92,92,0,35,84.0,84.0,53,39,0,73.1,73.1
starwalkn__kono,127,53,trivy,65,65,0,62,67.7,67.7,53,12,0,89.8,89.8
starwalkn__kono,127,53,cdxgen,53,53,0,74,58.9,58.9,53,0,0,100.0,100.0
starwalkn__kono,127,53,cyclonedx-gomod,56,56,0,71,61.2,61.2,53,3,0,97.2,97.2
steambap__captcha,3,2,syft,4,2,2,1,57.1,57.1,2,2,0,66.7,66.7
steambap__captcha,3,2,trivy,16,3,13,0,31.6,31.6,2,14,0,22.2,22.2
steambap__captcha,3,2,cdxgen,2,2,0,1,80.0,80.0,2,0,0,100.0,100.0
steambap__captcha,3,2,cyclonedx-gomod,2,2,0,1,80.0,80.0,2,0,0,100.0,100.0
steevin__neuron-cli,118,69,syft,101,101,0,17,92.2,92.2,69,32,0,81.2,81.2
steevin__neuron-cli,118,69,trivy,73,73,0,45,76.4,76.4,69,4,0,97.2,97.2
steevin__neuron-cli,118,69,cdxgen,69,69,0,49,73.8,73.8,69,0,0,100.0,100.0
steevin__neuron-cli,118,69,cyclonedx-gomod,73,73,0,45,76.4,76.4,69,4,0,97.2,97.2
stefanprodan__podinfo,135,76,syft,97,97,0,38,83.6,83.6,76,21,0,87.9,87.9
stefanprodan__podinfo,135,76,trivy,77,77,0,58,72.6,72.6,76,1,0,99.3,99.3
stefanprodan__podinfo,135,76,cdxgen,76,76,0,59,72.0,72.0,76,0,0,100.0,100.0
stefanprodan__podinfo,135,76,cyclonedx-gomod,77,77,0,58,72.6,72.6,76,1,0,99.3,99.3
stephenafamo__bob,185,101,syft,155,155,0,30,91.2,90.0,101,54,0,78.9,77.3
stephenafamo__bob,185,101,trivy,124,124,0,61,80.3,79.0,101,23,0,89.8,88.0
stephenafamo__bob,185,101,cdxgen,101,101,0,84,70.6,69.2,101,0,0,100.0,98.0
stephenafamo__bob,185,101,cyclonedx-gomod,117,117,0,68,77.5,77.5,101,16,0,92.7,92.7
stoewer__go-week,9,1,syft,8,8,0,1,94.1,94.1,1,7,0,22.2,22.2
stoewer__go-week,9,1,trivy,9,9,0,0,100.0,100.0,1,8,0,20.0,20.0
stoewer__go-week,9,1,cdxgen,1,1,0,8,20.0,20.0,1,0,0,100.0,100.0
stoewer__go-week,9,1,cyclonedx-gomod,1,1,0,8,20.0,20.0,1,0,0,100.0,100.0
stretchr__testify,3,2,syft,4,3,1,0,85.7,85.7,2,2,0,66.7,66.7
stretchr__testify,3,2,trivy,4,3,1,0,85.7,85.7,2,2,0,66.7,66.7
stretchr__testify,3,2,cdxgen,2,2,0,1,80.0,80.0,2,0,0,100.0,100.0
stretchr__testify,3,2,cyclonedx-gomod,2,2,0,1,80.0,80.0,2,0,0,100.0,100.0
stripe__stripe-go,6,4,syft,5,5,0,1,90.9,90.9,4,1,0,88.9,88.9
stripe__stripe-go,6,4,trivy,4,4,0,2,80.0,80.0,4,0,0,100.0,100.0
stripe__stripe-go,6,4,cdxgen,4,4,0,2,80.0,80.0,4,0,0,100.0,100.0
stripe__stripe-go,6,4,cyclonedx-gomod,4,4,0,2,80.0,80.0,4,0,0,100.0,100.0
structy__log,3,3,syft,3,3,0,0,100.0,100.0,3,0,0,100.0,100.0
structy__log,3,3,trivy,3,3,0,0,100.0,100.0,3,0,0,100.0,100.0
structy__log,3,3,cdxgen,3,3,0,0,100.0,100.0,3,0,0,100.0,100.0
structy__log,3,3,cyclonedx-gomod,3,3,0,0,100.0,100.0,3,0,0,100.0,100.0
subosito__gotenv,10,1,syft,6,6,0,4,75.0,75.0,1,5,0,28.6,28.6
subosito__gotenv,10,1,trivy,5,5,0,5,66.7,66.7,1,4,0,33.3,33.3
subosito__gotenv,10,1,cdxgen,1,1,0,9,18.2,18.2,1,0,0,100.0,100.0
subosito__gotenv,10,1,cyclonedx-gomod,1,1,0,9,18.2,18.2,1,0,0,100.0,100.0
sunary__sqlize,340,36,syft,46,46,0,294,23.8,23.8,36,10,0,87.8,87.8
sunary__sqlize,340,36,trivy,36,36,0,304,19.1,19.1,36,0,0,100.0,100.0
sunary__sqlize,340,36,cdxgen,36,36,0,304,19.1,19.1,36,0,0,100.0,100.0
sunary__sqlize,340,36,cyclonedx-gomod,36,36,0,304,19.1,19.1,36,0,0,100.0,100.0
surrealdb__surrealdb.go,20,7,syft,28,16,12,4,66.7,62.5,7,21,0,40.0,34.3
surrealdb__surrealdb.go,20,7,trivy,28,16,12,4,66.7,62.5,7,21,0,40.0,34.3
surrealdb__surrealdb.go,20,7,cdxgen,18,7,11,13,36.8,31.6,7,11,0,56.0,48.0
surrealdb__surrealdb.go,20,7,cyclonedx-gomod,7,7,0,13,51.9,51.9,7,0,0,100.0,100.0
suzuki-shunsuke__flute,20,5,syft,7,7,0,13,51.9,51.9,5,2,0,83.3,83.3
suzuki-shunsuke__flute,20,5,trivy,6,6,0,14,46.2,46.2,5,1,0,90.9,90.9
suzuki-shunsuke__flute,20,5,cdxgen,5,5,0,15,40.0,40.0,5,0,0,100.0,100.0
suzuki-shunsuke__flute,20,5,cyclonedx-gomod,5,5,0,15,40.0,40.0,5,0,0,100.0,100.0
switchupcb__copygen,16,6,syft,9,8,1,8,64.0,64.0,6,3,0,80.0,80.0
switchupcb__copygen,16,6,trivy,7,6,1,10,52.2,52.2,6,1,0,92.3,92.3
switchupcb__copygen,16,6,cdxgen,6,6,0,10,54.5,54.5,6,0,0,100.0,100.0
switchupcb__copygen,16,6,cyclonedx-gomod,6,6,0,10,54.5,54.5,6,0,0,100.0,100.0
swithek__sessionup,3,3,syft,3,3,0,0,100.0,66.7,3,0,0,100.0,66.7
swithek__sessionup,3,3,trivy,3,3,0,0,100.0,66.7,3,0,0,100.0,66.7
swithek__sessionup,3,3,cdxgen,3,3,0,0,100.0,66.7,3,0,0,100.0,66.7
swithek__sessionup,3,3,cyclonedx-gomod,3,3,0,0,100.0,100.0,3,0,0,100.0,100.0
syndtr__goleveldb,35,10,syft,20,20,0,15,72.7,72.7,10,10,0,66.7,66.7
syndtr__goleveldb,35,10,trivy,35,35,0,0,100.0,100.0,10,25,0,44.4,44.4
syndtr__goleveldb,35,10,cdxgen,10,10,0,25,44.4,44.4,10,0,0,100.0,100.0
syndtr__goleveldb,35,10,cyclonedx-gomod,10,10,0,25,44.4,44.4,10,0,0,100.0,100.0
syst3mctl__godoclive,17,8,syft,70,12,58,5,27.6,20.7,8,62,0,20.5,17.9
syst3mctl__godoclive,17,8,trivy,64,10,54,7,24.7,19.8,8,56,0,22.2,19.4
syst3mctl__godoclive,17,8,cdxgen,38,9,29,8,32.7,29.1,8,30,0,34.8,34.8
syst3mctl__godoclive,17,8,cyclonedx-gomod,9,9,0,8,69.2,69.2,8,1,0,94.1,94.1
szyhf__go-excel,1,1,syft,1,1,0,0,100.0,100.0,1,0,0,100.0,100.0
szyhf__go-excel,1,1,trivy,1,1,0,0,100.0,100.0,1,0,0,100.0,100.0
szyhf__go-excel,1,1,cdxgen,1,1,0,0,100.0,100.0,1,0,0,100.0,100.0
szyhf__go-excel,1,1,cyclonedx-gomod,1,1,0,0,100.0,100.0,1,0,0,100.0,100.0
tal-tech__go-zero,222,120,syft,165,149,16,73,77.0,72.9,120,45,0,84.2,80.7
tal-tech__go-zero,222,120,trivy,145,131,14,91,71.4,68.1,120,25,0,90.6,86.8
tal-tech__go-zero,222,120,cdxgen,134,122,12,100,68.5,68.0,120,14,0,94.5,94.5
tal-tech__go-zero,222,120,cyclonedx-gomod,123,123,0,99,71.3,71.3,119,4,1,97.9,97.9
tarent__loginsrv,65,34,syft,52,52,0,13,88.9,82.1,34,18,0,79.1,69.8
tarent__loginsrv,65,34,trivy,65,65,0,0,100.0,93.8,34,31,0,68.7,60.6
tarent__loginsrv,65,34,cdxgen,34,34,0,31,68.7,60.6,34,0,0,100.0,88.2
tarent__loginsrv,65,34,cyclonedx-gomod,34,34,0,31,68.7,68.7,34,0,0,100.0,100.0
tarmac-project__tarmac,331,114,syft,157,145,12,186,59.4,58.2,114,43,0,84.1,82.7
tarmac-project__tarmac,331,114,trivy,129,117,12,214,50.9,50.0,114,15,0,93.8,92.2
tarmac-project__tarmac,331,114,cdxgen,117,114,3,217,50.9,50.9,114,3,0,98.7,98.7
tarmac-project__tarmac,331,114,cyclonedx-gomod,115,115,0,216,51.6,51.6,114,1,0,99.6,99.6
taskctl__taskctl,39,24,syft,34,34,0,5,93.2,90.4,24,10,0,82.8,79.3
taskctl__taskctl,39,24,trivy,24,24,0,15,76.2,73.0,24,0,0,100.0,95.8
taskctl__taskctl,39,24,cdxgen,24,24,0,15,76.2,73.0,24,0,0,100.0,95.8
taskctl__taskctl,39,24,cyclonedx-gomod,24,24,0,15,76.2,76.2,24,0,0,100.0,100.0
taubyte__tau,830,290,syft,383,382,1,448,63.0,60.5,290,93,0,86.2,82.3
taubyte__tau,830,290,trivy,330,329,1,501,56.7,54.3,290,40,0,93.5,89.4
taubyte__tau,830,290,cdxgen,290,290,0,540,51.8,51.3,290,0,0,100.0,99.0
taubyte__tau,830,290,cyclonedx-gomod,318,318,0,512,55.4,55.4,290,28,0,95.4,95.4
tdewolff__canvas,151,63,syft,91,91,0,60,75.2,75.2,63,28,0,81.8,81.8
tdewolff__canvas,151,63,trivy,274,129,145,22,60.7,28.2,63,211,0,37.4,15.4
tdewolff__canvas,151,63,cdxgen,80,79,1,72,68.4,68.4,63,17,0,88.1,88.1
tdewolff__canvas,151,63,cyclonedx-gomod,69,69,0,82,62.7,62.7,63,6,0,95.5,95.5
tdewolff__minify,14,8,syft,14,14,0,0,100.0,100.0,8,6,0,72.7,72.7
tdewolff__minify,14,8,trivy,10,9,1,5,75.0,66.7,8,2,0,88.9,88.9
tdewolff__minify,14,8,cdxgen,10,9,1,5,75.0,75.0,8,2,0,88.9,88.9
tdewolff__minify,14,8,cyclonedx-gomod,8,8,0,6,72.7,72.7,8,0,0,100.0,100.0
tealeg__xlsx,19,10,syft,13,13,0,6,81.3,81.3,10,3,0,87.0,87.0
tealeg__xlsx,19,10,trivy,13,13,0,6,81.3,81.3,10,3,0,87.0,87.0
tealeg__xlsx,19,10,cdxgen,10,10,0,9,69.0,69.0,10,0,0,100.0,100.0
tealeg__xlsx,19,10,cyclonedx-gomod,10,10,0,9,69.0,69.0,10,0,0,100.0,100.0
temporalio__sdk-go,69,23,syft,184,46,138,23,36.4,30.0,23,161,0,22.2,20.3
temporalio__sdk-go,69,23,trivy,147,43,104,26,39.8,30.6,23,124,0,27.1,25.9
temporalio__sdk-go,69,23,cdxgen,122,39,83,30,40.8,33.5,23,99,0,31.7,31.7
temporalio__sdk-go,69,23,cyclonedx-gomod,22,22,0,47,48.4,48.4,22,0,1,97.8,97.8
tendermint__tendermint,692,65,syft,284,284,0,408,58.2,57.0,65,219,0,37.2,36.7
tendermint__tendermint,692,65,trivy,258,258,0,434,54.3,53.3,65,193,0,40.2,39.6
tendermint__tendermint,692,65,cdxgen,65,65,0,627,17.2,16.9,65,0,0,100.0,98.5
tendermint__tendermint,692,65,cyclonedx-gomod,242,242,0,450,51.8,51.8,64,178,1,41.7,41.7
testcontainers__testcontainers-go,79,43,syft,630,75,555,4,21.2,17.2,43,587,0,12.8,11.6
testcontainers__testcontainers-go,79,43,trivy,532,70,462,9,22.9,20.0,43,489,0,15.0,15.0
testcontainers__testcontainers-go,79,43,cdxgen,153,57,96,22,49.1,40.5,43,110,0,43.9,43.9
testcontainers__testcontainers-go,79,43,cyclonedx-gomod,50,50,0,29,77.5,77.5,43,7,0,92.5,92.5
tg123__go-htpasswd,12,2,syft,7,7,0,5,73.7,73.7,2,5,0,44.4,44.4
tg123__go-htpasswd,12,2,trivy,6,6,0,6,66.7,66.7,2,4,0,50.0,50.0
tg123__go-htpasswd,12,2,cdxgen,2,2,0,10,28.6,28.6,2,0,0,100.0,100.0
tg123__go-htpasswd,12,2,cyclonedx-gomod,2,2,0,10,28.6,28.6,2,0,0,100.0,100.0
the4thamigo-uk__conflate,11,7,syft,11,11,0,0,100.0,100.0,7,4,0,77.8,77.8
the4thamigo-uk__conflate,11,7,trivy,11,11,0,0,100.0,100.0,7,4,0,77.8,77.8
the4thamigo-uk__conflate,11,7,cdxgen,7,7,0,4,77.8,77.8,7,0,0,100.0,100.0
the4thamigo-uk__conflate,11,7,cyclonedx-gomod,7,7,0,4,77.8,77.8,7,0,0,100.0,100.0
theckman__yacspin,8,6,syft,7,7,0,1,93.3,93.3,6,1,0,92.3,92.3
theckman__yacspin,8,6,trivy,7,7,0,1,93.3,93.3,6,1,0,92.3,92.3
theckman__yacspin,8,6,cdxgen,6,6,0,2,85.7,85.7,6,0,0,100.0,100.0
theckman__yacspin,8,6,cyclonedx-gomod,6,6,0,2,85.7,85.7,6,0,0,100.0,100.0
therecipe__qt,12,6,syft,22,7,15,5,41.2,41.2,4,18,2,28.6,14.3
therecipe__qt,12,6,trivy,23,7,16,5,40.0,40.0,4,19,2,27.6,13.8
therecipe__qt,12,6,cdxgen,20,12,8,0,75.0,68.7,6,14,0,46.2,46.2
therecipe__qt,12,6,cyclonedx-gomod,0,0,0,12,0.0,0.0,0,0,6,0.0,0.0
thestrukture__ide,92,20,syft,34,34,0,58,54.0,54.0,20,14,0,74.1,74.1
thestrukture__ide,92,20,trivy,28,28,0,64,46.7,46.7,20,8,0,83.3,83.3
thestrukture__ide,92,20,cdxgen,20,20,0,72,35.7,35.7,20,0,0,100.0,100.0
thestrukture__ide,92,20,cyclonedx-gomod,23,23,0,69,40.0,40.0,20,3,0,93.0,93.0
thoas__picfit,379,81,syft,110,110,0,269,45.0,43.8,81,29,0,84.8,82.7
thoas__picfit,379,81,trivy,97,97,0,282,40.8,39.9,81,16,0,91.0,88.8
thoas__picfit,379,81,cdxgen,81,81,0,298,35.2,34.3,81,0,0,100.0,97.5
thoas__picfit,379,81,cyclonedx-gomod,92,92,0,287,39.1,39.1,81,11,0,93.6,93.6
thomaspoignant__go-feature-flag,698,250,syft,359,342,17,356,64.7,63.4,249,110,1,81.8,80.1
thomaspoignant__go-feature-flag,698,250,trivy,314,297,17,401,58.7,58.3,249,65,1,88.3,87.9
thomaspoignant__go-feature-flag,698,250,cdxgen,254,250,4,448,52.5,51.9,250,4,0,99.2,99.2
thomaspoignant__go-feature-flag,698,250,cyclonedx-gomod,248,246,2,452,52.0,52.0,243,5,7,97.6,97.2
tickstem__cron,17,6,syft,16,16,0,1,97.0,97.0,6,10,0,54.5,54.5
tickstem__cron,17,6,trivy,10,10,0,7,74.1,74.1,6,4,0,75.0,75.0
tickstem__cron,17,6,cdxgen,6,6,0,11,52.2,52.2,6,0,0,100.0,100.0
tickstem__cron,17,6,cyclonedx-gomod,6,6,0,11,52.2,52.2,6,0,0,100.0,100.0
tidwall__buntdb,9,7,syft,9,9,0,0,100.0,100.0,7,2,0,87.5,87.5
tidwall__buntdb,9,7,trivy,9,9,0,0,100.0,100.0,7,2,0,87.5,87.5
tidwall__buntdb,9,7,cdxgen,7,7,0,2,87.5,87.5,7,0,0,100.0,100.0
tidwall__buntdb,9,7,cyclonedx-gomod,7,7,0,2,87.5,87.5,7,0,0,100.0,100.0
tidwall__gjson,2,2,syft,2,2,0,0,100.0,100.0,2,0,0,100.0,100.0
tidwall__gjson,2,2,trivy,2,2,0,0,100.0,100.0,2,0,0,100.0,100.0
tidwall__gjson,2,2,cdxgen,2,2,0,0,100.0,100.0,2,0,0,100.0,100.0
tidwall__gjson,2,2,cyclonedx-gomod,2,2,0,0,100.0,100.0,2,0,0,100.0,100.0
tidwall__sjson,3,3,syft,3,3,0,0,100.0,100.0,3,0,0,100.0,100.0
tidwall__sjson,3,3,trivy,3,3,0,0,100.0,100.0,3,0,0,100.0,100.0
tidwall__sjson,3,3,cdxgen,3,3,0,0,100.0,100.0,3,0,0,100.0,100.0
tidwall__sjson,3,3,cyclonedx-gomod,3,3,0,0,100.0,100.0,3,0,0,100.0,100.0
tidwall__tile38,314,117,syft,150,150,0,164,64.7,63.8,117,33,0,87.6,86.9
tidwall__tile38,314,117,trivy,120,120,0,194,55.3,54.4,117,3,0,98.7,97.9
tidwall__tile38,314,117,cdxgen,117,117,0,197,54.3,53.8,117,0,0,100.0,99.1
tidwall__tile38,314,117,cyclonedx-gomod,118,118,0,196,54.6,54.6,117,1,0,99.6,99.6
tiendc__go-csvlib,10,4,syft,9,9,0,1,94.7,94.7,4,5,0,61.5,61.5
tiendc__go-csvlib,10,4,trivy,8,8,0,2,88.9,88.9,4,4,0,66.7,66.7
tiendc__go-csvlib,10,4,cdxgen,4,4,0,6,57.1,57.1,4,0,0,100.0,100.0
tiendc__go-csvlib,10,4,cyclonedx-gomod,4,4,0,6,57.1,57.1,4,0,0,100.0,100.0
tiendc__go-validator,12,6,syft,11,11,0,1,95.7,95.7,6,5,0,70.6,70.6
tiendc__go-validator,12,6,trivy,10,10,0,2,90.9,90.9,6,4,0,75.0,75.0
tiendc__go-validator,12,6,cdxgen,6,6,0,6,66.7,66.7,6,0,0,100.0,100.0
tiendc__go-validator,12,6,cyclonedx-gomod,6,6,0,6,66.7,66.7,6,0,0,100.0,100.0
tiendc__gofn,7,1,syft,6,6,0,1,92.3,92.3,1,5,0,28.6,28.6
tiendc__gofn,7,1,trivy,5,5,0,2,83.3,83.3,1,4,0,33.3,33.3
tiendc__gofn,7,1,cdxgen,1,1,0,6,25.0,25.0,1,0,0,100.0,100.0
tiendc__gofn,7,1,cyclonedx-gomod,1,1,0,6,25.0,25.0,1,0,0,100.0,100.0
timdp__lwc,3,3,syft,3,3,0,0,100.0,100.0,3,0,0,100.0,100.0
timdp__lwc,3,3,trivy,3,3,0,0,100.0,100.0,3,0,0,100.0,100.0
timdp__lwc,3,3,cdxgen,3,3,0,0,100.0,100.0,3,0,0,100.0,100.0
timdp__lwc,3,3,cyclonedx-gomod,3,3,0,0,100.0,100.0,3,0,0,100.0,100.0
timothyye__godns,66,33,syft,49,49,0,17,85.2,85.2,33,16,0,80.5,80.5
timothyye__godns,66,33,trivy,39,39,0,27,74.3,74.3,33,6,0,91.7,91.7
timothyye__godns,66,33,cdxgen,39,39,0,27,74.3,74.3,33,6,0,91.7,91.7
timothyye__godns,66,33,cyclonedx-gomod,37,37,0,29,71.8,71.8,33,4,0,94.3,94.3
timsolov__rest-query-parser,11,1,syft,9,9,0,2,90.0,90.0,1,8,0,20.0,20.0
timsolov__rest-query-parser,11,1,trivy,11,11,0,0,100.0,100.0,1,10,0,16.7,16.7
timsolov__rest-query-parser,11,1,cdxgen,1,1,0,10,16.7,16.7,1,0,0,100.0,100.0
timsolov__rest-query-parser,11,1,cyclonedx-gomod,1,1,0,10,16.7,16.7,1,0,0,100.0,100.0
tinygo-org__tinygo,89,16,syft,65,51,14,38,66.2,64.9,16,49,0,39.5,37.0
tinygo-org__tinygo,89,16,trivy,56,44,12,45,60.7,59.3,16,40,0,44.4,41.7
tinygo-org__tinygo,89,16,cdxgen,51,44,7,45,62.9,62.9,16,35,0,47.8,47.8
tinygo-org__tinygo,89,16,cyclonedx-gomod,41,41,0,48,63.1,63.1,16,25,0,56.1,56.1
tj__mmake,44,6,syft,11,11,0,33,40.0,40.0,6,5,0,70.6,70.6
tj__mmake,44,6,trivy,44,44,0,0,100.0,100.0,6,38,0,24.0,24.0
tj__mmake,44,6,cdxgen,6,6,0,38,24.0,24.0,6,0,0,100.0,100.0
tj__mmake,44,6,cyclonedx-gomod,6,6,0,38,24.0,24.0,6,0,0,100.0,100.0
tkrop__go-testing,25,10,syft,18,18,0,7,83.7,83.7,10,8,0,71.4,71.4
tkrop__go-testing,25,10,trivy,13,13,0,12,68.4,68.4,10,3,0,87.0,87.0
tkrop__go-testing,25,10,cdxgen,10,10,0,15,57.1,57.1,10,0,0,100.0,100.0
tkrop__go-testing,25,10,cyclonedx-gomod,10,10,0,15,57.1,57.1,10,0,0,100.0,100.0
tmc__langchaingo,883,246,syft,437,358,79,525,54.2,51.4,246,191,0,72.0,69.7
tmc__langchaingo,883,246,trivy,372,293,79,590,46.7,45.4,246,126,0,79.6,77.7
tmc__langchaingo,883,246,cdxgen,249,248,1,635,43.8,43.1,246,3,0,99.4,97.8
tmc__langchaingo,883,246,cyclonedx-gomod,244,244,0,639,43.3,43.3,239,5,7,97.6,97.6
tockins__realize,27,19,syft,23,23,0,4,92.0,84.0,19,4,0,90.5,81.0
tockins__realize,27,19,trivy,28,27,1,0,98.2,90.9,19,9,0,80.9,72.3
tockins__realize,27,19,cdxgen,19,19,0,8,82.6,73.9,19,0,0,100.0,89.5
tockins__realize,27,19,cyclonedx-gomod,0,0,0,27,0.0,0.0,0,0,19,0.0,0.0
tomarrell__wrapcheck,120,19,syft,30,30,0,90,40.0,40.0,19,11,0,77.6,77.6
tomarrell__wrapcheck,120,19,trivy,24,24,0,96,33.3,33.3,19,5,0,88.4,88.4
tomarrell__wrapcheck,120,19,cdxgen,19,19,0,101,27.3,27.3,19,0,0,100.0,100.0
tomarrell__wrapcheck,120,19,cyclonedx-gomod,19,19,0,101,27.3,27.3,17,2,2,89.5,89.5
tomlazar__table,12,6,syft,11,11,0,1,95.7,95.7,6,5,0,70.6,70.6
tomlazar__table,12,6,trivy,12,12,0,0,100.0,100.0,6,6,0,66.7,66.7
tomlazar__table,12,6,cdxgen,6,6,0,6,66.7,66.7,6,0,0,100.0,100.0
tomlazar__table,12,6,cyclonedx-gomod,6,6,0,6,66.7,66.7,6,0,0,100.0,100.0
tomodian__release,29,14,syft,24,24,0,5,90.6,90.6,14,10,0,73.7,73.7
tomodian__release,29,14,trivy,21,21,0,8,84.0,84.0,14,7,0,80.0,80.0
tomodian__release,29,14,cdxgen,14,14,0,15,65.1,65.1,14,0,0,100.0,100.0
tomodian__release,29,14,cyclonedx-gomod,15,15,0,14,68.2,68.2,14,1,0,96.6,96.6
tomwright__dasel,65,33,syft,50,50,0,15,87.0,87.0,33,17,0,79.5,79.5
tomwright__dasel,65,33,trivy,39,39,0,26,75.0,75.0,33,6,0,91.7,91.7
tomwright__dasel,65,33,cdxgen,33,33,0,32,67.3,67.3,33,0,0,100.0,100.0
tomwright__dasel,65,33,cyclonedx-gomod,37,37,0,28,72.5,72.5,32,5,1,91.4,91.4
tricksterproxy__trickster,539,56,syft,308,298,10,241,70.4,69.7,56,252,0,30.8,30.2
tricksterproxy__trickster,539,56,trivy,272,262,10,277,64.6,63.9,56,216,0,34.1,33.5
tricksterproxy__trickster,539,56,cdxgen,60,60,0,479,20.0,19.7,56,4,0,96.6,94.8
tricksterproxy__trickster,539,56,cyclonedx-gomod,248,248,0,291,63.0,63.0,55,193,1,36.2,36.2
trpc-group__trpc-go,63,33,syft,50,47,3,16,83.2,77.9,33,17,0,79.5,74.7
trpc-group__trpc-go,63,33,trivy,43,39,4,24,73.6,69.8,33,10,0,86.8,84.2
trpc-group__trpc-go,63,33,cdxgen,34,34,0,29,70.1,66.0,33,1,0,98.5,95.5
trpc-group__trpc-go,63,33,cyclonedx-gomod,33,33,0,30,68.8,68.8,33,0,0,100.0,100.0
truemail-rb__truemail-go,22,12,syft,16,16,0,6,84.2,84.2,12,4,0,85.7,85.7
truemail-rb__truemail-go,22,12,trivy,15,15,0,7,81.1,81.1,12,3,0,88.9,88.9
truemail-rb__truemail-go,22,12,cdxgen,12,12,0,10,70.6,70.6,12,0,0,100.0,100.0
truemail-rb__truemail-go,22,12,cyclonedx-gomod,15,15,0,7,81.1,81.1,12,3,0,88.9,88.9
tsenart__vegeta,216,20,syft,47,47,0,169,35.7,35.7,20,27,0,59.7,59.7
tsenart__vegeta,216,20,trivy,36,36,0,180,28.6,28.6,20,16,0,71.4,71.4
tsenart__vegeta,216,20,cdxgen,20,20,0,196,16.9,16.9,20,0,0,100.0,100.0
tsenart__vegeta,216,20,cyclonedx-gomod,20,20,0,196,16.9,16.9,20,0,0,100.0,100.0
tucnak__telebot,186,20,syft,34,34,0,152,30.9,30.9,20,14,0,74.1,74.1
tucnak__telebot,186,20,trivy,186,186,0,0,100.0,98.4,20,166,0,19.4,19.4
tucnak__telebot,186,20,cdxgen,20,20,0,166,19.4,19.4,20,0,0,100.0,100.0
tucnak__telebot,186,20,cyclonedx-gomod,21,21,0,165,20.3,20.3,19,2,1,92.7,92.7
twharmon__gosql,3,1,syft,3,3,0,0,100.0,66.7,1,2,0,50.0,50.0
twharmon__gosql,3,1,trivy,3,3,0,0,100.0,66.7,1,2,0,50.0,50.0
twharmon__gosql,3,1,cdxgen,1,1,0,2,50.0,50.0,1,0,0,100.0,100.0
twharmon__gosql,3,1,cyclonedx-gomod,1,1,0,2,50.0,50.0,1,0,0,100.0,100.0
txn2__kubefwd,202,108,syft,144,142,2,60,82.1,81.5,108,36,0,85.7,84.9
txn2__kubefwd,202,108,trivy,124,121,3,81,74.2,73.6,108,16,0,93.1,92.2
txn2__kubefwd,202,108,cdxgen,110,108,2,94,69.2,68.6,108,2,0,99.1,98.2
txn2__kubefwd,202,108,cyclonedx-gomod,120,120,0,82,74.5,74.5,107,13,1,93.9,93.9
uadmin__uadmin,47,27,syft,33,33,0,14,82.5,82.5,27,6,0,90.0,90.0
uadmin__uadmin,47,27,trivy,28,28,0,19,74.7,74.7,27,1,0,98.2,98.2
uadmin__uadmin,47,27,cdxgen,27,27,0,20,73.0,73.0,27,0,0,100.0,100.0
uadmin__uadmin,47,27,cyclonedx-gomod,28,28,0,19,74.7,74.7,27,1,0,98.2,98.2
uber-go__cadence-client,147,48,syft,103,73,30,74,58.4,54.4,48,55,0,63.6,62.3
uber-go__cadence-client,147,48,trivy,95,64,31,83,52.9,48.8,48,47,0,67.1,65.7
uber-go__cadence-client,147,48,cdxgen,90,60,30,87,50.6,45.6,48,42,0,69.6,68.1
uber-go__cadence-client,147,48,cyclonedx-gomod,54,54,0,93,53.7,53.7,47,7,1,92.2,92.2
uber-go__dig,6,4,syft,5,5,0,1,90.9,90.9,4,1,0,88.9,88.9
uber-go__dig,6,4,trivy,4,4,0,2,80.0,80.0,4,0,0,100.0,100.0
uber-go__dig,6,4,cdxgen,4,4,0,2,80.0,80.0,4,0,0,100.0,100.0
uber-go__dig,6,4,cyclonedx-gomod,1,1,0,5,28.6,28.6,1,0,3,40.0,40.0
uber-go__fx,15,4,syft,19,13,6,2,76.5,64.7,4,15,0,34.8,34.8
uber-go__fx,15,4,trivy,15,10,5,5,66.7,60.0,4,11,0,42.1,42.1
uber-go__fx,15,4,cdxgen,7,5,2,10,45.5,36.4,4,3,0,72.7,72.7
uber-go__fx,15,4,cyclonedx-gomod,4,4,0,11,42.1,42.1,4,0,0,100.0,100.0
uber-go__mock,14,4,syft,15,10,5,4,69.0,69.0,4,11,0,42.1,42.1
uber-go__mock,14,4,trivy,13,8,5,6,59.3,59.3,4,9,0,47.1,47.1
uber-go__mock,14,4,cdxgen,5,4,1,10,42.1,42.1,4,1,0,88.9,88.9
uber-go__mock,14,4,cyclonedx-gomod,4,4,0,10,44.4,44.4,4,0,0,100.0,100.0
uber-go__zap,12,1,syft,33,10,23,2,44.4,40.0,1,32,0,5.9,5.9
uber-go__zap,12,1,trivy,34,10,24,2,43.5,34.8,1,33,0,5.7,5.7
uber-go__zap,12,1,cdxgen,7,1,6,11,10.5,10.5,1,6,0,25.0,25.0
uber-go__zap,12,1,cyclonedx-gomod,1,1,0,11,15.4,15.4,1,0,0,100.0,100.0
udhos__jazigo,24,8,syft,17,17,0,7,82.9,82.9,8,9,0,64.0,64.0
udhos__jazigo,24,8,trivy,10,10,0,14,58.8,58.8,8,2,0,88.9,88.9
udhos__jazigo,24,8,cdxgen,8,8,0,16,50.0,50.0,8,0,0,100.0,100.0
udhos__jazigo,24,8,cyclonedx-gomod,9,9,0,15,54.5,54.5,8,1,0,94.1,94.1
ulule__limiter,50,27,syft,42,42,0,8,91.3,91.3,27,15,0,78.3,78.3
ulule__limiter,50,27,trivy,38,38,0,12,86.4,86.4,27,11,0,83.1,83.1
ulule__limiter,50,27,cdxgen,27,27,0,23,70.1,70.1,27,0,0,100.0,100.0
ulule__limiter,50,27,cyclonedx-gomod,36,36,0,14,83.7,83.7,27,9,0,85.7,85.7
ungerik__go3d,1,1,syft,1,1,0,0,100.0,100.0,1,0,0,100.0,100.0
ungerik__go3d,1,1,trivy,1,1,0,0,100.0,100.0,1,0,0,100.0,100.0
ungerik__go3d,1,1,cdxgen,1,1,0,0,100.0,100.0,1,0,0,100.0,100.0
ungerik__go3d,1,1,cyclonedx-gomod,1,1,0,0,100.0,100.0,1,0,0,100.0,100.0
unidoc__unioffice,46,28,syft,33,33,0,13,83.5,83.5,28,5,0,91.8,91.8
unidoc__unioffice,46,28,trivy,28,28,0,18,75.7,75.7,28,0,0,100.0,100.0
unidoc__unioffice,46,28,cdxgen,28,28,0,18,75.7,75.7,28,0,0,100.0,100.0
unidoc__unioffice,46,28,cyclonedx-gomod,28,28,0,18,75.7,75.7,28,0,0,100.0,100.0
unionj-cloud__go-doudou,756,259,syft,332,327,5,429,60.1,57.2,259,73,0,87.6,82.9
unionj-cloud__go-doudou,756,259,trivy,284,280,4,476,53.8,51.0,259,25,0,95.4,90.2
unionj-cloud__go-doudou,756,259,cdxgen,283,280,3,476,53.9,52.7,259,24,0,95.6,93.7
unionj-cloud__go-doudou,756,259,cyclonedx-gomod,270,270,0,486,52.6,52.6,259,11,0,97.9,97.9
uniqush__uniqush-push,24,6,syft,21,21,0,3,93.3,88.9,6,15,0,44.4,37.0
uniqush__uniqush-push,24,6,trivy,24,24,0,0,100.0,95.8,6,18,0,40.0,33.3
uniqush__uniqush-push,24,6,cdxgen,6,6,0,18,40.0,33.3,6,0,0,100.0,83.3
uniqush__uniqush-push,24,6,cyclonedx-gomod,6,6,0,18,40.0,40.0,6,0,0,100.0,100.0
unit-io__unitdb,51,13,syft,14,14,0,37,43.1,43.1,13,1,0,96.3,96.3
unit-io__unitdb,51,13,trivy,51,51,0,0,100.0,100.0,13,38,0,40.6,40.6
unit-io__unitdb,51,13,cdxgen,13,13,0,38,40.6,40.6,13,0,0,100.0,100.0
unit-io__unitdb,51,13,cyclonedx-gomod,13,13,0,38,40.6,40.6,13,0,0,100.0,100.0
unix4fun__naclpipe,2,2,syft,2,2,0,0,100.0,100.0,2,0,0,100.0,100.0
unix4fun__naclpipe,2,2,trivy,2,2,0,0,100.0,100.0,2,0,0,100.0,100.0
unix4fun__naclpipe,2,2,cdxgen,2,2,0,0,100.0,100.0,2,0,0,100.0,100.0
unix4fun__naclpipe,2,2,cyclonedx-gomod,2,2,0,0,100.0,100.0,2,0,0,100.0,100.0
unki2aut__go-mpd,10,1,syft,8,8,0,2,88.9,88.9,1,7,0,22.2,22.2
unki2aut__go-mpd,10,1,trivy,5,5,0,5,66.7,66.7,1,4,0,33.3,33.3
unki2aut__go-mpd,10,1,cdxgen,1,1,0,9,18.2,18.2,1,0,0,100.0,100.0
unki2aut__go-mpd,10,1,cyclonedx-gomod,1,1,0,9,18.2,18.2,1,0,0,100.0,100.0
unrolled__render,2,2,syft,2,2,0,0,100.0,100.0,2,0,0,100.0,100.0
unrolled__render,2,2,trivy,2,2,0,0,100.0,100.0,2,0,0,100.0,100.0
unrolled__render,2,2,cdxgen,2,2,0,0,100.0,100.0,2,0,0,100.0,100.0
unrolled__render,2,2,cyclonedx-gomod,2,2,0,0,100.0,100.0,2,0,0,100.0,100.0
updatecli__updatecli,781,316,syft,490,447,43,334,70.3,54.0,315,175,1,78.2,56.6
updatecli__updatecli,781,316,trivy,418,374,44,407,62.4,44.9,315,103,1,85.8,62.4
updatecli__updatecli,781,316,cdxgen,420,374,46,407,62.3,58.3,316,104,0,85.9,84.8
updatecli__updatecli,781,316,cyclonedx-gomod,317,316,1,465,57.6,57.6,312,5,4,98.6,98.6
upper__db,106,45,syft,56,56,0,50,69.1,69.1,45,11,0,89.1,89.1
upper__db,106,45,trivy,50,50,0,56,64.1,64.1,45,5,0,94.7,94.7
upper__db,106,45,cdxgen,45,45,0,61,59.6,59.6,45,0,0,100.0,100.0
upper__db,106,45,cyclonedx-gomod,44,44,0,62,58.7,58.7,44,0,1,98.9,98.9
uptrace__bun,22,9,syft,144,17,127,5,20.5,19.3,9,135,0,11.8,11.8
uptrace__bun,22,9,trivy,119,17,102,5,24.1,22.7,9,110,0,14.1,14.1
uptrace__bun,22,9,cdxgen,72,11,61,11,23.4,23.4,9,63,0,22.2,22.2
uptrace__bun,22,9,cyclonedx-gomod,9,9,0,13,58.1,58.1,9,0,0,100.0,100.0
us__den,126,57,syft,90,90,0,36,83.3,82.4,57,33,0,77.6,76.2
us__den,126,57,trivy,76,76,0,50,75.2,74.3,57,19,0,85.7,84.2
us__den,126,57,cdxgen,57,57,0,69,62.3,61.2,57,0,0,100.0,98.2
us__den,126,57,cyclonedx-gomod,59,59,0,67,63.8,63.8,57,2,0,98.3,98.3
utahta__go-cronowriter,10,2,syft,10,10,0,0,100.0,100.0,2,8,0,33.3,33.3
utahta__go-cronowriter,10,2,trivy,10,10,0,0,100.0,100.0,2,8,0,33.3,33.3
utahta__go-cronowriter,10,2,cdxgen,2,2,0,8,33.3,33.3,2,0,0,100.0,100.0
utahta__go-cronowriter,10,2,cyclonedx-gomod,2,2,0,8,33.3,33.3,2,0,0,100.0,100.0
vadiminshakov__committer,141,43,syft,56,56,0,85,56.9,55.8,43,13,0,86.9,84.8
vadiminshakov__committer,141,43,trivy,49,49,0,92,51.6,50.5,43,6,0,93.5,91.3
vadiminshakov__committer,141,43,cdxgen,43,43,0,98,46.7,45.7,43,0,0,100.0,97.7
vadiminshakov__committer,141,43,cyclonedx-gomod,45,45,0,96,48.4,48.4,43,2,0,97.7,97.7
vahiiiid__go-rest-api-boilerplate,288,60,syft,106,106,0,182,53.8,53.3,60,46,0,72.3,72.3
vahiiiid__go-rest-api-boilerplate,288,60,trivy,76,76,0,212,41.8,41.8,60,16,0,88.2,88.2
vahiiiid__go-rest-api-boilerplate,288,60,cdxgen,76,76,0,212,41.8,41.8,60,16,0,88.2,88.2
vahiiiid__go-rest-api-boilerplate,288,60,cyclonedx-gomod,71,71,0,217,39.6,39.6,60,11,0,91.6,91.6
valyala__fasthttp,12,7,syft,8,8,0,4,80.0,80.0,7,1,0,93.3,93.3
valyala__fasthttp,12,7,trivy,7,7,0,5,73.7,73.7,7,0,0,100.0,100.0
valyala__fasthttp,12,7,cdxgen,7,7,0,5,73.7,73.7,7,0,0,100.0,100.0
valyala__fasthttp,12,7,cyclonedx-gomod,7,7,0,5,73.7,73.7,7,0,0,100.0,100.0
valyala__fasttemplate,1,1,syft,1,1,0,0,100.0,100.0,1,0,0,100.0,100.0
valyala__fasttemplate,1,1,trivy,1,1,0,0,100.0,100.0,1,0,0,100.0,100.0
valyala__fasttemplate,1,1,cdxgen,1,1,0,0,100.0,100.0,1,0,0,100.0,100.0
valyala__fasttemplate,1,1,cyclonedx-gomod,1,1,0,0,100.0,100.0,1,0,0,100.0,100.0
valyala__quicktemplate,9,4,syft,4,4,0,5,61.5,61.5,4,0,0,100.0,100.0
valyala__quicktemplate,9,4,trivy,4,4,0,5,61.5,61.5,4,0,0,100.0,100.0
valyala__quicktemplate,9,4,cdxgen,4,4,0,5,61.5,61.5,4,0,0,100.0,100.0
valyala__quicktemplate,9,4,cyclonedx-gomod,4,4,0,5,61.5,61.5,4,0,0,100.0,100.0
vanng822__go-premailer,34,17,syft,22,22,0,12,78.6,78.6,17,5,0,87.2,87.2
vanng822__go-premailer,34,17,trivy,21,21,0,13,76.4,76.4,17,4,0,89.5,89.5
vanng822__go-premailer,34,17,cdxgen,17,17,0,17,66.7,66.7,17,0,0,100.0,100.0
vanng822__go-premailer,34,17,cyclonedx-gomod,17,17,0,17,66.7,66.7,17,0,0,100.0,100.0
vardius__gorouter,9,4,syft,4,4,0,5,61.5,61.5,4,0,0,100.0,100.0
vardius__gorouter,9,4,trivy,4,4,0,5,61.5,61.5,4,0,0,100.0,100.0
vardius__gorouter,9,4,cdxgen,4,4,0,5,61.5,61.5,4,0,0,100.0,100.0
vardius__gorouter,9,4,cyclonedx-gomod,4,4,0,5,61.5,61.5,4,0,0,100.0,100.0
vbauerster__mpb,12,5,syft,41,9,32,3,34.0,34.0,5,36,0,21.7,21.7
vbauerster__mpb,12,5,trivy,36,8,28,4,33.3,33.3,5,31,0,24.4,24.4
vbauerster__mpb,12,5,cdxgen,11,5,6,7,43.5,43.5,5,6,0,62.5,62.5
vbauerster__mpb,12,5,cyclonedx-gomod,8,8,0,4,80.0,80.0,5,3,0,76.9,76.9
vdobler__chart,8,4,syft,8,8,0,0,100.0,100.0,4,4,0,66.7,66.7
vdobler__chart,8,4,trivy,8,8,0,0,100.0,100.0,4,4,0,66.7,66.7
vdobler__chart,8,4,cdxgen,4,4,0,4,66.7,66.7,4,0,0,100.0,100.0
vdobler__chart,8,4,cyclonedx-gomod,4,4,0,4,66.7,66.7,4,0,0,100.0,100.0
vectaport__flowgraph,6,3,syft,3,3,0,3,66.7,66.7,3,0,0,100.0,100.0
vectaport__flowgraph,6,3,trivy,3,3,0,3,66.7,66.7,3,0,0,100.0,100.0
vectaport__flowgraph,6,3,cdxgen,3,3,0,3,66.7,66.7,3,0,0,100.0,100.0
vectaport__flowgraph,6,3,cyclonedx-gomod,3,3,0,3,66.7,66.7,3,0,0,100.0,100.0
viant__afs,79,5,syft,20,20,0,59,40.4,40.4,5,15,0,40.0,40.0
viant__afs,79,5,trivy,15,15,0,64,31.9,31.9,5,10,0,50.0,50.0
viant__afs,79,5,cdxgen,5,5,0,74,11.9,11.9,5,0,0,100.0,100.0
viant__afs,79,5,cyclonedx-gomod,6,6,0,73,14.1,14.1,5,1,0,90.9,90.9
viant__bgc,102,31,syft,57,57,0,45,71.7,71.7,31,26,0,70.5,70.5
viant__bgc,102,31,trivy,44,44,0,58,60.3,60.3,31,13,0,82.7,82.7
viant__bgc,102,31,cdxgen,31,31,0,71,46.6,46.6,31,0,0,100.0,100.0
viant__bgc,102,31,cyclonedx-gomod,0,0,0,102,0.0,0.0,0,0,31,0.0,0.0
viant__dsc,37,13,syft,54,28,26,9,61.5,28.6,13,41,0,38.8,38.8
viant__dsc,37,13,trivy,30,25,5,12,74.6,38.8,13,17,0,60.5,60.5
viant__dsc,37,13,cdxgen,13,8,5,29,32.0,12.0,13,0,0,100.0,100.0
viant__dsc,37,13,cyclonedx-gomod,14,9,5,28,35.3,11.8,13,1,0,96.3,96.3
viant__endly,630,204,syft,281,275,6,355,60.4,56.9,204,77,0,84.1,78.4
viant__endly,630,204,trivy,696,630,66,0,95.0,86.1,204,492,0,45.3,41.3
viant__endly,630,204,cdxgen,204,204,0,426,48.9,47.7,204,0,0,100.0,97.5
viant__endly,630,204,cyclonedx-gomod,217,217,0,413,51.2,51.2,204,13,0,96.9,96.9
vibridi__gomock,11,4,syft,9,9,0,2,90.0,90.0,4,5,0,61.5,61.5
vibridi__gomock,11,4,trivy,8,8,0,3,84.2,84.2,4,4,0,66.7,66.7
vibridi__gomock,11,4,cdxgen,4,4,0,7,53.3,53.3,4,0,0,100.0,100.0
vibridi__gomock,11,4,cyclonedx-gomod,4,4,0,7,53.3,53.3,4,0,0,100.0,100.0
viccon__sturdyc,2,1,syft,2,2,0,0,100.0,100.0,1,1,0,66.7,66.7
viccon__sturdyc,2,1,trivy,2,2,0,0,100.0,100.0,1,1,0,66.7,66.7
viccon__sturdyc,2,1,cdxgen,1,1,0,1,66.7,66.7,1,0,0,100.0,100.0
viccon__sturdyc,2,1,cyclonedx-gomod,1,1,0,1,66.7,66.7,1,0,0,100.0,100.0
vimeda__pletter,4,2,syft,3,3,0,1,85.7,85.7,2,1,0,80.0,80.0
vimeda__pletter,4,2,trivy,4,4,0,0,100.0,100.0,2,2,0,66.7,66.7
vimeda__pletter,4,2,cdxgen,2,2,0,2,66.7,66.7,2,0,0,100.0,100.0
vimeda__pletter,4,2,cyclonedx-gomod,2,2,0,2,66.7,66.7,2,0,0,100.0,100.0
viney-shih__go-cache,48,10,syft,24,24,0,24,66.7,66.7,10,14,0,58.8,58.8
viney-shih__go-cache,48,10,trivy,14,14,0,34,45.2,45.2,10,4,0,83.3,83.3
viney-shih__go-cache,48,10,cdxgen,10,10,0,38,34.5,34.5,10,0,0,100.0,100.0
viney-shih__go-cache,48,10,cyclonedx-gomod,10,10,0,38,34.5,34.5,10,0,0,100.0,100.0
viney-shih__go-lock,7,1,syft,6,6,0,1,92.3,92.3,1,5,0,28.6,28.6
viney-shih__go-lock,7,1,trivy,7,7,0,0,100.0,100.0,1,6,0,25.0,25.0
viney-shih__go-lock,7,1,cdxgen,1,1,0,6,25.0,25.0,1,0,0,100.0,100.0
viney-shih__go-lock,7,1,cyclonedx-gomod,1,1,0,6,25.0,25.0,1,0,0,100.0,100.0
vinod-morya__fibersse,28,16,syft,24,24,0,4,92.3,92.3,16,8,0,80.0,80.0
vinod-morya__fibersse,28,16,trivy,16,16,0,12,72.7,72.7,16,0,0,100.0,100.0
vinod-morya__fibersse,28,16,cdxgen,16,16,0,12,72.7,72.7,16,0,0,100.0,100.0
vinod-morya__fibersse,28,16,cyclonedx-gomod,16,16,0,12,72.7,72.7,16,0,0,100.0,100.0
vladopajic__go-actor,11,1,syft,9,9,0,2,90.0,90.0,1,8,0,20.0,20.0
vladopajic__go-actor,11,1,trivy,7,7,0,4,77.8,77.8,1,6,0,25.0,25.0
vladopajic__go-actor,11,1,cdxgen,1,1,0,10,16.7,16.7,1,0,0,100.0,100.0
vladopajic__go-actor,11,1,cyclonedx-gomod,1,1,0,10,16.7,16.7,1,0,0,100.0,100.0
vladopajic__go-test-coverage,47,15,syft,30,30,0,17,77.9,77.9,15,15,0,66.7,66.7
vladopajic__go-test-coverage,47,15,trivy,25,25,0,22,69.4,69.4,15,10,0,75.0,75.0
vladopajic__go-test-coverage,47,15,cdxgen,15,15,0,32,48.4,48.4,15,0,0,100.0,100.0
vladopajic__go-test-coverage,47,15,cyclonedx-gomod,15,15,0,32,48.4,48.4,15,0,0,100.0,100.0
volatiletech__authboss,16,5,syft,10,10,0,6,76.9,76.9,5,5,0,66.7,66.7
volatiletech__authboss,16,5,trivy,8,8,0,8,66.7,66.7,5,3,0,76.9,76.9
volatiletech__authboss,16,5,cdxgen,5,5,0,11,47.6,47.6,5,0,0,100.0,100.0
volatiletech__authboss,16,5,cyclonedx-gomod,6,6,0,10,54.5,54.5,5,1,0,90.9,90.9
volatiletech__sqlboiler,176,44,syft,71,71,0,105,57.5,56.7,44,27,0,76.5,74.8
volatiletech__sqlboiler,176,44,trivy,64,64,0,112,53.3,52.5,44,20,0,81.5,79.6
volatiletech__sqlboiler,176,44,cdxgen,44,44,0,132,40.0,39.1,44,0,0,100.0,97.7
volatiletech__sqlboiler,176,44,cyclonedx-gomod,58,58,0,118,49.6,49.6,44,14,0,86.3,86.3
volodymyrprokopyuk__go-blockchain,48,10,syft,22,22,0,26,62.9,62.9,10,12,0,62.5,62.5
volodymyrprokopyuk__go-blockchain,48,10,trivy,11,11,0,37,37.3,37.3,10,1,0,95.2,95.2
volodymyrprokopyuk__go-blockchain,48,10,cdxgen,10,10,0,38,34.5,34.5,10,0,0,100.0,100.0
volodymyrprokopyuk__go-blockchain,48,10,cyclonedx-gomod,11,11,0,37,37.3,37.3,10,1,0,95.2,95.2
vorlif__spreak,10,1,syft,9,6,3,4,63.2,63.2,1,8,0,20.0,20.0
vorlif__spreak,10,1,trivy,8,5,3,5,55.6,55.6,1,7,0,22.2,22.2
vorlif__spreak,10,1,cdxgen,2,1,1,9,16.7,16.7,1,1,0,66.7,66.7
vorlif__spreak,10,1,cyclonedx-gomod,1,1,0,9,18.2,18.2,1,0,0,100.0,100.0
wI2L__jsondiff,4,4,syft,4,4,0,0,100.0,100.0,4,0,0,100.0,100.0
wI2L__jsondiff,4,4,trivy,4,4,0,0,100.0,100.0,4,0,0,100.0,100.0
wI2L__jsondiff,4,4,cdxgen,4,4,0,0,100.0,100.0,4,0,0,100.0,100.0
wI2L__jsondiff,4,4,cyclonedx-gomod,4,4,0,0,100.0,100.0,4,0,0,100.0,100.0
wabarc__wayback,471,138,syft,180,180,0,291,55.3,54.7,138,42,0,86.8,86.2
wabarc__wayback,471,138,trivy,164,164,0,307,51.7,51.0,138,26,0,91.4,90.7
wabarc__wayback,471,138,cdxgen,138,138,0,333,45.3,45.0,138,0,0,100.0,99.3
wabarc__wayback,471,138,cyclonedx-gomod,163,163,0,308,51.4,51.4,138,25,0,91.7,91.7
wagoodman__dive,148,83,syft,122,122,0,26,90.4,88.9,83,39,0,81.0,79.0
wagoodman__dive,148,83,trivy,109,109,0,39,84.8,83.3,83,26,0,86.5,84.4
wagoodman__dive,148,83,cdxgen,83,83,0,65,71.9,70.1,83,0,0,100.0,97.6
wagoodman__dive,148,83,cyclonedx-gomod,84,84,0,64,72.4,72.4,81,3,2,97.0,97.0
wajox__gobase,92,39,syft,60,60,0,32,78.9,78.9,39,21,0,78.8,78.8
wajox__gobase,92,39,trivy,49,49,0,43,69.5,69.5,39,10,0,88.6,88.6
wajox__gobase,92,39,cdxgen,39,39,0,53,59.5,59.5,39,0,0,100.0,100.0
wajox__gobase,92,39,cyclonedx-gomod,45,45,0,47,65.7,65.7,39,6,0,92.9,92.9
wangyoucao577__go-project-layout,2,2,syft,2,2,0,0,100.0,100.0,2,0,0,100.0,100.0
wangyoucao577__go-project-layout,2,2,trivy,2,2,0,0,100.0,100.0,2,0,0,100.0,100.0
wangyoucao577__go-project-layout,2,2,cdxgen,2,2,0,0,100.0,100.0,2,0,0,100.0,100.0
wangyoucao577__go-project-layout,2,2,cyclonedx-gomod,2,2,0,0,100.0,100.0,2,0,0,100.0,100.0
webhookx-io__webhookx,410,132,syft,195,195,0,215,64.5,61.5,132,63,0,80.7,77.7
webhookx-io__webhookx,410,132,trivy,146,146,0,264,52.5,50.7,132,14,0,95.0,91.4
webhookx-io__webhookx,410,132,cdxgen,132,132,0,278,48.7,48.0,132,0,0,100.0,98.5
webhookx-io__webhookx,410,132,cyclonedx-gomod,132,132,0,278,48.7,48.3,130,2,2,98.5,97.7
wellington__wellington,105,10,syft,12,12,0,93,20.5,20.5,10,2,0,90.9,90.9
wellington__wellington,105,10,trivy,105,105,0,0,100.0,98.1,10,95,0,17.4,17.4
wellington__wellington,105,10,cdxgen,10,10,0,95,17.4,17.4,10,0,0,100.0,100.0
wellington__wellington,105,10,cyclonedx-gomod,12,12,0,93,20.5,20.5,10,2,0,90.9,90.9
wesql__wescale,586,189,syft,317,262,55,324,58.0,51.6,189,128,0,74.7,67.6
wesql__wescale,586,189,trivy,455,352,103,234,67.6,37.3,189,266,0,58.7,28.6
wesql__wescale,586,189,cdxgen,200,191,9,395,48.6,46.8,189,11,0,97.2,94.1
wesql__wescale,586,189,cyclonedx-gomod,207,207,0,379,52.2,52.2,187,20,2,94.4,94.4
whitaker-io__machine,1,1,syft,47,1,46,0,4.2,0.0,1,46,0,4.2,0.0
whitaker-io__machine,1,1,trivy,42,1,41,0,4.7,4.7,1,41,0,4.7,4.7
whitaker-io__machine,1,1,cdxgen,32,1,31,0,6.1,6.1,1,31,0,6.1,6.1
whitaker-io__machine,1,1,cyclonedx-gomod,1,1,0,0,100.0,100.0,1,0,0,100.0,100.0
wisp-trading__wisp,313,120,syft,238,238,0,75,86.4,86.0,120,118,0,67.0,66.5
wisp-trading__wisp,313,120,trivy,142,142,0,171,62.4,62.0,120,22,0,91.6,90.8
wisp-trading__wisp,313,120,cdxgen,120,120,0,193,55.4,55.0,120,0,0,100.0,99.2
wisp-trading__wisp,313,120,cyclonedx-gomod,127,127,0,186,57.7,57.7,117,10,3,94.7,94.7
wkhere__bcl,2,1,syft,2,2,0,0,100.0,100.0,1,1,0,66.7,66.7
wkhere__bcl,2,1,trivy,2,2,0,0,100.0,100.0,1,1,0,66.7,66.7
wkhere__bcl,2,1,cdxgen,1,1,0,1,66.7,66.7,1,0,0,100.0,100.0
wkhere__bcl,2,1,cyclonedx-gomod,1,1,0,1,66.7,66.7,1,0,0,100.0,100.0
wlevene__ini,2,2,syft,2,2,0,0,100.0,100.0,2,0,0,100.0,100.0
wlevene__ini,2,2,trivy,2,2,0,0,100.0,100.0,2,0,0,100.0,100.0
wlevene__ini,2,2,cdxgen,2,2,0,0,100.0,100.0,2,0,0,100.0,100.0
wlevene__ini,2,2,cyclonedx-gomod,2,2,0,0,100.0,100.0,2,0,0,100.0,100.0
wneessen__go-hibp,1,1,syft,1,1,0,0,100.0,100.0,1,0,0,100.0,100.0
wneessen__go-hibp,1,1,trivy,1,1,0,0,100.0,100.0,1,0,0,100.0,100.0
wneessen__go-hibp,1,1,cdxgen,1,1,0,0,100.0,100.0,1,0,0,100.0,100.0
wneessen__go-hibp,1,1,cyclonedx-gomod,1,1,0,0,100.0,100.0,1,0,0,100.0,100.0
wneessen__go-mail,4,1,syft,1,1,0,3,40.0,40.0,1,0,0,100.0,100.0
wneessen__go-mail,4,1,trivy,4,4,0,0,100.0,100.0,1,3,0,40.0,40.0
wneessen__go-mail,4,1,cdxgen,1,1,0,3,40.0,40.0,1,0,0,100.0,100.0
wneessen__go-mail,4,1,cyclonedx-gomod,1,1,0,3,40.0,40.0,1,0,0,100.0,100.0
woodpecker-ci__woodpecker,413,201,syft,278,278,0,135,80.5,80.2,201,77,0,83.9,83.5
woodpecker-ci__woodpecker,413,201,trivy,238,238,0,175,73.1,72.8,201,37,0,91.6,91.1
woodpecker-ci__woodpecker,413,201,cdxgen,238,238,0,175,73.1,72.8,201,37,0,91.6,91.1
woodpecker-ci__woodpecker,413,201,cyclonedx-gomod,228,228,0,185,71.1,71.1,199,29,2,92.8,92.8
wzshiming__ctc,2,1,syft,2,2,0,0,100.0,100.0,1,1,0,66.7,66.7
wzshiming__ctc,2,1,trivy,2,2,0,0,100.0,100.0,1,1,0,66.7,66.7
wzshiming__ctc,2,1,cdxgen,1,1,0,1,66.7,66.7,1,0,0,100.0,100.0
wzshiming__ctc,2,1,cyclonedx-gomod,2,2,0,0,100.0,100.0,1,1,0,66.7,66.7
x-mod__routine,34,7,syft,17,17,0,17,66.7,66.7,7,10,0,58.3,58.3
x-mod__routine,34,7,trivy,34,34,0,0,100.0,100.0,7,27,0,34.1,34.1
x-mod__routine,34,7,cdxgen,7,7,0,27,34.1,34.1,7,0,0,100.0,100.0
x-mod__routine,34,7,cyclonedx-gomod,7,7,0,27,34.1,34.1,7,0,0,100.0,100.0
xaionaro-go__secureio,30,14,syft,22,22,0,8,84.6,80.8,14,8,0,77.8,77.8
xaionaro-go__secureio,30,14,trivy,30,30,0,0,100.0,96.7,14,16,0,63.6,63.6
xaionaro-go__secureio,30,14,cdxgen,14,14,0,16,63.6,63.6,14,0,0,100.0,100.0
xaionaro-go__secureio,30,14,cyclonedx-gomod,14,14,0,16,63.6,63.6,14,0,0,100.0,100.0
xgzlucario__rotom,129,32,syft,51,51,0,78,56.7,56.7,32,19,0,77.1,77.1
xgzlucario__rotom,129,32,trivy,44,44,0,85,50.9,50.9,32,12,0,84.2,84.2
xgzlucario__rotom,129,32,cdxgen,32,32,0,97,39.8,39.8,32,0,0,100.0,100.0
xgzlucario__rotom,129,32,cyclonedx-gomod,35,35,0,94,42.7,42.7,32,3,0,95.5,95.5
xhd2015__xgo,0,1,syft,136,0,136,0,0.0,0.0,1,135,0,1.5,0.0
xhd2015__xgo,0,1,trivy,124,0,124,0,0.0,0.0,1,123,0,1.6,0.0
xhd2015__xgo,0,1,cdxgen,0,0,0,0,0.0,0.0,0,0,1,0.0,0.0
xhd2015__xgo,0,1,cyclonedx-gomod,1,0,1,0,0.0,0.0,1,0,0,100.0,100.0
xhit__go-simple-mail,1,1,syft,7,1,6,0,25.0,25.0,1,6,0,25.0,25.0
xhit__go-simple-mail,1,1,trivy,9,1,8,0,20.0,20.0,1,8,0,20.0,20.0
xhit__go-simple-mail,1,1,cdxgen,1,1,0,0,100.0,100.0,1,0,0,100.0,100.0
xhit__go-simple-mail,1,1,cyclonedx-gomod,1,1,0,0,100.0,100.0,1,0,0,100.0,100.0
xiaonanln__goworld,55,33,syft,50,50,0,5,95.2,89.5,33,17,0,79.5,72.3
xiaonanln__goworld,55,33,trivy,44,44,0,11,88.9,82.8,33,11,0,85.7,77.9
xiaonanln__goworld,55,33,cdxgen,33,33,0,22,75.0,68.2,33,0,0,100.0,90.9
xiaonanln__goworld,55,33,cyclonedx-gomod,0,0,0,55,0.0,0.0,0,0,33,0.0,0.0
xitonix__trubka,124,45,syft,64,64,0,60,68.1,66.0,45,19,0,82.6,78.9
xitonix__trubka,124,45,trivy,46,46,0,78,54.1,51.8,45,1,0,98.9,94.5
xitonix__trubka,124,45,cdxgen,45,45,0,79,53.3,50.9,45,0,0,100.0,95.6
xitonix__trubka,124,45,cyclonedx-gomod,46,46,0,78,54.1,54.1,45,1,0,98.9,98.9
xjasonlyu__tun2socks,107,21,syft,34,34,0,73,48.2,48.2,21,13,0,76.4,76.4
xjasonlyu__tun2socks,107,21,trivy,30,30,0,77,43.8,43.8,21,9,0,82.4,82.4
xjasonlyu__tun2socks,107,21,cdxgen,21,21,0,86,32.8,32.8,21,0,0,100.0,100.0
xjasonlyu__tun2socks,107,21,cyclonedx-gomod,24,24,0,83,36.6,36.6,21,3,0,93.3,93.3
xtaci__gaio,1,1,syft,1,1,0,0,100.0,100.0,1,0,0,100.0,100.0
xtaci__gaio,1,1,trivy,1,1,0,0,100.0,100.0,1,0,0,100.0,100.0
xtaci__gaio,1,1,cdxgen,1,1,0,0,100.0,100.0,1,0,0,100.0,100.0
xtaci__gaio,1,1,cyclonedx-gomod,1,1,0,0,100.0,100.0,1,0,0,100.0,100.0
xtaci__kcp-go,40,8,syft,14,14,0,26,51.9,51.9,8,6,0,72.7,72.7
xtaci__kcp-go,40,8,trivy,13,13,0,27,49.1,49.1,8,5,0,76.2,76.2
xtaci__kcp-go,40,8,cdxgen,8,8,0,32,33.3,33.3,8,0,0,100.0,100.0
xtaci__kcp-go,40,8,cyclonedx-gomod,8,8,0,32,33.3,33.3,8,0,0,100.0,100.0
xujiajun__nutsdb,20,13,syft,17,17,0,3,91.9,91.9,13,4,0,86.7,86.7
xujiajun__nutsdb,20,13,trivy,15,15,0,5,85.7,85.7,13,2,0,92.9,92.9
xujiajun__nutsdb,20,13,cdxgen,13,13,0,7,78.8,78.8,13,0,0,100.0,100.0
xujiajun__nutsdb,20,13,cyclonedx-gomod,10,10,0,10,66.7,66.7,10,0,3,87.0,87.0
xuri__aurora,2,1,syft,2,2,0,0,100.0,100.0,1,1,0,66.7,66.7
xuri__aurora,2,1,trivy,2,2,0,0,100.0,100.0,1,1,0,66.7,66.7
xuri__aurora,2,1,cdxgen,1,1,0,1,66.7,66.7,1,0,0,100.0,100.0
xuri__aurora,2,1,cyclonedx-gomod,1,1,0,1,66.7,66.7,1,0,0,100.0,100.0
xuri__excelize,20,8,syft,14,14,0,6,82.4,82.4,8,6,0,72.7,72.7
xuri__excelize,20,8,trivy,13,13,0,7,78.8,78.8,8,5,0,76.2,76.2
xuri__excelize,20,8,cdxgen,8,8,0,12,57.1,57.1,8,0,0,100.0,100.0
xuri__excelize,20,8,cyclonedx-gomod,8,8,0,12,57.1,57.1,8,0,0,100.0,100.0
xuri__xgen,14,2,syft,7,7,0,7,66.7,66.7,2,5,0,44.4,44.4
xuri__xgen,14,2,trivy,6,6,0,8,60.0,60.0,2,4,0,50.0,50.0
xuri__xgen,14,2,cdxgen,2,2,0,12,25.0,25.0,2,0,0,100.0,100.0
xuri__xgen,14,2,cyclonedx-gomod,2,2,0,12,25.0,25.0,2,0,0,100.0,100.0
xwjdsh__awesome-go-extra,94,9,syft,22,22,0,72,37.9,37.9,9,13,0,58.1,58.1
xwjdsh__awesome-go-extra,94,9,trivy,94,94,0,0,100.0,98.9,9,85,0,17.5,17.5
xwjdsh__awesome-go-extra,94,9,cdxgen,9,9,0,85,17.5,17.5,9,0,0,100.0,100.0
xwjdsh__awesome-go-extra,94,9,cyclonedx-gomod,9,9,0,85,17.5,17.5,9,0,0,100.0,100.0
xwjdsh__manssh,10,5,syft,10,10,0,0,100.0,100.0,5,5,0,66.7,66.7
xwjdsh__manssh,10,5,trivy,9,9,0,1,94.7,94.7,5,4,0,71.4,71.4
xwjdsh__manssh,10,5,cdxgen,5,5,0,5,66.7,66.7,5,0,0,100.0,100.0
xwjdsh__manssh,10,5,cyclonedx-gomod,6,6,0,4,75.0,75.0,5,1,0,90.9,90.9
xxjwxc__ginrpc,308,28,syft,48,48,0,260,27.0,27.0,28,20,0,73.7,73.7
xxjwxc__ginrpc,308,28,trivy,37,37,0,271,21.4,21.4,28,9,0,86.2,86.2
xxjwxc__ginrpc,308,28,cdxgen,28,28,0,280,16.7,16.7,28,0,0,100.0,100.0
xxjwxc__ginrpc,308,28,cyclonedx-gomod,37,37,0,271,21.4,21.4,28,9,0,86.2,86.2
xxjwxc__gormt,324,48,syft,73,73,0,251,36.8,36.8,48,25,0,79.3,79.3
xxjwxc__gormt,324,48,trivy,51,51,0,273,27.2,27.2,48,3,0,97.0,97.0
xxjwxc__gormt,324,48,cdxgen,48,48,0,276,25.8,25.8,48,0,0,100.0,100.0
xxjwxc__gormt,324,48,cyclonedx-gomod,47,47,0,277,25.3,25.3,46,1,2,96.8,96.8
xxjwxc__gowp,149,12,syft,21,21,0,128,24.7,24.7,12,9,0,72.7,72.7
xxjwxc__gowp,149,12,trivy,149,149,0,0,100.0,96.6,12,137,0,14.9,14.9
xxjwxc__gowp,149,12,cdxgen,12,12,0,137,14.9,14.9,12,0,0,100.0,100.0
xxjwxc__gowp,149,12,cyclonedx-gomod,12,12,0,137,14.9,14.9,12,0,0,100.0,100.0
xybor-x__xylog,4,4,syft,4,4,0,0,100.0,100.0,4,0,0,100.0,100.0
xybor-x__xylog,4,4,trivy,4,4,0,0,100.0,100.0,4,0,0,100.0,100.0
xybor-x__xylog,4,4,cdxgen,4,4,0,0,100.0,100.0,4,0,0,100.0,100.0
xybor-x__xylog,4,4,cyclonedx-gomod,4,4,0,0,100.0,100.0,4,0,0,100.0,100.0
xyproto__algernon,220,111,syft,148,148,0,72,80.4,79.3,111,37,0,85.7,84.2
xyproto__algernon,220,111,trivy,120,120,0,100,70.6,69.4,111,9,0,96.1,94.4
xyproto__algernon,220,111,cdxgen,120,120,0,100,70.6,69.4,111,9,0,96.1,94.4
xyproto__algernon,220,111,cyclonedx-gomod,114,114,0,106,68.3,68.3,109,5,2,96.9,96.9
xyproto__permissions,21,12,syft,16,16,0,5,86.5,86.5,12,4,0,85.7,85.7
xyproto__permissions,21,12,trivy,13,13,0,8,76.5,76.5,12,1,0,96.0,96.0
xyproto__permissions,21,12,cdxgen,13,13,0,8,76.5,76.5,12,1,0,96.0,96.0
xyproto__permissions,21,12,cyclonedx-gomod,12,12,0,9,72.7,72.7,12,0,0,100.0,100.0
yahoo__vssh,14,1,syft,11,11,0,3,88.0,88.0,1,10,0,16.7,16.7
yahoo__vssh,14,1,trivy,14,14,0,0,100.0,100.0,1,13,0,13.3,13.3
yahoo__vssh,14,1,cdxgen,1,1,0,13,13.3,13.3,1,0,0,100.0,100.0
yahoo__vssh,14,1,cyclonedx-gomod,2,2,0,12,25.0,25.0,1,1,0,66.7,66.7
yaitoo__xun,22,11,syft,17,17,0,5,87.2,87.2,11,6,0,78.6,78.6
yaitoo__xun,22,11,trivy,15,15,0,7,81.1,81.1,11,4,0,84.6,84.6
yaitoo__xun,22,11,cdxgen,11,11,0,11,66.7,66.7,11,0,0,100.0,100.0
yaitoo__xun,22,11,cyclonedx-gomod,11,11,0,11,66.7,66.7,11,0,0,100.0,100.0
yaronsumel__grapes,15,3,syft,6,6,0,9,57.1,57.1,3,3,0,66.7,66.7
yaronsumel__grapes,15,3,trivy,15,15,0,0,100.0,100.0,3,12,0,33.3,33.3
yaronsumel__grapes,15,3,cdxgen,3,3,0,12,33.3,33.3,3,0,0,100.0,100.0
yaronsumel__grapes,15,3,cyclonedx-gomod,4,4,0,11,42.1,42.1,3,1,0,85.7,85.7
yassinebenaid__bunster,10,5,syft,5,5,0,5,66.7,66.7,5,0,0,100.0,100.0
yassinebenaid__bunster,10,5,trivy,5,5,0,5,66.7,66.7,5,0,0,100.0,100.0
yassinebenaid__bunster,10,5,cdxgen,5,5,0,5,66.7,66.7,5,0,0,100.0,100.0
yassinebenaid__bunster,10,5,cyclonedx-gomod,5,5,0,5,66.7,66.7,5,0,0,100.0,100.0
yazgazan__jaydiff,8,8,syft,8,8,0,0,100.0,100.0,8,0,0,100.0,100.0
yazgazan__jaydiff,8,8,trivy,8,8,0,0,100.0,100.0,8,0,0,100.0,100.0
yazgazan__jaydiff,8,8,cdxgen,8,8,0,0,100.0,100.0,8,0,0,100.0,100.0
yazgazan__jaydiff,8,8,cyclonedx-gomod,8,8,0,0,100.0,100.0,8,0,0,100.0,100.0
ydb-platform__ydb-go-sdk,76,17,syft,124,45,79,31,45.0,36.0,17,107,0,24.1,24.1
ydb-platform__ydb-go-sdk,76,17,trivy,98,36,62,40,41.4,31.0,17,81,0,29.6,29.6
ydb-platform__ydb-go-sdk,76,17,cdxgen,86,33,53,43,40.7,27.2,17,69,0,33.0,33.0
ydb-platform__ydb-go-sdk,76,17,cyclonedx-gomod,14,14,0,62,31.1,31.1,14,0,3,90.3,90.3
yookoala__restit,8,2,syft,10,7,3,1,77.8,66.7,2,8,0,33.3,16.7
yookoala__restit,8,2,trivy,7,4,3,4,53.3,40.0,2,5,0,44.4,22.2
yookoala__restit,8,2,cdxgen,4,2,2,6,33.3,16.7,2,2,0,66.7,33.3
yookoala__restit,8,2,cyclonedx-gomod,2,2,0,6,40.0,40.0,2,0,0,100.0,100.0
youtube__vitess,495,200,syft,266,265,1,230,69.6,66.8,200,66,0,85.8,82.4
youtube__vitess,495,200,trivy,0,0,0,495,0.0,0.0,0,0,200,0.0,0.0
youtube__vitess,495,200,cdxgen,201,201,0,294,57.8,56.0,200,1,0,99.8,97.3
youtube__vitess,495,200,cyclonedx-gomod,214,214,0,281,60.4,60.4,199,15,1,96.1,96.1
yuin__gopher-lua,4,1,syft,4,4,0,0,100.0,100.0,1,3,0,40.0,40.0
yuin__gopher-lua,4,1,trivy,4,4,0,0,100.0,100.0,1,3,0,40.0,40.0
yuin__gopher-lua,4,1,cdxgen,1,1,0,3,40.0,40.0,1,0,0,100.0,100.0
yuin__gopher-lua,4,1,cyclonedx-gomod,2,2,0,2,66.7,66.7,1,1,0,66.7,66.7
yuseferi__envyaml,7,2,syft,6,6,0,1,92.3,92.3,2,4,0,50.0,50.0
yuseferi__envyaml,7,2,trivy,5,5,0,2,83.3,83.3,2,3,0,57.1,57.1
yuseferi__envyaml,7,2,cdxgen,2,2,0,5,44.4,44.4,2,0,0,100.0,100.0
yuseferi__envyaml,7,2,cyclonedx-gomod,2,2,0,5,44.4,44.4,2,0,0,100.0,100.0
yuseferi__scheduler,121,4,syft,87,87,0,34,83.7,82.7,4,83,0,8.8,8.8
yuseferi__scheduler,121,4,trivy,62,62,0,59,67.8,66.7,4,58,0,12.1,12.1
yuseferi__scheduler,121,4,cdxgen,4,4,0,117,6.4,6.4,4,0,0,100.0,100.0
yuseferi__scheduler,121,4,cyclonedx-gomod,4,4,0,117,6.4,6.4,4,0,0,100.0,100.0
yuseferi__zax,10,2,syft,8,8,0,2,88.9,88.9,2,6,0,40.0,40.0
yuseferi__zax,10,2,trivy,6,6,0,4,75.0,75.0,2,4,0,50.0,50.0
yuseferi__zax,10,2,cdxgen,2,2,0,8,33.3,33.3,2,0,0,100.0,100.0
yuseferi__zax,10,2,cyclonedx-gomod,2,2,0,8,33.3,33.3,2,0,0,100.0,100.0
yusufcanb__tlm,153,42,syft,56,56,0,97,53.6,53.6,42,14,0,85.7,85.7
yusufcanb__tlm,153,42,trivy,49,49,0,104,48.5,48.5,42,7,0,92.3,92.3
yusufcanb__tlm,153,42,cdxgen,42,42,0,111,43.1,43.1,42,0,0,100.0,100.0
yusufcanb__tlm,153,42,cyclonedx-gomod,47,47,0,106,47.0,47.0,42,5,0,94.4,94.4
z5labs__bedrock,85,37,syft,58,58,0,27,81.1,81.1,37,21,0,77.9,77.9
z5labs__bedrock,85,37,trivy,41,41,0,44,65.1,65.1,37,4,0,94.9,94.9
z5labs__bedrock,85,37,cdxgen,37,37,0,48,60.7,60.7,37,0,0,100.0,100.0
z5labs__bedrock,85,37,cyclonedx-gomod,37,37,0,48,60.7,60.7,37,0,0,100.0,100.0
z7zmey__php-parser,6,2,syft,6,6,0,0,100.0,83.3,2,4,0,50.0,50.0
z7zmey__php-parser,6,2,trivy,6,6,0,0,100.0,83.3,2,4,0,50.0,50.0
z7zmey__php-parser,6,2,cdxgen,2,2,0,4,50.0,50.0,2,0,0,100.0,100.0
z7zmey__php-parser,6,2,cyclonedx-gomod,2,2,0,4,50.0,50.0,2,0,0,100.0,100.0
zRedShift__mimemagic,10,2,syft,2,2,0,8,33.3,33.3,2,0,0,100.0,100.0
zRedShift__mimemagic,10,2,trivy,10,10,0,0,100.0,100.0,2,8,0,33.3,33.3
zRedShift__mimemagic,10,2,cdxgen,2,2,0,8,33.3,33.3,2,0,0,100.0,100.0
zRedShift__mimemagic,10,2,cyclonedx-gomod,2,2,0,8,33.3,33.3,2,0,0,100.0,100.0
zc2638__swag,13,1,syft,9,9,0,4,81.8,81.8,1,8,0,20.0,20.0
zc2638__swag,13,1,trivy,13,13,0,0,100.0,100.0,1,12,0,14.3,14.3
zc2638__swag,13,1,cdxgen,1,1,0,12,14.3,14.3,1,0,0,100.0,100.0
zc2638__swag,13,1,cyclonedx-gomod,1,1,0,12,14.3,14.3,1,0,0,100.0,100.0
zcalusic__sysinfo,1,1,syft,1,1,0,0,100.0,100.0,1,0,0,100.0,100.0
zcalusic__sysinfo,1,1,trivy,1,1,0,0,100.0,100.0,1,0,0,100.0,100.0
zcalusic__sysinfo,1,1,cdxgen,1,1,0,0,100.0,100.0,1,0,0,100.0,100.0
zcalusic__sysinfo,1,1,cyclonedx-gomod,1,1,0,0,100.0,100.0,1,0,0,100.0,100.0
zegl__goriak,3,4,syft,4,3,1,0,85.7,85.7,4,0,0,100.0,75.0
zegl__goriak,3,4,trivy,4,3,1,0,85.7,85.7,4,0,0,100.0,75.0
zegl__goriak,3,4,cdxgen,4,3,1,0,85.7,85.7,4,0,0,100.0,75.0
zegl__goriak,3,4,cyclonedx-gomod,4,3,1,0,85.7,85.7,4,0,0,100.0,100.0
zendev-sh__goai,9,2,syft,24,7,17,2,42.4,36.4,2,22,0,15.4,15.4
zendev-sh__goai,9,2,trivy,20,3,17,6,20.7,20.7,2,18,0,18.2,18.2
zendev-sh__goai,9,2,cdxgen,15,2,13,7,16.7,16.7,2,13,0,23.5,23.5
zendev-sh__goai,9,2,cyclonedx-gomod,2,2,0,7,36.4,36.4,2,0,0,100.0,100.0
zendev-sh__zenflow,63,12,syft,45,45,0,18,83.3,77.8,12,33,0,42.1,38.6
zendev-sh__zenflow,63,12,trivy,33,33,0,30,68.8,62.5,12,21,0,53.3,48.9
zendev-sh__zenflow,63,12,cdxgen,31,31,0,32,66.0,63.8,12,19,0,55.8,55.8
zendev-sh__zenflow,63,12,cyclonedx-gomod,32,32,0,31,67.4,67.4,12,20,0,54.5,54.5
zenthangplus__go-workerpool,7,1,syft,6,6,0,1,92.3,92.3,1,5,0,28.6,28.6
zenthangplus__go-workerpool,7,1,trivy,7,7,0,0,100.0,100.0,1,6,0,25.0,25.0
zenthangplus__go-workerpool,7,1,cdxgen,1,1,0,6,25.0,25.0,1,0,0,100.0,100.0
zenthangplus__go-workerpool,7,1,cyclonedx-gomod,1,1,0,6,25.0,25.0,1,0,0,100.0,100.0
zerosnake0__go-json-benchmark,30,17,syft,19,19,0,11,77.6,77.6,17,2,0,94.4,94.4
zerosnake0__go-json-benchmark,30,17,trivy,30,30,0,0,100.0,100.0,17,13,0,72.3,72.3
zerosnake0__go-json-benchmark,30,17,cdxgen,17,17,0,13,72.3,72.3,17,0,0,100.0,100.0
zerosnake0__go-json-benchmark,30,17,cyclonedx-gomod,17,17,0,13,72.3,72.3,17,0,0,100.0,100.0
zerosnake0__goctx,8,1,syft,7,7,0,1,93.3,93.3,1,6,0,25.0,25.0
zerosnake0__goctx,8,1,trivy,8,8,0,0,100.0,100.0,1,7,0,22.2,22.2
zerosnake0__goctx,8,1,cdxgen,1,1,0,7,22.2,22.2,1,0,0,100.0,100.0
zerosnake0__goctx,8,1,cyclonedx-gomod,1,1,0,7,22.2,22.2,1,0,0,100.0,100.0
zhenghaoz__gorse,860,231,syft,316,314,2,546,53.4,53.2,229,87,2,83.7,83.7
zhenghaoz__gorse,860,231,trivy,259,257,2,603,45.9,45.9,229,30,2,93.5,93.5
zhenghaoz__gorse,860,231,cdxgen,231,231,0,629,42.3,42.0,231,0,0,100.0,100.0
zhenghaoz__gorse,860,231,cyclonedx-gomod,237,235,2,625,42.8,42.8,226,11,5,96.6,96.6
zhufuyi__sponge,497,215,syft,263,263,0,234,69.2,68.4,215,48,0,90.0,89.1
zhufuyi__sponge,497,215,trivy,231,231,0,266,63.5,62.9,215,16,0,96.4,95.5
zhufuyi__sponge,497,215,cdxgen,215,215,0,282,60.4,59.8,215,0,0,100.0,99.1
zhufuyi__sponge,497,215,cyclonedx-gomod,229,229,0,268,63.1,63.1,215,14,0,96.8,96.8
zitadel__oidc,48,25,syft,38,38,0,10,88.4,88.4,25,13,0,79.4,79.4
zitadel__oidc,48,25,trivy,31,31,0,17,78.5,78.5,25,6,0,89.3,89.3
zitadel__oidc,48,25,cdxgen,25,25,0,23,68.5,68.5,25,0,0,100.0,100.0
zitadel__oidc,48,25,cyclonedx-gomod,25,25,0,23,68.5,68.5,25,0,0,100.0,100.0
zitadel__passwap,5,2,syft,2,2,0,3,57.1,57.1,2,0,0,100.0,100.0
zitadel__passwap,5,2,trivy,2,2,0,3,57.1,57.1,2,0,0,100.0,100.0
zitadel__passwap,5,2,cdxgen,2,2,0,3,57.1,57.1,2,0,0,100.0,100.0
zitadel__passwap,5,2,cyclonedx-gomod,2,2,0,3,57.1,57.1,2,0,0,100.0,100.0
zitryss__go-sample,3,3,syft,3,3,0,0,100.0,100.0,3,0,0,100.0,100.0
zitryss__go-sample,3,3,trivy,3,3,0,0,100.0,100.0,3,0,0,100.0,100.0
zitryss__go-sample,3,3,cdxgen,3,3,0,0,100.0,100.0,3,0,0,100.0,100.0
zitryss__go-sample,3,3,cyclonedx-gomod,3,3,0,0,100.0,100.0,3,0,0,100.0,100.0
ziutek__emgo,0,1,syft,1,0,1,0,0.0,0.0,1,0,0,100.0,100.0
ziutek__emgo,0,1,trivy,4,0,4,0,0.0,0.0,1,3,0,40.0,40.0
ziutek__emgo,0,1,cdxgen,1,0,1,0,0.0,0.0,1,0,0,100.0,100.0
ziutek__emgo,0,1,cyclonedx-gomod,1,0,1,0,0.0,0.0,1,0,0,100.0,100.0
zoharbabin__web-researcher-mcp,444,34,syft,311,311,0,133,82.4,82.4,34,277,0,19.7,19.7
zoharbabin__web-researcher-mcp,444,34,trivy,271,271,0,173,75.8,75.8,34,237,0,22.3,22.3
zoharbabin__web-researcher-mcp,444,34,cdxgen,34,34,0,410,14.2,14.2,34,0,0,100.0,100.0
zoharbabin__web-researcher-mcp,444,34,cyclonedx-gomod,269,269,0,175,75.5,75.5,34,235,0,22.4,22.4
zoomio__tagify,33,15,syft,26,26,0,7,88.1,88.1,15,11,0,73.2,73.2
zoomio__tagify,33,15,trivy,23,23,0,10,82.1,82.1,15,8,0,78.9,78.9
zoomio__tagify,33,15,cdxgen,15,15,0,18,62.5,62.5,15,0,0,100.0,100.0
zoomio__tagify,33,15,cyclonedx-gomod,16,16,0,17,65.3,65.3,15,1,0,96.8,96.8
