# rerun2 開始 2026-08-04T08:02:48.988Z 対象=1528 (SHA未記録=1→SKIP) 上限=10
# 7月に main を除外できていなかった repo（予測集合。この集合の repo のみ july_main_bug を許す）= 7 件: Lifailon__lazyjournal antonmedv__fx box-cli-maker__box-cli-maker dghubble__sling dtgorski__typex homedepot__flop naughtygopher__errors
OK gt(imp/impT/all)=8/8/10 err=0 verify(match/bug/differ)=4/0/0 39s
OK gt(imp/impT/all)=18/22/38 err=0 verify(match/bug/differ)=4/0/0 8s
OK gt(imp/impT/all)=1/4/5 err=0 verify(match/bug/differ)=4/0/0 6s
OK gt(imp/impT/all)=115/117/333 err=0 verify(match/bug/differ)=4/0/0 70s
OK gt(imp/impT/all)=23/27/192 err=0 verify(match/bug/differ)=4/0/0 26s
OK gt(imp/impT/all)=3/8/10 err=0 verify(match/bug/differ)=4/0/0 8s
OK gt(imp/impT/all)=29/30/65 err=0 verify(match/bug/differ)=4/0/0 17s
OK gt(imp/impT/all)=19/22/39 err=0 verify(match/bug/differ)=4/0/0 10s
OK gt(imp/impT/all)=124/129/302 err=0 verify(match/bug/differ)=4/0/0 54s
OK gt(imp/impT/all)=209/215/399 err=0 verify(match/bug/differ)=4/0/0 66s

# 完了 処理=10 成功=10 SKIP=0
# 検証 match=40 july_main_bug=0 differ=0
# rerun2 開始 2026-08-04T08:12:45.444Z 対象=7 (SHA未記録=1→SKIP) 上限=Infinity
# 7月に main を除外できていなかった repo（予測集合。この集合の repo のみ july_main_bug を許す）= 7 件: Lifailon__lazyjournal antonmedv__fx box-cli-maker__box-cli-maker dghubble__sling dtgorski__typex homedepot__flop naughtygopher__errors
OK gt(imp/impT/all)=10/10/20 err=0 verify(match/bug/differ)=0/4/0 11s
OK gt(imp/impT/all)=28/34/57 err=0 verify(match/bug/differ)=0/4/0 15s
OK gt(imp/impT/all)=11/11/19 err=0 verify(match/bug/differ)=0/4/0 10s
OK gt(imp/impT/all)=1/1/2 err=0 verify(match/bug/differ)=0/4/0 7s
OK gt(imp/impT/all)=3/3/6 err=0 verify(match/bug/differ)=0/4/0 9s
SKIP(permanent/no_sha_recorded)
OK gt(imp/impT/all)=2/2/36 err=0 verify(match/bug/differ)=0/4/0 13s

# 完了 処理=7 成功=6 SKIP=1
# 検証 match=0 july_main_bug=24 differ=0
# rerun2 開始 2026-08-04T13:40:03.973Z 対象=1 (SHA未記録=0→SKIP) 上限=Infinity
# 7月に main を除外できていなかった repo（予測集合。この集合の repo のみ july_main_bug を許す）= 7 件: Lifailon__lazyjournal antonmedv__fx box-cli-maker__box-cli-maker dghubble__sling dtgorski__typex homedepot__flop naughtygopher__errors
# 7月側の記録が使えず比較できない repo（july_unavailable。ゲートは通すが verify.csv に残す）= 9 件: codemodus__catena dimuska139__rawg-sdk-go ggicci__httpin kubernetes__kubernetes mehrdadrad__tcpdog presbrey__ollamafarm rakyll__hey tendermint__tendermint zRedShift__mimemagic
OK gt(imp/impT/all)=2/2/8 err=0 verify(match/bug/unavail/differ)=0/0/4/0 57s

# 完了 処理=1 成功=1 SKIP=0
# 検証 match=0 july_main_bug=0 july_unavailable=4 differ=0
# rerun2 開始 2026-08-04T13:41:22.980Z 対象=1528 (SHA未記録=1→SKIP) 上限=Infinity
# rerun2 開始 2026-08-04T13:41:22.979Z 対象=1528 (SHA未記録=1→SKIP) 上限=Infinity
# 7月に main を除外できていなかった repo（予測集合。この集合の repo のみ july_main_bug を許す）= 7 件: Lifailon__lazyjournal antonmedv__fx box-cli-maker__box-cli-maker dghubble__sling dtgorski__typex homedepot__flop naughtygopher__errors
# 7月に main を除外できていなかった repo（予測集合。この集合の repo のみ july_main_bug を許す）= 7 件: Lifailon__lazyjournal antonmedv__fx box-cli-maker__box-cli-maker dghubble__sling dtgorski__typex homedepot__flop naughtygopher__errors
# 7月側の記録が使えず比較できない repo（july_unavailable。ゲートは通すが verify.csv に残す）= 9 件: codemodus__catena dimuska139__rawg-sdk-go ggicci__httpin kubernetes__kubernetes mehrdadrad__tcpdog presbrey__ollamafarm rakyll__hey tendermint__tendermint zRedShift__mimemagic
# 7月側の記録が使えず比較できない repo（july_unavailable。ゲートは通すが verify.csv に残す）= 9 件: codemodus__catena dimuska139__rawg-sdk-go ggicci__httpin kubernetes__kubernetes mehrdadrad__tcpdog presbrey__ollamafarm rakyll__hey tendermint__tendermint zRedShift__mimemagic
# rerun2 開始 2026-08-04T13:41:23.008Z 対象=1528 (SHA未記録=1→SKIP) 上限=Infinity
# 7月に main を除外できていなかった repo（予測集合。この集合の repo のみ july_main_bug を許す）= 7 件: Lifailon__lazyjournal antonmedv__fx box-cli-maker__box-cli-maker dghubble__sling dtgorski__typex homedepot__flop naughtygopher__errors
# 7月側の記録が使えず比較できない repo（july_unavailable。ゲートは通すが verify.csv に残す）= 9 件: codemodus__catena dimuska139__rawg-sdk-go ggicci__httpin kubernetes__kubernetes mehrdadrad__tcpdog presbrey__ollamafarm rakyll__hey tendermint__tendermint zRedShift__mimemagic
OK gt(imp/impT/all)=1/2/2 err=0 verify(match/bug/unavail/differ)=4/0/0/0 8s
OK gt(imp/impT/all)=2/3/3 err=0 verify(match/bug/unavail/differ)=4/0/0/0 8s
OK gt(imp/impT/all)=12/12/55 err=0 verify(match/bug/unavail/differ)=4/0/0/0 16s
OK gt(imp/impT/all)=4/4/13 err=0 verify(match/bug/unavail/differ)=4/0/0/0 11s
OK gt(imp/impT/all)=14/19/45 err=0 verify(match/bug/unavail/differ)=4/0/0/0 16s
OK gt(imp/impT/all)=19/23/63 err=0 verify(match/bug/unavail/differ)=4/0/0/0 19s
OK gt(imp/impT/all)=9/9/196 err=0 verify(match/bug/unavail/differ)=4/0/0/0 32s
OK gt(imp/impT/all)=3/3/4 err=0 verify(match/bug/unavail/differ)=4/0/0/0 13s
OK gt(imp/impT/all)=1/1/8 err=0 verify(match/bug/unavail/differ)=4/0/0/0 12s
OK gt(imp/impT/all)=13/17/164 err=0 verify(match/bug/unavail/differ)=4/0/0/0 32s
# rerun2 開始 2026-08-04T13:44:39.377Z 対象=1528 (SHA未記録=1→SKIP) 上限=Infinity
# 7月に main を除外できていなかった repo（予測集合。この集合の repo のみ july_main_bug を許す）= 7 件: Lifailon__lazyjournal antonmedv__fx box-cli-maker__box-cli-maker dghubble__sling dtgorski__typex homedepot__flop naughtygopher__errors
# 7月側の記録が使えず比較できない repo（july_unavailable。ゲートは通すが verify.csv に残す）= 9 件: codemodus__catena dimuska139__rawg-sdk-go ggicci__httpin kubernetes__kubernetes mehrdadrad__tcpdog presbrey__ollamafarm rakyll__hey tendermint__tendermint zRedShift__mimemagic
# rerun2 開始 2026-08-04T13:44:39.373Z 対象=1528 (SHA未記録=1→SKIP) 上限=Infinity
# 7月に main を除外できていなかった repo（予測集合。この集合の repo のみ july_main_bug を許す）= 7 件: Lifailon__lazyjournal antonmedv__fx box-cli-maker__box-cli-maker dghubble__sling dtgorski__typex homedepot__flop naughtygopher__errors
# 7月側の記録が使えず比較できない repo（july_unavailable。ゲートは通すが verify.csv に残す）= 9 件: codemodus__catena dimuska139__rawg-sdk-go ggicci__httpin kubernetes__kubernetes mehrdadrad__tcpdog presbrey__ollamafarm rakyll__hey tendermint__tendermint zRedShift__mimemagic
# rerun2 開始 2026-08-04T13:44:39.388Z 対象=1528 (SHA未記録=1→SKIP) 上限=Infinity
# 7月に main を除外できていなかった repo（予測集合。この集合の repo のみ july_main_bug を許す）= 7 件: Lifailon__lazyjournal antonmedv__fx box-cli-maker__box-cli-maker dghubble__sling dtgorski__typex homedepot__flop naughtygopher__errors
# 7月側の記録が使えず比較できない repo（july_unavailable。ゲートは通すが verify.csv に残す）= 9 件: codemodus__catena dimuska139__rawg-sdk-go ggicci__httpin kubernetes__kubernetes mehrdadrad__tcpdog presbrey__ollamafarm rakyll__hey tendermint__tendermint zRedShift__mimemagic
SKIP(retryable/sha_fetch_failed)
OK gt(imp/impT/all)=49/55/186 err=0 verify(match/bug/unavail/differ)=4/0/0/0 31s
OK gt(imp/impT/all)=20/24/59 err=0 verify(match/bug/unavail/differ)=4/0/0/0 19s
OK gt(imp/impT/all)=60/65/288 err=0 verify(match/bug/unavail/differ)=4/0/0/0 70s
OK gt(imp/impT/all)=34/37/74 err=0 verify(match/bug/unavail/differ)=4/0/0/0 18s
OK gt(imp/impT/all)=3/4/9 err=0 verify(match/bug/unavail/differ)=4/0/0/0 9s
OK gt(imp/impT/all)=1/5/7 err=0 verify(match/bug/unavail/differ)=4/0/0/0 7s
OK gt(imp/impT/all)=8/11/35 err=0 verify(match/bug/unavail/differ)=4/0/0/0 18s
OK gt(imp/impT/all)=2/7/28 err=0 verify(match/bug/unavail/differ)=4/0/0/0 9s
OK gt(imp/impT/all)=134/139/294 err=0 verify(match/bug/unavail/differ)=4/0/0/0 58s
OK gt(imp/impT/all)=2/2/2 err=0 verify(match/bug/unavail/differ)=4/0/0/0 6s
OK gt(imp/impT/all)=4/8/25 err=0 verify(match/bug/unavail/differ)=4/0/0/0 10s
OK gt(imp/impT/all)=83/98/148 err=0 verify(match/bug/unavail/differ)=4/0/0/0 17s
OK gt(imp/impT/all)=111/115/498 err=0 verify(match/bug/unavail/differ)=4/0/0/0 46s
OK gt(imp/impT/all)=51/65/245 err=0 verify(match/bug/unavail/differ)=4/0/0/0 30s
OK gt(imp/impT/all)=1/1/10 err=0 verify(match/bug/unavail/differ)=4/0/0/0 9s
OK gt(imp/impT/all)=2/4/10 err=0 verify(match/bug/unavail/differ)=4/0/0/0 8s
OK gt(imp/impT/all)=7/9/15 err=0 verify(match/bug/unavail/differ)=4/0/0/0 9s
OK gt(imp/impT/all)=1/3/4 err=0 verify(match/bug/unavail/differ)=4/0/0/0 6s
OK gt(imp/impT/all)=6/6/7 err=0 verify(match/bug/unavail/differ)=4/0/0/0 7s
OK gt(imp/impT/all)=19/20/37 err=0 verify(match/bug/unavail/differ)=4/0/0/0 78s
OK gt(imp/impT/all)=7/7/34 err=0 verify(match/bug/unavail/differ)=4/0/0/0 12s
OK gt(imp/impT/all)=2/2/7 err=0 verify(match/bug/unavail/differ)=4/0/0/0 8s
OK gt(imp/impT/all)=79/81/170 err=0 verify(match/bug/unavail/differ)=4/0/0/0 23s
OK gt(imp/impT/all)=8/8/8 err=0 verify(match/bug/unavail/differ)=4/0/0/0 7s
OK gt(imp/impT/all)=3/5/8 err=0 verify(match/bug/unavail/differ)=4/0/0/0 19s
OK gt(imp/impT/all)=7/7/14 err=0 verify(match/bug/unavail/differ)=4/0/0/0 9s
OK gt(imp/impT/all)=1/4/8 err=0 verify(match/bug/unavail/differ)=4/0/0/0 13s
OK gt(imp/impT/all)=8/9/16 err=0 verify(match/bug/unavail/differ)=4/0/0/0 9s
# rerun2 開始 2026-08-04T14:46:27.782Z 対象=1528 (SHA未記録=1→SKIP) 上限=Infinity
# 7月に main を除外できていなかった repo（予測集合。この集合の repo のみ july_main_bug を許す）= 7 件: Lifailon__lazyjournal antonmedv__fx box-cli-maker__box-cli-maker dghubble__sling dtgorski__typex homedepot__flop naughtygopher__errors
# 7月側の記録が使えず比較できない repo（july_unavailable。ゲートは通すが verify.csv に残す）= 9 件: codemodus__catena dimuska139__rawg-sdk-go ggicci__httpin kubernetes__kubernetes mehrdadrad__tcpdog presbrey__ollamafarm rakyll__hey tendermint__tendermint zRedShift__mimemagic
# rerun2 開始 2026-08-04T14:46:27.813Z 対象=1528 (SHA未記録=1→SKIP) 上限=Infinity
# 7月に main を除外できていなかった repo（予測集合。この集合の repo のみ july_main_bug を許す）= 7 件: Lifailon__lazyjournal antonmedv__fx box-cli-maker__box-cli-maker dghubble__sling dtgorski__typex homedepot__flop naughtygopher__errors
# 7月側の記録が使えず比較できない repo（july_unavailable。ゲートは通すが verify.csv に残す）= 9 件: codemodus__catena dimuska139__rawg-sdk-go ggicci__httpin kubernetes__kubernetes mehrdadrad__tcpdog presbrey__ollamafarm rakyll__hey tendermint__tendermint zRedShift__mimemagic
# rerun2 開始 2026-08-04T14:46:27.861Z 対象=1528 (SHA未記録=1→SKIP) 上限=Infinity
# 7月に main を除外できていなかった repo（予測集合。この集合の repo のみ july_main_bug を許す）= 7 件: Lifailon__lazyjournal antonmedv__fx box-cli-maker__box-cli-maker dghubble__sling dtgorski__typex homedepot__flop naughtygopher__errors
# 7月側の記録が使えず比較できない repo（july_unavailable。ゲートは通すが verify.csv に残す）= 9 件: codemodus__catena dimuska139__rawg-sdk-go ggicci__httpin kubernetes__kubernetes mehrdadrad__tcpdog presbrey__ollamafarm rakyll__hey tendermint__tendermint zRedShift__mimemagic
SKIP(retryable/sha_fetch_failed)
SKIP(retryable/sha_fetch_failed)
SKIP(retryable/sha_fetch_failed)
OK gt(imp/impT/all)=3/3/6 err=0 verify(match/bug/late/unavail/toolna/differ)=4/0/0/0/0/0 42s
OK gt(imp/impT/all)=16/20/53 err=0 verify(match/bug/late/unavail/toolna/differ)=4/0/0/0/0/0 41s
OK gt(imp/impT/all)=66/77/133 err=0 verify(match/bug/late/unavail/toolna/differ)=4/0/0/0/0/0 55s
OK gt(imp/impT/all)=1/5/7 err=0 verify(match/bug/late/unavail/toolna/differ)=4/0/0/0/0/0 8s
OK gt(imp/impT/all)=21/21/52 err=0 verify(match/bug/late/unavail/toolna/differ)=4/0/0/0/0/0 26s
OK gt(imp/impT/all)=1/1/1 err=0 verify(match/bug/late/unavail/toolna/differ)=4/0/0/0/0/0 6s
OK gt(imp/impT/all)=8/9/123 err=0 verify(match/bug/late/unavail/toolna/differ)=4/0/0/0/0/0 32s
OK gt(imp/impT/all)=2/3/6 err=0 verify(match/bug/late/unavail/toolna/differ)=4/0/0/0/0/0 7s
OK gt(imp/impT/all)=3/3/4 err=0 verify(match/bug/late/unavail/toolna/differ)=4/0/0/0/0/0 6s
OK gt(imp/impT/all)=1/1/1 err=0 verify(match/bug/late/unavail/toolna/differ)=4/0/0/0/0/0 6s
OK gt(imp/impT/all)=2/6/9 err=0 verify(match/bug/late/unavail/toolna/differ)=4/0/0/0/0/0 7s
OK gt(imp/impT/all)=1/5/10 err=0 verify(match/bug/late/unavail/toolna/differ)=4/0/0/0/0/0 8s
OK gt(imp/impT/all)=24/24/54 err=0 verify(match/bug/late/unavail/toolna/differ)=4/0/0/0/0/0 17s
OK gt(imp/impT/all)=26/29/181 err=0 verify(match/bug/late/unavail/toolna/differ)=4/0/0/0/0/0 21s
OK gt(imp/impT/all)=14/14/24 err=0 verify(match/bug/late/unavail/toolna/differ)=4/0/0/0/0/0 24s
OK gt(imp/impT/all)=1/1/1 err=0 verify(match/bug/late/unavail/toolna/differ)=4/0/0/0/0/0 14s
OK gt(imp/impT/all)=1/2/3 err=0 verify(match/bug/late/unavail/toolna/differ)=4/0/0/0/0/0 8s
OK gt(imp/impT/all)=9/13/22 err=0 verify(match/bug/late/unavail/toolna/differ)=4/0/0/0/0/0 31s
OK gt(imp/impT/all)=1/1/1 err=0 verify(match/bug/late/unavail/toolna/differ)=4/0/0/0/0/0 6s
OK gt(imp/impT/all)=1/1/1 err=0 verify(match/bug/late/unavail/toolna/differ)=4/0/0/0/0/0 5s
OK gt(imp/impT/all)=8/8/104 err=0 verify(match/bug/late/unavail/toolna/differ)=0/0/0/4/0/0 39s
OK gt(imp/impT/all)=2/6/15 err=0 verify(match/bug/late/unavail/toolna/differ)=4/0/0/0/0/0 7s
OK gt(imp/impT/all)=5/5/7 err=0 verify(match/bug/late/unavail/toolna/differ)=4/0/0/0/0/0 8s
OK gt(imp/impT/all)=17/22/40 err=0 verify(match/bug/late/unavail/toolna/differ)=4/0/0/0/0/0 10s
OK gt(imp/impT/all)=2/2/3 err=0 verify(match/bug/late/unavail/toolna/differ)=4/0/0/0/0/0 7s
OK gt(imp/impT/all)=2/6/14 err=0 verify(match/bug/late/unavail/toolna/differ)=4/0/0/0/0/0 11s
OK gt(imp/impT/all)=1/7/15 err=0 verify(match/bug/late/unavail/toolna/differ)=4/0/0/0/0/0 11s
OK gt(imp/impT/all)=84/85/140 err=0 verify(match/bug/late/unavail/toolna/differ)=4/0/0/0/0/0 31s
OK gt(imp/impT/all)=6/10/20 err=0 verify(match/bug/late/unavail/toolna/differ)=4/0/0/0/0/0 13s
OK gt(imp/impT/all)=2/2/10 err=0 verify(match/bug/late/unavail/toolna/differ)=4/0/0/0/0/0 10s
OK gt(imp/impT/all)=1/1/1 err=0 verify(match/bug/late/unavail/toolna/differ)=4/0/0/0/0/0 7s
OK gt(imp/impT/all)=26/26/69 err=0 verify(match/bug/late/unavail/toolna/differ)=4/0/0/0/0/0 22s
OK gt(imp/impT/all)=2/6/12 err=0 verify(match/bug/late/unavail/toolna/differ)=4/0/0/0/0/0 9s
OK gt(imp/impT/all)=1/5/7 err=0 verify(match/bug/late/unavail/toolna/differ)=4/0/0/0/0/0 8s
OK gt(imp/impT/all)=4/4/9 err=0 verify(match/bug/late/unavail/toolna/differ)=4/0/0/0/0/0 10s
OK gt(imp/impT/all)=2/2/10 err=0 verify(match/bug/late/unavail/toolna/differ)=4/0/0/0/0/0 6s
OK gt(imp/impT/all)=8/8/30 err=0 verify(match/bug/late/unavail/toolna/differ)=4/0/0/0/0/0 25s
OK gt(imp/impT/all)=1/1/1 err=0 verify(match/bug/late/unavail/toolna/differ)=4/0/0/0/0/0 15s
OK gt(imp/impT/all)=1/1/3 err=0 verify(match/bug/late/unavail/toolna/differ)=4/0/0/0/0/0 5s
OK gt(imp/impT/all)=1/2/2 err=0 verify(match/bug/late/unavail/toolna/differ)=4/0/0/0/0/0 32s
OK gt(imp/impT/all)=2/5/6 err=0 verify(match/bug/late/unavail/toolna/differ)=4/0/0/0/0/0 7s
OK gt(imp/impT/all)=10/14/180 err=0 verify(match/bug/late/unavail/toolna/differ)=4/0/0/0/0/0 24s
OK gt(imp/impT/all)=1/1/1 err=0 verify(match/bug/late/unavail/toolna/differ)=4/0/0/0/0/0 5s
OK gt(imp/impT/all)=1/1/2 err=0 verify(match/bug/late/unavail/toolna/differ)=4/0/0/0/0/0 8s
OK gt(imp/impT/all)=4/4/14 err=0 verify(match/bug/late/unavail/toolna/differ)=4/0/0/0/0/0 8s
OK gt(imp/impT/all)=17/23/125 err=0 verify(match/bug/late/unavail/toolna/differ)=4/0/0/0/0/0 19s
OK gt(imp/impT/all)=13/13/44 err=0 verify(match/bug/late/unavail/toolna/differ)=4/0/0/0/0/0 8s
OK gt(imp/impT/all)=1/1/1 err=0 verify(match/bug/late/unavail/toolna/differ)=4/0/0/0/0/0 5s
OK gt(imp/impT/all)=17/17/22 err=0 verify(match/bug/late/unavail/toolna/differ)=4/0/0/0/0/0 11s
OK gt(imp/impT/all)=3/4/14 err=0 verify(match/bug/late/unavail/toolna/differ)=4/0/0/0/0/0 19s
OK gt(imp/impT/all)=321/324/983 err=0 verify(match/bug/late/unavail/toolna/differ)=4/0/0/0/0/0 219s
OK gt(imp/impT/all)=11/11/17 err=0 verify(match/bug/late/unavail/toolna/differ)=4/0/0/0/0/0 35s
OK gt(imp/impT/all)=2/2/5 err=0 verify(match/bug/late/unavail/toolna/differ)=4/0/0/0/0/0 7s
OK gt(imp/impT/all)=69/69/118 err=0 verify(match/bug/late/unavail/toolna/differ)=4/0/0/0/0/0 22s
OK gt(imp/impT/all)=4/4/14 err=0 verify(match/bug/late/unavail/toolna/differ)=4/0/0/0/0/0 9s
OK gt(imp/impT/all)=7/12/86 err=0 verify(match/bug/late/unavail/toolna/differ)=4/0/0/0/0/0 26s
OK gt(imp/impT/all)=1/5/7 err=0 verify(match/bug/late/unavail/toolna/differ)=4/0/0/0/0/0 6s
OK gt(imp/impT/all)=232/270/551 err=0 verify(match/bug/late/unavail/toolna/differ)=4/0/0/0/0/0 107s
OK gt(imp/impT/all)=16/16/28 err=0 verify(match/bug/late/unavail/toolna/differ)=4/0/0/0/0/0 8s
OK gt(imp/impT/all)=41/50/234 err=0 verify(match/bug/late/unavail/toolna/differ)=4/0/0/0/0/0 33s
OK gt(imp/impT/all)=5/5/6 err=0 verify(match/bug/late/unavail/toolna/differ)=4/0/0/0/0/0 7s
OK gt(imp/impT/all)=2/4/9 err=0 verify(match/bug/late/unavail/toolna/differ)=4/0/0/0/0/0 6s
OK gt(imp/impT/all)=47/52/230 err=0 verify(match/bug/late/unavail/toolna/differ)=4/0/0/0/0/0 41s
OK gt(imp/impT/all)=7/11/19 err=0 verify(match/bug/late/unavail/toolna/differ)=4/0/0/0/0/0 17s
OK gt(imp/impT/all)=1/1/6 err=0 verify(match/bug/late/unavail/toolna/differ)=4/0/0/0/0/0 6s
OK gt(imp/impT/all)=1/1/1 err=0 verify(match/bug/late/unavail/toolna/differ)=4/0/0/0/0/0 9s
OK gt(imp/impT/all)=1/1/1 err=0 verify(match/bug/late/unavail/toolna/differ)=4/0/0/0/0/0 6s
OK gt(imp/impT/all)=53/53/94 err=0 verify(match/bug/late/unavail/toolna/differ)=4/0/0/0/0/0 16s
OK gt(imp/impT/all)=1/2/3 err=0 verify(match/bug/late/unavail/toolna/differ)=4/0/0/0/0/0 5s
OK gt(imp/impT/all)=128/134/517 err=0 verify(match/bug/late/unavail/toolna/differ)=4/0/0/0/0/0 105s
OK gt(imp/impT/all)=21/24/126 err=0 verify(match/bug/late/unavail/toolna/differ)=4/0/0/0/0/0 23s
OK gt(imp/impT/all)=255/260/585 err=0 verify(match/bug/late/unavail/toolna/differ)=4/0/0/0/0/0 96s
OK gt(imp/impT/all)=1/4/5 err=0 verify(match/bug/late/unavail/toolna/differ)=4/0/0/0/0/0 7s
OK gt(imp/impT/all)=1/10/34 err=0 verify(match/bug/late/unavail/toolna/differ)=4/0/0/0/0/0 14s
# rerun2 開始 2026-08-04T14:57:12.431Z 対象=1528 (SHA未記録=1→SKIP) 上限=Infinity
# 7月に main を除外できていなかった repo（予測集合。この集合の repo のみ july_main_bug を許す）= 7 件: Lifailon__lazyjournal antonmedv__fx box-cli-maker__box-cli-maker dghubble__sling dtgorski__typex homedepot__flop naughtygopher__errors
# 7月側の記録が使えず比較できない repo（july_unavailable。ゲートは通すが verify.csv に残す）= 9 件: codemodus__catena dimuska139__rawg-sdk-go ggicci__httpin kubernetes__kubernetes mehrdadrad__tcpdog presbrey__ollamafarm rakyll__hey tendermint__tendermint zRedShift__mimemagic
# rerun2 開始 2026-08-04T14:57:12.436Z 対象=1528 (SHA未記録=1→SKIP) 上限=Infinity
# 7月に main を除外できていなかった repo（予測集合。この集合の repo のみ july_main_bug を許す）= 7 件: Lifailon__lazyjournal antonmedv__fx box-cli-maker__box-cli-maker dghubble__sling dtgorski__typex homedepot__flop naughtygopher__errors
# 7月側の記録が使えず比較できない repo（july_unavailable。ゲートは通すが verify.csv に残す）= 9 件: codemodus__catena dimuska139__rawg-sdk-go ggicci__httpin kubernetes__kubernetes mehrdadrad__tcpdog presbrey__ollamafarm rakyll__hey tendermint__tendermint zRedShift__mimemagic
# rerun2 開始 2026-08-04T14:57:12.445Z 対象=1528 (SHA未記録=1→SKIP) 上限=Infinity
# 7月に main を除外できていなかった repo（予測集合。この集合の repo のみ july_main_bug を許す）= 7 件: Lifailon__lazyjournal antonmedv__fx box-cli-maker__box-cli-maker dghubble__sling dtgorski__typex homedepot__flop naughtygopher__errors
# 7月側の記録が使えず比較できない repo（july_unavailable。ゲートは通すが verify.csv に残す）= 9 件: codemodus__catena dimuska139__rawg-sdk-go ggicci__httpin kubernetes__kubernetes mehrdadrad__tcpdog presbrey__ollamafarm rakyll__hey tendermint__tendermint zRedShift__mimemagic
OK gt(imp/impT/all)=82/82/134 err=0 verify(match/bug/late/unavail/toolna/differ)=4/0/0/0/0/0 14s
OK gt(imp/impT/all)=10/15/48 err=0 verify(match/bug/late/unavail/toolna/differ)=4/0/0/0/0/0 12s
OK gt(imp/impT/all)=9/9/94 err=0 verify(match/bug/late/unavail/toolna/differ)=4/0/0/0/0/0 27s
OK gt(imp/impT/all)=2/6/8 err=0 verify(match/bug/late/unavail/toolna/differ)=4/0/0/0/0/0 9s
OK gt(imp/impT/all)=1/1/1 err=0 verify(match/bug/late/unavail/toolna/differ)=4/0/0/0/0/0 12s
OK gt(imp/impT/all)=2/2/6 err=0 verify(match/bug/late/unavail/toolna/differ)=4/0/0/0/0/0 11s
OK gt(imp/impT/all)=40/40/63 err=0 verify(match/bug/late/unavail/toolna/differ)=4/0/0/0/0/0 13s
OK gt(imp/impT/all)=19/19/24 err=0 verify(match/bug/late/unavail/toolna/differ)=4/0/0/0/0/0 9s
OK gt(imp/impT/all)=1/1/1 err=0 verify(match/bug/late/unavail/toolna/differ)=4/0/0/0/0/0 5s
OK gt(imp/impT/all)=93/93/283 err=0 verify(match/bug/late/unavail/toolna/differ)=4/0/0/0/0/0 122s
OK gt(imp/impT/all)=11/15/74 err=0 verify(match/bug/late/unavail/toolna/differ)=4/0/0/0/0/0 11s
OK gt(imp/impT/all)=24/28/111 err=0 verify(match/bug/late/unavail/toolna/differ)=4/0/0/0/0/0 30s
OK gt(imp/impT/all)=18/18/37 err=0 verify(match/bug/late/unavail/toolna/differ)=4/0/0/0/0/0 16s
OK gt(imp/impT/all)=90/91/232 err=0 verify(match/bug/late/unavail/toolna/differ)=4/0/0/0/0/0 43s
OK gt(imp/impT/all)=2/2/33 err=0 verify(match/bug/late/unavail/toolna/differ)=4/0/0/0/0/0 9s
OK gt(imp/impT/all)=2/6/373 err=0 verify(match/bug/late/unavail/toolna/differ)=4/0/0/0/0/0 53s
OK gt(imp/impT/all)=1/1/1 err=0 verify(match/bug/late/unavail/toolna/differ)=4/0/0/0/0/0 4s
OK gt(imp/impT/all)=15/15/29 err=0 verify(match/bug/late/unavail/toolna/differ)=4/0/0/0/0/0 9s
OK gt(imp/impT/all)=18/23/56 err=0 verify(match/bug/late/unavail/toolna/differ)=4/0/0/0/0/0 15s
OK gt(imp/impT/all)=256/284/726 err=0 verify(match/bug/late/unavail/toolna/differ)=4/0/0/0/0/0 134s
OK gt(imp/impT/all)=1/5/13 err=0 verify(match/bug/late/unavail/toolna/differ)=4/0/0/0/0/0 8s
OK gt(imp/impT/all)=1/6/12 err=0 verify(match/bug/late/unavail/toolna/differ)=4/0/0/0/0/0 7s
OK gt(imp/impT/all)=11/15/23 err=0 verify(match/bug/late/unavail/toolna/differ)=4/0/0/0/0/0 11s
OK gt(imp/impT/all)=213/213/479 err=0 verify(match/bug/late/unavail/toolna/differ)=4/0/0/0/0/0 93s
OK gt(imp/impT/all)=159/163/549 err=0 verify(match/bug/late/unavail/toolna/differ)=4/0/0/0/0/0 112s
OK gt(imp/impT/all)=1/1/3 err=0 verify(match/bug/late/unavail/toolna/differ)=4/0/0/0/0/0 7s
OK gt(imp/impT/all)=50/54/71 err=0 verify(match/bug/late/unavail/toolna/differ)=4/0/0/0/0/0 14s
OK gt(imp/impT/all)=48/52/98 err=0 verify(match/bug/late/unavail/toolna/differ)=4/0/0/0/0/0 18s
OK gt(imp/impT/all)=42/42/93 err=0 verify(match/bug/late/unavail/toolna/differ)=4/0/0/0/0/0 54s
OK gt(imp/impT/all)=2/2/2 err=0 verify(match/bug/late/unavail/toolna/differ)=4/0/0/0/0/0 6s
OK gt(imp/impT/all)=5/5/5 err=0 verify(match/bug/late/unavail/toolna/differ)=4/0/0/0/0/0 9s
OK gt(imp/impT/all)=126/134/435 err=0 verify(match/bug/late/unavail/toolna/differ)=4/0/0/0/0/0 97s
OK gt(imp/impT/all)=1/1/2 err=0 verify(match/bug/late/unavail/toolna/differ)=4/0/0/0/0/0 8s
OK gt(imp/impT/all)=5/5/12 err=0 verify(match/bug/late/unavail/toolna/differ)=4/0/0/0/0/0 8s
OK gt(imp/impT/all)=68/68/278 err=0 verify(match/bug/late/unavail/toolna/differ)=4/0/0/0/0/0 53s
# rerun2 開始 2026-08-04T16:17:03.790Z 対象=1528 (SHA未記録=1→SKIP) 上限=Infinity
# 7月に main を除外できていなかった repo（予測集合。この集合の repo のみ july_main_bug を許す）= 7 件: Lifailon__lazyjournal antonmedv__fx box-cli-maker__box-cli-maker dghubble__sling dtgorski__typex homedepot__flop naughtygopher__errors
# 7月側の記録が使えず比較できない repo（july_unavailable。ゲートは通すが verify.csv に残す）= 9 件: codemodus__catena dimuska139__rawg-sdk-go ggicci__httpin kubernetes__kubernetes mehrdadrad__tcpdog presbrey__ollamafarm rakyll__hey tendermint__tendermint zRedShift__mimemagic
# rerun2 開始 2026-08-04T16:17:03.806Z 対象=1528 (SHA未記録=1→SKIP) 上限=Infinity
# 7月に main を除外できていなかった repo（予測集合。この集合の repo のみ july_main_bug を許す）= 7 件: Lifailon__lazyjournal antonmedv__fx box-cli-maker__box-cli-maker dghubble__sling dtgorski__typex homedepot__flop naughtygopher__errors
# 7月側の記録が使えず比較できない repo（july_unavailable。ゲートは通すが verify.csv に残す）= 9 件: codemodus__catena dimuska139__rawg-sdk-go ggicci__httpin kubernetes__kubernetes mehrdadrad__tcpdog presbrey__ollamafarm rakyll__hey tendermint__tendermint zRedShift__mimemagic
# rerun2 開始 2026-08-04T16:17:03.798Z 対象=1528 (SHA未記録=1→SKIP) 上限=Infinity
# 7月に main を除外できていなかった repo（予測集合。この集合の repo のみ july_main_bug を許す）= 7 件: Lifailon__lazyjournal antonmedv__fx box-cli-maker__box-cli-maker dghubble__sling dtgorski__typex homedepot__flop naughtygopher__errors
# 7月側の記録が使えず比較できない repo（july_unavailable。ゲートは通すが verify.csv に残す）= 9 件: codemodus__catena dimuska139__rawg-sdk-go ggicci__httpin kubernetes__kubernetes mehrdadrad__tcpdog presbrey__ollamafarm rakyll__hey tendermint__tendermint zRedShift__mimemagic
SKIP(retryable/sha_fetch_failed)
SKIP(retryable/sha_fetch_failed)
SKIP(retryable/sha_fetch_failed)
OK gt(imp/impT/all)=2/2/8 err=0 verify(match/bug/late/unavail/toolna/differ)=4/0/0/0/0/0 45s
OK gt(imp/impT/all)=21/25/40 err=0 verify(match/bug/late/unavail/toolna/differ)=4/0/0/0/0/0 48s
OK gt(imp/impT/all)=13/17/52 err=0 verify(match/bug/late/unavail/toolna/differ)=4/0/0/0/0/0 52s
OK gt(imp/impT/all)=10/10/21 err=0 verify(match/bug/late/unavail/toolna/differ)=4/0/0/0/0/0 10s
OK gt(imp/impT/all)=1/1/6 err=0 verify(match/bug/late/unavail/toolna/differ)=4/0/0/0/0/0 8s
OK gt(imp/impT/all)=5/10/76 err=0 verify(match/bug/late/unavail/toolna/differ)=4/0/0/0/0/0 24s
OK gt(imp/impT/all)=45/45/124 err=0 verify(match/bug/late/unavail/toolna/differ)=4/0/0/0/0/0 29s
OK gt(imp/impT/all)=24/28/91 err=0 verify(match/bug/late/unavail/toolna/differ)=4/0/0/0/0/0 30s
OK gt(imp/impT/all)=5/8/16 err=0 verify(match/bug/late/unavail/toolna/differ)=4/0/0/0/0/0 6s
OK gt(imp/impT/all)=1/2/6 err=0 verify(match/bug/late/unavail/toolna/differ)=4/0/0/0/0/0 7s
OK gt(imp/impT/all)=2/2/2 err=0 verify(match/bug/late/unavail/toolna/differ)=4/0/0/0/0/0 6s
OK gt(imp/impT/all)=4/8/10 err=0 verify(match/bug/late/unavail/toolna/differ)=4/0/0/0/0/0 8s
OK gt(imp/impT/all)=23/23/68 err=0 verify(match/bug/late/unavail/toolna/differ)=4/0/0/0/0/0 20s
OK gt(imp/impT/all)=29/32/54 err=0 verify(match/bug/late/unavail/toolna/differ)=4/0/0/0/0/0 16s
OK gt(imp/impT/all)=1/1/3 err=0 verify(match/bug/late/unavail/toolna/differ)=4/0/0/0/0/0 6s
OK gt(imp/impT/all)=22/22/59 err=0 verify(match/bug/late/unavail/toolna/differ)=4/0/0/0/0/0 19s
OK gt(imp/impT/all)=4/4/6 err=0 verify(match/bug/late/unavail/toolna/differ)=4/0/0/0/0/0 7s
OK gt(imp/impT/all)=11/11/20 err=0 verify(match/bug/late/unavail/toolna/differ)=4/0/0/0/0/0 14s
OK gt(imp/impT/all)=8/12/28 err=0 verify(match/bug/late/unavail/toolna/differ)=4/0/0/0/0/0 13s
OK gt(imp/impT/all)=3/3/3 err=0 verify(match/bug/late/unavail/toolna/differ)=4/0/0/0/0/0 9s
OK gt(imp/impT/all)=10/14/29 err=0 verify(match/bug/late/unavail/toolna/differ)=4/0/0/0/0/0 12s
OK gt(imp/impT/all)=6/9/17 err=0 verify(match/bug/late/unavail/toolna/differ)=4/0/0/0/0/0 11s
OK gt(imp/impT/all)=5/9/12 err=0 verify(match/bug/late/unavail/toolna/differ)=4/0/0/0/0/0 8s
OK gt(imp/impT/all)=20/20/52 err=0 verify(match/bug/late/unavail/toolna/differ)=4/0/0/0/0/0 15s
OK gt(imp/impT/all)=13/14/30 err=0 verify(match/bug/late/unavail/toolna/differ)=4/0/0/0/0/0 16s
OK gt(imp/impT/all)=1/5/7 err=0 verify(match/bug/late/unavail/toolna/differ)=4/0/0/0/0/0 8s
OK gt(imp/impT/all)=5/9/12 err=0 verify(match/bug/late/unavail/toolna/differ)=4/0/0/0/0/0 8s
OK gt(imp/impT/all)=1/2/6 err=0 verify(match/bug/late/unavail/toolna/differ)=4/0/0/0/0/0 12s
OK gt(imp/impT/all)=2/2/2 err=0 verify(match/bug/late/unavail/toolna/differ)=4/0/0/0/0/0 7s
OK gt(imp/impT/all)=128/132/334 err=0 verify(match/bug/late/unavail/toolna/differ)=4/0/0/0/0/0 63s
OK gt(imp/impT/all)=5/5/32 err=0 verify(match/bug/late/unavail/toolna/differ)=4/0/0/0/0/0 12s
OK gt(imp/impT/all)=121/131/387 err=0 verify(match/bug/late/unavail/toolna/differ)=4/0/0/0/0/0 93s
OK gt(imp/impT/all)=138/138/442 err=0 verify(match/bug/late/unavail/toolna/differ)=4/0/0/0/0/0 79s
OK gt(imp/impT/all)=7/7/16 err=0 verify(match/bug/late/unavail/toolna/differ)=4/0/0/0/0/0 10s
OK gt(imp/impT/all)=1/1/1 err=0 verify(match/bug/late/unavail/toolna/differ)=4/0/0/0/0/0 8s
OK gt(imp/impT/all)=2/3/3 err=0 verify(match/bug/late/unavail/toolna/differ)=4/0/0/0/0/0 6s
OK gt(imp/impT/all)=16/16/28 err=0 verify(match/bug/late/unavail/toolna/differ)=4/0/0/0/0/0 12s
OK gt(imp/impT/all)=60/61/119 err=0 verify(match/bug/late/unavail/toolna/differ)=4/0/0/0/0/0 31s
OK gt(imp/impT/all)=3/3/7 err=0 verify(match/bug/late/unavail/toolna/differ)=4/0/0/0/0/0 9s
OK gt(imp/impT/all)=15/19/33 err=0 verify(match/bug/late/unavail/toolna/differ)=4/0/0/0/0/0 12s
OK gt(imp/impT/all)=65/74/221 err=0 verify(match/bug/late/unavail/toolna/differ)=4/0/0/0/0/0 19s
OK gt(imp/impT/all)=3/3/7 err=0 verify(match/bug/late/unavail/toolna/differ)=4/0/0/0/0/0 8s
OK gt(imp/impT/all)=7/41/66 err=0 verify(match/bug/late/unavail/toolna/differ)=4/0/0/0/0/0 23s
OK gt(imp/impT/all)=2/6/8 err=0 verify(match/bug/late/unavail/toolna/differ)=4/0/0/0/0/0 8s
OK gt(imp/impT/all)=27/27/44 err=0 verify(match/bug/late/unavail/toolna/differ)=4/0/0/0/0/0 16s
OK gt(imp/impT/all)=2/2/78 err=0 verify(match/bug/late/unavail/toolna/differ)=4/0/0/0/0/0 10s
OK gt(imp/impT/all)=307/308/800 err=0 verify(match/bug/late/unavail/toolna/differ)=4/0/0/0/0/0 164s
OK gt(imp/impT/all)=1/5/7 err=0 verify(match/bug/late/unavail/toolna/differ)=4/0/0/0/0/0 11s
OK gt(imp/impT/all)=44/50/130 err=0 verify(match/bug/late/unavail/toolna/differ)=4/0/0/0/0/0 31s
OK gt(imp/impT/all)=151/155/923 err=0 verify(match/bug/late/unavail/toolna/differ)=4/0/0/0/0/0 126s
OK gt(imp/impT/all)=27/31/302 err=0 verify(match/bug/late/unavail/toolna/differ)=4/0/0/0/0/0 23s
OK gt(imp/impT/all)=2/2/6 err=0 verify(match/bug/late/unavail/toolna/differ)=4/0/0/0/0/0 9s
OK gt(imp/impT/all)=43/43/62 err=0 verify(match/bug/late/unavail/toolna/differ)=4/0/0/0/0/0 12s
OK gt(imp/impT/all)=158/158/511 err=0 verify(match/bug/late/unavail/toolna/differ)=4/0/0/0/0/0 118s
OK gt(imp/impT/all)=97/97/211 err=0 verify(match/bug/late/unavail/toolna/differ)=4/0/0/0/0/0 45s
# rerun2 開始 2026-08-05T05:16:23.602Z 対象=1528 (SHA未記録=1→SKIP) 上限=Infinity
# rerun2 開始 2026-08-05T05:16:23.590Z 対象=1528 (SHA未記録=1→SKIP) 上限=Infinity
# 7月に main を除外できていなかった repo（予測集合。この集合の repo のみ july_main_bug を許す）= 7 件: Lifailon__lazyjournal antonmedv__fx box-cli-maker__box-cli-maker dghubble__sling dtgorski__typex homedepot__flop naughtygopher__errors
# 7月側の記録が使えず比較できない repo（july_unavailable。ゲートは通すが verify.csv に残す）= 9 件: codemodus__catena dimuska139__rawg-sdk-go ggicci__httpin kubernetes__kubernetes mehrdadrad__tcpdog presbrey__ollamafarm rakyll__hey tendermint__tendermint zRedShift__mimemagic
# 7月に main を除外できていなかった repo（予測集合。この集合の repo のみ july_main_bug を許す）= 7 件: Lifailon__lazyjournal antonmedv__fx box-cli-maker__box-cli-maker dghubble__sling dtgorski__typex homedepot__flop naughtygopher__errors
# 7月側の記録が使えず比較できない repo（july_unavailable。ゲートは通すが verify.csv に残す）= 9 件: codemodus__catena dimuska139__rawg-sdk-go ggicci__httpin kubernetes__kubernetes mehrdadrad__tcpdog presbrey__ollamafarm rakyll__hey tendermint__tendermint zRedShift__mimemagic
# rerun2 開始 2026-08-05T05:16:23.610Z 対象=1528 (SHA未記録=1→SKIP) 上限=Infinity
# 7月に main を除外できていなかった repo（予測集合。この集合の repo のみ july_main_bug を許す）= 7 件: Lifailon__lazyjournal antonmedv__fx box-cli-maker__box-cli-maker dghubble__sling dtgorski__typex homedepot__flop naughtygopher__errors
# 7月側の記録が使えず比較できない repo（july_unavailable。ゲートは通すが verify.csv に残す）= 9 件: codemodus__catena dimuska139__rawg-sdk-go ggicci__httpin kubernetes__kubernetes mehrdadrad__tcpdog presbrey__ollamafarm rakyll__hey tendermint__tendermint zRedShift__mimemagic
SKIP(retryable/sha_fetch_failed)
SKIP(retryable/sha_fetch_failed)
SKIP(retryable/sha_fetch_failed)
OK gt(imp/impT/all)=13/13/39 err=0 verify(match/bug/late/unavail/toolna/differ)=4/0/0/0/0/0 45s
OK gt(imp/impT/all)=33/33/79 err=0 verify(match/bug/late/unavail/toolna/differ)=4/0/0/0/0/0 47s
OK gt(imp/impT/all)=3/7/10 err=0 verify(match/bug/late/unavail/toolna/differ)=4/0/0/0/0/0 7s
OK gt(imp/impT/all)=4/4/24 err=0 verify(match/bug/late/unavail/toolna/differ)=4/0/0/0/0/0 12s
OK gt(imp/impT/all)=7/11/13 err=0 verify(match/bug/late/unavail/toolna/differ)=4/0/0/0/0/0 12s
OK gt(imp/impT/all)=31/31/194 err=0 verify(match/bug/late/unavail/toolna/differ)=4/0/0/0/0/0 81s
OK gt(imp/impT/all)=6/6/33 err=0 verify(match/bug/late/unavail/toolna/differ)=4/0/0/0/0/0 19s
OK gt(imp/impT/all)=17/23/188 err=0 verify(match/bug/late/unavail/toolna/differ)=4/0/0/0/0/0 42s
OK gt(imp/impT/all)=1/2/22 err=0 verify(match/bug/late/unavail/toolna/differ)=4/0/0/0/0/0 9s
OK gt(imp/impT/all)=124/130/504 err=0 verify(match/bug/late/unavail/toolna/differ)=4/0/0/0/0/0 82s
OK gt(imp/impT/all)=127/134/274 err=0 verify(match/bug/late/unavail/toolna/differ)=4/0/0/0/0/0 57s
OK gt(imp/impT/all)=2/2/244 err=0 verify(match/bug/late/unavail/toolna/differ)=4/0/0/0/0/0 31s
OK gt(imp/impT/all)=11/11/23 err=0 verify(match/bug/late/unavail/toolna/differ)=4/0/0/0/0/0 11s
OK gt(imp/impT/all)=11/11/23 err=0 verify(match/bug/late/unavail/toolna/differ)=4/0/0/0/0/0 30s
OK gt(imp/impT/all)=2/7/19 err=0 verify(match/bug/late/unavail/toolna/differ)=4/0/0/0/0/0 15s
OK gt(imp/impT/all)=1/1/1 err=0 verify(match/bug/late/unavail/toolna/differ)=4/0/0/0/0/0 6s
OK gt(imp/impT/all)=12/13/63 err=0 verify(match/bug/late/unavail/toolna/differ)=4/0/0/0/0/0 23s
OK gt(imp/impT/all)=20/61/231 err=0 verify(match/bug/late/unavail/toolna/differ)=4/0/0/0/0/0 46s
OK gt(imp/impT/all)=9/9/17 err=0 verify(match/bug/late/unavail/toolna/differ)=4/0/0/0/0/0 8s
OK gt(imp/impT/all)=13/13/18 err=0 verify(match/bug/late/unavail/toolna/differ)=4/0/0/0/0/0 10s
OK gt(imp/impT/all)=5/6/6 err=0 verify(match/bug/late/unavail/toolna/differ)=4/0/0/0/0/0 15s
OK gt(imp/impT/all)=130/136/391 err=0 verify(match/bug/late/unavail/toolna/differ)=4/0/0/0/0/0 64s
OK gt(imp/impT/all)=1/5/7 err=0 verify(match/bug/late/unavail/toolna/differ)=4/0/0/0/0/0 7s
OK gt(imp/impT/all)=2/6/14 err=0 verify(match/bug/late/unavail/toolna/differ)=4/0/0/0/0/0 8s
OK gt(imp/impT/all)=2/4/19 err=0 verify(match/bug/late/unavail/toolna/differ)=4/0/0/0/0/0 10s
OK gt(imp/impT/all)=5/5/9 err=0 verify(match/bug/late/unavail/toolna/differ)=4/0/0/0/0/0 8s
OK gt(imp/impT/all)=4/9/19 err=0 verify(match/bug/late/unavail/toolna/differ)=4/0/0/0/0/0 12s
OK gt(imp/impT/all)=42/42/380 err=0 verify(match/bug/late/unavail/toolna/differ)=4/0/0/0/0/0 56s
OK gt(imp/impT/all)=22/22/83 err=0 verify(match/bug/late/unavail/toolna/differ)=4/0/0/0/0/0 25s
OK gt(imp/impT/all)=3/3/4 err=0 verify(match/bug/late/unavail/toolna/differ)=4/0/0/0/0/0 12s
OK gt(imp/impT/all)=66/66/123 err=0 verify(match/bug/late/unavail/toolna/differ)=4/0/0/0/0/0 45s
OK gt(imp/impT/all)=1/5/7 err=0 verify(match/bug/late/unavail/toolna/differ)=4/0/0/0/0/0 13s
OK gt(imp/impT/all)=4/9/15 err=0 verify(match/bug/late/unavail/toolna/differ)=4/0/0/0/0/0 11s
OK gt(imp/impT/all)=3/7/10 err=0 verify(match/bug/late/unavail/toolna/differ)=4/0/0/0/0/0 9s
OK gt(imp/impT/all)=89/89/174 err=0 verify(match/bug/late/unavail/toolna/differ)=4/0/0/0/0/0 38s
OK gt(imp/impT/all)=32/36/48 err=0 verify(match/bug/late/unavail/toolna/differ)=4/0/0/0/0/0 16s
OK gt(imp/impT/all)=3/8/10 err=0 verify(match/bug/late/unavail/toolna/differ)=4/0/0/0/0/0 14s
OK gt(imp/impT/all)=3/3/9 err=0 verify(match/bug/late/unavail/toolna/differ)=4/0/0/0/0/0 9s
OK gt(imp/impT/all)=3/3/3 err=0 verify(match/bug/late/unavail/toolna/differ)=4/0/0/0/0/0 7s
OK gt(imp/impT/all)=3/3/3 err=0 verify(match/bug/late/unavail/toolna/differ)=4/0/0/0/0/0 6s
OK gt(imp/impT/all)=128/135/484 err=0 verify(match/bug/late/unavail/toolna/differ)=4/0/0/0/0/0 58s
OK gt(imp/impT/all)=228/230/469 err=0 verify(match/bug/late/unavail/toolna/differ)=4/0/0/0/0/0 95s
OK gt(imp/impT/all)=254/260/756 err=0 verify(match/bug/late/unavail/toolna/differ)=4/0/0/0/0/0 131s
OK gt(imp/impT/all)=2/2/18 err=0 verify(match/bug/late/unavail/toolna/differ)=4/0/0/0/0/0 10s
OK gt(imp/impT/all)=1/5/7 err=0 verify(match/bug/late/unavail/toolna/differ)=4/0/0/0/0/0 7s
OK gt(imp/impT/all)=1/1/1 err=0 verify(match/bug/late/unavail/toolna/differ)=4/0/0/0/0/0 5s
OK gt(imp/impT/all)=8/8/9 err=0 verify(match/bug/late/unavail/toolna/differ)=4/0/0/0/0/0 7s
OK gt(imp/impT/all)=4/4/8 err=0 verify(match/bug/late/unavail/toolna/differ)=4/0/0/0/0/0 7s
# rerun2 開始 2026-08-05T05:26:00.061Z 対象=1528 (SHA未記録=1→SKIP) 上限=Infinity
# rerun2 開始 2026-08-05T05:26:00.062Z 対象=1528 (SHA未記録=1→SKIP) 上限=Infinity
# 7月に main を除外できていなかった repo（予測集合。この集合の repo のみ july_main_bug を許す）= 7 件: Lifailon__lazyjournal antonmedv__fx box-cli-maker__box-cli-maker dghubble__sling dtgorski__typex homedepot__flop naughtygopher__errors
# 7月側の記録が使えず比較できない repo（july_unavailable。ゲートは通すが verify.csv に残す）= 9 件: codemodus__catena dimuska139__rawg-sdk-go ggicci__httpin kubernetes__kubernetes mehrdadrad__tcpdog presbrey__ollamafarm rakyll__hey tendermint__tendermint zRedShift__mimemagic
# rerun2 開始 2026-08-05T05:26:00.065Z 対象=1528 (SHA未記録=1→SKIP) 上限=Infinity
# 7月に main を除外できていなかった repo（予測集合。この集合の repo のみ july_main_bug を許す）= 7 件: Lifailon__lazyjournal antonmedv__fx box-cli-maker__box-cli-maker dghubble__sling dtgorski__typex homedepot__flop naughtygopher__errors
# 7月側の記録が使えず比較できない repo（july_unavailable。ゲートは通すが verify.csv に残す）= 9 件: codemodus__catena dimuska139__rawg-sdk-go ggicci__httpin kubernetes__kubernetes mehrdadrad__tcpdog presbrey__ollamafarm rakyll__hey tendermint__tendermint zRedShift__mimemagic
# 7月に main を除外できていなかった repo（予測集合。この集合の repo のみ july_main_bug を許す）= 7 件: Lifailon__lazyjournal antonmedv__fx box-cli-maker__box-cli-maker dghubble__sling dtgorski__typex homedepot__flop naughtygopher__errors
# 7月側の記録が使えず比較できない repo（july_unavailable。ゲートは通すが verify.csv に残す）= 9 件: codemodus__catena dimuska139__rawg-sdk-go ggicci__httpin kubernetes__kubernetes mehrdadrad__tcpdog presbrey__ollamafarm rakyll__hey tendermint__tendermint zRedShift__mimemagic
SKIP(retryable/sha_fetch_failed)
SKIP(retryable/sha_fetch_failed)
OK gt(imp/impT/all)=30/32/58 err=0 verify(match/bug/late/unavail/toolna/differ)=4/0/0/0/0/0 19s
OK gt(imp/impT/all)=46/50/118 err=0 verify(match/bug/late/unavail/toolna/differ)=4/0/0/0/0/0 24s
OK gt(imp/impT/all)=4/4/7 err=0 verify(match/bug/late/unavail/toolna/differ)=4/0/0/0/0/0 6s
OK gt(imp/impT/all)=28/28/46 err=0 verify(match/bug/late/unavail/toolna/differ)=4/0/0/0/0/0 21s
OK gt(imp/impT/all)=2/6/8 err=0 verify(match/bug/late/unavail/toolna/differ)=4/0/0/0/0/0 6s
OK gt(imp/impT/all)=2/2/7 err=0 verify(match/bug/late/unavail/toolna/differ)=4/0/0/0/0/0 7s
OK gt(imp/impT/all)=5/5/5 err=0 verify(match/bug/late/unavail/toolna/differ)=4/0/0/0/0/0 7s
OK gt(imp/impT/all)=1/1/2 err=0 verify(match/bug/late/unavail/toolna/differ)=4/0/0/0/0/0 6s
OK gt(imp/impT/all)=164/167/608 err=0 verify(match/bug/late/unavail/toolna/differ)=4/0/0/0/0/0 113s
OK gt(imp/impT/all)=2/2/3 err=0 verify(match/bug/late/unavail/toolna/differ)=4/0/0/0/0/0 8s
OK gt(imp/impT/all)=12/16/41 err=0 verify(match/bug/late/unavail/toolna/differ)=4/0/0/0/0/0 11s
OK gt(imp/impT/all)=19/21/44 err=0 verify(match/bug/late/unavail/toolna/differ)=4/0/0/0/0/0 11s
OK gt(imp/impT/all)=1/1/1 err=0 verify(match/bug/late/unavail/toolna/differ)=4/0/0/0/0/0 5s
OK gt(imp/impT/all)=3/3/3 err=0 verify(match/bug/late/unavail/toolna/differ)=4/0/0/0/0/0 5s
OK gt(imp/impT/all)=9/16/53 err=0 verify(match/bug/late/unavail/toolna/differ)=4/0/0/0/0/0 9s
OK gt(imp/impT/all)=21/26/49 err=0 verify(match/bug/late/unavail/toolna/differ)=4/0/0/0/0/0 12s
OK gt(imp/impT/all)=1/1/1 err=0 verify(match/bug/late/unavail/toolna/differ)=4/0/0/0/0/0 5s
OK gt(imp/impT/all)=20/20/60 err=0 verify(match/bug/late/unavail/toolna/differ)=4/0/0/0/0/0 7s
OK gt(imp/impT/all)=1/1/1 err=0 verify(match/bug/late/unavail/toolna/differ)=4/0/0/0/0/0 5s
OK gt(imp/impT/all)=88/88/395 err=0 verify(match/bug/late/unavail/toolna/differ)=4/0/0/0/0/0 73s
OK gt(imp/impT/all)=1/5/11 err=0 verify(match/bug/late/unavail/toolna/differ)=4/0/0/0/0/0 8s
OK gt(imp/impT/all)=5/5/167 err=0 verify(match/bug/late/unavail/toolna/differ)=4/0/0/0/0/0 17s
OK gt(imp/impT/all)=1/1/1 err=0 verify(match/bug/late/unavail/toolna/differ)=4/0/0/0/0/0 6s
OK gt(imp/impT/all)=12/18/28 err=0 verify(match/bug/late/unavail/toolna/differ)=4/0/0/0/0/0 11s
OK gt(imp/impT/all)=3/3/8 err=0 verify(match/bug/late/unavail/toolna/differ)=4/0/0/0/0/0 8s
OK gt(imp/impT/all)=11/11/20 err=0 verify(match/bug/late/unavail/toolna/differ)=4/0/0/0/0/0 8s
OK gt(imp/impT/all)=193/196/565 err=0 verify(match/bug/late/unavail/toolna/differ)=4/0/0/0/0/0 94s
OK gt(imp/impT/all)=5/6/20 err=0 verify(match/bug/late/unavail/toolna/differ)=4/0/0/0/0/0 7s
OK gt(imp/impT/all)=64/68/360 err=0 verify(match/bug/late/unavail/toolna/differ)=4/0/0/0/0/0 58s
OK gt(imp/impT/all)=86/86/114 err=0 verify(match/bug/late/unavail/toolna/differ)=4/0/0/0/0/0 37s
OK gt(imp/impT/all)=1/5/12 err=0 verify(match/bug/late/unavail/toolna/differ)=4/0/0/0/0/0 8s
OK gt(imp/impT/all)=1/3/3 err=0 verify(match/bug/late/unavail/toolna/differ)=4/0/0/0/0/0 5s
OK gt(imp/impT/all)=2/7/22 err=0 verify(match/bug/late/unavail/toolna/differ)=4/0/0/0/0/0 9s
OK gt(imp/impT/all)=26/26/37 err=0 verify(match/bug/late/unavail/toolna/differ)=4/0/0/0/0/0 10s
OK gt(imp/impT/all)=27/27/57 err=0 verify(match/bug/late/unavail/toolna/differ)=4/0/0/0/0/0 15s
OK gt(imp/impT/all)=3/3/434 err=0 verify(match/bug/late/unavail/toolna/differ)=4/0/0/0/0/0 50s
OK gt(imp/impT/all)=9/22/218 err=0 verify(match/bug/late/unavail/toolna/differ)=4/0/0/0/0/0 22s
OK gt(imp/impT/all)=4/4/4 err=0 verify(match/bug/late/unavail/toolna/differ)=4/0/0/0/0/0 5s
OK gt(imp/impT/all)=497/510/1405 err=0 verify(match/bug/late/unavail/toolna/differ)=4/0/0/0/0/0 268s
OK gt(imp/impT/all)=17/21/34 err=0 verify(match/bug/late/unavail/toolna/differ)=4/0/0/0/0/0 9s
OK gt(imp/impT/all)=2/5/7 err=0 verify(match/bug/late/unavail/toolna/differ)=4/0/0/0/0/0 6s
# rerun2 開始 2026-08-05T05:35:36.749Z 対象=1528 (SHA未記録=1→SKIP) 上限=Infinity
# 7月に main を除外できていなかった repo（予測集合。この集合の repo のみ july_main_bug を許す）= 7 件: Lifailon__lazyjournal antonmedv__fx box-cli-maker__box-cli-maker dghubble__sling dtgorski__typex homedepot__flop naughtygopher__errors
# 7月側の記録が使えず比較できない repo（july_unavailable。ゲートは通すが verify.csv に残す）= 9 件: codemodus__catena dimuska139__rawg-sdk-go ggicci__httpin kubernetes__kubernetes mehrdadrad__tcpdog presbrey__ollamafarm rakyll__hey tendermint__tendermint zRedShift__mimemagic
# rerun2 開始 2026-08-05T05:35:36.753Z 対象=1528 (SHA未記録=1→SKIP) 上限=Infinity
# 7月に main を除外できていなかった repo（予測集合。この集合の repo のみ july_main_bug を許す）= 7 件: Lifailon__lazyjournal antonmedv__fx box-cli-maker__box-cli-maker dghubble__sling dtgorski__typex homedepot__flop naughtygopher__errors
# 7月側の記録が使えず比較できない repo（july_unavailable。ゲートは通すが verify.csv に残す）= 9 件: codemodus__catena dimuska139__rawg-sdk-go ggicci__httpin kubernetes__kubernetes mehrdadrad__tcpdog presbrey__ollamafarm rakyll__hey tendermint__tendermint zRedShift__mimemagic
# rerun2 開始 2026-08-05T05:35:36.759Z 対象=1528 (SHA未記録=1→SKIP) 上限=Infinity
# 7月に main を除外できていなかった repo（予測集合。この集合の repo のみ july_main_bug を許す）= 7 件: Lifailon__lazyjournal antonmedv__fx box-cli-maker__box-cli-maker dghubble__sling dtgorski__typex homedepot__flop naughtygopher__errors
# 7月側の記録が使えず比較できない repo（july_unavailable。ゲートは通すが verify.csv に残す）= 9 件: codemodus__catena dimuska139__rawg-sdk-go ggicci__httpin kubernetes__kubernetes mehrdadrad__tcpdog presbrey__ollamafarm rakyll__hey tendermint__tendermint zRedShift__mimemagic
OK gt(imp/impT/all)=34/34/66 err=0 verify(match/bug/late/unavail/toolna/differ)=4/0/0/0/0/0 40s
OK gt(imp/impT/all)=96/98/254 err=0 verify(match/bug/late/unavail/toolna/differ)=4/0/0/0/0/0 98s
OK gt(imp/impT/all)=72/120/295 err=0 verify(match/bug/late/unavail/toolna/differ)=4/0/0/0/0/0 70s
OK gt(imp/impT/all)=1/1/4 err=0 verify(match/bug/late/unavail/toolna/differ)=4/0/0/0/0/0 11s
OK gt(imp/impT/all)=3/3/3 err=0 verify(match/bug/late/unavail/toolna/differ)=4/0/0/0/0/0 8s
OK gt(imp/impT/all)=5/5/15 err=0 verify(match/bug/late/unavail/toolna/differ)=4/0/0/0/0/0 10s
OK gt(imp/impT/all)=27/27/60 err=0 verify(match/bug/late/unavail/toolna/differ)=4/0/0/0/0/0 18s
OK gt(imp/impT/all)=14/18/29 err=0 verify(match/bug/late/unavail/toolna/differ)=4/0/0/0/0/0 8s
OK gt(imp/impT/all)=6/6/9 err=0 verify(match/bug/late/unavail/toolna/differ)=4/0/0/0/0/0 11s
OK gt(imp/impT/all)=1/1/2 err=0 verify(match/bug/late/unavail/toolna/differ)=4/0/0/0/0/0 8s
OK gt(imp/impT/all)=10/14/77 err=0 verify(match/bug/late/unavail/toolna/differ)=4/0/0/0/0/0 17s
OK gt(imp/impT/all)=19/22/120 err=0 verify(match/bug/late/unavail/toolna/differ)=4/0/0/0/0/0 26s
OK gt(imp/impT/all)=1/4/6 err=0 verify(match/bug/late/unavail/toolna/differ)=4/0/0/0/0/0 23s
OK gt(imp/impT/all)=2/4/100 err=0 verify(match/bug/late/unavail/toolna/differ)=4/0/0/0/0/0 21s
OK gt(imp/impT/all)=352/377/937 err=0 verify(match/bug/late/unavail/toolna/differ)=4/0/0/0/0/0 222s
SKIP(retryable/sha_fetch_failed)
OK gt(imp/impT/all)=23/23/32 err=0 verify(match/bug/late/unavail/toolna/differ)=4/0/0/0/0/0 27s
SKIP(retryable/sha_fetch_failed)
OK gt(imp/impT/all)=1/1/2 err=0 verify(match/bug/late/unavail/toolna/differ)=4/0/0/0/0/0 9s
OK gt(imp/impT/all)=2/6/20 err=0 verify(match/bug/late/unavail/toolna/differ)=4/0/0/0/0/0 11s
OK gt(imp/impT/all)=1/5/13 err=0 verify(match/bug/late/unavail/toolna/differ)=4/0/0/0/0/0 11s
OK gt(imp/impT/all)=1/1/17 err=0 verify(match/bug/late/unavail/toolna/differ)=4/0/0/0/0/0 12s
OK gt(imp/impT/all)=6/6/10 err=0 verify(match/bug/late/unavail/toolna/differ)=4/0/0/0/0/0 9s
OK gt(imp/impT/all)=24/67/111 err=0 verify(match/bug/late/unavail/toolna/differ)=4/0/0/0/0/0 20s
OK gt(imp/impT/all)=3/3/3 err=0 verify(match/bug/late/unavail/toolna/differ)=4/0/0/0/0/0 6s
OK gt(imp/impT/all)=246/280/883 err=0 verify(match/bug/late/unavail/toolna/differ)=4/0/0/0/0/0 179s
SKIP(retryable/sha_fetch_failed)
OK gt(imp/impT/all)=2/6/9 err=0 verify(match/bug/late/unavail/toolna/differ)=4/0/0/0/0/0 9s
OK gt(imp/impT/all)=111/111/222 err=0 verify(match/bug/late/unavail/toolna/differ)=4/0/0/0/0/0 28s
OK gt(imp/impT/all)=5/8/19 err=0 verify(match/bug/late/unavail/toolna/differ)=4/0/0/0/0/0 8s
OK gt(imp/impT/all)=2/5/6 err=0 verify(match/bug/late/unavail/toolna/differ)=4/0/0/0/0/0 20s
OK gt(imp/impT/all)=4/17/49 err=0 verify(match/bug/late/unavail/toolna/differ)=4/0/0/0/0/0 13s
OK gt(imp/impT/all)=24/25/70 err=0 verify(match/bug/late/unavail/toolna/differ)=4/0/0/0/0/0 38s
OK gt(imp/impT/all)=1/5/7 err=0 verify(match/bug/late/unavail/toolna/differ)=4/0/0/0/0/0 7s
OK gt(imp/impT/all)=54/54/103 err=0 verify(match/bug/late/unavail/toolna/differ)=4/0/0/0/0/0 20s
OK gt(imp/impT/all)=1/1/1 err=0 verify(match/bug/late/unavail/toolna/differ)=4/0/0/0/0/0 7s
OK gt(imp/impT/all)=21/21/35 err=0 verify(match/bug/late/unavail/toolna/differ)=4/0/0/0/0/0 10s
OK gt(imp/impT/all)=76/76/135 err=0 verify(match/bug/late/unavail/toolna/differ)=4/0/0/0/0/0 24s
OK gt(imp/impT/all)=1/1/1 err=0 verify(match/bug/late/unavail/toolna/differ)=4/0/0/0/0/0 6s
OK gt(imp/impT/all)=4/4/4 err=0 verify(match/bug/late/unavail/toolna/differ)=4/0/0/0/0/0 6s
OK gt(imp/impT/all)=6/17/35 err=0 verify(match/bug/late/unavail/toolna/differ)=4/0/0/0/0/0 11s
OK gt(imp/impT/all)=318/322/1163 err=0 verify(match/bug/late/unavail/toolna/differ)=4/0/0/0/0/0 213s
OK gt(imp/impT/all)=3/3/3 err=0 verify(match/bug/late/unavail/toolna/differ)=4/0/0/0/0/0 7s
OK gt(imp/impT/all)=1/6/9 err=0 verify(match/bug/late/unavail/toolna/differ)=4/0/0/0/0/0 7s
OK gt(imp/impT/all)=1/1/4 err=0 verify(match/bug/late/unavail/toolna/differ)=4/0/0/0/0/0 8s
OK gt(imp/impT/all)=4/4/9 err=0 verify(match/bug/late/unavail/toolna/differ)=4/0/0/0/0/0 9s
OK gt(imp/impT/all)=2/2/24 err=0 verify(match/bug/late/unavail/toolna/differ)=4/0/0/0/0/0 7s
OK gt(imp/impT/all)=32/35/51 err=0 verify(match/bug/late/unavail/toolna/differ)=4/0/0/0/0/0 12s
OK gt(imp/impT/all)=16/17/51 err=0 verify(match/bug/late/unavail/toolna/differ)=4/0/0/0/0/0 11s
OK gt(imp/impT/all)=21/25/135 err=0 verify(match/bug/late/unavail/toolna/differ)=4/0/0/0/0/0 26s
OK gt(imp/impT/all)=4/4/10 err=0 verify(match/bug/late/unavail/toolna/differ)=4/0/0/0/0/0 9s
OK gt(imp/impT/all)=1/1/1 err=0 verify(match/bug/late/unavail/toolna/differ)=4/0/0/0/0/0 10s
OK gt(imp/impT/all)=2/2/2 err=0 verify(match/bug/late/unavail/toolna/differ)=4/0/0/0/0/0 6s
OK gt(imp/impT/all)=25/25/59 err=0 verify(match/bug/late/unavail/toolna/differ)=4/0/0/0/0/0 20s
OK gt(imp/impT/all)=87/95/247 err=0 verify(match/bug/late/unavail/toolna/differ)=4/0/0/0/0/0 45s
OK gt(imp/impT/all)=176/179/307 err=0 verify(match/bug/late/unavail/toolna/differ)=4/0/0/0/0/0 70s
OK gt(imp/impT/all)=21/21/46 err=0 verify(match/bug/late/unavail/toolna/differ)=4/0/0/0/0/0 12s
OK gt(imp/impT/all)=1/1/1 err=0 verify(match/bug/late/unavail/toolna/differ)=4/0/0/0/0/0 6s
OK gt(imp/impT/all)=3/3/3 err=0 verify(match/bug/late/unavail/toolna/differ)=4/0/0/0/0/0 7s
OK gt(imp/impT/all)=4/8/14 err=0 verify(match/bug/late/unavail/toolna/differ)=4/0/0/0/0/0 9s
# rerun2 開始 2026-08-05T05:45:14.267Z 対象=1528 (SHA未記録=1→SKIP) 上限=Infinity
# 7月に main を除外できていなかった repo（予測集合。この集合の repo のみ july_main_bug を許す）= 7 件: Lifailon__lazyjournal antonmedv__fx box-cli-maker__box-cli-maker dghubble__sling dtgorski__typex homedepot__flop naughtygopher__errors
# 7月側の記録が使えず比較できない repo（july_unavailable。ゲートは通すが verify.csv に残す）= 9 件: codemodus__catena dimuska139__rawg-sdk-go ggicci__httpin kubernetes__kubernetes mehrdadrad__tcpdog presbrey__ollamafarm rakyll__hey tendermint__tendermint zRedShift__mimemagic
# rerun2 開始 2026-08-05T05:45:14.276Z 対象=1528 (SHA未記録=1→SKIP) 上限=Infinity
# 7月に main を除外できていなかった repo（予測集合。この集合の repo のみ july_main_bug を許す）= 7 件: Lifailon__lazyjournal antonmedv__fx box-cli-maker__box-cli-maker dghubble__sling dtgorski__typex homedepot__flop naughtygopher__errors
# 7月側の記録が使えず比較できない repo（july_unavailable。ゲートは通すが verify.csv に残す）= 9 件: codemodus__catena dimuska139__rawg-sdk-go ggicci__httpin kubernetes__kubernetes mehrdadrad__tcpdog presbrey__ollamafarm rakyll__hey tendermint__tendermint zRedShift__mimemagic
# rerun2 開始 2026-08-05T05:45:14.281Z 対象=1528 (SHA未記録=1→SKIP) 上限=Infinity
# 7月に main を除外できていなかった repo（予測集合。この集合の repo のみ july_main_bug を許す）= 7 件: Lifailon__lazyjournal antonmedv__fx box-cli-maker__box-cli-maker dghubble__sling dtgorski__typex homedepot__flop naughtygopher__errors
# 7月側の記録が使えず比較できない repo（july_unavailable。ゲートは通すが verify.csv に残す）= 9 件: codemodus__catena dimuska139__rawg-sdk-go ggicci__httpin kubernetes__kubernetes mehrdadrad__tcpdog presbrey__ollamafarm rakyll__hey tendermint__tendermint zRedShift__mimemagic
OK gt(imp/impT/all)=34/40/123 err=0 verify(match/bug/late/unavail/toolna/differ)=4/0/0/0/0/0 25s
OK gt(imp/impT/all)=57/65/542 err=0 verify(match/bug/late/unavail/toolna/differ)=4/0/0/0/0/0 85s
OK gt(imp/impT/all)=3/3/3 err=0 verify(match/bug/late/unavail/toolna/differ)=4/0/0/0/0/0 5s
OK gt(imp/impT/all)=10/10/48 err=0 verify(match/bug/late/unavail/toolna/differ)=4/0/0/0/0/0 15s
OK gt(imp/impT/all)=4/4/10 err=0 verify(match/bug/late/unavail/toolna/differ)=4/0/0/0/0/0 7s
OK gt(imp/impT/all)=14/14/91 err=0 verify(match/bug/late/unavail/toolna/differ)=4/0/0/0/0/0 26s
OK gt(imp/impT/all)=325/334/805 err=0 verify(match/bug/late/unavail/toolna/differ)=4/0/0/0/0/0 135s
OK gt(imp/impT/all)=2/6/10 err=0 verify(match/bug/late/unavail/toolna/differ)=4/0/0/0/0/0 7s
OK gt(imp/impT/all)=5/12/14 err=0 verify(match/bug/late/unavail/toolna/differ)=4/0/0/0/0/0 8s
OK gt(imp/impT/all)=139/142/750 err=0 verify(match/bug/late/unavail/toolna/differ)=4/0/0/0/0/0 123s
# ★ differ=1 を dwin__goSecretBoxPassword で検出 → STOP を作成し全ワーカーを停止する
OK gt(imp/impT/all)=2/4/8 err=0 verify(match/bug/late/unavail/toolna/differ)=3/0/0/0/0/1 7s
# STOP を検出したので停止する: differ=1 at dwin__goSecretBoxPassword (2026-08-05T05:49:47.370Z) pid=18365

# 完了 処理=7 成功=373 SKIP=0
# 検証 match=27 july_main_bug=0 july_main_bug_late=0 july_unavailable=0 july_tool_na=0 differ=1
# ★ differ=1 — 報告のトリガー
OK gt(imp/impT/all)=288/305/782 err=0 verify(match/bug/late/unavail/toolna/differ)=4/0/0/0/0/0 126s
# STOP を検出したので停止する: differ=1 at dwin__goSecretBoxPassword (2026-08-05T05:49:47.370Z) pid=18365

# 完了 処理=5 成功=372 SKIP=0
# 検証 match=20 july_main_bug=0 july_main_bug_late=0 july_unavailable=0 july_tool_na=0 differ=0
# rerun2 開始 2026-08-05T08:29:34.317Z 対象=1 (SHA未記録=0→SKIP) 上限=Infinity
# 7月に main を除外できていなかった repo（予測集合。この集合の repo のみ july_main_bug を許す）= 7 件: Lifailon__lazyjournal antonmedv__fx box-cli-maker__box-cli-maker dghubble__sling dtgorski__typex homedepot__flop naughtygopher__errors
# 7月側の記録が使えず比較できない repo（july_unavailable。ゲートは通すが verify.csv に残す）= 9 件: codemodus__catena dimuska139__rawg-sdk-go ggicci__httpin kubernetes__kubernetes mehrdadrad__tcpdog presbrey__ollamafarm rakyll__hey tendermint__tendermint zRedShift__mimemagic
  differ=1 → module cache を温めて取り直す
  再判定: cache_sensitive=1 differ=0
OK gt(imp/impT/all)=2/4/8 err=0 verify(match/bug/late/unavail/toolna/cache/differ)=3/0/0/0/0/1/0 9s

# 完了 処理=1 成功=1 SKIP=0
# 検証 match=3 july_main_bug=0 july_main_bug_late=0 july_unavailable=0 july_tool_na=0 cache_sensitive=1 differ=0
# rerun2 開始 2026-08-05T08:49:13.084Z 対象=1528 (SHA未記録=1→SKIP) 上限=Infinity
# 7月に main を除外できていなかった repo（予測集合。この集合の repo のみ july_main_bug を許す）= 7 件: Lifailon__lazyjournal antonmedv__fx box-cli-maker__box-cli-maker dghubble__sling dtgorski__typex homedepot__flop naughtygopher__errors
# 7月側の記録が使えず比較できない repo（july_unavailable。ゲートは通すが verify.csv に残す）= 9 件: codemodus__catena dimuska139__rawg-sdk-go ggicci__httpin kubernetes__kubernetes mehrdadrad__tcpdog presbrey__ollamafarm rakyll__hey tendermint__tendermint zRedShift__mimemagic
# rerun2 開始 2026-08-05T08:49:13.078Z 対象=1528 (SHA未記録=1→SKIP) 上限=Infinity
# rerun2 開始 2026-08-05T08:49:13.073Z 対象=1528 (SHA未記録=1→SKIP) 上限=Infinity
# 7月に main を除外できていなかった repo（予測集合。この集合の repo のみ july_main_bug を許す）= 7 件: Lifailon__lazyjournal antonmedv__fx box-cli-maker__box-cli-maker dghubble__sling dtgorski__typex homedepot__flop naughtygopher__errors
# 7月側の記録が使えず比較できない repo（july_unavailable。ゲートは通すが verify.csv に残す）= 9 件: codemodus__catena dimuska139__rawg-sdk-go ggicci__httpin kubernetes__kubernetes mehrdadrad__tcpdog presbrey__ollamafarm rakyll__hey tendermint__tendermint zRedShift__mimemagic
# 7月に main を除外できていなかった repo（予測集合。この集合の repo のみ july_main_bug を許す）= 7 件: Lifailon__lazyjournal antonmedv__fx box-cli-maker__box-cli-maker dghubble__sling dtgorski__typex homedepot__flop naughtygopher__errors
# 7月側の記録が使えず比較できない repo（july_unavailable。ゲートは通すが verify.csv に残す）= 9 件: codemodus__catena dimuska139__rawg-sdk-go ggicci__httpin kubernetes__kubernetes mehrdadrad__tcpdog presbrey__ollamafarm rakyll__hey tendermint__tendermint zRedShift__mimemagic
OK gt(imp/impT/all)=2/6/40 err=0 verify(match/bug/late/unavail/toolna/cache/differ)=4/0/0/0/0/0/0 48s
OK gt(imp/impT/all)=21/25/50 err=0 verify(match/bug/late/unavail/toolna/cache/differ)=4/0/0/0/0/0/0 50s
OK gt(imp/impT/all)=13/16/24 err=0 verify(match/bug/late/unavail/toolna/cache/differ)=4/0/0/0/0/0/0 13s
OK gt(imp/impT/all)=1/1/4 err=0 verify(match/bug/late/unavail/toolna/cache/differ)=4/0/0/0/0/0/0 17s
OK gt(imp/impT/all)=73/79/148 err=0 verify(match/bug/late/unavail/toolna/cache/differ)=4/0/0/0/0/0/0 84s
OK gt(imp/impT/all)=170/170/565 err=0 verify(match/bug/late/unavail/toolna/cache/differ)=4/0/0/0/0/0/0 153s
OK gt(imp/impT/all)=149/149/364 err=0 verify(match/bug/late/unavail/toolna/cache/differ)=4/0/0/0/0/0/0 125s
OK gt(imp/impT/all)=71/78/198 err=0 verify(match/bug/late/unavail/toolna/cache/differ)=4/0/0/0/0/0/0 40s
OK gt(imp/impT/all)=62/67/247 err=0 verify(match/bug/late/unavail/toolna/cache/differ)=4/0/0/0/0/0/0 59s
OK gt(imp/impT/all)=1/1/1 err=0 verify(match/bug/late/unavail/toolna/cache/differ)=4/0/0/0/0/0/0 9s
OK gt(imp/impT/all)=7/9/65 err=0 verify(match/bug/late/unavail/toolna/cache/differ)=4/0/0/0/0/0/0 24s
OK gt(imp/impT/all)=25/29/48 err=0 verify(match/bug/late/unavail/toolna/cache/differ)=4/0/0/0/0/0/0 11s
OK gt(imp/impT/all)=7/7/17 err=0 verify(match/bug/late/unavail/toolna/cache/differ)=4/0/0/0/0/0/0 12s
OK gt(imp/impT/all)=64/67/184 err=0 verify(match/bug/late/unavail/toolna/cache/differ)=4/0/0/0/0/0/0 38s
OK gt(imp/impT/all)=1/1/4 err=0 verify(match/bug/late/unavail/toolna/cache/differ)=4/0/0/0/0/0/0 24s
OK gt(imp/impT/all)=7/7/40 err=0 verify(match/bug/late/unavail/toolna/cache/differ)=4/0/0/0/0/0/0 30s
OK gt(imp/impT/all)=3/8/14 err=0 verify(match/bug/late/unavail/toolna/cache/differ)=4/0/0/0/0/0/0 8s
OK gt(imp/impT/all)=57/61/126 err=0 verify(match/bug/late/unavail/toolna/cache/differ)=4/0/0/0/0/0/0 24s
OK gt(imp/impT/all)=1/1/1 err=0 verify(match/bug/late/unavail/toolna/cache/differ)=4/0/0/0/0/0/0 5s
OK gt(imp/impT/all)=1/12/26 err=0 verify(match/bug/late/unavail/toolna/cache/differ)=4/0/0/0/0/0/0 8s
OK gt(imp/impT/all)=21/25/39 err=0 verify(match/bug/late/unavail/toolna/cache/differ)=4/0/0/0/0/0/0 11s
OK gt(imp/impT/all)=38/38/78 err=0 verify(match/bug/late/unavail/toolna/cache/differ)=4/0/0/0/0/0/0 19s
OK gt(imp/impT/all)=267/274/608 err=0 verify(match/bug/late/unavail/toolna/cache/differ)=4/0/0/0/0/0/0 129s
OK gt(imp/impT/all)=4/4/10 err=0 verify(match/bug/late/unavail/toolna/cache/differ)=4/0/0/0/0/0/0 9s
OK gt(imp/impT/all)=5/5/12 err=0 verify(match/bug/late/unavail/toolna/cache/differ)=4/0/0/0/0/0/0 9s
OK gt(imp/impT/all)=320/348/769 err=0 verify(match/bug/late/unavail/toolna/cache/differ)=4/0/0/0/0/0/0 152s
OK gt(imp/impT/all)=3/3/3 err=0 verify(match/bug/late/unavail/toolna/cache/differ)=4/0/0/0/0/0/0 6s
OK gt(imp/impT/all)=1/1/1 err=0 verify(match/bug/late/unavail/toolna/cache/differ)=4/0/0/0/0/0/0 6s
OK gt(imp/impT/all)=2/6/8 err=0 verify(match/bug/late/unavail/toolna/cache/differ)=4/0/0/0/0/0/0 10s
OK gt(imp/impT/all)=15/19/160 err=0 verify(match/bug/late/unavail/toolna/cache/differ)=4/0/0/0/0/0/0 29s
OK gt(imp/impT/all)=24/24/39 err=0 verify(match/bug/late/unavail/toolna/cache/differ)=4/0/0/0/0/0/0 17s
OK gt(imp/impT/all)=4/9/15 err=0 verify(match/bug/late/unavail/toolna/cache/differ)=4/0/0/0/0/0/0 13s
OK gt(imp/impT/all)=3/3/7 err=0 verify(match/bug/late/unavail/toolna/cache/differ)=4/0/0/0/0/0/0 8s
OK gt(imp/impT/all)=4/8/11 err=0 verify(match/bug/late/unavail/toolna/cache/differ)=4/0/0/0/0/0/0 8s
OK gt(imp/impT/all)=28/28/67 err=0 verify(match/bug/late/unavail/toolna/cache/differ)=4/0/0/0/0/0/0 13s
OK gt(imp/impT/all)=47/48/84 err=0 verify(match/bug/late/unavail/toolna/cache/differ)=4/0/0/0/0/0/0 16s
OK gt(imp/impT/all)=2/2/13 err=0 verify(match/bug/late/unavail/toolna/cache/differ)=4/0/0/0/0/0/0 9s
OK gt(imp/impT/all)=2/2/5 err=0 verify(match/bug/late/unavail/toolna/cache/differ)=4/0/0/0/0/0/0 7s
OK gt(imp/impT/all)=4/7/15 err=0 verify(match/bug/late/unavail/toolna/cache/differ)=4/0/0/0/0/0/0 7s
OK gt(imp/impT/all)=5/5/7 err=0 verify(match/bug/late/unavail/toolna/cache/differ)=4/0/0/0/0/0/0 5s
OK gt(imp/impT/all)=148/156/309 err=0 verify(match/bug/late/unavail/toolna/cache/differ)=4/0/0/0/0/0/0 61s
OK gt(imp/impT/all)=50/56/350 err=0 verify(match/bug/late/unavail/toolna/cache/differ)=4/0/0/0/0/0/0 95s
OK gt(imp/impT/all)=9/12/108 err=0 verify(match/bug/late/unavail/toolna/cache/differ)=4/0/0/0/0/0/0 15s
OK gt(imp/impT/all)=7/7/18 err=0 verify(match/bug/late/unavail/toolna/cache/differ)=4/0/0/0/0/0/0 11s
OK gt(imp/impT/all)=5/9/19 err=0 verify(match/bug/late/unavail/toolna/cache/differ)=4/0/0/0/0/0/0 9s
OK gt(imp/impT/all)=18/18/34 err=0 verify(match/bug/late/unavail/toolna/cache/differ)=4/0/0/0/0/0/0 13s
OK gt(imp/impT/all)=6/6/6 err=0 verify(match/bug/late/unavail/toolna/cache/differ)=4/0/0/0/0/0/0 9s
OK gt(imp/impT/all)=1/5/7 err=0 verify(match/bug/late/unavail/toolna/cache/differ)=4/0/0/0/0/0/0 9s
OK gt(imp/impT/all)=48/52/72 err=0 verify(match/bug/late/unavail/toolna/cache/differ)=4/0/0/0/0/0/0 30s
OK gt(imp/impT/all)=15/19/100 err=0 verify(match/bug/late/unavail/toolna/cache/differ)=4/0/0/0/0/0/0 26s
OK gt(imp/impT/all)=37/48/366 err=0 verify(match/bug/late/unavail/toolna/cache/differ)=4/0/0/0/0/0/0 66s
# rerun2 開始 2026-08-05T09:01:05.893Z 対象=1528 (SHA未記録=1→SKIP) 上限=Infinity
# 7月に main を除外できていなかった repo（予測集合。この集合の repo のみ july_main_bug を許す）= 7 件: Lifailon__lazyjournal antonmedv__fx box-cli-maker__box-cli-maker dghubble__sling dtgorski__typex homedepot__flop naughtygopher__errors
# 7月側の記録が使えず比較できない repo（july_unavailable。ゲートは通すが verify.csv に残す）= 9 件: codemodus__catena dimuska139__rawg-sdk-go ggicci__httpin kubernetes__kubernetes mehrdadrad__tcpdog presbrey__ollamafarm rakyll__hey tendermint__tendermint zRedShift__mimemagic
# rerun2 開始 2026-08-05T09:01:05.897Z 対象=1528 (SHA未記録=1→SKIP) 上限=Infinity
# 7月に main を除外できていなかった repo（予測集合。この集合の repo のみ july_main_bug を許す）= 7 件: Lifailon__lazyjournal antonmedv__fx box-cli-maker__box-cli-maker dghubble__sling dtgorski__typex homedepot__flop naughtygopher__errors
# 7月側の記録が使えず比較できない repo（july_unavailable。ゲートは通すが verify.csv に残す）= 9 件: codemodus__catena dimuska139__rawg-sdk-go ggicci__httpin kubernetes__kubernetes mehrdadrad__tcpdog presbrey__ollamafarm rakyll__hey tendermint__tendermint zRedShift__mimemagic
# rerun2 開始 2026-08-05T09:01:05.899Z 対象=1528 (SHA未記録=1→SKIP) 上限=Infinity
# 7月に main を除外できていなかった repo（予測集合。この集合の repo のみ july_main_bug を許す）= 7 件: Lifailon__lazyjournal antonmedv__fx box-cli-maker__box-cli-maker dghubble__sling dtgorski__typex homedepot__flop naughtygopher__errors
# 7月側の記録が使えず比較できない repo（july_unavailable。ゲートは通すが verify.csv に残す）= 9 件: codemodus__catena dimuska139__rawg-sdk-go ggicci__httpin kubernetes__kubernetes mehrdadrad__tcpdog presbrey__ollamafarm rakyll__hey tendermint__tendermint zRedShift__mimemagic
OK gt(imp/impT/all)=64/66/112 err=0 verify(match/bug/late/unavail/toolna/cache/differ)=4/0/0/0/0/0/0 42s
OK gt(imp/impT/all)=101/103/185 err=0 verify(match/bug/late/unavail/toolna/cache/differ)=4/0/0/0/0/0/0 58s
OK gt(imp/impT/all)=1/1/6 err=0 verify(match/bug/late/unavail/toolna/cache/differ)=4/0/0/0/0/0/0 7s
OK gt(imp/impT/all)=2/3/9 err=0 verify(match/bug/late/unavail/toolna/cache/differ)=4/0/0/0/0/0/0 13s
OK gt(imp/impT/all)=40/47/191 err=0 verify(match/bug/late/unavail/toolna/cache/differ)=4/0/0/0/0/0/0 37s
OK gt(imp/impT/all)=19/24/32 err=0 verify(match/bug/late/unavail/toolna/cache/differ)=4/0/0/0/0/0/0 21s
OK gt(imp/impT/all)=5/5/12 err=0 verify(match/bug/late/unavail/toolna/cache/differ)=4/0/0/0/0/0/0 23s
OK gt(imp/impT/all)=1/1/1 err=0 verify(match/bug/late/unavail/toolna/cache/differ)=4/0/0/0/0/0/0 6s
OK gt(imp/impT/all)=5/8/10 err=0 verify(match/bug/late/unavail/toolna/cache/differ)=4/0/0/0/0/0/0 8s
OK gt(imp/impT/all)=127/127/529 err=0 verify(match/bug/late/unavail/toolna/cache/differ)=4/0/0/0/0/0/0 112s
OK gt(imp/impT/all)=11/11/13 err=0 verify(match/bug/late/unavail/toolna/cache/differ)=4/0/0/0/0/0/0 9s
OK gt(imp/impT/all)=1/1/1 err=0 verify(match/bug/late/unavail/toolna/cache/differ)=4/0/0/0/0/0/0 6s
OK gt(imp/impT/all)=1/1/1 err=0 verify(match/bug/late/unavail/toolna/cache/differ)=4/0/0/0/0/0/0 7s
OK gt(imp/impT/all)=1/5/7 err=0 verify(match/bug/late/unavail/toolna/cache/differ)=4/0/0/0/0/0/0 8s
OK gt(imp/impT/all)=4/4/4 err=0 verify(match/bug/late/unavail/toolna/cache/differ)=4/0/0/0/0/0/0 6s
OK gt(imp/impT/all)=43/43/104 err=0 verify(match/bug/late/unavail/toolna/cache/differ)=4/0/0/0/0/0/0 15s
OK gt(imp/impT/all)=11/15/28 err=0 verify(match/bug/late/unavail/toolna/cache/differ)=4/0/0/0/0/0/0 31s
OK gt(imp/impT/all)=1/7/11 err=0 verify(match/bug/late/unavail/toolna/cache/differ)=4/0/0/0/0/0/0 9s
OK gt(imp/impT/all)=50/50/101 err=0 verify(match/bug/late/unavail/toolna/cache/differ)=4/0/0/0/0/0/0 39s
OK gt(imp/impT/all)=4/8/10 err=0 verify(match/bug/late/unavail/toolna/cache/differ)=4/0/0/0/0/0/0 9s
OK gt(imp/impT/all)=1/3/3 err=0 verify(match/bug/late/unavail/toolna/cache/differ)=4/0/0/0/0/0/0 8s
OK gt(imp/impT/all)=38/38/407 err=0 verify(match/bug/late/unavail/toolna/cache/differ)=4/0/0/0/0/0/0 55s
OK gt(imp/impT/all)=10/14/35 err=0 verify(match/bug/late/unavail/toolna/cache/differ)=4/0/0/0/0/0/0 16s
OK gt(imp/impT/all)=2/6/8 err=0 verify(match/bug/late/unavail/toolna/cache/differ)=4/0/0/0/0/0/0 9s
OK gt(imp/impT/all)=1/5/18 err=0 verify(match/bug/late/unavail/toolna/cache/differ)=4/0/0/0/0/0/0 21s
OK gt(imp/impT/all)=84/84/211 err=0 verify(match/bug/late/unavail/toolna/cache/differ)=4/0/0/0/0/0/0 55s
OK gt(imp/impT/all)=6/6/9 err=0 verify(match/bug/late/unavail/toolna/cache/differ)=0/0/0/4/0/0/0 24s
OK gt(imp/impT/all)=16/19/55 err=0 verify(match/bug/late/unavail/toolna/cache/differ)=4/0/0/0/0/0/0 29s
OK gt(imp/impT/all)=1/5/7 err=0 verify(match/bug/late/unavail/toolna/cache/differ)=4/0/0/0/0/0/0 7s
OK gt(imp/impT/all)=93/100/590 err=0 verify(match/bug/late/unavail/toolna/cache/differ)=4/0/0/0/0/0/0 105s
OK gt(imp/impT/all)=7/16/23 err=0 verify(match/bug/late/unavail/toolna/cache/differ)=4/0/0/0/0/0/0 10s
OK gt(imp/impT/all)=4/4/9 err=0 verify(match/bug/late/unavail/toolna/cache/differ)=4/0/0/0/0/0/0 10s
OK gt(imp/impT/all)=1/8/11 err=0 verify(match/bug/late/unavail/toolna/cache/differ)=4/0/0/0/0/0/0 7s
OK gt(imp/impT/all)=219/222/528 err=0 verify(match/bug/late/unavail/toolna/cache/differ)=4/0/0/0/0/0/0 127s
OK gt(imp/impT/all)=56/56/88 err=0 verify(match/bug/late/unavail/toolna/cache/differ)=4/0/0/0/0/0/0 29s
OK gt(imp/impT/all)=6/8/9 err=0 verify(match/bug/late/unavail/toolna/cache/differ)=4/0/0/0/0/0/0 7s
OK gt(imp/impT/all)=1/2/15 err=0 verify(match/bug/late/unavail/toolna/cache/differ)=4/0/0/0/0/0/0 7s
OK gt(imp/impT/all)=3/3/13 err=0 verify(match/bug/late/unavail/toolna/cache/differ)=4/0/0/0/0/0/0 9s
OK gt(imp/impT/all)=16/16/23 err=0 verify(match/bug/late/unavail/toolna/cache/differ)=4/0/0/0/0/0/0 12s
OK gt(imp/impT/all)=23/27/42 err=0 verify(match/bug/late/unavail/toolna/cache/differ)=4/0/0/0/0/0/0 11s
OK gt(imp/impT/all)=1/1/1 err=0 verify(match/bug/late/unavail/toolna/cache/differ)=4/0/0/0/0/0/0 6s
OK gt(imp/impT/all)=2/2/6 err=0 verify(match/bug/late/unavail/toolna/cache/differ)=4/0/0/0/0/0/0 6s
OK gt(imp/impT/all)=5/8/10 err=0 verify(match/bug/late/unavail/toolna/cache/differ)=4/0/0/0/0/0/0 9s
OK gt(imp/impT/all)=4/4/6 err=0 verify(match/bug/late/unavail/toolna/cache/differ)=4/0/0/0/0/0/0 14s
OK gt(imp/impT/all)=143/156/438 err=0 verify(match/bug/late/unavail/toolna/cache/differ)=4/0/0/0/0/0/0 96s
OK gt(imp/impT/all)=4/8/11 err=0 verify(match/bug/late/unavail/toolna/cache/differ)=4/0/0/0/0/0/0 10s
OK gt(imp/impT/all)=25/31/48 err=0 verify(match/bug/late/unavail/toolna/cache/differ)=4/0/0/0/0/0/0 15s
OK gt(imp/impT/all)=4/6/12 err=0 verify(match/bug/late/unavail/toolna/cache/differ)=4/0/0/0/0/0/0 11s
OK gt(imp/impT/all)=6/10/309 err=0 verify(match/bug/late/unavail/toolna/cache/differ)=4/0/0/0/0/0/0 53s
OK gt(imp/impT/all)=8/10/17 err=0 verify(match/bug/late/unavail/toolna/cache/differ)=4/0/0/0/0/0/0 17s
OK gt(imp/impT/all)=7/13/42 err=0 verify(match/bug/late/unavail/toolna/cache/differ)=4/0/0/0/0/0/0 20s
OK gt(imp/impT/all)=13/13/16 err=0 verify(match/bug/late/unavail/toolna/cache/differ)=4/0/0/0/0/0/0 9s
OK gt(imp/impT/all)=17/17/76 err=0 verify(match/bug/late/unavail/toolna/cache/differ)=4/0/0/0/0/0/0 57s
OK gt(imp/impT/all)=63/64/176 err=0 verify(match/bug/late/unavail/toolna/cache/differ)=4/0/0/0/0/0/0 26s
OK gt(imp/impT/all)=196/201/521 err=0 verify(match/bug/late/unavail/toolna/cache/differ)=4/0/0/0/0/0/0 143s
OK gt(imp/impT/all)=51/55/318 err=0 verify(match/bug/late/unavail/toolna/cache/differ)=4/0/0/0/0/0/0 51s
OK gt(imp/impT/all)=1/2/2 err=0 verify(match/bug/late/unavail/toolna/cache/differ)=4/0/0/0/0/0/0 7s
  differ=1 → module cache を温めて取り直す
OK gt(imp/impT/all)=8/8/18 err=0 verify(match/bug/late/unavail/toolna/cache/differ)=4/0/0/0/0/0/0 12s
  再判定: cache_sensitive=0 differ=1
# ★ 未説明の differ=1 at abice__go-enum [trivy] — 温め直しても7月を再現しなかった
# → STOP を作成し全ワーカーを停止する（本物の再現失敗のため）
OK gt(imp/impT/all)=23/29/49 err=0 verify(match/bug/late/unavail/toolna/cache/differ)=3/0/0/0/0/0/1 22s
# STOP を検出したので停止する: unexplained differ=1 at abice__go-enum [trivy] (2026-08-05T09:10:25.212Z) pid=18199

# 完了 処理=19 成功=465 SKIP=0
# 検証 match=75 july_main_bug=0 july_main_bug_late=0 july_unavailable=0 july_tool_na=0 cache_sensitive=0 differ=1
# ★ differ=1 — 報告のトリガー
# rerun2 開始 2026-08-05T09:20:03.032Z 対象=1528 (SHA未記録=1→SKIP) 上限=Infinity
# 7月に main を除外できていなかった repo（予測集合。この集合の repo のみ july_main_bug を許す）= 7 件: Lifailon__lazyjournal antonmedv__fx box-cli-maker__box-cli-maker dghubble__sling dtgorski__typex homedepot__flop naughtygopher__errors
# 7月側の記録が使えず比較できない repo（july_unavailable。ゲートは通すが verify.csv に残す）= 9 件: codemodus__catena dimuska139__rawg-sdk-go ggicci__httpin kubernetes__kubernetes mehrdadrad__tcpdog presbrey__ollamafarm rakyll__hey tendermint__tendermint zRedShift__mimemagic
# rerun2 開始 2026-08-05T09:20:03.055Z 対象=1528 (SHA未記録=1→SKIP) 上限=Infinity
# rerun2 開始 2026-08-05T09:20:03.056Z 対象=1528 (SHA未記録=1→SKIP) 上限=Infinity
# 7月に main を除外できていなかった repo（予測集合。この集合の repo のみ july_main_bug を許す）= 7 件: Lifailon__lazyjournal antonmedv__fx box-cli-maker__box-cli-maker dghubble__sling dtgorski__typex homedepot__flop naughtygopher__errors
# 7月側の記録が使えず比較できない repo（july_unavailable。ゲートは通すが verify.csv に残す）= 9 件: codemodus__catena dimuska139__rawg-sdk-go ggicci__httpin kubernetes__kubernetes mehrdadrad__tcpdog presbrey__ollamafarm rakyll__hey tendermint__tendermint zRedShift__mimemagic
# 7月に main を除外できていなかった repo（予測集合。この集合の repo のみ july_main_bug を許す）= 7 件: Lifailon__lazyjournal antonmedv__fx box-cli-maker__box-cli-maker dghubble__sling dtgorski__typex homedepot__flop naughtygopher__errors
# 7月側の記録が使えず比較できない repo（july_unavailable。ゲートは通すが verify.csv に残す）= 9 件: codemodus__catena dimuska139__rawg-sdk-go ggicci__httpin kubernetes__kubernetes mehrdadrad__tcpdog presbrey__ollamafarm rakyll__hey tendermint__tendermint zRedShift__mimemagic
SKIP(retryable/sha_fetch_failed)
SKIP(retryable/sha_fetch_failed)
OK gt(imp/impT/all)=1/1/1 err=0 verify(match/bug/late/unavail/toolna/cache/differ)=4/0/0/0/0/0/0 12s
OK gt(imp/impT/all)=14/14/43 err=0 verify(match/bug/late/unavail/toolna/cache/differ)=4/0/0/0/0/0/0 19s
OK gt(imp/impT/all)=4/4/11 err=0 verify(match/bug/late/unavail/toolna/cache/differ)=4/0/0/0/0/0/0 8s
OK gt(imp/impT/all)=14/15/29 err=0 verify(match/bug/late/unavail/toolna/cache/differ)=4/0/0/0/0/0/0 11s
OK gt(imp/impT/all)=8/13/20 err=0 verify(match/bug/late/unavail/toolna/cache/differ)=4/0/0/0/0/0/0 13s
OK gt(imp/impT/all)=28/28/308 err=0 verify(match/bug/late/unavail/toolna/cache/differ)=4/0/0/0/0/0/0 45s
OK gt(imp/impT/all)=15/19/26 err=0 verify(match/bug/late/unavail/toolna/cache/differ)=4/0/0/0/0/0/0 17s
OK gt(imp/impT/all)=118/120/315 err=0 verify(match/bug/late/unavail/toolna/cache/differ)=4/0/0/0/0/0/0 78s
OK gt(imp/impT/all)=2/2/8 err=0 verify(match/bug/late/unavail/toolna/cache/differ)=4/0/0/0/0/0/0 7s
OK gt(imp/impT/all)=4/4/5 err=0 verify(match/bug/late/unavail/toolna/cache/differ)=4/0/0/0/0/0/0 6s
OK gt(imp/impT/all)=81/85/489 err=0 verify(match/bug/late/unavail/toolna/cache/differ)=4/0/0/0/0/0/0 77s
OK gt(imp/impT/all)=19/19/27 err=0 verify(match/bug/late/unavail/toolna/cache/differ)=4/0/0/0/0/0/0 12s
OK gt(imp/impT/all)=71/75/176 err=0 verify(match/bug/late/unavail/toolna/cache/differ)=4/0/0/0/0/0/0 28s
OK gt(imp/impT/all)=1/1/1 err=0 verify(match/bug/late/unavail/toolna/cache/differ)=4/0/0/0/0/0/0 5s
OK gt(imp/impT/all)=2/2/21 err=0 verify(match/bug/late/unavail/toolna/cache/differ)=4/0/0/0/0/0/0 10s
OK gt(imp/impT/all)=10/12/25 err=0 verify(match/bug/late/unavail/toolna/cache/differ)=4/0/0/0/0/0/0 12s
OK gt(imp/impT/all)=4/4/9 err=0 verify(match/bug/late/unavail/toolna/cache/differ)=4/0/0/0/0/0/0 10s
OK gt(imp/impT/all)=29/30/36 err=0 verify(match/bug/late/unavail/toolna/cache/differ)=4/0/0/0/0/0/0 7s
OK gt(imp/impT/all)=1/2/2 err=0 verify(match/bug/late/unavail/toolna/cache/differ)=4/0/0/0/0/0/0 6s
OK gt(imp/impT/all)=3/3/8 err=0 verify(match/bug/late/unavail/toolna/cache/differ)=4/0/0/0/0/0/0 6s
OK gt(imp/impT/all)=6/6/10 err=0 verify(match/bug/late/unavail/toolna/cache/differ)=4/0/0/0/0/0/0 8s
OK gt(imp/impT/all)=13/13/34 err=0 verify(match/bug/late/unavail/toolna/cache/differ)=4/0/0/0/0/0/0 11s
OK gt(imp/impT/all)=1/2/3 err=0 verify(match/bug/late/unavail/toolna/cache/differ)=4/0/0/0/0/0/0 7s
OK gt(imp/impT/all)=29/29/51 err=0 verify(match/bug/late/unavail/toolna/cache/differ)=4/0/0/0/0/0/0 12s
OK gt(imp/impT/all)=3/3/15 err=0 verify(match/bug/late/unavail/toolna/cache/differ)=4/0/0/0/0/0/0 9s
OK gt(imp/impT/all)=6/6/44 err=0 verify(match/bug/late/unavail/toolna/cache/differ)=4/0/0/0/0/0/0 10s
OK gt(imp/impT/all)=2/6/12 err=0 verify(match/bug/late/unavail/toolna/cache/differ)=4/0/0/0/0/0/0 7s
OK gt(imp/impT/all)=4/8/11 err=0 verify(match/bug/late/unavail/toolna/cache/differ)=4/0/0/0/0/0/0 12s
OK gt(imp/impT/all)=185/188/823 err=0 verify(match/bug/late/unavail/toolna/cache/differ)=4/0/0/0/0/0/0 152s
OK gt(imp/impT/all)=1/1/12 err=0 verify(match/bug/late/unavail/toolna/cache/differ)=4/0/0/0/0/0/0 21s
OK gt(imp/impT/all)=16/17/26 err=0 verify(match/bug/late/unavail/toolna/cache/differ)=4/0/0/0/0/0/0 13s
OK gt(imp/impT/all)=1/1/11 err=0 verify(match/bug/late/unavail/toolna/cache/differ)=4/0/0/0/0/0/0 11s
OK gt(imp/impT/all)=19/22/161 err=0 verify(match/bug/late/unavail/toolna/cache/differ)=4/0/0/0/0/0/0 11s
OK gt(imp/impT/all)=10/13/14 err=0 verify(match/bug/late/unavail/toolna/cache/differ)=4/0/0/0/0/0/0 10s
OK gt(imp/impT/all)=49/49/95 err=0 verify(match/bug/late/unavail/toolna/cache/differ)=4/0/0/0/0/0/0 31s
OK gt(imp/impT/all)=1/1/1 err=0 verify(match/bug/late/unavail/toolna/cache/differ)=4/0/0/0/0/0/0 25s
OK gt(imp/impT/all)=1/1/1 err=0 verify(match/bug/late/unavail/toolna/cache/differ)=4/0/0/0/0/0/0 30s
OK gt(imp/impT/all)=63/64/151 err=0 verify(match/bug/late/unavail/toolna/cache/differ)=4/0/0/0/0/0/0 78s
OK gt(imp/impT/all)=3/3/15 err=0 verify(match/bug/late/unavail/toolna/cache/differ)=4/0/0/0/0/0/0 9s
OK gt(imp/impT/all)=17/22/62 err=0 verify(match/bug/late/unavail/toolna/cache/differ)=4/0/0/0/0/0/0 13s
OK gt(imp/impT/all)=3/3/7 err=0 verify(match/bug/late/unavail/toolna/cache/differ)=4/0/0/0/0/0/0 8s
OK gt(imp/impT/all)=3/3/8 err=0 verify(match/bug/late/unavail/toolna/cache/differ)=4/0/0/0/0/0/0 8s
OK gt(imp/impT/all)=289/293/757 err=0 verify(match/bug/late/unavail/toolna/cache/differ)=4/0/0/0/0/0/0 178s
  differ=1 → module cache を温めて取り直す
  再判定: cache_sensitive=1 differ=0
OK gt(imp/impT/all)=1/6/10 err=0 verify(match/bug/late/unavail/toolna/cache/differ)=3/0/0/0/0/1/0 13s
OK gt(imp/impT/all)=313/316/765 err=0 verify(match/bug/late/unavail/toolna/cache/differ)=4/0/0/0/0/0/0 215s
OK gt(imp/impT/all)=24/24/93 err=0 verify(match/bug/late/unavail/toolna/cache/differ)=4/0/0/0/0/0/0 27s
OK gt(imp/impT/all)=3/3/23 err=0 verify(match/bug/late/unavail/toolna/cache/differ)=4/0/0/0/0/0/0 12s
  differ=1 → module cache を温めて取り直す
  再判定: cache_sensitive=1 differ=0
OK gt(imp/impT/all)=1/1/2 err=0 verify(match/bug/late/unavail/toolna/cache/differ)=3/0/0/0/0/1/0 10s
  differ=4 → module cache を温めて取り直す
  再判定: cache_sensitive=0 differ=4
# ★ 未説明の differ=4 at happy-sdk__happy [syft trivy cdxgen cyclonedx-gomod] — 温め直しても7月を再現しなかった
# → STOP を作成し全ワーカーを停止する（未調査の再現失敗のため）
OK gt(imp/impT/all)=0/0/0 err=4 verify(match/bug/late/unavail/toolna/cache/differ)=0/0/0/0/0/0/4 11s
# STOP を検出したので停止する: unexplained differ=4 at happy-sdk__happy [syft trivy cdxgen cyclonedx-gomod] (2026-08-05T09:28:56.369Z) pid=2576

# 完了 処理=14 成功=525 SKIP=1
# 検証 match=47 july_main_bug=0 july_main_bug_late=0 july_unavailable=0 july_tool_na=0 cache_sensitive=1 differ=4
# ★ differ=4 — 報告のトリガー
# rerun2 開始 2026-08-05T09:31:14.380Z 対象=1 (SHA未記録=0→SKIP) 上限=Infinity
# 7月に main を除外できていなかった repo（予測集合。この集合の repo のみ july_main_bug を許す）= 7 件: Lifailon__lazyjournal antonmedv__fx box-cli-maker__box-cli-maker dghubble__sling dtgorski__typex homedepot__flop naughtygopher__errors
# 7月側の記録が使えず比較できない repo（july_unavailable。ゲートは通すが verify.csv に残す）= 9 件: codemodus__catena dimuska139__rawg-sdk-go ggicci__httpin kubernetes__kubernetes mehrdadrad__tcpdog presbrey__ollamafarm rakyll__hey tendermint__tendermint zRedShift__mimemagic
  GOTOOLCHAIN=local では不足 → auto に切替 (go: go.work requires go >= 1.27rc2 (running go 1.26.5; GOTOOLCHAIN=local))
OK gt(imp/impT/all)=21/22/102 err=0 verify(match/bug/late/unavail/toolna/cache/differ)=4/0/0/0/0/0/0 32s

# 完了 処理=1 成功=1 SKIP=0
# 検証 match=4 july_main_bug=0 july_main_bug_late=0 july_unavailable=0 july_tool_na=0 cache_sensitive=0 differ=0
# rerun2 開始 2026-08-05T09:32:20.305Z 対象=1528 (SHA未記録=1→SKIP) 上限=Infinity
# rerun2 開始 2026-08-05T09:32:20.305Z 対象=1528 (SHA未記録=1→SKIP) 上限=Infinity
# rerun2 開始 2026-08-05T09:32:20.305Z 対象=1528 (SHA未記録=1→SKIP) 上限=Infinity
# 7月に main を除外できていなかった repo（予測集合。この集合の repo のみ july_main_bug を許す）= 7 件: Lifailon__lazyjournal antonmedv__fx box-cli-maker__box-cli-maker dghubble__sling dtgorski__typex homedepot__flop naughtygopher__errors
# 7月側の記録が使えず比較できない repo（july_unavailable。ゲートは通すが verify.csv に残す）= 9 件: codemodus__catena dimuska139__rawg-sdk-go ggicci__httpin kubernetes__kubernetes mehrdadrad__tcpdog presbrey__ollamafarm rakyll__hey tendermint__tendermint zRedShift__mimemagic
# 7月に main を除外できていなかった repo（予測集合。この集合の repo のみ july_main_bug を許す）= 7 件: Lifailon__lazyjournal antonmedv__fx box-cli-maker__box-cli-maker dghubble__sling dtgorski__typex homedepot__flop naughtygopher__errors
# 7月側の記録が使えず比較できない repo（july_unavailable。ゲートは通すが verify.csv に残す）= 9 件: codemodus__catena dimuska139__rawg-sdk-go ggicci__httpin kubernetes__kubernetes mehrdadrad__tcpdog presbrey__ollamafarm rakyll__hey tendermint__tendermint zRedShift__mimemagic
# 7月に main を除外できていなかった repo（予測集合。この集合の repo のみ july_main_bug を許す）= 7 件: Lifailon__lazyjournal antonmedv__fx box-cli-maker__box-cli-maker dghubble__sling dtgorski__typex homedepot__flop naughtygopher__errors
# 7月側の記録が使えず比較できない repo（july_unavailable。ゲートは通すが verify.csv に残す）= 9 件: codemodus__catena dimuska139__rawg-sdk-go ggicci__httpin kubernetes__kubernetes mehrdadrad__tcpdog presbrey__ollamafarm rakyll__hey tendermint__tendermint zRedShift__mimemagic
SKIP(retryable/sha_fetch_failed)
SKIP(retryable/sha_fetch_failed)
OK gt(imp/impT/all)=1/1/1 err=0 verify(match/bug/late/unavail/toolna/cache/differ)=4/0/0/0/0/0/0 237s
OK gt(imp/impT/all)=2/3/3 err=0 verify(match/bug/late/unavail/toolna/cache/differ)=4/0/0/0/0/0/0 5s
OK gt(imp/impT/all)=486/491/1283 err=0 verify(match/bug/late/unavail/toolna/cache/differ)=4/0/0/0/0/0/0 257s
OK gt(imp/impT/all)=6/6/97 err=0 verify(match/bug/late/unavail/toolna/cache/differ)=4/0/0/0/0/0/0 14s
OK gt(imp/impT/all)=25/28/52 err=0 verify(match/bug/late/unavail/toolna/cache/differ)=4/0/0/0/0/0/0 13s
OK gt(imp/impT/all)=1/1/2 err=0 verify(match/bug/late/unavail/toolna/cache/differ)=4/0/0/0/0/0/0 6s
OK gt(imp/impT/all)=27/31/123 err=0 verify(match/bug/late/unavail/toolna/cache/differ)=4/0/0/0/0/0/0 32s
OK gt(imp/impT/all)=55/55/87 err=0 verify(match/bug/late/unavail/toolna/cache/differ)=4/0/0/0/0/0/0 19s
OK gt(imp/impT/all)=19/19/97 err=0 verify(match/bug/late/unavail/toolna/cache/differ)=4/0/0/0/0/0/0 21s
OK gt(imp/impT/all)=10/12/19 err=0 verify(match/bug/late/unavail/toolna/cache/differ)=4/0/0/0/0/0/0 11s
OK gt(imp/impT/all)=1/3/3 err=0 verify(match/bug/late/unavail/toolna/cache/differ)=4/0/0/0/0/0/0 9s
OK gt(imp/impT/all)=21/24/40 err=0 verify(match/bug/late/unavail/toolna/cache/differ)=4/0/0/0/0/0/0 15s
OK gt(imp/impT/all)=16/28/33 err=0 verify(match/bug/late/unavail/toolna/cache/differ)=4/0/0/0/0/0/0 12s
OK gt(imp/impT/all)=2/3/3 err=0 verify(match/bug/late/unavail/toolna/cache/differ)=4/0/0/0/0/0/0 9s
OK gt(imp/impT/all)=2/2/2 err=0 verify(match/bug/late/unavail/toolna/cache/differ)=4/0/0/0/0/0/0 22s
OK gt(imp/impT/all)=6/7/7 err=0 verify(match/bug/late/unavail/toolna/cache/differ)=4/0/0/0/0/0/0 9s
OK gt(imp/impT/all)=48/48/144 err=0 verify(match/bug/late/unavail/toolna/cache/differ)=4/0/0/0/0/0/0 16s
OK gt(imp/impT/all)=11/12/12 err=0 verify(match/bug/late/unavail/toolna/cache/differ)=4/0/0/0/0/0/0 6s
OK gt(imp/impT/all)=7/7/11 err=0 verify(match/bug/late/unavail/toolna/cache/differ)=4/0/0/0/0/0/0 7s
OK gt(imp/impT/all)=21/21/25 err=0 verify(match/bug/late/unavail/toolna/cache/differ)=4/0/0/0/0/0/0 7s
OK gt(imp/impT/all)=9/9/20 err=0 verify(match/bug/late/unavail/toolna/cache/differ)=4/0/0/0/0/0/0 11s
OK gt(imp/impT/all)=2/4/5 err=0 verify(match/bug/late/unavail/toolna/cache/differ)=4/0/0/0/0/0/0 8s
OK gt(imp/impT/all)=3/3/22 err=0 verify(match/bug/late/unavail/toolna/cache/differ)=4/0/0/0/0/0/0 9s
OK gt(imp/impT/all)=10/11/23 err=0 verify(match/bug/late/unavail/toolna/cache/differ)=4/0/0/0/0/0/0 13s
OK gt(imp/impT/all)=1/5/10 err=0 verify(match/bug/late/unavail/toolna/cache/differ)=4/0/0/0/0/0/0 7s
OK gt(imp/impT/all)=1/1/2 err=0 verify(match/bug/late/unavail/toolna/cache/differ)=4/0/0/0/0/0/0 8s
OK gt(imp/impT/all)=17/21/201 err=0 verify(match/bug/late/unavail/toolna/cache/differ)=4/0/0/0/0/0/0 53s
OK gt(imp/impT/all)=3/7/13 err=0 verify(match/bug/late/unavail/toolna/cache/differ)=4/0/0/0/0/0/0 8s
OK gt(imp/impT/all)=2/6/6 err=0 verify(match/bug/late/unavail/toolna/cache/differ)=4/0/0/0/0/0/0 6s
OK gt(imp/impT/all)=21/21/67 err=0 verify(match/bug/late/unavail/toolna/cache/differ)=4/0/0/0/0/0/0 25s
OK gt(imp/impT/all)=37/44/91 err=0 verify(match/bug/late/unavail/toolna/cache/differ)=4/0/0/0/0/0/0 33s
OK gt(imp/impT/all)=1/5/7 err=0 verify(match/bug/late/unavail/toolna/cache/differ)=4/0/0/0/0/0/0 8s
OK gt(imp/impT/all)=7/10/11 err=0 verify(match/bug/late/unavail/toolna/cache/differ)=4/0/0/0/0/0/0 7s
OK gt(imp/impT/all)=44/47/121 err=0 verify(match/bug/late/unavail/toolna/cache/differ)=4/0/0/0/0/0/0 45s
OK gt(imp/impT/all)=157/157/349 err=0 verify(match/bug/late/unavail/toolna/cache/differ)=4/0/0/0/0/0/0 53s
OK gt(imp/impT/all)=1/1/2 err=0 verify(match/bug/late/unavail/toolna/cache/differ)=4/0/0/0/0/0/0 7s
# rerun2 開始 2026-08-05T13:33:04.518Z 対象=1528 (SHA未記録=1→SKIP) 上限=Infinity
# 7月に main を除外できていなかった repo（予測集合。この集合の repo のみ july_main_bug を許す）= 7 件: Lifailon__lazyjournal antonmedv__fx box-cli-maker__box-cli-maker dghubble__sling dtgorski__typex homedepot__flop naughtygopher__errors
# 7月側の記録が使えず比較できない repo（july_unavailable。ゲートは通すが verify.csv に残す）= 9 件: codemodus__catena dimuska139__rawg-sdk-go ggicci__httpin kubernetes__kubernetes mehrdadrad__tcpdog presbrey__ollamafarm rakyll__hey tendermint__tendermint zRedShift__mimemagic
# rerun2 開始 2026-08-05T13:33:04.512Z 対象=1528 (SHA未記録=1→SKIP) 上限=Infinity
# 7月に main を除外できていなかった repo（予測集合。この集合の repo のみ july_main_bug を許す）= 7 件: Lifailon__lazyjournal antonmedv__fx box-cli-maker__box-cli-maker dghubble__sling dtgorski__typex homedepot__flop naughtygopher__errors
# 7月側の記録が使えず比較できない repo（july_unavailable。ゲートは通すが verify.csv に残す）= 9 件: codemodus__catena dimuska139__rawg-sdk-go ggicci__httpin kubernetes__kubernetes mehrdadrad__tcpdog presbrey__ollamafarm rakyll__hey tendermint__tendermint zRedShift__mimemagic
# rerun2 開始 2026-08-05T13:33:04.535Z 対象=1528 (SHA未記録=1→SKIP) 上限=Infinity
# 7月に main を除外できていなかった repo（予測集合。この集合の repo のみ july_main_bug を許す）= 7 件: Lifailon__lazyjournal antonmedv__fx box-cli-maker__box-cli-maker dghubble__sling dtgorski__typex homedepot__flop naughtygopher__errors
# 7月側の記録が使えず比較できない repo（july_unavailable。ゲートは通すが verify.csv に残す）= 9 件: codemodus__catena dimuska139__rawg-sdk-go ggicci__httpin kubernetes__kubernetes mehrdadrad__tcpdog presbrey__ollamafarm rakyll__hey tendermint__tendermint zRedShift__mimemagic
SKIP(retryable/sha_fetch_failed)
SKIP(retryable/sha_fetch_failed)
SKIP(retryable/sha_fetch_failed)
OK gt(imp/impT/all)=3/3/7 err=0 verify(match/bug/late/unavail/toolna/cache/differ)=4/0/0/0/0/0/0 66s
OK gt(imp/impT/all)=16/21/77 err=0 verify(match/bug/late/unavail/toolna/cache/differ)=4/0/0/0/0/0/0 70s
OK gt(imp/impT/all)=2/6/34 err=0 verify(match/bug/late/unavail/toolna/cache/differ)=4/0/0/0/0/0/0 16s
OK gt(imp/impT/all)=7/11/18 err=0 verify(match/bug/late/unavail/toolna/cache/differ)=4/0/0/0/0/0/0 13s
OK gt(imp/impT/all)=12/12/33 err=0 verify(match/bug/late/unavail/toolna/cache/differ)=4/0/0/0/0/0/0 12s
OK gt(imp/impT/all)=18/22/35 err=0 verify(match/bug/late/unavail/toolna/cache/differ)=4/0/0/0/0/0/0 15s
OK gt(imp/impT/all)=195/195/0 err=2 verify(match/bug/late/unavail/toolna/cache/differ)=0/0/0/4/0/0/0 131s
OK gt(imp/impT/all)=2/2/37 err=0 verify(match/bug/late/unavail/toolna/cache/differ)=4/0/0/0/0/0/0 16s
OK gt(imp/impT/all)=3/6/12 err=0 verify(match/bug/late/unavail/toolna/cache/differ)=4/0/0/0/0/0/0 10s
OK gt(imp/impT/all)=106/108/403 err=0 verify(match/bug/late/unavail/toolna/cache/differ)=4/0/0/0/0/0/0 78s
OK gt(imp/impT/all)=77/81/384 err=0 verify(match/bug/late/unavail/toolna/cache/differ)=4/0/0/0/0/0/0 89s
OK gt(imp/impT/all)=7/12/28 err=0 verify(match/bug/late/unavail/toolna/cache/differ)=4/0/0/0/0/0/0 11s
OK gt(imp/impT/all)=1/2/2 err=0 verify(match/bug/late/unavail/toolna/cache/differ)=4/0/0/0/0/0/0 6s
OK gt(imp/impT/all)=1/3/9 err=0 verify(match/bug/late/unavail/toolna/cache/differ)=4/0/0/0/0/0/0 16s
OK gt(imp/impT/all)=1/1/1 err=0 verify(match/bug/late/unavail/toolna/cache/differ)=4/0/0/0/0/0/0 7s
OK gt(imp/impT/all)=401/407/1166 err=0 verify(match/bug/late/unavail/toolna/cache/differ)=4/0/0/0/0/0/0 272s
OK gt(imp/impT/all)=284/289/828 err=0 verify(match/bug/late/unavail/toolna/cache/differ)=4/0/0/0/0/0/0 214s
OK gt(imp/impT/all)=4/4/9 err=0 verify(match/bug/late/unavail/toolna/cache/differ)=4/0/0/0/0/0/0 22s
OK gt(imp/impT/all)=140/140/408 err=0 verify(match/bug/late/unavail/toolna/cache/differ)=4/0/0/0/0/0/0 93s
OK gt(imp/impT/all)=3/11/227 err=0 verify(match/bug/late/unavail/toolna/cache/differ)=4/0/0/0/0/0/0 35s
OK gt(imp/impT/all)=42/42/64 err=0 verify(match/bug/late/unavail/toolna/cache/differ)=4/0/0/0/0/0/0 15s
OK gt(imp/impT/all)=2/6/8 err=0 verify(match/bug/late/unavail/toolna/cache/differ)=4/0/0/0/0/0/0 10s
OK gt(imp/impT/all)=4/8/18 err=0 verify(match/bug/late/unavail/toolna/cache/differ)=4/0/0/0/0/0/0 12s
OK gt(imp/impT/all)=10/10/12 err=0 verify(match/bug/late/unavail/toolna/cache/differ)=4/0/0/0/0/0/0 14s
OK gt(imp/impT/all)=20/31/183 err=0 verify(match/bug/late/unavail/toolna/cache/differ)=4/0/0/0/0/0/0 24s
OK gt(imp/impT/all)=54/54/327 err=0 verify(match/bug/late/unavail/toolna/cache/differ)=4/0/0/0/0/0/0 48s
OK gt(imp/impT/all)=6/6/24 err=0 verify(match/bug/late/unavail/toolna/cache/differ)=4/0/0/0/0/0/0 11s
OK gt(imp/impT/all)=1/5/7 err=0 verify(match/bug/late/unavail/toolna/cache/differ)=4/0/0/0/0/0/0 7s
OK gt(imp/impT/all)=2/2/94 err=0 verify(match/bug/late/unavail/toolna/cache/differ)=4/0/0/0/0/0/0 46s
OK gt(imp/impT/all)=4/8/22 err=0 verify(match/bug/late/unavail/toolna/cache/differ)=4/0/0/0/0/0/0 65s
OK gt(imp/impT/all)=34/34/59 err=0 verify(match/bug/late/unavail/toolna/cache/differ)=4/0/0/0/0/0/0 40s
OK gt(imp/impT/all)=12/12/25 err=0 verify(match/bug/late/unavail/toolna/cache/differ)=4/0/0/0/0/0/0 19s
# rerun2 開始 2026-08-05T13:42:46.645Z 対象=1528 (SHA未記録=1→SKIP) 上限=Infinity
# 7月に main を除外できていなかった repo（予測集合。この集合の repo のみ july_main_bug を許す）= 7 件: Lifailon__lazyjournal antonmedv__fx box-cli-maker__box-cli-maker dghubble__sling dtgorski__typex homedepot__flop naughtygopher__errors
# 7月側の記録が使えず比較できない repo（july_unavailable。ゲートは通すが verify.csv に残す）= 9 件: codemodus__catena dimuska139__rawg-sdk-go ggicci__httpin kubernetes__kubernetes mehrdadrad__tcpdog presbrey__ollamafarm rakyll__hey tendermint__tendermint zRedShift__mimemagic
# rerun2 開始 2026-08-05T13:42:46.659Z 対象=1528 (SHA未記録=1→SKIP) 上限=Infinity
# 7月に main を除外できていなかった repo（予測集合。この集合の repo のみ july_main_bug を許す）= 7 件: Lifailon__lazyjournal antonmedv__fx box-cli-maker__box-cli-maker dghubble__sling dtgorski__typex homedepot__flop naughtygopher__errors
# 7月側の記録が使えず比較できない repo（july_unavailable。ゲートは通すが verify.csv に残す）= 9 件: codemodus__catena dimuska139__rawg-sdk-go ggicci__httpin kubernetes__kubernetes mehrdadrad__tcpdog presbrey__ollamafarm rakyll__hey tendermint__tendermint zRedShift__mimemagic
# rerun2 開始 2026-08-05T13:42:46.664Z 対象=1528 (SHA未記録=1→SKIP) 上限=Infinity
# 7月に main を除外できていなかった repo（予測集合。この集合の repo のみ july_main_bug を許す）= 7 件: Lifailon__lazyjournal antonmedv__fx box-cli-maker__box-cli-maker dghubble__sling dtgorski__typex homedepot__flop naughtygopher__errors
# 7月側の記録が使えず比較できない repo（july_unavailable。ゲートは通すが verify.csv に残す）= 9 件: codemodus__catena dimuska139__rawg-sdk-go ggicci__httpin kubernetes__kubernetes mehrdadrad__tcpdog presbrey__ollamafarm rakyll__hey tendermint__tendermint zRedShift__mimemagic
OK gt(imp/impT/all)=5/5/7 err=0 verify(match/bug/late/unavail/toolna/cache/differ)=4/0/0/0/0/0/0 22s
OK gt(imp/impT/all)=1/2/2 err=0 verify(match/bug/late/unavail/toolna/cache/differ)=4/0/0/0/0/0/0 32s
OK gt(imp/impT/all)=2/2/5 err=0 verify(match/bug/late/unavail/toolna/cache/differ)=4/0/0/0/0/0/0 50s
OK gt(imp/impT/all)=1/7/16 err=0 verify(match/bug/late/unavail/toolna/cache/differ)=4/0/0/0/0/0/0 46s
OK gt(imp/impT/all)=2/2/2 err=0 verify(match/bug/late/unavail/toolna/cache/differ)=4/0/0/0/0/0/0 8s
OK gt(imp/impT/all)=43/44/78 err=0 verify(match/bug/late/unavail/toolna/cache/differ)=4/0/0/0/0/0/0 109s
OK gt(imp/impT/all)=9/13/176 err=0 verify(match/bug/late/unavail/toolna/cache/differ)=4/0/0/0/0/0/0 28s
OK gt(imp/impT/all)=4/5/14 err=0 verify(match/bug/late/unavail/toolna/cache/differ)=4/0/0/0/0/0/0 9s
OK gt(imp/impT/all)=21/22/41 err=0 verify(match/bug/late/unavail/toolna/cache/differ)=4/0/0/0/0/0/0 18s
OK gt(imp/impT/all)=1/1/13 err=0 verify(match/bug/late/unavail/toolna/cache/differ)=4/0/0/0/0/0/0 11s
OK gt(imp/impT/all)=4/4/8 err=0 verify(match/bug/late/unavail/toolna/cache/differ)=4/0/0/0/0/0/0 10s
OK gt(imp/impT/all)=13/13/20 err=0 verify(match/bug/late/unavail/toolna/cache/differ)=4/0/0/0/0/0/0 9s
OK gt(imp/impT/all)=57/61/121 err=0 verify(match/bug/late/unavail/toolna/cache/differ)=4/0/0/0/0/0/0 32s
OK gt(imp/impT/all)=6/15/43 err=0 verify(match/bug/late/unavail/toolna/cache/differ)=4/0/0/0/0/0/0 23s
OK gt(imp/impT/all)=29/32/55 err=0 verify(match/bug/late/unavail/toolna/cache/differ)=4/0/0/0/0/0/0 16s
OK gt(imp/impT/all)=316/320/589 err=0 verify(match/bug/late/unavail/toolna/cache/differ)=4/0/0/0/0/0/0 108s
OK gt(imp/impT/all)=15/15/41 err=0 verify(match/bug/late/unavail/toolna/cache/differ)=4/0/0/0/0/0/0 23s
OK gt(imp/impT/all)=1/1/1 err=0 verify(match/bug/late/unavail/toolna/cache/differ)=4/0/0/0/0/0/0 6s
OK gt(imp/impT/all)=5/11/14 err=0 verify(match/bug/late/unavail/toolna/cache/differ)=4/0/0/0/0/0/0 8s
OK gt(imp/impT/all)=105/105/197 err=0 verify(match/bug/late/unavail/toolna/cache/differ)=4/0/0/0/0/0/0 45s
OK gt(imp/impT/all)=38/38/156 err=0 verify(match/bug/late/unavail/toolna/cache/differ)=4/0/0/0/0/0/0 16s
OK gt(imp/impT/all)=24/28/43 err=0 verify(match/bug/late/unavail/toolna/cache/differ)=4/0/0/0/0/0/0 12s
OK gt(imp/impT/all)=1/5/7 err=0 verify(match/bug/late/unavail/toolna/cache/differ)=4/0/0/0/0/0/0 9s
OK gt(imp/impT/all)=2/6/12 err=0 verify(match/bug/late/unavail/toolna/cache/differ)=4/0/0/0/0/0/0 9s
OK gt(imp/impT/all)=22/22/106 err=0 verify(match/bug/late/unavail/toolna/cache/differ)=4/0/0/0/0/0/0 13s
OK gt(imp/impT/all)=26/26/183 err=0 verify(match/bug/late/unavail/toolna/cache/differ)=4/0/0/0/0/0/0 20s
OK gt(imp/impT/all)=9/13/16 err=0 verify(match/bug/late/unavail/toolna/cache/differ)=4/0/0/0/0/0/0 14s
OK gt(imp/impT/all)=13/16/32 err=0 verify(match/bug/late/unavail/toolna/cache/differ)=4/0/0/0/0/0/0 11s
OK gt(imp/impT/all)=241/243/599 err=0 verify(match/bug/late/unavail/toolna/cache/differ)=4/0/0/0/0/0/0 115s
OK gt(imp/impT/all)=1/1/1 err=0 verify(match/bug/late/unavail/toolna/cache/differ)=4/0/0/0/0/0/0 14s
OK gt(imp/impT/all)=14/14/32 err=0 verify(match/bug/late/unavail/toolna/cache/differ)=4/0/0/0/0/0/0 20s
OK gt(imp/impT/all)=6/6/8 err=0 verify(match/bug/late/unavail/toolna/cache/differ)=4/0/0/0/0/0/0 19s
OK gt(imp/impT/all)=1/5/24 err=0 verify(match/bug/late/unavail/toolna/cache/differ)=4/0/0/0/0/0/0 18s
OK gt(imp/impT/all)=18/25/57 err=0 verify(match/bug/late/unavail/toolna/cache/differ)=4/0/0/0/0/0/0 20s
OK gt(imp/impT/all)=2/7/25 err=0 verify(match/bug/late/unavail/toolna/cache/differ)=4/0/0/0/0/0/0 12s
OK gt(imp/impT/all)=3/3/7 err=0 verify(match/bug/late/unavail/toolna/cache/differ)=4/0/0/0/0/0/0 7s
OK gt(imp/impT/all)=15/19/28 err=0 verify(match/bug/late/unavail/toolna/cache/differ)=4/0/0/0/0/0/0 10s
OK gt(imp/impT/all)=94/95/242 err=0 verify(match/bug/late/unavail/toolna/cache/differ)=4/0/0/0/0/0/0 55s
OK gt(imp/impT/all)=1/1/1 err=0 verify(match/bug/late/unavail/toolna/cache/differ)=4/0/0/0/0/0/0 5s
OK gt(imp/impT/all)=1/1/5 err=0 verify(match/bug/late/unavail/toolna/cache/differ)=4/0/0/0/0/0/0 7s
OK gt(imp/impT/all)=3/3/8 err=0 verify(match/bug/late/unavail/toolna/cache/differ)=4/0/0/0/0/0/0 6s
OK gt(imp/impT/all)=1/3/9 err=0 verify(match/bug/late/unavail/toolna/cache/differ)=4/0/0/0/0/0/0 8s
OK gt(imp/impT/all)=419/419/1112 err=0 verify(match/bug/late/unavail/toolna/cache/differ)=4/0/0/0/0/0/0 193s
OK gt(imp/impT/all)=12/15/61 err=0 verify(match/bug/late/unavail/toolna/cache/differ)=4/0/0/0/0/0/0 10s
OK gt(imp/impT/all)=1/6/8 err=0 verify(match/bug/late/unavail/toolna/cache/differ)=4/0/0/0/0/0/0 7s
OK gt(imp/impT/all)=437/437/1132 err=0 verify(match/bug/late/unavail/toolna/cache/differ)=4/0/0/0/0/0/0 239s
OK gt(imp/impT/all)=40/40/82 err=0 verify(match/bug/late/unavail/toolna/cache/differ)=4/0/0/0/0/0/0 19s
OK gt(imp/impT/all)=93/93/238 err=0 verify(match/bug/late/unavail/toolna/cache/differ)=4/0/0/0/0/0/0 34s
OK gt(imp/impT/all)=1/4/5 err=0 verify(match/bug/late/unavail/toolna/cache/differ)=4/0/0/0/0/0/0 7s
OK gt(imp/impT/all)=7/11/320 err=0 verify(match/bug/late/unavail/toolna/cache/differ)=4/0/0/0/0/0/0 18s
OK gt(imp/impT/all)=19/35/74 err=0 verify(match/bug/late/unavail/toolna/cache/differ)=4/0/0/0/0/0/0 17s
OK gt(imp/impT/all)=14/28/61 err=0 verify(match/bug/late/unavail/toolna/cache/differ)=4/0/0/0/0/0/0 14s
OK gt(imp/impT/all)=5/6/17 err=0 verify(match/bug/late/unavail/toolna/cache/differ)=4/0/0/0/0/0/0 9s
OK gt(imp/impT/all)=27/27/50 err=0 verify(match/bug/late/unavail/toolna/cache/differ)=4/0/0/0/0/0/0 13s
OK gt(imp/impT/all)=9/9/14 err=0 verify(match/bug/late/unavail/toolna/cache/differ)=4/0/0/0/0/0/0 10s
OK gt(imp/impT/all)=1/1/1 err=0 verify(match/bug/late/unavail/toolna/cache/differ)=4/0/0/0/0/0/0 8s
# rerun2 開始 2026-08-05T13:52:29.870Z 対象=1528 (SHA未記録=1→SKIP) 上限=Infinity
# rerun2 開始 2026-08-05T13:52:29.870Z 対象=1528 (SHA未記録=1→SKIP) 上限=Infinity
# rerun2 開始 2026-08-05T13:52:29.871Z 対象=1528 (SHA未記録=1→SKIP) 上限=Infinity
# 7月に main を除外できていなかった repo（予測集合。この集合の repo のみ july_main_bug を許す）= 7 件: Lifailon__lazyjournal antonmedv__fx box-cli-maker__box-cli-maker dghubble__sling dtgorski__typex homedepot__flop naughtygopher__errors
# 7月側の記録が使えず比較できない repo（july_unavailable。ゲートは通すが verify.csv に残す）= 9 件: codemodus__catena dimuska139__rawg-sdk-go ggicci__httpin kubernetes__kubernetes mehrdadrad__tcpdog presbrey__ollamafarm rakyll__hey tendermint__tendermint zRedShift__mimemagic
# 7月に main を除外できていなかった repo（予測集合。この集合の repo のみ july_main_bug を許す）= 7 件: Lifailon__lazyjournal antonmedv__fx box-cli-maker__box-cli-maker dghubble__sling dtgorski__typex homedepot__flop naughtygopher__errors
# 7月側の記録が使えず比較できない repo（july_unavailable。ゲートは通すが verify.csv に残す）= 9 件: codemodus__catena dimuska139__rawg-sdk-go ggicci__httpin kubernetes__kubernetes mehrdadrad__tcpdog presbrey__ollamafarm rakyll__hey tendermint__tendermint zRedShift__mimemagic
# 7月に main を除外できていなかった repo（予測集合。この集合の repo のみ july_main_bug を許す）= 7 件: Lifailon__lazyjournal antonmedv__fx box-cli-maker__box-cli-maker dghubble__sling dtgorski__typex homedepot__flop naughtygopher__errors
# 7月側の記録が使えず比較できない repo（july_unavailable。ゲートは通すが verify.csv に残す）= 9 件: codemodus__catena dimuska139__rawg-sdk-go ggicci__httpin kubernetes__kubernetes mehrdadrad__tcpdog presbrey__ollamafarm rakyll__hey tendermint__tendermint zRedShift__mimemagic
OK gt(imp/impT/all)=1/1/1 err=0 verify(match/bug/late/unavail/toolna/cache/differ)=4/0/0/0/0/0/0 9s
OK gt(imp/impT/all)=14/18/213 err=0 verify(match/bug/late/unavail/toolna/cache/differ)=4/0/0/0/0/0/0 32s
OK gt(imp/impT/all)=42/44/99 err=0 verify(match/bug/late/unavail/toolna/cache/differ)=0/0/0/4/0/0/0 23s
OK gt(imp/impT/all)=18/18/405 err=0 verify(match/bug/late/unavail/toolna/cache/differ)=4/0/0/0/0/0/0 39s
OK gt(imp/impT/all)=3/4/9 err=0 verify(match/bug/late/unavail/toolna/cache/differ)=4/0/0/0/0/0/0 10s
OK gt(imp/impT/all)=33/36/125 err=0 verify(match/bug/late/unavail/toolna/cache/differ)=4/0/0/0/0/0/0 21s
OK gt(imp/impT/all)=2/6/12 err=0 verify(match/bug/late/unavail/toolna/cache/differ)=4/0/0/0/0/0/0 9s
OK gt(imp/impT/all)=35/39/86 err=0 verify(match/bug/late/unavail/toolna/cache/differ)=4/0/0/0/0/0/0 19s
OK gt(imp/impT/all)=63/64/230 err=0 verify(match/bug/late/unavail/toolna/cache/differ)=4/0/0/0/0/0/0 36s
OK gt(imp/impT/all)=2/2/6 err=0 verify(match/bug/late/unavail/toolna/cache/differ)=4/0/0/0/0/0/0 7s
OK gt(imp/impT/all)=3/3/3 err=0 verify(match/bug/late/unavail/toolna/cache/differ)=4/0/0/0/0/0/0 9s
OK gt(imp/impT/all)=2/2/2 err=0 verify(match/bug/late/unavail/toolna/cache/differ)=4/0/0/0/0/0/0 10s
OK gt(imp/impT/all)=1/4/4 err=0 verify(match/bug/late/unavail/toolna/cache/differ)=4/0/0/0/0/0/0 6s
OK gt(imp/impT/all)=7/11/19 err=0 verify(match/bug/late/unavail/toolna/cache/differ)=4/0/0/0/0/0/0 7s
OK gt(imp/impT/all)=1/5/7 err=0 verify(match/bug/late/unavail/toolna/cache/differ)=4/0/0/0/0/0/0 7s
OK gt(imp/impT/all)=55/56/105 err=0 verify(match/bug/late/unavail/toolna/cache/differ)=4/0/0/0/0/0/0 23s
OK gt(imp/impT/all)=4/4/8 err=0 verify(match/bug/late/unavail/toolna/cache/differ)=4/0/0/0/0/0/0 9s
OK gt(imp/impT/all)=6/6/7 err=0 verify(match/bug/late/unavail/toolna/cache/differ)=4/0/0/0/0/0/0 7s
OK gt(imp/impT/all)=2/2/8 err=0 verify(match/bug/late/unavail/toolna/cache/differ)=4/0/0/0/0/0/0 9s
OK gt(imp/impT/all)=5/6/16 err=0 verify(match/bug/late/unavail/toolna/cache/differ)=4/0/0/0/0/0/0 14s
OK gt(imp/impT/all)=20/20/35 err=0 verify(match/bug/late/unavail/toolna/cache/differ)=4/0/0/0/0/0/0 10s
OK gt(imp/impT/all)=1/1/1 err=0 verify(match/bug/late/unavail/toolna/cache/differ)=4/0/0/0/0/0/0 8s
OK gt(imp/impT/all)=3/3/3 err=0 verify(match/bug/late/unavail/toolna/cache/differ)=4/0/0/0/0/0/0 9s
OK gt(imp/impT/all)=6/10/22 err=0 verify(match/bug/late/unavail/toolna/cache/differ)=4/0/0/0/0/0/0 11s
OK gt(imp/impT/all)=34/34/74 err=0 verify(match/bug/late/unavail/toolna/cache/differ)=4/0/0/0/0/0/0 32s
OK gt(imp/impT/all)=23/23/67 err=0 verify(match/bug/late/unavail/toolna/cache/differ)=4/0/0/0/0/0/0 15s
OK gt(imp/impT/all)=7/7/14 err=0 verify(match/bug/late/unavail/toolna/cache/differ)=4/0/0/0/0/0/0 6s
OK gt(imp/impT/all)=34/36/444 err=0 verify(match/bug/late/unavail/toolna/cache/differ)=4/0/0/0/0/0/0 68s
OK gt(imp/impT/all)=42/43/167 err=0 verify(match/bug/late/unavail/toolna/cache/differ)=4/0/0/0/0/0/0 46s
OK gt(imp/impT/all)=6/12/24 err=0 verify(match/bug/late/unavail/toolna/cache/differ)=4/0/0/0/0/0/0 31s
OK gt(imp/impT/all)=4/8/16 err=0 verify(match/bug/late/unavail/toolna/cache/differ)=4/0/0/0/0/0/0 11s
OK gt(imp/impT/all)=4/4/221 err=0 verify(match/bug/late/unavail/toolna/cache/differ)=4/0/0/0/0/0/0 39s
OK gt(imp/impT/all)=51/51/261 err=0 verify(match/bug/late/unavail/toolna/cache/differ)=4/0/0/0/0/0/0 35s
OK gt(imp/impT/all)=66/66/92 err=0 verify(match/bug/late/unavail/toolna/cache/differ)=4/0/0/0/0/0/0 18s
OK gt(imp/impT/all)=1/3/14 err=0 verify(match/bug/late/unavail/toolna/cache/differ)=4/0/0/0/0/0/0 13s
OK gt(imp/impT/all)=14/18/24 err=0 verify(match/bug/late/unavail/toolna/cache/differ)=4/0/0/0/0/0/0 12s
OK gt(imp/impT/all)=38/38/63 err=0 verify(match/bug/late/unavail/toolna/cache/differ)=4/0/0/0/0/0/0 14s
OK gt(imp/impT/all)=3/3/3 err=0 verify(match/bug/late/unavail/toolna/cache/differ)=4/0/0/0/0/0/0 6s
OK gt(imp/impT/all)=137/137/239 err=0 verify(match/bug/late/unavail/toolna/cache/differ)=4/0/0/0/0/0/0 42s
OK gt(imp/impT/all)=2/2/8 err=0 verify(match/bug/late/unavail/toolna/cache/differ)=4/0/0/0/0/0/0 10s
OK gt(imp/impT/all)=1/5/7 err=0 verify(match/bug/late/unavail/toolna/cache/differ)=4/0/0/0/0/0/0 8s
OK gt(imp/impT/all)=175/183/502 err=0 verify(match/bug/late/unavail/toolna/cache/differ)=4/0/0/0/0/0/0 89s
OK gt(imp/impT/all)=2/2/8 err=0 verify(match/bug/late/unavail/toolna/cache/differ)=4/0/0/0/0/0/0 8s
OK gt(imp/impT/all)=1/1/10 err=0 verify(match/bug/late/unavail/toolna/cache/differ)=4/0/0/0/0/0/0 6s
OK gt(imp/impT/all)=4/4/7 err=0 verify(match/bug/late/unavail/toolna/cache/differ)=4/0/0/0/0/0/0 7s
OK gt(imp/impT/all)=5/5/13 err=0 verify(match/bug/late/unavail/toolna/cache/differ)=4/0/0/0/0/0/0 6s
OK gt(imp/impT/all)=75/75/208 err=0 verify(match/bug/late/unavail/toolna/cache/differ)=4/0/0/0/0/0/0 44s
OK gt(imp/impT/all)=2/2/4 err=0 verify(match/bug/late/unavail/toolna/cache/differ)=4/0/0/0/0/0/0 6s
OK gt(imp/impT/all)=36/42/62 err=0 verify(match/bug/late/unavail/toolna/cache/differ)=4/0/0/0/0/0/0 14s
OK gt(imp/impT/all)=1/1/1 err=0 verify(match/bug/late/unavail/toolna/cache/differ)=4/0/0/0/0/0/0 5s
OK gt(imp/impT/all)=3/7/77 err=0 verify(match/bug/late/unavail/toolna/cache/differ)=4/0/0/0/0/0/0 23s
OK gt(imp/impT/all)=3/13/32 err=0 verify(match/bug/late/unavail/toolna/cache/differ)=4/0/0/0/0/0/0 9s
OK gt(imp/impT/all)=1/2/2 err=0 verify(match/bug/late/unavail/toolna/cache/differ)=4/0/0/0/0/0/0 9s
OK gt(imp/impT/all)=25/28/105 err=0 verify(match/bug/late/unavail/toolna/cache/differ)=4/0/0/0/0/0/0 17s
OK gt(imp/impT/all)=12/12/20 err=0 verify(match/bug/late/unavail/toolna/cache/differ)=4/0/0/0/0/0/0 12s
OK gt(imp/impT/all)=43/45/80 err=0 verify(match/bug/late/unavail/toolna/cache/differ)=4/0/0/0/0/0/0 18s
OK gt(imp/impT/all)=1/1/3 err=0 verify(match/bug/late/unavail/toolna/cache/differ)=4/0/0/0/0/0/0 8s
OK gt(imp/impT/all)=1/1/2 err=0 verify(match/bug/late/unavail/toolna/cache/differ)=4/0/0/0/0/0/0 8s
OK gt(imp/impT/all)=2/2/3 err=0 verify(match/bug/late/unavail/toolna/cache/differ)=4/0/0/0/0/0/0 8s
OK gt(imp/impT/all)=3/8/13 err=0 verify(match/bug/late/unavail/toolna/cache/differ)=4/0/0/0/0/0/0 17s
OK gt(imp/impT/all)=7/7/197 err=0 verify(match/bug/late/unavail/toolna/cache/differ)=4/0/0/0/0/0/0 22s
OK gt(imp/impT/all)=4/8/14 err=0 verify(match/bug/late/unavail/toolna/cache/differ)=4/0/0/0/0/0/0 7s
OK gt(imp/impT/all)=2/2/5 err=0 verify(match/bug/late/unavail/toolna/cache/differ)=4/0/0/0/0/0/0 7s
OK gt(imp/impT/all)=1/5/7 err=0 verify(match/bug/late/unavail/toolna/cache/differ)=4/0/0/0/0/0/0 8s
OK gt(imp/impT/all)=3/8/16 err=0 verify(match/bug/late/unavail/toolna/cache/differ)=4/0/0/0/0/0/0 11s
OK gt(imp/impT/all)=50/54/238 err=0 verify(match/bug/late/unavail/toolna/cache/differ)=4/0/0/0/0/0/0 57s
OK gt(imp/impT/all)=30/34/71 err=0 verify(match/bug/late/unavail/toolna/cache/differ)=4/0/0/0/0/0/0 13s
OK gt(imp/impT/all)=1/5/7 err=0 verify(match/bug/late/unavail/toolna/cache/differ)=4/0/0/0/0/0/0 7s
OK gt(imp/impT/all)=18/21/37 err=0 verify(match/bug/late/unavail/toolna/cache/differ)=4/0/0/0/0/0/0 10s
OK gt(imp/impT/all)=18/18/25 err=0 verify(match/bug/late/unavail/toolna/cache/differ)=4/0/0/0/0/0/0 11s
OK gt(imp/impT/all)=32/36/59 err=0 verify(match/bug/late/unavail/toolna/cache/differ)=4/0/0/0/0/0/0 12s
OK gt(imp/impT/all)=2/7/13 err=0 verify(match/bug/late/unavail/toolna/cache/differ)=4/0/0/0/0/0/0 7s
OK gt(imp/impT/all)=2/7/15 err=0 verify(match/bug/late/unavail/toolna/cache/differ)=4/0/0/0/0/0/0 12s
OK gt(imp/impT/all)=1/4/6 err=0 verify(match/bug/late/unavail/toolna/cache/differ)=4/0/0/0/0/0/0 8s
OK gt(imp/impT/all)=3/3/9 err=0 verify(match/bug/late/unavail/toolna/cache/differ)=4/0/0/0/0/0/0 9s
OK gt(imp/impT/all)=1/1/1 err=0 verify(match/bug/late/unavail/toolna/cache/differ)=4/0/0/0/0/0/0 7s
OK gt(imp/impT/all)=6/6/7 err=0 verify(match/bug/late/unavail/toolna/cache/differ)=4/0/0/0/0/0/0 10s
OK gt(imp/impT/all)=23/27/211 err=0 verify(match/bug/late/unavail/toolna/cache/differ)=4/0/0/0/0/0/0 25s
OK gt(imp/impT/all)=39/39/80 err=0 verify(match/bug/late/unavail/toolna/cache/differ)=4/0/0/0/0/0/0 19s
OK gt(imp/impT/all)=2/2/10 err=0 verify(match/bug/late/unavail/toolna/cache/differ)=0/0/0/4/0/0/0 11s
OK gt(imp/impT/all)=10/10/28 err=0 verify(match/bug/late/unavail/toolna/cache/differ)=4/0/0/0/0/0/0 15s
OK gt(imp/impT/all)=14/14/31 err=0 verify(match/bug/late/unavail/toolna/cache/differ)=4/0/0/0/0/0/0 11s
OK gt(imp/impT/all)=7/11/30 err=0 verify(match/bug/late/unavail/toolna/cache/differ)=4/0/0/0/0/0/0 15s
OK gt(imp/impT/all)=7/11/13 err=0 verify(match/bug/late/unavail/toolna/cache/differ)=4/0/0/0/0/0/0 7s
OK gt(imp/impT/all)=2/2/13 err=0 verify(match/bug/late/unavail/toolna/cache/differ)=4/0/0/0/0/0/0 10s
OK gt(imp/impT/all)=110/110/367 err=0 verify(match/bug/late/unavail/toolna/cache/differ)=4/0/0/0/0/0/0 55s
OK gt(imp/impT/all)=25/29/73 err=0 verify(match/bug/late/unavail/toolna/cache/differ)=4/0/0/0/0/0/0 23s
OK gt(imp/impT/all)=4/4/5 err=0 verify(match/bug/late/unavail/toolna/cache/differ)=4/0/0/0/0/0/0 8s
OK gt(imp/impT/all)=1/1/2 err=0 verify(match/bug/late/unavail/toolna/cache/differ)=4/0/0/0/0/0/0 8s
OK gt(imp/impT/all)=12/12/368 err=0 verify(match/bug/late/unavail/toolna/cache/differ)=4/0/0/0/0/0/0 45s
OK gt(imp/impT/all)=2/2/2 err=0 verify(match/bug/late/unavail/toolna/cache/differ)=4/0/0/0/0/0/0 6s
OK gt(imp/impT/all)=9/13/21 err=0 verify(match/bug/late/unavail/toolna/cache/differ)=4/0/0/0/0/0/0 7s
OK gt(imp/impT/all)=2/3/3 err=0 verify(match/bug/late/unavail/toolna/cache/differ)=4/0/0/0/0/0/0 5s
OK gt(imp/impT/all)=41/41/104 err=0 verify(match/bug/late/unavail/toolna/cache/differ)=4/0/0/0/0/0/0 23s
# rerun2 開始 2026-08-05T14:19:24.855Z 対象=1528 (SHA未記録=1→SKIP) 上限=Infinity
# 7月に main を除外できていなかった repo（予測集合。この集合の repo のみ july_main_bug を許す）= 7 件: Lifailon__lazyjournal antonmedv__fx box-cli-maker__box-cli-maker dghubble__sling dtgorski__typex homedepot__flop naughtygopher__errors
# 7月側の記録が使えず比較できない repo（july_unavailable。ゲートは通すが verify.csv に残す）= 9 件: codemodus__catena dimuska139__rawg-sdk-go ggicci__httpin kubernetes__kubernetes mehrdadrad__tcpdog presbrey__ollamafarm rakyll__hey tendermint__tendermint zRedShift__mimemagic
# rerun2 開始 2026-08-05T14:19:24.941Z 対象=1528 (SHA未記録=1→SKIP) 上限=Infinity
# 7月に main を除外できていなかった repo（予測集合。この集合の repo のみ july_main_bug を許す）= 7 件: Lifailon__lazyjournal antonmedv__fx box-cli-maker__box-cli-maker dghubble__sling dtgorski__typex homedepot__flop naughtygopher__errors
# 7月側の記録が使えず比較できない repo（july_unavailable。ゲートは通すが verify.csv に残す）= 9 件: codemodus__catena dimuska139__rawg-sdk-go ggicci__httpin kubernetes__kubernetes mehrdadrad__tcpdog presbrey__ollamafarm rakyll__hey tendermint__tendermint zRedShift__mimemagic
# rerun2 開始 2026-08-05T14:19:24.956Z 対象=1528 (SHA未記録=1→SKIP) 上限=Infinity
# 7月に main を除外できていなかった repo（予測集合。この集合の repo のみ july_main_bug を許す）= 7 件: Lifailon__lazyjournal antonmedv__fx box-cli-maker__box-cli-maker dghubble__sling dtgorski__typex homedepot__flop naughtygopher__errors
# 7月側の記録が使えず比較できない repo（july_unavailable。ゲートは通すが verify.csv に残す）= 9 件: codemodus__catena dimuska139__rawg-sdk-go ggicci__httpin kubernetes__kubernetes mehrdadrad__tcpdog presbrey__ollamafarm rakyll__hey tendermint__tendermint zRedShift__mimemagic
SKIP(retryable/sha_fetch_failed)
SKIP(permanent/no_go_mod)
SKIP(retryable/sha_fetch_failed)
OK gt(imp/impT/all)=29/30/79 err=0 verify(match/bug/late/unavail/toolna/cache/differ)=4/0/0/0/0/0/0 100s
OK gt(imp/impT/all)=6/10/22 err=0 verify(match/bug/late/unavail/toolna/cache/differ)=4/0/0/0/0/0/0 8s
OK gt(imp/impT/all)=4/7/7 err=0 verify(match/bug/late/unavail/toolna/cache/differ)=4/0/0/0/0/0/0 5s
OK gt(imp/impT/all)=18/23/48 err=0 verify(match/bug/late/unavail/toolna/cache/differ)=4/0/0/0/0/0/0 12s
OK gt(imp/impT/all)=172/198/554 err=0 verify(match/bug/late/unavail/toolna/cache/differ)=4/0/0/0/0/0/0 135s
OK gt(imp/impT/all)=33/33/66 err=0 verify(match/bug/late/unavail/toolna/cache/differ)=4/0/0/0/0/0/0 16s
OK gt(imp/impT/all)=3/3/8 err=0 verify(match/bug/late/unavail/toolna/cache/differ)=4/0/0/0/0/0/0 8s
OK gt(imp/impT/all)=3/7/13 err=0 verify(match/bug/late/unavail/toolna/cache/differ)=4/0/0/0/0/0/0 7s
OK gt(imp/impT/all)=19/25/44 err=0 verify(match/bug/late/unavail/toolna/cache/differ)=4/0/0/0/0/0/0 10s
OK gt(imp/impT/all)=1/4/6 err=0 verify(match/bug/late/unavail/toolna/cache/differ)=4/0/0/0/0/0/0 7s
OK gt(imp/impT/all)=1/3/10 err=0 verify(match/bug/late/unavail/toolna/cache/differ)=4/0/0/0/0/0/0 26s
  differ=1 → module cache を温めて取り直す
  再判定: cache_sensitive=0 differ=1
# ★ 未説明の differ=1 at shenwei356__taxonkit [trivy] — 温め直しても7月を再現しなかった
# → STOP を作成し全ワーカーを停止する（未調査の再現失敗のため）
OK gt(imp/impT/all)=31/31/74 err=0 verify(match/bug/late/unavail/toolna/cache/differ)=3/0/0/0/0/0/1 41s
# STOP を検出したので停止する: unexplained differ=1 at shenwei356__taxonkit [trivy] (2026-08-05T14:23:38.814Z) pid=2581

# 完了 処理=8 成功=763 SKIP=1
# 検証 match=27 july_main_bug=0 july_main_bug_late=0 july_unavailable=0 july_tool_na=0 cache_sensitive=0 differ=1
# ★ differ=1 — 報告のトリガー
OK gt(imp/impT/all)=19/19/81 err=0 verify(match/bug/late/unavail/toolna/cache/differ)=4/0/0/0/0/0/0 24s
# STOP を検出したので停止する: unexplained differ=1 at shenwei356__taxonkit [trivy] (2026-08-05T14:23:38.814Z) pid=2581

# 完了 処理=7 成功=765 SKIP=1
# 検証 match=24 july_main_bug=0 july_main_bug_late=0 july_unavailable=0 july_tool_na=0 cache_sensitive=0 differ=0
# rerun2 開始 2026-08-05T14:26:31.480Z 対象=1528 (SHA未記録=1→SKIP) 上限=Infinity
# 7月に main を除外できていなかった repo（予測集合。この集合の repo のみ july_main_bug を許す）= 7 件: Lifailon__lazyjournal antonmedv__fx box-cli-maker__box-cli-maker dghubble__sling dtgorski__typex homedepot__flop naughtygopher__errors
# 7月側の記録が使えず比較できない repo（july_unavailable。ゲートは通すが verify.csv に残す）= 9 件: codemodus__catena dimuska139__rawg-sdk-go ggicci__httpin kubernetes__kubernetes mehrdadrad__tcpdog presbrey__ollamafarm rakyll__hey tendermint__tendermint zRedShift__mimemagic
# rerun2 開始 2026-08-05T14:26:31.486Z 対象=1528 (SHA未記録=1→SKIP) 上限=Infinity
# 7月に main を除外できていなかった repo（予測集合。この集合の repo のみ july_main_bug を許す）= 7 件: Lifailon__lazyjournal antonmedv__fx box-cli-maker__box-cli-maker dghubble__sling dtgorski__typex homedepot__flop naughtygopher__errors
# 7月側の記録が使えず比較できない repo（july_unavailable。ゲートは通すが verify.csv に残す）= 9 件: codemodus__catena dimuska139__rawg-sdk-go ggicci__httpin kubernetes__kubernetes mehrdadrad__tcpdog presbrey__ollamafarm rakyll__hey tendermint__tendermint zRedShift__mimemagic
# rerun2 開始 2026-08-05T14:26:31.497Z 対象=1528 (SHA未記録=1→SKIP) 上限=Infinity
# 7月に main を除外できていなかった repo（予測集合。この集合の repo のみ july_main_bug を許す）= 7 件: Lifailon__lazyjournal antonmedv__fx box-cli-maker__box-cli-maker dghubble__sling dtgorski__typex homedepot__flop naughtygopher__errors
# 7月側の記録が使えず比較できない repo（july_unavailable。ゲートは通すが verify.csv に残す）= 9 件: codemodus__catena dimuska139__rawg-sdk-go ggicci__httpin kubernetes__kubernetes mehrdadrad__tcpdog presbrey__ollamafarm rakyll__hey tendermint__tendermint zRedShift__mimemagic
OK gt(imp/impT/all)=2/2/20 err=0 verify(match/bug/late/unavail/toolna/cache/differ)=4/0/0/0/0/0/0 9s
OK gt(imp/impT/all)=10/10/20 err=0 verify(match/bug/late/unavail/toolna/cache/differ)=4/0/0/0/0/0/0 10s
OK gt(imp/impT/all)=1/1/1 err=0 verify(match/bug/late/unavail/toolna/cache/differ)=4/0/0/0/0/0/0 8s
OK gt(imp/impT/all)=51/54/119 err=0 verify(match/bug/late/unavail/toolna/cache/differ)=4/0/0/0/0/0/0 26s
OK gt(imp/impT/all)=76/77/116 err=0 verify(match/bug/late/unavail/toolna/cache/differ)=4/0/0/0/0/0/0 38s
OK gt(imp/impT/all)=1/5/7 err=0 verify(match/bug/late/unavail/toolna/cache/differ)=4/0/0/0/0/0/0 7s
OK gt(imp/impT/all)=1/1/1 err=0 verify(match/bug/late/unavail/toolna/cache/differ)=4/0/0/0/0/0/0 6s
OK gt(imp/impT/all)=1/1/1 err=0 verify(match/bug/late/unavail/toolna/cache/differ)=4/0/0/0/0/0/0 7s
OK gt(imp/impT/all)=1/1/1 err=0 verify(match/bug/late/unavail/toolna/cache/differ)=4/0/0/0/0/0/0 6s
OK gt(imp/impT/all)=10/11/19 err=0 verify(match/bug/late/unavail/toolna/cache/differ)=4/0/0/0/0/0/0 9s
OK gt(imp/impT/all)=7/7/11 err=0 verify(match/bug/late/unavail/toolna/cache/differ)=4/0/0/0/0/0/0 10s
OK gt(imp/impT/all)=6/6/16 err=0 verify(match/bug/late/unavail/toolna/cache/differ)=4/0/0/0/0/0/0 11s
OK gt(imp/impT/all)=150/150/369 err=0 verify(match/bug/late/unavail/toolna/cache/differ)=4/0/0/0/0/0/0 82s
OK gt(imp/impT/all)=20/24/112 err=0 verify(match/bug/late/unavail/toolna/cache/differ)=4/0/0/0/0/0/0 14s
OK gt(imp/impT/all)=21/22/37 err=0 verify(match/bug/late/unavail/toolna/cache/differ)=4/0/0/0/0/0/0 13s
OK gt(imp/impT/all)=3/3/11 err=0 verify(match/bug/late/unavail/toolna/cache/differ)=4/0/0/0/0/0/0 11s
OK gt(imp/impT/all)=1/5/7 err=0 verify(match/bug/late/unavail/toolna/cache/differ)=4/0/0/0/0/0/0 8s
OK gt(imp/impT/all)=1/1/2 err=0 verify(match/bug/late/unavail/toolna/cache/differ)=4/0/0/0/0/0/0 7s
OK gt(imp/impT/all)=33/33/65 err=0 verify(match/bug/late/unavail/toolna/cache/differ)=4/0/0/0/0/0/0 18s
OK gt(imp/impT/all)=23/29/60 err=0 verify(match/bug/late/unavail/toolna/cache/differ)=4/0/0/0/0/0/0 29s
OK gt(imp/impT/all)=3/7/16 err=0 verify(match/bug/late/unavail/toolna/cache/differ)=4/0/0/0/0/0/0 8s
OK gt(imp/impT/all)=5/8/13 err=0 verify(match/bug/late/unavail/toolna/cache/differ)=4/0/0/0/0/0/0 11s
OK gt(imp/impT/all)=3/3/13 err=0 verify(match/bug/late/unavail/toolna/cache/differ)=4/0/0/0/0/0/0 13s
OK gt(imp/impT/all)=3/3/8 err=0 verify(match/bug/late/unavail/toolna/cache/differ)=4/0/0/0/0/0/0 9s
OK gt(imp/impT/all)=2/6/18 err=0 verify(match/bug/late/unavail/toolna/cache/differ)=4/0/0/0/0/0/0 13s
OK gt(imp/impT/all)=38/38/80 err=0 verify(match/bug/late/unavail/toolna/cache/differ)=4/0/0/0/0/0/0 21s
OK gt(imp/impT/all)=10/12/38 err=0 verify(match/bug/late/unavail/toolna/cache/differ)=4/0/0/0/0/0/0 19s
OK gt(imp/impT/all)=161/162/482 err=0 verify(match/bug/late/unavail/toolna/cache/differ)=4/0/0/0/0/0/0 86s
OK gt(imp/impT/all)=69/72/165 err=0 verify(match/bug/late/unavail/toolna/cache/differ)=4/0/0/0/0/0/0 53s
OK gt(imp/impT/all)=2/2/2 err=0 verify(match/bug/late/unavail/toolna/cache/differ)=4/0/0/0/0/0/0 7s
OK gt(imp/impT/all)=2/6/8 err=0 verify(match/bug/late/unavail/toolna/cache/differ)=4/0/0/0/0/0/0 11s
OK gt(imp/impT/all)=123/125/387 err=0 verify(match/bug/late/unavail/toolna/cache/differ)=4/0/0/0/0/0/0 98s
OK gt(imp/impT/all)=1/1/1 err=0 verify(match/bug/late/unavail/toolna/cache/differ)=4/0/0/0/0/0/0 9s
OK gt(imp/impT/all)=115/118/324 err=0 verify(match/bug/late/unavail/toolna/cache/differ)=4/0/0/0/0/0/0 89s
OK gt(imp/impT/all)=13/14/26 err=0 verify(match/bug/late/unavail/toolna/cache/differ)=4/0/0/0/0/0/0 14s
OK gt(imp/impT/all)=83/83/235 err=0 verify(match/bug/late/unavail/toolna/cache/differ)=4/0/0/0/0/0/0 93s
OK gt(imp/impT/all)=12/16/31 err=0 verify(match/bug/late/unavail/toolna/cache/differ)=4/0/0/0/0/0/0 11s
OK gt(imp/impT/all)=1/1/1 err=0 verify(match/bug/late/unavail/toolna/cache/differ)=4/0/0/0/0/0/0 7s
OK gt(imp/impT/all)=1/5/17 err=0 verify(match/bug/late/unavail/toolna/cache/differ)=4/0/0/0/0/0/0 10s
OK gt(imp/impT/all)=13/16/26 err=0 verify(match/bug/late/unavail/toolna/cache/differ)=4/0/0/0/0/0/0 15s
OK gt(imp/impT/all)=17/17/55 err=0 verify(match/bug/late/unavail/toolna/cache/differ)=4/0/0/0/0/0/0 21s
OK gt(imp/impT/all)=6/10/36 err=0 verify(match/bug/late/unavail/toolna/cache/differ)=4/0/0/0/0/0/0 12s
OK gt(imp/impT/all)=3/7/18 err=0 verify(match/bug/late/unavail/toolna/cache/differ)=4/0/0/0/0/0/0 17s
OK gt(imp/impT/all)=1/1/1 err=0 verify(match/bug/late/unavail/toolna/cache/differ)=4/0/0/0/0/0/0 8s
OK gt(imp/impT/all)=5/8/12 err=0 verify(match/bug/late/unavail/toolna/cache/differ)=4/0/0/0/0/0/0 13s
OK gt(imp/impT/all)=1/6/8 err=0 verify(match/bug/late/unavail/toolna/cache/differ)=4/0/0/0/0/0/0 8s
OK gt(imp/impT/all)=1/4/5 err=0 verify(match/bug/late/unavail/toolna/cache/differ)=4/0/0/0/0/0/0 7s
OK gt(imp/impT/all)=20/20/26 err=0 verify(match/bug/late/unavail/toolna/cache/differ)=4/0/0/0/0/0/0 9s
OK gt(imp/impT/all)=3/3/4 err=0 verify(match/bug/late/unavail/toolna/cache/differ)=4/0/0/0/0/0/0 6s
OK gt(imp/impT/all)=16/16/21 err=0 verify(match/bug/late/unavail/toolna/cache/differ)=4/0/0/0/0/0/0 9s
OK gt(imp/impT/all)=50/50/401 err=0 verify(match/bug/late/unavail/toolna/cache/differ)=4/0/0/0/0/0/0 73s
OK gt(imp/impT/all)=1/5/10 err=0 verify(match/bug/late/unavail/toolna/cache/differ)=4/0/0/0/0/0/0 8s
OK gt(imp/impT/all)=117/152/532 err=0 verify(match/bug/late/unavail/toolna/cache/differ)=4/0/0/0/0/0/0 103s
OK gt(imp/impT/all)=334/341/902 err=0 verify(match/bug/late/unavail/toolna/cache/differ)=4/0/0/0/0/0/0 304s
OK gt(imp/impT/all)=15/15/27 err=0 verify(match/bug/late/unavail/toolna/cache/differ)=4/0/0/0/0/0/0 12s
OK gt(imp/impT/all)=79/79/276 err=0 verify(match/bug/late/unavail/toolna/cache/differ)=4/0/0/0/0/0/0 60s
OK gt(imp/impT/all)=2/2/7 err=0 verify(match/bug/late/unavail/toolna/cache/differ)=4/0/0/0/0/0/0 33s
OK gt(imp/impT/all)=3/19/67 err=0 verify(match/bug/late/unavail/toolna/cache/differ)=4/0/0/0/0/0/0 13s
# rerun2 開始 2026-08-05T14:49:27.197Z 対象=1528 (SHA未記録=1→SKIP) 上限=Infinity
# rerun2 開始 2026-08-05T14:49:27.193Z 対象=1528 (SHA未記録=1→SKIP) 上限=Infinity
# rerun2 開始 2026-08-05T14:49:27.205Z 対象=1528 (SHA未記録=1→SKIP) 上限=Infinity
# 7月に main を除外できていなかった repo（予測集合。この集合の repo のみ july_main_bug を許す）= 7 件: Lifailon__lazyjournal antonmedv__fx box-cli-maker__box-cli-maker dghubble__sling dtgorski__typex homedepot__flop naughtygopher__errors
# 7月に main を除外できていなかった repo（予測集合。この集合の repo のみ july_main_bug を許す）= 7 件: Lifailon__lazyjournal antonmedv__fx box-cli-maker__box-cli-maker dghubble__sling dtgorski__typex homedepot__flop naughtygopher__errors
# 7月側の記録が使えず比較できない repo（july_unavailable。ゲートは通すが verify.csv に残す）= 9 件: codemodus__catena dimuska139__rawg-sdk-go ggicci__httpin kubernetes__kubernetes mehrdadrad__tcpdog presbrey__ollamafarm rakyll__hey tendermint__tendermint zRedShift__mimemagic
# 7月側の記録が使えず比較できない repo（july_unavailable。ゲートは通すが verify.csv に残す）= 9 件: codemodus__catena dimuska139__rawg-sdk-go ggicci__httpin kubernetes__kubernetes mehrdadrad__tcpdog presbrey__ollamafarm rakyll__hey tendermint__tendermint zRedShift__mimemagic
# 7月に main を除外できていなかった repo（予測集合。この集合の repo のみ july_main_bug を許す）= 7 件: Lifailon__lazyjournal antonmedv__fx box-cli-maker__box-cli-maker dghubble__sling dtgorski__typex homedepot__flop naughtygopher__errors
# 7月側の記録が使えず比較できない repo（july_unavailable。ゲートは通すが verify.csv に残す）= 9 件: codemodus__catena dimuska139__rawg-sdk-go ggicci__httpin kubernetes__kubernetes mehrdadrad__tcpdog presbrey__ollamafarm rakyll__hey tendermint__tendermint zRedShift__mimemagic
SKIP(retryable/sha_fetch_failed)
SKIP(retryable/sha_fetch_failed)
SKIP(retryable/sha_fetch_failed)
OK gt(imp/impT/all)=14/20/30 err=0 verify(match/bug/late/unavail/toolna/cache/differ)=4/0/0/0/0/0/0 44s
OK gt(imp/impT/all)=54/61/128 err=0 verify(match/bug/late/unavail/toolna/cache/differ)=4/0/0/0/0/0/0 57s
OK gt(imp/impT/all)=1/1/1 err=0 verify(match/bug/late/unavail/toolna/cache/differ)=4/0/0/0/0/0/0 7s
OK gt(imp/impT/all)=43/43/83 err=0 verify(match/bug/late/unavail/toolna/cache/differ)=4/0/0/0/0/0/0 23s
OK gt(imp/impT/all)=1/1/1 err=0 verify(match/bug/late/unavail/toolna/cache/differ)=4/0/0/0/0/0/0 6s
OK gt(imp/impT/all)=5/5/7 err=0 verify(match/bug/late/unavail/toolna/cache/differ)=4/0/0/0/0/0/0 7s
OK gt(imp/impT/all)=5/8/14 err=0 verify(match/bug/late/unavail/toolna/cache/differ)=4/0/0/0/0/0/0 9s
OK gt(imp/impT/all)=2/2/3 err=0 verify(match/bug/late/unavail/toolna/cache/differ)=4/0/0/0/0/0/0 6s
OK gt(imp/impT/all)=9/11/38 err=0 verify(match/bug/late/unavail/toolna/cache/differ)=4/0/0/0/0/0/0 13s
OK gt(imp/impT/all)=3/7/12 err=0 verify(match/bug/late/unavail/toolna/cache/differ)=4/0/0/0/0/0/0 7s
OK gt(imp/impT/all)=81/87/448 err=0 verify(match/bug/late/unavail/toolna/cache/differ)=4/0/0/0/0/0/0 122s
OK gt(imp/impT/all)=48/52/94 err=0 verify(match/bug/late/unavail/toolna/cache/differ)=4/0/0/0/0/0/0 19s
OK gt(imp/impT/all)=16/19/37 err=0 verify(match/bug/late/unavail/toolna/cache/differ)=4/0/0/0/0/0/0 10s
OK gt(imp/impT/all)=63/66/308 err=0 verify(match/bug/late/unavail/toolna/cache/differ)=4/0/0/0/0/0/0 71s
OK gt(imp/impT/all)=5/7/77 err=0 verify(match/bug/late/unavail/toolna/cache/differ)=4/0/0/0/0/0/0 14s
OK gt(imp/impT/all)=17/17/29 err=0 verify(match/bug/late/unavail/toolna/cache/differ)=4/0/0/0/0/0/0 8s
OK gt(imp/impT/all)=3/7/35 err=0 verify(match/bug/late/unavail/toolna/cache/differ)=4/0/0/0/0/0/0 9s
OK gt(imp/impT/all)=12/12/23 err=0 verify(match/bug/late/unavail/toolna/cache/differ)=4/0/0/0/0/0/0 12s
OK gt(imp/impT/all)=3/3/14 err=0 verify(match/bug/late/unavail/toolna/cache/differ)=4/0/0/0/0/0/0 8s
OK gt(imp/impT/all)=10/22/66 err=0 verify(match/bug/late/unavail/toolna/cache/differ)=4/0/0/0/0/0/0 15s
OK gt(imp/impT/all)=51/82/293 err=0 verify(match/bug/late/unavail/toolna/cache/differ)=4/0/0/0/0/0/0 66s
OK gt(imp/impT/all)=1/1/3 err=0 verify(match/bug/late/unavail/toolna/cache/differ)=4/0/0/0/0/0/0 7s
OK gt(imp/impT/all)=1/1/1 err=0 verify(match/bug/late/unavail/toolna/cache/differ)=4/0/0/0/0/0/0 6s
OK gt(imp/impT/all)=4/4/4 err=0 verify(match/bug/late/unavail/toolna/cache/differ)=4/0/0/0/0/0/0 6s
OK gt(imp/impT/all)=4/4/13 err=0 verify(match/bug/late/unavail/toolna/cache/differ)=4/0/0/0/0/0/0 7s
OK gt(imp/impT/all)=2/2/8 err=0 verify(match/bug/late/unavail/toolna/cache/differ)=4/0/0/0/0/0/0 9s
OK gt(imp/impT/all)=55/58/93 err=0 verify(match/bug/late/unavail/toolna/cache/differ)=4/0/0/0/0/0/0 23s
OK gt(imp/impT/all)=39/43/92 err=0 verify(match/bug/late/unavail/toolna/cache/differ)=4/0/0/0/0/0/0 14s
OK gt(imp/impT/all)=5/13/19 err=0 verify(match/bug/late/unavail/toolna/cache/differ)=4/0/0/0/0/0/0 8s
OK gt(imp/impT/all)=3/4/4 err=0 verify(match/bug/late/unavail/toolna/cache/differ)=4/0/0/0/0/0/0 7s
OK gt(imp/impT/all)=15/19/32 err=0 verify(match/bug/late/unavail/toolna/cache/differ)=4/0/0/0/0/0/0 14s
OK gt(imp/impT/all)=3/7/14 err=0 verify(match/bug/late/unavail/toolna/cache/differ)=4/0/0/0/0/0/0 9s
OK gt(imp/impT/all)=149/149/363 err=0 verify(match/bug/late/unavail/toolna/cache/differ)=4/0/0/0/0/0/0 64s
OK gt(imp/impT/all)=281/281/915 err=0 verify(match/bug/late/unavail/toolna/cache/differ)=1/0/0/0/3/0/0 151s
OK gt(imp/impT/all)=31/37/102 err=0 verify(match/bug/late/unavail/toolna/cache/differ)=4/0/0/0/0/0/0 35s
OK gt(imp/impT/all)=1/5/7 err=0 verify(match/bug/late/unavail/toolna/cache/differ)=4/0/0/0/0/0/0 10s
OK gt(imp/impT/all)=18/21/47 err=0 verify(match/bug/late/unavail/toolna/cache/differ)=4/0/0/0/0/0/0 14s
OK gt(imp/impT/all)=3/10/33 err=0 verify(match/bug/late/unavail/toolna/cache/differ)=4/0/0/0/0/0/0 9s
OK gt(imp/impT/all)=15/17/23 err=0 verify(match/bug/late/unavail/toolna/cache/differ)=4/0/0/0/0/0/0 12s
OK gt(imp/impT/all)=78/83/229 err=0 verify(match/bug/late/unavail/toolna/cache/differ)=4/0/0/0/0/0/0 25s
OK gt(imp/impT/all)=25/25/48 err=0 verify(match/bug/late/unavail/toolna/cache/differ)=4/0/0/0/0/0/0 14s
OK gt(imp/impT/all)=5/6/12 err=0 verify(match/bug/late/unavail/toolna/cache/differ)=4/0/0/0/0/0/0 9s
OK gt(imp/impT/all)=10/15/43 err=0 verify(match/bug/late/unavail/toolna/cache/differ)=4/0/0/0/0/0/0 15s
OK gt(imp/impT/all)=28/29/100 err=0 verify(match/bug/late/unavail/toolna/cache/differ)=4/0/0/0/0/0/0 46s
OK gt(imp/impT/all)=8/13/40 err=0 verify(match/bug/late/unavail/toolna/cache/differ)=4/0/0/0/0/0/0 8s
OK gt(imp/impT/all)=1/1/8 err=0 verify(match/bug/late/unavail/toolna/cache/differ)=4/0/0/0/0/0/0 8s
OK gt(imp/impT/all)=13/15/53 err=0 verify(match/bug/late/unavail/toolna/cache/differ)=4/0/0/0/0/0/0 13s
OK gt(imp/impT/all)=201/207/490 err=0 verify(match/bug/late/unavail/toolna/cache/differ)=4/0/0/0/0/0/0 97s
OK gt(imp/impT/all)=1/2/4 err=0 verify(match/bug/late/unavail/toolna/cache/differ)=4/0/0/0/0/0/0 7s
OK gt(imp/impT/all)=35/35/202 err=0 verify(match/bug/late/unavail/toolna/cache/differ)=4/0/0/0/0/0/0 50s
OK gt(imp/impT/all)=21/24/132 err=0 verify(match/bug/late/unavail/toolna/cache/differ)=4/0/0/0/0/0/0 33s
OK gt(imp/impT/all)=16/17/31 err=0 verify(match/bug/late/unavail/toolna/cache/differ)=4/0/0/0/0/0/0 11s
OK gt(imp/impT/all)=4/10/22 err=0 verify(match/bug/late/unavail/toolna/cache/differ)=4/0/0/0/0/0/0 10s
OK gt(imp/impT/all)=5/5/44 err=0 verify(match/bug/late/unavail/toolna/cache/differ)=4/0/0/0/0/0/0 10s
OK gt(imp/impT/all)=1/1/5 err=0 verify(match/bug/late/unavail/toolna/cache/differ)=4/0/0/0/0/0/0 7s
OK gt(imp/impT/all)=2/7/12 err=0 verify(match/bug/late/unavail/toolna/cache/differ)=4/0/0/0/0/0/0 8s
OK gt(imp/impT/all)=11/11/31 err=0 verify(match/bug/late/unavail/toolna/cache/differ)=4/0/0/0/0/0/0 9s
OK gt(imp/impT/all)=38/38/65 err=0 verify(match/bug/late/unavail/toolna/cache/differ)=4/0/0/0/0/0/0 24s
OK gt(imp/impT/all)=22/23/54 err=0 verify(match/bug/late/unavail/toolna/cache/differ)=4/0/0/0/0/0/0 64s
OK gt(imp/impT/all)=12/12/39 err=0 verify(match/bug/late/unavail/toolna/cache/differ)=4/0/0/0/0/0/0 10s
# rerun2 開始 2026-08-05T14:59:13.972Z 対象=1528 (SHA未記録=1→SKIP) 上限=Infinity
# 7月に main を除外できていなかった repo（予測集合。この集合の repo のみ july_main_bug を許す）= 7 件: Lifailon__lazyjournal antonmedv__fx box-cli-maker__box-cli-maker dghubble__sling dtgorski__typex homedepot__flop naughtygopher__errors
# 7月側の記録が使えず比較できない repo（july_unavailable。ゲートは通すが verify.csv に残す）= 9 件: codemodus__catena dimuska139__rawg-sdk-go ggicci__httpin kubernetes__kubernetes mehrdadrad__tcpdog presbrey__ollamafarm rakyll__hey tendermint__tendermint zRedShift__mimemagic
# rerun2 開始 2026-08-05T14:59:13.975Z 対象=1528 (SHA未記録=1→SKIP) 上限=Infinity
# 7月に main を除外できていなかった repo（予測集合。この集合の repo のみ july_main_bug を許す）= 7 件: Lifailon__lazyjournal antonmedv__fx box-cli-maker__box-cli-maker dghubble__sling dtgorski__typex homedepot__flop naughtygopher__errors
# 7月側の記録が使えず比較できない repo（july_unavailable。ゲートは通すが verify.csv に残す）= 9 件: codemodus__catena dimuska139__rawg-sdk-go ggicci__httpin kubernetes__kubernetes mehrdadrad__tcpdog presbrey__ollamafarm rakyll__hey tendermint__tendermint zRedShift__mimemagic
# rerun2 開始 2026-08-05T14:59:13.989Z 対象=1528 (SHA未記録=1→SKIP) 上限=Infinity
# 7月に main を除外できていなかった repo（予測集合。この集合の repo のみ july_main_bug を許す）= 7 件: Lifailon__lazyjournal antonmedv__fx box-cli-maker__box-cli-maker dghubble__sling dtgorski__typex homedepot__flop naughtygopher__errors
# 7月側の記録が使えず比較できない repo（july_unavailable。ゲートは通すが verify.csv に残す）= 9 件: codemodus__catena dimuska139__rawg-sdk-go ggicci__httpin kubernetes__kubernetes mehrdadrad__tcpdog presbrey__ollamafarm rakyll__hey tendermint__tendermint zRedShift__mimemagic
SKIP(retryable/sha_fetch_failed)
OK gt(imp/impT/all)=107/109/219 err=0 verify(match/bug/late/unavail/toolna/cache/differ)=4/0/0/0/0/0/0 63s
OK gt(imp/impT/all)=201/206/413 err=0 verify(match/bug/late/unavail/toolna/cache/differ)=4/0/0/0/0/0/0 67s
OK gt(imp/impT/all)=16/20/27 err=0 verify(match/bug/late/unavail/toolna/cache/differ)=4/0/0/0/0/0/0 30s
OK gt(imp/impT/all)=6/6/7 err=0 verify(match/bug/late/unavail/toolna/cache/differ)=4/0/0/0/0/0/0 9s
  differ=1 → module cache を温めて取り直す
  再判定: cache_sensitive=0 differ=1
# ★ 未説明の differ=1 at hedhyw__otelinji [trivy] — 温め直しても7月を再現しなかった
# → STOP を作成し全ワーカーを停止する（未調査の再現失敗のため）
OK gt(imp/impT/all)=11/18/39 err=0 verify(match/bug/late/unavail/toolna/cache/differ)=3/0/0/0/0/0/1 18s
# STOP を検出したので停止する: unexplained differ=1 at hedhyw__otelinji [trivy] (2026-08-05T15:02:26.656Z) pid=20802

# 完了 処理=6 成功=894 SKIP=1
# 検証 match=19 july_main_bug=0 july_main_bug_late=0 july_unavailable=0 july_tool_na=0 cache_sensitive=0 differ=1
# ★ differ=1 — 報告のトリガー
# rerun2 開始 2026-08-05T15:04:43.811Z 対象=1528 (SHA未記録=1→SKIP) 上限=Infinity
# 7月に main を除外できていなかった repo（予測集合。この集合の repo のみ july_main_bug を許す）= 7 件: Lifailon__lazyjournal antonmedv__fx box-cli-maker__box-cli-maker dghubble__sling dtgorski__typex homedepot__flop naughtygopher__errors
# 7月側の記録が使えず比較できない repo（july_unavailable。ゲートは通すが verify.csv に残す）= 9 件: codemodus__catena dimuska139__rawg-sdk-go ggicci__httpin kubernetes__kubernetes mehrdadrad__tcpdog presbrey__ollamafarm rakyll__hey tendermint__tendermint zRedShift__mimemagic
# STOP を検出したので停止する: unexplained differ=1 at hedhyw__otelinji [trivy] (2026-08-05T15:02:26.656Z) pid=20802

# 完了 処理=0 成功=0 SKIP=0
# 検証 match=0 july_main_bug=0 july_main_bug_late=0 july_unavailable=0 july_tool_na=0 cache_sensitive=0 differ=0
# rerun2 開始 2026-08-05T15:05:08.656Z 対象=1528 (SHA未記録=1→SKIP) 上限=Infinity
# 7月に main を除外できていなかった repo（予測集合。この集合の repo のみ july_main_bug を許す）= 7 件: Lifailon__lazyjournal antonmedv__fx box-cli-maker__box-cli-maker dghubble__sling dtgorski__typex homedepot__flop naughtygopher__errors
# 7月側の記録が使えず比較できない repo（july_unavailable。ゲートは通すが verify.csv に残す）= 9 件: codemodus__catena dimuska139__rawg-sdk-go ggicci__httpin kubernetes__kubernetes mehrdadrad__tcpdog presbrey__ollamafarm rakyll__hey tendermint__tendermint zRedShift__mimemagic
# rerun2 開始 2026-08-05T15:05:08.672Z 対象=1528 (SHA未記録=1→SKIP) 上限=Infinity
# 7月に main を除外できていなかった repo（予測集合。この集合の repo のみ july_main_bug を許す）= 7 件: Lifailon__lazyjournal antonmedv__fx box-cli-maker__box-cli-maker dghubble__sling dtgorski__typex homedepot__flop naughtygopher__errors
# 7月側の記録が使えず比較できない repo（july_unavailable。ゲートは通すが verify.csv に残す）= 9 件: codemodus__catena dimuska139__rawg-sdk-go ggicci__httpin kubernetes__kubernetes mehrdadrad__tcpdog presbrey__ollamafarm rakyll__hey tendermint__tendermint zRedShift__mimemagic
# rerun2 開始 2026-08-05T15:05:08.678Z 対象=1528 (SHA未記録=1→SKIP) 上限=Infinity
# 7月に main を除外できていなかった repo（予測集合。この集合の repo のみ july_main_bug を許す）= 7 件: Lifailon__lazyjournal antonmedv__fx box-cli-maker__box-cli-maker dghubble__sling dtgorski__typex homedepot__flop naughtygopher__errors
# 7月側の記録が使えず比較できない repo（july_unavailable。ゲートは通すが verify.csv に残す）= 9 件: codemodus__catena dimuska139__rawg-sdk-go ggicci__httpin kubernetes__kubernetes mehrdadrad__tcpdog presbrey__ollamafarm rakyll__hey tendermint__tendermint zRedShift__mimemagic
OK gt(imp/impT/all)=2/2/14 err=0 verify(match/bug/late/unavail/toolna/cache/differ)=4/0/0/0/0/0/0 28s
OK gt(imp/impT/all)=4/9/16 err=0 verify(match/bug/late/unavail/toolna/cache/differ)=4/0/0/0/0/0/0 41s
OK gt(imp/impT/all)=36/40/221 err=0 verify(match/bug/late/unavail/toolna/cache/differ)=4/0/0/0/0/0/0 16s
OK gt(imp/impT/all)=16/16/172 err=0 verify(match/bug/late/unavail/toolna/cache/differ)=4/0/0/0/0/0/0 14s
OK gt(imp/impT/all)=10/11/28 err=0 verify(match/bug/late/unavail/toolna/cache/differ)=4/0/0/0/0/0/0 11s
OK gt(imp/impT/all)=1/7/11 err=0 verify(match/bug/late/unavail/toolna/cache/differ)=4/0/0/0/0/0/0 11s
OK gt(imp/impT/all)=6/8/12 err=0 verify(match/bug/late/unavail/toolna/cache/differ)=4/0/0/0/0/0/0 16s
OK gt(imp/impT/all)=1/1/1 err=0 verify(match/bug/late/unavail/toolna/cache/differ)=4/0/0/0/0/0/0 5s
OK gt(imp/impT/all)=4/4/11 err=0 verify(match/bug/late/unavail/toolna/cache/differ)=4/0/0/0/0/0/0 8s
OK gt(imp/impT/all)=8/12/16 err=0 verify(match/bug/late/unavail/toolna/cache/differ)=4/0/0/0/0/0/0 8s
OK gt(imp/impT/all)=135/139/337 err=0 verify(match/bug/late/unavail/toolna/cache/differ)=4/0/0/0/0/0/0 90s
OK gt(imp/impT/all)=14/18/38 err=0 verify(match/bug/late/unavail/toolna/cache/differ)=4/0/0/0/0/0/0 18s
OK gt(imp/impT/all)=14/14/52 err=0 verify(match/bug/late/unavail/toolna/cache/differ)=4/0/0/0/0/0/0 34s
OK gt(imp/impT/all)=2/2/3 err=0 verify(match/bug/late/unavail/toolna/cache/differ)=4/0/0/0/0/0/0 6s
OK gt(imp/impT/all)=14/18/37 err=0 verify(match/bug/late/unavail/toolna/cache/differ)=4/0/0/0/0/0/0 24s
OK gt(imp/impT/all)=107/107/361 err=0 verify(match/bug/late/unavail/toolna/cache/differ)=4/0/0/0/0/0/0 68s
OK gt(imp/impT/all)=129/130/379 err=0 verify(match/bug/late/unavail/toolna/cache/differ)=4/0/0/0/0/0/0 65s
OK gt(imp/impT/all)=39/40/85 err=0 verify(match/bug/late/unavail/toolna/cache/differ)=4/0/0/0/0/0/0 67s
OK gt(imp/impT/all)=1/1/1 err=0 verify(match/bug/late/unavail/toolna/cache/differ)=4/0/0/0/0/0/0 7s
OK gt(imp/impT/all)=217/222/801 err=0 verify(match/bug/late/unavail/toolna/cache/differ)=4/0/0/0/0/0/0 159s
OK gt(imp/impT/all)=204/208/630 err=0 verify(match/bug/late/unavail/toolna/cache/differ)=4/0/0/0/0/0/0 55s
OK gt(imp/impT/all)=17/17/33 err=0 verify(match/bug/late/unavail/toolna/cache/differ)=4/0/0/0/0/0/0 8s
OK gt(imp/impT/all)=2/2/5 err=0 verify(match/bug/late/unavail/toolna/cache/differ)=4/0/0/0/0/0/0 7s
OK gt(imp/impT/all)=111/113/385 err=0 verify(match/bug/late/unavail/toolna/cache/differ)=4/0/0/0/0/0/0 74s
OK gt(imp/impT/all)=17/18/119 err=0 verify(match/bug/late/unavail/toolna/cache/differ)=4/0/0/0/0/0/0 24s
OK gt(imp/impT/all)=38/61/229 err=0 verify(match/bug/late/unavail/toolna/cache/differ)=4/0/0/0/0/0/0 36s
OK gt(imp/impT/all)=1/7/264 err=0 verify(match/bug/late/unavail/toolna/cache/differ)=4/0/0/0/0/0/0 34s
OK gt(imp/impT/all)=37/42/67 err=0 verify(match/bug/late/unavail/toolna/cache/differ)=4/0/0/0/0/0/0 18s
OK gt(imp/impT/all)=2/6/8 err=0 verify(match/bug/late/unavail/toolna/cache/differ)=4/0/0/0/0/0/0 8s
OK gt(imp/impT/all)=51/55/154 err=0 verify(match/bug/late/unavail/toolna/cache/differ)=4/0/0/0/0/0/0 25s
OK gt(imp/impT/all)=5/5/8 err=0 verify(match/bug/late/unavail/toolna/cache/differ)=4/0/0/0/0/0/0 15s
OK gt(imp/impT/all)=19/25/94 err=0 verify(match/bug/late/unavail/toolna/cache/differ)=4/0/0/0/0/0/0 13s
OK gt(imp/impT/all)=15/19/64 err=0 verify(match/bug/late/unavail/toolna/cache/differ)=4/0/0/0/0/0/0 16s
OK gt(imp/impT/all)=7/11/19 err=0 verify(match/bug/late/unavail/toolna/cache/differ)=4/0/0/0/0/0/0 8s
OK gt(imp/impT/all)=92/92/308 err=0 verify(match/bug/late/unavail/toolna/cache/differ)=4/0/0/0/0/0/0 55s
OK gt(imp/impT/all)=5/6/18 err=0 verify(match/bug/late/unavail/toolna/cache/differ)=4/0/0/0/0/0/0 11s
OK gt(imp/impT/all)=1/1/5 err=0 verify(match/bug/late/unavail/toolna/cache/differ)=4/0/0/0/0/0/0 10s
OK gt(imp/impT/all)=5/11/79 err=0 verify(match/bug/late/unavail/toolna/cache/differ)=4/0/0/0/0/0/0 10s
OK gt(imp/impT/all)=1/1/6 err=0 verify(match/bug/late/unavail/toolna/cache/differ)=4/0/0/0/0/0/0 6s
OK gt(imp/impT/all)=32/38/91 err=0 verify(match/bug/late/unavail/toolna/cache/differ)=4/0/0/0/0/0/0 30s
OK gt(imp/impT/all)=73/73/240 err=0 verify(match/bug/late/unavail/toolna/cache/differ)=4/0/0/0/0/0/0 46s
OK gt(imp/impT/all)=37/43/73 err=0 verify(match/bug/late/unavail/toolna/cache/differ)=4/0/0/0/0/0/0 15s
OK gt(imp/impT/all)=13/13/51 err=0 verify(match/bug/late/unavail/toolna/cache/differ)=4/0/0/0/0/0/0 13s
OK gt(imp/impT/all)=37/41/85 err=0 verify(match/bug/late/unavail/toolna/cache/differ)=4/0/0/0/0/0/0 18s
OK gt(imp/impT/all)=5/5/6 err=0 verify(match/bug/late/unavail/toolna/cache/differ)=4/0/0/0/0/0/0 12s
OK gt(imp/impT/all)=3/3/12 err=0 verify(match/bug/late/unavail/toolna/cache/differ)=4/0/0/0/0/0/0 11s
OK gt(imp/impT/all)=60/60/97 err=0 verify(match/bug/late/unavail/toolna/cache/differ)=4/0/0/0/0/0/0 27s
OK gt(imp/impT/all)=30/30/68 err=0 verify(match/bug/late/unavail/toolna/cache/differ)=4/0/0/0/0/0/0 12s
OK gt(imp/impT/all)=7/11/16 err=0 verify(match/bug/late/unavail/toolna/cache/differ)=4/0/0/0/0/0/0 8s
OK gt(imp/impT/all)=19/23/199 err=0 verify(match/bug/late/unavail/toolna/cache/differ)=4/0/0/0/0/0/0 40s
OK gt(imp/impT/all)=48/48/324 err=0 verify(match/bug/late/unavail/toolna/cache/differ)=4/0/0/0/0/0/0 46s
OK gt(imp/impT/all)=7/20/27 err=0 verify(match/bug/late/unavail/toolna/cache/differ)=4/0/0/0/0/0/0 10s
OK gt(imp/impT/all)=25/27/178 err=0 verify(match/bug/late/unavail/toolna/cache/differ)=4/0/0/0/0/0/0 35s
OK gt(imp/impT/all)=16/22/93 err=0 verify(match/bug/late/unavail/toolna/cache/differ)=4/0/0/0/0/0/0 16s
OK gt(imp/impT/all)=1/6/10 err=0 verify(match/bug/late/unavail/toolna/cache/differ)=4/0/0/0/0/0/0 7s
OK gt(imp/impT/all)=25/67/170 err=0 verify(match/bug/late/unavail/toolna/cache/differ)=4/0/0/0/0/0/0 35s
OK gt(imp/impT/all)=32/32/58 err=0 verify(match/bug/late/unavail/toolna/cache/differ)=4/0/0/0/0/0/0 13s
OK gt(imp/impT/all)=24/24/81 err=0 verify(match/bug/late/unavail/toolna/cache/differ)=4/0/0/0/0/0/0 26s
OK gt(imp/impT/all)=8/8/17 err=0 verify(match/bug/late/unavail/toolna/cache/differ)=4/0/0/0/0/0/0 28s
OK gt(imp/impT/all)=42/42/71 err=0 verify(match/bug/late/unavail/toolna/cache/differ)=4/0/0/0/0/0/0 32s
OK gt(imp/impT/all)=1/1/1 err=0 verify(match/bug/late/unavail/toolna/cache/differ)=4/0/0/0/0/0/0 6s
OK gt(imp/impT/all)=1/1/1 err=0 verify(match/bug/late/unavail/toolna/cache/differ)=4/0/0/0/0/0/0 6s
OK gt(imp/impT/all)=13/13/30 err=0 verify(match/bug/late/unavail/toolna/cache/differ)=4/0/0/0/0/0/0 18s
# rerun2 開始 2026-08-06T01:20:34.384Z 対象=1528 (SHA未記録=1→SKIP) 上限=Infinity
# rerun2 開始 2026-08-06T01:20:34.385Z 対象=1528 (SHA未記録=1→SKIP) 上限=Infinity
# rerun2 開始 2026-08-06T01:20:34.384Z 対象=1528 (SHA未記録=1→SKIP) 上限=Infinity
# 7月に main を除外できていなかった repo（予測集合。この集合の repo のみ july_main_bug を許す）= 7 件: Lifailon__lazyjournal antonmedv__fx box-cli-maker__box-cli-maker dghubble__sling dtgorski__typex homedepot__flop naughtygopher__errors
# 7月側の記録が使えず比較できない repo（july_unavailable。ゲートは通すが verify.csv に残す）= 9 件: codemodus__catena dimuska139__rawg-sdk-go ggicci__httpin kubernetes__kubernetes mehrdadrad__tcpdog presbrey__ollamafarm rakyll__hey tendermint__tendermint zRedShift__mimemagic
# 7月に main を除外できていなかった repo（予測集合。この集合の repo のみ july_main_bug を許す）= 7 件: Lifailon__lazyjournal antonmedv__fx box-cli-maker__box-cli-maker dghubble__sling dtgorski__typex homedepot__flop naughtygopher__errors
# 7月側の記録が使えず比較できない repo（july_unavailable。ゲートは通すが verify.csv に残す）= 9 件: codemodus__catena dimuska139__rawg-sdk-go ggicci__httpin kubernetes__kubernetes mehrdadrad__tcpdog presbrey__ollamafarm rakyll__hey tendermint__tendermint zRedShift__mimemagic
# 7月に main を除外できていなかった repo（予測集合。この集合の repo のみ july_main_bug を許す）= 7 件: Lifailon__lazyjournal antonmedv__fx box-cli-maker__box-cli-maker dghubble__sling dtgorski__typex homedepot__flop naughtygopher__errors
# 7月側の記録が使えず比較できない repo（july_unavailable。ゲートは通すが verify.csv に残す）= 9 件: codemodus__catena dimuska139__rawg-sdk-go ggicci__httpin kubernetes__kubernetes mehrdadrad__tcpdog presbrey__ollamafarm rakyll__hey tendermint__tendermint zRedShift__mimemagic
SKIP(retryable/sha_fetch_failed)
SKIP(retryable/sha_fetch_failed)
SKIP(retryable/sha_fetch_failed)
OK gt(imp/impT/all)=11/18/25 err=0 verify(match/bug/late/unavail/toolna/cache/differ)=0/0/0/4/0/0/0 75s
OK gt(imp/impT/all)=10/12/17 err=0 verify(match/bug/late/unavail/toolna/cache/differ)=4/0/0/0/0/0/0 76s
OK gt(imp/impT/all)=21/21/41 err=0 verify(match/bug/late/unavail/toolna/cache/differ)=4/0/0/0/0/0/0 17s
OK gt(imp/impT/all)=48/48/77 err=0 verify(match/bug/late/unavail/toolna/cache/differ)=4/0/0/0/0/0/0 24s
OK gt(imp/impT/all)=12/16/26 err=0 verify(match/bug/late/unavail/toolna/cache/differ)=4/0/0/0/0/0/0 11s
OK gt(imp/impT/all)=3/7/12 err=0 verify(match/bug/late/unavail/toolna/cache/differ)=4/0/0/0/0/0/0 8s
OK gt(imp/impT/all)=6/10/19 err=0 verify(match/bug/late/unavail/toolna/cache/differ)=4/0/0/0/0/0/0 9s
OK gt(imp/impT/all)=2/6/13 err=0 verify(match/bug/late/unavail/toolna/cache/differ)=4/0/0/0/0/0/0 8s
OK gt(imp/impT/all)=166/169/471 err=0 verify(match/bug/late/unavail/toolna/cache/differ)=4/0/0/0/0/0/0 148s
OK gt(imp/impT/all)=45/47/106 err=0 verify(match/bug/late/unavail/toolna/cache/differ)=4/0/0/0/0/0/0 36s
OK gt(imp/impT/all)=1/4/10 err=0 verify(match/bug/late/unavail/toolna/cache/differ)=4/0/0/0/0/0/0 7s
OK gt(imp/impT/all)=8/8/20 err=0 verify(match/bug/late/unavail/toolna/cache/differ)=4/0/0/0/0/0/0 16s
OK gt(imp/impT/all)=30/34/114 err=0 verify(match/bug/late/unavail/toolna/cache/differ)=4/0/0/0/0/0/0 57s
OK gt(imp/impT/all)=10/18/29 err=0 verify(match/bug/late/unavail/toolna/cache/differ)=4/0/0/0/0/0/0 14s
OK gt(imp/impT/all)=6/6/18 err=0 verify(match/bug/late/unavail/toolna/cache/differ)=4/0/0/0/0/0/0 12s
OK gt(imp/impT/all)=2/2/5 err=0 verify(match/bug/late/unavail/toolna/cache/differ)=4/0/0/0/0/0/0 10s
OK gt(imp/impT/all)=84/85/160 err=0 verify(match/bug/late/unavail/toolna/cache/differ)=4/0/0/0/0/0/0 28s
OK gt(imp/impT/all)=3/3/12 err=0 verify(match/bug/late/unavail/toolna/cache/differ)=4/0/0/0/0/0/0 10s
OK gt(imp/impT/all)=2/5/6 err=0 verify(match/bug/late/unavail/toolna/cache/differ)=4/0/0/0/0/0/0 7s
OK gt(imp/impT/all)=9/12/112 err=0 verify(match/bug/late/unavail/toolna/cache/differ)=4/0/0/0/0/0/0 22s
OK gt(imp/impT/all)=4/4/7 err=0 verify(match/bug/late/unavail/toolna/cache/differ)=4/0/0/0/0/0/0 8s
OK gt(imp/impT/all)=1/1/1 err=0 verify(match/bug/late/unavail/toolna/cache/differ)=4/0/0/0/0/0/0 9s
OK gt(imp/impT/all)=2/2/12 err=0 verify(match/bug/late/unavail/toolna/cache/differ)=4/0/0/0/0/0/0 7s
OK gt(imp/impT/all)=111/111/553 err=0 verify(match/bug/late/unavail/toolna/cache/differ)=4/0/0/0/0/0/0 68s
OK gt(imp/impT/all)=1/5/7 err=0 verify(match/bug/late/unavail/toolna/cache/differ)=4/0/0/0/0/0/0 10s
OK gt(imp/impT/all)=12/12/149 err=0 verify(match/bug/late/unavail/toolna/cache/differ)=4/0/0/0/0/0/0 22s
OK gt(imp/impT/all)=8/9/18 err=0 verify(match/bug/late/unavail/toolna/cache/differ)=4/0/0/0/0/0/0 7s
OK gt(imp/impT/all)=16/33/113 err=0 verify(match/bug/late/unavail/toolna/cache/differ)=4/0/0/0/0/0/0 18s
OK gt(imp/impT/all)=31/35/51 err=0 verify(match/bug/late/unavail/toolna/cache/differ)=4/0/0/0/0/0/0 18s
OK gt(imp/impT/all)=8/8/18 err=0 verify(match/bug/late/unavail/toolna/cache/differ)=4/0/0/0/0/0/0 11s
OK gt(imp/impT/all)=2/7/9 err=0 verify(match/bug/late/unavail/toolna/cache/differ)=4/0/0/0/0/0/0 17s
OK gt(imp/impT/all)=75/79/388 err=0 verify(match/bug/late/unavail/toolna/cache/differ)=4/0/0/0/0/0/0 29s
OK gt(imp/impT/all)=1/1/1 err=0 verify(match/bug/late/unavail/toolna/cache/differ)=4/0/0/0/0/0/0 6s
OK gt(imp/impT/all)=3/4/5 err=0 verify(match/bug/late/unavail/toolna/cache/differ)=4/0/0/0/0/0/0 8s
OK gt(imp/impT/all)=5/6/10 err=0 verify(match/bug/late/unavail/toolna/cache/differ)=4/0/0/0/0/0/0 20s
OK gt(imp/impT/all)=34/39/65 err=0 verify(match/bug/late/unavail/toolna/cache/differ)=4/0/0/0/0/0/0 19s
OK gt(imp/impT/all)=148/151/344 err=0 verify(match/bug/late/unavail/toolna/cache/differ)=4/0/0/0/0/0/0 56s
OK gt(imp/impT/all)=5/5/9 err=0 verify(match/bug/late/unavail/toolna/cache/differ)=4/0/0/0/0/0/0 10s
OK gt(imp/impT/all)=7/11/54 err=0 verify(match/bug/late/unavail/toolna/cache/differ)=4/0/0/0/0/0/0 10s
OK gt(imp/impT/all)=1/4/5 err=0 verify(match/bug/late/unavail/toolna/cache/differ)=4/0/0/0/0/0/0 7s
OK gt(imp/impT/all)=1/5/13 err=0 verify(match/bug/late/unavail/toolna/cache/differ)=4/0/0/0/0/0/0 9s
OK gt(imp/impT/all)=1/7/18 err=0 verify(match/bug/late/unavail/toolna/cache/differ)=4/0/0/0/0/0/0 12s
OK gt(imp/impT/all)=2/5/7 err=0 verify(match/bug/late/unavail/toolna/cache/differ)=4/0/0/0/0/0/0 7s
OK gt(imp/impT/all)=2/2/6 err=0 verify(match/bug/late/unavail/toolna/cache/differ)=4/0/0/0/0/0/0 6s
OK gt(imp/impT/all)=71/80/355 err=0 verify(match/bug/late/unavail/toolna/cache/differ)=4/0/0/0/0/0/0 58s
OK gt(imp/impT/all)=4/4/6 err=0 verify(match/bug/late/unavail/toolna/cache/differ)=4/0/0/0/0/0/0 11s
OK gt(imp/impT/all)=1/4/6 err=0 verify(match/bug/late/unavail/toolna/cache/differ)=4/0/0/0/0/0/0 8s
OK gt(imp/impT/all)=30/35/52 err=0 verify(match/bug/late/unavail/toolna/cache/differ)=4/0/0/0/0/0/0 42s
OK gt(imp/impT/all)=42/47/492 err=0 verify(match/bug/late/unavail/toolna/cache/differ)=4/0/0/0/0/0/0 62s
OK gt(imp/impT/all)=76/80/175 err=0 verify(match/bug/late/unavail/toolna/cache/differ)=4/0/0/0/0/0/0 31s
# rerun2 開始 2026-08-06T01:30:17.118Z 対象=1528 (SHA未記録=1→SKIP) 上限=Infinity
# 7月に main を除外できていなかった repo（予測集合。この集合の repo のみ july_main_bug を許す）= 7 件: Lifailon__lazyjournal antonmedv__fx box-cli-maker__box-cli-maker dghubble__sling dtgorski__typex homedepot__flop naughtygopher__errors
# 7月側の記録が使えず比較できない repo（july_unavailable。ゲートは通すが verify.csv に残す）= 9 件: codemodus__catena dimuska139__rawg-sdk-go ggicci__httpin kubernetes__kubernetes mehrdadrad__tcpdog presbrey__ollamafarm rakyll__hey tendermint__tendermint zRedShift__mimemagic
# rerun2 開始 2026-08-06T01:30:17.124Z 対象=1528 (SHA未記録=1→SKIP) 上限=Infinity
# 7月に main を除外できていなかった repo（予測集合。この集合の repo のみ july_main_bug を許す）= 7 件: Lifailon__lazyjournal antonmedv__fx box-cli-maker__box-cli-maker dghubble__sling dtgorski__typex homedepot__flop naughtygopher__errors
# 7月側の記録が使えず比較できない repo（july_unavailable。ゲートは通すが verify.csv に残す）= 9 件: codemodus__catena dimuska139__rawg-sdk-go ggicci__httpin kubernetes__kubernetes mehrdadrad__tcpdog presbrey__ollamafarm rakyll__hey tendermint__tendermint zRedShift__mimemagic
# rerun2 開始 2026-08-06T01:30:17.129Z 対象=1528 (SHA未記録=1→SKIP) 上限=Infinity
# 7月に main を除外できていなかった repo（予測集合。この集合の repo のみ july_main_bug を許す）= 7 件: Lifailon__lazyjournal antonmedv__fx box-cli-maker__box-cli-maker dghubble__sling dtgorski__typex homedepot__flop naughtygopher__errors
# 7月側の記録が使えず比較できない repo（july_unavailable。ゲートは通すが verify.csv に残す）= 9 件: codemodus__catena dimuska139__rawg-sdk-go ggicci__httpin kubernetes__kubernetes mehrdadrad__tcpdog presbrey__ollamafarm rakyll__hey tendermint__tendermint zRedShift__mimemagic
SKIP(retryable/sha_fetch_failed)
SKIP(retryable/sha_fetch_failed)
OK gt(imp/impT/all)=5/5/6 err=0 verify(match/bug/late/unavail/toolna/cache/differ)=4/0/0/0/0/0/0 10s
OK gt(imp/impT/all)=2/2/2 err=0 verify(match/bug/late/unavail/toolna/cache/differ)=4/0/0/0/0/0/0 7s
OK gt(imp/impT/all)=2/5/6 err=0 verify(match/bug/late/unavail/toolna/cache/differ)=4/0/0/0/0/0/0 8s
OK gt(imp/impT/all)=38/44/278 err=0 verify(match/bug/late/unavail/toolna/cache/differ)=4/0/0/0/0/0/0 26s
OK gt(imp/impT/all)=4/4/6 err=0 verify(match/bug/late/unavail/toolna/cache/differ)=4/0/0/0/0/0/0 10s
OK gt(imp/impT/all)=7/7/13 err=0 verify(match/bug/late/unavail/toolna/cache/differ)=4/0/0/0/0/0/0 13s
OK gt(imp/impT/all)=8/9/14 err=0 verify(match/bug/late/unavail/toolna/cache/differ)=4/0/0/0/0/0/0 12s
OK gt(imp/impT/all)=11/15/30 err=0 verify(match/bug/late/unavail/toolna/cache/differ)=4/0/0/0/0/0/0 9s
OK gt(imp/impT/all)=4/8/8 err=0 verify(match/bug/late/unavail/toolna/cache/differ)=4/0/0/0/0/0/0 8s
OK gt(imp/impT/all)=10/10/14 err=0 verify(match/bug/late/unavail/toolna/cache/differ)=4/0/0/0/0/0/0 11s
OK gt(imp/impT/all)=1/1/1 err=0 verify(match/bug/late/unavail/toolna/cache/differ)=4/0/0/0/0/0/0 9s
OK gt(imp/impT/all)=2/7/9 err=0 verify(match/bug/late/unavail/toolna/cache/differ)=4/0/0/0/0/0/0 7s
OK gt(imp/impT/all)=2/2/4 err=0 verify(match/bug/late/unavail/toolna/cache/differ)=4/0/0/0/0/0/0 8s
OK gt(imp/impT/all)=3/6/8 err=0 verify(match/bug/late/unavail/toolna/cache/differ)=4/0/0/0/0/0/0 6s
OK gt(imp/impT/all)=3/3/9 err=0 verify(match/bug/late/unavail/toolna/cache/differ)=4/0/0/0/0/0/0 9s
OK gt(imp/impT/all)=5/16/25 err=0 verify(match/bug/late/unavail/toolna/cache/differ)=4/0/0/0/0/0/0 9s
OK gt(imp/impT/all)=64/64/303 err=0 verify(match/bug/late/unavail/toolna/cache/differ)=4/0/0/0/0/0/0 69s
OK gt(imp/impT/all)=10/10/70 err=0 verify(match/bug/late/unavail/toolna/cache/differ)=4/0/0/0/0/0/0 29s
OK gt(imp/impT/all)=4/7/9 err=0 verify(match/bug/late/unavail/toolna/cache/differ)=4/0/0/0/0/0/0 8s
OK gt(imp/impT/all)=129/162/309 err=0 verify(match/bug/late/unavail/toolna/cache/differ)=4/0/0/0/0/0/0 61s
OK gt(imp/impT/all)=2/2/4 err=0 verify(match/bug/late/unavail/toolna/cache/differ)=4/0/0/0/0/0/0 8s
OK gt(imp/impT/all)=299/334/883 err=0 verify(match/bug/late/unavail/toolna/cache/differ)=4/0/0/0/0/0/0 194s
OK gt(imp/impT/all)=11/11/29 err=0 verify(match/bug/late/unavail/toolna/cache/differ)=4/0/0/0/0/0/0 24s
OK gt(imp/impT/all)=8/8/15 err=0 verify(match/bug/late/unavail/toolna/cache/differ)=4/0/0/0/0/0/0 14s
OK gt(imp/impT/all)=44/49/176 err=0 verify(match/bug/late/unavail/toolna/cache/differ)=4/0/0/0/0/0/0 55s
OK gt(imp/impT/all)=1/1/1 err=0 verify(match/bug/late/unavail/toolna/cache/differ)=4/0/0/0/0/0/0 12s
OK gt(imp/impT/all)=21/21/34 err=0 verify(match/bug/late/unavail/toolna/cache/differ)=4/0/0/0/0/0/0 27s
OK gt(imp/impT/all)=7/7/12 err=0 verify(match/bug/late/unavail/toolna/cache/differ)=4/0/0/0/0/0/0 14s
OK gt(imp/impT/all)=17/21/45 err=0 verify(match/bug/late/unavail/toolna/cache/differ)=4/0/0/0/0/0/0 22s
OK gt(imp/impT/all)=23/23/48 err=0 verify(match/bug/late/unavail/toolna/cache/differ)=4/0/0/0/0/0/0 15s
OK gt(imp/impT/all)=29/37/68 err=0 verify(match/bug/late/unavail/toolna/cache/differ)=4/0/0/0/0/0/0 17s
OK gt(imp/impT/all)=1/6/16 err=0 verify(match/bug/late/unavail/toolna/cache/differ)=4/0/0/0/0/0/0 8s
OK gt(imp/impT/all)=115/115/388 err=0 verify(match/bug/late/unavail/toolna/cache/differ)=4/0/0/0/0/0/0 107s
OK gt(imp/impT/all)=45/48/197 err=0 verify(match/bug/late/unavail/toolna/cache/differ)=4/0/0/0/0/0/0 41s
OK gt(imp/impT/all)=2/2/12 err=0 verify(match/bug/late/unavail/toolna/cache/differ)=4/0/0/0/0/0/0 10s
OK gt(imp/impT/all)=274/279/806 err=0 verify(match/bug/late/unavail/toolna/cache/differ)=4/0/0/0/0/0/0 167s
OK gt(imp/impT/all)=2/2/2 err=0 verify(match/bug/late/unavail/toolna/cache/differ)=4/0/0/0/0/0/0 7s
OK gt(imp/impT/all)=1/1/1 err=0 verify(match/bug/late/unavail/toolna/cache/differ)=4/0/0/0/0/0/0 8s
OK gt(imp/impT/all)=7/7/12 err=0 verify(match/bug/late/unavail/toolna/cache/differ)=4/0/0/0/0/0/0 11s
OK gt(imp/impT/all)=36/36/340 err=0 verify(match/bug/late/unavail/toolna/cache/differ)=4/0/0/0/0/0/0 52s
OK gt(imp/impT/all)=17/21/27 err=0 verify(match/bug/late/unavail/toolna/cache/differ)=4/0/0/0/0/0/0 9s
OK gt(imp/impT/all)=6/10/12 err=0 verify(match/bug/late/unavail/toolna/cache/differ)=4/0/0/0/0/0/0 11s
OK gt(imp/impT/all)=6/10/12 err=0 verify(match/bug/late/unavail/toolna/cache/differ)=4/0/0/0/0/0/0 10s
OK gt(imp/impT/all)=17/18/30 err=0 verify(match/bug/late/unavail/toolna/cache/differ)=4/0/0/0/0/0/0 10s
OK gt(imp/impT/all)=1/5/7 err=0 verify(match/bug/late/unavail/toolna/cache/differ)=4/0/0/0/0/0/0 10s
OK gt(imp/impT/all)=41/41/172 err=0 verify(match/bug/late/unavail/toolna/cache/differ)=4/0/0/0/0/0/0 37s
OK gt(imp/impT/all)=61/65/431 err=0 verify(match/bug/late/unavail/toolna/cache/differ)=4/0/0/0/0/0/0 63s
OK gt(imp/impT/all)=81/86/825 err=0 verify(match/bug/late/unavail/toolna/cache/differ)=4/0/0/0/0/0/0 129s
OK gt(imp/impT/all)=3/7/10 err=0 verify(match/bug/late/unavail/toolna/cache/differ)=4/0/0/0/0/0/0 8s
OK gt(imp/impT/all)=1/2/3 err=0 verify(match/bug/late/unavail/toolna/cache/differ)=4/0/0/0/0/0/0 6s
OK gt(imp/impT/all)=7/8/15 err=0 verify(match/bug/late/unavail/toolna/cache/differ)=4/0/0/0/0/0/0 9s
OK gt(imp/impT/all)=28/31/74 err=0 verify(match/bug/late/unavail/toolna/cache/differ)=4/0/0/0/0/0/0 21s
OK gt(imp/impT/all)=73/75/275 err=0 verify(match/bug/late/unavail/toolna/cache/differ)=4/0/0/0/0/0/0 63s
OK gt(imp/impT/all)=3/3/3 err=0 verify(match/bug/late/unavail/toolna/cache/differ)=4/0/0/0/0/0/0 7s
OK gt(imp/impT/all)=63/66/164 err=0 verify(match/bug/late/unavail/toolna/cache/differ)=4/0/0/0/0/0/0 33s
OK gt(imp/impT/all)=4/4/12 err=0 verify(match/bug/late/unavail/toolna/cache/differ)=4/0/0/0/0/0/0 32s
# rerun2 開始 2026-08-06T02:03:23.661Z 対象=1528 (SHA未記録=1→SKIP) 上限=Infinity
# rerun2 開始 2026-08-06T02:03:23.659Z 対象=1528 (SHA未記録=1→SKIP) 上限=Infinity
# rerun2 開始 2026-08-06T02:03:23.652Z 対象=1528 (SHA未記録=1→SKIP) 上限=Infinity
# 7月に main を除外できていなかった repo（予測集合。この集合の repo のみ july_main_bug を許す）= 7 件: Lifailon__lazyjournal antonmedv__fx box-cli-maker__box-cli-maker dghubble__sling dtgorski__typex homedepot__flop naughtygopher__errors
# 7月側の記録が使えず比較できない repo（july_unavailable。ゲートは通すが verify.csv に残す）= 9 件: codemodus__catena dimuska139__rawg-sdk-go ggicci__httpin kubernetes__kubernetes mehrdadrad__tcpdog presbrey__ollamafarm rakyll__hey tendermint__tendermint zRedShift__mimemagic
# 7月に main を除外できていなかった repo（予測集合。この集合の repo のみ july_main_bug を許す）= 7 件: Lifailon__lazyjournal antonmedv__fx box-cli-maker__box-cli-maker dghubble__sling dtgorski__typex homedepot__flop naughtygopher__errors
# 7月に main を除外できていなかった repo（予測集合。この集合の repo のみ july_main_bug を許す）= 7 件: Lifailon__lazyjournal antonmedv__fx box-cli-maker__box-cli-maker dghubble__sling dtgorski__typex homedepot__flop naughtygopher__errors
# 7月側の記録が使えず比較できない repo（july_unavailable。ゲートは通すが verify.csv に残す）= 9 件: codemodus__catena dimuska139__rawg-sdk-go ggicci__httpin kubernetes__kubernetes mehrdadrad__tcpdog presbrey__ollamafarm rakyll__hey tendermint__tendermint zRedShift__mimemagic
# 7月側の記録が使えず比較できない repo（july_unavailable。ゲートは通すが verify.csv に残す）= 9 件: codemodus__catena dimuska139__rawg-sdk-go ggicci__httpin kubernetes__kubernetes mehrdadrad__tcpdog presbrey__ollamafarm rakyll__hey tendermint__tendermint zRedShift__mimemagic
SKIP(retryable/sha_fetch_failed)
SKIP(retryable/sha_fetch_failed)
SKIP(retryable/sha_fetch_failed)
OK gt(imp/impT/all)=2/7/13 err=0 verify(match/bug/late/unavail/toolna/cache/differ)=4/0/0/0/0/0/0 41s
OK gt(imp/impT/all)=1/6/37 err=0 verify(match/bug/late/unavail/toolna/cache/differ)=4/0/0/0/0/0/0 43s
OK gt(imp/impT/all)=15/20/64 err=0 verify(match/bug/late/unavail/toolna/cache/differ)=4/0/0/0/0/0/0 45s
OK gt(imp/impT/all)=2/2/4 err=0 verify(match/bug/late/unavail/toolna/cache/differ)=4/0/0/0/0/0/0 7s
OK gt(imp/impT/all)=1/4/10 err=0 verify(match/bug/late/unavail/toolna/cache/differ)=4/0/0/0/0/0/0 7s
OK gt(imp/impT/all)=6/7/14 err=0 verify(match/bug/late/unavail/toolna/cache/differ)=4/0/0/0/0/0/0 7s
OK gt(imp/impT/all)=1/2/3 err=0 verify(match/bug/late/unavail/toolna/cache/differ)=4/0/0/0/0/0/0 6s
OK gt(imp/impT/all)=6/7/8 err=0 verify(match/bug/late/unavail/toolna/cache/differ)=4/0/0/0/0/0/0 6s
OK gt(imp/impT/all)=20/20/33 err=0 verify(match/bug/late/unavail/toolna/cache/differ)=4/0/0/0/0/0/0 12s
OK gt(imp/impT/all)=13/18/26 err=0 verify(match/bug/late/unavail/toolna/cache/differ)=4/0/0/0/0/0/0 15s
OK gt(imp/impT/all)=1/6/8 err=0 verify(match/bug/late/unavail/toolna/cache/differ)=4/0/0/0/0/0/0 9s
OK gt(imp/impT/all)=37/42/71 err=0 verify(match/bug/late/unavail/toolna/cache/differ)=4/0/0/0/0/0/0 23s
OK gt(imp/impT/all)=89/89/151 err=0 verify(match/bug/late/unavail/toolna/cache/differ)=4/0/0/0/0/0/0 29s
OK gt(imp/impT/all)=91/91/203 err=0 verify(match/bug/late/unavail/toolna/cache/differ)=4/0/0/0/0/0/0 39s
OK gt(imp/impT/all)=15/16/32 err=0 verify(match/bug/late/unavail/toolna/cache/differ)=4/0/0/0/0/0/0 21s
OK gt(imp/impT/all)=1/1/1 err=0 verify(match/bug/late/unavail/toolna/cache/differ)=4/0/0/0/0/0/0 7s
OK gt(imp/impT/all)=3/6/23 err=0 verify(match/bug/late/unavail/toolna/cache/differ)=4/0/0/0/0/0/0 18s
OK gt(imp/impT/all)=38/38/98 err=0 verify(match/bug/late/unavail/toolna/cache/differ)=4/0/0/0/0/0/0 28s
OK gt(imp/impT/all)=1/1/1 err=0 verify(match/bug/late/unavail/toolna/cache/differ)=4/0/0/0/0/0/0 6s
OK gt(imp/impT/all)=1/6/87 err=0 verify(match/bug/late/unavail/toolna/cache/differ)=4/0/0/0/0/0/0 23s
OK gt(imp/impT/all)=30/31/96 err=0 verify(match/bug/late/unavail/toolna/cache/differ)=4/0/0/0/0/0/0 20s
OK gt(imp/impT/all)=16/17/246 err=0 verify(match/bug/late/unavail/toolna/cache/differ)=4/0/0/0/0/0/0 33s
OK gt(imp/impT/all)=87/92/238 err=0 verify(match/bug/late/unavail/toolna/cache/differ)=4/0/0/0/0/0/0 30s
OK gt(imp/impT/all)=15/18/175 err=0 verify(match/bug/late/unavail/toolna/cache/differ)=4/0/0/0/0/0/0 11s
OK gt(imp/impT/all)=7/8/12 err=0 verify(match/bug/late/unavail/toolna/cache/differ)=4/0/0/0/0/0/0 12s
OK gt(imp/impT/all)=36/39/70 err=0 verify(match/bug/late/unavail/toolna/cache/differ)=4/0/0/0/0/0/0 15s
OK gt(imp/impT/all)=9/13/24 err=0 verify(match/bug/late/unavail/toolna/cache/differ)=4/0/0/0/0/0/0 12s
OK gt(imp/impT/all)=3/3/10 err=0 verify(match/bug/late/unavail/toolna/cache/differ)=4/0/0/0/0/0/0 6s
OK gt(imp/impT/all)=129/129/350 err=0 verify(match/bug/late/unavail/toolna/cache/differ)=4/0/0/0/0/0/0 67s
OK gt(imp/impT/all)=6/6/12 err=0 verify(match/bug/late/unavail/toolna/cache/differ)=4/0/0/0/0/0/0 12s
OK gt(imp/impT/all)=3/7/15 err=0 verify(match/bug/late/unavail/toolna/cache/differ)=4/0/0/0/0/0/0 14s
OK gt(imp/impT/all)=9/12/23 err=0 verify(match/bug/late/unavail/toolna/cache/differ)=4/0/0/0/0/0/0 10s
OK gt(imp/impT/all)=20/30/70 err=0 verify(match/bug/late/unavail/toolna/cache/differ)=4/0/0/0/0/0/0 20s
OK gt(imp/impT/all)=1/1/1 err=0 verify(match/bug/late/unavail/toolna/cache/differ)=4/0/0/0/0/0/0 5s
OK gt(imp/impT/all)=1/5/7 err=0 verify(match/bug/late/unavail/toolna/cache/differ)=4/0/0/0/0/0/0 6s
OK gt(imp/impT/all)=3/3/14 err=0 verify(match/bug/late/unavail/toolna/cache/differ)=4/0/0/0/0/0/0 11s
OK gt(imp/impT/all)=133/133/331 err=0 verify(match/bug/late/unavail/toolna/cache/differ)=4/0/0/0/0/0/0 63s
OK gt(imp/impT/all)=88/89/162 err=0 verify(match/bug/late/unavail/toolna/cache/differ)=4/0/0/0/0/0/0 51s
OK gt(imp/impT/all)=78/92/227 err=0 verify(match/bug/late/unavail/toolna/cache/differ)=4/0/0/0/0/0/0 72s
OK gt(imp/impT/all)=302/309/730 err=0 verify(match/bug/late/unavail/toolna/cache/differ)=4/0/0/0/0/0/0 124s
OK gt(imp/impT/all)=65/77/692 err=0 verify(match/bug/late/unavail/toolna/cache/differ)=0/0/0/4/0/0/0 80s
OK gt(imp/impT/all)=18/18/33 err=0 verify(match/bug/late/unavail/toolna/cache/differ)=4/0/0/0/0/0/0 11s
OK gt(imp/impT/all)=1/1/2 err=0 verify(match/bug/late/unavail/toolna/cache/differ)=4/0/0/0/0/0/0 6s
OK gt(imp/impT/all)=2/3/10 err=0 verify(match/bug/late/unavail/toolna/cache/differ)=4/0/0/0/0/0/0 20s
OK gt(imp/impT/all)=101/105/541 err=0 verify(match/bug/late/unavail/toolna/cache/differ)=4/0/0/0/0/0/0 77s
OK gt(imp/impT/all)=7/7/13 err=0 verify(match/bug/late/unavail/toolna/cache/differ)=4/0/0/0/0/0/0 8s
OK gt(imp/impT/all)=5/9/10 err=0 verify(match/bug/late/unavail/toolna/cache/differ)=4/0/0/0/0/0/0 6s
OK gt(imp/impT/all)=2/6/12 err=0 verify(match/bug/late/unavail/toolna/cache/differ)=4/0/0/0/0/0/0 5s
OK gt(imp/impT/all)=5/5/15 err=0 verify(match/bug/late/unavail/toolna/cache/differ)=4/0/0/0/0/0/0 9s
OK gt(imp/impT/all)=4/8/14 err=0 verify(match/bug/late/unavail/toolna/cache/differ)=4/0/0/0/0/0/0 11s
OK gt(imp/impT/all)=55/65/560 err=0 verify(match/bug/late/unavail/toolna/cache/differ)=4/0/0/0/0/0/0 72s
OK gt(imp/impT/all)=2/6/14 err=0 verify(match/bug/late/unavail/toolna/cache/differ)=4/0/0/0/0/0/0 9s
OK gt(imp/impT/all)=4/5/5 err=0 verify(match/bug/late/unavail/toolna/cache/differ)=4/0/0/0/0/0/0 8s
OK gt(imp/impT/all)=16/18/91 err=0 verify(match/bug/late/unavail/toolna/cache/differ)=4/0/0/0/0/0/0 27s
OK gt(imp/impT/all)=14/14/18 err=0 verify(match/bug/late/unavail/toolna/cache/differ)=4/0/0/0/0/0/0 33s
OK gt(imp/impT/all)=5/6/39 err=0 verify(match/bug/late/unavail/toolna/cache/differ)=4/0/0/0/0/0/0 13s
OK gt(imp/impT/all)=1/5/7 err=0 verify(match/bug/late/unavail/toolna/cache/differ)=4/0/0/0/0/0/0 6s
OK gt(imp/impT/all)=24/24/37 err=0 verify(match/bug/late/unavail/toolna/cache/differ)=4/0/0/0/0/0/0 9s
OK gt(imp/impT/all)=280/285/825 err=0 verify(match/bug/late/unavail/toolna/cache/differ)=4/0/0/0/0/0/0 96s
OK gt(imp/impT/all)=11/15/25 err=0 verify(match/bug/late/unavail/toolna/cache/differ)=4/0/0/0/0/0/0 21s
OK gt(imp/impT/all)=14/20/68 err=0 verify(match/bug/late/unavail/toolna/cache/differ)=4/0/0/0/0/0/0 18s
# rerun2 開始 2026-08-06T02:13:04.114Z 対象=1528 (SHA未記録=1→SKIP) 上限=Infinity
# 7月に main を除外できていなかった repo（予測集合。この集合の repo のみ july_main_bug を許す）= 7 件: Lifailon__lazyjournal antonmedv__fx box-cli-maker__box-cli-maker dghubble__sling dtgorski__typex homedepot__flop naughtygopher__errors
# 7月側の記録が使えず比較できない repo（july_unavailable。ゲートは通すが verify.csv に残す）= 9 件: codemodus__catena dimuska139__rawg-sdk-go ggicci__httpin kubernetes__kubernetes mehrdadrad__tcpdog presbrey__ollamafarm rakyll__hey tendermint__tendermint zRedShift__mimemagic
# rerun2 開始 2026-08-06T02:13:04.140Z 対象=1528 (SHA未記録=1→SKIP) 上限=Infinity
# 7月に main を除外できていなかった repo（予測集合。この集合の repo のみ july_main_bug を許す）= 7 件: Lifailon__lazyjournal antonmedv__fx box-cli-maker__box-cli-maker dghubble__sling dtgorski__typex homedepot__flop naughtygopher__errors
# 7月側の記録が使えず比較できない repo（july_unavailable。ゲートは通すが verify.csv に残す）= 9 件: codemodus__catena dimuska139__rawg-sdk-go ggicci__httpin kubernetes__kubernetes mehrdadrad__tcpdog presbrey__ollamafarm rakyll__hey tendermint__tendermint zRedShift__mimemagic
# rerun2 開始 2026-08-06T02:13:04.141Z 対象=1528 (SHA未記録=1→SKIP) 上限=Infinity
# 7月に main を除外できていなかった repo（予測集合。この集合の repo のみ july_main_bug を許す）= 7 件: Lifailon__lazyjournal antonmedv__fx box-cli-maker__box-cli-maker dghubble__sling dtgorski__typex homedepot__flop naughtygopher__errors
# 7月側の記録が使えず比較できない repo（july_unavailable。ゲートは通すが verify.csv に残す）= 9 件: codemodus__catena dimuska139__rawg-sdk-go ggicci__httpin kubernetes__kubernetes mehrdadrad__tcpdog presbrey__ollamafarm rakyll__hey tendermint__tendermint zRedShift__mimemagic
OK gt(imp/impT/all)=2/14/172 err=0 verify(match/bug/late/unavail/toolna/cache/differ)=4/0/0/0/0/0/0 9s
OK gt(imp/impT/all)=1/4/6 err=0 verify(match/bug/late/unavail/toolna/cache/differ)=4/0/0/0/0/0/0 7s
OK gt(imp/impT/all)=39/42/78 err=0 verify(match/bug/late/unavail/toolna/cache/differ)=4/0/0/0/0/0/0 18s
OK gt(imp/impT/all)=46/46/246 err=0 verify(match/bug/late/unavail/toolna/cache/differ)=4/0/0/0/0/0/0 15s
OK gt(imp/impT/all)=91/93/440 err=0 verify(match/bug/late/unavail/toolna/cache/differ)=4/0/0/0/0/0/0 61s
OK gt(imp/impT/all)=1/2/2 err=0 verify(match/bug/late/unavail/toolna/cache/differ)=4/0/0/0/0/0/0 5s
OK gt(imp/impT/all)=17/22/29 err=0 verify(match/bug/late/unavail/toolna/cache/differ)=4/0/0/0/0/0/0 12s
OK gt(imp/impT/all)=56/56/115 err=0 verify(match/bug/late/unavail/toolna/cache/differ)=4/0/0/0/0/0/0 28s
OK gt(imp/impT/all)=9/9/16 err=0 verify(match/bug/late/unavail/toolna/cache/differ)=4/0/0/0/0/0/0 8s
OK gt(imp/impT/all)=28/30/58 err=0 verify(match/bug/late/unavail/toolna/cache/differ)=4/0/0/0/0/0/0 13s
OK gt(imp/impT/all)=49/53/87 err=0 verify(match/bug/late/unavail/toolna/cache/differ)=4/0/0/0/0/0/0 23s
OK gt(imp/impT/all)=29/31/64 err=0 verify(match/bug/late/unavail/toolna/cache/differ)=4/0/0/0/0/0/0 16s
  differ=1 → module cache を温めて取り直す
OK gt(imp/impT/all)=52/55/93 err=0 verify(match/bug/late/unavail/toolna/cache/differ)=4/0/0/0/0/0/0 17s
  再判定: cache_sensitive=0 differ=1
# ★ 未説明の differ=1 at cybergarage__go-job [syft] — 温め直しても7月を再現しなかった
# → STOP を作成し全ワーカーを停止する（未調査の再現失敗のため）
OK gt(imp/impT/all)=48/48/137 err=0 verify(match/bug/late/unavail/toolna/cache/differ)=3/0/0/0/0/0/1 41s
# STOP を検出したので停止する: unexplained differ=1 at cybergarage__go-job [syft] (2026-08-06T02:15:28.293Z) pid=19989

# 完了 処理=7 成功=1137 SKIP=0
# 検証 match=27 july_main_bug=0 july_main_bug_late=0 july_unavailable=0 july_tool_na=0 cache_sensitive=0 differ=1
# ★ differ=1 — 報告のトリガー
OK gt(imp/impT/all)=120/125/222 err=0 verify(match/bug/late/unavail/toolna/cache/differ)=4/0/0/0/0/0/0 35s
# STOP を検出したので停止する: unexplained differ=1 at cybergarage__go-job [syft] (2026-08-06T02:15:28.293Z) pid=19989

# 完了 処理=8 成功=1139 SKIP=0
# 検証 match=32 july_main_bug=0 july_main_bug_late=0 july_unavailable=0 july_tool_na=0 cache_sensitive=0 differ=0
# rerun2 開始 2026-08-06T02:19:12.448Z 対象=1528 (SHA未記録=1→SKIP) 上限=Infinity
# 7月に main を除外できていなかった repo（予測集合。この集合の repo のみ july_main_bug を許す）= 7 件: Lifailon__lazyjournal antonmedv__fx box-cli-maker__box-cli-maker dghubble__sling dtgorski__typex homedepot__flop naughtygopher__errors
# 7月側の記録が使えず比較できない repo（july_unavailable。ゲートは通すが verify.csv に残す）= 9 件: codemodus__catena dimuska139__rawg-sdk-go ggicci__httpin kubernetes__kubernetes mehrdadrad__tcpdog presbrey__ollamafarm rakyll__hey tendermint__tendermint zRedShift__mimemagic
# rerun2 開始 2026-08-06T02:19:12.450Z 対象=1528 (SHA未記録=1→SKIP) 上限=Infinity
# 7月に main を除外できていなかった repo（予測集合。この集合の repo のみ july_main_bug を許す）= 7 件: Lifailon__lazyjournal antonmedv__fx box-cli-maker__box-cli-maker dghubble__sling dtgorski__typex homedepot__flop naughtygopher__errors
# 7月側の記録が使えず比較できない repo（july_unavailable。ゲートは通すが verify.csv に残す）= 9 件: codemodus__catena dimuska139__rawg-sdk-go ggicci__httpin kubernetes__kubernetes mehrdadrad__tcpdog presbrey__ollamafarm rakyll__hey tendermint__tendermint zRedShift__mimemagic
# rerun2 開始 2026-08-06T02:19:12.453Z 対象=1528 (SHA未記録=1→SKIP) 上限=Infinity
# 7月に main を除外できていなかった repo（予測集合。この集合の repo のみ july_main_bug を許す）= 7 件: Lifailon__lazyjournal antonmedv__fx box-cli-maker__box-cli-maker dghubble__sling dtgorski__typex homedepot__flop naughtygopher__errors
# 7月側の記録が使えず比較できない repo（july_unavailable。ゲートは通すが verify.csv に残す）= 9 件: codemodus__catena dimuska139__rawg-sdk-go ggicci__httpin kubernetes__kubernetes mehrdadrad__tcpdog presbrey__ollamafarm rakyll__hey tendermint__tendermint zRedShift__mimemagic
OK gt(imp/impT/all)=7/7/18 err=0 verify(match/bug/late/unavail/toolna/cache/differ)=4/0/0/0/0/0/0 8s
OK gt(imp/impT/all)=7/8/14 err=0 verify(match/bug/late/unavail/toolna/cache/differ)=4/0/0/0/0/0/0 9s
OK gt(imp/impT/all)=10/10/105 err=0 verify(match/bug/late/unavail/toolna/cache/differ)=4/0/0/0/0/0/0 12s
OK gt(imp/impT/all)=9/14/20 err=0 verify(match/bug/late/unavail/toolna/cache/differ)=4/0/0/0/0/0/0 8s
OK gt(imp/impT/all)=3/3/11 err=0 verify(match/bug/late/unavail/toolna/cache/differ)=4/0/0/0/0/0/0 13s
OK gt(imp/impT/all)=11/11/19 err=0 verify(match/bug/late/unavail/toolna/cache/differ)=4/0/0/0/0/0/0 8s
OK gt(imp/impT/all)=43/48/90 err=0 verify(match/bug/late/unavail/toolna/cache/differ)=4/0/0/0/0/0/0 17s
OK gt(imp/impT/all)=1/1/5 err=0 verify(match/bug/late/unavail/toolna/cache/differ)=4/0/0/0/0/0/0 10s
OK gt(imp/impT/all)=4/52/121 err=0 verify(match/bug/late/unavail/toolna/cache/differ)=4/0/0/0/0/0/0 23s
OK gt(imp/impT/all)=26/26/284 err=0 verify(match/bug/late/unavail/toolna/cache/differ)=4/0/0/0/0/0/0 21s
OK gt(imp/impT/all)=1/2/2 err=0 verify(match/bug/late/unavail/toolna/cache/differ)=4/0/0/0/0/0/0 8s
OK gt(imp/impT/all)=201/201/537 err=0 verify(match/bug/late/unavail/toolna/cache/differ)=4/0/0/0/0/0/0 46s
OK gt(imp/impT/all)=2/2/2 err=0 verify(match/bug/late/unavail/toolna/cache/differ)=4/0/0/0/0/0/0 17s
OK gt(imp/impT/all)=2/2/8 err=0 verify(match/bug/late/unavail/toolna/cache/differ)=4/0/0/0/0/0/0 7s
OK gt(imp/impT/all)=67/80/422 err=0 verify(match/bug/late/unavail/toolna/cache/differ)=4/0/0/0/0/0/0 42s
OK gt(imp/impT/all)=1/1/9 err=0 verify(match/bug/late/unavail/toolna/cache/differ)=4/0/0/0/0/0/0 9s
OK gt(imp/impT/all)=124/124/267 err=0 verify(match/bug/late/unavail/toolna/cache/differ)=4/0/0/0/0/0/0 51s
OK gt(imp/impT/all)=42/47/100 err=0 verify(match/bug/late/unavail/toolna/cache/differ)=4/0/0/0/0/0/0 26s
OK gt(imp/impT/all)=19/19/125 err=0 verify(match/bug/late/unavail/toolna/cache/differ)=4/0/0/0/0/0/0 24s
OK gt(imp/impT/all)=7/7/19 err=0 verify(match/bug/late/unavail/toolna/cache/differ)=4/0/0/0/0/0/0 35s
OK gt(imp/impT/all)=99/100/313 err=0 verify(match/bug/late/unavail/toolna/cache/differ)=4/0/0/0/0/0/0 79s
OK gt(imp/impT/all)=113/113/348 err=0 verify(match/bug/late/unavail/toolna/cache/differ)=4/0/0/0/0/0/0 42s
OK gt(imp/impT/all)=1/2/11 err=0 verify(match/bug/late/unavail/toolna/cache/differ)=4/0/0/0/0/0/0 7s
OK gt(imp/impT/all)=41/47/70 err=0 verify(match/bug/late/unavail/toolna/cache/differ)=4/0/0/0/0/0/0 18s
OK gt(imp/impT/all)=1/1/10 err=0 verify(match/bug/late/unavail/toolna/cache/differ)=4/0/0/0/0/0/0 10s
OK gt(imp/impT/all)=1/4/7 err=0 verify(match/bug/late/unavail/toolna/cache/differ)=4/0/0/0/0/0/0 9s
OK gt(imp/impT/all)=7/8/17 err=0 verify(match/bug/late/unavail/toolna/cache/differ)=4/0/0/0/0/0/0 12s
OK gt(imp/impT/all)=3/3/14 err=0 verify(match/bug/late/unavail/toolna/cache/differ)=4/0/0/0/0/0/0 9s
OK gt(imp/impT/all)=1/7/12 err=0 verify(match/bug/late/unavail/toolna/cache/differ)=4/0/0/0/0/0/0 10s
OK gt(imp/impT/all)=40/40/365 err=0 verify(match/bug/late/unavail/toolna/cache/differ)=4/0/0/0/0/0/0 57s
OK gt(imp/impT/all)=57/59/90 err=0 verify(match/bug/late/unavail/toolna/cache/differ)=4/0/0/0/0/0/0 20s
OK gt(imp/impT/all)=4/8/12 err=0 verify(match/bug/late/unavail/toolna/cache/differ)=4/0/0/0/0/0/0 6s
OK gt(imp/impT/all)=1/1/1 err=0 verify(match/bug/late/unavail/toolna/cache/differ)=4/0/0/0/0/0/0 6s
OK gt(imp/impT/all)=132/141/410 err=0 verify(match/bug/late/unavail/toolna/cache/differ)=4/0/0/0/0/0/0 70s
OK gt(imp/impT/all)=2/2/2 err=0 verify(match/bug/late/unavail/toolna/cache/differ)=4/0/0/0/0/0/0 5s
OK gt(imp/impT/all)=5/5/10 err=0 verify(match/bug/late/unavail/toolna/cache/differ)=4/0/0/0/0/0/0 9s
OK gt(imp/impT/all)=29/30/60 err=0 verify(match/bug/late/unavail/toolna/cache/differ)=4/0/0/0/0/0/0 19s
OK gt(imp/impT/all)=2/7/9 err=0 verify(match/bug/late/unavail/toolna/cache/differ)=4/0/0/0/0/0/0 7s
OK gt(imp/impT/all)=8/13/20 err=0 verify(match/bug/late/unavail/toolna/cache/differ)=4/0/0/0/0/0/0 9s
OK gt(imp/impT/all)=17/17/27 err=0 verify(match/bug/late/unavail/toolna/cache/differ)=4/0/0/0/0/0/0 27s
OK gt(imp/impT/all)=456/469/1125 err=0 verify(match/bug/late/unavail/toolna/cache/differ)=4/0/0/0/0/0/0 199s
OK gt(imp/impT/all)=5/12/32 err=0 verify(match/bug/late/unavail/toolna/cache/differ)=4/0/0/0/0/0/0 8s
OK gt(imp/impT/all)=3/20/45 err=0 verify(match/bug/late/unavail/toolna/cache/differ)=4/0/0/0/0/0/0 11s
OK gt(imp/impT/all)=3/3/8 err=0 verify(match/bug/late/unavail/toolna/cache/differ)=4/0/0/0/0/0/0 9s
OK gt(imp/impT/all)=5/11/23 err=0 verify(match/bug/late/unavail/toolna/cache/differ)=4/0/0/0/0/0/0 12s
OK gt(imp/impT/all)=5/7/19 err=0 verify(match/bug/late/unavail/toolna/cache/differ)=4/0/0/0/0/0/0 11s
OK gt(imp/impT/all)=4/4/10 err=0 verify(match/bug/late/unavail/toolna/cache/differ)=4/0/0/0/0/0/0 8s
OK gt(imp/impT/all)=1/5/7 err=0 verify(match/bug/late/unavail/toolna/cache/differ)=4/0/0/0/0/0/0 8s
OK gt(imp/impT/all)=65/65/131 err=0 verify(match/bug/late/unavail/toolna/cache/differ)=4/0/0/0/0/0/0 28s
OK gt(imp/impT/all)=30/30/49 err=0 verify(match/bug/late/unavail/toolna/cache/differ)=4/0/0/0/0/0/0 13s
OK gt(imp/impT/all)=6/6/12 err=0 verify(match/bug/late/unavail/toolna/cache/differ)=4/0/0/0/0/0/0 9s
OK gt(imp/impT/all)=1/1/1 err=0 verify(match/bug/late/unavail/toolna/cache/differ)=4/0/0/0/0/0/0 6s
OK gt(imp/impT/all)=1/1/1 err=0 verify(match/bug/late/unavail/toolna/cache/differ)=4/0/0/0/0/0/0 7s
OK gt(imp/impT/all)=15/66/130 err=0 verify(match/bug/late/unavail/toolna/cache/differ)=4/0/0/0/0/0/0 24s
OK gt(imp/impT/all)=16/16/46 err=0 verify(match/bug/late/unavail/toolna/cache/differ)=4/0/0/0/0/0/0 16s
OK gt(imp/impT/all)=2/2/3 err=0 verify(match/bug/late/unavail/toolna/cache/differ)=4/0/0/0/0/0/0 8s
OK gt(imp/impT/all)=1/1/1 err=0 verify(match/bug/late/unavail/toolna/cache/differ)=4/0/0/0/0/0/0 6s
OK gt(imp/impT/all)=76/80/248 err=0 verify(match/bug/late/unavail/toolna/cache/differ)=4/0/0/0/0/0/0 36s
OK gt(imp/impT/all)=85/97/291 err=0 verify(match/bug/late/unavail/toolna/cache/differ)=4/0/0/0/0/0/0 59s
OK gt(imp/impT/all)=2/6/8 err=0 verify(match/bug/late/unavail/toolna/cache/differ)=4/0/0/0/0/0/0 7s
OK gt(imp/impT/all)=3/7/9 err=0 verify(match/bug/late/unavail/toolna/cache/differ)=4/0/0/0/0/0/0 5s
OK gt(imp/impT/all)=87/94/268 err=0 verify(match/bug/late/unavail/toolna/cache/differ)=4/0/0/0/0/0/0 45s
OK gt(imp/impT/all)=246/249/430 err=0 verify(match/bug/late/unavail/toolna/cache/differ)=4/0/0/0/0/0/0 86s
OK gt(imp/impT/all)=1/2/10 err=0 verify(match/bug/late/unavail/toolna/cache/differ)=4/0/0/0/0/0/0 11s
OK gt(imp/impT/all)=3/4/20 err=0 verify(match/bug/late/unavail/toolna/cache/differ)=4/0/0/0/0/0/0 7s
OK gt(imp/impT/all)=4/4/7 err=0 verify(match/bug/late/unavail/toolna/cache/differ)=4/0/0/0/0/0/0 10s
OK gt(imp/impT/all)=61/64/136 err=0 verify(match/bug/late/unavail/toolna/cache/differ)=4/0/0/0/0/0/0 32s
OK gt(imp/impT/all)=10/12/38 err=0 verify(match/bug/late/unavail/toolna/cache/differ)=4/0/0/0/0/0/0 22s
OK gt(imp/impT/all)=1/2/2 err=0 verify(match/bug/late/unavail/toolna/cache/differ)=4/0/0/0/0/0/0 5s
OK gt(imp/impT/all)=6/9/9 err=0 verify(match/bug/late/unavail/toolna/cache/differ)=4/0/0/0/0/0/0 12s
# rerun2 開始 2026-08-06T03:27:57.419Z 対象=1528 (SHA未記録=1→SKIP) 上限=Infinity
# rerun2 開始 2026-08-06T03:27:57.432Z 対象=1528 (SHA未記録=1→SKIP) 上限=Infinity
# rerun2 開始 2026-08-06T03:27:57.430Z 対象=1528 (SHA未記録=1→SKIP) 上限=Infinity
# 7月に main を除外できていなかった repo（予測集合。この集合の repo のみ july_main_bug を許す）= 7 件: Lifailon__lazyjournal antonmedv__fx box-cli-maker__box-cli-maker dghubble__sling dtgorski__typex homedepot__flop naughtygopher__errors
# 7月側の記録が使えず比較できない repo（july_unavailable。ゲートは通すが verify.csv に残す）= 9 件: codemodus__catena dimuska139__rawg-sdk-go ggicci__httpin kubernetes__kubernetes mehrdadrad__tcpdog presbrey__ollamafarm rakyll__hey tendermint__tendermint zRedShift__mimemagic
# 7月に main を除外できていなかった repo（予測集合。この集合の repo のみ july_main_bug を許す）= 7 件: Lifailon__lazyjournal antonmedv__fx box-cli-maker__box-cli-maker dghubble__sling dtgorski__typex homedepot__flop naughtygopher__errors
# 7月側の記録が使えず比較できない repo（july_unavailable。ゲートは通すが verify.csv に残す）= 9 件: codemodus__catena dimuska139__rawg-sdk-go ggicci__httpin kubernetes__kubernetes mehrdadrad__tcpdog presbrey__ollamafarm rakyll__hey tendermint__tendermint zRedShift__mimemagic
# 7月に main を除外できていなかった repo（予測集合。この集合の repo のみ july_main_bug を許す）= 7 件: Lifailon__lazyjournal antonmedv__fx box-cli-maker__box-cli-maker dghubble__sling dtgorski__typex homedepot__flop naughtygopher__errors
# 7月側の記録が使えず比較できない repo（july_unavailable。ゲートは通すが verify.csv に残す）= 9 件: codemodus__catena dimuska139__rawg-sdk-go ggicci__httpin kubernetes__kubernetes mehrdadrad__tcpdog presbrey__ollamafarm rakyll__hey tendermint__tendermint zRedShift__mimemagic
SKIP(retryable/sha_fetch_failed)
SKIP(retryable/sha_fetch_failed)
SKIP(retryable/sha_fetch_failed)
SKIP(retryable/sha_fetch_failed)
SKIP(retryable/sha_fetch_failed)
OK gt(imp/impT/all)=2/8/20 err=0 verify(match/bug/late/unavail/toolna/cache/differ)=4/0/0/0/0/0/0 53s
OK gt(imp/impT/all)=4/4/12 err=0 verify(match/bug/late/unavail/toolna/cache/differ)=4/0/0/0/0/0/0 9s
OK gt(imp/impT/all)=3/3/14 err=0 verify(match/bug/late/unavail/toolna/cache/differ)=4/0/0/0/0/0/0 8s
OK gt(imp/impT/all)=21/24/150 err=0 verify(match/bug/late/unavail/toolna/cache/differ)=4/0/0/0/0/0/0 72s
OK gt(imp/impT/all)=85/90/237 err=0 verify(match/bug/late/unavail/toolna/cache/differ)=4/0/0/0/0/0/0 73s
OK gt(imp/impT/all)=8/8/11 err=0 verify(match/bug/late/unavail/toolna/cache/differ)=4/0/0/0/0/0/0 8s
OK gt(imp/impT/all)=2/6/15 err=0 verify(match/bug/late/unavail/toolna/cache/differ)=4/0/0/0/0/0/0 8s
OK gt(imp/impT/all)=6/10/17 err=0 verify(match/bug/late/unavail/toolna/cache/differ)=4/0/0/0/0/0/0 8s
OK gt(imp/impT/all)=4/4/6 err=0 verify(match/bug/late/unavail/toolna/cache/differ)=4/0/0/0/0/0/0 11s
OK gt(imp/impT/all)=4/4/12 err=0 verify(match/bug/late/unavail/toolna/cache/differ)=4/0/0/0/0/0/0 15s
OK gt(imp/impT/all)=19/23/49 err=0 verify(match/bug/late/unavail/toolna/cache/differ)=4/0/0/0/0/0/0 19s
OK gt(imp/impT/all)=95/105/326 err=0 verify(match/bug/late/unavail/toolna/cache/differ)=4/0/0/0/0/0/0 46s
OK gt(imp/impT/all)=14/16/38 err=0 verify(match/bug/late/unavail/toolna/cache/differ)=4/0/0/0/0/0/0 14s
OK gt(imp/impT/all)=32/38/380 err=0 verify(match/bug/late/unavail/toolna/cache/differ)=4/0/0/0/0/0/0 61s
OK gt(imp/impT/all)=3/7/11 err=0 verify(match/bug/late/unavail/toolna/cache/differ)=4/0/0/0/0/0/0 9s
OK gt(imp/impT/all)=8/9/17 err=0 verify(match/bug/late/unavail/toolna/cache/differ)=4/0/0/0/0/0/0 15s
OK gt(imp/impT/all)=4/5/9 err=0 verify(match/bug/late/unavail/toolna/cache/differ)=4/0/0/0/0/0/0 11s
OK gt(imp/impT/all)=8/9/15 err=0 verify(match/bug/late/unavail/toolna/cache/differ)=4/0/0/0/0/0/0 12s
OK gt(imp/impT/all)=21/21/103 err=0 verify(match/bug/late/unavail/toolna/cache/differ)=4/0/0/0/0/0/0 17s
OK gt(imp/impT/all)=20/20/100 err=0 verify(match/bug/late/unavail/toolna/cache/differ)=4/0/0/0/0/0/0 26s
OK gt(imp/impT/all)=6/10/21 err=0 verify(match/bug/late/unavail/toolna/cache/differ)=4/0/0/0/0/0/0 11s
OK gt(imp/impT/all)=25/25/115 err=0 verify(match/bug/late/unavail/toolna/cache/differ)=4/0/0/0/0/0/0 24s
OK gt(imp/impT/all)=27/27/47 err=0 verify(match/bug/late/unavail/toolna/cache/differ)=4/0/0/0/0/0/0 10s
OK gt(imp/impT/all)=11/11/33 err=0 verify(match/bug/late/unavail/toolna/cache/differ)=4/0/0/0/0/0/0 10s
OK gt(imp/impT/all)=261/263/647 err=0 verify(match/bug/late/unavail/toolna/cache/differ)=4/0/0/0/0/0/0 121s
OK gt(imp/impT/all)=4/4/8 err=0 verify(match/bug/late/unavail/toolna/cache/differ)=4/0/0/0/0/0/0 8s
OK gt(imp/impT/all)=9/10/30 err=0 verify(match/bug/late/unavail/toolna/cache/differ)=4/0/0/0/0/0/0 10s
OK gt(imp/impT/all)=305/317/713 err=0 verify(match/bug/late/unavail/toolna/cache/differ)=4/0/0/0/0/0/0 131s
OK gt(imp/impT/all)=311/333/759 err=0 verify(match/bug/late/unavail/toolna/cache/differ)=3/0/0/0/1/0/0 165s
OK gt(imp/impT/all)=12/15/22 err=0 verify(match/bug/late/unavail/toolna/cache/differ)=4/0/0/0/0/0/0 9s
OK gt(imp/impT/all)=23/32/52 err=0 verify(match/bug/late/unavail/toolna/cache/differ)=4/0/0/0/0/0/0 17s
OK gt(imp/impT/all)=1/5/11 err=0 verify(match/bug/late/unavail/toolna/cache/differ)=4/0/0/0/0/0/0 8s
OK gt(imp/impT/all)=371/373/920 err=0 verify(match/bug/late/unavail/toolna/cache/differ)=4/0/0/0/0/0/0 166s
OK gt(imp/impT/all)=5/5/5 err=0 verify(match/bug/late/unavail/toolna/cache/differ)=4/0/0/0/0/0/0 8s
OK gt(imp/impT/all)=45/45/153 err=0 verify(match/bug/late/unavail/toolna/cache/differ)=4/0/0/0/0/0/0 28s
OK gt(imp/impT/all)=2/2/2 err=0 verify(match/bug/late/unavail/toolna/cache/differ)=4/0/0/0/0/0/0 5s
OK gt(imp/impT/all)=4/8/13 err=0 verify(match/bug/late/unavail/toolna/cache/differ)=4/0/0/0/0/0/0 7s
OK gt(imp/impT/all)=148/157/522 err=0 verify(match/bug/late/unavail/toolna/cache/differ)=4/0/0/0/0/0/0 112s
OK gt(imp/impT/all)=2/2/3 err=0 verify(match/bug/late/unavail/toolna/cache/differ)=4/0/0/0/0/0/0 7s
OK gt(imp/impT/all)=45/49/74 err=0 verify(match/bug/late/unavail/toolna/cache/differ)=4/0/0/0/0/0/0 18s
# rerun2 開始 2026-08-06T03:37:36.114Z 対象=1528 (SHA未記録=1→SKIP) 上限=Infinity
# 7月に main を除外できていなかった repo（予測集合。この集合の repo のみ july_main_bug を許す）= 7 件: Lifailon__lazyjournal antonmedv__fx box-cli-maker__box-cli-maker dghubble__sling dtgorski__typex homedepot__flop naughtygopher__errors
# 7月側の記録が使えず比較できない repo（july_unavailable。ゲートは通すが verify.csv に残す）= 9 件: codemodus__catena dimuska139__rawg-sdk-go ggicci__httpin kubernetes__kubernetes mehrdadrad__tcpdog presbrey__ollamafarm rakyll__hey tendermint__tendermint zRedShift__mimemagic
# rerun2 開始 2026-08-06T03:37:36.119Z 対象=1528 (SHA未記録=1→SKIP) 上限=Infinity
# rerun2 開始 2026-08-06T03:37:36.119Z 対象=1528 (SHA未記録=1→SKIP) 上限=Infinity
# 7月に main を除外できていなかった repo（予測集合。この集合の repo のみ july_main_bug を許す）= 7 件: Lifailon__lazyjournal antonmedv__fx box-cli-maker__box-cli-maker dghubble__sling dtgorski__typex homedepot__flop naughtygopher__errors
# 7月側の記録が使えず比較できない repo（july_unavailable。ゲートは通すが verify.csv に残す）= 9 件: codemodus__catena dimuska139__rawg-sdk-go ggicci__httpin kubernetes__kubernetes mehrdadrad__tcpdog presbrey__ollamafarm rakyll__hey tendermint__tendermint zRedShift__mimemagic
# 7月に main を除外できていなかった repo（予測集合。この集合の repo のみ july_main_bug を許す）= 7 件: Lifailon__lazyjournal antonmedv__fx box-cli-maker__box-cli-maker dghubble__sling dtgorski__typex homedepot__flop naughtygopher__errors
# 7月側の記録が使えず比較できない repo（july_unavailable。ゲートは通すが verify.csv に残す）= 9 件: codemodus__catena dimuska139__rawg-sdk-go ggicci__httpin kubernetes__kubernetes mehrdadrad__tcpdog presbrey__ollamafarm rakyll__hey tendermint__tendermint zRedShift__mimemagic
OK gt(imp/impT/all)=59/59/137 err=0 verify(match/bug/late/unavail/toolna/cache/differ)=4/0/0/0/0/0/0 26s
OK gt(imp/impT/all)=85/86/284 err=0 verify(match/bug/late/unavail/toolna/cache/differ)=4/0/0/0/0/0/0 43s
OK gt(imp/impT/all)=1/5/8 err=0 verify(match/bug/late/unavail/toolna/cache/differ)=4/0/0/0/0/0/0 6s
OK gt(imp/impT/all)=11/11/19 err=0 verify(match/bug/late/unavail/toolna/cache/differ)=4/0/0/0/0/0/0 7s
OK gt(imp/impT/all)=33/33/133 err=0 verify(match/bug/late/unavail/toolna/cache/differ)=4/0/0/0/0/0/0 19s
OK gt(imp/impT/all)=171/171/637 err=0 verify(match/bug/late/unavail/toolna/cache/differ)=4/0/0/0/0/0/0 119s
OK gt(imp/impT/all)=96/96/330 err=0 verify(match/bug/late/unavail/toolna/cache/differ)=4/0/0/0/0/0/0 62s
OK gt(imp/impT/all)=1/1/1 err=0 verify(match/bug/late/unavail/toolna/cache/differ)=4/0/0/0/0/0/0 9s
OK gt(imp/impT/all)=120/161/354 err=0 verify(match/bug/late/unavail/toolna/cache/differ)=4/0/0/0/0/0/0 59s
OK gt(imp/impT/all)=1/1/4 err=0 verify(match/bug/late/unavail/toolna/cache/differ)=4/0/0/0/0/0/0 10s
OK gt(imp/impT/all)=1/1/1 err=0 verify(match/bug/late/unavail/toolna/cache/differ)=4/0/0/0/0/0/0 7s
OK gt(imp/impT/all)=36/36/129 err=0 verify(match/bug/late/unavail/toolna/cache/differ)=4/0/0/0/0/0/0 22s
OK gt(imp/impT/all)=1/1/2 err=0 verify(match/bug/late/unavail/toolna/cache/differ)=4/0/0/0/0/0/0 7s
OK gt(imp/impT/all)=1/2/2 err=0 verify(match/bug/late/unavail/toolna/cache/differ)=4/0/0/0/0/0/0 5s
OK gt(imp/impT/all)=69/70/355 err=0 verify(match/bug/late/unavail/toolna/cache/differ)=4/0/0/0/0/0/0 74s
OK gt(imp/impT/all)=4/4/24 err=0 verify(match/bug/late/unavail/toolna/cache/differ)=4/0/0/0/0/0/0 10s
OK gt(imp/impT/all)=11/15/27 err=0 verify(match/bug/late/unavail/toolna/cache/differ)=4/0/0/0/0/0/0 13s
OK gt(imp/impT/all)=13/17/21 err=0 verify(match/bug/late/unavail/toolna/cache/differ)=4/0/0/0/0/0/0 9s
OK gt(imp/impT/all)=4/5/5 err=0 verify(match/bug/late/unavail/toolna/cache/differ)=4/0/0/0/0/0/0 6s
OK gt(imp/impT/all)=29/33/114 err=0 verify(match/bug/late/unavail/toolna/cache/differ)=4/0/0/0/0/0/0 33s
OK gt(imp/impT/all)=210/212/497 err=0 verify(match/bug/late/unavail/toolna/cache/differ)=4/0/0/0/0/0/0 93s
OK gt(imp/impT/all)=9/9/28 err=0 verify(match/bug/late/unavail/toolna/cache/differ)=4/0/0/0/0/0/0 10s
OK gt(imp/impT/all)=3/7/15 err=0 verify(match/bug/late/unavail/toolna/cache/differ)=4/0/0/0/0/0/0 7s
OK gt(imp/impT/all)=2/2/2 err=0 verify(match/bug/late/unavail/toolna/cache/differ)=4/0/0/0/0/0/0 5s
OK gt(imp/impT/all)=33/36/152 err=0 verify(match/bug/late/unavail/toolna/cache/differ)=4/0/0/0/0/0/0 20s
OK gt(imp/impT/all)=1/1/1 err=0 verify(match/bug/late/unavail/toolna/cache/differ)=4/0/0/0/0/0/0 5s
OK gt(imp/impT/all)=7/8/14 err=0 verify(match/bug/late/unavail/toolna/cache/differ)=4/0/0/0/0/0/0 9s
OK gt(imp/impT/all)=6/9/15 err=0 verify(match/bug/late/unavail/toolna/cache/differ)=4/0/0/0/0/0/0 48s
OK gt(imp/impT/all)=5/5/12 err=0 verify(match/bug/late/unavail/toolna/cache/differ)=4/0/0/0/0/0/0 6s
OK gt(imp/impT/all)=1/6/9 err=0 verify(match/bug/late/unavail/toolna/cache/differ)=4/0/0/0/0/0/0 6s
OK gt(imp/impT/all)=46/49/198 err=0 verify(match/bug/late/unavail/toolna/cache/differ)=4/0/0/0/0/0/0 50s
OK gt(imp/impT/all)=1/4/10 err=0 verify(match/bug/late/unavail/toolna/cache/differ)=4/0/0/0/0/0/0 8s
OK gt(imp/impT/all)=2/5/5 err=0 verify(match/bug/late/unavail/toolna/cache/differ)=4/0/0/0/0/0/0 7s
OK gt(imp/impT/all)=22/22/41 err=0 verify(match/bug/late/unavail/toolna/cache/differ)=4/0/0/0/0/0/0 13s
OK gt(imp/impT/all)=33/36/55 err=0 verify(match/bug/late/unavail/toolna/cache/differ)=4/0/0/0/0/0/0 11s
OK gt(imp/impT/all)=5/13/26 err=0 verify(match/bug/late/unavail/toolna/cache/differ)=4/0/0/0/0/0/0 9s
OK gt(imp/impT/all)=7/13/22 err=0 verify(match/bug/late/unavail/toolna/cache/differ)=4/0/0/0/0/0/0 9s
OK gt(imp/impT/all)=1/5/8 err=0 verify(match/bug/late/unavail/toolna/cache/differ)=4/0/0/0/0/0/0 7s
OK gt(imp/impT/all)=94/97/158 err=0 verify(match/bug/late/unavail/toolna/cache/differ)=4/0/0/0/0/0/0 34s
OK gt(imp/impT/all)=1/5/7 err=0 verify(match/bug/late/unavail/toolna/cache/differ)=4/0/0/0/0/0/0 7s
OK gt(imp/impT/all)=37/40/89 err=0 verify(match/bug/late/unavail/toolna/cache/differ)=4/0/0/0/0/0/0 44s
OK gt(imp/impT/all)=20/20/92 err=0 verify(match/bug/late/unavail/toolna/cache/differ)=4/0/0/0/0/0/0 16s
OK gt(imp/impT/all)=11/15/22 err=0 verify(match/bug/late/unavail/toolna/cache/differ)=4/0/0/0/0/0/0 11s
OK gt(imp/impT/all)=15/17/89 err=0 verify(match/bug/late/unavail/toolna/cache/differ)=4/0/0/0/0/0/0 26s
OK gt(imp/impT/all)=2/6/9 err=0 verify(match/bug/late/unavail/toolna/cache/differ)=4/0/0/0/0/0/0 7s
OK gt(imp/impT/all)=32/39/129 err=0 verify(match/bug/late/unavail/toolna/cache/differ)=4/0/0/0/0/0/0 25s
OK gt(imp/impT/all)=39/48/126 err=0 verify(match/bug/late/unavail/toolna/cache/differ)=4/0/0/0/0/0/0 31s
OK gt(imp/impT/all)=6/15/91 err=0 verify(match/bug/late/unavail/toolna/cache/differ)=4/0/0/0/0/0/0 15s
OK gt(imp/impT/all)=3/8/14 err=0 verify(match/bug/late/unavail/toolna/cache/differ)=4/0/0/0/0/0/0 10s
# rerun2 開始 2026-08-06T03:47:19.003Z 対象=1528 (SHA未記録=1→SKIP) 上限=Infinity
# 7月に main を除外できていなかった repo（予測集合。この集合の repo のみ july_main_bug を許す）= 7 件: Lifailon__lazyjournal antonmedv__fx box-cli-maker__box-cli-maker dghubble__sling dtgorski__typex homedepot__flop naughtygopher__errors
# 7月側の記録が使えず比較できない repo（july_unavailable。ゲートは通すが verify.csv に残す）= 9 件: codemodus__catena dimuska139__rawg-sdk-go ggicci__httpin kubernetes__kubernetes mehrdadrad__tcpdog presbrey__ollamafarm rakyll__hey tendermint__tendermint zRedShift__mimemagic
# rerun2 開始 2026-08-06T03:47:19.164Z 対象=1528 (SHA未記録=1→SKIP) 上限=Infinity
# 7月に main を除外できていなかった repo（予測集合。この集合の repo のみ july_main_bug を許す）= 7 件: Lifailon__lazyjournal antonmedv__fx box-cli-maker__box-cli-maker dghubble__sling dtgorski__typex homedepot__flop naughtygopher__errors
# 7月側の記録が使えず比較できない repo（july_unavailable。ゲートは通すが verify.csv に残す）= 9 件: codemodus__catena dimuska139__rawg-sdk-go ggicci__httpin kubernetes__kubernetes mehrdadrad__tcpdog presbrey__ollamafarm rakyll__hey tendermint__tendermint zRedShift__mimemagic
# rerun2 開始 2026-08-06T03:47:19.258Z 対象=1528 (SHA未記録=1→SKIP) 上限=Infinity
# 7月に main を除外できていなかった repo（予測集合。この集合の repo のみ july_main_bug を許す）= 7 件: Lifailon__lazyjournal antonmedv__fx box-cli-maker__box-cli-maker dghubble__sling dtgorski__typex homedepot__flop naughtygopher__errors
# 7月側の記録が使えず比較できない repo（july_unavailable。ゲートは通すが verify.csv に残す）= 9 件: codemodus__catena dimuska139__rawg-sdk-go ggicci__httpin kubernetes__kubernetes mehrdadrad__tcpdog presbrey__ollamafarm rakyll__hey tendermint__tendermint zRedShift__mimemagic
OK gt(imp/impT/all)=7/7/15 err=0 verify(match/bug/late/unavail/toolna/cache/differ)=4/0/0/0/0/0/0 11s
OK gt(imp/impT/all)=1/5/7 err=0 verify(match/bug/late/unavail/toolna/cache/differ)=4/0/0/0/0/0/0 7s
OK gt(imp/impT/all)=1/4/4 err=0 verify(match/bug/late/unavail/toolna/cache/differ)=4/0/0/0/0/0/0 5s
OK gt(imp/impT/all)=58/64/145 err=0 verify(match/bug/late/unavail/toolna/cache/differ)=4/0/0/0/0/0/0 27s
OK gt(imp/impT/all)=6/10/17 err=0 verify(match/bug/late/unavail/toolna/cache/differ)=4/0/0/0/0/0/0 7s
OK gt(imp/impT/all)=5/9/11 err=0 verify(match/bug/late/unavail/toolna/cache/differ)=4/0/0/0/0/0/0 6s
OK gt(imp/impT/all)=22/22/44 err=0 verify(match/bug/late/unavail/toolna/cache/differ)=4/0/0/0/0/0/0 11s
OK gt(imp/impT/all)=21/22/61 err=0 verify(match/bug/late/unavail/toolna/cache/differ)=4/0/0/0/0/0/0 16s
OK gt(imp/impT/all)=9/9/12 err=0 verify(match/bug/late/unavail/toolna/cache/differ)=4/0/0/0/0/0/0 8s
OK gt(imp/impT/all)=8/12/23 err=0 verify(match/bug/late/unavail/toolna/cache/differ)=4/0/0/0/0/0/0 9s
OK gt(imp/impT/all)=1/6/8 err=0 verify(match/bug/late/unavail/toolna/cache/differ)=4/0/0/0/0/0/0 7s
OK gt(imp/impT/all)=1/1/5 err=0 verify(match/bug/late/unavail/toolna/cache/differ)=4/0/0/0/0/0/0 6s
OK gt(imp/impT/all)=1/1/1 err=0 verify(match/bug/late/unavail/toolna/cache/differ)=4/0/0/0/0/0/0 6s
OK gt(imp/impT/all)=1/1/2 err=0 verify(match/bug/late/unavail/toolna/cache/differ)=4/0/0/0/0/0/0 6s
OK gt(imp/impT/all)=14/14/30 err=0 verify(match/bug/late/unavail/toolna/cache/differ)=4/0/0/0/0/0/0 10s
OK gt(imp/impT/all)=6/7/8 err=0 verify(match/bug/late/unavail/toolna/cache/differ)=4/0/0/0/0/0/0 7s
OK gt(imp/impT/all)=67/70/212 err=0 verify(match/bug/late/unavail/toolna/cache/differ)=4/0/0/0/0/0/0 33s
OK gt(imp/impT/all)=1/1/14 err=0 verify(match/bug/late/unavail/toolna/cache/differ)=4/0/0/0/0/0/0 11s
OK gt(imp/impT/all)=1/1/1 err=0 verify(match/bug/late/unavail/toolna/cache/differ)=4/0/0/0/0/0/0 11s
OK gt(imp/impT/all)=25/25/55 err=0 verify(match/bug/late/unavail/toolna/cache/differ)=4/0/0/0/0/0/0 12s
OK gt(imp/impT/all)=11/11/15 err=0 verify(match/bug/late/unavail/toolna/cache/differ)=4/0/0/0/0/0/0 13s
OK gt(imp/impT/all)=2/4/7 err=0 verify(match/bug/late/unavail/toolna/cache/differ)=4/0/0/0/0/0/0 9s
OK gt(imp/impT/all)=21/21/31 err=0 verify(match/bug/late/unavail/toolna/cache/differ)=4/0/0/0/0/0/0 21s
OK gt(imp/impT/all)=41/44/93 err=0 verify(match/bug/late/unavail/toolna/cache/differ)=4/0/0/0/0/0/0 40s
OK gt(imp/impT/all)=1/5/7 err=0 verify(match/bug/late/unavail/toolna/cache/differ)=4/0/0/0/0/0/0 6s
OK gt(imp/impT/all)=4/8/12 err=0 verify(match/bug/late/unavail/toolna/cache/differ)=4/0/0/0/0/0/0 7s
OK gt(imp/impT/all)=17/18/37 err=0 verify(match/bug/late/unavail/toolna/cache/differ)=4/0/0/0/0/0/0 35s
OK gt(imp/impT/all)=83/83/756 err=0 verify(match/bug/late/unavail/toolna/cache/differ)=4/0/0/0/0/0/0 84s
OK gt(imp/impT/all)=4/7/34 err=0 verify(match/bug/late/unavail/toolna/cache/differ)=4/0/0/0/0/0/0 13s
OK gt(imp/impT/all)=25/25/34 err=0 verify(match/bug/late/unavail/toolna/cache/differ)=4/0/0/0/0/0/0 10s
OK gt(imp/impT/all)=2/2/346 err=0 verify(match/bug/late/unavail/toolna/cache/differ)=4/0/0/0/0/0/0 36s
OK gt(imp/impT/all)=4/5/8 err=0 verify(match/bug/late/unavail/toolna/cache/differ)=4/0/0/0/0/0/0 12s
OK gt(imp/impT/all)=1/3/4 err=0 verify(match/bug/late/unavail/toolna/cache/differ)=4/0/0/0/0/0/0 7s
OK gt(imp/impT/all)=45/51/128 err=0 verify(match/bug/late/unavail/toolna/cache/differ)=4/0/0/0/0/0/0 26s
OK gt(imp/impT/all)=13/15/27 err=0 verify(match/bug/late/unavail/toolna/cache/differ)=4/0/0/0/0/0/0 10s
OK gt(imp/impT/all)=1/5/11 err=0 verify(match/bug/late/unavail/toolna/cache/differ)=4/0/0/0/0/0/0 7s
OK gt(imp/impT/all)=1/1/7 err=0 verify(match/bug/late/unavail/toolna/cache/differ)=4/0/0/0/0/0/0 6s
OK gt(imp/impT/all)=19/23/35 err=0 verify(match/bug/late/unavail/toolna/cache/differ)=4/0/0/0/0/0/0 8s
OK gt(imp/impT/all)=39/42/145 err=0 verify(match/bug/late/unavail/toolna/cache/differ)=4/0/0/0/0/0/0 37s
OK gt(imp/impT/all)=24/24/112 err=0 verify(match/bug/late/unavail/toolna/cache/differ)=4/0/0/0/0/0/0 22s
OK gt(imp/impT/all)=7/11/34 err=0 verify(match/bug/late/unavail/toolna/cache/differ)=4/0/0/0/0/0/0 16s
OK gt(imp/impT/all)=4/6/11 err=0 verify(match/bug/late/unavail/toolna/cache/differ)=4/0/0/0/0/0/0 18s
OK gt(imp/impT/all)=13/17/28 err=0 verify(match/bug/late/unavail/toolna/cache/differ)=4/0/0/0/0/0/0 10s
OK gt(imp/impT/all)=336/363/933 err=0 verify(match/bug/late/unavail/toolna/cache/differ)=4/0/0/0/0/0/0 158s
OK gt(imp/impT/all)=15/17/20 err=0 verify(match/bug/late/unavail/toolna/cache/differ)=4/0/0/0/0/0/0 14s
OK gt(imp/impT/all)=9/9/14 err=0 verify(match/bug/late/unavail/toolna/cache/differ)=4/0/0/0/0/0/0 13s
OK gt(imp/impT/all)=3/3/7 err=0 verify(match/bug/late/unavail/toolna/cache/differ)=4/0/0/0/0/0/0 8s
OK gt(imp/impT/all)=2/2/6 err=0 verify(match/bug/late/unavail/toolna/cache/differ)=4/0/0/0/0/0/0 6s
OK gt(imp/impT/all)=3/7/9 err=0 verify(match/bug/late/unavail/toolna/cache/differ)=4/0/0/0/0/0/0 6s
OK gt(imp/impT/all)=3/4/8 err=0 verify(match/bug/late/unavail/toolna/cache/differ)=4/0/0/0/0/0/0 7s
OK gt(imp/impT/all)=9/10/23 err=0 verify(match/bug/late/unavail/toolna/cache/differ)=4/0/0/0/0/0/0 15s
OK gt(imp/impT/all)=18/22/34 err=0 verify(match/bug/late/unavail/toolna/cache/differ)=4/0/0/0/0/0/0 14s
OK gt(imp/impT/all)=1/1/1 err=0 verify(match/bug/late/unavail/toolna/cache/differ)=4/0/0/0/0/0/0 5s
OK gt(imp/impT/all)=308/335/820 err=0 verify(match/bug/late/unavail/toolna/cache/differ)=4/0/0/0/0/0/0 86s
OK gt(imp/impT/all)=15/15/40 err=0 verify(match/bug/late/unavail/toolna/cache/differ)=4/0/0/0/0/0/0 9s
OK gt(imp/impT/all)=62/67/116 err=0 verify(match/bug/late/unavail/toolna/cache/differ)=4/0/0/0/0/0/0 25s
# rerun2 開始 2026-08-06T05:46:44.885Z 対象=1528 (SHA未記録=1→SKIP) 上限=Infinity
# 7月に main を除外できていなかった repo（予測集合。この集合の repo のみ july_main_bug を許す）= 7 件: Lifailon__lazyjournal antonmedv__fx box-cli-maker__box-cli-maker dghubble__sling dtgorski__typex homedepot__flop naughtygopher__errors
# 7月側の記録が使えず比較できない repo（july_unavailable。ゲートは通すが verify.csv に残す）= 9 件: codemodus__catena dimuska139__rawg-sdk-go ggicci__httpin kubernetes__kubernetes mehrdadrad__tcpdog presbrey__ollamafarm rakyll__hey tendermint__tendermint zRedShift__mimemagic
# rerun2 開始 2026-08-06T05:46:44.941Z 対象=1528 (SHA未記録=1→SKIP) 上限=Infinity
# rerun2 開始 2026-08-06T05:46:44.942Z 対象=1528 (SHA未記録=1→SKIP) 上限=Infinity
# 7月に main を除外できていなかった repo（予測集合。この集合の repo のみ july_main_bug を許す）= 7 件: Lifailon__lazyjournal antonmedv__fx box-cli-maker__box-cli-maker dghubble__sling dtgorski__typex homedepot__flop naughtygopher__errors
# 7月に main を除外できていなかった repo（予測集合。この集合の repo のみ july_main_bug を許す）= 7 件: Lifailon__lazyjournal antonmedv__fx box-cli-maker__box-cli-maker dghubble__sling dtgorski__typex homedepot__flop naughtygopher__errors
# 7月側の記録が使えず比較できない repo（july_unavailable。ゲートは通すが verify.csv に残す）= 9 件: codemodus__catena dimuska139__rawg-sdk-go ggicci__httpin kubernetes__kubernetes mehrdadrad__tcpdog presbrey__ollamafarm rakyll__hey tendermint__tendermint zRedShift__mimemagic
# 7月側の記録が使えず比較できない repo（july_unavailable。ゲートは通すが verify.csv に残す）= 9 件: codemodus__catena dimuska139__rawg-sdk-go ggicci__httpin kubernetes__kubernetes mehrdadrad__tcpdog presbrey__ollamafarm rakyll__hey tendermint__tendermint zRedShift__mimemagic
OK gt(imp/impT/all)=52/54/130 err=0 verify(match/bug/late/unavail/toolna/cache/differ)=4/0/0/0/0/0/0 277s
OK gt(imp/impT/all)=303/333/729 err=0 verify(match/bug/late/unavail/toolna/cache/differ)=4/0/0/0/0/0/0 129s
OK gt(imp/impT/all)=4/8/13 err=0 verify(match/bug/late/unavail/toolna/cache/differ)=4/0/0/0/0/0/0 10s
OK gt(imp/impT/all)=5/11/17 err=0 verify(match/bug/late/unavail/toolna/cache/differ)=4/0/0/0/0/0/0 13s
OK gt(imp/impT/all)=1/5/7 err=0 verify(match/bug/late/unavail/toolna/cache/differ)=4/0/0/0/0/0/0 6s
OK gt(imp/impT/all)=25/25/35 err=0 verify(match/bug/late/unavail/toolna/cache/differ)=4/0/0/0/0/0/0 11s
# rerun2 開始 2026-08-06T05:56:36.607Z 対象=1528 (SHA未記録=1→SKIP) 上限=Infinity
# 7月に main を除外できていなかった repo（予測集合。この集合の repo のみ july_main_bug を許す）= 7 件: Lifailon__lazyjournal antonmedv__fx box-cli-maker__box-cli-maker dghubble__sling dtgorski__typex homedepot__flop naughtygopher__errors
# 7月側の記録が使えず比較できない repo（july_unavailable。ゲートは通すが verify.csv に残す）= 9 件: codemodus__catena dimuska139__rawg-sdk-go ggicci__httpin kubernetes__kubernetes mehrdadrad__tcpdog presbrey__ollamafarm rakyll__hey tendermint__tendermint zRedShift__mimemagic
# rerun2 開始 2026-08-06T05:56:36.615Z 対象=1528 (SHA未記録=1→SKIP) 上限=Infinity
# 7月に main を除外できていなかった repo（予測集合。この集合の repo のみ july_main_bug を許す）= 7 件: Lifailon__lazyjournal antonmedv__fx box-cli-maker__box-cli-maker dghubble__sling dtgorski__typex homedepot__flop naughtygopher__errors
# 7月側の記録が使えず比較できない repo（july_unavailable。ゲートは通すが verify.csv に残す）= 9 件: codemodus__catena dimuska139__rawg-sdk-go ggicci__httpin kubernetes__kubernetes mehrdadrad__tcpdog presbrey__ollamafarm rakyll__hey tendermint__tendermint zRedShift__mimemagic
# rerun2 開始 2026-08-06T05:56:36.624Z 対象=1528 (SHA未記録=1→SKIP) 上限=Infinity
# 7月に main を除外できていなかった repo（予測集合。この集合の repo のみ july_main_bug を許す）= 7 件: Lifailon__lazyjournal antonmedv__fx box-cli-maker__box-cli-maker dghubble__sling dtgorski__typex homedepot__flop naughtygopher__errors
# 7月側の記録が使えず比較できない repo（july_unavailable。ゲートは通すが verify.csv に残す）= 9 件: codemodus__catena dimuska139__rawg-sdk-go ggicci__httpin kubernetes__kubernetes mehrdadrad__tcpdog presbrey__ollamafarm rakyll__hey tendermint__tendermint zRedShift__mimemagic
SKIP(retryable/sha_fetch_failed)
SKIP(retryable/sha_fetch_failed)
SKIP(retryable/sha_fetch_failed)
OK gt(imp/impT/all)=1/1/5 err=0 verify(match/bug/late/unavail/toolna/cache/differ)=4/0/0/0/0/0/0 8s
OK gt(imp/impT/all)=82/86/289 err=0 verify(match/bug/late/unavail/toolna/cache/differ)=4/0/0/0/0/0/0 21s
OK gt(imp/impT/all)=4/4/8 err=0 verify(match/bug/late/unavail/toolna/cache/differ)=4/0/0/0/0/0/0 9s
OK gt(imp/impT/all)=38/42/117 err=0 verify(match/bug/late/unavail/toolna/cache/differ)=4/0/0/0/0/0/0 29s
OK gt(imp/impT/all)=4/21/81 err=0 verify(match/bug/late/unavail/toolna/cache/differ)=4/0/0/0/0/0/0 21s
OK gt(imp/impT/all)=3/14/47 err=0 verify(match/bug/late/unavail/toolna/cache/differ)=4/0/0/0/0/0/0 32s
OK gt(imp/impT/all)=1/1/1 err=0 verify(match/bug/late/unavail/toolna/cache/differ)=4/0/0/0/0/0/0 38s
OK gt(imp/impT/all)=1/2/2 err=0 verify(match/bug/late/unavail/toolna/cache/differ)=4/0/0/0/0/0/0 7s
OK gt(imp/impT/all)=20/21/36 err=0 verify(match/bug/late/unavail/toolna/cache/differ)=4/0/0/0/0/0/0 13s
OK gt(imp/impT/all)=55/55/274 err=0 verify(match/bug/late/unavail/toolna/cache/differ)=4/0/0/0/0/0/0 23s
OK gt(imp/impT/all)=1/6/22 err=0 verify(match/bug/late/unavail/toolna/cache/differ)=4/0/0/0/0/0/0 20s
OK gt(imp/impT/all)=11/15/44 err=0 verify(match/bug/late/unavail/toolna/cache/differ)=4/0/0/0/0/0/0 35s
OK gt(imp/impT/all)=34/37/168 err=0 verify(match/bug/late/unavail/toolna/cache/differ)=4/0/0/0/0/0/0 71s
OK gt(imp/impT/all)=1/6/8 err=0 verify(match/bug/late/unavail/toolna/cache/differ)=0/0/0/4/0/0/0 12s
OK gt(imp/impT/all)=19/23/38 err=0 verify(match/bug/late/unavail/toolna/cache/differ)=4/0/0/0/0/0/0 17s
OK gt(imp/impT/all)=19/19/54 err=0 verify(match/bug/late/unavail/toolna/cache/differ)=4/0/0/0/0/0/0 25s
OK gt(imp/impT/all)=12/12/22 err=0 verify(match/bug/late/unavail/toolna/cache/differ)=4/0/0/0/0/0/0 13s
OK gt(imp/impT/all)=31/35/58 err=0 verify(match/bug/late/unavail/toolna/cache/differ)=4/0/0/0/0/0/0 19s
OK gt(imp/impT/all)=34/34/64 err=0 verify(match/bug/late/unavail/toolna/cache/differ)=4/0/0/0/0/0/0 20s
OK gt(imp/impT/all)=13/13/32 err=0 verify(match/bug/late/unavail/toolna/cache/differ)=4/0/0/0/0/0/0 11s
OK gt(imp/impT/all)=1/1/5 err=0 verify(match/bug/late/unavail/toolna/cache/differ)=4/0/0/0/0/0/0 7s
OK gt(imp/impT/all)=19/19/38 err=0 verify(match/bug/late/unavail/toolna/cache/differ)=4/0/0/0/0/0/0 12s
OK gt(imp/impT/all)=6/6/7 err=0 verify(match/bug/late/unavail/toolna/cache/differ)=4/0/0/0/0/0/0 8s
OK gt(imp/impT/all)=2/3/11 err=0 verify(match/bug/late/unavail/toolna/cache/differ)=4/0/0/0/0/0/0 10s
OK gt(imp/impT/all)=1/1/1 err=0 verify(match/bug/late/unavail/toolna/cache/differ)=4/0/0/0/0/0/0 6s
OK gt(imp/impT/all)=6/10/13 err=0 verify(match/bug/late/unavail/toolna/cache/differ)=4/0/0/0/0/0/0 7s
OK gt(imp/impT/all)=15/16/42 err=0 verify(match/bug/late/unavail/toolna/cache/differ)=4/0/0/0/0/0/0 32s
OK gt(imp/impT/all)=39/43/124 err=0 verify(match/bug/late/unavail/toolna/cache/differ)=4/0/0/0/0/0/0 30s
OK gt(imp/impT/all)=3/8/28 err=0 verify(match/bug/late/unavail/toolna/cache/differ)=4/0/0/0/0/0/0 12s
OK gt(imp/impT/all)=7/9/9 err=0 verify(match/bug/late/unavail/toolna/cache/differ)=4/0/0/0/0/0/0 6s
OK gt(imp/impT/all)=4/5/16 err=0 verify(match/bug/late/unavail/toolna/cache/differ)=4/0/0/0/0/0/0 9s
OK gt(imp/impT/all)=5/5/20 err=0 verify(match/bug/late/unavail/toolna/cache/differ)=4/0/0/0/0/0/0 8s
OK gt(imp/impT/all)=13/23/338 err=0 verify(match/bug/late/unavail/toolna/cache/differ)=4/0/0/0/0/0/0 101s
OK gt(imp/impT/all)=28/28/64 err=0 verify(match/bug/late/unavail/toolna/cache/differ)=4/0/0/0/0/0/0 17s
OK gt(imp/impT/all)=23/23/115 err=0 verify(match/bug/late/unavail/toolna/cache/differ)=4/0/0/0/0/0/0 16s
OK gt(imp/impT/all)=2/7/13 err=0 verify(match/bug/late/unavail/toolna/cache/differ)=4/0/0/0/0/0/0 11s
OK gt(imp/impT/all)=2/6/12 err=0 verify(match/bug/late/unavail/toolna/cache/differ)=4/0/0/0/0/0/0 7s
OK gt(imp/impT/all)=1/1/1 err=0 verify(match/bug/late/unavail/toolna/cache/differ)=4/0/0/0/0/0/0 7s
OK gt(imp/impT/all)=1/1/4 err=0 verify(match/bug/late/unavail/toolna/cache/differ)=4/0/0/0/0/0/0 9s
OK gt(imp/impT/all)=2/4/6 err=0 verify(match/bug/late/unavail/toolna/cache/differ)=4/0/0/0/0/0/0 9s
OK gt(imp/impT/all)=26/26/61 err=0 verify(match/bug/late/unavail/toolna/cache/differ)=4/0/0/0/0/0/0 18s
OK gt(imp/impT/all)=3/3/29 err=0 verify(match/bug/late/unavail/toolna/cache/differ)=4/0/0/0/0/0/0 14s
OK gt(imp/impT/all)=21/24/30 err=0 verify(match/bug/late/unavail/toolna/cache/differ)=4/0/0/0/0/0/0 10s
OK gt(imp/impT/all)=17/20/52 err=0 verify(match/bug/late/unavail/toolna/cache/differ)=4/0/0/0/0/0/0 11s
OK gt(imp/impT/all)=6/6/15 err=0 verify(match/bug/late/unavail/toolna/cache/differ)=4/0/0/0/0/0/0 9s
OK gt(imp/impT/all)=22/22/59 err=0 verify(match/bug/late/unavail/toolna/cache/differ)=4/0/0/0/0/0/0 17s
OK gt(imp/impT/all)=27/28/90 err=0 verify(match/bug/late/unavail/toolna/cache/differ)=4/0/0/0/0/0/0 14s
OK gt(imp/impT/all)=7/7/9 err=0 verify(match/bug/late/unavail/toolna/cache/differ)=4/0/0/0/0/0/0 10s
OK gt(imp/impT/all)=7/11/15 err=0 verify(match/bug/late/unavail/toolna/cache/differ)=4/0/0/0/0/0/0 9s
# rerun2 開始 2026-08-06T06:06:18.746Z 対象=1528 (SHA未記録=1→SKIP) 上限=Infinity
# 7月に main を除外できていなかった repo（予測集合。この集合の repo のみ july_main_bug を許す）= 7 件: Lifailon__lazyjournal antonmedv__fx box-cli-maker__box-cli-maker dghubble__sling dtgorski__typex homedepot__flop naughtygopher__errors
# 7月側の記録が使えず比較できない repo（july_unavailable。ゲートは通すが verify.csv に残す）= 9 件: codemodus__catena dimuska139__rawg-sdk-go ggicci__httpin kubernetes__kubernetes mehrdadrad__tcpdog presbrey__ollamafarm rakyll__hey tendermint__tendermint zRedShift__mimemagic
# rerun2 開始 2026-08-06T06:06:18.755Z 対象=1528 (SHA未記録=1→SKIP) 上限=Infinity
# 7月に main を除外できていなかった repo（予測集合。この集合の repo のみ july_main_bug を許す）= 7 件: Lifailon__lazyjournal antonmedv__fx box-cli-maker__box-cli-maker dghubble__sling dtgorski__typex homedepot__flop naughtygopher__errors
# 7月側の記録が使えず比較できない repo（july_unavailable。ゲートは通すが verify.csv に残す）= 9 件: codemodus__catena dimuska139__rawg-sdk-go ggicci__httpin kubernetes__kubernetes mehrdadrad__tcpdog presbrey__ollamafarm rakyll__hey tendermint__tendermint zRedShift__mimemagic
# rerun2 開始 2026-08-06T06:06:18.782Z 対象=1528 (SHA未記録=1→SKIP) 上限=Infinity
# 7月に main を除外できていなかった repo（予測集合。この集合の repo のみ july_main_bug を許す）= 7 件: Lifailon__lazyjournal antonmedv__fx box-cli-maker__box-cli-maker dghubble__sling dtgorski__typex homedepot__flop naughtygopher__errors
# 7月側の記録が使えず比較できない repo（july_unavailable。ゲートは通すが verify.csv に残す）= 9 件: codemodus__catena dimuska139__rawg-sdk-go ggicci__httpin kubernetes__kubernetes mehrdadrad__tcpdog presbrey__ollamafarm rakyll__hey tendermint__tendermint zRedShift__mimemagic
SKIP(retryable/sha_fetch_failed)
SKIP(retryable/sha_fetch_failed)
OK gt(imp/impT/all)=1/1/3 err=0 verify(match/bug/late/unavail/toolna/cache/differ)=4/0/0/0/0/0/0 15s
OK gt(imp/impT/all)=9/9/14 err=0 verify(match/bug/late/unavail/toolna/cache/differ)=4/0/0/0/0/0/0 21s
OK gt(imp/impT/all)=3/3/3 err=0 verify(match/bug/late/unavail/toolna/cache/differ)=4/0/0/0/0/0/0 7s
OK gt(imp/impT/all)=2/6/13 err=0 verify(match/bug/late/unavail/toolna/cache/differ)=4/0/0/0/0/0/0 10s
OK gt(imp/impT/all)=1/5/10 err=0 verify(match/bug/late/unavail/toolna/cache/differ)=4/0/0/0/0/0/0 11s
OK gt(imp/impT/all)=3/6/8 err=0 verify(match/bug/late/unavail/toolna/cache/differ)=4/0/0/0/0/0/0 13s
OK gt(imp/impT/all)=22/26/54 err=0 verify(match/bug/late/unavail/toolna/cache/differ)=4/0/0/0/0/0/0 16s
OK gt(imp/impT/all)=2/2/2 err=0 verify(match/bug/late/unavail/toolna/cache/differ)=4/0/0/0/0/0/0 6s
OK gt(imp/impT/all)=1/4/4 err=0 verify(match/bug/late/unavail/toolna/cache/differ)=4/0/0/0/0/0/0 7s
OK gt(imp/impT/all)=13/14/41 err=0 verify(match/bug/late/unavail/toolna/cache/differ)=4/0/0/0/0/0/0 31s
OK gt(imp/impT/all)=1/1/1 err=0 verify(match/bug/late/unavail/toolna/cache/differ)=4/0/0/0/0/0/0 8s
OK gt(imp/impT/all)=40/45/65 err=0 verify(match/bug/late/unavail/toolna/cache/differ)=4/0/0/0/0/0/0 16s
OK gt(imp/impT/all)=160/164/511 err=0 verify(match/bug/late/unavail/toolna/cache/differ)=4/0/0/0/0/0/0 111s
OK gt(imp/impT/all)=42/42/153 err=0 verify(match/bug/late/unavail/toolna/cache/differ)=4/0/0/0/0/0/0 37s
OK gt(imp/impT/all)=18/23/38 err=0 verify(match/bug/late/unavail/toolna/cache/differ)=4/0/0/0/0/0/0 21s
OK gt(imp/impT/all)=5/5/416 err=0 verify(match/bug/late/unavail/toolna/cache/differ)=4/0/0/0/0/0/0 107s
OK gt(imp/impT/all)=376/376/859 err=0 verify(match/bug/late/unavail/toolna/cache/differ)=4/0/0/0/0/0/0 165s
OK gt(imp/impT/all)=47/47/312 err=0 verify(match/bug/late/unavail/toolna/cache/differ)=4/0/0/0/0/0/0 60s
OK gt(imp/impT/all)=62/65/142 err=0 verify(match/bug/late/unavail/toolna/cache/differ)=4/0/0/0/0/0/0 32s
OK gt(imp/impT/all)=128/128/277 err=0 verify(match/bug/late/unavail/toolna/cache/differ)=4/0/0/0/0/0/0 33s
OK gt(imp/impT/all)=75/80/267 err=0 verify(match/bug/late/unavail/toolna/cache/differ)=4/0/0/0/0/0/0 54s
OK gt(imp/impT/all)=1/2/2 err=0 verify(match/bug/late/unavail/toolna/cache/differ)=4/0/0/0/0/0/0 7s
OK gt(imp/impT/all)=2/2/37 err=0 verify(match/bug/late/unavail/toolna/cache/differ)=4/0/0/0/0/0/0 15s
OK gt(imp/impT/all)=2/3/6 err=0 verify(match/bug/late/unavail/toolna/cache/differ)=4/0/0/0/0/0/0 9s
OK gt(imp/impT/all)=34/34/121 err=0 verify(match/bug/late/unavail/toolna/cache/differ)=4/0/0/0/0/0/0 19s
OK gt(imp/impT/all)=48/52/147 err=0 verify(match/bug/late/unavail/toolna/cache/differ)=4/0/0/0/0/0/0 54s
OK gt(imp/impT/all)=1/1/2 err=0 verify(match/bug/late/unavail/toolna/cache/differ)=4/0/0/0/0/0/0 22s
OK gt(imp/impT/all)=1/6/11 err=0 verify(match/bug/late/unavail/toolna/cache/differ)=4/0/0/0/0/0/0 9s
OK gt(imp/impT/all)=5/9/16 err=0 verify(match/bug/late/unavail/toolna/cache/differ)=4/0/0/0/0/0/0 9s
OK gt(imp/impT/all)=33/39/89 err=0 verify(match/bug/late/unavail/toolna/cache/differ)=4/0/0/0/0/0/0 40s
OK gt(imp/impT/all)=1/5/13 err=0 verify(match/bug/late/unavail/toolna/cache/differ)=4/0/0/0/0/0/0 13s
OK gt(imp/impT/all)=7/10/13 err=0 verify(match/bug/late/unavail/toolna/cache/differ)=4/0/0/0/0/0/0 9s
OK gt(imp/impT/all)=10/15/25 err=0 verify(match/bug/late/unavail/toolna/cache/differ)=4/0/0/0/0/0/0 17s
OK gt(imp/impT/all)=1/1/1 err=0 verify(match/bug/late/unavail/toolna/cache/differ)=4/0/0/0/0/0/0 7s
OK gt(imp/impT/all)=1/4/4 err=0 verify(match/bug/late/unavail/toolna/cache/differ)=4/0/0/0/0/0/0 7s
OK gt(imp/impT/all)=2/6/11 err=0 verify(match/bug/late/unavail/toolna/cache/differ)=4/0/0/0/0/0/0 13s
OK gt(imp/impT/all)=8/8/24 err=0 verify(match/bug/late/unavail/toolna/cache/differ)=4/0/0/0/0/0/0 20s
OK gt(imp/impT/all)=1/1/1 err=0 verify(match/bug/late/unavail/toolna/cache/differ)=4/0/0/0/0/0/0 6s
OK gt(imp/impT/all)=7/10/17 err=0 verify(match/bug/late/unavail/toolna/cache/differ)=4/0/0/0/0/0/0 20s
OK gt(imp/impT/all)=1/5/20 err=0 verify(match/bug/late/unavail/toolna/cache/differ)=4/0/0/0/0/0/0 15s
OK gt(imp/impT/all)=34/38/131 err=0 verify(match/bug/late/unavail/toolna/cache/differ)=4/0/0/0/0/0/0 23s
OK gt(imp/impT/all)=2/4/12 err=0 verify(match/bug/late/unavail/toolna/cache/differ)=4/0/0/0/0/0/0 11s
OK gt(imp/impT/all)=46/46/68 err=0 verify(match/bug/late/unavail/toolna/cache/differ)=4/0/0/0/0/0/0 28s
OK gt(imp/impT/all)=4/4/7 err=0 verify(match/bug/late/unavail/toolna/cache/differ)=4/0/0/0/0/0/0 9s
OK gt(imp/impT/all)=92/95/403 err=0 verify(match/bug/late/unavail/toolna/cache/differ)=4/0/0/0/0/0/0 93s
OK gt(imp/impT/all)=1/6/9 err=0 verify(match/bug/late/unavail/toolna/cache/differ)=4/0/0/0/0/0/0 8s
OK gt(imp/impT/all)=202/222/391 err=0 verify(match/bug/late/unavail/toolna/cache/differ)=4/0/0/0/0/0/0 93s
OK gt(imp/impT/all)=258/258/707 err=0 verify(match/bug/late/unavail/toolna/cache/differ)=4/0/0/0/0/0/0 159s
# rerun2 開始 2026-08-06T07:40:07.837Z 対象=1528 (SHA未記録=1→SKIP) 上限=Infinity
# 7月に main を除外できていなかった repo（予測集合。この集合の repo のみ july_main_bug を許す）= 7 件: Lifailon__lazyjournal antonmedv__fx box-cli-maker__box-cli-maker dghubble__sling dtgorski__typex homedepot__flop naughtygopher__errors
# 7月側の記録が使えず比較できない repo（july_unavailable。ゲートは通すが verify.csv に残す）= 9 件: codemodus__catena dimuska139__rawg-sdk-go ggicci__httpin kubernetes__kubernetes mehrdadrad__tcpdog presbrey__ollamafarm rakyll__hey tendermint__tendermint zRedShift__mimemagic
# rerun2 開始 2026-08-06T07:40:07.855Z 対象=1528 (SHA未記録=1→SKIP) 上限=Infinity
# rerun2 開始 2026-08-06T07:40:07.863Z 対象=1528 (SHA未記録=1→SKIP) 上限=Infinity
# 7月に main を除外できていなかった repo（予測集合。この集合の repo のみ july_main_bug を許す）= 7 件: Lifailon__lazyjournal antonmedv__fx box-cli-maker__box-cli-maker dghubble__sling dtgorski__typex homedepot__flop naughtygopher__errors
# 7月側の記録が使えず比較できない repo（july_unavailable。ゲートは通すが verify.csv に残す）= 9 件: codemodus__catena dimuska139__rawg-sdk-go ggicci__httpin kubernetes__kubernetes mehrdadrad__tcpdog presbrey__ollamafarm rakyll__hey tendermint__tendermint zRedShift__mimemagic
# 7月に main を除外できていなかった repo（予測集合。この集合の repo のみ july_main_bug を許す）= 7 件: Lifailon__lazyjournal antonmedv__fx box-cli-maker__box-cli-maker dghubble__sling dtgorski__typex homedepot__flop naughtygopher__errors
# 7月側の記録が使えず比較できない repo（july_unavailable。ゲートは通すが verify.csv に残す）= 9 件: codemodus__catena dimuska139__rawg-sdk-go ggicci__httpin kubernetes__kubernetes mehrdadrad__tcpdog presbrey__ollamafarm rakyll__hey tendermint__tendermint zRedShift__mimemagic
SKIP(retryable/sha_fetch_failed)
SKIP(retryable/sha_fetch_failed)
SKIP(retryable/sha_fetch_failed)
OK gt(imp/impT/all)=27/27/43 err=0 verify(match/bug/late/unavail/toolna/cache/differ)=4/0/0/0/0/0/0 143s
OK gt(imp/impT/all)=12/12/43 err=0 verify(match/bug/late/unavail/toolna/cache/differ)=4/0/0/0/0/0/0 17s
OK gt(imp/impT/all)=16/21/32 err=0 verify(match/bug/late/unavail/toolna/cache/differ)=4/0/0/0/0/0/0 14s
OK gt(imp/impT/all)=81/81/379 err=0 verify(match/bug/late/unavail/toolna/cache/differ)=4/0/0/0/0/0/0 179s
OK gt(imp/impT/all)=1/3/7 err=0 verify(match/bug/late/unavail/toolna/cache/differ)=4/0/0/0/0/0/0 9s
OK gt(imp/impT/all)=7/7/39 err=0 verify(match/bug/late/unavail/toolna/cache/differ)=4/0/0/0/0/0/0 19s
OK gt(imp/impT/all)=189/200/586 err=0 verify(match/bug/late/unavail/toolna/cache/differ)=4/0/0/0/0/0/0 217s
OK gt(imp/impT/all)=12/12/23 err=0 verify(match/bug/late/unavail/toolna/cache/differ)=4/0/0/0/0/0/0 11s
OK gt(imp/impT/all)=3/8/127 err=0 verify(match/bug/late/unavail/toolna/cache/differ)=4/0/0/0/0/0/0 46s
OK gt(imp/impT/all)=35/35/54 err=0 verify(match/bug/late/unavail/toolna/cache/differ)=4/0/0/0/0/0/0 48s
OK gt(imp/impT/all)=11/12/20 err=0 verify(match/bug/late/unavail/toolna/cache/differ)=4/0/0/0/0/0/0 14s
OK gt(imp/impT/all)=10/14/48 err=0 verify(match/bug/late/unavail/toolna/cache/differ)=4/0/0/0/0/0/0 17s
OK gt(imp/impT/all)=1/1/10 err=0 verify(match/bug/late/unavail/toolna/cache/differ)=4/0/0/0/0/0/0 11s
OK gt(imp/impT/all)=2/2/6 err=0 verify(match/bug/late/unavail/toolna/cache/differ)=4/0/0/0/0/0/0 8s
OK gt(imp/impT/all)=6/6/39 err=0 verify(match/bug/late/unavail/toolna/cache/differ)=4/0/0/0/0/0/0 19s
OK gt(imp/impT/all)=3/3/8 err=0 verify(match/bug/late/unavail/toolna/cache/differ)=4/0/0/0/0/0/0 13s
OK gt(imp/impT/all)=10/10/21 err=0 verify(match/bug/late/unavail/toolna/cache/differ)=4/0/0/0/0/0/0 17s
OK gt(imp/impT/all)=35/37/91 err=0 verify(match/bug/late/unavail/toolna/cache/differ)=4/0/0/0/0/0/0 19s
OK gt(imp/impT/all)=4/10/18 err=0 verify(match/bug/late/unavail/toolna/cache/differ)=4/0/0/0/0/0/0 9s
OK gt(imp/impT/all)=83/84/182 err=0 verify(match/bug/late/unavail/toolna/cache/differ)=4/0/0/0/0/0/0 35s
OK gt(imp/impT/all)=1/1/7 err=0 verify(match/bug/late/unavail/toolna/cache/differ)=4/0/0/0/0/0/0 8s
OK gt(imp/impT/all)=41/41/80 err=0 verify(match/bug/late/unavail/toolna/cache/differ)=4/0/0/0/0/0/0 21s
OK gt(imp/impT/all)=10/10/31 err=0 verify(match/bug/late/unavail/toolna/cache/differ)=4/0/0/0/0/0/0 14s
OK gt(imp/impT/all)=258/262/787 err=0 verify(match/bug/late/unavail/toolna/cache/differ)=4/0/0/0/0/0/0 197s
OK gt(imp/impT/all)=3/3/8 err=0 verify(match/bug/late/unavail/toolna/cache/differ)=4/0/0/0/0/0/0 10s
OK gt(imp/impT/all)=10/14/42 err=0 verify(match/bug/late/unavail/toolna/cache/differ)=4/0/0/0/0/0/0 16s
OK gt(imp/impT/all)=2/3/10 err=0 verify(match/bug/late/unavail/toolna/cache/differ)=4/0/0/0/0/0/0 11s
OK gt(imp/impT/all)=26/27/102 err=0 verify(match/bug/late/unavail/toolna/cache/differ)=4/0/0/0/0/0/0 25s
OK gt(imp/impT/all)=2/5/37 err=0 verify(match/bug/late/unavail/toolna/cache/differ)=4/0/0/0/0/0/0 16s
OK gt(imp/impT/all)=12/12/23 err=0 verify(match/bug/late/unavail/toolna/cache/differ)=4/0/0/0/0/0/0 26s
OK gt(imp/impT/all)=20/23/186 err=0 verify(match/bug/late/unavail/toolna/cache/differ)=4/0/0/0/0/0/0 36s
OK gt(imp/impT/all)=120/126/313 err=0 verify(match/bug/late/unavail/toolna/cache/differ)=4/0/0/0/0/0/0 64s
OK gt(imp/impT/all)=2/2/6 err=0 verify(match/bug/late/unavail/toolna/cache/differ)=4/0/0/0/0/0/0 9s
# rerun2 開始 2026-08-06T07:49:46.787Z 対象=1528 (SHA未記録=1→SKIP) 上限=Infinity
# 7月に main を除外できていなかった repo（予測集合。この集合の repo のみ july_main_bug を許す）= 7 件: Lifailon__lazyjournal antonmedv__fx box-cli-maker__box-cli-maker dghubble__sling dtgorski__typex homedepot__flop naughtygopher__errors
# 7月側の記録が使えず比較できない repo（july_unavailable。ゲートは通すが verify.csv に残す）= 9 件: codemodus__catena dimuska139__rawg-sdk-go ggicci__httpin kubernetes__kubernetes mehrdadrad__tcpdog presbrey__ollamafarm rakyll__hey tendermint__tendermint zRedShift__mimemagic
# rerun2 開始 2026-08-06T07:49:46.798Z 対象=1528 (SHA未記録=1→SKIP) 上限=Infinity
# 7月に main を除外できていなかった repo（予測集合。この集合の repo のみ july_main_bug を許す）= 7 件: Lifailon__lazyjournal antonmedv__fx box-cli-maker__box-cli-maker dghubble__sling dtgorski__typex homedepot__flop naughtygopher__errors
# 7月側の記録が使えず比較できない repo（july_unavailable。ゲートは通すが verify.csv に残す）= 9 件: codemodus__catena dimuska139__rawg-sdk-go ggicci__httpin kubernetes__kubernetes mehrdadrad__tcpdog presbrey__ollamafarm rakyll__hey tendermint__tendermint zRedShift__mimemagic
# rerun2 開始 2026-08-06T07:49:46.824Z 対象=1528 (SHA未記録=1→SKIP) 上限=Infinity
# 7月に main を除外できていなかった repo（予測集合。この集合の repo のみ july_main_bug を許す）= 7 件: Lifailon__lazyjournal antonmedv__fx box-cli-maker__box-cli-maker dghubble__sling dtgorski__typex homedepot__flop naughtygopher__errors
# 7月側の記録が使えず比較できない repo（july_unavailable。ゲートは通すが verify.csv に残す）= 9 件: codemodus__catena dimuska139__rawg-sdk-go ggicci__httpin kubernetes__kubernetes mehrdadrad__tcpdog presbrey__ollamafarm rakyll__hey tendermint__tendermint zRedShift__mimemagic
OK gt(imp/impT/all)=118/124/336 err=0 verify(match/bug/late/unavail/toolna/cache/differ)=4/0/0/0/0/0/0 40s
OK gt(imp/impT/all)=16/16/48 err=0 verify(match/bug/late/unavail/toolna/cache/differ)=4/0/0/0/0/0/0 11s
OK gt(imp/impT/all)=20/31/216 err=0 verify(match/bug/late/unavail/toolna/cache/differ)=4/0/0/0/0/0/0 58s
OK gt(imp/impT/all)=192/197/612 err=0 verify(match/bug/late/unavail/toolna/cache/differ)=4/0/0/0/0/0/0 117s
OK gt(imp/impT/all)=12/12/32 err=0 verify(match/bug/late/unavail/toolna/cache/differ)=4/0/0/0/0/0/0 11s
OK gt(imp/impT/all)=1/1/6 err=0 verify(match/bug/late/unavail/toolna/cache/differ)=4/0/0/0/0/0/0 8s
OK gt(imp/impT/all)=1/6/11 err=0 verify(match/bug/late/unavail/toolna/cache/differ)=4/0/0/0/0/0/0 8s
OK gt(imp/impT/all)=1/5/12 err=0 verify(match/bug/late/unavail/toolna/cache/differ)=4/0/0/0/0/0/0 11s
OK gt(imp/impT/all)=48/48/232 err=0 verify(match/bug/late/unavail/toolna/cache/differ)=4/0/0/0/0/0/0 18s
OK gt(imp/impT/all)=2/6/12 err=0 verify(match/bug/late/unavail/toolna/cache/differ)=4/0/0/0/0/0/0 10s
OK gt(imp/impT/all)=10/10/25 err=0 verify(match/bug/late/unavail/toolna/cache/differ)=4/0/0/0/0/0/0 14s
OK gt(imp/impT/all)=1/1/1 err=0 verify(match/bug/late/unavail/toolna/cache/differ)=4/0/0/0/0/0/0 6s
OK gt(imp/impT/all)=55/57/97 err=0 verify(match/bug/late/unavail/toolna/cache/differ)=4/0/0/0/0/0/0 23s
OK gt(imp/impT/all)=4/4/4 err=0 verify(match/bug/late/unavail/toolna/cache/differ)=4/0/0/0/0/0/0 8s
OK gt(imp/impT/all)=2/2/3 err=0 verify(match/bug/late/unavail/toolna/cache/differ)=4/0/0/0/0/0/0 8s
OK gt(imp/impT/all)=20/28/60 err=0 verify(match/bug/late/unavail/toolna/cache/differ)=4/0/0/0/0/0/0 18s
OK gt(imp/impT/all)=21/25/47 err=0 verify(match/bug/late/unavail/toolna/cache/differ)=4/0/0/0/0/0/0 16s
OK gt(imp/impT/all)=43/43/124 err=0 verify(match/bug/late/unavail/toolna/cache/differ)=4/0/0/0/0/0/0 20s
OK gt(imp/impT/all)=2/2/14 err=0 verify(match/bug/late/unavail/toolna/cache/differ)=4/0/0/0/0/0/0 22s
OK gt(imp/impT/all)=2/2/2 err=0 verify(match/bug/late/unavail/toolna/cache/differ)=4/0/0/0/0/0/0 8s
OK gt(imp/impT/all)=17/22/35 err=0 verify(match/bug/late/unavail/toolna/cache/differ)=4/0/0/0/0/0/0 14s
OK gt(imp/impT/all)=7/13/112 err=0 verify(match/bug/late/unavail/toolna/cache/differ)=4/0/0/0/0/0/0 16s
OK gt(imp/impT/all)=68/72/160 err=0 verify(match/bug/late/unavail/toolna/cache/differ)=4/0/0/0/0/0/0 31s
OK gt(imp/impT/all)=36/36/52 err=0 verify(match/bug/late/unavail/toolna/cache/differ)=4/0/0/0/0/0/0 15s
OK gt(imp/impT/all)=55/69/188 err=0 verify(match/bug/late/unavail/toolna/cache/differ)=4/0/0/0/0/0/0 36s
OK gt(imp/impT/all)=2/2/2 err=0 verify(match/bug/late/unavail/toolna/cache/differ)=4/0/0/0/0/0/0 7s
OK gt(imp/impT/all)=180/182/546 err=0 verify(match/bug/late/unavail/toolna/cache/differ)=4/0/0/0/0/0/0 114s
OK gt(imp/impT/all)=6/6/7 err=0 verify(match/bug/late/unavail/toolna/cache/differ)=4/0/0/0/0/0/0 9s

# 完了 処理=12 成功=1520 SKIP=0
# 検証 match=48 july_main_bug=0 july_main_bug_late=0 july_unavailable=0 july_tool_na=0 cache_sensitive=0 differ=0
OK gt(imp/impT/all)=23/23/169 err=0 verify(match/bug/late/unavail/toolna/cache/differ)=4/0/0/0/0/0/0 50s

# 完了 処理=17 成功=1519 SKIP=0
# 検証 match=68 july_main_bug=0 july_main_bug_late=0 july_unavailable=0 july_tool_na=0 cache_sensitive=0 differ=0
# rerun2 開始 2026-08-06T08:01:41.563Z 対象=12 (SHA未記録=0→SKIP) 上限=Infinity
# 7月に main を除外できていなかった repo（予測集合。この集合の repo のみ july_main_bug を許す）= 7 件: Lifailon__lazyjournal antonmedv__fx box-cli-maker__box-cli-maker dghubble__sling dtgorski__typex homedepot__flop naughtygopher__errors
# 7月側の記録が使えず比較できない repo（july_unavailable。ゲートは通すが verify.csv に残す）= 9 件: codemodus__catena dimuska139__rawg-sdk-go ggicci__httpin kubernetes__kubernetes mehrdadrad__tcpdog presbrey__ollamafarm rakyll__hey tendermint__tendermint zRedShift__mimemagic
OK gt(imp/impT/all)=31/47/196 err=0 verify(match/bug/late/unavail/toolna/cache/differ)=4/0/0/0/0/0/0 263s
OK gt(imp/impT/all)=6/6/12 err=0 verify(match/bug/late/unavail/toolna/cache/differ)=4/0/0/0/0/0/0 9s
OK gt(imp/impT/all)=171/182/421 err=0 verify(match/bug/late/unavail/toolna/cache/differ)=4/0/0/0/0/0/0 72s
OK gt(imp/impT/all)=191/191/578 err=0 verify(match/bug/late/unavail/toolna/cache/differ)=4/0/0/0/0/0/0 107s
OK gt(imp/impT/all)=66/68/147 err=0 verify(match/bug/late/unavail/toolna/cache/differ)=4/0/0/0/0/0/0 30s
# rerun2 開始 2026-08-06T08:11:24.887Z 対象=12 (SHA未記録=0→SKIP) 上限=Infinity
# 7月に main を除外できていなかった repo（予測集合。この集合の repo のみ july_main_bug を許す）= 7 件: Lifailon__lazyjournal antonmedv__fx box-cli-maker__box-cli-maker dghubble__sling dtgorski__typex homedepot__flop naughtygopher__errors
# 7月側の記録が使えず比較できない repo（july_unavailable。ゲートは通すが verify.csv に残す）= 9 件: codemodus__catena dimuska139__rawg-sdk-go ggicci__httpin kubernetes__kubernetes mehrdadrad__tcpdog presbrey__ollamafarm rakyll__hey tendermint__tendermint zRedShift__mimemagic
OK gt(imp/impT/all)=208/208/677 err=0 verify(match/bug/late/unavail/toolna/cache/differ)=4/0/0/0/0/0/0 99s
OK gt(imp/impT/all)=18/22/340 err=0 verify(match/bug/late/unavail/toolna/cache/differ)=4/0/0/0/0/0/0 58s
SKIP(retryable/sha_fetch_failed)
OK gt(imp/impT/all)=244/244/778 err=0 verify(match/bug/late/unavail/toolna/cache/differ)=4/0/0/0/0/0/0 78s
OK gt(imp/impT/all)=194/194/652 err=0 verify(match/bug/late/unavail/toolna/cache/differ)=4/0/0/0/0/0/0 142s
OK gt(imp/impT/all)=298/300/823 err=0 verify(match/bug/late/unavail/toolna/cache/differ)=4/0/0/0/0/0/0 145s

# 完了 処理=6 成功=10 SKIP=1
# 検証 match=20 july_main_bug=0 july_main_bug_late=0 july_unavailable=0 july_tool_na=0 cache_sensitive=0 differ=0
# rerun2 開始 2026-08-06T08:20:31.972Z 対象=12 (SHA未記録=0→SKIP) 上限=Infinity
# 7月に main を除外できていなかった repo（予測集合。この集合の repo のみ july_main_bug を許す）= 7 件: Lifailon__lazyjournal antonmedv__fx box-cli-maker__box-cli-maker dghubble__sling dtgorski__typex homedepot__flop naughtygopher__errors
# 7月側の記録が使えず比較できない repo（july_unavailable。ゲートは通すが verify.csv に残す）= 9 件: codemodus__catena dimuska139__rawg-sdk-go ggicci__httpin kubernetes__kubernetes mehrdadrad__tcpdog presbrey__ollamafarm rakyll__hey tendermint__tendermint zRedShift__mimemagic
SKIP(retryable/sha_fetch_failed)

# 完了 処理=1 成功=10 SKIP=1
# 検証 match=0 july_main_bug=0 july_main_bug_late=0 july_unavailable=0 july_tool_na=0 cache_sensitive=0 differ=0
# rerun2 開始 2026-08-06T08:20:33.127Z 対象=12 (SHA未記録=0→SKIP) 上限=Infinity
# 7月に main を除外できていなかった repo（予測集合。この集合の repo のみ july_main_bug を許す）= 7 件: Lifailon__lazyjournal antonmedv__fx box-cli-maker__box-cli-maker dghubble__sling dtgorski__typex homedepot__flop naughtygopher__errors
# 7月側の記録が使えず比較できない repo（july_unavailable。ゲートは通すが verify.csv に残す）= 9 件: codemodus__catena dimuska139__rawg-sdk-go ggicci__httpin kubernetes__kubernetes mehrdadrad__tcpdog presbrey__ollamafarm rakyll__hey tendermint__tendermint zRedShift__mimemagic
SKIP(retryable/sha_fetch_failed)

# 完了 処理=1 成功=10 SKIP=1
# 検証 match=0 july_main_bug=0 july_main_bug_late=0 july_unavailable=0 july_tool_na=0 cache_sensitive=0 differ=0
# rerun2 開始 2026-08-06T08:20:33.741Z 対象=12 (SHA未記録=0→SKIP) 上限=Infinity
# 7月に main を除外できていなかった repo（予測集合。この集合の repo のみ july_main_bug を許す）= 7 件: Lifailon__lazyjournal antonmedv__fx box-cli-maker__box-cli-maker dghubble__sling dtgorski__typex homedepot__flop naughtygopher__errors
# 7月側の記録が使えず比較できない repo（july_unavailable。ゲートは通すが verify.csv に残す）= 9 件: codemodus__catena dimuska139__rawg-sdk-go ggicci__httpin kubernetes__kubernetes mehrdadrad__tcpdog presbrey__ollamafarm rakyll__hey tendermint__tendermint zRedShift__mimemagic
SKIP(retryable/sha_fetch_failed)

# 完了 処理=1 成功=10 SKIP=1
# 検証 match=0 july_main_bug=0 july_main_bug_late=0 july_unavailable=0 july_tool_na=0 cache_sensitive=0 differ=0
# rerun2 開始 2026-08-06T08:21:17.022Z 対象=1 (SHA未記録=0→SKIP) 上限=Infinity
# 7月に main を除外できていなかった repo（予測集合。この集合の repo のみ july_main_bug を許す）= 7 件: Lifailon__lazyjournal antonmedv__fx box-cli-maker__box-cli-maker dghubble__sling dtgorski__typex homedepot__flop naughtygopher__errors
# 7月側の記録が使えず比較できない repo（july_unavailable。ゲートは通すが verify.csv に残す）= 9 件: codemodus__catena dimuska139__rawg-sdk-go ggicci__httpin kubernetes__kubernetes mehrdadrad__tcpdog presbrey__ollamafarm rakyll__hey tendermint__tendermint zRedShift__mimemagic
SKIP(retryable/sha_fetch_failed)

# 完了 処理=1 成功=0 SKIP=1
# 検証 match=0 july_main_bug=0 july_main_bug_late=0 july_unavailable=0 july_tool_na=0 cache_sensitive=0 differ=0
# rerun2 開始 2026-08-06T08:23:55.728Z 対象=1 (SHA未記録=0→SKIP) 上限=Infinity
# 7月に main を除外できていなかった repo（予測集合。この集合の repo のみ july_main_bug を許す）= 7 件: Lifailon__lazyjournal antonmedv__fx box-cli-maker__box-cli-maker dghubble__sling dtgorski__typex homedepot__flop naughtygopher__errors
# 7月側の記録が使えず比較できない repo（july_unavailable。ゲートは通すが verify.csv に残す）= 9 件: codemodus__catena dimuska139__rawg-sdk-go ggicci__httpin kubernetes__kubernetes mehrdadrad__tcpdog presbrey__ollamafarm rakyll__hey tendermint__tendermint zRedShift__mimemagic
OK gt(imp/impT/all)=22/26/169 err=0 verify(match/bug/late/unavail/toolna/cache/differ)=4/0/0/0/0/0/0 207s

# 完了 処理=1 成功=1 SKIP=0
# 検証 match=4 july_main_bug=0 july_main_bug_late=0 july_unavailable=0 july_tool_na=0 cache_sensitive=0 differ=0
