repo,tool,n_all_tp,n_all_fp,n_all_fn,n_imp_tp,n_imp_fp,n_imp_fn,n_impT_tp,n_impT_fp,n_impT_fn,v_all_tp,v_all_fp,v_all_fn,v_imp_tp,v_imp_fp,v_imp_fn,v_impT_tp,v_impT_fp,v_impT_fn,fp_test,fp_otherOS,fp_direct_unused,fp_indirect_unused,fp_gosum_only,fp_sibling
rulego__streamsql,syft,6,0,1,1,5,0,5,1,0,6,0,1,1,5,0,5,1,0,4,0,0,0,1,0
rulego__streamsql,trivy,5,0,2,1,4,0,5,0,0,5,0,2,1,4,0,5,0,0,4,0,0,0,0,0
rulego__streamsql,cdxgen,1,0,6,1,0,0,1,0,4,1,0,6,1,0,0,1,0,4,0,0,0,0,0,0
rulego__streamsql,cyclonedx-gomod,1,0,6,1,0,0,1,0,4,1,0,6,1,0,0,1,0,4,0,0,0,0,0,0
olivere__elastic,syft,26,8,27,13,21,0,15,19,0,24,11,29,13,22,0,15,20,0,2,0,0,2,0,17
olivere__elastic,trivy,20,9,33,13,16,0,15,14,0,18,12,35,13,17,0,15,15,0,2,0,0,2,0,12
olivere__elastic,cdxgen,20,9,33,13,16,0,15,14,0,18,12,35,13,17,0,15,15,0,2,0,0,2,0,12
olivere__elastic,cyclonedx-gomod,13,0,40,13,0,0,13,0,2,13,0,40,13,0,0,13,0,2,0,0,0,0,0,0
andy2046__failured,syft,1,0,0,1,0,0,1,0,0,1,0,0,1,0,0,1,0,0,0,0,0,0,0,0
andy2046__failured,trivy,1,0,0,1,0,0,1,0,0,1,0,0,1,0,0,1,0,0,0,0,0,0,0,0
andy2046__failured,cdxgen,1,0,0,1,0,0,1,0,0,1,0,0,1,0,0,1,0,0,0,0,0,0,0,0
andy2046__failured,cyclonedx-gomod,1,0,0,1,0,0,1,0,0,1,0,0,1,0,0,1,0,0,0,0,0,0,0,0
didip__tollbooth,syft,6,0,0,1,5,0,1,5,0,6,0,0,1,5,0,1,5,0,0,0,0,0,5,0
didip__tollbooth,trivy,6,0,0,1,5,0,1,5,0,6,0,0,1,5,0,1,5,0,0,0,0,0,5,0
didip__tollbooth,cdxgen,1,0,5,1,0,0,1,0,0,1,0,5,1,0,0,1,0,0,0,0,0,0,0,0
didip__tollbooth,cyclonedx-gomod,1,0,5,1,0,0,1,0,0,1,0,5,1,0,0,1,0,0,0,0,0,0,0,0
ClickHouse__clickhouse-go,syft,77,0,28,55,22,0,56,21,0,77,0,28,55,22,0,56,21,0,1,4,0,3,14,0
ClickHouse__clickhouse-go,trivy,63,0,42,55,8,0,56,7,0,63,0,42,55,8,0,56,7,0,1,4,0,3,0,0
ClickHouse__clickhouse-go,cdxgen,55,0,50,55,0,0,55,0,1,55,0,50,55,0,0,55,0,1,0,0,0,0,0,0
ClickHouse__clickhouse-go,cyclonedx-gomod,62,0,43,55,7,0,55,7,1,62,0,43,55,7,0,55,7,1,0,4,0,3,0,0
abice__go-enum,syft,39,0,10,23,16,0,29,10,0,39,0,10,23,16,0,29,10,0,6,0,3,2,5,0
abice__go-enum,trivy,35,0,14,23,12,0,29,6,0,35,0,14,23,12,0,29,6,0,6,0,3,2,1,0
abice__go-enum,cdxgen,23,0,26,23,0,0,23,0,6,23,0,26,23,0,0,23,0,6,0,0,0,0,0,0
abice__go-enum,cyclonedx-gomod,27,0,22,23,4,0,24,3,5,27,0,22,23,4,0,24,3,5,1,0,2,1,0,0
jeroenrinzema__psql-wire,syft,19,0,9,10,9,0,11,8,0,19,0,9,10,9,0,11,8,0,1,0,0,5,3,0
jeroenrinzema__psql-wire,trivy,16,0,12,10,6,0,11,5,0,16,0,12,10,6,0,11,5,0,1,0,0,5,0,0
jeroenrinzema__psql-wire,cdxgen,10,0,18,10,0,0,10,0,1,10,0,18,10,0,0,10,0,1,0,0,0,0,0,0
jeroenrinzema__psql-wire,cyclonedx-gomod,10,0,18,7,3,3,7,3,4,10,0,18,7,3,3,7,3,4,0,0,0,3,0,0
xhd2015__xgo,syft,1,135,0,1,135,0,1,135,0,1,158,0,1,158,0,1,158,0,0,0,0,0,0,135
xhd2015__xgo,trivy,1,123,0,1,123,0,1,123,0,1,141,0,1,141,0,1,141,0,0,0,0,0,0,123
xhd2015__xgo,cdxgen,NA
xhd2015__xgo,cyclonedx-gomod,1,0,0,1,0,0,1,0,0,1,0,0,1,0,0,1,0,0,0,0,0,0,0,0
galeone__rts,syft,5,0,1,2,3,0,2,3,0,5,0,1,2,3,0,2,3,0,0,0,0,1,2,0
galeone__rts,trivy,3,0,3,2,1,0,2,1,0,3,0,3,2,1,0,2,1,0,0,0,0,1,0,0
galeone__rts,cdxgen,2,0,4,2,0,0,2,0,0,2,0,4,2,0,0,2,0,0,0,0,0,0,0,0
galeone__rts,cyclonedx-gomod,2,0,4,2,0,0,2,0,0,2,0,4,2,0,0,2,0,0,0,0,0,0,0,0
rubyist__circuitbreaker,syft,3,0,0,2,1,0,3,0,0,3,0,0,2,1,0,3,0,0,1,0,0,0,0,0
rubyist__circuitbreaker,trivy,3,0,0,2,1,0,3,0,0,3,0,0,2,1,0,3,0,0,1,0,0,0,0,0
rubyist__circuitbreaker,cdxgen,2,0,1,2,0,0,2,0,1,2,0,1,2,0,0,2,0,1,0,0,0,0,0,0
rubyist__circuitbreaker,cyclonedx-gomod,2,0,1,2,0,0,2,0,1,2,0,1,2,0,0,2,0,1,0,0,0,0,0,0
rafaelespinoza__godfish,syft,58,0,10,23,35,0,23,35,0,58,0,10,23,35,0,23,35,0,0,2,0,0,33,0
rafaelespinoza__godfish,trivy,25,0,43,23,2,0,23,2,0,25,0,43,23,2,0,23,2,0,0,2,0,0,0,0
rafaelespinoza__godfish,cdxgen,23,0,45,23,0,0,23,0,0,23,0,45,23,0,0,23,0,0,0,0,0,0,0,0
rafaelespinoza__godfish,cyclonedx-gomod,25,0,43,23,2,0,23,2,0,25,0,43,23,2,0,23,2,0,0,2,0,0,0,0
nats-io__nats-server,syft,11,0,12,9,2,0,10,1,0,11,0,12,9,2,0,10,1,0,1,1,0,0,0,0
nats-io__nats-server,trivy,11,0,12,9,2,0,10,1,0,11,0,12,9,2,0,10,1,0,1,1,0,0,0,0
nats-io__nats-server,cdxgen,9,0,14,9,0,0,9,0,1,9,0,14,9,0,0,9,0,1,0,0,0,0,0,0
nats-io__nats-server,cyclonedx-gomod,10,0,13,9,1,0,9,1,1,10,0,13,9,1,0,9,1,1,0,1,0,0,0,0
ssgreg__journald,syft,4,0,0,1,3,0,4,0,0,4,0,0,1,3,0,4,0,0,3,0,0,0,0,0
ssgreg__journald,trivy,4,0,0,1,3,0,4,0,0,4,0,0,1,3,0,4,0,0,3,0,0,0,0,0
ssgreg__journald,cdxgen,1,0,3,1,0,0,1,0,3,1,0,3,1,0,0,1,0,3,0,0,0,0,0,0
ssgreg__journald,cyclonedx-gomod,1,0,3,1,0,0,1,0,3,1,0,3,1,0,0,1,0,3,0,0,0,0,0,0
kisielk__errcheck,syft,4,0,4,3,1,0,3,1,0,4,0,4,3,1,0,3,1,0,0,0,0,0,1,0
kisielk__errcheck,trivy,3,0,5,3,0,0,3,0,0,3,0,5,3,0,0,3,0,0,0,0,0,0,0,0
kisielk__errcheck,cdxgen,3,0,5,3,0,0,3,0,0,3,0,5,3,0,0,3,0,0,0,0,0,0,0,0
kisielk__errcheck,cyclonedx-gomod,3,0,5,3,0,0,3,0,0,3,0,5,3,0,0,3,0,0,0,0,0,0,0,0
i25959341__orderbook,syft,2,0,0,2,0,0,2,0,0,2,0,0,2,0,0,2,0,0,0,0,0,0,0,0
i25959341__orderbook,trivy,2,0,0,2,0,0,2,0,0,2,0,0,2,0,0,2,0,0,0,0,0,0,0,0
i25959341__orderbook,cdxgen,2,0,0,2,0,0,2,0,0,2,0,0,2,0,0,2,0,0,0,0,0,0,0,0
i25959341__orderbook,cyclonedx-gomod,2,0,0,2,0,0,2,0,0,2,0,0,2,0,0,2,0,0,0,0,0,0,0,0
essentialkaos__branca,syft,6,0,7,2,4,0,6,0,0,6,0,7,2,4,0,6,0,0,4,0,0,0,0,0
essentialkaos__branca,trivy,6,0,7,2,4,0,6,0,0,6,0,7,2,4,0,6,0,0,4,0,0,0,0,0
essentialkaos__branca,cdxgen,2,0,11,2,0,0,2,0,4,2,0,11,2,0,0,2,0,4,0,0,0,0,0,0
essentialkaos__branca,cyclonedx-gomod,2,0,11,2,0,0,2,0,4,2,0,11,2,0,0,2,0,4,0,0,0,0,0,0
go-gorm__gorm,syft,6,37,2,3,40,0,5,38,0,5,40,3,3,42,0,5,40,0,2,0,0,0,0,38
go-gorm__gorm,trivy,6,23,2,3,26,0,5,24,0,5,26,3,3,28,0,5,26,0,2,0,0,0,0,24
go-gorm__gorm,cdxgen,3,0,5,3,0,0,3,0,2,3,0,5,3,0,0,3,0,2,0,0,0,0,0,0
go-gorm__gorm,cyclonedx-gomod,3,0,5,3,0,0,3,0,2,3,0,5,3,0,0,3,0,2,0,0,0,0,0,0
adelowo__gulter,syft,51,0,11,36,15,0,42,9,0,51,0,11,36,15,0,42,9,0,6,1,0,0,8,0
adelowo__gulter,trivy,43,0,19,36,7,0,42,1,0,43,0,19,36,7,0,42,1,0,6,1,0,0,0,0
adelowo__gulter,cdxgen,36,0,26,36,0,0,36,0,6,36,0,26,36,0,0,36,0,6,0,0,0,0,0,0
adelowo__gulter,cyclonedx-gomod,37,0,25,36,1,0,36,1,6,37,0,25,36,1,0,36,1,6,0,1,0,0,0,0
otiai10__copy,syft,3,0,0,2,1,0,3,0,0,3,0,0,2,1,0,3,0,0,1,0,0,0,0,0
otiai10__copy,trivy,3,0,0,2,1,0,3,0,0,3,0,0,2,1,0,3,0,0,1,0,0,0,0,0
otiai10__copy,cdxgen,2,0,1,2,0,0,2,0,1,2,0,1,2,0,0,2,0,1,0,0,0,0,0,0
otiai10__copy,cyclonedx-gomod,3,0,0,2,1,0,3,0,0,3,0,0,2,1,0,3,0,0,1,0,0,0,0,0
ironsmile__euterpe,syft,41,0,50,16,25,0,18,23,0,41,0,50,16,25,0,18,23,0,2,0,1,10,12,0
ironsmile__euterpe,trivy,29,0,62,16,13,0,18,11,0,29,0,62,16,13,0,18,11,0,2,0,1,10,0,0
ironsmile__euterpe,cdxgen,29,0,62,16,13,0,18,11,0,29,0,62,16,13,0,18,11,0,2,0,1,10,0,0
ironsmile__euterpe,cyclonedx-gomod,23,0,68,16,7,0,16,7,2,23,0,68,16,7,0,16,7,2,0,0,1,6,0,0
wabarc__wayback,syft,200,0,208,140,60,0,140,60,0,200,0,208,140,60,0,140,60,0,0,1,2,35,22,0
wabarc__wayback,trivy,178,0,230,140,38,0,140,38,0,178,0,230,140,38,0,140,38,0,0,1,2,35,0,0
wabarc__wayback,cdxgen,140,0,268,140,0,0,140,0,0,140,0,268,140,0,0,140,0,0,0,0,0,0,0,0
wabarc__wayback,cyclonedx-gomod,178,0,230,140,38,0,140,38,0,178,0,230,140,38,0,140,38,0,0,1,2,35,0,0
liweiyi88__onedump,syft,96,1,52,73,24,0,79,18,0,96,1,52,73,24,0,79,18,0,6,2,0,0,15,1
liweiyi88__onedump,trivy,81,0,67,73,8,0,79,2,0,81,0,67,73,8,0,79,2,0,6,2,0,0,0,0
liweiyi88__onedump,cdxgen,73,0,75,73,0,0,73,0,6,73,0,75,73,0,0,73,0,6,0,0,0,0,0,0
liweiyi88__onedump,cyclonedx-gomod,75,0,73,73,2,0,73,2,6,75,0,73,73,2,0,73,2,6,0,2,0,0,0,0
bmf-san__gondola,syft,3,1,0,2,2,0,2,2,0,3,1,0,2,2,0,2,2,0,0,0,0,0,1,1
bmf-san__gondola,trivy,3,1,0,2,2,0,2,2,0,3,1,0,2,2,0,2,2,0,0,0,0,0,1,1
bmf-san__gondola,cdxgen,2,0,1,2,0,0,2,0,0,2,0,1,2,0,0,2,0,0,0,0,0,0,0,0
bmf-san__gondola,cyclonedx-gomod,2,0,1,2,0,0,2,0,0,2,0,1,2,0,0,2,0,0,0,0,0,0,0,0
nicksnyder__go-i18n,syft,4,0,3,3,1,0,3,1,0,4,0,3,3,1,0,3,1,0,0,0,0,0,1,0
nicksnyder__go-i18n,trivy,4,0,3,3,1,0,3,1,0,4,0,3,3,1,0,3,1,0,0,0,0,0,1,0
nicksnyder__go-i18n,cdxgen,3,0,4,3,0,0,3,0,0,3,0,4,3,0,0,3,0,0,0,0,0,0,0,0
nicksnyder__go-i18n,cyclonedx-gomod,3,0,4,3,0,0,3,0,0,3,0,4,3,0,0,3,0,0,0,0,0,0,0,0
nwillc__genfuncs,syft,6,0,6,1,5,0,5,1,0,6,0,6,1,5,0,5,1,0,4,0,0,0,1,0
nwillc__genfuncs,trivy,5,0,7,1,4,0,5,0,0,5,0,7,1,4,0,5,0,0,4,0,0,0,0,0
nwillc__genfuncs,cdxgen,1,0,11,1,0,0,1,0,4,1,0,11,1,0,0,1,0,4,0,0,0,0,0,0
nwillc__genfuncs,cyclonedx-gomod,1,0,11,1,0,0,1,0,4,1,0,11,1,0,0,1,0,4,0,0,0,0,0,0
jroimartin__gocui,syft,2,0,0,2,0,0,2,0,0,2,0,0,2,0,0,2,0,0,0,0,0,0,0,0
jroimartin__gocui,trivy,2,0,0,2,0,0,2,0,0,2,0,0,2,0,0,2,0,0,0,0,0,0,0,0
jroimartin__gocui,cdxgen,2,0,0,2,0,0,2,0,0,2,0,0,2,0,0,2,0,0,0,0,0,0,0,0
jroimartin__gocui,cyclonedx-gomod,2,0,0,2,0,0,2,0,0,2,0,0,2,0,0,2,0,0,0,0,0,0,0,0
gontainer__reflectpro,syft,6,0,1,1,5,0,5,1,0,6,0,1,1,5,0,5,1,0,4,0,0,0,1,0
gontainer__reflectpro,trivy,7,0,0,1,6,0,5,2,0,7,0,0,1,6,0,5,2,0,4,0,0,0,2,0
gontainer__reflectpro,cdxgen,1,0,6,1,0,0,1,0,4,1,0,6,1,0,0,1,0,4,0,0,0,0,0,0
gontainer__reflectpro,cyclonedx-gomod,1,0,6,1,0,0,1,0,4,1,0,6,1,0,0,1,0,4,0,0,0,0,0,0
centerorbit__depcharge,syft,9,0,6,4,5,0,7,2,0,9,0,6,4,5,0,7,2,0,3,0,0,1,1,0
centerorbit__depcharge,trivy,15,0,0,4,11,0,7,8,0,15,0,0,4,11,0,7,8,0,3,0,0,1,7,0
centerorbit__depcharge,cdxgen,4,0,11,4,0,0,4,0,3,4,0,11,4,0,0,4,0,3,0,0,0,0,0,0
centerorbit__depcharge,cyclonedx-gomod,4,0,11,4,0,0,4,0,3,4,0,11,4,0,0,4,0,3,0,0,0,0,0,0
aptly-dev__aptly,syft,244,0,177,171,73,0,182,62,0,244,0,177,171,73,0,182,62,0,11,1,0,11,50,0
aptly-dev__aptly,trivy,194,0,227,171,23,0,182,12,0,194,0,227,171,23,0,182,12,0,11,1,0,11,0,0
aptly-dev__aptly,cdxgen,194,0,227,171,23,0,182,12,0,194,0,227,171,23,0,182,12,0,11,1,0,11,0,0
aptly-dev__aptly,cyclonedx-gomod,181,0,240,171,10,0,171,10,11,181,0,240,171,10,0,171,10,11,0,1,0,9,0,0
ajstarks__svgo,syft,3,0,11,3,0,0,3,0,0,3,0,11,3,0,0,3,0,0,0,0,0,0,0,0
ajstarks__svgo,trivy,14,0,0,3,11,0,3,11,0,14,0,0,3,11,0,3,11,0,0,0,0,0,11,0
ajstarks__svgo,cdxgen,3,0,11,3,0,0,3,0,0,3,0,11,3,0,0,3,0,0,0,0,0,0,0,0
ajstarks__svgo,cyclonedx-gomod,3,0,11,3,0,0,3,0,0,3,0,11,3,0,0,3,0,0,0,0,0,0,0,0
viant__afs,syft,20,0,59,5,15,0,11,9,0,20,0,59,5,15,0,11,9,0,6,0,0,4,5,0
viant__afs,trivy,15,0,64,5,10,0,11,4,0,15,0,64,5,10,0,11,4,0,6,0,0,4,0,0
viant__afs,cdxgen,5,0,74,5,0,0,5,0,6,5,0,74,5,0,0,5,0,6,0,0,0,0,0,0
viant__afs,cyclonedx-gomod,6,0,73,5,1,0,5,1,6,6,0,73,5,1,0,5,1,6,0,0,0,1,0,0
kool-dev__kool,syft,57,0,34,35,22,0,37,20,0,57,0,34,35,22,0,37,20,0,2,2,0,6,12,0
kool-dev__kool,trivy,45,0,46,35,10,0,37,8,0,45,0,46,35,10,0,37,8,0,2,2,0,6,0,0
kool-dev__kool,cdxgen,35,0,56,35,0,0,35,0,2,35,0,56,35,0,0,35,0,2,0,0,0,0,0,0
kool-dev__kool,cyclonedx-gomod,37,0,54,35,2,0,35,2,2,37,0,54,35,2,0,35,2,2,0,2,0,0,0,0
firasdarwish__ore,syft,5,4,1,4,5,0,4,5,0,5,4,1,4,5,0,4,5,0,0,0,0,0,1,4
firasdarwish__ore,trivy,4,3,2,4,3,0,4,3,0,4,3,2,4,3,0,4,3,0,0,0,0,0,0,3
firasdarwish__ore,cdxgen,4,2,2,4,2,0,4,2,0,4,2,2,4,2,0,4,2,0,0,0,0,0,0,2
firasdarwish__ore,cyclonedx-gomod,4,0,2,4,0,0,4,0,0,4,0,2,4,0,0,4,0,0,0,0,0,0,0,0
no-src__gofs,syft,120,0,62,83,37,0,84,36,0,120,0,62,83,37,0,84,36,0,1,0,0,8,28,0
no-src__gofs,trivy,92,0,90,83,9,0,84,8,0,92,0,90,83,9,0,84,8,0,1,0,0,8,0,0
no-src__gofs,cdxgen,83,0,99,83,0,0,83,0,1,83,0,99,83,0,0,83,0,1,0,0,0,0,0,0
no-src__gofs,cyclonedx-gomod,91,0,91,83,8,0,83,8,1,91,0,91,83,8,0,83,8,1,0,0,0,8,0,0
labstack__gommon,syft,10,0,1,5,5,0,9,1,0,10,0,1,5,5,0,9,1,0,4,0,0,0,1,0
labstack__gommon,trivy,9,0,2,5,4,0,9,0,0,9,0,2,5,4,0,9,0,0,4,0,0,0,0,0
labstack__gommon,cdxgen,5,0,6,5,0,0,5,0,4,5,0,6,5,0,0,5,0,4,0,0,0,0,0,0
labstack__gommon,cyclonedx-gomod,5,0,6,5,0,0,5,0,4,5,0,6,5,0,0,5,0,4,0,0,0,0,0,0
nakagami__firebirdsql,syft,9,0,4,4,5,0,8,1,0,9,0,4,4,5,0,8,1,0,4,0,0,0,1,0
nakagami__firebirdsql,trivy,8,0,5,4,4,0,8,0,0,8,0,5,4,4,0,8,0,0,4,0,0,0,0,0
nakagami__firebirdsql,cdxgen,4,0,9,4,0,0,4,0,4,4,0,9,4,0,0,4,0,4,0,0,0,0,0,0
nakagami__firebirdsql,cyclonedx-gomod,4,0,9,4,0,0,4,0,4,4,0,9,4,0,0,4,0,4,0,0,0,0,0,0
ghostiam__binstruct,syft,3,0,1,1,2,0,3,0,0,3,0,1,1,2,0,3,0,0,2,0,0,0,0,0
ghostiam__binstruct,trivy,3,0,1,1,2,0,3,0,0,3,0,1,1,2,0,3,0,0,2,0,0,0,0,0
ghostiam__binstruct,cdxgen,1,0,3,1,0,0,1,0,2,1,0,3,1,0,0,1,0,2,0,0,0,0,0,0
ghostiam__binstruct,cyclonedx-gomod,1,0,3,1,0,0,1,0,2,1,0,3,1,0,0,1,0,2,0,0,0,0,0,0
vorlif__spreak,syft,6,3,4,1,8,0,5,4,0,6,4,4,1,9,0,5,5,0,4,0,0,0,1,3
vorlif__spreak,trivy,5,3,5,1,7,0,5,3,0,5,4,5,1,8,0,5,4,0,4,0,0,0,0,3
vorlif__spreak,cdxgen,1,1,9,1,1,0,1,1,4,1,2,9,1,2,0,1,2,4,0,0,0,0,0,1
vorlif__spreak,cyclonedx-gomod,1,0,9,1,0,0,1,0,4,1,0,9,1,0,0,1,0,4,0,0,0,0,0,0
pupizoid__ormlite,syft,7,0,0,4,3,0,7,0,0,7,0,0,4,3,0,7,0,0,3,0,0,0,0,0
pupizoid__ormlite,trivy,7,0,0,4,3,0,7,0,0,7,0,0,4,3,0,7,0,0,3,0,0,0,0,0
pupizoid__ormlite,cdxgen,4,0,3,4,0,0,4,0,3,4,0,3,4,0,0,4,0,3,0,0,0,0,0,0
pupizoid__ormlite,cyclonedx-gomod,4,0,3,4,0,0,4,0,3,4,0,3,4,0,0,4,0,3,0,0,0,0,0,0
ethereum__go-ethereum,syft,189,1,120,148,42,0,156,34,0,189,1,120,148,42,0,156,34,0,8,3,2,2,26,1
ethereum__go-ethereum,trivy,163,1,146,148,16,0,156,8,0,163,1,146,148,16,0,156,8,0,8,3,2,2,0,1
ethereum__go-ethereum,cdxgen,148,0,161,148,0,0,148,0,8,148,0,161,148,0,0,148,0,8,0,0,0,0,0,0
ethereum__go-ethereum,cyclonedx-gomod,159,0,150,148,11,0,152,7,4,159,0,150,148,11,0,152,7,4,4,3,2,2,0,0
NodePassProject__nodepass,syft,16,0,9,10,6,0,10,6,0,16,0,9,10,6,0,10,6,0,0,0,0,0,6,0
NodePassProject__nodepass,trivy,10,0,15,10,0,0,10,0,0,10,0,15,10,0,0,10,0,0,0,0,0,0,0,0
NodePassProject__nodepass,cdxgen,10,0,15,10,0,0,10,0,0,10,0,15,10,0,0,10,0,0,0,0,0,0,0,0
NodePassProject__nodepass,cyclonedx-gomod,10,0,15,10,0,0,10,0,0,10,0,15,10,0,0,10,0,0,0,0,0,0,0,0
mk-5__fjira,syft,24,0,13,16,8,0,19,5,0,24,0,13,16,8,0,19,5,0,3,1,0,3,1,0
mk-5__fjira,trivy,23,0,14,16,7,0,19,4,0,23,0,14,16,7,0,19,4,0,3,1,0,3,0,0
mk-5__fjira,cdxgen,16,0,21,16,0,0,16,0,3,16,0,21,16,0,0,16,0,3,0,0,0,0,0,0
mk-5__fjira,cyclonedx-gomod,17,0,20,16,1,0,16,1,3,17,0,20,16,1,0,16,1,3,0,1,0,0,0,0
kyleconroy__sqlc,syft,63,33,26,37,59,0,40,56,0,61,42,28,37,66,0,40,63,0,3,3,0,2,16,35
kyleconroy__sqlc,trivy,48,18,41,37,29,0,40,26,0,45,25,44,37,33,0,40,30,0,3,3,0,2,1,20
kyleconroy__sqlc,cdxgen,40,17,49,37,20,0,37,20,3,37,24,52,37,24,0,37,24,3,0,0,0,0,1,19
kyleconroy__sqlc,cyclonedx-gomod,40,0,49,37,3,0,37,3,3,40,0,49,37,3,0,37,3,3,0,3,0,0,0,0
AfterShip__email-verifier,syft,14,0,8,4,10,0,10,4,0,14,0,8,4,10,0,10,4,0,6,0,0,2,2,0
AfterShip__email-verifier,trivy,12,0,10,4,8,0,10,2,0,12,0,10,4,8,0,10,2,0,6,0,0,2,0,0
AfterShip__email-verifier,cdxgen,4,0,18,4,0,0,4,0,6,4,0,18,4,0,0,4,0,6,0,0,0,0,0,0
AfterShip__email-verifier,cyclonedx-gomod,4,0,18,4,0,0,4,0,6,4,0,18,4,0,0,4,0,6,0,0,0,0,0,0
xwjdsh__manssh,syft,10,0,0,5,5,0,8,2,0,10,0,0,5,5,0,8,2,0,3,0,0,1,1,0
xwjdsh__manssh,trivy,9,0,1,5,4,0,8,1,0,9,0,1,5,4,0,8,1,0,3,0,0,1,0,0
xwjdsh__manssh,cdxgen,5,0,5,5,0,0,5,0,3,5,0,5,5,0,0,5,0,3,0,0,0,0,0,0
xwjdsh__manssh,cyclonedx-gomod,6,0,4,5,1,0,5,1,3,6,0,4,5,1,0,5,1,3,0,0,0,1,0,0
shaj13__go-guardian,syft,31,0,63,19,12,0,25,6,0,31,0,63,19,12,0,25,6,0,6,0,0,0,6,0
shaj13__go-guardian,trivy,94,0,0,19,75,0,25,69,0,94,0,0,19,75,0,25,69,0,6,0,0,0,69,0
shaj13__go-guardian,cdxgen,19,0,75,19,0,0,19,0,6,19,0,75,19,0,0,19,0,6,0,0,0,0,0,0
shaj13__go-guardian,cyclonedx-gomod,19,0,75,19,0,0,19,0,6,19,0,75,19,0,0,19,0,6,0,0,0,0,0,0
gin-gonic__gin,syft,41,0,16,18,23,0,25,16,0,41,0,16,18,23,0,25,16,0,7,0,2,8,6,0
gin-gonic__gin,trivy,35,0,22,18,17,0,25,10,0,35,0,22,18,17,0,25,10,0,7,0,2,8,0,0
gin-gonic__gin,cdxgen,18,0,39,18,0,0,18,0,7,18,0,39,18,0,0,18,0,7,0,0,0,0,0,0
gin-gonic__gin,cyclonedx-gomod,28,0,29,18,10,0,20,8,5,28,0,29,18,10,0,20,8,5,2,0,2,6,0,0
MatProGo-dev__MatProInterface.go,syft,2,0,16,2,0,0,2,0,0,2,0,16,2,0,0,2,0,0,0,0,0,0,0,0
MatProGo-dev__MatProInterface.go,trivy,2,0,16,2,0,0,2,0,0,2,0,16,2,0,0,2,0,0,0,0,0,0,0,0
MatProGo-dev__MatProInterface.go,cdxgen,2,0,16,2,0,0,2,0,0,2,0,16,2,0,0,2,0,0,0,0,0,0,0,0
MatProGo-dev__MatProInterface.go,cyclonedx-gomod,2,0,16,2,0,0,2,0,0,2,0,16,2,0,0,2,0,0,0,0,0,0,0,0
alexflint__go-arg,syft,6,0,1,1,5,0,5,1,0,6,0,1,1,5,0,5,1,0,4,0,0,0,1,0
alexflint__go-arg,trivy,5,0,2,1,4,0,5,0,0,5,0,2,1,4,0,5,0,0,4,0,0,0,0,0
alexflint__go-arg,cdxgen,1,0,6,1,0,0,1,0,4,1,0,6,1,0,0,1,0,4,0,0,0,0,0,0
alexflint__go-arg,cyclonedx-gomod,1,0,6,1,0,0,1,0,4,1,0,6,1,0,0,1,0,4,0,0,0,0,0,0
mattn__go-adodb,syft,2,0,3,2,0,0,2,0,0,2,0,3,2,0,0,2,0,0,0,0,0,0,0,0
mattn__go-adodb,trivy,5,0,0,2,3,0,2,3,0,5,0,0,2,3,0,2,3,0,0,0,0,0,3,0
mattn__go-adodb,cdxgen,2,0,3,2,0,0,2,0,0,2,0,3,2,0,0,2,0,0,0,0,0,0,0,0
mattn__go-adodb,cyclonedx-gomod,2,0,3,2,0,0,2,0,0,2,0,3,2,0,0,2,0,0,0,0,0,0,0,0
clevabit__libgoffi,syft,1,0,0,1,0,0,1,0,0,1,0,0,1,0,0,1,0,0,0,0,0,0,0,0
clevabit__libgoffi,trivy,1,0,0,1,0,0,1,0,0,1,0,0,1,0,0,1,0,0,0,0,0,0,0,0
clevabit__libgoffi,cdxgen,1,0,0,1,0,0,1,0,0,1,0,0,1,0,0,1,0,0,0,0,0,0,0,0
clevabit__libgoffi,cyclonedx-gomod,1,0,0,1,0,0,1,0,0,1,0,0,1,0,0,1,0,0,0,0,0,0,0,0
spiral__roadrunner,syft,235,0,302,201,34,0,201,34,0,235,0,302,201,34,0,201,34,0,0,3,0,3,27,1
spiral__roadrunner,trivy,208,0,329,201,7,0,201,7,0,208,0,329,201,7,0,201,7,0,0,3,0,3,0,1
spiral__roadrunner,cdxgen,201,0,336,201,0,0,201,0,0,201,0,336,201,0,0,201,0,0,0,0,0,0,0,0
spiral__roadrunner,cyclonedx-gomod,204,0,333,198,6,3,198,6,3,204,0,333,198,6,3,198,6,3,0,3,0,2,0,1
go-oas__docs,syft,4,0,1,1,3,0,1,3,0,4,0,1,1,3,0,1,3,0,0,0,0,2,1,0
go-oas__docs,trivy,3,0,2,1,2,0,1,2,0,3,0,2,1,2,0,1,2,0,0,0,0,2,0,0
go-oas__docs,cdxgen,1,0,4,1,0,0,1,0,0,1,0,4,1,0,0,1,0,0,0,0,0,0,0,0
go-oas__docs,cyclonedx-gomod,1,0,4,1,0,0,1,0,0,1,0,4,1,0,0,1,0,0,0,0,0,0,0,0
gorilla__csrf,syft,2,4,0,1,5,0,1,5,0,2,5,0,1,6,0,1,6,0,0,0,0,0,1,4
gorilla__csrf,trivy,2,6,0,1,7,0,1,7,0,2,7,0,1,8,0,1,8,0,0,0,0,0,1,6
gorilla__csrf,cdxgen,1,4,1,1,4,0,1,4,0,1,5,1,1,5,0,1,5,0,0,0,0,0,0,4
gorilla__csrf,cyclonedx-gomod,1,0,1,1,0,0,1,0,0,1,0,1,1,0,0,1,0,0,0,0,0,0,0,0
cosmtrek__air,syft,101,1,98,19,83,0,23,79,0,101,1,98,19,83,0,23,79,0,4,0,0,4,74,1
cosmtrek__air,trivy,27,1,172,19,9,0,23,5,0,27,1,172,19,9,0,23,5,0,4,0,0,4,0,1
cosmtrek__air,cdxgen,19,0,180,19,0,0,19,0,4,19,0,180,19,0,0,19,0,4,0,0,0,0,0,0
cosmtrek__air,cyclonedx-gomod,19,0,180,19,0,0,19,0,4,19,0,180,19,0,0,19,0,4,0,0,0,0,0,0
elithrar__simple-scrypt,syft,1,0,4,1,0,0,1,0,0,1,0,4,1,0,0,1,0,0,0,0,0,0,0,0
elithrar__simple-scrypt,trivy,1,0,4,1,0,0,1,0,0,1,0,4,1,0,0,1,0,0,0,0,0,0,0,0
elithrar__simple-scrypt,cdxgen,1,0,4,1,0,0,1,0,0,1,0,4,1,0,0,1,0,0,0,0,0,0,0,0
elithrar__simple-scrypt,cyclonedx-gomod,1,0,4,1,0,0,1,0,0,1,0,4,1,0,0,1,0,0,0,0,0,0,0,0
DylanMeeus__hasgo,syft,2,1,6,2,1,0,2,1,0,2,2,6,2,2,0,2,2,0,0,0,0,0,0,1
DylanMeeus__hasgo,trivy,8,1,0,2,7,0,2,7,0,8,2,0,2,8,0,2,8,0,0,0,0,0,6,1
DylanMeeus__hasgo,cdxgen,2,0,6,2,0,0,2,0,0,2,0,6,2,0,0,2,0,0,0,0,0,0,0,0
DylanMeeus__hasgo,cyclonedx-gomod,2,0,6,2,0,0,2,0,0,2,0,6,2,0,0,2,0,0,0,0,0,0,0,0
megaease__easegress,syft,428,1,341,320,109,0,348,81,0,428,1,341,320,109,0,348,81,0,28,1,1,22,56,1
megaease__easegress,trivy,372,1,397,320,53,0,348,25,0,372,1,397,320,53,0,348,25,0,28,1,1,22,0,1
megaease__easegress,cdxgen,320,0,449,320,0,0,320,0,28,320,0,449,320,0,0,320,0,28,0,0,0,0,0,0
megaease__easegress,cyclonedx-gomod,328,0,441,317,11,3,317,11,31,328,0,441,317,11,3,317,11,31,0,1,1,9,0,0
CovenantSQL__CovenantSQL,syft,126,1,112,86,41,1,91,36,1,126,1,112,86,41,1,91,36,1,5,2,1,8,25,0
CovenantSQL__CovenantSQL,trivy,237,1,1,86,152,1,91,147,1,237,1,1,86,152,1,91,147,1,5,2,1,8,136,0
CovenantSQL__CovenantSQL,cdxgen,87,0,151,87,0,0,87,0,5,87,0,151,87,0,0,87,0,5,0,0,0,0,0,0
CovenantSQL__CovenantSQL,cyclonedx-gomod,93,1,145,86,8,1,86,8,6,93,1,145,86,8,1,86,8,6,0,2,1,1,4,0
agilira__argus,syft,6,31,0,5,32,0,5,32,0,6,38,0,5,39,0,5,39,0,0,0,0,0,1,31
agilira__argus,trivy,6,22,0,5,23,0,5,23,0,6,27,0,5,28,0,5,28,0,0,0,0,0,1,22
agilira__argus,cdxgen,5,13,1,5,13,0,5,13,0,5,14,1,5,14,0,5,14,0,0,0,0,0,0,13
agilira__argus,cyclonedx-gomod,5,0,1,5,0,0,5,0,0,5,0,1,5,0,0,5,0,0,0,0,0,0,0,0
posener__complete,syft,7,0,1,2,5,0,6,1,0,7,0,1,2,5,0,6,1,0,4,0,0,0,1,0
posener__complete,trivy,8,0,0,2,6,0,6,2,0,8,0,0,2,6,0,6,2,0,4,0,0,0,2,0
posener__complete,cdxgen,2,0,6,2,0,0,2,0,4,2,0,6,2,0,0,2,0,4,0,0,0,0,0,0
posener__complete,cyclonedx-gomod,2,0,6,2,0,0,2,0,4,2,0,6,2,0,0,2,0,4,0,0,0,0,0,0
tucnak__telebot,syft,34,0,152,20,14,0,23,11,0,34,0,152,20,14,0,23,11,0,3,0,0,0,11,0
tucnak__telebot,trivy,186,0,0,20,166,0,23,163,0,186,0,0,20,166,0,23,163,0,3,0,0,0,163,0
tucnak__telebot,cdxgen,20,0,166,20,0,0,20,0,3,20,0,166,20,0,0,20,0,3,0,0,0,0,0,0
tucnak__telebot,cyclonedx-gomod,21,0,165,19,2,1,19,2,4,21,0,165,19,2,1,19,2,4,0,0,0,0,2,0
primetalk__goio,syft,8,0,5,3,5,0,7,1,0,8,0,5,3,5,0,7,1,0,4,0,0,0,1,0
primetalk__goio,trivy,7,0,6,3,4,0,7,0,0,7,0,6,3,4,0,7,0,0,4,0,0,0,0,0
primetalk__goio,cdxgen,3,0,10,3,0,0,3,0,4,3,0,10,3,0,0,3,0,4,0,0,0,0,0,0
primetalk__goio,cyclonedx-gomod,3,0,10,3,0,0,3,0,4,3,0,10,3,0,0,3,0,4,0,0,0,0,0,0
becheran__roumon,syft,10,0,2,5,5,0,9,1,0,10,0,2,5,5,0,9,1,0,4,0,0,0,1,0
becheran__roumon,trivy,9,0,3,5,4,0,9,0,0,9,0,3,5,4,0,9,0,0,4,0,0,0,0,0
becheran__roumon,cdxgen,5,0,7,5,0,0,5,0,4,5,0,7,5,0,0,5,0,4,0,0,0,0,0,0
becheran__roumon,cyclonedx-gomod,5,0,7,5,0,0,5,0,4,5,0,7,5,0,0,5,0,4,0,0,0,0,0,0
mattn__go-isatty,syft,1,0,0,1,0,0,1,0,0,1,0,0,1,0,0,1,0,0,0,0,0,0,0,0
mattn__go-isatty,trivy,1,0,0,1,0,0,1,0,0,1,0,0,1,0,0,1,0,0,0,0,0,0,0,0
mattn__go-isatty,cdxgen,1,0,0,1,0,0,1,0,0,1,0,0,1,0,0,1,0,0,0,0,0,0,0,0
mattn__go-isatty,cyclonedx-gomod,1,0,0,1,0,0,1,0,0,1,0,0,1,0,0,1,0,0,0,0,0,0,0,0
cogentcore__core,syft,84,0,39,66,18,0,66,18,0,84,0,39,66,18,0,66,18,0,0,0,1,7,10,0
cogentcore__core,trivy,74,0,49,66,8,0,66,8,0,74,0,49,66,8,0,66,8,0,0,0,1,7,0,0
cogentcore__core,cdxgen,66,0,57,66,0,0,66,0,0,66,0,57,66,0,0,66,0,0,0,0,0,0,0,0
cogentcore__core,cyclonedx-gomod,71,0,52,66,5,0,66,5,0,71,0,52,66,5,0,66,5,0,0,0,1,4,0,0
rqlite__rqlite,syft,104,1,107,82,23,2,82,23,2,104,2,107,82,24,2,82,24,2,0,0,0,1,22,0
rqlite__rqlite,trivy,83,1,128,82,2,2,82,2,2,82,2,129,81,3,3,81,3,3,0,0,0,1,1,0
rqlite__rqlite,cdxgen,84,0,127,84,0,0,84,0,0,84,0,127,84,0,0,84,0,0,0,0,0,0,0,0
rqlite__rqlite,cyclonedx-gomod,81,1,130,80,2,4,80,2,4,81,2,130,80,3,4,80,3,4,0,0,0,1,1,0
AppsFlyer__go-sundheit,syft,10,5,1,1,14,0,7,8,0,10,7,1,1,16,0,7,10,0,6,0,0,2,1,5
AppsFlyer__go-sundheit,trivy,9,3,2,1,11,0,7,5,0,9,4,2,1,12,0,7,6,0,6,0,0,2,0,3
AppsFlyer__go-sundheit,cdxgen,1,1,10,1,1,0,1,1,6,1,1,10,1,1,0,1,1,6,0,0,0,0,0,1
AppsFlyer__go-sundheit,cyclonedx-gomod,1,0,10,1,0,0,1,0,6,1,0,10,1,0,0,1,0,6,0,0,0,0,0,0
tricksterproxy__trickster,syft,299,10,243,57,252,0,65,244,0,297,12,245,57,252,0,65,244,0,8,0,0,192,39,13
tricksterproxy__trickster,trivy,263,10,279,57,216,0,65,208,0,261,12,281,57,216,0,65,208,0,8,0,0,192,3,13
tricksterproxy__trickster,cdxgen,61,0,481,57,4,0,61,0,4,61,0,481,57,4,0,61,0,4,4,0,0,0,0,0
tricksterproxy__trickster,cyclonedx-gomod,249,0,293,56,193,1,57,192,8,249,0,293,56,193,1,57,192,8,1,0,0,192,0,0
libgit2__git2go,syft,4,0,2,1,3,0,2,2,0,4,0,2,1,3,0,2,2,0,1,0,0,1,1,0
libgit2__git2go,trivy,6,0,0,1,5,0,2,4,0,6,0,0,1,5,0,2,4,0,1,0,0,1,3,0
libgit2__git2go,cdxgen,1,0,5,1,0,0,1,0,1,1,0,5,1,0,0,1,0,1,0,0,0,0,0,0
libgit2__git2go,cyclonedx-gomod,2,0,4,1,1,0,1,1,1,2,0,4,1,1,0,1,1,1,0,0,0,1,0,0
codingsince1985__couchcache,syft,16,0,5,10,6,0,10,6,0,16,0,5,10,6,0,10,6,0,0,0,0,3,3,0
codingsince1985__couchcache,trivy,13,0,8,10,3,0,10,3,0,13,0,8,10,3,0,10,3,0,0,0,0,3,0,0
codingsince1985__couchcache,cdxgen,10,0,11,10,0,0,10,0,0,10,0,11,10,0,0,10,0,0,0,0,0,0,0,0
codingsince1985__couchcache,cyclonedx-gomod,10,0,11,10,0,0,10,0,0,10,0,11,10,0,0,10,0,0,0,0,0,0,0,0
kkyr__fig,syft,7,1,1,3,5,0,3,5,0,7,1,1,3,5,0,3,5,0,0,0,0,0,4,1
kkyr__fig,trivy,8,2,0,3,7,0,3,7,0,8,2,0,3,7,0,3,7,0,0,0,0,0,5,2
kkyr__fig,cdxgen,3,1,5,3,1,0,3,1,0,3,1,5,3,1,0,3,1,0,0,0,0,0,0,1
kkyr__fig,cyclonedx-gomod,3,0,5,3,0,0,3,0,0,3,0,5,3,0,0,3,0,0,0,0,0,0,0,0
jltorresm__otpgo,syft,1,0,0,1,0,0,1,0,0,1,0,0,1,0,0,1,0,0,0,0,0,0,0,0
jltorresm__otpgo,trivy,1,0,0,1,0,0,1,0,0,1,0,0,1,0,0,1,0,0,0,0,0,0,0,0
jltorresm__otpgo,cdxgen,1,0,0,1,0,0,1,0,0,1,0,0,1,0,0,1,0,0,0,0,0,0,0,0
jltorresm__otpgo,cyclonedx-gomod,1,0,0,1,0,0,1,0,0,1,0,0,1,0,0,1,0,0,0,0,0,0,0,0
go-resty__resty,syft,1,0,4,1,0,0,1,0,0,1,0,4,1,0,0,1,0,0,0,0,0,0,0,0
go-resty__resty,trivy,1,0,4,1,0,0,1,0,0,1,0,4,1,0,0,1,0,0,0,0,0,0,0,0
go-resty__resty,cdxgen,1,0,4,1,0,0,1,0,0,1,0,4,1,0,0,1,0,0,0,0,0,0,0,0
go-resty__resty,cyclonedx-gomod,1,0,4,1,0,0,1,0,0,1,0,4,1,0,0,1,0,0,0,0,0,0,0,0
cloudquery__cloudquery,syft,248,155,116,149,254,0,149,254,0,241,264,123,149,356,0,149,356,0,0,2,0,0,51,201
cloudquery__cloudquery,trivy,215,136,149,149,202,0,149,202,0,205,233,159,149,289,0,149,289,0,0,2,0,0,20,180
cloudquery__cloudquery,cdxgen,204,91,160,149,146,0,149,146,0,194,178,170,149,223,0,149,223,0,0,0,0,0,13,133
cloudquery__cloudquery,cyclonedx-gomod,151,0,213,149,2,0,149,2,0,151,0,213,149,2,0,149,2,0,0,2,0,0,0,0
rulego__rulego,syft,26,240,11,18,248,0,18,248,0,23,270,14,18,275,0,18,275,0,0,0,0,1,7,240
rulego__rulego,trivy,22,229,15,18,233,0,18,233,0,20,257,17,18,259,0,18,259,0,0,0,0,1,3,229
rulego__rulego,cdxgen,19,15,18,18,16,0,18,16,0,18,30,19,18,30,0,18,30,0,0,0,0,1,0,15
rulego__rulego,cyclonedx-gomod,19,0,18,18,1,0,18,1,0,19,0,18,18,1,0,18,1,0,0,0,0,1,0,0
2ykwang__mac-cleanup-go,syft,29,0,6,25,4,0,25,4,0,29,0,6,25,4,0,25,4,0,0,0,0,0,4,0
2ykwang__mac-cleanup-go,trivy,25,0,10,25,0,0,25,0,0,25,0,10,25,0,0,25,0,0,0,0,0,0,0,0
2ykwang__mac-cleanup-go,cdxgen,25,0,10,25,0,0,25,0,0,25,0,10,25,0,0,25,0,0,0,0,0,0,0,0
2ykwang__mac-cleanup-go,cyclonedx-gomod,25,0,10,25,0,0,25,0,0,25,0,10,25,0,0,25,0,0,0,0,0,0,0,0
joetifa2003__mm-go,syft,6,0,1,1,5,0,5,1,0,6,0,1,1,5,0,5,1,0,4,0,0,0,1,0
joetifa2003__mm-go,trivy,5,0,2,1,4,0,5,0,0,5,0,2,1,4,0,5,0,0,4,0,0,0,0,0
joetifa2003__mm-go,cdxgen,1,0,6,1,0,0,1,0,4,1,0,6,1,0,0,1,0,4,0,0,0,0,0,0
joetifa2003__mm-go,cyclonedx-gomod,1,0,6,1,0,0,1,0,4,1,0,6,1,0,0,1,0,4,0,0,0,0,0,0
sgreben__flagvar,syft,1,0,0,1,0,0,1,0,0,1,0,0,1,0,0,1,0,0,0,0,0,0,0,0
sgreben__flagvar,trivy,1,0,0,1,0,0,1,0,0,1,0,0,1,0,0,1,0,0,0,0,0,0,0,0
sgreben__flagvar,cdxgen,1,0,0,1,0,0,1,0,0,1,0,0,1,0,0,1,0,0,0,0,0,0,0,0
sgreben__flagvar,cyclonedx-gomod,1,0,0,1,0,0,1,0,0,1,0,0,1,0,0,1,0,0,0,0,0,0,0,0
SonicRoshan__straf,syft,6,0,1,1,5,0,5,1,0,6,0,1,1,5,0,5,1,0,4,0,0,0,1,0
SonicRoshan__straf,trivy,7,0,0,1,6,0,5,2,0,7,0,0,1,6,0,5,2,0,4,0,0,0,2,0
SonicRoshan__straf,cdxgen,1,0,6,1,0,0,1,0,4,1,0,6,1,0,0,1,0,4,0,0,0,0,0,0
SonicRoshan__straf,cyclonedx-gomod,1,0,6,1,0,0,1,0,4,1,0,6,1,0,0,1,0,4,0,0,0,0,0,0
revel__revel,syft,24,0,3,17,7,0,21,3,0,24,0,3,17,7,0,21,3,0,4,0,0,2,1,0
revel__revel,trivy,23,0,4,17,6,0,21,2,0,23,0,4,17,6,0,21,2,0,4,0,0,2,0,0
revel__revel,cdxgen,17,0,10,17,0,0,17,0,4,17,0,10,17,0,0,17,0,4,0,0,0,0,0,0
revel__revel,cyclonedx-gomod,17,0,10,17,0,0,17,0,4,17,0,10,17,0,0,17,0,4,0,0,0,0,0,0
hedhyw__otelinji,syft,25,0,14,11,14,0,18,7,0,25,0,14,11,14,0,18,7,0,7,0,0,0,7,0
hedhyw__otelinji,trivy,19,0,20,11,8,0,18,1,0,19,0,20,11,8,0,18,1,0,7,0,0,0,1,0
hedhyw__otelinji,cdxgen,18,0,21,11,7,0,18,0,0,17,4,22,11,10,0,17,4,1,7,0,0,0,0,0
hedhyw__otelinji,cyclonedx-gomod,11,0,28,11,0,0,11,0,7,11,0,28,11,0,0,11,0,7,0,0,0,0,0,0
wneessen__go-mail,syft,2,0,6,2,0,0,2,0,0,2,0,6,2,0,0,2,0,0,0,0,0,0,0,0
wneessen__go-mail,trivy,2,0,6,2,0,0,2,0,0,2,0,6,2,0,0,2,0,0,0,0,0,0,0,0
wneessen__go-mail,cdxgen,2,0,6,2,0,0,2,0,0,2,0,6,2,0,0,2,0,0,0,0,0,0,0,0
wneessen__go-mail,cyclonedx-gomod,2,0,6,2,0,0,2,0,0,2,0,6,2,0,0,2,0,0,0,0,0,0,0,0
Mutasem-mk4__gspy,syft,32,0,23,17,15,0,17,15,0,32,0,23,17,15,0,17,15,0,0,3,0,1,11,0
Mutasem-mk4__gspy,trivy,21,0,34,17,4,0,17,4,0,21,0,34,17,4,0,17,4,0,0,3,0,1,0,0
Mutasem-mk4__gspy,cdxgen,17,0,38,17,0,0,17,0,0,17,0,38,17,0,0,17,0,0,0,0,0,0,0,0
Mutasem-mk4__gspy,cyclonedx-gomod,20,0,35,17,3,0,17,3,0,20,0,35,17,3,0,17,3,0,0,3,0,0,0,0
scigolib__matlab,syft,6,0,1,1,5,0,5,1,0,6,0,1,1,5,0,5,1,0,4,0,0,0,1,0
scigolib__matlab,trivy,5,0,2,1,4,0,5,0,0,5,0,2,1,4,0,5,0,0,4,0,0,0,0,0
scigolib__matlab,cdxgen,1,0,6,1,0,0,1,0,4,1,0,6,1,0,0,1,0,4,0,0,0,0,0,0
scigolib__matlab,cyclonedx-gomod,1,0,6,1,0,0,1,0,4,1,0,6,1,0,0,1,0,4,0,0,0,0,0,0
semihalev__sdns,syft,83,0,29,64,19,0,66,17,0,83,0,29,64,19,0,66,17,0,2,1,0,3,13,0
semihalev__sdns,trivy,70,0,42,64,6,0,66,4,0,70,0,42,64,6,0,66,4,0,2,1,0,3,0,0
semihalev__sdns,cdxgen,64,0,48,64,0,0,64,0,2,64,0,48,64,0,0,64,0,2,0,0,0,0,0,0
semihalev__sdns,cyclonedx-gomod,65,0,47,62,3,2,62,3,4,65,0,47,62,3,2,62,3,4,0,1,0,2,0,0
SimonWaldherr__golang-examples,syft,61,35,84,39,57,0,42,54,0,59,37,86,39,57,0,42,54,0,3,0,1,2,14,37
SimonWaldherr__golang-examples,trivy,52,32,93,39,45,0,42,42,0,46,43,99,39,50,0,42,47,0,3,0,1,2,5,34
SimonWaldherr__golang-examples,cdxgen,41,18,104,39,20,0,39,20,3,39,20,106,39,20,0,39,20,3,0,0,0,0,0,20
SimonWaldherr__golang-examples,cyclonedx-gomod,41,0,104,39,2,0,39,2,3,41,0,104,39,2,0,39,2,3,0,0,1,1,0,0
jf-tech__omniparser,syft,29,0,97,21,8,0,24,5,0,29,0,97,21,8,0,24,5,0,3,0,0,0,5,0
jf-tech__omniparser,trivy,126,0,0,21,105,0,24,102,0,126,0,0,21,105,0,24,102,0,3,1,0,0,101,0
jf-tech__omniparser,cdxgen,21,0,105,21,0,0,21,0,3,21,0,105,21,0,0,21,0,3,0,0,0,0,0,0
jf-tech__omniparser,cyclonedx-gomod,22,0,104,21,1,0,21,1,3,22,0,104,21,1,0,21,1,3,0,1,0,0,0,0
bwmarrin__discordgo,syft,1,14,0,1,14,0,1,14,0,1,14,0,1,14,0,1,14,0,0,0,0,0,0,14
bwmarrin__discordgo,trivy,1,22,0,1,22,0,1,22,0,1,24,0,1,24,0,1,24,0,0,0,0,0,0,22
bwmarrin__discordgo,cdxgen,1,7,0,1,7,0,1,7,0,1,7,0,1,7,0,1,7,0,0,0,0,0,0,7
bwmarrin__discordgo,cyclonedx-gomod,1,0,0,1,0,0,1,0,0,1,0,0,1,0,0,1,0,0,0,0,0,0,0,0
dimiro1__banner,syft,4,0,0,4,0,0,4,0,0,4,0,0,4,0,0,4,0,0,0,0,0,0,0,0
dimiro1__banner,trivy,4,0,0,4,0,0,4,0,0,4,0,0,4,0,0,4,0,0,0,0,0,0,0,0
dimiro1__banner,cdxgen,4,0,0,4,0,0,4,0,0,4,0,0,4,0,0,4,0,0,0,0,0,0,0,0
dimiro1__banner,cyclonedx-gomod,4,0,0,4,0,0,4,0,0,4,0,0,4,0,0,4,0,0,0,0,0,0,0,0
go-spring__spring-core,syft,23,0,18,15,8,0,15,8,0,23,0,18,15,8,0,15,8,0,0,1,0,1,6,0
go-spring__spring-core,trivy,17,0,24,15,2,0,15,2,0,17,0,24,15,2,0,15,2,0,0,1,0,1,0,0
go-spring__spring-core,cdxgen,15,0,26,15,0,0,15,0,0,15,0,26,15,0,0,15,0,0,0,0,0,0,0,0
go-spring__spring-core,cyclonedx-gomod,17,0,24,15,2,0,15,2,0,17,0,24,15,2,0,15,2,0,0,1,0,1,0,0
miladibra10__vjson,syft,12,0,1,7,5,0,11,1,0,12,0,1,7,5,0,11,1,0,4,0,0,0,1,0
miladibra10__vjson,trivy,11,0,2,7,4,0,11,0,0,11,0,2,7,4,0,11,0,0,4,0,0,0,0,0
miladibra10__vjson,cdxgen,7,0,6,7,0,0,7,0,4,7,0,6,7,0,0,7,0,4,0,0,0,0,0,0
miladibra10__vjson,cyclonedx-gomod,7,0,6,7,0,0,7,0,4,7,0,6,7,0,0,7,0,4,0,0,0,0,0,0
mennanov__limiters,syft,116,0,72,55,61,0,69,47,0,116,0,72,55,61,0,69,47,0,14,0,0,2,45,0
mennanov__limiters,trivy,71,0,117,55,16,0,69,2,0,71,0,117,55,16,0,69,2,0,14,0,0,2,0,0
mennanov__limiters,cdxgen,55,0,133,55,0,0,55,0,14,55,0,133,55,0,0,55,0,14,0,0,0,0,0,0
mennanov__limiters,cyclonedx-gomod,57,0,131,55,2,0,55,2,14,57,0,131,55,2,0,55,2,14,0,0,0,2,0,0
ikawaha__kagome,syft,3,6,1,3,6,0,3,6,0,3,8,1,3,8,0,3,8,0,0,0,0,0,0,6
ikawaha__kagome,trivy,3,7,1,3,7,0,3,7,0,3,9,1,3,9,0,3,9,0,0,0,0,0,0,7
ikawaha__kagome,cdxgen,NA
ikawaha__kagome,cyclonedx-gomod,3,0,1,3,0,0,3,0,0,3,0,1,3,0,0,3,0,0,0,0,0,0,0,0
bdjimmy__gbind,syft,22,0,13,6,16,0,17,5,0,22,0,13,6,16,0,17,5,0,11,0,0,0,5,0
bdjimmy__gbind,trivy,35,0,0,6,29,0,17,18,0,35,0,0,6,29,0,17,18,0,11,0,0,0,18,0
bdjimmy__gbind,cdxgen,6,0,29,6,0,0,6,0,11,6,0,29,6,0,0,6,0,11,0,0,0,0,0,0
bdjimmy__gbind,cyclonedx-gomod,7,0,28,6,1,0,7,0,10,7,0,28,6,1,0,7,0,10,1,0,0,0,0,0
arthurkushman__buildsqlx,syft,8,0,4,3,5,0,7,1,0,8,0,4,3,5,0,7,1,0,4,0,0,0,1,0
arthurkushman__buildsqlx,trivy,7,0,5,3,4,0,7,0,0,7,0,5,3,4,0,7,0,0,4,0,0,0,0,0
arthurkushman__buildsqlx,cdxgen,3,0,9,3,0,0,3,0,4,3,0,9,3,0,0,3,0,4,0,0,0,0,0,0
arthurkushman__buildsqlx,cyclonedx-gomod,3,0,9,3,0,0,3,0,4,3,0,9,3,0,0,3,0,4,0,0,0,0,0,0
jschoedt__go-firestorm,syft,32,0,0,15,17,0,16,16,0,32,0,0,15,17,0,16,16,0,1,0,0,16,0,0
jschoedt__go-firestorm,trivy,32,0,0,15,17,0,16,16,0,32,0,0,15,17,0,16,16,0,1,0,0,16,0,0
jschoedt__go-firestorm,cdxgen,15,0,17,15,0,0,15,0,1,15,0,17,15,0,0,15,0,1,0,0,0,0,0,0
jschoedt__go-firestorm,cyclonedx-gomod,NA
clok__kemba,syft,11,0,5,5,6,0,9,2,0,11,0,5,5,6,0,9,2,0,4,0,0,2,0,0
clok__kemba,trivy,16,0,0,5,11,0,9,7,0,16,0,0,5,11,0,9,7,0,4,1,0,2,4,0
clok__kemba,cdxgen,5,0,11,5,0,0,5,0,4,5,0,11,5,0,0,5,0,4,0,0,0,0,0,0
clok__kemba,cyclonedx-gomod,6,0,10,5,1,0,5,1,4,6,0,10,5,1,0,5,1,4,0,1,0,0,0,0
kazu__loncha,syft,34,0,286,7,27,0,11,23,0,34,0,286,7,27,0,11,23,0,4,0,7,10,6,0
kazu__loncha,trivy,28,0,292,7,21,0,11,17,0,28,0,292,7,21,0,11,17,0,4,0,7,10,0,0
kazu__loncha,cdxgen,7,0,313,7,0,0,7,0,4,7,0,313,7,0,0,7,0,4,0,0,0,0,0,0
kazu__loncha,cyclonedx-gomod,7,0,313,7,0,0,7,0,4,7,0,313,7,0,0,7,0,4,0,0,0,0,0,0
godror__godror,syft,17,4,6,5,16,0,11,10,0,16,5,7,5,16,0,11,10,0,6,0,1,0,4,5
godror__godror,trivy,13,4,10,5,12,0,11,6,0,12,5,11,5,12,0,11,6,0,6,0,1,0,0,5
godror__godror,cdxgen,6,2,17,5,3,0,5,3,6,5,3,18,5,3,0,5,3,6,0,0,0,0,0,3
godror__godror,cyclonedx-gomod,6,0,17,5,1,0,5,1,6,6,0,17,5,1,0,5,1,6,0,0,1,0,0,0
centrifugal__centrifugo,syft,168,0,163,133,35,0,133,35,0,168,0,163,133,35,0,133,35,0,0,1,0,1,33,0
centrifugal__centrifugo,trivy,135,0,196,133,2,0,133,2,0,135,0,196,133,2,0,133,2,0,0,1,0,1,0,0
centrifugal__centrifugo,cdxgen,133,0,198,133,0,0,133,0,0,133,0,198,133,0,0,133,0,0,0,0,0,0,0,0
centrifugal__centrifugo,cyclonedx-gomod,131,0,200,130,1,3,130,1,3,131,0,200,130,1,3,130,1,3,0,1,0,0,0,0
maxclaus__gaper,syft,16,0,4,9,7,0,14,2,0,16,0,4,9,7,0,14,2,0,5,0,0,1,1,0
maxclaus__gaper,trivy,20,0,0,9,11,0,14,6,0,20,0,0,9,11,0,14,6,0,5,0,0,1,5,0
maxclaus__gaper,cdxgen,9,0,11,9,0,0,9,0,5,9,0,11,9,0,0,9,0,5,0,0,0,0,0,0
maxclaus__gaper,cyclonedx-gomod,10,0,10,9,1,0,9,1,5,10,0,10,9,1,0,9,1,5,0,0,0,1,0,0
araddon__dateparse,syft,8,0,1,3,5,0,7,1,0,8,0,1,3,5,0,7,1,0,4,0,0,0,1,0
araddon__dateparse,trivy,9,0,0,3,6,0,7,2,0,9,0,0,3,6,0,7,2,0,4,0,0,0,2,0
araddon__dateparse,cdxgen,3,0,6,3,0,0,3,0,4,3,0,6,3,0,0,3,0,4,0,0,0,0,0,0
araddon__dateparse,cyclonedx-gomod,3,0,6,3,0,0,3,0,4,3,0,6,3,0,0,3,0,4,0,0,0,0,0,0
tg123__go-htpasswd,syft,7,0,5,2,5,0,6,1,0,7,0,5,2,5,0,6,1,0,4,0,0,0,1,0
tg123__go-htpasswd,trivy,6,0,6,2,4,0,6,0,0,6,0,6,2,4,0,6,0,0,4,0,0,0,0,0
tg123__go-htpasswd,cdxgen,2,0,10,2,0,0,2,0,4,2,0,10,2,0,0,2,0,4,0,0,0,0,0,0
tg123__go-htpasswd,cyclonedx-gomod,2,0,10,2,0,0,2,0,4,2,0,10,2,0,0,2,0,4,0,0,0,0,0,0
mdlayher__dhcp6,syft,1,0,0,1,0,0,1,0,0,1,0,0,1,0,0,1,0,0,0,0,0,0,0,0
mdlayher__dhcp6,trivy,1,0,0,1,0,0,1,0,0,1,0,0,1,0,0,1,0,0,0,0,0,0,0,0
mdlayher__dhcp6,cdxgen,1,0,0,1,0,0,1,0,0,1,0,0,1,0,0,1,0,0,0,0,0,0,0,0
mdlayher__dhcp6,cyclonedx-gomod,1,0,0,1,0,0,1,0,0,1,0,0,1,0,0,1,0,0,0,0,0,0,0,0
spf13__afero,syft,2,62,2,1,63,0,1,63,0,2,63,2,1,64,0,1,64,0,0,0,0,0,0,63
spf13__afero,trivy,2,47,2,1,48,0,1,48,0,2,47,2,1,48,0,1,48,0,0,0,0,0,0,48
spf13__afero,cdxgen,2,44,2,1,45,0,1,45,0,2,44,2,1,45,0,1,45,0,0,0,0,0,0,45
spf13__afero,cyclonedx-gomod,1,0,3,1,0,0,1,0,0,1,0,3,1,0,0,1,0,0,0,0,0,0,0,0
valyala__quicktemplate,syft,4,0,5,4,0,0,4,0,0,4,0,5,4,0,0,4,0,0,0,0,0,0,0,0
valyala__quicktemplate,trivy,4,0,5,4,0,0,4,0,0,4,0,5,4,0,0,4,0,0,0,0,0,0,0,0
valyala__quicktemplate,cdxgen,4,0,5,4,0,0,4,0,0,4,0,5,4,0,0,4,0,0,0,0,0,0,0,0
valyala__quicktemplate,cyclonedx-gomod,4,0,5,4,0,0,4,0,0,4,0,5,4,0,0,4,0,0,0,0,0,0,0,0
PIMPfiction__govader_backend,syft,18,0,13,12,6,0,16,2,0,18,0,13,12,6,0,16,2,0,4,0,0,0,2,0
PIMPfiction__govader_backend,trivy,16,0,15,12,4,0,16,0,0,16,0,15,12,4,0,16,0,0,4,0,0,0,0,0
PIMPfiction__govader_backend,cdxgen,12,0,19,12,0,0,12,0,4,12,0,19,12,0,0,12,0,4,0,0,0,0,0,0
PIMPfiction__govader_backend,cyclonedx-gomod,12,0,19,12,0,0,12,0,4,12,0,19,12,0,0,12,0,4,0,0,0,0,0,0
briandowns__spinner,syft,5,0,0,5,0,0,5,0,0,5,0,0,5,0,0,5,0,0,0,0,0,0,0,0
briandowns__spinner,trivy,5,0,0,5,0,0,5,0,0,5,0,0,5,0,0,5,0,0,0,0,0,0,0,0
briandowns__spinner,cdxgen,5,0,0,5,0,0,5,0,0,5,0,0,5,0,0,5,0,0,0,0,0,0,0,0
briandowns__spinner,cyclonedx-gomod,5,0,0,5,0,0,5,0,0,5,0,0,5,0,0,5,0,0,0,0,0,0,0,0
nikepan__clickhouse-bulk,syft,29,0,20,19,10,0,23,6,0,29,0,20,19,10,0,23,6,0,4,0,0,0,6,0
nikepan__clickhouse-bulk,trivy,23,0,26,19,4,0,23,0,0,23,0,26,19,4,0,23,0,0,4,0,0,0,0,0
nikepan__clickhouse-bulk,cdxgen,19,0,30,19,0,0,19,0,4,19,0,30,19,0,0,19,0,4,0,0,0,0,0,0
nikepan__clickhouse-bulk,cyclonedx-gomod,19,0,30,19,0,0,19,0,4,19,0,30,19,0,0,19,0,4,0,0,0,0,0,0
seiflotfy__cuckoofilter,syft,6,0,1,1,5,0,5,1,0,6,0,1,1,5,0,5,1,0,4,0,0,0,0,1
seiflotfy__cuckoofilter,trivy,7,0,0,1,6,0,5,2,0,7,0,0,1,6,0,5,2,0,4,0,0,0,0,2
seiflotfy__cuckoofilter,cdxgen,1,0,6,1,0,0,1,0,4,1,0,6,1,0,0,1,0,4,0,0,0,0,0,0
seiflotfy__cuckoofilter,cyclonedx-gomod,1,0,6,1,0,0,1,0,4,1,0,6,1,0,0,1,0,4,0,0,0,0,0,0
georgebuilds__anneal,syft,40,0,12,23,17,0,32,8,0,40,0,12,23,17,0,32,8,0,9,3,0,2,3,0
georgebuilds__anneal,trivy,37,0,15,23,14,0,32,5,0,37,0,15,23,14,0,32,5,0,9,3,0,2,0,0
georgebuilds__anneal,cdxgen,23,0,29,23,0,0,23,0,9,23,0,29,23,0,0,23,0,9,0,0,0,0,0,0
georgebuilds__anneal,cyclonedx-gomod,27,0,25,23,4,0,23,4,9,27,0,25,23,4,0,23,4,9,0,3,0,1,0,0
src-d__hercules,syft,72,1,15,48,25,1,52,21,1,72,1,15,48,25,1,52,21,1,4,1,1,7,12,0
src-d__hercules,trivy,87,1,0,49,39,0,53,35,0,86,2,1,48,40,1,52,36,1,4,1,1,7,26,0
src-d__hercules,cdxgen,49,0,38,49,0,0,49,0,4,49,0,38,49,0,0,49,0,4,0,0,0,0,0,0
src-d__hercules,cyclonedx-gomod,53,1,34,48,6,1,48,6,5,53,1,34,48,6,1,48,6,5,0,1,1,2,2,0
siddontang__ledisdb,syft,33,0,1,13,20,0,13,20,0,33,0,1,13,20,0,13,20,0,0,0,0,10,10,0
siddontang__ledisdb,trivy,34,0,0,13,21,0,13,21,0,34,0,0,13,21,0,13,21,0,0,0,0,10,11,0
siddontang__ledisdb,cdxgen,13,0,21,13,0,0,13,0,0,13,0,21,13,0,0,13,0,0,0,0,0,0,0,0
siddontang__ledisdb,cyclonedx-gomod,13,0,21,13,0,0,13,0,0,13,0,21,13,0,0,13,0,0,0,0,0,0,0,0
Eun__go-convert,syft,6,0,1,5,1,0,5,1,0,6,1,1,5,2,0,5,2,0,0,0,0,0,1,0
Eun__go-convert,trivy,7,0,0,5,2,0,5,2,0,7,1,0,5,3,0,5,3,0,0,0,0,0,2,0
Eun__go-convert,cdxgen,5,0,2,5,0,0,5,0,0,5,0,2,5,0,0,5,0,0,0,0,0,0,0,0
Eun__go-convert,cyclonedx-gomod,5,0,2,5,0,0,5,0,0,5,0,2,5,0,0,5,0,0,0,0,0,0,0,0
mehanizm__airtable,syft,1,0,0,1,0,0,1,0,0,1,0,0,1,0,0,1,0,0,0,0,0,0,0,0
mehanizm__airtable,trivy,1,0,0,1,0,0,1,0,0,1,0,0,1,0,0,1,0,0,0,0,0,0,0,0
mehanizm__airtable,cdxgen,1,0,0,1,0,0,1,0,0,1,0,0,1,0,0,1,0,0,0,0,0,0,0,0
mehanizm__airtable,cyclonedx-gomod,1,0,0,1,0,0,1,0,0,1,0,0,1,0,0,1,0,0,0,0,0,0,0,0
navidys__gopensky,syft,36,0,13,4,32,0,17,19,0,36,0,13,4,32,0,17,19,0,13,0,0,2,17,0
navidys__gopensky,trivy,19,0,30,4,15,0,17,2,0,19,0,30,4,15,0,17,2,0,13,0,0,2,0,0
navidys__gopensky,cdxgen,4,0,45,4,0,0,4,0,13,4,0,45,4,0,0,4,0,13,0,0,0,0,0,0
navidys__gopensky,cyclonedx-gomod,3,0,46,3,0,1,3,0,14,3,0,46,3,0,1,3,0,14,0,0,0,0,0,0
rainu__go-command-chain,syft,12,0,10,1,11,0,6,6,0,12,0,10,1,11,0,6,6,0,5,0,0,0,6,0
rainu__go-command-chain,trivy,6,0,16,1,5,0,6,0,0,6,0,16,1,5,0,6,0,0,5,0,0,0,0,0
rainu__go-command-chain,cdxgen,1,0,21,1,0,0,1,0,5,1,0,21,1,0,0,1,0,5,0,0,0,0,0,0
rainu__go-command-chain,cyclonedx-gomod,1,0,21,1,0,0,1,0,5,1,0,21,1,0,0,1,0,5,0,0,0,0,0,0
RoaringBitmap__roaring,syft,14,0,5,2,12,0,7,7,0,14,0,5,2,12,0,7,7,0,5,0,0,5,2,0
RoaringBitmap__roaring,trivy,12,0,7,2,10,0,7,5,0,12,0,7,2,10,0,7,5,0,5,0,0,5,0,0
RoaringBitmap__roaring,cdxgen,2,0,17,2,0,0,2,0,5,2,0,17,2,0,0,2,0,5,0,0,0,0,0,0
RoaringBitmap__roaring,cyclonedx-gomod,7,0,12,2,5,0,2,5,5,7,0,12,2,5,0,2,5,5,0,0,0,5,0,0
dgraph-io__badger,syft,30,0,5,18,12,0,22,8,0,30,0,5,18,12,0,22,8,0,4,1,0,0,7,0
dgraph-io__badger,trivy,23,0,12,18,5,0,22,1,0,23,0,12,18,5,0,22,1,0,4,1,0,0,0,0
dgraph-io__badger,cdxgen,18,0,17,18,0,0,18,0,4,18,0,17,18,0,0,18,0,4,0,0,0,0,0,0
dgraph-io__badger,cyclonedx-gomod,19,0,16,18,1,0,18,1,4,19,0,16,18,1,0,18,1,4,0,1,0,0,0,0
maxbrunsfeld__counterfeiter,syft,12,3,7,4,11,0,9,6,0,12,3,7,4,11,0,9,6,0,5,0,0,1,2,3
maxbrunsfeld__counterfeiter,trivy,10,3,9,4,9,0,9,4,0,10,3,9,4,9,0,9,4,0,5,0,0,1,0,3
maxbrunsfeld__counterfeiter,cdxgen,4,0,15,4,0,0,4,0,5,4,0,15,4,0,0,4,0,5,0,0,0,0,0,0
maxbrunsfeld__counterfeiter,cyclonedx-gomod,4,0,15,4,0,0,4,0,5,4,0,15,4,0,0,4,0,5,0,0,0,0,0,0
skibish__ddns,syft,32,0,87,17,15,0,18,14,0,32,0,87,17,15,0,18,14,0,1,0,0,5,9,0
skibish__ddns,trivy,23,0,96,17,6,0,18,5,0,23,0,96,17,6,0,18,5,0,1,0,0,5,0,0
skibish__ddns,cdxgen,17,0,102,17,0,0,17,0,1,17,0,102,17,0,0,17,0,1,0,0,0,0,0,0
skibish__ddns,cyclonedx-gomod,22,0,97,17,5,0,17,5,1,22,0,97,17,5,0,17,5,1,0,0,0,5,0,0
cristalhq__aconfig,syft,1,10,0,1,10,0,1,10,0,1,10,0,1,10,0,1,10,0,0,0,0,0,0,10
cristalhq__aconfig,trivy,1,10,0,1,10,0,1,10,0,1,10,0,1,10,0,1,10,0,0,0,0,0,0,10
cristalhq__aconfig,cdxgen,1,4,0,1,4,0,1,4,0,1,4,0,1,4,0,1,4,0,0,0,0,0,0,4
cristalhq__aconfig,cyclonedx-gomod,1,0,0,1,0,0,1,0,0,1,0,0,1,0,0,1,0,0,0,0,0,0,0,0
johnfercher__maroto,syft,22,0,9,21,1,0,21,1,0,22,0,9,21,1,0,21,1,0,0,0,0,0,1,0
johnfercher__maroto,trivy,21,0,10,21,0,0,21,0,0,21,0,10,21,0,0,21,0,0,0,0,0,0,0,0
johnfercher__maroto,cdxgen,21,0,10,21,0,0,21,0,0,21,0,10,21,0,0,21,0,0,0,0,0,0,0,0
johnfercher__maroto,cyclonedx-gomod,21,0,10,21,0,0,21,0,0,21,0,10,21,0,0,21,0,0,0,0,0,0,0,0
MonaxGT__parsefields,syft,9,0,8,7,2,0,7,2,0,9,0,8,7,2,0,7,2,0,0,0,0,0,0,2
MonaxGT__parsefields,trivy,9,0,8,7,2,0,7,2,0,9,0,8,7,2,0,7,2,0,0,0,0,0,0,2
MonaxGT__parsefields,cdxgen,7,0,10,7,0,0,7,0,0,7,0,10,7,0,0,7,0,0,0,0,0,0,0,0
MonaxGT__parsefields,cyclonedx-gomod,7,0,10,7,0,0,7,0,0,7,0,10,7,0,0,7,0,0,0,0,0,0,0,0
jellydator__ttlcache,syft,9,2,2,1,10,0,6,5,0,9,4,2,1,12,0,6,7,0,5,0,0,1,2,2
jellydator__ttlcache,trivy,7,2,4,1,8,0,6,3,0,7,3,4,1,9,0,6,4,0,5,0,0,1,0,2
jellydator__ttlcache,cdxgen,1,0,10,1,0,0,1,0,5,1,1,10,1,1,0,1,1,5,0,0,0,0,0,0
jellydator__ttlcache,cyclonedx-gomod,1,0,10,1,0,0,1,0,5,1,0,10,1,0,0,1,0,5,0,0,0,0,0,0
awnumar__memguard,syft,4,0,3,4,0,0,4,0,0,4,0,3,4,0,0,4,0,0,0,0,0,0,0,0
awnumar__memguard,trivy,4,0,3,4,0,0,4,0,0,4,0,3,4,0,0,4,0,0,0,0,0,0,0,0
awnumar__memguard,cdxgen,4,0,3,4,0,0,4,0,0,4,0,3,4,0,0,4,0,0,0,0,0,0,0,0
awnumar__memguard,cyclonedx-gomod,4,0,3,4,0,0,4,0,0,4,0,3,4,0,0,4,0,0,0,0,0,0,0,0
seborama__fuego,syft,9,0,2,3,6,0,7,2,0,9,0,2,3,6,0,7,2,0,4,0,0,0,2,0
seborama__fuego,trivy,7,0,4,3,4,0,7,0,0,7,0,4,3,4,0,7,0,0,4,0,0,0,0,0
seborama__fuego,cdxgen,3,0,8,3,0,0,3,0,4,3,0,8,3,0,0,3,0,4,0,0,0,0,0,0
seborama__fuego,cyclonedx-gomod,3,0,8,3,0,0,3,0,4,3,0,8,3,0,0,3,0,4,0,0,0,0,0,0
go-lark__lark,syft,7,1,1,1,7,0,6,2,0,7,4,1,1,10,0,6,5,0,5,0,0,0,1,1
go-lark__lark,trivy,8,1,0,1,8,0,6,3,0,8,4,0,1,11,0,6,6,0,5,0,0,0,2,1
go-lark__lark,cdxgen,1,0,7,1,0,0,1,0,5,1,0,7,1,0,0,1,0,5,0,0,0,0,0,0
go-lark__lark,cyclonedx-gomod,1,0,7,1,0,0,1,0,5,1,0,7,1,0,0,1,0,5,0,0,0,0,0,0
Yiling-J__theine-go,syft,12,0,2,3,9,0,8,4,0,12,0,2,3,9,0,8,4,0,5,0,0,2,2,0
Yiling-J__theine-go,trivy,10,0,4,3,7,0,8,2,0,10,0,4,3,7,0,8,2,0,5,0,0,2,0,0
Yiling-J__theine-go,cdxgen,3,0,11,3,0,0,3,0,5,3,0,11,3,0,0,3,0,5,0,0,0,0,0,0
Yiling-J__theine-go,cyclonedx-gomod,3,0,11,3,0,0,3,0,5,3,0,11,3,0,0,3,0,5,0,0,0,0,0,0
GuilhermeCaruso__anko,syft,5,1,9,3,3,0,3,3,0,5,2,9,3,4,0,3,4,0,0,0,0,1,1,1
GuilhermeCaruso__anko,trivy,14,2,0,3,13,0,3,13,0,14,3,0,3,14,0,3,14,0,0,0,0,1,11,1
GuilhermeCaruso__anko,cdxgen,3,0,11,3,0,0,3,0,0,3,0,11,3,0,0,3,0,0,0,0,0,0,0,0
GuilhermeCaruso__anko,cyclonedx-gomod,3,0,11,3,0,0,3,0,0,3,0,11,3,0,0,3,0,0,0,0,0,0,0,0
drewstinnett__go-output-format,syft,2,0,0,1,1,0,1,1,0,2,0,0,1,1,0,1,1,0,0,0,0,0,1,0
drewstinnett__go-output-format,trivy,2,0,0,1,1,0,1,1,0,2,0,0,1,1,0,1,1,0,0,0,0,0,1,0
drewstinnett__go-output-format,cdxgen,1,0,1,1,0,0,1,0,0,1,0,1,1,0,0,1,0,0,0,0,0,0,0,0
drewstinnett__go-output-format,cyclonedx-gomod,1,0,1,1,0,0,1,0,0,1,0,1,1,0,0,1,0,0,0,0,0,0,0,0
rickb777__date,syft,7,0,3,4,3,0,4,3,0,7,0,3,4,3,0,4,3,0,0,0,1,0,2,0
rickb777__date,trivy,5,0,5,4,1,0,4,1,0,5,0,5,4,1,0,4,1,0,0,0,1,0,0,0
rickb777__date,cdxgen,4,0,6,4,0,0,4,0,0,4,0,6,4,0,0,4,0,0,0,0,0,0,0,0
rickb777__date,cyclonedx-gomod,5,0,5,4,1,0,4,1,0,5,0,5,4,1,0,4,1,0,0,0,1,0,0,0
a8m__rql,syft,12,0,5,5,7,0,6,6,0,12,0,5,5,7,0,6,6,0,1,0,0,0,6,0
a8m__rql,trivy,17,0,0,5,12,0,6,11,0,17,0,0,5,12,0,6,11,0,1,0,0,0,11,0
a8m__rql,cdxgen,5,0,12,5,0,0,5,0,1,5,0,12,5,0,0,5,0,1,0,0,0,0,0,0
a8m__rql,cyclonedx-gomod,5,0,12,5,0,0,5,0,1,5,0,12,5,0,0,5,0,1,0,0,0,0,0,0
webhookx-io__webhookx,syft,195,0,215,132,63,0,141,54,0,194,5,216,131,68,1,140,59,1,9,1,0,3,50,0
webhookx-io__webhookx,trivy,146,0,264,132,14,0,141,5,0,145,3,265,131,17,1,140,8,1,9,1,0,3,1,0
webhookx-io__webhookx,cdxgen,132,0,278,132,0,0,132,0,9,132,0,278,132,0,0,132,0,9,0,0,0,0,0,0
webhookx-io__webhookx,cyclonedx-gomod,132,0,278,130,2,2,130,2,11,131,1,279,129,3,3,129,3,12,0,1,0,1,0,0
PerimeterX__envite,syft,56,0,18,34,22,0,37,19,0,56,0,18,34,22,0,37,19,0,3,2,0,0,17,0
PerimeterX__envite,trivy,39,0,35,34,5,0,37,2,0,39,0,35,34,5,0,37,2,0,3,2,0,0,0,0
PerimeterX__envite,cdxgen,34,0,40,34,0,0,34,0,3,34,0,40,34,0,0,34,0,3,0,0,0,0,0,0
PerimeterX__envite,cyclonedx-gomod,36,0,38,34,2,0,34,2,3,36,0,38,34,2,0,34,2,3,0,2,0,0,0,0
posener__wstest,syft,6,0,1,1,5,0,5,1,0,6,0,1,1,5,0,5,1,0,4,0,0,0,1,0
posener__wstest,trivy,7,0,0,1,6,0,5,2,0,7,0,0,1,6,0,5,2,0,4,0,0,0,2,0
posener__wstest,cdxgen,1,0,6,1,0,0,1,0,4,1,0,6,1,0,0,1,0,4,0,0,0,0,0,0
posener__wstest,cyclonedx-gomod,1,0,6,1,0,0,1,0,4,1,0,6,1,0,0,1,0,4,0,0,0,0,0,0
arthurkiller__rollingWriter,syft,4,0,1,1,3,0,4,0,0,4,0,1,1,3,0,4,0,0,3,0,0,0,0,0
arthurkiller__rollingWriter,trivy,5,0,0,1,4,0,4,1,0,5,0,0,1,4,0,4,1,0,3,0,0,0,1,0
arthurkiller__rollingWriter,cdxgen,1,0,4,1,0,0,1,0,3,1,0,4,1,0,0,1,0,3,0,0,0,0,0,0
arthurkiller__rollingWriter,cyclonedx-gomod,1,0,4,1,0,0,1,0,3,1,0,4,1,0,0,1,0,3,0,0,0,0,0,0
parsyl__parquet,syft,9,0,1,3,6,0,8,1,0,9,0,1,3,6,0,8,1,0,5,0,0,0,1,0
parsyl__parquet,trivy,8,0,2,3,5,0,8,0,0,8,0,2,3,5,0,8,0,0,5,0,0,0,0,0
parsyl__parquet,cdxgen,3,0,7,3,0,0,3,0,5,3,0,7,3,0,0,3,0,5,0,0,0,0,0,0
parsyl__parquet,cyclonedx-gomod,3,0,7,3,0,0,3,0,5,3,0,7,3,0,0,3,0,5,0,0,0,0,0,0
gookit__validate,syft,6,12,2,3,15,0,6,12,0,6,16,2,3,19,0,6,16,0,3,0,0,0,0,12
gookit__validate,trivy,6,7,2,3,10,0,6,7,0,6,9,2,3,12,0,6,9,0,3,0,0,0,0,7
gookit__validate,cdxgen,3,0,5,3,0,0,3,0,3,3,0,5,3,0,0,3,0,3,0,0,0,0,0,0
gookit__validate,cyclonedx-gomod,3,0,5,3,0,0,3,0,3,3,0,5,3,0,0,3,0,3,0,0,0,0,0,0
i-love-flamingo__flamingo,syft,108,0,122,63,45,0,64,44,0,108,0,122,63,45,0,64,44,0,1,1,0,31,12,0
i-love-flamingo__flamingo,trivy,96,0,134,63,33,0,64,32,0,96,0,134,63,33,0,64,32,0,1,1,0,31,0,0
i-love-flamingo__flamingo,cdxgen,63,0,167,63,0,0,63,0,1,63,0,167,63,0,0,63,0,1,0,0,0,0,0,0
i-love-flamingo__flamingo,cyclonedx-gomod,93,0,137,63,30,0,63,30,1,93,0,137,63,30,0,63,30,1,0,1,0,29,0,0
jaffee__commandeer,syft,4,0,90,2,2,0,2,2,0,4,0,90,2,2,0,2,2,0,0,1,0,1,0,0
jaffee__commandeer,trivy,94,0,0,2,92,0,2,92,0,94,0,0,2,92,0,2,92,0,0,1,0,1,90,0
jaffee__commandeer,cdxgen,2,0,92,2,0,0,2,0,0,2,0,92,2,0,0,2,0,0,0,0,0,0,0,0
jaffee__commandeer,cyclonedx-gomod,3,0,91,2,1,0,2,1,0,3,0,91,2,1,0,2,1,0,0,1,0,0,0,0
ChainSafe__gossamer,syft,241,18,324,190,69,3,193,66,3,229,47,336,190,86,3,193,83,3,3,3,1,6,31,25
ChainSafe__gossamer,trivy,212,16,353,190,38,3,193,35,3,206,30,359,190,46,3,193,43,3,3,3,1,6,7,18
ChainSafe__gossamer,cdxgen,198,7,367,193,12,0,193,12,3,196,15,369,193,18,0,193,18,3,0,0,0,0,2,10
ChainSafe__gossamer,cyclonedx-gomod,189,3,376,181,11,12,181,11,15,189,3,376,181,11,12,181,11,15,0,3,0,5,3,0
iancmcc__bingo,syft,5,0,5,1,4,0,4,1,0,5,0,5,1,4,0,4,1,0,3,0,0,1,0,0
iancmcc__bingo,trivy,5,0,5,1,4,0,4,1,0,5,0,5,1,4,0,4,1,0,3,0,0,1,0,0
iancmcc__bingo,cdxgen,1,0,9,1,0,0,1,0,3,1,0,9,1,0,0,1,0,3,0,0,0,0,0,0
iancmcc__bingo,cyclonedx-gomod,1,0,9,1,0,0,1,0,3,1,0,9,1,0,0,1,0,3,0,0,0,0,0,0
markfarnan__go-canvas,syft,4,0,3,3,1,0,3,1,0,4,0,3,3,1,0,3,1,0,0,0,0,0,1,0
markfarnan__go-canvas,trivy,7,0,0,3,4,0,3,4,0,7,0,0,3,4,0,3,4,0,0,0,0,0,4,0
markfarnan__go-canvas,cdxgen,3,0,4,3,0,0,3,0,0,3,0,4,3,0,0,3,0,0,0,0,0,0,0,0
markfarnan__go-canvas,cyclonedx-gomod,3,0,4,3,0,0,3,0,0,3,0,4,3,0,0,3,0,0,0,0,0,0,0,0
faabiosr__cachego,syft,24,0,7,16,8,0,17,7,0,24,0,7,16,8,0,17,7,0,1,0,0,0,7,0
faabiosr__cachego,trivy,17,0,14,16,1,0,17,0,0,17,0,14,16,1,0,17,0,0,1,0,0,0,0,0
faabiosr__cachego,cdxgen,16,0,15,16,0,0,16,0,1,16,0,15,16,0,0,16,0,1,0,0,0,0,0,0
faabiosr__cachego,cyclonedx-gomod,16,0,15,16,0,0,16,0,1,16,0,15,16,0,0,16,0,1,0,0,0,0,0,0
xitonix__trubka,syft,64,0,60,45,19,0,45,19,0,64,0,60,45,19,0,45,19,0,0,1,0,0,18,0
xitonix__trubka,trivy,46,0,78,45,1,0,45,1,0,46,0,78,45,1,0,45,1,0,0,1,0,0,0,0
xitonix__trubka,cdxgen,45,0,79,45,0,0,45,0,0,45,0,79,45,0,0,45,0,0,0,0,0,0,0,0
xitonix__trubka,cyclonedx-gomod,46,0,78,45,1,0,45,1,0,46,0,78,45,1,0,45,1,0,0,1,0,0,0,0
cortesi__devd,syft,29,0,12,21,8,0,21,8,0,29,0,12,21,8,0,21,8,0,0,0,0,6,2,0
cortesi__devd,trivy,27,0,14,21,6,0,21,6,0,27,0,14,21,6,0,21,6,0,0,0,0,6,0,0
cortesi__devd,cdxgen,21,0,20,21,0,0,21,0,0,21,0,20,21,0,0,21,0,0,0,0,0,0,0,0
cortesi__devd,cyclonedx-gomod,21,0,20,21,0,0,21,0,0,21,0,20,21,0,0,21,0,0,0,0,0,0,0,0
sherifabdlnaby__configuro,syft,115,0,0,23,92,0,23,92,0,115,0,0,23,92,0,23,92,0,0,0,0,92,0,0
sherifabdlnaby__configuro,trivy,115,0,0,23,92,0,23,92,0,115,0,0,23,92,0,23,92,0,0,0,0,92,0,0
sherifabdlnaby__configuro,cdxgen,23,0,92,23,0,0,23,0,0,23,0,92,23,0,0,23,0,0,0,0,0,0,0,0
sherifabdlnaby__configuro,cyclonedx-gomod,23,0,92,23,0,0,23,0,0,23,0,92,23,0,0,23,0,0,0,0,0,0,0,0
reugn__wifiqr,syft,9,0,4,5,4,0,5,4,0,9,0,4,5,4,0,5,4,0,0,1,0,1,2,0
reugn__wifiqr,trivy,7,0,6,5,2,0,5,2,0,7,0,6,5,2,0,5,2,0,0,1,0,1,0,0
reugn__wifiqr,cdxgen,5,0,8,5,0,0,5,0,0,5,0,8,5,0,0,5,0,0,0,0,0,0,0,0
reugn__wifiqr,cyclonedx-gomod,7,0,6,5,2,0,5,2,0,7,0,6,5,2,0,5,2,0,0,1,0,1,0,0
ekkinox__yai,syft,58,0,63,44,14,0,47,11,0,58,0,63,44,14,0,47,11,0,3,0,0,5,6,0
ekkinox__yai,trivy,52,0,69,44,8,0,47,5,0,52,0,69,44,8,0,47,5,0,3,0,0,5,0,0
ekkinox__yai,cdxgen,44,0,77,44,0,0,44,0,3,44,0,77,44,0,0,44,0,3,0,0,0,0,0,0
ekkinox__yai,cyclonedx-gomod,48,0,73,43,5,1,43,5,4,48,0,73,43,5,1,43,5,4,0,0,0,5,0,0
go-the-way__validator,syft,6,0,1,1,5,0,1,5,0,6,0,1,1,5,0,1,5,0,0,0,0,0,5,0
go-the-way__validator,trivy,7,0,0,1,6,0,1,6,0,7,0,0,1,6,0,1,6,0,0,0,0,0,6,0
go-the-way__validator,cdxgen,1,0,6,1,0,0,1,0,0,1,0,6,1,0,0,1,0,0,0,0,0,0,0,0
go-the-way__validator,cyclonedx-gomod,1,0,6,1,0,0,1,0,0,1,0,6,1,0,0,1,0,0,0,0,0,0,0,0
adrianosela__sslmgr,syft,59,0,139,46,13,0,49,10,0,59,0,139,46,13,0,49,10,0,3,0,0,1,9,0
adrianosela__sslmgr,trivy,50,0,148,46,4,0,49,1,0,50,0,148,46,4,0,49,1,0,3,0,0,1,0,0
adrianosela__sslmgr,cdxgen,46,0,152,46,0,0,46,0,3,46,0,152,46,0,0,46,0,3,0,0,0,0,0,0
adrianosela__sslmgr,cyclonedx-gomod,46,0,152,46,0,0,46,0,3,46,0,152,46,0,0,46,0,3,0,0,0,0,0,0
gonum__plot,syft,20,0,18,9,11,0,11,9,0,20,0,18,9,11,0,11,9,0,2,0,0,6,3,0
gonum__plot,trivy,17,0,21,9,8,0,11,6,0,17,0,21,9,8,0,11,6,0,2,0,0,6,0,0
gonum__plot,cdxgen,9,0,29,9,0,0,9,0,2,9,0,29,9,0,0,9,0,2,0,0,0,0,0,0
gonum__plot,cyclonedx-gomod,15,0,23,9,6,0,9,6,2,15,0,23,9,6,0,9,6,2,0,0,0,6,0,0
deepmap__oapi-codegen,syft,39,124,16,16,147,0,19,144,0,36,134,19,16,154,0,19,151,0,3,0,0,0,19,125
deepmap__oapi-codegen,trivy,25,100,30,16,109,0,19,106,0,22,106,33,16,112,0,19,109,0,3,0,0,0,5,101
deepmap__oapi-codegen,cdxgen,21,83,34,16,88,0,16,88,3,18,89,37,16,91,0,16,91,3,0,0,0,0,4,84
deepmap__oapi-codegen,cyclonedx-gomod,16,0,39,16,0,0,16,0,3,16,0,39,16,0,0,16,0,3,0,0,0,0,0,0
nar10z__go-accumulator,syft,8,3,1,2,9,0,7,4,0,8,3,1,2,9,0,7,4,0,5,0,0,0,1,3
nar10z__go-accumulator,trivy,7,2,2,2,7,0,7,2,0,7,2,2,2,7,0,7,2,0,5,0,0,0,0,2
nar10z__go-accumulator,cdxgen,2,0,7,2,0,0,2,0,5,2,0,7,2,0,0,2,0,5,0,0,0,0,0,0
nar10z__go-accumulator,cyclonedx-gomod,2,0,7,2,0,0,2,0,5,2,0,7,2,0,0,2,0,5,0,0,0,0,0,0
gogpu__wgpu,syft,6,0,0,5,1,0,5,1,0,6,0,0,5,1,0,5,1,0,0,0,1,0,0,0
gogpu__wgpu,trivy,6,0,0,5,1,0,5,1,0,6,0,0,5,1,0,5,1,0,0,0,1,0,0,0
gogpu__wgpu,cdxgen,5,0,1,5,0,0,5,0,0,5,0,1,5,0,0,5,0,0,0,0,0,0,0,0
gogpu__wgpu,cyclonedx-gomod,6,0,0,5,1,0,5,1,0,6,0,0,5,1,0,5,1,0,0,0,1,0,0,0
cabify__timex,syft,6,0,0,5,1,0,5,1,0,6,0,0,5,1,0,5,1,0,0,0,0,0,1,0
cabify__timex,trivy,6,0,0,5,1,0,5,1,0,6,0,0,5,1,0,5,1,0,0,0,0,0,1,0
cabify__timex,cdxgen,5,0,1,5,0,0,5,0,0,5,0,1,5,0,0,5,0,0,0,0,0,0,0,0
cabify__timex,cyclonedx-gomod,4,0,2,4,0,1,4,0,1,4,0,2,4,0,1,4,0,1,0,0,0,0,0,0
gopherlibs__appindicator,syft,1,0,0,1,0,0,1,0,0,1,0,0,1,0,0,1,0,0,0,0,0,0,0,0
gopherlibs__appindicator,trivy,1,0,0,1,0,0,1,0,0,1,0,0,1,0,0,1,0,0,0,0,0,0,0,0
gopherlibs__appindicator,cdxgen,1,0,0,1,0,0,1,0,0,1,0,0,1,0,0,1,0,0,0,0,0,0,0,0
gopherlibs__appindicator,cyclonedx-gomod,1,0,0,1,0,0,1,0,0,1,0,0,1,0,0,1,0,0,0,0,0,0,0,0
alajmo__sake,syft,32,0,12,19,13,0,21,11,0,32,0,12,19,13,0,21,11,0,2,1,0,6,4,0
alajmo__sake,trivy,28,0,16,19,9,0,21,7,0,28,0,16,19,9,0,21,7,0,2,1,0,6,0,0
alajmo__sake,cdxgen,19,0,25,19,0,0,19,0,2,19,0,25,19,0,0,19,0,2,0,0,0,0,0,0
alajmo__sake,cyclonedx-gomod,20,0,24,19,1,0,19,1,2,20,0,24,19,1,0,19,1,2,0,1,0,0,0,0
miekg__dns,syft,5,0,6,2,3,0,3,2,0,5,0,6,2,3,0,3,2,0,1,0,1,1,0,0
miekg__dns,trivy,5,0,6,2,3,0,3,2,0,5,0,6,2,3,0,3,2,0,1,0,1,1,0,0
miekg__dns,cdxgen,2,0,9,2,0,0,2,0,1,2,0,9,2,0,0,2,0,1,0,0,0,0,0,0
miekg__dns,cyclonedx-gomod,5,0,6,2,3,0,3,2,0,5,0,6,2,3,0,3,2,0,1,0,1,1,0,0
bykof__gostradamus,syft,6,0,1,1,5,0,5,1,0,6,0,1,1,5,0,5,1,0,4,0,0,0,1,0
bykof__gostradamus,trivy,5,0,2,1,4,0,5,0,0,5,0,2,1,4,0,5,0,0,4,0,0,0,0,0
bykof__gostradamus,cdxgen,1,0,6,1,0,0,1,0,4,1,0,6,1,0,0,1,0,4,0,0,0,0,0,0
bykof__gostradamus,cyclonedx-gomod,1,0,6,1,0,0,1,0,4,1,0,6,1,0,0,1,0,4,0,0,0,0,0,0
axllent__mailpit,syft,78,0,9,55,23,0,55,23,0,78,0,9,55,23,0,55,23,0,0,2,0,0,21,0
axllent__mailpit,trivy,57,0,30,55,2,0,55,2,0,57,0,30,55,2,0,55,2,0,0,2,0,0,0,0
axllent__mailpit,cdxgen,55,0,32,55,0,0,55,0,0,55,0,32,55,0,0,55,0,0,0,0,0,0,0,0
axllent__mailpit,cyclonedx-gomod,57,0,30,55,2,0,55,2,0,57,0,30,55,2,0,55,2,0,0,2,0,0,0,0
charmbracelet__wish,syft,67,10,13,43,34,0,45,32,0,67,10,13,43,34,0,45,32,0,2,3,0,1,18,10
charmbracelet__wish,trivy,49,9,31,43,15,0,45,13,0,49,9,31,43,15,0,45,13,0,2,3,0,1,0,9
charmbracelet__wish,cdxgen,43,7,37,43,7,0,43,7,2,43,7,37,43,7,0,43,7,2,0,0,0,0,0,7
charmbracelet__wish,cyclonedx-gomod,46,0,34,42,4,1,42,4,3,46,0,34,42,4,1,42,4,3,0,3,0,1,0,0
andskur__argon2-hashing,syft,2,0,3,2,0,0,2,0,0,2,0,3,2,0,0,2,0,0,0,0,0,0,0,0
andskur__argon2-hashing,trivy,2,0,3,2,0,0,2,0,0,2,0,3,2,0,0,2,0,0,0,0,0,0,0,0
andskur__argon2-hashing,cdxgen,2,0,3,2,0,0,2,0,0,2,0,3,2,0,0,2,0,0,0,0,0,0,0,0
andskur__argon2-hashing,cyclonedx-gomod,2,0,3,2,0,0,2,0,0,2,0,3,2,0,0,2,0,0,0,0,0,0,0,0
apecloud__kubeblocks,syft,186,1,151,135,52,0,139,48,0,185,9,152,135,59,0,139,55,0,4,2,1,12,32,1
apecloud__kubeblocks,trivy,155,1,182,135,21,0,139,17,0,155,4,182,135,24,0,139,20,0,4,2,1,12,1,1
apecloud__kubeblocks,cdxgen,137,0,200,135,2,0,135,2,4,137,3,200,135,5,0,135,5,4,0,0,0,1,1,0
apecloud__kubeblocks,cyclonedx-gomod,143,0,194,135,8,0,135,8,4,143,0,194,135,8,0,135,8,4,0,2,1,5,0,0
octago__sflags,syft,18,0,6,13,5,0,16,2,0,18,0,6,13,5,0,16,2,0,3,1,0,0,1,0
octago__sflags,trivy,17,0,7,13,4,0,16,1,0,17,0,7,13,4,0,16,1,0,3,1,0,0,0,0
octago__sflags,cdxgen,13,0,11,13,0,0,13,0,3,13,0,11,13,0,0,13,0,3,0,0,0,0,0,0
octago__sflags,cyclonedx-gomod,14,0,10,13,1,0,13,1,3,14,0,10,13,1,0,13,1,3,0,1,0,0,0,0
go-eagle__eagle,syft,256,9,567,185,80,0,188,77,0,251,25,572,185,91,0,188,88,0,3,2,0,16,46,13
go-eagle__eagle,trivy,238,7,585,185,60,0,188,57,0,214,55,609,185,84,0,188,81,0,3,2,0,16,25,14
go-eagle__eagle,cdxgen,192,5,631,185,12,0,185,12,3,187,17,636,185,19,0,185,19,3,0,0,0,1,3,8
go-eagle__eagle,cyclonedx-gomod,200,0,623,185,15,0,185,15,3,200,0,623,185,15,0,185,15,3,0,2,0,13,0,0
eduardonunesp__sslb,syft,12,0,2,7,5,0,7,5,0,12,0,2,7,5,0,7,5,0,0,1,0,1,3,0
eduardonunesp__sslb,trivy,9,0,5,7,2,0,7,2,0,9,0,5,7,2,0,7,2,0,0,1,0,1,0,0
eduardonunesp__sslb,cdxgen,7,0,7,7,0,0,7,0,0,7,0,7,7,0,0,7,0,0,0,0,0,0,0,0
eduardonunesp__sslb,cyclonedx-gomod,8,0,6,7,1,0,7,1,0,8,0,6,7,1,0,7,1,0,0,1,0,0,0,0
murlokswarm__app,syft,11,0,11,6,5,0,10,1,0,11,0,11,6,5,0,10,1,0,4,0,0,0,1,0
murlokswarm__app,trivy,10,0,12,6,4,0,10,0,0,10,0,12,6,4,0,10,0,0,4,0,0,0,0,0
murlokswarm__app,cdxgen,6,0,16,6,0,0,6,0,4,6,0,16,6,0,0,6,0,4,0,0,0,0,0,0
murlokswarm__app,cyclonedx-gomod,6,0,16,6,0,0,6,0,4,6,0,16,6,0,0,6,0,4,0,0,0,0,0,0
zoomio__tagify,syft,26,0,7,15,11,0,19,7,0,26,0,7,15,11,0,19,7,0,4,0,0,4,3,0
zoomio__tagify,trivy,23,0,10,15,8,0,19,4,0,23,0,10,15,8,0,19,4,0,4,0,0,4,0,0
zoomio__tagify,cdxgen,15,0,18,15,0,0,15,0,4,15,0,18,15,0,0,15,0,4,0,0,0,0,0,0
zoomio__tagify,cyclonedx-gomod,16,0,17,15,1,0,15,1,4,16,0,17,15,1,0,15,1,4,0,0,0,1,0,0
vdobler__chart,syft,8,0,0,4,4,0,4,4,0,8,0,0,4,4,0,4,4,0,0,0,0,4,0,0
vdobler__chart,trivy,8,0,0,4,4,0,4,4,0,8,0,0,4,4,0,4,4,0,0,0,0,4,0,0
vdobler__chart,cdxgen,4,0,4,4,0,0,4,0,0,4,0,4,4,0,0,4,0,0,0,0,0,0,0,0
vdobler__chart,cyclonedx-gomod,4,0,4,4,0,0,4,0,0,4,0,4,4,0,0,4,0,0,0,0,0,0,0,0
mariocandela__beelzebub,syft,49,0,19,29,20,0,37,12,0,49,0,19,29,20,0,37,12,0,8,1,0,0,11,0
mariocandela__beelzebub,trivy,38,0,30,29,9,0,37,1,0,38,0,30,29,9,0,37,1,0,8,1,0,0,0,0
mariocandela__beelzebub,cdxgen,29,0,39,29,0,0,29,0,8,29,0,39,29,0,0,29,0,8,0,0,0,0,0,0
mariocandela__beelzebub,cyclonedx-gomod,29,0,39,28,1,1,28,1,9,29,0,39,28,1,1,28,1,9,0,1,0,0,0,0
doors-dev__gox,syft,46,0,21,21,25,0,21,25,0,46,0,21,21,25,0,21,25,0,0,0,0,0,25,0
doors-dev__gox,trivy,21,0,46,21,0,0,21,0,0,21,0,46,21,0,0,21,0,0,0,0,0,0,0,0
doors-dev__gox,cdxgen,21,0,46,21,0,0,21,0,0,21,0,46,21,0,0,21,0,0,0,0,0,0,0,0
doors-dev__gox,cyclonedx-gomod,21,0,46,21,0,0,21,0,0,21,0,46,21,0,0,21,0,0,0,0,0,0,0,0
mailgun__mailgun-go,syft,8,0,69,3,5,0,7,1,0,8,0,69,3,5,0,7,1,0,4,0,0,0,1,0
mailgun__mailgun-go,trivy,7,0,70,3,4,0,7,0,0,7,0,70,3,4,0,7,0,0,4,0,0,0,0,0
mailgun__mailgun-go,cdxgen,3,0,74,3,0,0,3,0,4,3,0,74,3,0,0,3,0,4,0,0,0,0,0,0
mailgun__mailgun-go,cyclonedx-gomod,3,0,74,3,0,0,3,0,4,3,0,74,3,0,0,3,0,4,0,0,0,0,0,0
xuri__aurora,syft,2,0,0,1,1,0,2,0,0,2,0,0,1,1,0,2,0,0,1,0,0,0,0,0
xuri__aurora,trivy,2,0,0,1,1,0,2,0,0,2,0,0,1,1,0,2,0,0,1,0,0,0,0,0
xuri__aurora,cdxgen,1,0,1,1,0,0,1,0,1,1,0,1,1,0,0,1,0,1,0,0,0,0,0,0
xuri__aurora,cyclonedx-gomod,1,0,1,1,0,0,1,0,1,1,0,1,1,0,0,1,0,1,0,0,0,0,0,0
deepaksinghvi__cdule,syft,51,0,72,34,17,0,40,11,0,51,0,72,34,17,0,40,11,0,6,0,0,3,8,0
deepaksinghvi__cdule,trivy,43,0,80,34,9,0,40,3,0,43,0,80,34,9,0,40,3,0,6,0,0,3,0,0
deepaksinghvi__cdule,cdxgen,34,0,89,34,0,0,34,0,6,34,0,89,34,0,0,34,0,6,0,0,0,0,0,0
deepaksinghvi__cdule,cyclonedx-gomod,34,0,89,34,0,0,34,0,6,34,0,89,34,0,0,34,0,6,0,0,0,0,0,0
tal-tech__go-zero,syft,150,15,72,120,45,0,125,40,0,150,22,72,120,52,0,125,47,0,5,0,0,4,20,16
tal-tech__go-zero,trivy,131,13,91,120,24,0,125,19,0,130,20,92,120,30,0,125,25,0,5,0,0,4,1,14
tal-tech__go-zero,cdxgen,122,11,100,120,13,0,120,13,5,121,18,101,120,19,0,120,19,5,0,0,0,0,1,12
tal-tech__go-zero,cyclonedx-gomod,123,0,99,119,4,1,119,4,6,123,0,99,119,4,1,119,4,6,0,0,0,4,0,0
veandco__go-sdl2,syft,2,0,12,2,0,0,2,0,0,2,0,12,2,0,0,2,0,0,0,0,0,0,0,0
veandco__go-sdl2,trivy,14,0,0,2,12,0,2,12,0,14,0,0,2,12,0,2,12,0,0,0,0,0,0,12
veandco__go-sdl2,cdxgen,2,0,12,2,0,0,2,0,0,2,0,12,2,0,0,2,0,0,0,0,0,0,0,0
veandco__go-sdl2,cyclonedx-gomod,2,0,12,2,0,0,2,0,0,2,0,12,2,0,0,2,0,0,0,0,0,0,0,0
robinjoseph08__redisqueue,syft,30,0,10,2,28,0,6,24,0,30,0,10,2,28,0,6,24,0,4,0,2,10,12,0
robinjoseph08__redisqueue,trivy,40,0,0,2,38,0,6,34,0,40,0,0,2,38,0,6,34,0,4,0,2,10,22,0
robinjoseph08__redisqueue,cdxgen,2,0,38,2,0,0,2,0,4,2,0,38,2,0,0,2,0,4,0,0,0,0,0,0
robinjoseph08__redisqueue,cyclonedx-gomod,17,0,23,2,15,0,3,14,3,17,0,23,2,15,0,3,14,3,1,0,2,8,4,0
fyne-io__fyne,syft,56,0,12,46,10,0,46,10,0,56,0,12,46,10,0,46,10,0,0,1,3,3,3,0
fyne-io__fyne,trivy,53,2,15,46,9,0,46,9,0,53,2,15,46,9,0,46,9,0,0,1,3,3,0,2
fyne-io__fyne,cdxgen,46,0,22,46,0,0,46,0,0,46,0,22,46,0,0,46,0,0,0,0,0,0,0,0
fyne-io__fyne,cyclonedx-gomod,51,0,17,46,5,0,46,5,0,51,0,17,46,5,0,46,5,0,0,1,3,1,0,0
maargenton__go-testpredicate,syft,4,0,4,3,1,0,3,1,0,4,0,4,3,1,0,3,1,0,0,0,0,0,1,0
maargenton__go-testpredicate,trivy,3,0,5,3,0,0,3,0,0,3,0,5,3,0,0,3,0,0,0,0,0,0,0,0
maargenton__go-testpredicate,cdxgen,3,0,5,3,0,0,3,0,0,3,0,5,3,0,0,3,0,0,0,0,0,0,0,0
maargenton__go-testpredicate,cyclonedx-gomod,3,0,5,3,0,0,3,0,0,3,0,5,3,0,0,3,0,0,0,0,0,0,0,0
Sioro-Neoku__go-peerflix,syft,46,0,75,34,12,0,34,12,0,46,0,75,34,12,0,34,12,0,0,0,0,0,12,0
Sioro-Neoku__go-peerflix,trivy,121,0,0,34,87,0,34,87,0,121,0,0,34,87,0,34,87,0,0,1,0,0,86,0
Sioro-Neoku__go-peerflix,cdxgen,34,0,87,34,0,0,34,0,0,34,0,87,34,0,0,34,0,0,0,0,0,0,0,0
Sioro-Neoku__go-peerflix,cyclonedx-gomod,36,0,85,34,2,0,34,2,0,36,0,85,34,2,0,34,2,0,0,1,0,0,1,0
TimothyYe__skm,syft,9,0,0,7,2,0,7,2,0,9,0,0,7,2,0,7,2,0,0,0,0,0,2,0
TimothyYe__skm,trivy,7,0,2,7,0,0,7,0,0,7,0,2,7,0,0,7,0,0,0,0,0,0,0,0
TimothyYe__skm,cdxgen,7,0,2,7,0,0,7,0,0,7,0,2,7,0,0,7,0,0,0,0,0,0,0,0
TimothyYe__skm,cyclonedx-gomod,7,0,2,7,0,0,7,0,0,7,0,2,7,0,0,7,0,0,0,0,0,0,0,0
tomwright__dasel,syft,50,0,15,33,17,0,33,17,0,50,0,15,33,17,0,33,17,0,0,2,0,4,11,0
tomwright__dasel,trivy,39,0,26,33,6,0,33,6,0,39,0,26,33,6,0,33,6,0,0,2,0,4,0,0
tomwright__dasel,cdxgen,33,0,32,33,0,0,33,0,0,33,0,32,33,0,0,33,0,0,0,0,0,0,0,0
tomwright__dasel,cyclonedx-gomod,37,0,28,32,5,1,32,5,1,37,0,28,32,5,1,32,5,1,0,2,0,3,0,0
Allenxuxu__gev,syft,31,0,32,19,12,0,23,8,0,31,0,32,19,12,0,23,8,0,4,0,0,3,5,0
Allenxuxu__gev,trivy,63,0,0,19,44,0,23,40,0,63,0,0,19,44,0,23,40,0,4,0,0,3,37,0
Allenxuxu__gev,cdxgen,19,0,44,19,0,0,19,0,4,19,0,44,19,0,0,19,0,4,0,0,0,0,0,0
Allenxuxu__gev,cyclonedx-gomod,19,0,44,19,0,0,19,0,4,19,0,44,19,0,0,19,0,4,0,0,0,0,0,0
hybridgroup__gocv,syft,9,0,5,4,5,0,5,4,0,9,0,5,4,5,0,5,4,0,1,0,0,0,4,0
hybridgroup__gocv,trivy,5,0,9,4,1,0,5,0,0,5,0,9,4,1,0,5,0,0,1,0,0,0,0,0
hybridgroup__gocv,cdxgen,4,0,10,4,0,0,4,0,1,4,0,10,4,0,0,4,0,1,0,0,0,0,0,0
hybridgroup__gocv,cyclonedx-gomod,4,0,10,4,0,0,4,0,1,4,0,10,4,0,0,4,0,1,0,0,0,0,0,0
huandu__go-sqlbuilder,syft,4,0,5,2,2,0,4,0,0,4,0,5,2,2,0,4,0,0,2,0,0,0,0,0
huandu__go-sqlbuilder,trivy,4,0,5,2,2,0,4,0,0,4,0,5,2,2,0,4,0,0,2,0,0,0,0,0
huandu__go-sqlbuilder,cdxgen,2,0,7,2,0,0,2,0,2,2,0,7,2,0,0,2,0,2,0,0,0,0,0,0
huandu__go-sqlbuilder,cyclonedx-gomod,2,0,7,2,0,0,2,0,2,2,0,7,2,0,0,2,0,2,0,0,0,0,0,0
bebop__poly,syft,17,0,5,7,10,0,13,4,0,17,0,5,7,10,0,13,4,0,6,0,0,1,3,0
bebop__poly,trivy,14,0,8,7,7,0,13,1,0,14,0,8,7,7,0,13,1,0,6,0,0,1,0,0
bebop__poly,cdxgen,7,0,15,7,0,0,7,0,6,7,0,15,7,0,0,7,0,6,0,0,0,0,0,0
bebop__poly,cyclonedx-gomod,7,0,15,7,0,0,7,0,6,7,0,15,7,0,0,7,0,6,0,0,0,0,0,0
capillariesio__capillaries,syft,67,0,52,51,16,0,54,13,0,67,0,52,51,16,0,54,13,0,3,0,0,0,13,0
capillariesio__capillaries,trivy,54,0,65,51,3,0,54,0,0,54,0,65,51,3,0,54,0,0,3,0,0,0,0,0
capillariesio__capillaries,cdxgen,51,0,68,51,0,0,51,0,3,51,0,68,51,0,0,51,0,3,0,0,0,0,0,0
capillariesio__capillaries,cyclonedx-gomod,51,0,68,51,0,0,51,0,3,51,0,68,51,0,0,51,0,3,0,0,0,0,0,0
gentee__gentee,syft,7,0,7,3,4,0,3,4,0,7,0,7,3,4,0,3,4,0,0,0,0,1,3,0
gentee__gentee,trivy,4,0,10,3,1,0,3,1,0,4,0,10,3,1,0,3,1,0,0,0,0,1,0,0
gentee__gentee,cdxgen,3,0,11,3,0,0,3,0,0,3,0,11,3,0,0,3,0,0,0,0,0,0,0,0
gentee__gentee,cyclonedx-gomod,3,0,11,3,0,0,3,0,0,3,0,11,3,0,0,3,0,0,0,0,0,0,0,0
jexia__semaphore,syft,97,1,133,47,51,0,52,46,0,92,78,138,46,124,1,51,119,1,5,1,0,4,41,0
jexia__semaphore,trivy,230,1,0,47,184,0,52,179,0,229,139,1,46,322,1,51,317,1,5,1,0,4,174,0
jexia__semaphore,cdxgen,63,0,167,47,16,0,52,11,0,63,0,167,47,16,0,52,11,0,5,1,0,4,6,0
jexia__semaphore,cyclonedx-gomod,54,1,176,46,9,1,46,9,6,54,1,176,46,9,1,46,9,6,0,1,0,1,7,0
jimlambrt__gldap,syft,24,0,24,16,8,0,16,8,0,24,0,24,16,8,0,16,8,0,0,0,1,3,4,0
jimlambrt__gldap,trivy,20,0,28,16,4,0,16,4,0,20,0,28,16,4,0,16,4,0,0,0,1,3,0,0
jimlambrt__gldap,cdxgen,16,0,32,16,0,0,16,0,0,16,0,32,16,0,0,16,0,0,0,0,0,0,0,0
jimlambrt__gldap,cyclonedx-gomod,20,0,28,16,4,0,16,4,0,20,0,28,16,4,0,16,4,0,0,0,1,3,0,0
oklahomer__go-sarah,syft,15,2,4,11,6,0,11,6,0,15,7,4,11,11,0,11,11,0,0,0,0,3,1,2
oklahomer__go-sarah,trivy,19,2,0,11,10,0,11,10,0,19,9,0,11,17,0,11,17,0,0,0,0,3,5,2
oklahomer__go-sarah,cdxgen,11,0,8,11,0,0,11,0,0,11,5,8,11,5,0,11,5,0,0,0,0,0,0,0
oklahomer__go-sarah,cyclonedx-gomod,11,0,8,11,0,0,11,0,0,11,0,8,11,0,0,11,0,0,0,0,0,0,0,0
wkhere__bcl,syft,2,0,0,1,1,0,2,0,0,2,0,0,1,1,0,2,0,0,1,0,0,0,0,0
wkhere__bcl,trivy,2,0,0,1,1,0,2,0,0,2,0,0,1,1,0,2,0,0,1,0,0,0,0,0
wkhere__bcl,cdxgen,1,0,1,1,0,0,1,0,1,1,0,1,1,0,0,1,0,1,0,0,0,0,0,0
wkhere__bcl,cyclonedx-gomod,1,0,1,1,0,0,1,0,1,1,0,1,1,0,0,1,0,1,0,0,0,0,0,0
golang-migrate__migrate,syft,261,0,241,175,86,0,183,78,0,261,0,241,175,86,0,183,78,0,8,3,0,22,53,0
golang-migrate__migrate,trivy,208,0,294,175,33,0,183,25,0,208,0,294,175,33,0,183,25,0,8,3,0,22,0,0
golang-migrate__migrate,cdxgen,175,0,327,175,0,0,175,0,8,175,0,327,175,0,0,175,0,8,0,0,0,0,0,0
golang-migrate__migrate,cyclonedx-gomod,195,0,307,175,20,0,176,19,7,195,0,307,175,20,0,176,19,7,1,3,0,16,0,0
cyucelen__marker,syft,9,0,1,4,5,0,8,1,0,9,0,1,4,5,0,8,1,0,4,0,0,0,1,0
cyucelen__marker,trivy,10,0,0,4,6,0,8,2,0,10,0,0,4,6,0,8,2,0,4,0,0,0,2,0
cyucelen__marker,cdxgen,4,0,6,4,0,0,4,0,4,4,0,6,4,0,0,4,0,4,0,0,0,0,0,0
cyucelen__marker,cyclonedx-gomod,4,0,6,4,0,0,4,0,4,4,0,6,4,0,0,4,0,4,0,0,0,0,0,0
k8gb-io__k8gb,syft,161,58,152,99,120,0,100,119,0,142,104,171,99,147,0,100,146,0,1,0,0,7,25,87
k8gb-io__k8gb,trivy,138,56,175,99,95,0,100,94,0,119,94,194,99,114,0,100,113,0,1,0,0,7,2,85
k8gb-io__k8gb,cdxgen,122,53,191,99,76,0,99,76,1,105,87,208,99,93,0,99,93,1,0,0,0,0,0,76
k8gb-io__k8gb,cyclonedx-gomod,95,0,218,93,2,6,93,2,7,95,0,218,93,2,6,93,2,7,0,0,0,2,0,0
adelowo__onecache,syft,16,0,5,2,14,0,2,14,0,16,0,5,2,14,0,2,14,0,0,0,0,1,13,0
adelowo__onecache,trivy,21,0,0,2,19,0,2,19,0,21,0,0,2,19,0,2,19,0,0,0,0,1,18,0
adelowo__onecache,cdxgen,2,0,19,2,0,0,2,0,0,2,0,19,2,0,0,2,0,0,0,0,0,0,0,0
adelowo__onecache,cyclonedx-gomod,2,0,19,2,0,0,2,0,0,2,0,19,2,0,0,2,0,0,0,0,0,0,0,0
go-playground__pure,syft,3,0,0,3,0,0,3,0,0,3,0,0,3,0,0,3,0,0,0,0,0,0,0,0
go-playground__pure,trivy,3,0,0,3,0,0,3,0,0,3,0,0,3,0,0,3,0,0,0,0,0,0,0,0
go-playground__pure,cdxgen,3,0,0,3,0,0,3,0,0,3,0,0,3,0,0,3,0,0,0,0,0,0,0,0
go-playground__pure,cyclonedx-gomod,3,0,0,3,0,0,3,0,0,3,0,0,3,0,0,3,0,0,0,0,0,0,0,0
saivedant169__AegisFlow,syft,94,7,71,69,32,0,72,29,0,94,7,71,69,32,0,72,29,0,3,0,0,0,22,7
saivedant169__AegisFlow,trivy,72,7,93,69,10,0,72,7,0,72,7,93,69,10,0,72,7,0,3,0,0,0,0,7
saivedant169__AegisFlow,cdxgen,69,1,96,69,1,0,69,1,3,69,1,96,69,1,0,69,1,3,0,0,0,0,0,1
saivedant169__AegisFlow,cyclonedx-gomod,68,0,97,68,0,1,68,0,4,68,0,97,68,0,1,68,0,4,0,0,0,0,0,0
root-gg__plik,syft,140,0,208,113,27,0,113,27,0,140,0,208,113,27,0,113,27,0,0,1,0,3,23,0
root-gg__plik,trivy,117,0,231,113,4,0,113,4,0,117,0,231,113,4,0,113,4,0,0,1,0,3,0,0
root-gg__plik,cdxgen,117,0,231,113,4,0,113,4,0,117,0,231,113,4,0,113,4,0,0,1,0,3,0,0
root-gg__plik,cyclonedx-gomod,115,0,233,113,2,0,113,2,0,115,0,233,113,2,0,113,2,0,0,1,0,1,0,0
ydb-platform__ydb-go-sdk,syft,45,82,31,17,110,0,17,110,0,36,127,40,17,146,0,17,146,0,0,0,3,2,21,84
ydb-platform__ydb-go-sdk,trivy,36,65,40,17,84,0,17,84,0,27,96,49,17,106,0,17,106,0,0,0,3,2,13,66
ydb-platform__ydb-go-sdk,cdxgen,33,56,43,17,72,0,17,72,0,22,85,54,17,90,0,17,90,0,0,0,1,1,13,57
ydb-platform__ydb-go-sdk,cyclonedx-gomod,14,0,62,14,0,3,14,0,3,14,0,62,14,0,3,14,0,3,0,0,0,0,0,0
lazynop__lazyenv,syft,32,0,8,21,11,0,25,7,0,32,0,8,21,11,0,25,7,0,4,0,0,0,7,0
lazynop__lazyenv,trivy,25,0,15,21,4,0,25,0,0,25,0,15,21,4,0,25,0,0,4,0,0,0,0,0
lazynop__lazyenv,cdxgen,21,0,19,21,0,0,21,0,4,21,0,19,21,0,0,21,0,4,0,0,0,0,0,0
lazynop__lazyenv,cyclonedx-gomod,21,0,19,21,0,0,21,0,4,21,0,19,21,0,0,21,0,4,0,0,0,0,0,0
kyoh86__richgo,syft,12,0,1,7,5,0,11,1,0,12,0,1,7,5,0,11,1,0,4,0,0,0,1,0
kyoh86__richgo,trivy,11,0,2,7,4,0,11,0,0,11,0,2,7,4,0,11,0,0,4,0,0,0,0,0
kyoh86__richgo,cdxgen,7,0,6,7,0,0,7,0,4,7,0,6,7,0,0,7,0,4,0,0,0,0,0,0
kyoh86__richgo,cyclonedx-gomod,7,0,6,7,0,0,7,0,4,7,0,6,7,0,0,7,0,4,0,0,0,0,0,0
kubernetes-sigs__kind,syft,20,388,3,11,397,0,11,397,0,19,423,4,11,431,0,11,431,0,0,1,0,3,5,388
kubernetes-sigs__kind,trivy,20,387,3,11,396,0,11,396,0,18,419,5,11,426,0,11,426,0,0,1,0,3,5,387
kubernetes-sigs__kind,cdxgen,18,384,5,11,391,0,11,391,0,16,416,7,11,421,0,11,421,0,0,1,0,1,5,384
kubernetes-sigs__kind,cyclonedx-gomod,12,0,11,11,1,0,11,1,0,12,0,11,11,1,0,11,1,0,0,1,0,0,0,0
GoogleCloudPlatform__gcloud-golang,syft,185,146,11,31,300,0,47,284,0,74,352,122,31,395,0,47,379,0,16,0,0,2,15,267
GoogleCloudPlatform__gcloud-golang,trivy,174,137,22,31,280,0,47,264,0,58,323,138,31,350,0,47,334,0,16,0,0,2,6,256
GoogleCloudPlatform__gcloud-golang,cdxgen,64,47,132,31,80,0,47,64,0,51,104,145,31,124,0,47,108,0,16,0,0,0,4,60
GoogleCloudPlatform__gcloud-golang,cyclonedx-gomod,30,0,166,30,0,1,30,0,17,30,0,166,30,0,1,30,0,17,0,0,0,0,0,0
slotix__dataflowkit,syft,43,0,8,32,11,0,35,8,0,43,0,8,32,11,0,35,8,0,3,1,0,5,2,0
slotix__dataflowkit,trivy,51,0,0,32,19,0,35,16,0,51,0,0,32,19,0,35,16,0,3,1,0,5,10,0
slotix__dataflowkit,cdxgen,32,0,19,32,0,0,32,0,3,32,0,19,32,0,0,32,0,3,0,0,0,0,0,0
slotix__dataflowkit,cyclonedx-gomod,34,0,17,32,2,0,32,2,3,34,0,17,32,2,0,32,2,3,0,1,0,0,1,0
xhit__go-simple-mail,syft,7,0,1,1,6,0,1,6,0,7,0,1,1,6,0,1,6,0,0,0,0,0,0,6
xhit__go-simple-mail,trivy,8,1,0,1,8,0,1,8,0,8,1,0,1,8,0,1,8,0,0,0,0,0,1,7
xhit__go-simple-mail,cdxgen,1,0,7,1,0,0,1,0,0,1,0,7,1,0,0,1,0,0,0,0,0,0,0,0
xhit__go-simple-mail,cyclonedx-gomod,1,0,7,1,0,0,1,0,0,1,0,7,1,0,0,1,0,0,0,0,0,0,0,0
asynkron__protoactor-go,syft,138,66,81,107,97,0,109,95,0,134,94,85,107,121,0,109,119,0,2,0,0,2,26,67
asynkron__protoactor-go,trivy,118,64,101,107,75,0,109,73,0,113,88,106,107,94,0,109,92,0,2,0,0,2,6,65
asynkron__protoactor-go,cdxgen,118,19,101,107,30,0,109,28,0,113,43,106,107,49,0,109,47,0,2,0,0,2,6,20
asynkron__protoactor-go,cyclonedx-gomod,108,0,111,107,1,0,107,1,2,108,0,111,107,1,0,107,1,2,0,0,0,1,0,0
go-hep__hep,syft,69,0,24,55,14,0,58,11,0,69,0,24,55,14,0,58,11,0,3,0,0,3,8,0
go-hep__hep,trivy,61,0,32,55,6,0,58,3,0,61,0,32,55,6,0,58,3,0,3,0,0,3,0,0
go-hep__hep,cdxgen,55,0,38,55,0,0,55,0,3,55,0,38,55,0,0,55,0,3,0,0,0,0,0,0
go-hep__hep,cyclonedx-gomod,58,0,35,55,3,0,55,3,3,58,0,35,55,3,0,55,3,3,0,0,0,3,0,0
bamzi__jobrunner,syft,1,0,0,1,0,0,1,0,0,1,0,0,1,0,0,1,0,0,0,0,0,0,0,0
bamzi__jobrunner,trivy,1,0,0,1,0,0,1,0,0,1,0,0,1,0,0,1,0,0,0,0,0,0,0,0
bamzi__jobrunner,cdxgen,1,0,0,1,0,0,1,0,0,1,0,0,1,0,0,1,0,0,0,0,0,0,0,0
bamzi__jobrunner,cyclonedx-gomod,1,0,0,1,0,0,1,0,0,1,0,0,1,0,0,1,0,0,0,0,0,0,0,0
artonge__go-gtfs,syft,1,0,0,1,0,0,1,0,0,1,0,0,1,0,0,1,0,0,0,0,0,0,0,0
artonge__go-gtfs,trivy,1,0,0,1,0,0,1,0,0,1,0,0,1,0,0,1,0,0,0,0,0,0,0,0
artonge__go-gtfs,cdxgen,1,0,0,1,0,0,1,0,0,1,0,0,1,0,0,1,0,0,0,0,0,0,0,0
artonge__go-gtfs,cyclonedx-gomod,1,0,0,1,0,0,1,0,0,1,0,0,1,0,0,1,0,0,0,0,0,0,0,0
timdp__lwc,syft,3,0,0,3,0,0,3,0,0,3,0,0,3,0,0,3,0,0,0,0,0,0,0,0
timdp__lwc,trivy,3,0,0,3,0,0,3,0,0,3,0,0,3,0,0,3,0,0,0,0,0,0,0,0
timdp__lwc,cdxgen,3,0,0,3,0,0,3,0,0,3,0,0,3,0,0,3,0,0,0,0,0,0,0,0
timdp__lwc,cyclonedx-gomod,3,0,0,3,0,0,3,0,0,3,0,0,3,0,0,3,0,0,0,0,0,0,0,0
ardanlabs__service,syft,102,0,74,63,39,0,64,38,0,102,0,74,63,39,0,64,38,0,1,0,0,4,34,0
ardanlabs__service,trivy,68,0,108,63,5,0,64,4,0,68,0,108,63,5,0,64,4,0,1,0,0,4,0,0
ardanlabs__service,cdxgen,68,0,108,63,5,0,64,4,0,68,0,108,63,5,0,64,4,0,1,0,0,4,0,0
ardanlabs__service,cyclonedx-gomod,67,0,109,63,4,0,63,4,1,67,0,109,63,4,0,63,4,1,0,0,0,4,0,0
slipros__roamer,syft,12,21,5,11,22,0,11,22,0,12,25,5,11,26,0,11,26,0,0,0,0,0,1,21
slipros__roamer,trivy,11,21,6,11,21,0,11,21,0,11,26,6,11,26,0,11,26,0,0,0,0,0,0,21
slipros__roamer,cdxgen,11,8,6,11,8,0,11,8,0,11,9,6,11,9,0,11,9,0,0,0,0,0,0,8
slipros__roamer,cyclonedx-gomod,10,0,7,10,0,1,10,0,1,10,0,7,10,0,1,10,0,1,0,0,0,0,0,0
mariomac__gostream,syft,6,0,7,1,5,0,5,1,0,6,0,7,1,5,0,5,1,0,4,0,0,0,1,0
mariomac__gostream,trivy,5,0,8,1,4,0,5,0,0,5,0,8,1,4,0,5,0,0,4,0,0,0,0,0
mariomac__gostream,cdxgen,5,0,8,1,4,0,5,0,0,5,0,8,1,4,0,5,0,0,4,0,0,0,0,0
mariomac__gostream,cyclonedx-gomod,1,0,12,1,0,0,1,0,4,1,0,12,1,0,0,1,0,4,0,0,0,0,0,0
dop251__goja,syft,7,0,12,5,2,0,7,0,0,7,0,12,5,2,0,7,0,0,2,0,0,0,0,0
dop251__goja,trivy,15,0,4,5,10,0,7,8,0,14,1,5,5,10,0,7,8,0,2,0,0,0,8,0
dop251__goja,cdxgen,5,0,14,5,0,0,5,0,2,5,0,14,5,0,0,5,0,2,0,0,0,0,0,0
dop251__goja,cyclonedx-gomod,5,0,14,5,0,0,5,0,2,5,0,14,5,0,0,5,0,2,0,0,0,0,0,0
kniren__gota,syft,3,0,34,2,1,0,2,1,0,3,0,34,2,1,0,2,1,0,0,0,0,0,1,0
kniren__gota,trivy,37,0,0,2,35,0,2,35,0,37,0,0,2,35,0,2,35,0,0,0,0,0,35,0
kniren__gota,cdxgen,2,0,35,2,0,0,2,0,0,2,0,35,2,0,0,2,0,0,0,0,0,0,0,0
kniren__gota,cyclonedx-gomod,2,0,35,2,0,0,2,0,0,2,0,35,2,0,0,2,0,0,0,0,0,0,0,0
immortal__immortal,syft,7,0,0,6,1,0,6,1,0,7,0,0,6,1,0,6,1,0,0,0,0,0,1,0
immortal__immortal,trivy,7,0,0,6,1,0,6,1,0,7,0,0,6,1,0,6,1,0,0,0,0,0,1,0
immortal__immortal,cdxgen,6,0,1,6,0,0,6,0,0,6,0,1,6,0,0,6,0,0,0,0,0,0,0,0
immortal__immortal,cyclonedx-gomod,6,0,1,6,0,0,6,0,0,6,0,1,6,0,0,6,0,0,0,0,0,0,0,0
invopop__gobl,syft,25,0,39,15,10,0,19,6,0,25,0,39,15,10,0,19,6,0,4,0,1,4,1,0
invopop__gobl,trivy,24,0,40,15,9,0,19,5,0,24,0,40,15,9,0,19,5,0,4,0,1,4,0,0
invopop__gobl,cdxgen,15,0,49,15,0,0,15,0,4,15,0,49,15,0,0,15,0,4,0,0,0,0,0,0
invopop__gobl,cyclonedx-gomod,16,0,48,15,1,0,15,1,4,16,0,48,15,1,0,15,1,4,0,0,1,0,0,0
wajox__gobase,syft,60,0,32,39,21,0,43,17,0,60,0,32,39,21,0,43,17,0,4,1,1,4,11,0
wajox__gobase,trivy,49,0,43,39,10,0,43,6,0,49,0,43,39,10,0,43,6,0,4,1,1,4,0,0
wajox__gobase,cdxgen,39,0,53,39,0,0,39,0,4,39,0,53,39,0,0,39,0,4,0,0,0,0,0,0
wajox__gobase,cyclonedx-gomod,45,0,47,39,6,0,39,6,4,45,0,47,39,6,0,39,6,4,0,1,1,4,0,0
iyashjayesh__goscaf,syft,19,0,12,11,8,0,11,8,0,19,3,12,11,11,0,11,11,0,0,1,0,0,7,0
iyashjayesh__goscaf,trivy,12,0,19,11,1,0,11,1,0,12,0,19,11,1,0,11,1,0,0,1,0,0,0,0
iyashjayesh__goscaf,cdxgen,11,0,20,11,0,0,11,0,0,11,0,20,11,0,0,11,0,0,0,0,0,0,0,0
iyashjayesh__goscaf,cyclonedx-gomod,12,0,19,11,1,0,11,1,0,12,0,19,11,1,0,11,1,0,0,1,0,0,0,0
jirenius__go-res,syft,29,0,31,20,9,0,20,9,0,29,0,31,20,9,0,20,9,0,0,0,0,1,8,0
jirenius__go-res,trivy,21,0,39,20,1,0,20,1,0,21,0,39,20,1,0,20,1,0,0,0,0,1,0,0
jirenius__go-res,cdxgen,20,0,40,20,0,0,20,0,0,20,0,40,20,0,0,20,0,0,0,0,0,0,0,0
jirenius__go-res,cyclonedx-gomod,20,0,40,20,0,0,20,0,0,20,0,40,20,0,0,20,0,0,0,0,0,0,0,0
go-gitea__gitea,syft,335,0,372,258,77,0,258,77,0,331,4,376,254,81,4,254,81,4,0,4,2,4,67,0
go-gitea__gitea,trivy,268,0,439,258,10,0,258,10,0,264,4,443,254,14,4,254,14,4,0,4,2,4,0,0
go-gitea__gitea,cdxgen,258,0,449,258,0,0,258,0,0,258,0,449,258,0,0,258,0,0,0,0,0,0,0,0
go-gitea__gitea,cyclonedx-gomod,267,0,440,258,9,0,258,9,0,263,4,444,254,13,4,254,13,4,0,4,2,3,0,0
fawick__speedtest-resize,syft,6,0,1,6,0,0,6,0,0,6,0,1,6,0,0,6,0,0,0,0,0,0,0,0
fawick__speedtest-resize,trivy,7,0,0,6,1,0,6,1,0,7,0,0,6,1,0,6,1,0,0,0,0,0,1,0
fawick__speedtest-resize,cdxgen,6,0,1,6,0,0,6,0,0,6,0,1,6,0,0,6,0,0,0,0,0,0,0,0
fawick__speedtest-resize,cyclonedx-gomod,6,0,1,6,0,0,6,0,0,6,0,1,6,0,0,6,0,0,0,0,0,0,0,0
JohannesKaufmann__html-to-markdown,syft,20,0,9,15,5,0,15,5,0,20,0,9,15,5,0,15,5,0,0,0,0,0,5,0
JohannesKaufmann__html-to-markdown,trivy,15,0,14,15,0,0,15,0,0,15,0,14,15,0,0,15,0,0,0,0,0,0,0,0
JohannesKaufmann__html-to-markdown,cdxgen,15,0,14,15,0,0,15,0,0,15,0,14,15,0,0,15,0,0,0,0,0,0,0,0
JohannesKaufmann__html-to-markdown,cyclonedx-gomod,15,0,14,15,0,0,15,0,0,15,0,14,15,0,0,15,0,0,0,0,0,0,0,0
Yiling-J__cacheme-go,syft,28,0,136,13,15,0,17,11,0,28,0,136,13,15,0,17,11,0,4,0,0,1,10,0
Yiling-J__cacheme-go,trivy,164,0,0,13,151,0,17,147,0,164,0,0,13,151,0,17,147,0,4,1,0,1,145,0
Yiling-J__cacheme-go,cdxgen,13,0,151,13,0,0,13,0,4,13,0,151,13,0,0,13,0,4,0,0,0,0,0,0
Yiling-J__cacheme-go,cyclonedx-gomod,14,0,150,13,1,0,13,1,4,14,0,150,13,1,0,13,1,4,0,1,0,0,0,0
matm__go-nowpayments,syft,7,0,0,6,1,0,6,1,0,7,0,0,6,1,0,6,1,0,0,0,0,0,1,0
matm__go-nowpayments,trivy,6,0,1,6,0,0,6,0,0,6,0,1,6,0,0,6,0,0,0,0,0,0,0,0
matm__go-nowpayments,cdxgen,6,0,1,6,0,0,6,0,0,6,0,1,6,0,0,6,0,0,0,0,0,0,0,0
matm__go-nowpayments,cyclonedx-gomod,5,0,2,5,0,1,5,0,1,5,0,2,5,0,1,5,0,1,0,0,0,0,0,0
rogerwelin__cassowary,syft,44,0,89,33,11,0,33,11,0,44,0,89,33,11,0,33,11,0,0,0,0,0,11,0
rogerwelin__cassowary,trivy,33,0,100,33,0,0,33,0,0,33,0,100,33,0,0,33,0,0,0,0,0,0,0,0
rogerwelin__cassowary,cdxgen,33,0,100,33,0,0,33,0,0,33,0,100,33,0,0,33,0,0,0,0,0,0,0,0
rogerwelin__cassowary,cyclonedx-gomod,33,0,100,33,0,0,33,0,0,33,0,100,33,0,0,33,0,0,0,0,0,0,0,0
bradleyjkemp__cupaloy,syft,6,0,0,2,4,0,5,1,0,6,0,0,2,4,0,5,1,0,3,0,0,1,0,0
bradleyjkemp__cupaloy,trivy,6,0,0,2,4,0,5,1,0,6,0,0,2,4,0,5,1,0,3,0,0,1,0,0
bradleyjkemp__cupaloy,cdxgen,2,0,4,2,0,0,2,0,3,2,0,4,2,0,0,2,0,3,0,0,0,0,0,0
bradleyjkemp__cupaloy,cyclonedx-gomod,2,0,4,2,0,0,2,0,3,2,0,4,2,0,0,2,0,3,0,0,0,0,0,0
timsolov__rest-query-parser,syft,9,0,2,1,8,0,7,2,0,9,0,2,1,8,0,7,2,0,6,0,0,1,1,0
timsolov__rest-query-parser,trivy,11,0,0,1,10,0,7,4,0,11,0,0,1,10,0,7,4,0,6,0,0,1,3,0
timsolov__rest-query-parser,cdxgen,1,0,10,1,0,0,1,0,6,1,0,10,1,0,0,1,0,6,0,0,0,0,0,0
timsolov__rest-query-parser,cyclonedx-gomod,1,0,10,1,0,0,1,0,6,1,0,10,1,0,0,1,0,6,0,0,0,0,0,0
DATA-DOG__go-sqlmock,syft,1,0,0,1,0,0,1,0,0,1,0,0,1,0,0,1,0,0,0,0,0,0,0,0
DATA-DOG__go-sqlmock,trivy,1,0,0,1,0,0,1,0,0,1,0,0,1,0,0,1,0,0,0,0,0,0,0,0
DATA-DOG__go-sqlmock,cdxgen,1,0,0,1,0,0,1,0,0,1,0,0,1,0,0,1,0,0,0,0,0,0,0,0
DATA-DOG__go-sqlmock,cyclonedx-gomod,1,0,0,1,0,0,1,0,0,1,0,0,1,0,0,1,0,0,0,0,0,0,0,0
Raezil__GoEventBus,syft,7,0,5,6,1,0,6,1,0,7,0,5,6,1,0,6,1,0,0,0,0,0,1,0
Raezil__GoEventBus,trivy,6,1,6,6,1,0,6,1,0,6,1,6,6,1,0,6,1,0,0,0,0,0,0,1
Raezil__GoEventBus,cdxgen,6,0,6,6,0,0,6,0,0,6,0,6,6,0,0,6,0,0,0,0,0,0,0,0
Raezil__GoEventBus,cyclonedx-gomod,6,0,6,6,0,0,6,0,0,6,0,6,6,0,0,6,0,0,0,0,0,0,0,0
in-toto__in-toto-golang,syft,41,1,20,21,21,0,22,20,0,41,1,20,21,21,0,22,20,0,1,2,0,1,16,1
in-toto__in-toto-golang,trivy,25,0,36,21,4,0,22,3,0,25,0,36,21,4,0,22,3,0,1,2,0,1,0,0
in-toto__in-toto-golang,cdxgen,21,0,40,21,0,0,21,0,1,21,0,40,21,0,0,21,0,1,0,0,0,0,0,0
in-toto__in-toto-golang,cyclonedx-gomod,20,0,41,18,2,3,18,2,4,20,0,41,18,2,3,18,2,4,0,2,0,0,0,0
no-src__log,syft,2,0,0,1,1,0,1,1,0,2,0,0,1,1,0,1,1,0,0,0,0,0,1,0
no-src__log,trivy,2,0,0,1,1,0,1,1,0,2,0,0,1,1,0,1,1,0,0,0,0,0,1,0
no-src__log,cdxgen,1,0,1,1,0,0,1,0,0,1,0,1,1,0,0,1,0,0,0,0,0,0,0,0
no-src__log,cyclonedx-gomod,1,0,1,1,0,0,1,0,0,1,0,1,1,0,0,1,0,0,0,0,0,0,0,0
btnguyen2k__gocosmos,syft,7,1,0,6,2,0,7,1,0,7,1,0,6,2,0,7,1,0,1,0,0,0,0,1
btnguyen2k__gocosmos,trivy,7,1,0,6,2,0,7,1,0,7,1,0,6,2,0,7,1,0,1,0,0,0,0,1
btnguyen2k__gocosmos,cdxgen,6,0,1,6,0,0,6,0,1,6,0,1,6,0,0,6,0,1,0,0,0,0,0,0
btnguyen2k__gocosmos,cyclonedx-gomod,6,0,1,6,0,0,6,0,1,6,0,1,6,0,0,6,0,1,0,0,0,0,0,0
hashicorp__cli,syft,25,0,10,20,5,0,20,5,0,25,0,10,20,5,0,20,5,0,0,0,0,1,4,0
hashicorp__cli,trivy,21,0,14,20,1,0,20,1,0,21,0,14,20,1,0,20,1,0,0,0,0,1,0,0
hashicorp__cli,cdxgen,20,0,15,20,0,0,20,0,0,20,0,15,20,0,0,20,0,0,0,0,0,0,0,0
hashicorp__cli,cyclonedx-gomod,20,0,15,20,0,0,20,0,0,20,0,15,20,0,0,20,0,0,0,0,0,0,0,0
vibridi__gomock,syft,9,0,2,4,5,0,8,1,0,9,0,2,4,5,0,8,1,0,4,0,0,0,1,0
vibridi__gomock,trivy,8,0,3,4,4,0,8,0,0,8,0,3,4,4,0,8,0,0,4,0,0,0,0,0
vibridi__gomock,cdxgen,4,0,7,4,0,0,4,0,4,4,0,7,4,0,0,4,0,4,0,0,0,0,0,0
vibridi__gomock,cyclonedx-gomod,4,0,7,4,0,0,4,0,4,4,0,7,4,0,0,4,0,4,0,0,0,0,0,0
moov-io__ach,syft,43,0,151,31,12,0,31,12,0,43,0,151,31,12,0,31,12,0,0,0,1,0,11,0
moov-io__ach,trivy,32,0,162,31,1,0,31,1,0,32,0,162,31,1,0,31,1,0,0,0,1,0,0,0
moov-io__ach,cdxgen,31,0,163,31,0,0,31,0,0,31,0,163,31,0,0,31,0,0,0,0,0,0,0,0
moov-io__ach,cyclonedx-gomod,32,0,162,31,1,0,31,1,0,32,0,162,31,1,0,31,1,0,0,0,1,0,0,0
anchore__syft,syft,NA
anchore__syft,trivy,NA
anchore__syft,cdxgen,NA
anchore__syft,cyclonedx-gomod,299,0,483,287,12,1,287,12,18,299,0,483,287,12,1,287,12,18,0,9,1,2,0,0
nanovms__ops,syft,254,0,267,196,58,0,201,53,0,254,0,267,196,58,0,201,53,0,5,3,0,14,36,0
nanovms__ops,trivy,218,0,303,196,22,0,201,17,0,218,0,303,196,22,0,201,17,0,5,3,0,14,0,0
nanovms__ops,cdxgen,218,0,303,196,22,0,201,17,0,218,0,303,196,22,0,201,17,0,5,3,0,14,0,0
nanovms__ops,cyclonedx-gomod,200,0,321,195,5,1,195,5,6,200,0,321,195,5,1,195,5,6,0,3,0,2,0,0
ulule__limiter,syft,42,0,8,27,15,0,27,15,0,42,0,8,27,15,0,27,15,0,0,0,0,11,4,0
ulule__limiter,trivy,38,0,12,27,11,0,27,11,0,38,0,12,27,11,0,27,11,0,0,0,0,11,0,0
ulule__limiter,cdxgen,27,0,23,27,0,0,27,0,0,27,0,23,27,0,0,27,0,0,0,0,0,0,0,0
ulule__limiter,cyclonedx-gomod,36,0,14,27,9,0,27,9,0,36,0,14,27,9,0,27,9,0,0,0,0,9,0,0
keilerkonzept__topk,syft,3,0,0,1,2,0,3,0,0,3,0,0,1,2,0,3,0,0,2,0,0,0,0,0
keilerkonzept__topk,trivy,3,0,0,1,2,0,3,0,0,3,0,0,1,2,0,3,0,0,2,0,0,0,0,0
keilerkonzept__topk,cdxgen,1,0,2,1,0,0,1,0,2,1,0,2,1,0,0,1,0,2,0,0,0,0,0,0
keilerkonzept__topk,cyclonedx-gomod,1,0,2,1,0,0,1,0,2,1,0,2,1,0,0,1,0,2,0,0,0,0,0,0
kelindar__column,syft,20,0,1,13,7,0,17,3,0,20,0,1,13,7,0,17,3,0,4,0,0,1,2,0
kelindar__column,trivy,18,0,3,13,5,0,17,1,0,18,0,3,13,5,0,17,1,0,4,0,0,1,0,0
kelindar__column,cdxgen,13,0,8,13,0,0,13,0,4,13,0,8,13,0,0,13,0,4,0,0,0,0,0,0
kelindar__column,cyclonedx-gomod,14,0,7,13,1,0,13,1,4,14,0,7,13,1,0,13,1,4,0,0,0,1,0,0
containous__traefik,syft,470,7,467,350,127,2,375,102,2,469,8,468,349,128,3,374,103,3,25,2,2,19,74,5
containous__traefik,trivy,398,7,539,350,55,2,375,30,2,397,8,540,349,56,3,374,31,3,25,2,2,19,2,5
containous__traefik,cdxgen,352,1,585,352,1,0,352,1,25,352,1,585,352,1,0,352,1,25,0,0,0,0,0,1
containous__traefik,cyclonedx-gomod,345,2,592,339,8,13,339,8,38,344,3,593,338,9,14,338,9,39,0,2,0,4,2,0
bluetuith-org__bluetuith,syft,49,0,22,42,7,0,42,7,0,49,0,22,42,7,0,42,7,0,0,0,0,1,6,0
bluetuith-org__bluetuith,trivy,43,0,28,42,1,0,42,1,0,43,0,28,42,1,0,42,1,0,0,0,0,1,0,0
bluetuith-org__bluetuith,cdxgen,42,0,29,42,0,0,42,0,0,42,0,29,42,0,0,42,0,0,0,0,0,0,0,0
bluetuith-org__bluetuith,cyclonedx-gomod,43,0,28,42,1,0,42,1,0,43,0,28,42,1,0,42,1,0,0,0,0,1,0,0
RibbonFilter__ribbonGo,syft,4,0,0,2,2,0,2,2,0,4,0,0,2,2,0,2,2,0,0,0,0,1,1,0
RibbonFilter__ribbonGo,trivy,3,0,1,2,1,0,2,1,0,3,0,1,2,1,0,2,1,0,0,0,0,1,0,0
RibbonFilter__ribbonGo,cdxgen,2,0,2,2,0,0,2,0,0,2,0,2,2,0,0,2,0,0,0,0,0,0,0,0
RibbonFilter__ribbonGo,cyclonedx-gomod,3,0,1,2,1,0,2,1,0,3,0,1,2,1,0,2,1,0,0,0,0,1,0,0
blind-oracle__psql-streamer,syft,58,0,67,33,25,0,36,22,0,58,0,67,33,25,0,36,22,0,3,0,0,2,15,5
blind-oracle__psql-streamer,trivy,125,0,0,33,92,0,36,89,0,125,0,0,33,92,0,36,89,0,3,0,0,2,82,5
blind-oracle__psql-streamer,cdxgen,33,0,92,33,0,0,33,0,3,33,0,92,33,0,0,33,0,3,0,0,0,0,0,0
blind-oracle__psql-streamer,cyclonedx-gomod,33,0,92,33,0,0,33,0,3,33,0,92,33,0,0,33,0,3,0,0,0,0,0,0
maguro__pbf,syft,28,0,10,14,14,0,18,10,0,28,0,10,14,14,0,18,10,0,4,1,0,3,6,0
maguro__pbf,trivy,22,0,16,14,8,0,18,4,0,22,0,16,14,8,0,18,4,0,4,1,0,3,0,0
maguro__pbf,cdxgen,14,0,24,14,0,0,14,0,4,14,0,24,14,0,0,14,0,4,0,0,0,0,0,0
maguro__pbf,cyclonedx-gomod,15,0,23,14,1,0,14,1,4,15,0,23,14,1,0,14,1,4,0,1,0,0,0,0
s0rg__fantasyname,syft,1,0,3,1,0,0,1,0,0,1,0,3,1,0,0,1,0,0,0,0,0,0,0,0
s0rg__fantasyname,trivy,1,0,3,1,0,0,1,0,0,1,0,3,1,0,0,1,0,0,0,0,0,0,0,0
s0rg__fantasyname,cdxgen,1,0,3,1,0,0,1,0,0,1,0,3,1,0,0,1,0,0,0,0,0,0,0,0
s0rg__fantasyname,cyclonedx-gomod,1,0,3,1,0,0,1,0,0,1,0,3,1,0,0,1,0,0,0,0,0,0,0,0
minio__minio-go,syft,250,2,155,18,234,0,18,234,0,250,2,155,18,234,0,18,234,0,0,0,0,207,25,2
minio__minio-go,trivy,225,4,180,18,211,0,18,211,0,225,4,180,18,211,0,18,211,0,0,0,0,207,0,4
minio__minio-go,cdxgen,20,2,385,18,4,0,18,4,0,20,2,385,18,4,0,18,4,0,0,0,0,2,0,2
minio__minio-go,cyclonedx-gomod,225,0,180,18,207,0,18,207,0,225,0,180,18,207,0,18,207,0,0,0,0,207,0,0
hyperboloide__lk,syft,8,0,2,3,5,0,7,1,0,8,0,2,3,5,0,7,1,0,4,0,0,0,1,0
hyperboloide__lk,trivy,7,0,3,3,4,0,7,0,0,7,0,3,3,4,0,7,0,0,4,0,0,0,0,0
hyperboloide__lk,cdxgen,3,0,7,3,0,0,3,0,4,3,0,7,3,0,0,3,0,4,0,0,0,0,0,0
hyperboloide__lk,cyclonedx-gomod,3,0,7,3,0,0,3,0,4,3,0,7,3,0,0,3,0,4,0,0,0,0,0,0
shomali11__xredis,syft,6,0,0,2,4,0,6,0,0,6,0,0,2,4,0,6,0,0,4,0,0,0,0,0
shomali11__xredis,trivy,6,0,0,2,4,0,6,0,0,6,0,0,2,4,0,6,0,0,4,0,0,0,0,0
shomali11__xredis,cdxgen,2,0,4,2,0,0,2,0,4,2,0,4,2,0,0,2,0,4,0,0,0,0,0,0
shomali11__xredis,cyclonedx-gomod,2,0,4,2,0,0,2,0,4,2,0,4,2,0,0,2,0,4,0,0,0,0,0,0
bobg__basexx,syft,1,0,0,1,0,0,1,0,0,1,0,0,1,0,0,1,0,0,0,0,0,0,0,0
bobg__basexx,trivy,1,0,0,1,0,0,1,0,0,1,0,0,1,0,0,1,0,0,0,0,0,0,0,0
bobg__basexx,cdxgen,1,0,0,1,0,0,1,0,0,1,0,0,1,0,0,1,0,0,0,0,0,0,0,0
bobg__basexx,cyclonedx-gomod,1,0,0,1,0,0,1,0,0,1,0,0,1,0,0,1,0,0,0,0,0,0,0,0
heetch__confita,syft,75,0,56,34,41,0,38,37,0,75,0,56,34,41,0,38,37,0,4,0,0,23,14,0
heetch__confita,trivy,61,0,70,34,27,0,38,23,0,61,0,70,34,27,0,38,23,0,4,0,0,23,0,0
heetch__confita,cdxgen,34,0,97,34,0,0,34,0,4,34,0,97,34,0,0,34,0,4,0,0,0,0,0,0
heetch__confita,cyclonedx-gomod,35,0,96,34,1,0,34,1,4,35,0,96,34,1,0,34,1,4,0,0,0,1,0,0
nkmr-jp__zl,syft,12,15,5,7,20,0,10,17,0,12,21,5,7,26,0,10,23,0,3,0,0,0,2,15
nkmr-jp__zl,trivy,10,11,7,7,14,0,10,11,0,10,15,7,7,18,0,10,15,0,3,0,0,0,0,11
nkmr-jp__zl,cdxgen,7,9,10,7,9,0,7,9,3,7,13,10,7,13,0,7,13,3,0,0,0,0,0,9
nkmr-jp__zl,cyclonedx-gomod,7,0,10,7,0,0,7,0,3,7,0,10,7,0,0,7,0,3,0,0,0,0,0,0
EchoVault__EchoVault,syft,40,0,56,30,10,0,31,9,0,40,0,56,30,10,0,31,9,0,1,0,0,0,9,0
EchoVault__EchoVault,trivy,31,0,65,30,1,0,31,0,0,31,0,65,30,1,0,31,0,0,1,0,0,0,0,0
EchoVault__EchoVault,cdxgen,30,0,66,30,0,0,30,0,1,30,0,66,30,0,0,30,0,1,0,0,0,0,0,0
EchoVault__EchoVault,cyclonedx-gomod,30,0,66,30,0,0,30,0,1,30,0,66,30,0,0,30,0,1,0,0,0,0,0,0
mmadfox__go-geojson2h3,syft,10,0,0,8,2,0,8,2,0,10,0,0,8,2,0,8,2,0,0,0,0,0,2,0
mmadfox__go-geojson2h3,trivy,8,0,2,8,0,0,8,0,0,8,0,2,8,0,0,8,0,0,0,0,0,0,0,0
mmadfox__go-geojson2h3,cdxgen,8,0,2,8,0,0,8,0,0,8,0,2,8,0,0,8,0,0,0,0,0,0,0,0
mmadfox__go-geojson2h3,cyclonedx-gomod,8,0,2,8,0,0,8,0,0,8,0,2,8,0,0,8,0,0,0,0,0,0,0,0
subosito__gotenv,syft,6,0,4,1,5,0,5,1,0,6,0,4,1,5,0,5,1,0,4,0,0,0,1,0
subosito__gotenv,trivy,5,0,5,1,4,0,5,0,0,5,0,5,1,4,0,5,0,0,4,0,0,0,0,0
subosito__gotenv,cdxgen,1,0,9,1,0,0,1,0,4,1,0,9,1,0,0,1,0,4,0,0,0,0,0,0
subosito__gotenv,cyclonedx-gomod,1,0,9,1,0,0,1,0,4,1,0,9,1,0,0,1,0,4,0,0,0,0,0,0
containers__podman-tui,syft,177,0,307,128,49,0,135,42,0,177,0,307,128,49,0,135,42,0,7,3,0,5,34,0
containers__podman-tui,trivy,143,0,341,128,15,0,135,8,0,143,0,341,128,15,0,135,8,0,7,3,0,5,0,0
containers__podman-tui,cdxgen,143,0,341,128,15,0,135,8,0,143,0,341,128,15,0,135,8,0,7,3,0,5,0,0
containers__podman-tui,cyclonedx-gomod,133,0,351,127,6,1,127,6,8,133,0,351,127,6,1,127,6,8,0,3,0,3,0,0
uber-go__cadence-client,syft,73,30,74,48,55,0,52,51,0,72,37,75,48,61,0,52,57,0,4,0,0,7,14,30
uber-go__cadence-client,trivy,64,31,83,48,47,0,52,43,0,63,38,84,48,53,0,52,49,0,4,0,0,7,5,31
uber-go__cadence-client,cdxgen,60,30,87,48,42,0,49,41,3,55,37,92,48,44,0,49,43,3,1,0,0,6,5,30
uber-go__cadence-client,cyclonedx-gomod,54,0,93,47,7,1,47,7,5,54,0,93,47,7,1,47,7,5,0,0,0,7,0,0
sdcoffey__techan,syft,6,0,1,5,1,0,5,1,0,6,0,1,5,1,0,5,1,0,0,0,0,0,1,0
sdcoffey__techan,trivy,5,0,2,5,0,0,5,0,0,5,0,2,5,0,0,5,0,0,0,0,0,0,0,0
sdcoffey__techan,cdxgen,5,0,2,5,0,0,5,0,0,5,0,2,5,0,0,5,0,0,0,0,0,0,0,0
sdcoffey__techan,cyclonedx-gomod,5,0,2,5,0,0,5,0,0,5,0,2,5,0,0,5,0,0,0,0,0,0,0,0
doganarif__govisual,syft,2,59,10,1,60,0,1,60,0,1,67,11,1,67,0,1,67,0,0,0,0,0,0,60
doganarif__govisual,trivy,2,43,10,1,44,0,1,44,0,1,47,11,1,47,0,1,47,0,0,0,0,0,0,44
doganarif__govisual,cdxgen,2,40,10,1,41,0,1,41,0,1,44,11,1,44,0,1,44,0,0,0,0,0,0,41
doganarif__govisual,cyclonedx-gomod,1,0,11,1,0,0,1,0,0,1,0,11,1,0,0,1,0,0,0,0,0,0,0,0
zitryss__go-sample,syft,3,0,0,3,0,0,3,0,0,3,0,0,3,0,0,3,0,0,0,0,0,0,0,0
zitryss__go-sample,trivy,3,0,0,3,0,0,3,0,0,3,0,0,3,0,0,3,0,0,0,0,0,0,0,0
zitryss__go-sample,cdxgen,3,0,0,3,0,0,3,0,0,3,0,0,3,0,0,3,0,0,0,0,0,0,0,0
zitryss__go-sample,cyclonedx-gomod,3,0,0,3,0,0,3,0,0,3,0,0,3,0,0,3,0,0,0,0,0,0,0,0
zendev-sh__goai,syft,7,17,2,2,22,0,3,21,0,7,18,2,2,23,0,3,22,0,1,0,0,0,4,17
zendev-sh__goai,trivy,3,17,6,2,18,0,3,17,0,3,17,6,2,18,0,3,17,0,1,0,0,0,0,17
zendev-sh__goai,cdxgen,2,13,7,2,13,0,2,13,1,2,13,7,2,13,0,2,13,1,0,0,0,0,0,13
zendev-sh__goai,cyclonedx-gomod,2,0,7,2,0,0,2,0,1,2,0,7,2,0,0,2,0,1,0,0,0,0,0,0
edwingeng__wuid,syft,38,0,8,21,17,0,21,17,0,38,0,8,21,17,0,21,17,0,0,0,0,2,15,0
edwingeng__wuid,trivy,23,0,23,21,2,0,21,2,0,23,0,23,21,2,0,21,2,0,0,0,0,2,0,0
edwingeng__wuid,cdxgen,21,0,25,21,0,0,21,0,0,21,0,25,21,0,0,21,0,0,0,0,0,0,0,0
edwingeng__wuid,cyclonedx-gomod,21,0,25,21,0,0,21,0,0,21,0,25,21,0,0,21,0,0,0,0,0,0,0,0
openfga__openfga,syft,182,0,112,134,48,0,139,43,0,182,0,112,134,48,0,139,43,0,5,4,0,1,38,0
openfga__openfga,trivy,144,0,150,134,10,0,139,5,0,144,0,150,134,10,0,139,5,0,5,4,0,1,0,0
openfga__openfga,cdxgen,134,0,160,134,0,0,134,0,5,134,0,160,134,0,0,134,0,5,0,0,0,0,0,0
openfga__openfga,cyclonedx-gomod,138,0,156,134,4,0,134,4,5,138,0,156,134,4,0,134,4,5,0,4,0,0,0,0
enetx__tg,syft,8,0,3,7,1,0,7,1,0,8,0,3,7,1,0,7,1,0,0,0,0,0,1,0
enetx__tg,trivy,7,0,4,7,0,0,7,0,0,7,0,4,7,0,0,7,0,0,0,0,0,0,0,0
enetx__tg,cdxgen,7,0,4,7,0,0,7,0,0,7,0,4,7,0,0,7,0,0,0,0,0,0,0,0
enetx__tg,cyclonedx-gomod,7,0,4,7,0,0,7,0,0,7,0,4,7,0,0,7,0,0,0,0,0,0,0,0
nao1215__gup,syft,32,6,6,14,24,0,16,22,0,32,17,6,14,35,0,16,33,0,2,6,0,6,4,6
nao1215__gup,trivy,28,0,10,14,14,0,16,12,0,28,0,10,14,14,0,16,12,0,2,6,0,6,0,0
nao1215__gup,cdxgen,14,0,24,14,0,0,14,0,2,14,0,24,14,0,0,14,0,2,0,0,0,0,0,0
nao1215__gup,cyclonedx-gomod,26,0,12,14,12,0,14,12,2,26,0,12,14,12,0,14,12,2,0,6,0,6,0,0
pdupub__go-pdu,syft,181,0,261,138,43,0,138,43,0,181,0,261,138,43,0,138,43,0,0,4,0,8,31,0
pdupub__go-pdu,trivy,150,0,292,138,12,0,138,12,0,150,0,292,138,12,0,138,12,0,0,4,0,8,0,0
pdupub__go-pdu,cdxgen,138,0,304,138,0,0,138,0,0,138,0,304,138,0,0,138,0,0,0,0,0,0,0,0
pdupub__go-pdu,cyclonedx-gomod,150,0,292,138,12,0,138,12,0,150,0,292,138,12,0,138,12,0,0,4,0,8,0,0
viant__bgc,syft,57,0,45,31,26,0,37,20,0,57,0,45,31,26,0,37,20,0,6,0,0,7,0,13
viant__bgc,trivy,44,0,58,31,13,0,37,7,0,44,0,58,31,13,0,37,7,0,6,0,0,7,0,0
viant__bgc,cdxgen,31,0,71,31,0,0,31,0,6,31,0,71,31,0,0,31,0,6,0,0,0,0,0,0
viant__bgc,cyclonedx-gomod,NA
k3s-io__k3s,syft,496,50,616,377,169,42,377,169,42,486,60,626,370,176,49,370,176,49,0,16,1,31,112,9
k3s-io__k3s,trivy,425,42,687,377,90,42,377,90,42,418,49,694,370,97,49,370,97,49,0,16,1,31,42,0
k3s-io__k3s,cdxgen,419,0,693,419,0,0,419,0,0,419,0,693,419,0,0,419,0,0,0,0,0,0,0,0
k3s-io__k3s,cyclonedx-gomod,424,42,688,376,90,43,376,90,43,417,49,695,369,97,50,369,97,50,0,16,1,31,42,0
Code-Hex__Neo-cowsay,syft,5,16,0,3,18,0,4,17,0,5,16,0,3,18,0,4,17,0,1,0,0,1,0,16
Code-Hex__Neo-cowsay,trivy,5,22,0,3,24,0,4,23,0,5,22,0,3,24,0,4,23,0,1,0,0,1,0,22
Code-Hex__Neo-cowsay,cdxgen,3,13,2,3,13,0,3,13,1,3,13,2,3,13,0,3,13,1,0,0,0,0,0,13
Code-Hex__Neo-cowsay,cyclonedx-gomod,3,0,2,3,0,0,3,0,1,3,0,2,3,0,0,3,0,1,0,0,0,0,0,0
gkampitakis__go-snaps,syft,15,0,8,11,4,0,11,4,0,15,0,8,11,4,0,11,4,0,0,0,0,0,4,0
gkampitakis__go-snaps,trivy,11,0,12,11,0,0,11,0,0,11,0,12,11,0,0,11,0,0,0,0,0,0,0,0
gkampitakis__go-snaps,cdxgen,11,0,12,11,0,0,11,0,0,11,0,12,11,0,0,11,0,0,0,0,0,0,0,0
gkampitakis__go-snaps,cyclonedx-gomod,11,0,12,11,0,0,11,0,0,11,0,12,11,0,0,11,0,0,0,0,0,0,0,0
pions__webrtc,syft,32,0,18,21,11,0,25,7,0,32,0,18,21,11,0,25,7,0,4,0,1,2,4,0
pions__webrtc,trivy,28,0,22,21,7,0,25,3,0,28,0,22,21,7,0,25,3,0,4,0,1,2,0,0
pions__webrtc,cdxgen,21,0,29,21,0,0,21,0,4,21,0,29,21,0,0,21,0,4,0,0,0,0,0,0
pions__webrtc,cyclonedx-gomod,21,0,29,21,0,0,21,0,4,21,0,29,21,0,0,21,0,4,0,0,0,0,0,0
e154__smart-home,syft,189,0,561,139,50,0,142,47,0,189,0,561,139,50,0,142,47,0,3,4,0,25,18,0
e154__smart-home,trivy,171,0,579,139,32,0,142,29,0,171,0,579,139,32,0,142,29,0,3,4,0,25,0,0
e154__smart-home,cdxgen,171,0,579,139,32,0,142,29,0,171,0,579,139,32,0,142,29,0,3,4,0,25,0,0
e154__smart-home,cyclonedx-gomod,166,0,584,139,27,0,139,27,3,166,0,584,139,27,0,139,27,3,0,4,0,23,0,0
muir__nchi,syft,17,0,37,7,10,0,11,6,0,17,0,37,7,10,0,11,6,0,4,0,0,0,6,0
muir__nchi,trivy,11,0,43,7,4,0,11,0,0,11,0,43,7,4,0,11,0,0,4,0,0,0,0,0
muir__nchi,cdxgen,7,0,47,7,0,0,7,0,4,7,0,47,7,0,0,7,0,4,0,0,0,0,0,0
muir__nchi,cyclonedx-gomod,7,0,47,7,0,0,7,0,4,7,0,47,7,0,0,7,0,4,0,0,0,0,0,0
pressly__sup,syft,9,0,3,5,4,0,5,4,0,9,0,3,5,4,0,5,4,0,0,0,0,3,1,0
pressly__sup,trivy,12,0,0,5,7,0,5,7,0,12,0,0,5,7,0,5,7,0,0,0,0,3,4,0
pressly__sup,cdxgen,5,0,7,5,0,0,5,0,0,5,0,7,5,0,0,5,0,0,0,0,0,0,0,0
pressly__sup,cyclonedx-gomod,6,0,6,5,1,0,5,1,0,6,0,6,5,1,0,5,1,0,0,0,0,1,0,0
uber-go__fx,syft,13,6,2,4,15,0,9,10,0,12,9,3,4,17,0,9,12,0,5,0,0,0,4,6
uber-go__fx,trivy,10,5,5,4,11,0,9,6,0,9,7,6,4,12,0,9,7,0,5,0,0,0,1,5
uber-go__fx,cdxgen,9,2,6,4,7,0,8,3,1,8,3,7,4,7,0,8,3,1,4,0,0,0,1,2
uber-go__fx,cyclonedx-gomod,4,0,11,4,0,0,4,0,5,4,0,11,4,0,0,4,0,5,0,0,0,0,0,0
zc2638__swag,syft,9,0,4,1,8,0,5,4,0,9,0,4,1,8,0,5,4,0,4,0,0,2,2,0
zc2638__swag,trivy,13,0,0,1,12,0,5,8,0,13,0,0,1,12,0,5,8,0,4,0,0,2,6,0
zc2638__swag,cdxgen,1,0,12,1,0,0,1,0,4,1,0,12,1,0,0,1,0,4,0,0,0,0,0,0
zc2638__swag,cyclonedx-gomod,1,0,12,1,0,0,1,0,4,1,0,12,1,0,0,1,0,4,0,0,0,0,0,0
gosuri__uiprogress,syft,2,0,1,1,1,0,1,1,0,2,0,1,1,1,0,1,1,0,0,1,0,0,0,0
gosuri__uiprogress,trivy,3,0,0,1,2,0,1,2,0,3,0,0,1,2,0,1,2,0,0,1,0,0,1,0
gosuri__uiprogress,cdxgen,1,0,2,1,0,0,1,0,0,1,0,2,1,0,0,1,0,0,0,0,0,0,0,0
gosuri__uiprogress,cyclonedx-gomod,3,0,0,1,2,0,1,2,0,3,0,0,1,2,0,1,2,0,0,1,0,0,1,0
raszia__gotiny,syft,1,0,0,1,0,0,1,0,0,1,0,0,1,0,0,1,0,0,0,0,0,0,0,0
raszia__gotiny,trivy,1,0,0,1,0,0,1,0,0,1,0,0,1,0,0,1,0,0,0,0,0,0,0,0
raszia__gotiny,cdxgen,1,0,0,1,0,0,1,0,0,1,0,0,1,0,0,1,0,0,0,0,0,0,0,0
raszia__gotiny,cyclonedx-gomod,1,0,0,1,0,0,1,0,0,1,0,0,1,0,0,1,0,0,0,0,0,0,0,0
gotestyourself__gotest.tools,syft,5,1,2,4,2,0,4,2,0,5,2,2,4,3,0,4,3,0,0,0,0,0,1,1
gotestyourself__gotest.tools,trivy,4,1,3,4,1,0,4,1,0,4,2,3,4,2,0,4,2,0,0,0,0,0,0,1
gotestyourself__gotest.tools,cdxgen,4,0,3,4,0,0,4,0,0,4,0,3,4,0,0,4,0,0,0,0,0,0,0,0
gotestyourself__gotest.tools,cyclonedx-gomod,4,0,3,4,0,0,4,0,0,4,0,3,4,0,0,4,0,0,0,0,0,0,0,0
seiflotfy__count-min-log,syft,1,0,0,1,0,0,1,0,0,1,0,0,1,0,0,1,0,0,0,0,0,0,0,0
seiflotfy__count-min-log,trivy,1,0,0,1,0,0,1,0,0,1,0,0,1,0,0,1,0,0,0,0,0,0,0,0
seiflotfy__count-min-log,cdxgen,1,0,0,1,0,0,1,0,0,1,0,0,1,0,0,1,0,0,0,0,0,0,0,0
seiflotfy__count-min-log,cyclonedx-gomod,1,0,0,1,0,0,1,0,0,1,0,0,1,0,0,1,0,0,0,0,0,0,0,0
msoap__shell2http,syft,9,0,15,2,7,0,2,7,0,9,0,15,2,7,0,2,7,0,0,0,0,0,7,0
msoap__shell2http,trivy,24,0,0,2,22,0,2,22,0,24,0,0,2,22,0,2,22,0,0,0,0,0,22,0
msoap__shell2http,cdxgen,2,0,22,2,0,0,2,0,0,2,0,22,2,0,0,2,0,0,0,0,0,0,0,0
msoap__shell2http,cyclonedx-gomod,2,0,22,2,0,0,2,0,0,2,0,22,2,0,0,2,0,0,0,0,0,0,0,0
ajvb__kala,syft,76,0,158,41,35,0,50,26,0,76,0,158,41,35,0,50,26,0,9,0,2,4,20,0
ajvb__kala,trivy,234,0,0,41,193,0,50,184,0,234,0,0,41,193,0,50,184,0,9,1,2,4,177,0
ajvb__kala,cdxgen,41,0,193,41,0,0,41,0,9,41,0,193,41,0,0,41,0,9,0,0,0,0,0,0
ajvb__kala,cyclonedx-gomod,44,0,190,41,3,0,41,3,9,44,0,190,41,3,0,41,3,9,0,1,1,1,0,0
cabify__logrusiowriter,syft,7,0,1,2,5,0,2,5,0,7,0,1,2,5,0,2,5,0,0,0,0,0,5,0
cabify__logrusiowriter,trivy,8,0,0,2,6,0,2,6,0,8,0,0,2,6,0,2,6,0,0,0,0,0,6,0
cabify__logrusiowriter,cdxgen,2,0,6,2,0,0,2,0,0,2,0,6,2,0,0,2,0,0,0,0,0,0,0,0
cabify__logrusiowriter,cyclonedx-gomod,2,0,6,2,0,0,2,0,0,2,0,6,2,0,0,2,0,0,0,0,0,0,0,0
knadh__koanf,syft,146,39,75,4,181,0,4,181,0,136,142,85,4,274,0,4,274,0,0,0,0,0,0,181
knadh__koanf,trivy,122,28,99,4,146,0,4,146,0,107,119,114,4,222,0,4,222,0,0,0,0,0,0,146
knadh__koanf,cdxgen,NA
knadh__koanf,cyclonedx-gomod,98,0,123,4,94,0,4,94,0,98,0,123,4,94,0,4,94,0,0,0,0,0,0,94
checkr__flagr,syft,205,0,306,160,45,0,164,41,0,205,0,306,160,45,0,164,41,0,4,1,0,6,34,0
checkr__flagr,trivy,171,0,340,160,11,0,164,7,0,171,0,340,160,11,0,164,7,0,4,1,0,6,0,0
checkr__flagr,cdxgen,160,0,351,160,0,0,160,0,4,160,0,351,160,0,0,160,0,4,0,0,0,0,0,0
checkr__flagr,cyclonedx-gomod,166,0,345,160,6,0,160,6,4,166,0,345,160,6,0,160,6,4,0,1,0,5,0,0
tiendc__go-validator,syft,11,0,1,6,5,0,10,1,0,11,0,1,6,5,0,10,1,0,4,0,0,0,1,0
tiendc__go-validator,trivy,10,0,2,6,4,0,10,0,0,10,0,2,6,4,0,10,0,0,4,0,0,0,0,0
tiendc__go-validator,cdxgen,6,0,6,6,0,0,6,0,4,6,0,6,6,0,0,6,0,4,0,0,0,0,0,0
tiendc__go-validator,cyclonedx-gomod,6,0,6,6,0,0,6,0,4,6,0,6,6,0,0,6,0,4,0,0,0,0,0,0
ivanilves__lstags,syft,34,0,6,21,13,0,24,10,0,34,18,6,21,31,0,24,28,0,3,2,0,6,2,0
ivanilves__lstags,trivy,40,0,0,21,19,0,24,16,0,40,23,0,21,42,0,24,39,0,3,2,0,6,8,0
ivanilves__lstags,cdxgen,26,0,14,21,5,0,24,2,0,26,0,14,21,5,0,24,2,0,3,2,0,0,0,0
ivanilves__lstags,cyclonedx-gomod,23,0,17,21,2,0,21,2,3,23,0,17,21,2,0,21,2,3,0,2,0,0,0,0
shinagawa-web__gomarklint,syft,5,0,7,4,1,0,4,1,0,5,0,7,4,1,0,4,1,0,0,1,0,0,0,0
shinagawa-web__gomarklint,trivy,5,0,7,4,1,0,4,1,0,5,0,7,4,1,0,4,1,0,0,1,0,0,0,0
shinagawa-web__gomarklint,cdxgen,4,0,8,4,0,0,4,0,0,4,0,8,4,0,0,4,0,0,0,0,0,0,0,0
shinagawa-web__gomarklint,cyclonedx-gomod,5,0,7,4,1,0,4,1,0,5,0,7,4,1,0,4,1,0,0,1,0,0,0,0
xuri__xgen,syft,7,0,7,2,5,0,6,1,0,7,0,7,2,5,0,6,1,0,4,0,0,0,1,0
xuri__xgen,trivy,6,0,8,2,4,0,6,0,0,6,0,8,2,4,0,6,0,0,4,0,0,0,0,0
xuri__xgen,cdxgen,2,0,12,2,0,0,2,0,4,2,0,12,2,0,0,2,0,4,0,0,0,0,0,0
xuri__xgen,cyclonedx-gomod,2,0,12,2,0,0,2,0,4,2,0,12,2,0,0,2,0,4,0,0,0,0,0,0
cloudwego__hertz,syft,24,28,2,13,39,0,18,34,0,24,34,2,13,45,0,18,40,0,5,0,1,2,2,29
cloudwego__hertz,trivy,25,50,1,13,62,0,18,57,0,24,57,2,13,68,0,18,63,0,5,0,1,2,3,51
cloudwego__hertz,cdxgen,15,22,11,13,24,0,14,23,4,15,25,11,13,27,0,14,26,4,1,0,0,0,0,23
cloudwego__hertz,cyclonedx-gomod,15,0,11,12,3,1,12,3,6,15,0,11,12,3,1,12,3,6,0,0,1,2,0,0
m1__go-generate-password,syft,8,0,4,2,6,0,6,2,0,8,0,4,2,6,0,6,2,0,4,1,0,0,1,0
m1__go-generate-password,trivy,7,0,5,2,5,0,6,1,0,7,0,5,2,5,0,6,1,0,4,1,0,0,0,0
m1__go-generate-password,cdxgen,2,0,10,2,0,0,2,0,4,2,0,10,2,0,0,2,0,4,0,0,0,0,0,0
m1__go-generate-password,cyclonedx-gomod,3,0,9,2,1,0,2,1,4,3,0,9,2,1,0,2,1,4,0,1,0,0,0,0
gorgonia__gorgonia,syft,40,0,83,27,13,0,31,9,0,40,0,83,27,13,0,31,9,0,4,0,0,0,9,0
gorgonia__gorgonia,trivy,123,0,0,27,96,0,31,92,0,123,0,0,27,96,0,31,92,0,4,0,0,0,92,0
gorgonia__gorgonia,cdxgen,27,0,96,27,0,0,27,0,4,27,0,96,27,0,0,27,0,4,0,0,0,0,0,0
gorgonia__gorgonia,cyclonedx-gomod,27,0,96,27,0,0,27,0,4,27,0,96,27,0,0,27,0,4,0,0,0,0,0,0
paulmach__orb,syft,6,0,17,3,3,0,3,3,0,6,0,17,3,3,0,3,3,0,0,0,0,0,3,0
paulmach__orb,trivy,18,0,5,3,15,0,3,15,0,15,3,8,3,15,0,3,15,0,0,0,0,0,15,0
paulmach__orb,cdxgen,3,0,20,3,0,0,3,0,0,3,0,20,3,0,0,3,0,0,0,0,0,0,0,0
paulmach__orb,cyclonedx-gomod,3,0,20,3,0,0,3,0,0,3,0,20,3,0,0,3,0,0,0,0,0,0,0,0
hashicorp__go-getter,syft,94,0,146,73,21,0,73,21,0,94,0,146,73,21,0,73,21,0,0,0,0,2,19,0
hashicorp__go-getter,trivy,75,0,165,73,2,0,73,2,0,75,0,165,73,2,0,73,2,0,0,0,0,2,0,0
hashicorp__go-getter,cdxgen,73,0,167,73,0,0,73,0,0,73,0,167,73,0,0,73,0,0,0,0,0,0,0,0
hashicorp__go-getter,cyclonedx-gomod,74,0,166,73,1,0,73,1,0,74,0,166,73,1,0,73,1,0,0,0,0,1,0,0
ipfs__kubo,syft,324,146,261,255,215,0,260,210,0,313,159,272,255,217,0,260,212,0,5,1,0,4,52,153
ipfs__kubo,trivy,289,146,296,255,180,0,260,175,0,278,158,307,255,181,0,260,176,0,5,1,0,4,17,153
ipfs__kubo,cdxgen,259,3,326,255,7,0,255,7,5,259,4,326,255,8,0,255,8,5,0,0,0,0,1,6
ipfs__kubo,cyclonedx-gomod,259,0,326,255,4,0,255,4,5,259,0,326,255,4,0,255,4,5,0,1,0,3,0,0
nikolaydubina__jsonl-graph,syft,1,0,0,1,0,0,1,0,0,1,0,0,1,0,0,1,0,0,0,0,0,0,0,0
nikolaydubina__jsonl-graph,trivy,1,0,0,1,0,0,1,0,0,1,0,0,1,0,0,1,0,0,0,0,0,0,0,0
nikolaydubina__jsonl-graph,cdxgen,1,0,0,1,0,0,1,0,0,1,0,0,1,0,0,1,0,0,0,0,0,0,0,0
nikolaydubina__jsonl-graph,cyclonedx-gomod,1,0,0,1,0,0,1,0,0,1,0,0,1,0,0,1,0,0,0,0,0,0,0,0
zerosnake0__go-json-benchmark,syft,19,0,11,17,2,0,18,1,0,19,0,11,17,2,0,18,1,0,1,0,0,0,1,0
zerosnake0__go-json-benchmark,trivy,30,0,0,17,13,0,18,12,0,30,0,0,17,13,0,18,12,0,1,0,0,0,12,0
zerosnake0__go-json-benchmark,cdxgen,17,0,13,17,0,0,17,0,1,17,0,13,17,0,0,17,0,1,0,0,0,0,0,0
zerosnake0__go-json-benchmark,cyclonedx-gomod,17,0,13,17,0,0,17,0,1,17,0,13,17,0,0,17,0,1,0,0,0,0,0,0
bytebase__bytebase,syft,470,10,513,313,167,8,316,164,8,470,10,513,313,167,8,316,164,8,3,10,0,17,135,2
bytebase__bytebase,trivy,343,8,640,313,38,8,316,35,8,343,8,640,313,38,8,316,35,8,3,10,0,17,8,0
bytebase__bytebase,cdxgen,321,0,662,321,0,0,321,0,3,321,0,662,321,0,0,321,0,3,0,0,0,0,0,0
bytebase__bytebase,cyclonedx-gomod,335,8,648,309,34,12,309,34,15,335,8,648,309,34,12,309,34,15,0,10,0,16,8,0
carlmjohnson__flowmatic,syft,1,0,0,1,0,0,1,0,0,1,0,0,1,0,0,1,0,0,0,0,0,0,0,0
carlmjohnson__flowmatic,trivy,1,0,0,1,0,0,1,0,0,1,0,0,1,0,0,1,0,0,0,0,0,0,0,0
carlmjohnson__flowmatic,cdxgen,1,0,0,1,0,0,1,0,0,1,0,0,1,0,0,1,0,0,0,0,0,0,0,0
carlmjohnson__flowmatic,cyclonedx-gomod,1,0,0,1,0,0,1,0,0,1,0,0,1,0,0,1,0,0,0,0,0,0,0,0
unionj-cloud__go-doudou,syft,327,5,429,254,78,0,260,72,0,327,28,429,254,101,0,260,95,0,6,5,0,12,47,8
unionj-cloud__go-doudou,trivy,280,3,476,254,29,0,260,23,0,280,24,476,254,50,0,260,44,0,6,5,0,12,0,6
unionj-cloud__go-doudou,cdxgen,280,2,476,254,28,0,260,22,0,280,23,476,254,49,0,260,43,0,6,5,0,12,0,5
unionj-cloud__go-doudou,cyclonedx-gomod,270,0,486,254,16,0,257,13,3,270,0,486,254,16,0,257,13,3,3,5,0,8,0,0
pipe-cd__pipecd,syft,251,27,303,172,106,0,198,80,0,249,113,305,172,190,0,198,164,0,26,1,0,5,47,27
pipe-cd__pipecd,trivy,207,25,347,172,60,0,198,34,0,205,98,349,172,131,0,198,105,0,26,1,0,5,3,25
pipe-cd__pipecd,cdxgen,173,9,381,172,10,0,173,9,25,173,66,381,172,67,0,173,66,25,1,0,0,0,0,9
pipe-cd__pipecd,cyclonedx-gomod,173,0,381,170,3,2,170,3,28,173,0,381,170,3,2,170,3,28,0,1,0,2,0,0
incu6us__goimports-reviser,syft,12,0,6,4,8,0,8,4,0,12,0,6,4,8,0,8,4,0,4,0,0,2,2,0
incu6us__goimports-reviser,trivy,10,0,8,4,6,0,8,2,0,10,0,8,4,6,0,8,2,0,4,0,0,2,0,0
incu6us__goimports-reviser,cdxgen,4,0,14,4,0,0,4,0,4,4,0,14,4,0,0,4,0,4,0,0,0,0,0,0
incu6us__goimports-reviser,cyclonedx-gomod,4,0,14,4,0,0,4,0,4,4,0,14,4,0,0,4,0,4,0,0,0,0,0,0
SpatiumPortae__portal,syft,106,0,187,51,55,0,82,24,0,106,0,187,51,55,0,82,24,0,31,1,0,12,11,0
SpatiumPortae__portal,trivy,95,0,198,51,44,0,82,13,0,95,0,198,51,44,0,82,13,0,31,1,0,12,0,0
SpatiumPortae__portal,cdxgen,51,0,242,51,0,0,51,0,31,51,0,242,51,0,0,51,0,31,0,0,0,0,0,0
SpatiumPortae__portal,cyclonedx-gomod,54,0,239,51,3,0,51,3,31,54,0,239,51,3,0,51,3,31,0,1,0,2,0,0
go-ozzo__ozzo-routing,syft,8,0,1,2,6,0,6,2,0,8,0,1,2,6,0,6,2,0,4,0,0,1,1,0
go-ozzo__ozzo-routing,trivy,9,0,0,2,7,0,6,3,0,9,0,0,2,7,0,6,3,0,4,0,0,1,2,0
go-ozzo__ozzo-routing,cdxgen,2,0,7,2,0,0,2,0,4,2,0,7,2,0,0,2,0,4,0,0,0,0,0,0
go-ozzo__ozzo-routing,cyclonedx-gomod,2,0,7,2,0,0,2,0,4,2,0,7,2,0,0,2,0,4,0,0,0,0,0,0
presbrey__ollamafarm,syft,NA
presbrey__ollamafarm,trivy,NA
presbrey__ollamafarm,cdxgen,NA
presbrey__ollamafarm,cyclonedx-gomod,NA
trpc-group__trpc-go,syft,51,5,16,37,19,0,42,14,0,50,14,17,37,27,0,42,22,0,5,0,0,0,9,5
trpc-group__trpc-go,trivy,45,6,22,37,14,0,42,9,0,42,13,25,37,18,0,42,13,0,5,0,0,0,3,6
trpc-group__trpc-go,cdxgen,38,1,29,37,2,0,37,2,5,37,5,30,37,5,0,37,5,5,0,0,0,0,1,1
trpc-group__trpc-go,cyclonedx-gomod,37,0,30,37,0,0,37,0,5,37,0,30,37,0,0,37,0,5,0,0,0,0,0,0
RichardKnop__machinery,syft,67,20,51,46,41,0,50,37,0,66,33,52,46,53,0,50,49,0,4,0,0,5,12,20
RichardKnop__machinery,trivy,57,19,61,46,30,0,50,26,0,56,30,62,46,40,0,50,36,0,4,0,0,5,2,19
RichardKnop__machinery,cdxgen,47,18,71,46,19,0,46,19,4,47,27,71,46,28,0,46,28,4,0,0,0,0,1,18
RichardKnop__machinery,cyclonedx-gomod,51,0,67,46,5,0,46,5,4,51,0,67,46,5,0,46,5,4,0,0,0,5,0,0
eduncan911__podcast,syft,6,0,1,1,5,0,5,1,0,6,1,1,1,6,0,5,2,0,4,0,0,0,1,0
eduncan911__podcast,trivy,7,0,0,1,6,0,5,2,0,7,1,0,1,7,0,5,3,0,4,0,0,0,2,0
eduncan911__podcast,cdxgen,5,0,2,1,4,0,5,0,0,5,0,2,1,4,0,5,0,0,4,0,0,0,0,0
eduncan911__podcast,cyclonedx-gomod,1,0,6,1,0,0,1,0,4,1,0,6,1,0,0,1,0,4,0,0,0,0,0,0
JoshuaDoes__gofuckyourself,syft,1,0,3,1,0,0,1,0,0,1,0,3,1,0,0,1,0,0,0,0,0,0,0,0
JoshuaDoes__gofuckyourself,trivy,1,0,3,1,0,0,1,0,0,1,0,3,1,0,0,1,0,0,0,0,0,0,0,0
JoshuaDoes__gofuckyourself,cdxgen,1,0,3,1,0,0,1,0,0,1,0,3,1,0,0,1,0,0,0,0,0,0,0,0
JoshuaDoes__gofuckyourself,cyclonedx-gomod,1,0,3,1,0,0,1,0,0,1,0,3,1,0,0,1,0,0,0,0,0,0,0,0
ddddddO__gtree,syft,13,3,2,8,8,0,9,7,0,13,7,2,8,12,0,9,11,0,1,0,0,0,4,3
ddddddO__gtree,trivy,9,3,6,8,4,0,9,3,0,9,7,6,8,8,0,9,7,0,1,0,0,0,0,3
ddddddO__gtree,cdxgen,8,0,7,8,0,0,8,0,1,8,4,7,8,4,0,8,4,1,0,0,0,0,0,0
ddddddO__gtree,cyclonedx-gomod,8,0,7,8,0,0,8,0,1,8,0,7,8,0,0,8,0,1,0,0,0,0,0,0
ostafen__clover,syft,29,0,33,17,12,0,22,7,0,29,0,33,17,12,0,22,7,0,5,0,0,5,2,0
ostafen__clover,trivy,27,0,35,17,10,0,22,5,0,27,0,35,17,10,0,22,5,0,5,0,0,5,0,0
ostafen__clover,cdxgen,17,0,45,17,0,0,17,0,5,17,0,45,17,0,0,17,0,5,0,0,0,0,0,0
ostafen__clover,cyclonedx-gomod,17,0,45,17,0,0,17,0,5,17,0,45,17,0,0,17,0,5,0,0,0,0,0,0
xiaonanln__goworld,syft,50,0,5,33,17,0,36,14,0,50,0,5,33,17,0,36,14,0,3,2,0,6,0,6
xiaonanln__goworld,trivy,44,0,11,33,11,0,36,8,0,44,0,11,33,11,0,36,8,0,3,2,0,6,0,0
xiaonanln__goworld,cdxgen,33,0,22,33,0,0,33,0,3,33,0,22,33,0,0,33,0,3,0,0,0,0,0,0
xiaonanln__goworld,cyclonedx-gomod,NA
Clivern__Beaver,syft,67,0,105,41,26,0,41,26,0,67,0,105,41,26,0,41,26,0,0,1,0,13,12,0
Clivern__Beaver,trivy,55,0,117,41,14,0,41,14,0,55,0,117,41,14,0,41,14,0,0,1,0,13,0,0
Clivern__Beaver,cdxgen,41,0,131,41,0,0,41,0,0,41,0,131,41,0,0,41,0,0,0,0,0,0,0,0
Clivern__Beaver,cyclonedx-gomod,51,0,121,41,10,0,41,10,0,51,0,121,41,10,0,41,10,0,0,1,0,9,0,0
tsenart__vegeta,syft,47,0,169,20,27,0,31,16,0,47,0,169,20,27,0,31,16,0,11,0,0,5,6,5
tsenart__vegeta,trivy,36,0,180,20,16,0,31,5,0,36,0,180,20,16,0,31,5,0,11,0,0,5,0,0
tsenart__vegeta,cdxgen,20,0,196,20,0,0,20,0,11,20,0,196,20,0,0,20,0,11,0,0,0,0,0,0
tsenart__vegeta,cyclonedx-gomod,20,0,196,20,0,0,20,0,11,20,0,196,20,0,0,20,0,11,0,0,0,0,0,0
janiltonmaciel__statiks,syft,50,0,16,7,43,0,41,9,0,50,0,16,7,43,0,41,9,0,34,0,0,3,6,0
janiltonmaciel__statiks,trivy,44,0,22,7,37,0,41,3,0,44,0,22,7,37,0,41,3,0,34,0,0,3,0,0
janiltonmaciel__statiks,cdxgen,7,0,59,7,0,0,7,0,34,7,0,59,7,0,0,7,0,34,0,0,0,0,0,0
janiltonmaciel__statiks,cyclonedx-gomod,7,0,59,7,0,0,7,0,34,7,0,59,7,0,0,7,0,34,0,0,0,0,0,0
abiosoft__colima,syft,25,0,4,17,8,0,17,8,0,25,0,4,17,8,0,17,8,0,0,1,0,1,6,0
abiosoft__colima,trivy,19,0,10,17,2,0,17,2,0,19,0,10,17,2,0,17,2,0,0,1,0,1,0,0
abiosoft__colima,cdxgen,17,0,12,17,0,0,17,0,0,17,0,12,17,0,0,17,0,0,0,0,0,0,0,0
abiosoft__colima,cyclonedx-gomod,19,0,10,17,2,0,17,2,0,19,0,10,17,2,0,17,2,0,0,1,0,1,0,0
boyter__scc,syft,67,0,16,43,24,0,43,24,0,67,0,16,43,24,0,43,24,0,0,2,0,0,22,0
boyter__scc,trivy,45,0,38,43,2,0,43,2,0,45,0,38,43,2,0,43,2,0,0,2,0,0,0,0
boyter__scc,cdxgen,45,0,38,43,2,0,43,2,0,45,0,38,43,2,0,43,2,0,0,2,0,0,0,0
boyter__scc,cyclonedx-gomod,45,0,38,43,2,0,43,2,0,45,0,38,43,2,0,43,2,0,0,2,0,0,0,0
marrow16__valix,syft,9,0,7,4,5,0,8,1,0,9,0,7,4,5,0,8,1,0,4,0,0,0,1,0
marrow16__valix,trivy,8,0,8,4,4,0,8,0,0,8,0,8,4,4,0,8,0,0,4,0,0,0,0,0
marrow16__valix,cdxgen,4,0,12,4,0,0,4,0,4,4,0,12,4,0,0,4,0,4,0,0,0,0,0,0
marrow16__valix,cyclonedx-gomod,4,0,12,4,0,0,4,0,4,4,0,12,4,0,0,4,0,4,0,0,0,0,0,0
andrewstuart__goq,syft,7,0,5,3,4,0,6,1,0,7,0,5,3,4,0,6,1,0,3,0,0,1,0,0
andrewstuart__goq,trivy,12,0,0,3,9,0,6,6,0,12,0,0,3,9,0,6,6,0,3,0,0,1,5,0
andrewstuart__goq,cdxgen,3,0,9,3,0,0,3,0,3,3,0,9,3,0,0,3,0,3,0,0,0,0,0,0
andrewstuart__goq,cyclonedx-gomod,3,0,9,3,0,0,3,0,3,3,0,9,3,0,0,3,0,3,0,0,0,0,0,0
charmbracelet__lipgloss,syft,18,19,5,15,22,0,17,20,0,18,20,5,15,23,0,17,21,0,2,0,0,1,0,19
charmbracelet__lipgloss,trivy,18,13,5,15,16,0,17,14,0,18,14,5,15,17,0,17,15,0,2,0,0,1,0,13
charmbracelet__lipgloss,cdxgen,15,10,8,15,10,0,15,10,2,15,10,8,15,10,0,15,10,2,0,0,0,0,0,10
charmbracelet__lipgloss,cyclonedx-gomod,15,0,8,15,0,0,15,0,2,15,0,8,15,0,0,15,0,2,0,0,0,0,0,0
julienschmidt__go-http-routing-benchmark,syft,98,0,36,82,16,0,82,16,0,98,0,36,82,16,0,82,16,0,0,1,0,3,12,0
julienschmidt__go-http-routing-benchmark,trivy,134,0,0,82,52,0,82,52,0,134,0,0,82,52,0,82,52,0,0,1,0,3,48,0
julienschmidt__go-http-routing-benchmark,cdxgen,82,0,52,82,0,0,82,0,0,82,0,52,82,0,0,82,0,0,0,0,0,0,0,0
julienschmidt__go-http-routing-benchmark,cyclonedx-gomod,86,0,48,82,4,0,82,4,0,86,0,48,82,4,0,82,4,0,0,1,0,0,3,0
pokanop__nostromo,syft,66,0,261,54,12,0,54,12,0,66,0,261,54,12,0,54,12,0,0,1,0,0,11,0
pokanop__nostromo,trivy,327,0,0,54,273,0,54,273,0,327,0,0,54,273,0,54,273,0,0,1,0,0,272,0
pokanop__nostromo,cdxgen,54,0,273,54,0,0,54,0,0,54,0,273,54,0,0,54,0,0,0,0,0,0,0,0
pokanop__nostromo,cyclonedx-gomod,57,0,270,54,3,0,54,3,0,57,0,270,54,3,0,54,3,0,0,1,0,0,2,0
shurcooL__vfsgen,syft,5,0,7,1,4,0,5,0,0,5,0,7,1,4,0,5,0,0,4,0,0,0,0,0
shurcooL__vfsgen,trivy,5,0,7,1,4,0,5,0,0,5,0,7,1,4,0,5,0,0,4,0,0,0,0,0
shurcooL__vfsgen,cdxgen,1,0,11,1,0,0,1,0,4,1,0,11,1,0,0,1,0,4,0,0,0,0,0,0
shurcooL__vfsgen,cyclonedx-gomod,2,0,10,1,1,0,2,0,3,2,0,10,1,1,0,2,0,3,1,0,0,0,0,0
volatiletech__authboss,syft,10,0,6,5,5,0,6,4,0,10,0,6,5,5,0,6,4,0,1,0,0,2,2,0
volatiletech__authboss,trivy,8,0,8,5,3,0,6,2,0,8,0,8,5,3,0,6,2,0,1,0,0,2,0,0
volatiletech__authboss,cdxgen,5,0,11,5,0,0,5,0,1,5,0,11,5,0,0,5,0,1,0,0,0,0,0,0
volatiletech__authboss,cyclonedx-gomod,6,0,10,5,1,0,5,1,1,6,0,10,5,1,0,5,1,1,0,0,0,1,0,0
ory__keto,syft,332,16,139,166,182,0,169,179,0,330,45,141,164,211,2,167,208,2,3,3,0,101,40,35
ory__keto,trivy,302,10,169,166,146,0,169,143,0,300,27,171,164,163,2,167,160,2,3,3,0,101,10,29
ory__keto,cdxgen,191,8,280,166,33,0,167,32,2,191,20,280,166,45,0,167,44,2,1,0,0,7,2,23
ory__keto,cyclonedx-gomod,267,0,204,163,104,3,163,104,6,265,2,206,161,106,5,161,106,8,0,3,0,101,0,0
buger__gor,syft,83,0,64,66,17,0,68,15,0,83,0,64,66,17,0,68,15,0,2,0,0,3,12,0
buger__gor,trivy,71,0,76,66,5,0,68,3,0,71,0,76,66,5,0,68,3,0,2,0,0,3,0,0
buger__gor,cdxgen,66,0,81,66,0,0,66,0,2,66,0,81,66,0,0,66,0,2,0,0,0,0,0,0
buger__gor,cyclonedx-gomod,66,0,81,65,1,1,65,1,3,66,0,81,65,1,1,65,1,3,0,0,0,1,0,0
innogames__slack-bot,syft,99,5,176,73,31,0,75,29,0,99,28,176,73,54,0,75,52,0,2,0,0,1,23,5
innogames__slack-bot,trivy,76,3,199,73,6,0,75,4,0,76,23,199,73,26,0,75,24,0,2,0,0,1,0,3
innogames__slack-bot,cdxgen,73,2,202,73,2,0,73,2,2,73,22,202,73,22,0,73,22,2,0,0,0,0,0,2
innogames__slack-bot,cyclonedx-gomod,73,0,202,73,0,0,73,0,2,73,0,202,73,0,0,73,0,2,0,0,0,0,0,0
yuseferi__scheduler,syft,87,0,34,4,83,0,52,35,0,87,0,34,4,83,0,52,35,0,48,0,0,10,25,0
yuseferi__scheduler,trivy,62,0,59,4,58,0,52,10,0,62,0,59,4,58,0,52,10,0,48,0,0,10,0,0
yuseferi__scheduler,cdxgen,4,0,117,4,0,0,4,0,48,4,0,117,4,0,0,4,0,48,0,0,0,0,0,0
yuseferi__scheduler,cyclonedx-gomod,4,0,117,4,0,0,4,0,48,4,0,117,4,0,0,4,0,48,0,0,0,0,0,0
thoas__picfit,syft,110,0,269,81,29,0,81,29,0,110,0,269,81,29,0,81,29,0,0,0,0,16,13,0
thoas__picfit,trivy,97,0,282,81,16,0,81,16,0,97,0,282,81,16,0,81,16,0,0,0,0,16,0,0
thoas__picfit,cdxgen,81,0,298,81,0,0,81,0,0,81,0,298,81,0,0,81,0,0,0,0,0,0,0,0
thoas__picfit,cyclonedx-gomod,92,0,287,81,11,0,81,11,0,92,0,287,81,11,0,81,11,0,0,0,0,11,0,0
tiendc__go-csvlib,syft,9,0,1,4,5,0,8,1,0,9,0,1,4,5,0,8,1,0,4,0,0,0,1,0
tiendc__go-csvlib,trivy,8,0,2,4,4,0,8,0,0,8,0,2,4,4,0,8,0,0,4,0,0,0,0,0
tiendc__go-csvlib,cdxgen,4,0,6,4,0,0,4,0,4,4,0,6,4,0,0,4,0,4,0,0,0,0,0,0
tiendc__go-csvlib,cyclonedx-gomod,4,0,6,4,0,0,4,0,4,4,0,6,4,0,0,4,0,4,0,0,0,0,0,0
bartventer__gorm-multitenancy,syft,12,171,2,9,174,0,9,174,0,12,183,2,9,186,0,9,186,0,0,0,0,0,1,173
bartventer__gorm-multitenancy,trivy,10,147,4,9,148,0,9,148,0,10,152,4,9,153,0,9,153,0,0,0,0,0,0,148
bartventer__gorm-multitenancy,cdxgen,10,107,4,9,108,0,9,108,0,10,107,4,9,108,0,9,108,0,0,0,0,0,0,108
bartventer__gorm-multitenancy,cyclonedx-gomod,9,0,5,9,0,0,9,0,0,9,0,5,9,0,0,9,0,0,0,0,0,0,0,0
mymmrac__telego,syft,25,25,5,7,43,0,11,39,0,24,30,6,7,47,0,11,43,0,4,0,1,7,2,29
mymmrac__telego,trivy,23,20,7,7,36,0,11,32,0,22,25,8,7,40,0,11,36,0,4,0,1,7,0,24
mymmrac__telego,cdxgen,13,18,17,7,24,0,8,23,3,12,22,18,7,27,0,8,26,3,1,0,0,1,0,22
mymmrac__telego,cyclonedx-gomod,15,0,15,7,8,0,7,8,4,15,0,15,7,8,0,7,8,4,0,0,1,7,0,0
coinpaprika__coinpaprika-api-go-client,syft,7,0,1,1,6,0,5,2,0,7,0,1,1,6,0,5,2,0,4,0,0,0,2,0
coinpaprika__coinpaprika-api-go-client,trivy,5,0,3,1,4,0,5,0,0,5,0,3,1,4,0,5,0,0,4,0,0,0,0,0
coinpaprika__coinpaprika-api-go-client,cdxgen,1,0,7,1,0,0,1,0,4,1,0,7,1,0,0,1,0,4,0,0,0,0,0,0
coinpaprika__coinpaprika-api-go-client,cyclonedx-gomod,1,0,7,1,0,0,1,0,4,1,0,7,1,0,0,1,0,4,0,0,0,0,0,0
zcalusic__sysinfo,syft,1,0,0,1,0,0,1,0,0,1,0,0,1,0,0,1,0,0,0,0,0,0,0,0
zcalusic__sysinfo,trivy,1,0,0,1,0,0,1,0,0,1,0,0,1,0,0,1,0,0,0,0,0,0,0,0
zcalusic__sysinfo,cdxgen,1,0,0,1,0,0,1,0,0,1,0,0,1,0,0,1,0,0,0,0,0,0,0,0
zcalusic__sysinfo,cyclonedx-gomod,1,0,0,1,0,0,1,0,0,1,0,0,1,0,0,1,0,0,0,0,0,0,0,0
arl__statsviz,syft,6,122,4,1,127,0,3,125,0,4,149,6,1,152,0,3,150,0,2,0,0,1,0,124
arl__statsviz,trivy,5,92,5,1,96,0,3,94,0,4,109,6,1,112,0,3,110,0,2,0,0,1,0,93
arl__statsviz,cdxgen,3,68,7,1,70,0,1,70,2,2,83,8,1,84,0,1,84,2,0,0,0,1,0,69
arl__statsviz,cyclonedx-gomod,1,0,9,1,0,0,1,0,2,1,0,9,1,0,0,1,0,2,0,0,0,0,0,0
gookit__slog,syft,12,17,2,10,19,0,10,19,0,12,17,2,10,19,0,10,19,0,0,0,0,0,2,17
gookit__slog,trivy,10,11,4,10,11,0,10,11,0,10,11,4,10,11,0,10,11,0,0,0,0,0,0,11
gookit__slog,cdxgen,10,8,4,10,8,0,10,8,0,10,8,4,10,8,0,10,8,0,0,0,0,0,0,8
gookit__slog,cyclonedx-gomod,10,0,4,10,0,0,10,0,0,10,0,4,10,0,0,10,0,0,0,0,0,0,0,0
anqiansong__sqlgen,syft,74,20,204,38,56,0,44,50,0,67,36,211,38,65,0,44,59,0,6,1,0,2,27,20
anqiansong__sqlgen,trivy,53,16,225,38,31,0,44,25,0,51,22,227,38,35,0,44,29,0,6,1,0,2,6,16
anqiansong__sqlgen,cdxgen,41,11,237,38,14,0,38,14,6,39,14,239,38,15,0,38,15,6,0,0,0,0,3,11
anqiansong__sqlgen,cyclonedx-gomod,39,0,239,38,1,0,38,1,6,39,0,239,38,1,0,38,1,6,0,1,0,0,0,0
bitfield__script,syft,10,0,13,3,7,0,6,4,0,10,0,13,3,7,0,6,4,0,3,0,0,1,3,0
bitfield__script,trivy,7,0,16,3,4,0,6,1,0,7,0,16,3,4,0,6,1,0,3,0,0,1,0,0
bitfield__script,cdxgen,3,0,20,3,0,0,3,0,3,3,0,20,3,0,0,3,0,3,0,0,0,0,0,0
bitfield__script,cyclonedx-gomod,3,0,20,3,0,0,3,0,3,3,0,20,3,0,0,3,0,3,0,0,0,0,0,0
furdarius__rabbitroutine,syft,10,0,3,3,7,0,7,3,0,10,0,3,3,7,0,7,3,0,4,0,0,0,3,0
furdarius__rabbitroutine,trivy,7,0,6,3,4,0,7,0,0,7,0,6,3,4,0,7,0,0,4,0,0,0,0,0
furdarius__rabbitroutine,cdxgen,3,0,10,3,0,0,3,0,4,3,0,10,3,0,0,3,0,4,0,0,0,0,0,0
furdarius__rabbitroutine,cyclonedx-gomod,3,0,10,3,0,0,3,0,4,3,0,10,3,0,0,3,0,4,0,0,0,0,0,0
SeldonIO__goven,syft,39,0,42,4,35,0,21,18,0,39,0,42,4,35,0,21,18,0,17,0,0,0,18,0
SeldonIO__goven,trivy,21,0,60,4,17,0,21,0,0,21,0,60,4,17,0,21,0,0,17,0,0,0,0,0
SeldonIO__goven,cdxgen,4,0,77,4,0,0,4,0,17,4,0,77,4,0,0,4,0,17,0,0,0,0,0,0
SeldonIO__goven,cyclonedx-gomod,4,0,77,4,0,0,4,0,17,4,0,77,4,0,0,4,0,17,0,0,0,0,0,0
mattn__go-runewidth,syft,1,0,0,1,0,0,1,0,0,1,0,0,1,0,0,1,0,0,0,0,0,0,0,0
mattn__go-runewidth,trivy,1,0,0,1,0,0,1,0,0,1,0,0,1,0,0,1,0,0,0,0,0,0,0,0
mattn__go-runewidth,cdxgen,1,0,0,1,0,0,1,0,0,1,0,0,1,0,0,1,0,0,0,0,0,0,0,0
mattn__go-runewidth,cyclonedx-gomod,1,0,0,1,0,0,1,0,0,1,0,0,1,0,0,1,0,0,0,0,0,0,0,0
pascaldekloe__colfer,syft,5,0,9,3,2,0,4,1,0,5,3,9,3,5,0,4,4,0,1,0,1,0,0,0
pascaldekloe__colfer,trivy,NA
pascaldekloe__colfer,cdxgen,3,0,11,3,0,0,3,0,1,3,0,11,3,0,0,3,0,1,0,0,0,0,0,0
pascaldekloe__colfer,cyclonedx-gomod,3,0,11,3,0,0,3,0,1,3,0,11,3,0,0,3,0,1,0,0,0,0,0,0
richardwilkes__unison,syft,20,0,4,14,6,0,14,6,0,20,0,4,14,6,0,14,6,0,0,0,0,3,3,0
richardwilkes__unison,trivy,17,0,7,14,3,0,14,3,0,17,0,7,14,3,0,14,3,0,0,0,0,3,0,0
richardwilkes__unison,cdxgen,14,0,10,14,0,0,14,0,0,14,0,10,14,0,0,14,0,0,0,0,0,0,0,0
richardwilkes__unison,cyclonedx-gomod,17,0,7,14,3,0,14,3,0,17,0,7,14,3,0,14,3,0,0,0,0,3,0,0
ThreeDotsLabs__watermill,syft,38,207,16,22,223,0,23,222,0,31,232,23,22,241,0,23,240,0,1,0,0,1,13,208
ThreeDotsLabs__watermill,trivy,32,159,22,22,169,0,23,168,0,25,169,29,22,172,0,23,171,0,1,0,0,1,7,160
ThreeDotsLabs__watermill,cdxgen,28,136,26,22,142,0,22,142,1,22,143,32,22,143,0,22,143,1,0,0,0,0,5,137
ThreeDotsLabs__watermill,cyclonedx-gomod,22,0,32,22,0,0,22,0,1,22,0,32,22,0,0,22,0,1,0,0,0,0,0,0
nicobistolfi__go-postgres-s3-backup,syft,25,0,1,20,5,0,20,5,0,25,0,1,20,5,0,20,5,0,0,0,0,0,5,0
nicobistolfi__go-postgres-s3-backup,trivy,20,0,6,20,0,0,20,0,0,20,0,6,20,0,0,20,0,0,0,0,0,0,0,0
nicobistolfi__go-postgres-s3-backup,cdxgen,20,0,6,20,0,0,20,0,0,20,0,6,20,0,0,20,0,0,0,0,0,0,0,0
nicobistolfi__go-postgres-s3-backup,cyclonedx-gomod,20,0,6,20,0,0,20,0,0,20,0,6,20,0,0,20,0,0,0,0,0,0,0,0
kazhuravlev__healthcheck,syft,23,0,20,10,13,0,15,8,0,23,0,20,10,13,0,15,8,0,5,0,0,1,7,0
kazhuravlev__healthcheck,trivy,16,0,27,10,6,0,15,1,0,16,0,27,10,6,0,15,1,0,5,0,0,1,0,0
kazhuravlev__healthcheck,cdxgen,10,0,33,10,0,0,10,0,5,10,0,33,10,0,0,10,0,5,0,0,0,0,0,0
kazhuravlev__healthcheck,cyclonedx-gomod,10,0,33,10,0,0,10,0,5,10,0,33,10,0,0,10,0,5,0,0,0,0,0,0
invopop__ctxi18n,syft,7,0,30,2,5,0,5,2,0,7,0,30,2,5,0,5,2,0,3,0,1,0,1,0
invopop__ctxi18n,trivy,6,0,31,2,4,0,5,1,0,6,0,31,2,4,0,5,1,0,3,0,1,0,0,0
invopop__ctxi18n,cdxgen,2,0,35,2,0,0,2,0,3,2,0,35,2,0,0,2,0,3,0,0,0,0,0,0
invopop__ctxi18n,cyclonedx-gomod,2,0,35,2,0,0,2,0,3,2,0,35,2,0,0,2,0,3,0,0,0,0,0,0
c-robinson__iplib,syft,1,2,0,1,2,0,1,2,0,1,2,0,1,2,0,1,2,0,0,0,0,0,0,2
c-robinson__iplib,trivy,1,0,0,1,0,0,1,0,0,1,0,0,1,0,0,1,0,0,0,0,0,0,0,0
c-robinson__iplib,cdxgen,1,0,0,1,0,0,1,0,0,1,0,0,1,0,0,1,0,0,0,0,0,0,0,0
c-robinson__iplib,cyclonedx-gomod,1,0,0,1,0,0,1,0,0,1,0,0,1,0,0,1,0,0,0,0,0,0,0,0
codingsince1985__geo-golang,syft,6,0,1,1,5,0,5,1,0,6,0,1,1,5,0,5,1,0,4,0,0,0,1,0
codingsince1985__geo-golang,trivy,5,0,2,1,4,0,5,0,0,5,0,2,1,4,0,5,0,0,4,0,0,0,0,0
codingsince1985__geo-golang,cdxgen,1,0,6,1,0,0,1,0,4,1,0,6,1,0,0,1,0,4,0,0,0,0,0,0
codingsince1985__geo-golang,cyclonedx-gomod,1,0,6,1,0,0,1,0,4,1,0,6,1,0,0,1,0,4,0,0,0,0,0,0
stackerzzq__xj2go,syft,2,0,3,2,0,0,2,0,0,2,0,3,2,0,0,2,0,0,0,0,0,0,0,0
stackerzzq__xj2go,trivy,5,0,0,2,3,0,2,3,0,5,0,0,2,3,0,2,3,0,0,0,0,0,3,0
stackerzzq__xj2go,cdxgen,2,0,3,2,0,0,2,0,0,2,0,3,2,0,0,2,0,0,0,0,0,0,0,0
stackerzzq__xj2go,cyclonedx-gomod,2,0,3,2,0,0,2,0,0,2,0,3,2,0,0,2,0,0,0,0,0,0,0,0
kitabisa__teler-waf,syft,249,93,359,164,178,0,167,175,0,240,128,368,164,204,0,167,201,0,3,2,0,10,57,106
kitabisa__teler-waf,trivy,199,67,409,164,102,0,167,99,0,189,100,419,164,125,0,167,122,0,3,2,0,10,8,79
kitabisa__teler-waf,cdxgen,182,56,426,164,74,0,164,74,3,172,86,436,164,94,0,164,94,3,0,0,0,1,8,65
kitabisa__teler-waf,cyclonedx-gomod,176,0,432,164,12,0,164,12,3,176,0,432,164,12,0,164,12,3,0,2,0,10,0,0
matcornic__hermes,syft,31,0,12,24,7,0,28,3,0,30,1,13,23,8,1,27,4,1,4,0,0,2,1,0
matcornic__hermes,trivy,30,0,13,24,6,0,28,2,0,29,1,14,23,7,1,27,3,1,4,0,0,2,0,0
matcornic__hermes,cdxgen,24,0,19,24,0,0,24,0,4,24,0,19,24,0,0,24,0,4,0,0,0,0,0,0
matcornic__hermes,cyclonedx-gomod,25,0,18,24,1,0,24,1,4,24,1,19,23,2,1,23,2,5,0,0,0,1,0,0
syst3mctl__godoclive,syft,12,64,5,8,68,0,8,68,0,11,77,6,8,80,0,8,80,0,0,1,0,0,2,65
syst3mctl__godoclive,trivy,10,60,7,8,62,0,8,62,0,9,68,8,8,69,0,8,69,0,0,1,0,0,0,61
syst3mctl__godoclive,cdxgen,9,29,8,8,30,0,8,30,0,8,37,9,8,37,0,8,37,0,0,0,0,0,0,30
syst3mctl__godoclive,cyclonedx-gomod,9,0,8,8,1,0,8,1,0,9,0,8,8,1,0,8,1,0,0,1,0,0,0,0
bobg__modver,syft,47,3,13,27,23,0,27,23,0,47,3,13,27,23,0,27,23,0,0,1,0,0,19,3
bobg__modver,trivy,28,3,32,27,4,0,27,4,0,28,3,32,27,4,0,27,4,0,0,1,0,0,0,3
bobg__modver,cdxgen,27,2,33,27,2,0,27,2,0,27,2,33,27,2,0,27,2,0,0,0,0,0,0,2
bobg__modver,cyclonedx-gomod,28,0,32,27,1,0,27,1,0,28,0,32,27,1,0,27,1,0,0,1,0,0,0,0
gmsec__micro,syft,52,1,117,22,31,0,26,27,0,52,4,117,22,34,0,26,30,0,4,0,0,7,17,3
gmsec__micro,trivy,169,738,0,22,885,0,26,881,0,140,770,29,22,888,0,26,884,0,4,0,0,7,61,813
gmsec__micro,cdxgen,24,0,145,22,2,0,22,2,4,24,0,145,22,2,0,22,2,4,0,0,0,0,0,2
gmsec__micro,cyclonedx-gomod,25,0,144,22,3,0,22,3,4,25,0,144,22,3,0,22,3,4,0,0,0,3,0,0
osteele__liquid,syft,234,0,139,2,232,0,6,228,0,234,0,139,2,232,0,6,228,0,4,0,1,200,27,0
osteele__liquid,trivy,207,0,166,2,205,0,6,201,0,207,0,166,2,205,0,6,201,0,4,0,1,200,0,0
osteele__liquid,cdxgen,2,0,371,2,0,0,2,0,4,2,0,371,2,0,0,2,0,4,0,0,0,0,0,0
osteele__liquid,cyclonedx-gomod,204,0,169,2,202,0,3,201,3,204,0,169,2,202,0,3,201,3,1,0,1,200,0,0
antham__chyle,syft,60,0,13,36,24,1,42,18,1,60,1,13,36,25,1,42,19,1,6,2,0,1,15,0
antham__chyle,trivy,45,0,28,36,9,1,42,3,1,44,1,29,35,10,2,41,4,2,6,2,0,1,0,0
antham__chyle,cdxgen,37,0,36,37,0,0,37,0,6,37,0,36,37,0,0,37,0,6,0,0,0,0,0,0
antham__chyle,cyclonedx-gomod,38,0,35,36,2,1,36,2,7,38,1,35,36,3,1,36,3,7,0,2,0,0,0,0
c-bata__go-prompt,syft,5,0,2,3,2,0,3,2,0,5,0,2,3,2,0,3,2,0,0,2,0,0,0,0
c-bata__go-prompt,trivy,7,0,0,3,4,0,3,4,0,7,0,0,3,4,0,3,4,0,0,3,0,0,1,0
c-bata__go-prompt,cdxgen,3,0,4,3,0,0,3,0,0,3,0,4,3,0,0,3,0,0,0,0,0,0,0,0
c-bata__go-prompt,cyclonedx-gomod,6,0,1,3,3,0,3,3,0,6,0,1,3,3,0,3,3,0,0,3,0,0,0,0
lawzava__go-pg-migrate,syft,16,0,16,5,11,0,12,4,0,16,0,16,5,11,0,12,4,0,7,0,0,2,2,0
lawzava__go-pg-migrate,trivy,14,0,18,5,9,0,12,2,0,14,0,18,5,9,0,12,2,0,7,0,0,2,0,0
lawzava__go-pg-migrate,cdxgen,5,0,27,5,0,0,5,0,7,5,0,27,5,0,0,5,0,7,0,0,0,0,0,0
lawzava__go-pg-migrate,cyclonedx-gomod,5,0,27,5,0,0,5,0,7,5,0,27,5,0,0,5,0,7,0,0,0,0,0,0
samber__slog-multi,syft,21,0,7,3,18,0,8,13,0,21,2,7,3,20,0,8,15,0,5,0,0,1,2,10
samber__slog-multi,trivy,17,1,11,3,15,0,8,10,0,17,3,11,3,17,0,8,12,0,5,0,0,1,0,9
samber__slog-multi,cdxgen,NA
samber__slog-multi,cyclonedx-gomod,11,0,17,3,8,0,3,8,5,11,0,17,3,8,0,3,8,5,0,0,0,0,0,8
TrueFurby__go-callvis,syft,13,0,7,9,4,0,9,4,0,13,0,7,9,4,0,9,4,0,0,1,0,0,3,0
TrueFurby__go-callvis,trivy,10,0,10,9,1,0,9,1,0,10,0,10,9,1,0,9,1,0,0,1,0,0,0,0
TrueFurby__go-callvis,cdxgen,9,0,11,9,0,0,9,0,0,9,0,11,9,0,0,9,0,0,0,0,0,0,0,0
TrueFurby__go-callvis,cyclonedx-gomod,10,0,10,9,1,0,9,1,0,10,0,10,9,1,0,9,1,0,0,1,0,0,0,0
surrealdb__surrealdb.go,syft,16,13,4,11,18,0,12,17,0,16,14,4,11,19,0,12,18,0,1,0,0,3,1,13
surrealdb__surrealdb.go,trivy,16,13,4,11,18,0,12,17,0,16,13,4,11,18,0,12,17,0,1,0,0,3,1,13
surrealdb__surrealdb.go,cdxgen,11,12,9,11,12,0,11,12,1,11,12,9,11,12,0,11,12,1,0,0,0,0,0,12
surrealdb__surrealdb.go,cyclonedx-gomod,8,0,12,8,0,3,8,0,4,8,0,12,8,0,3,8,0,4,0,0,0,0,0,0
golang__vscode-go,syft,4,38,3,2,40,0,2,40,0,4,38,3,2,40,0,2,40,0,0,1,0,0,0,39
golang__vscode-go,trivy,4,39,3,2,41,0,2,41,0,4,39,3,2,41,0,2,41,0,0,1,0,0,0,40
golang__vscode-go,cdxgen,NA
golang__vscode-go,cyclonedx-gomod,3,0,4,2,1,0,2,1,0,3,0,4,2,1,0,2,1,0,0,1,0,0,0,0
couchbase__go-couchbase,syft,15,0,13,10,5,0,10,5,0,15,0,13,10,5,0,10,5,0,0,0,0,0,0,5
couchbase__go-couchbase,trivy,28,0,0,10,18,0,10,18,0,28,0,0,10,18,0,10,18,0,0,0,0,0,0,18
couchbase__go-couchbase,cdxgen,10,0,18,10,0,0,10,0,0,10,0,18,10,0,0,10,0,0,0,0,0,0,0,0
couchbase__go-couchbase,cyclonedx-gomod,10,0,18,10,0,0,10,0,0,10,0,18,10,0,0,10,0,0,0,0,0,0,0,0
dimuska139__rawg-sdk-go,syft,NA
dimuska139__rawg-sdk-go,trivy,NA
dimuska139__rawg-sdk-go,cdxgen,NA
dimuska139__rawg-sdk-go,cyclonedx-gomod,NA
arikama__go-mysql-test-container,syft,50,0,252,27,23,0,31,19,0,50,0,252,27,23,0,31,19,0,4,3,0,3,13,0
arikama__go-mysql-test-container,trivy,37,0,265,27,10,0,31,6,0,37,0,265,27,10,0,31,6,0,4,3,0,3,0,0
arikama__go-mysql-test-container,cdxgen,27,0,275,27,0,0,27,0,4,27,0,275,27,0,0,27,0,4,0,0,0,0,0,0
arikama__go-mysql-test-container,cyclonedx-gomod,32,0,270,26,6,1,26,6,5,32,0,270,26,6,1,26,6,5,0,3,0,3,0,0
francoispqt__onelog,syft,4,0,0,1,3,0,4,0,0,4,0,0,1,3,0,4,0,0,3,0,0,0,0,0
francoispqt__onelog,trivy,4,0,0,1,3,0,4,0,0,4,0,0,1,3,0,4,0,0,3,0,0,0,0,0
francoispqt__onelog,cdxgen,1,0,3,1,0,0,1,0,3,1,0,3,1,0,0,1,0,3,0,0,0,0,0,0
francoispqt__onelog,cyclonedx-gomod,1,0,3,1,0,0,1,0,3,1,0,3,1,0,0,1,0,3,0,0,0,0,0,0
abraithwaite__jeff,syft,11,0,10,6,5,0,10,1,0,11,0,10,6,5,0,10,1,0,4,0,0,0,1,0
abraithwaite__jeff,trivy,21,0,0,6,15,0,10,11,0,21,0,0,6,15,0,10,11,0,4,0,0,0,11,0
abraithwaite__jeff,cdxgen,6,0,15,6,0,0,6,0,4,6,0,15,6,0,0,6,0,4,0,0,0,0,0,0
abraithwaite__jeff,cyclonedx-gomod,6,0,15,6,0,0,6,0,4,6,0,15,6,0,0,6,0,4,0,0,0,0,0,0
Kachit__appstore-sdk-go,syft,8,0,1,2,6,0,7,1,0,8,0,1,2,6,0,7,1,0,5,0,0,0,1,0
Kachit__appstore-sdk-go,trivy,9,0,0,2,7,0,7,2,0,9,0,0,2,7,0,7,2,0,5,0,0,0,2,0
Kachit__appstore-sdk-go,cdxgen,2,0,7,2,0,0,2,0,5,2,0,7,2,0,0,2,0,5,0,0,0,0,0,0
Kachit__appstore-sdk-go,cyclonedx-gomod,2,0,7,2,0,0,2,0,5,2,0,7,2,0,0,2,0,5,0,0,0,0,0,0
gobuffalo__pop,syft,60,0,11,50,10,0,54,6,0,60,0,11,50,10,0,54,6,0,4,1,1,1,3,0
gobuffalo__pop,trivy,57,0,14,50,7,0,54,3,0,57,0,14,50,7,0,54,3,0,4,1,1,1,0,0
gobuffalo__pop,cdxgen,50,0,21,50,0,0,50,0,4,50,0,21,50,0,0,50,0,4,0,0,0,0,0,0
gobuffalo__pop,cyclonedx-gomod,52,0,19,50,2,0,50,2,4,52,0,19,50,2,0,50,2,4,0,1,1,0,0,0
CalebQ42__bbConvert,syft,1,0,0,1,0,0,1,0,0,1,0,0,1,0,0,1,0,0,0,0,0,0,0,0
CalebQ42__bbConvert,trivy,1,0,0,1,0,0,1,0,0,1,0,0,1,0,0,1,0,0,0,0,0,0,0,0
CalebQ42__bbConvert,cdxgen,1,0,0,1,0,0,1,0,0,1,0,0,1,0,0,1,0,0,0,0,0,0,0,0
CalebQ42__bbConvert,cyclonedx-gomod,1,0,0,1,0,0,1,0,0,1,0,0,1,0,0,1,0,0,0,0,0,0,0,0
documize__community,syft,59,0,21,39,20,0,39,20,0,59,0,21,39,20,0,39,20,0,0,0,1,2,17,0
documize__community,trivy,42,0,38,39,3,0,39,3,0,42,0,38,39,3,0,39,3,0,0,0,1,2,0,0
documize__community,cdxgen,42,0,38,39,3,0,39,3,0,42,0,38,39,3,0,39,3,0,0,0,1,2,0,0
documize__community,cyclonedx-gomod,40,0,40,39,1,0,39,1,0,40,0,40,39,1,0,39,1,0,0,0,1,0,0,0
openrundev__openrun,syft,260,2,219,213,49,0,213,49,0,258,17,221,211,64,2,211,64,2,0,2,0,7,38,2
openrundev__openrun,trivy,222,3,257,213,12,0,213,12,0,220,11,259,211,20,2,211,20,2,0,2,0,7,0,3
openrundev__openrun,cdxgen,213,1,266,213,1,0,213,1,0,213,8,266,213,8,0,213,8,0,0,0,0,0,0,1
openrundev__openrun,cyclonedx-gomod,220,0,259,211,9,2,211,9,2,218,2,261,209,11,4,209,11,4,0,2,0,7,0,0
lalamove__konfig,syft,104,0,141,51,53,0,65,39,0,104,0,141,51,53,0,65,39,0,14,0,1,22,16,0
lalamove__konfig,trivy,245,0,0,51,194,0,65,180,0,245,0,0,51,194,0,65,180,0,14,0,1,22,157,0
lalamove__konfig,cdxgen,51,0,194,51,0,0,51,0,14,51,0,194,51,0,0,51,0,14,0,0,0,0,0,0
lalamove__konfig,cyclonedx-gomod,52,0,193,51,1,0,51,1,14,52,0,193,51,1,0,51,1,14,0,0,0,0,1,0
insidieux__inizio,syft,68,0,86,51,17,0,55,13,0,68,0,86,51,17,0,55,13,0,4,1,1,1,10,0
insidieux__inizio,trivy,58,0,96,51,7,0,55,3,0,58,0,96,51,7,0,55,3,0,4,1,1,1,0,0
insidieux__inizio,cdxgen,51,0,103,51,0,0,51,0,4,51,0,103,51,0,0,51,0,4,0,0,0,0,0,0
insidieux__inizio,cyclonedx-gomod,54,0,100,51,3,0,51,3,4,54,0,100,51,3,0,51,3,4,0,1,1,1,0,0
spf13__cobra,syft,6,0,0,4,2,0,4,2,0,6,0,0,4,2,0,4,2,0,0,1,0,0,1,0
spf13__cobra,trivy,6,0,0,4,2,0,4,2,0,6,0,0,4,2,0,4,2,0,0,1,0,0,1,0
spf13__cobra,cdxgen,4,0,2,4,0,0,4,0,0,4,0,2,4,0,0,4,0,0,0,0,0,0,0,0
spf13__cobra,cyclonedx-gomod,5,0,1,4,1,0,4,1,0,5,0,1,4,1,0,4,1,0,0,1,0,0,0,0
yuseferi__envyaml,syft,6,0,1,2,4,0,5,1,0,6,0,1,2,4,0,5,1,0,3,0,0,0,1,0
yuseferi__envyaml,trivy,5,0,2,2,3,0,5,0,0,5,0,2,2,3,0,5,0,0,3,0,0,0,0,0
yuseferi__envyaml,cdxgen,2,0,5,2,0,0,2,0,3,2,0,5,2,0,0,2,0,3,0,0,0,0,0,0
yuseferi__envyaml,cyclonedx-gomod,2,0,5,2,0,0,2,0,3,2,0,5,2,0,0,2,0,3,0,0,0,0,0,0
prashantgupta24__firewalld-rest,syft,2,0,0,2,0,0,2,0,0,2,0,0,2,0,0,2,0,0,0,0,0,0,0,0
prashantgupta24__firewalld-rest,trivy,2,0,0,2,0,0,2,0,0,2,0,0,2,0,0,2,0,0,0,0,0,0,0,0
prashantgupta24__firewalld-rest,cdxgen,2,0,0,2,0,0,2,0,0,2,0,0,2,0,0,2,0,0,0,0,0,0,0,0
prashantgupta24__firewalld-rest,cyclonedx-gomod,2,0,0,2,0,0,2,0,0,2,0,0,2,0,0,2,0,0,0,0,0,0,0,0
manuelbcd__go-openproject,syft,11,0,4,5,6,0,5,6,0,11,0,4,5,6,0,5,6,0,0,0,1,5,0,0
manuelbcd__go-openproject,trivy,11,0,4,5,6,0,5,6,0,11,0,4,5,6,0,5,6,0,0,0,1,5,0,0
manuelbcd__go-openproject,cdxgen,5,0,10,5,0,0,5,0,0,5,0,10,5,0,0,5,0,0,0,0,0,0,0,0
manuelbcd__go-openproject,cyclonedx-gomod,5,0,10,5,0,0,5,0,0,5,0,10,5,0,0,5,0,0,0,0,0,0,0,0
wlevene__ini,syft,2,0,0,2,0,0,2,0,0,2,0,0,2,0,0,2,0,0,0,0,0,0,0,0
wlevene__ini,trivy,2,0,0,2,0,0,2,0,0,2,0,0,2,0,0,2,0,0,0,0,0,0,0,0
wlevene__ini,cdxgen,2,0,0,2,0,0,2,0,0,2,0,0,2,0,0,2,0,0,0,0,0,0,0,0
wlevene__ini,cyclonedx-gomod,2,0,0,2,0,0,2,0,0,2,0,0,2,0,0,2,0,0,0,0,0,0,0,0
mattn__goveralls,syft,4,0,6,2,2,0,2,2,0,4,0,6,2,2,0,2,2,0,0,0,0,0,2,0
mattn__goveralls,trivy,10,0,0,2,8,0,2,8,0,10,0,0,2,8,0,2,8,0,0,0,0,0,8,0
mattn__goveralls,cdxgen,2,0,8,2,0,0,2,0,0,2,0,8,2,0,0,2,0,0,0,0,0,0,0,0
mattn__goveralls,cyclonedx-gomod,2,0,8,2,0,0,2,0,0,2,0,8,2,0,0,2,0,0,0,0,0,0,0,0
romshark__sched,syft,9,0,6,3,6,0,7,2,0,9,0,6,3,6,0,7,2,0,4,0,0,0,2,0
romshark__sched,trivy,7,0,8,3,4,0,7,0,0,7,0,8,3,4,0,7,0,0,4,0,0,0,0,0
romshark__sched,cdxgen,3,0,12,3,0,0,3,0,4,3,0,12,3,0,0,3,0,4,0,0,0,0,0,0
romshark__sched,cyclonedx-gomod,3,0,12,3,0,0,3,0,4,3,0,12,3,0,0,3,0,4,0,0,0,0,0,0
dundee__gdu,syft,65,0,13,39,26,0,42,23,0,65,0,13,39,26,0,42,23,0,3,2,0,0,21,0
dundee__gdu,trivy,44,0,34,39,5,0,42,2,0,44,0,34,39,5,0,42,2,0,3,2,0,0,0,0
dundee__gdu,cdxgen,39,0,39,39,0,0,39,0,3,39,0,39,39,0,0,39,0,3,0,0,0,0,0,0
dundee__gdu,cyclonedx-gomod,41,0,37,39,2,0,39,2,3,41,0,37,39,2,0,39,2,3,0,2,0,0,0,0
ccbrown__api-fu,syft,25,24,3,11,38,0,15,34,0,24,34,4,11,47,0,15,43,0,4,1,0,6,3,24
ccbrown__api-fu,trivy,28,57,0,11,74,0,15,70,0,26,74,2,11,89,0,15,85,0,4,1,0,6,6,57
ccbrown__api-fu,cdxgen,12,12,16,11,13,0,11,13,4,11,13,17,11,13,0,11,13,4,0,0,0,0,1,12
ccbrown__api-fu,cyclonedx-gomod,15,0,13,11,4,0,11,4,4,15,0,13,11,4,0,11,4,4,0,1,0,3,0,0
maypok86__otter,syft,5,53,1,4,54,0,4,54,0,5,56,1,4,57,0,4,57,0,0,0,0,0,1,53
maypok86__otter,trivy,4,41,2,4,41,0,4,41,0,4,42,2,4,42,0,4,42,0,0,0,0,0,0,41
maypok86__otter,cdxgen,4,34,2,4,34,0,4,34,0,4,35,2,4,35,0,4,35,0,0,0,0,0,0,34
maypok86__otter,cyclonedx-gomod,4,0,2,4,0,0,4,0,0,4,0,2,4,0,0,4,0,0,0,0,0,0,0,0
pesos__grofer,syft,57,0,323,42,15,0,42,15,0,57,0,323,42,15,0,42,15,0,0,2,0,3,10,0
pesos__grofer,trivy,380,0,0,42,338,0,42,338,0,380,0,0,42,338,0,42,338,0,0,4,0,3,331,0
pesos__grofer,cdxgen,42,0,338,42,0,0,42,0,0,42,0,338,42,0,0,42,0,0,0,0,0,0,0,0
pesos__grofer,cyclonedx-gomod,46,0,334,42,4,0,42,4,0,46,0,334,42,4,0,42,4,0,0,4,0,0,0,0
go-git__go-git,syft,27,0,7,18,9,0,22,5,0,27,0,7,18,9,0,22,5,0,4,1,0,0,4,0
go-git__go-git,trivy,23,0,11,18,5,0,22,1,0,23,0,11,18,5,0,22,1,0,4,1,0,0,0,0
go-git__go-git,cdxgen,18,0,16,18,0,0,18,0,4,18,0,16,18,0,0,18,0,4,0,0,0,0,0,0
go-git__go-git,cyclonedx-gomod,16,0,18,15,1,3,15,1,7,16,0,18,15,1,3,15,1,7,0,1,0,0,0,0
donatj__mpo,syft,1,0,1,1,0,0,1,0,0,1,0,1,1,0,0,1,0,0,0,0,0,0,0,0
donatj__mpo,trivy,1,0,1,1,0,0,1,0,0,1,0,1,1,0,0,1,0,0,0,0,0,0,0,0
donatj__mpo,cdxgen,1,0,1,1,0,0,1,0,0,1,0,1,1,0,0,1,0,0,0,0,0,0,0,0
donatj__mpo,cyclonedx-gomod,1,0,1,1,0,0,1,0,0,1,0,1,1,0,0,1,0,0,0,0,0,0,0,0
Ullaakut__cameradar,syft,124,0,51,76,48,0,80,44,0,124,0,51,76,48,0,80,44,0,4,2,0,0,42,0
Ullaakut__cameradar,trivy,82,0,93,76,6,0,80,2,0,82,0,93,76,6,0,80,2,0,4,2,0,0,0,0
Ullaakut__cameradar,cdxgen,76,0,99,76,0,0,76,0,4,76,0,99,76,0,0,76,0,4,0,0,0,0,0,0
Ullaakut__cameradar,cyclonedx-gomod,78,0,97,76,2,0,76,2,4,78,0,97,76,2,0,76,2,4,0,2,0,0,0,0
recolude__unitpacking,syft,7,0,2,2,5,0,6,1,0,7,0,2,2,5,0,6,1,0,4,0,0,0,1,0
recolude__unitpacking,trivy,9,0,0,2,7,0,6,3,0,9,0,0,2,7,0,6,3,0,4,0,0,0,3,0
recolude__unitpacking,cdxgen,2,0,7,2,0,0,2,0,4,2,0,7,2,0,0,2,0,4,0,0,0,0,0,0
recolude__unitpacking,cyclonedx-gomod,2,0,7,2,0,0,2,0,4,2,0,7,2,0,0,2,0,4,0,0,0,0,0,0
levigross__grequests,syft,8,0,6,2,6,0,6,2,0,8,0,6,2,6,0,6,2,0,4,0,0,0,2,0
levigross__grequests,trivy,6,0,8,2,4,0,6,0,0,6,0,8,2,4,0,6,0,0,4,0,0,0,0,0
levigross__grequests,cdxgen,2,0,12,2,0,0,2,0,4,2,0,12,2,0,0,2,0,4,0,0,0,0,0,0
levigross__grequests,cyclonedx-gomod,2,0,12,2,0,0,2,0,4,2,0,12,2,0,0,2,0,4,0,0,0,0,0,0
42Atomys__webhooked,syft,48,0,133,26,22,0,29,19,0,48,0,133,26,22,0,29,19,0,3,1,0,1,17,0
42Atomys__webhooked,trivy,31,0,150,26,5,0,29,2,0,31,0,150,26,5,0,29,2,0,3,1,0,1,0,0
42Atomys__webhooked,cdxgen,26,0,155,26,0,0,26,0,3,26,0,155,26,0,0,26,0,3,0,0,0,0,0,0
42Atomys__webhooked,cyclonedx-gomod,27,0,154,26,1,0,26,1,3,27,0,154,26,1,0,26,1,3,0,1,0,0,0,0
qvcloud__broker,syft,105,0,162,75,30,0,80,25,0,105,0,162,75,30,0,80,25,0,5,1,0,2,22,0
qvcloud__broker,trivy,83,0,184,75,8,0,80,3,0,83,0,184,75,8,0,80,3,0,5,1,0,2,0,0
qvcloud__broker,cdxgen,75,0,192,75,0,0,75,0,5,75,0,192,75,0,0,75,0,5,0,0,0,0,0,0
qvcloud__broker,cyclonedx-gomod,77,0,190,74,3,1,74,3,6,77,0,190,74,3,1,74,3,6,0,1,0,2,0,0
dunglas__mercure,syft,74,168,17,32,210,0,38,204,0,68,175,23,32,211,0,38,205,0,6,0,6,10,18,170
dunglas__mercure,trivy,65,125,26,32,158,0,38,152,0,59,132,32,32,159,0,38,153,0,6,0,6,10,9,127
dunglas__mercure,cdxgen,53,121,38,32,142,0,38,136,0,49,126,42,32,143,0,38,137,0,6,0,3,3,7,123
dunglas__mercure,cyclonedx-gomod,44,0,47,28,16,4,28,16,10,44,0,47,28,16,4,28,16,10,0,0,6,10,0,0
rocketlaunchr__dataframe-go,syft,74,0,123,45,29,0,48,26,0,74,0,123,45,29,0,48,26,0,3,0,0,3,0,23
rocketlaunchr__dataframe-go,trivy,197,0,0,45,152,0,48,149,0,197,0,0,45,152,0,48,149,0,3,0,0,3,0,146
rocketlaunchr__dataframe-go,cdxgen,45,0,152,45,0,0,45,0,3,45,0,152,45,0,0,45,0,3,0,0,0,0,0,0
rocketlaunchr__dataframe-go,cyclonedx-gomod,44,0,153,44,0,1,44,0,4,44,0,153,44,0,1,44,0,4,0,0,0,0,0,0
wI2L__jsondiff,syft,4,0,0,4,0,0,4,0,0,4,0,0,4,0,0,4,0,0,0,0,0,0,0,0
wI2L__jsondiff,trivy,4,0,0,4,0,0,4,0,0,4,0,0,4,0,0,4,0,0,0,0,0,0,0,0
wI2L__jsondiff,cdxgen,4,0,0,4,0,0,4,0,0,4,0,0,4,0,0,4,0,0,0,0,0,0,0,0
wI2L__jsondiff,cyclonedx-gomod,4,0,0,4,0,0,4,0,0,4,0,0,4,0,0,4,0,0,0,0,0,0,0,0
kjkrol__goke,syft,6,9,1,1,14,0,5,10,0,6,9,1,1,14,0,5,10,0,4,0,0,0,1,9
kjkrol__goke,trivy,5,9,2,1,13,0,5,9,0,5,9,2,1,13,0,5,9,0,4,0,0,0,0,9
kjkrol__goke,cdxgen,1,7,6,1,7,0,1,7,4,1,7,6,1,7,0,1,7,4,0,0,0,0,0,7
kjkrol__goke,cyclonedx-gomod,1,0,6,1,0,0,1,0,4,1,0,6,1,0,0,1,0,4,0,0,0,0,0,0
krotik__dudeldu,syft,1,0,0,1,0,0,1,0,0,1,0,0,1,0,0,1,0,0,0,0,0,0,0,0
krotik__dudeldu,trivy,1,0,0,1,0,0,1,0,0,1,0,0,1,0,0,1,0,0,0,0,0,0,0,0
krotik__dudeldu,cdxgen,1,0,0,1,0,0,1,0,0,1,0,0,1,0,0,1,0,0,0,0,0,0,0,0
krotik__dudeldu,cyclonedx-gomod,1,0,0,1,0,0,1,0,0,1,0,0,1,0,0,1,0,0,0,0,0,0,0,0
uniqush__uniqush-push,syft,21,0,3,6,15,0,6,15,0,21,0,3,6,15,0,6,15,0,0,0,0,3,12,0
uniqush__uniqush-push,trivy,24,0,0,6,18,0,6,18,0,24,0,0,6,18,0,6,18,0,0,0,0,3,15,0
uniqush__uniqush-push,cdxgen,6,0,18,6,0,0,6,0,0,6,0,18,6,0,0,6,0,0,0,0,0,0,0,0
uniqush__uniqush-push,cyclonedx-gomod,6,0,18,6,0,0,6,0,0,6,0,18,6,0,0,6,0,0,0,0,0,0,0,0
deatil__go-jwt,syft,2,0,3,2,0,0,2,0,0,2,0,3,2,0,0,2,0,0,0,0,0,0,0,0
deatil__go-jwt,trivy,2,0,3,2,0,0,2,0,0,2,0,3,2,0,0,2,0,0,0,0,0,0,0,0
deatil__go-jwt,cdxgen,2,0,3,2,0,0,2,0,0,2,0,3,2,0,0,2,0,0,0,0,0,0,0,0
deatil__go-jwt,cyclonedx-gomod,2,0,3,2,0,0,2,0,0,2,0,3,2,0,0,2,0,0,0,0,0,0,0,0
Fs02__grimoire,syft,12,0,0,11,1,0,12,0,0,12,0,0,11,1,0,12,0,0,1,0,0,0,0,0
Fs02__grimoire,trivy,12,0,0,11,1,0,12,0,0,12,0,0,11,1,0,12,0,0,1,0,0,0,0,0
Fs02__grimoire,cdxgen,11,0,1,11,0,0,11,0,1,11,0,1,11,0,0,11,0,1,0,0,0,0,0,0
Fs02__grimoire,cyclonedx-gomod,11,0,1,11,0,0,11,0,1,11,0,1,11,0,0,11,0,1,0,0,0,0,0,0
caarlos0__log,syft,17,0,4,16,1,0,16,1,0,17,0,4,16,1,0,16,1,0,0,0,0,0,1,0
caarlos0__log,trivy,16,0,5,16,0,0,16,0,0,16,0,5,16,0,0,16,0,0,0,0,0,0,0,0
caarlos0__log,cdxgen,16,0,5,16,0,0,16,0,0,16,0,5,16,0,0,16,0,0,0,0,0,0,0,0
caarlos0__log,cyclonedx-gomod,16,0,5,16,0,0,16,0,0,16,0,5,16,0,0,16,0,0,0,0,0,0,0,0
claygod__coffer,syft,14,0,6,3,11,0,4,10,0,14,0,6,3,11,0,4,10,0,1,2,0,4,4,0
claygod__coffer,trivy,10,0,10,3,7,0,4,6,0,10,0,10,3,7,0,4,6,0,1,2,0,4,0,0
claygod__coffer,cdxgen,3,0,17,3,0,0,3,0,1,3,0,17,3,0,0,3,0,1,0,0,0,0,0,0
claygod__coffer,cyclonedx-gomod,9,0,11,3,6,0,3,6,1,9,0,11,3,6,0,3,6,1,0,2,0,4,0,0
galeone__tfgo,syft,3,0,2,2,1,0,2,1,0,3,0,2,2,1,0,2,1,0,0,0,0,0,1,0
galeone__tfgo,trivy,2,0,3,2,0,0,2,0,0,2,0,3,2,0,0,2,0,0,0,0,0,0,0,0
galeone__tfgo,cdxgen,2,0,3,2,0,0,2,0,0,2,0,3,2,0,0,2,0,0,0,0,0,0,0,0
galeone__tfgo,cyclonedx-gomod,2,0,3,2,0,0,2,0,0,2,0,3,2,0,0,2,0,0,0,0,0,0,0,0
dropbox__godropbox,syft,10,0,7,8,2,0,10,0,0,10,0,7,8,2,0,10,0,0,2,0,0,0,0,0
dropbox__godropbox,trivy,17,0,0,8,9,0,10,7,0,17,0,0,8,9,0,10,7,0,2,0,0,0,7,0
dropbox__godropbox,cdxgen,8,0,9,8,0,0,8,0,2,8,0,9,8,0,0,8,0,2,0,0,0,0,0,0
dropbox__godropbox,cyclonedx-gomod,8,0,9,8,0,0,8,0,2,8,0,9,8,0,0,8,0,2,0,0,0,0,0,0
HugoSmits86__nativewebp,syft,1,0,1,1,0,0,1,0,0,1,0,1,1,0,0,1,0,0,0,0,0,0,0,0
HugoSmits86__nativewebp,trivy,1,0,1,1,0,0,1,0,0,1,0,1,1,0,0,1,0,0,0,0,0,0,0,0
HugoSmits86__nativewebp,cdxgen,1,0,1,1,0,0,1,0,0,1,0,1,1,0,0,1,0,0,0,0,0,0,0,0
HugoSmits86__nativewebp,cyclonedx-gomod,1,0,1,1,0,0,1,0,0,1,0,1,1,0,0,1,0,0,0,0,0,0,0,0
yusufcanb__tlm,syft,56,0,97,42,14,0,42,14,0,56,0,97,42,14,0,42,14,0,0,0,0,7,7,0
yusufcanb__tlm,trivy,49,0,104,42,7,0,42,7,0,49,0,104,42,7,0,42,7,0,0,0,0,7,0,0
yusufcanb__tlm,cdxgen,42,0,111,42,0,0,42,0,0,42,0,111,42,0,0,42,0,0,0,0,0,0,0,0
yusufcanb__tlm,cyclonedx-gomod,47,0,106,42,5,0,42,5,0,47,0,106,42,5,0,42,5,0,0,0,0,5,0,0
0xERR0R__blocky,syft,231,0,103,128,103,0,132,99,0,231,0,103,128,103,0,132,99,0,4,5,0,57,37,0
0xERR0R__blocky,trivy,194,0,140,128,66,0,132,62,0,194,0,140,128,66,0,132,62,0,4,5,0,57,0,0
0xERR0R__blocky,cdxgen,128,0,206,128,0,0,128,0,4,128,0,206,128,0,0,128,0,4,0,0,0,0,0,0
0xERR0R__blocky,cyclonedx-gomod,188,0,146,128,60,0,128,60,4,188,0,146,128,60,0,128,60,4,0,5,0,55,0,0
go-critic__go-critic,syft,19,2,5,19,2,0,19,2,0,19,2,5,19,2,0,19,2,0,0,0,0,0,0,2
go-critic__go-critic,trivy,22,9,2,19,12,0,19,12,0,19,20,5,19,20,0,19,20,0,0,0,0,0,0,12
go-critic__go-critic,cdxgen,19,2,5,19,2,0,19,2,0,19,2,5,19,2,0,19,2,0,0,0,0,0,0,2
go-critic__go-critic,cyclonedx-gomod,19,0,5,19,0,0,19,0,0,19,0,5,19,0,0,19,0,0,0,0,0,0,0,0
nstratos__go-myanimelist,syft,2,0,1,1,1,0,1,1,0,2,0,1,1,1,0,1,1,0,0,0,0,0,1,0
nstratos__go-myanimelist,trivy,2,0,1,1,1,0,1,1,0,2,0,1,1,1,0,1,1,0,0,0,0,0,1,0
nstratos__go-myanimelist,cdxgen,1,0,2,1,0,0,1,0,0,1,0,2,1,0,0,1,0,0,0,0,0,0,0,0
nstratos__go-myanimelist,cyclonedx-gomod,1,0,2,1,0,0,1,0,0,1,0,2,1,0,0,1,0,0,0,0,0,0,0,0
hashicorp__go-dbw,syft,50,0,40,27,23,0,28,22,0,50,0,40,27,23,0,28,22,0,1,0,4,14,4,0
hashicorp__go-dbw,trivy,46,0,44,27,19,0,28,18,0,46,0,44,27,19,0,28,18,0,1,0,4,14,0,0
hashicorp__go-dbw,cdxgen,27,0,63,27,0,0,27,0,1,27,0,63,27,0,0,27,0,1,0,0,0,0,0,0
hashicorp__go-dbw,cyclonedx-gomod,44,0,46,27,17,0,27,17,1,44,0,46,27,17,0,27,17,1,0,0,4,13,0,0
esimov__gogu,syft,7,0,5,2,5,0,6,1,0,7,0,5,2,5,0,6,1,0,4,0,0,0,1,0
esimov__gogu,trivy,6,0,6,2,4,0,6,0,0,6,0,6,2,4,0,6,0,0,4,0,0,0,0,0
esimov__gogu,cdxgen,2,0,10,2,0,0,2,0,4,2,0,10,2,0,0,2,0,4,0,0,0,0,0,0
esimov__gogu,cyclonedx-gomod,2,0,10,2,0,0,2,0,4,2,0,10,2,0,0,2,0,4,0,0,0,0,0,0
schollz__progressbar,syft,13,0,1,5,8,0,11,2,0,13,0,1,5,8,0,11,2,0,6,1,0,0,1,0
schollz__progressbar,trivy,12,0,2,5,7,0,11,1,0,12,0,2,5,7,0,11,1,0,6,1,0,0,0,0
schollz__progressbar,cdxgen,5,0,9,5,0,0,5,0,6,5,0,9,5,0,0,5,0,6,0,0,0,0,0,0
schollz__progressbar,cyclonedx-gomod,6,0,8,5,1,0,5,1,6,6,0,8,5,1,0,5,1,6,0,1,0,0,0,0
leebenson__conform,syft,8,0,8,1,7,0,7,1,0,8,0,8,1,7,0,7,1,0,6,0,0,0,1,0
leebenson__conform,trivy,16,0,0,1,15,0,7,9,0,16,0,0,1,15,0,7,9,0,6,0,0,0,9,0
leebenson__conform,cdxgen,1,0,15,1,0,0,1,0,6,1,0,15,1,0,0,1,0,6,0,0,0,0,0,0
leebenson__conform,cyclonedx-gomod,1,0,15,1,0,0,1,0,6,1,0,15,1,0,0,1,0,6,0,0,0,0,0,0
wisp-trading__wisp,syft,238,0,75,120,118,0,126,112,0,238,0,75,120,118,0,126,112,0,6,7,1,8,96,0
wisp-trading__wisp,trivy,142,0,171,120,22,0,126,16,0,142,0,171,120,22,0,126,16,0,6,7,1,8,0,0
wisp-trading__wisp,cdxgen,120,0,193,120,0,0,120,0,6,120,0,193,120,0,0,120,0,6,0,0,0,0,0,0
wisp-trading__wisp,cyclonedx-gomod,127,0,186,117,10,3,117,10,9,127,0,186,117,10,3,117,10,9,0,7,0,3,0,0
gatewayd-io__gatewayd,syft,200,0,144,148,52,0,151,49,0,200,0,144,148,52,0,151,49,0,3,5,0,6,38,0
gatewayd-io__gatewayd,trivy,162,0,182,148,14,0,151,11,0,162,0,182,148,14,0,151,11,0,3,5,0,6,0,0
gatewayd-io__gatewayd,cdxgen,148,0,196,148,0,0,148,0,3,148,0,196,148,0,0,148,0,3,0,0,0,0,0,0
gatewayd-io__gatewayd,cyclonedx-gomod,155,0,189,146,9,2,146,9,5,155,0,189,146,9,2,146,9,5,0,5,0,4,0,0
chrispassas__silk,syft,2,0,0,2,0,0,2,0,0,2,0,0,2,0,0,2,0,0,0,0,0,0,0,0
chrispassas__silk,trivy,2,0,0,2,0,0,2,0,0,2,0,0,2,0,0,2,0,0,0,0,0,0,0,0
chrispassas__silk,cdxgen,2,0,0,2,0,0,2,0,0,2,0,0,2,0,0,2,0,0,0,0,0,0,0,0
chrispassas__silk,cyclonedx-gomod,2,0,0,2,0,0,2,0,0,2,0,0,2,0,0,2,0,0,0,0,0,0,0,0
bhope__hedge,syft,19,3,20,6,16,0,6,16,0,19,3,20,6,16,0,6,16,0,0,0,0,0,0,16
bhope__hedge,trivy,6,3,33,6,3,0,6,3,0,6,3,33,6,3,0,6,3,0,0,0,0,0,0,3
bhope__hedge,cdxgen,6,1,33,6,1,0,6,1,0,6,1,33,6,1,0,6,1,0,0,0,0,0,0,1
bhope__hedge,cyclonedx-gomod,6,0,33,6,0,0,6,0,0,6,0,33,6,0,0,6,0,0,0,0,0,0,0,0
appleboy__gorush,syft,206,1,185,130,77,0,136,71,0,206,1,185,130,77,0,136,71,0,6,0,1,13,56,1
appleboy__gorush,trivy,150,0,241,130,20,0,136,14,0,150,0,241,130,20,0,136,14,0,6,0,1,13,0,0
appleboy__gorush,cdxgen,130,0,261,130,0,0,130,0,6,130,0,261,130,0,0,130,0,6,0,0,0,0,0,0
appleboy__gorush,cyclonedx-gomod,144,0,247,130,14,0,130,14,6,144,0,247,130,14,0,130,14,6,0,0,1,13,0,0
dnnrly__wait-for,syft,28,0,38,10,18,0,22,6,0,28,0,38,10,18,0,22,6,0,12,0,0,0,6,0
dnnrly__wait-for,trivy,66,0,0,10,56,0,22,44,0,66,0,0,10,56,0,22,44,0,12,0,0,0,44,0
dnnrly__wait-for,cdxgen,10,0,56,10,0,0,10,0,12,10,0,56,10,0,0,10,0,12,0,0,0,0,0,0
dnnrly__wait-for,cyclonedx-gomod,10,0,56,10,0,0,10,0,12,10,0,56,10,0,0,10,0,12,0,0,0,0,0,0
ianlopshire__go-ssm-config,syft,10,0,3,3,7,0,3,7,0,10,0,3,3,7,0,3,7,0,0,0,0,2,5,0
ianlopshire__go-ssm-config,trivy,13,0,0,3,10,0,3,10,0,13,0,0,3,10,0,3,10,0,0,0,0,2,8,0
ianlopshire__go-ssm-config,cdxgen,3,0,10,3,0,0,3,0,0,3,0,10,3,0,0,3,0,0,0,0,0,0,0,0
ianlopshire__go-ssm-config,cyclonedx-gomod,3,0,10,3,0,0,3,0,0,3,0,10,3,0,0,3,0,0,0,0,0,0,0,0
MordaTeam__go-config,syft,101,0,130,20,81,0,61,40,0,101,0,130,20,81,0,61,40,0,41,0,0,8,32,0
MordaTeam__go-config,trivy,69,0,162,20,49,0,61,8,0,69,0,162,20,49,0,61,8,0,41,0,0,8,0,0
MordaTeam__go-config,cdxgen,20,0,211,20,0,0,20,0,41,20,0,211,20,0,0,20,0,41,0,0,0,0,0,0
MordaTeam__go-config,cyclonedx-gomod,21,0,210,20,1,0,20,1,41,21,0,210,20,1,0,20,1,41,0,0,0,1,0,0
SpectoLabs__hoverfly,syft,95,0,75,79,16,0,81,14,0,95,0,75,79,16,0,81,14,0,2,1,0,0,13,0
SpectoLabs__hoverfly,trivy,82,0,88,79,3,0,81,1,0,82,0,88,79,3,0,81,1,0,2,1,0,0,0,0
SpectoLabs__hoverfly,cdxgen,82,0,88,79,3,0,81,1,0,82,5,88,79,8,0,81,6,0,2,1,0,0,0,0
SpectoLabs__hoverfly,cyclonedx-gomod,80,0,90,79,1,0,79,1,2,80,0,90,79,1,0,79,1,2,0,1,0,0,0,0
go-testfixtures__testfixtures,syft,153,0,193,2,151,0,2,151,0,153,2,193,2,153,0,2,153,0,0,0,0,0,0,151
go-testfixtures__testfixtures,trivy,123,0,223,2,121,0,2,121,0,123,2,223,2,123,0,2,123,0,0,0,0,0,0,121
go-testfixtures__testfixtures,cdxgen,10,0,336,2,8,0,2,8,0,10,0,336,2,8,0,2,8,0,0,0,0,0,0,8
go-testfixtures__testfixtures,cyclonedx-gomod,12,0,334,2,10,0,2,10,0,12,0,334,2,10,0,2,10,0,0,0,0,0,0,10
flower-corp__lotusdb,syft,31,0,28,20,11,0,24,7,0,31,0,28,20,11,0,24,7,0,4,2,0,2,3,0
flower-corp__lotusdb,trivy,29,0,30,20,9,0,24,5,0,29,0,30,20,9,0,24,5,0,4,2,0,2,0,1
flower-corp__lotusdb,cdxgen,20,0,39,20,0,0,20,0,4,20,0,39,20,0,0,20,0,4,0,0,0,0,0,0
flower-corp__lotusdb,cyclonedx-gomod,22,0,37,20,2,0,20,2,4,22,0,37,20,2,0,20,2,4,0,2,0,0,0,0
mehrdadrad__mylg,syft,30,0,6,20,10,0,21,9,0,30,0,6,20,10,0,21,9,0,1,0,0,0,0,9
mehrdadrad__mylg,trivy,36,0,0,20,16,0,21,15,0,36,0,0,20,16,0,21,15,0,1,0,0,0,0,15
mehrdadrad__mylg,cdxgen,20,0,16,20,0,0,20,0,1,20,0,16,20,0,0,20,0,1,0,0,0,0,0,0
mehrdadrad__mylg,cyclonedx-gomod,20,0,16,20,0,0,20,0,1,20,0,16,20,0,0,20,0,1,0,0,0,0,0,0
muir__libschema,syft,17,0,2,10,7,0,12,5,0,17,0,2,10,7,0,12,5,0,2,0,0,1,4,0
muir__libschema,trivy,13,0,6,10,3,0,12,1,0,13,0,6,10,3,0,12,1,0,2,0,0,1,0,0
muir__libschema,cdxgen,10,0,9,10,0,0,10,0,2,10,0,9,10,0,0,10,0,2,0,0,0,0,0,0
muir__libschema,cyclonedx-gomod,10,0,9,10,0,0,10,0,2,10,0,9,10,0,0,10,0,2,0,0,0,0,0,0
achannarasappa__ticker,syft,267,0,99,37,230,0,48,219,0,267,0,99,37,230,0,48,219,0,11,3,0,178,38,0
achannarasappa__ticker,trivy,229,0,137,37,192,0,48,181,0,229,0,137,37,192,0,48,181,0,11,3,0,178,0,0
achannarasappa__ticker,cdxgen,37,0,329,37,0,0,37,0,11,37,0,329,37,0,0,37,0,11,0,0,0,0,0,0
achannarasappa__ticker,cyclonedx-gomod,222,0,144,37,185,0,42,180,6,222,0,144,37,185,0,42,180,6,5,3,0,177,0,0
sqs__goreturns,syft,3,0,6,3,0,0,3,0,0,3,0,6,3,0,0,3,0,0,0,0,0,0,0,0
sqs__goreturns,trivy,9,0,0,3,6,0,3,6,0,9,0,0,3,6,0,3,6,0,0,0,0,0,6,0
sqs__goreturns,cdxgen,3,0,6,3,0,0,3,0,0,3,0,6,3,0,0,3,0,0,0,0,0,0,0,0
sqs__goreturns,cyclonedx-gomod,3,0,6,3,0,0,3,0,0,3,0,6,3,0,0,3,0,0,0,0,0,0,0,0
gookit__config,syft,16,0,2,13,3,0,13,3,0,16,0,2,13,3,0,13,3,0,0,0,0,0,3,0
gookit__config,trivy,13,0,5,13,0,0,13,0,0,13,0,5,13,0,0,13,0,0,0,0,0,0,0,0
gookit__config,cdxgen,13,0,5,13,0,0,13,0,0,13,0,5,13,0,0,13,0,0,0,0,0,0,0,0
gookit__config,cyclonedx-gomod,13,0,5,13,0,0,13,0,0,13,0,5,13,0,0,13,0,0,0,0,0,0,0,0
siddontang__go-mysql,syft,28,0,13,21,7,0,22,6,0,28,0,13,21,7,0,22,6,0,1,0,0,0,6,0
siddontang__go-mysql,trivy,22,0,19,21,1,0,22,0,0,22,0,19,21,1,0,22,0,0,1,0,0,0,0,0
siddontang__go-mysql,cdxgen,21,0,20,21,0,0,21,0,1,21,0,20,21,0,0,21,0,1,0,0,0,0,0,0
siddontang__go-mysql,cyclonedx-gomod,21,0,20,21,0,0,21,0,1,21,0,20,21,0,0,21,0,1,0,0,0,0,0,0
tkrop__go-testing,syft,18,0,7,10,8,0,12,6,0,18,0,7,10,8,0,12,6,0,2,0,0,1,5,0
tkrop__go-testing,trivy,13,0,12,10,3,0,12,1,0,13,0,12,10,3,0,12,1,0,2,0,0,1,0,0
tkrop__go-testing,cdxgen,10,0,15,10,0,0,10,0,2,10,0,15,10,0,0,10,0,2,0,0,0,0,0,0
tkrop__go-testing,cyclonedx-gomod,10,0,15,10,0,0,10,0,2,10,0,15,10,0,0,10,0,2,0,0,0,0,0,0
elC0mpa__aws-doctor,syft,92,1,22,86,7,0,86,7,0,92,1,22,86,7,0,86,7,0,0,3,0,0,3,1
elC0mpa__aws-doctor,trivy,89,2,25,86,5,0,86,5,0,89,2,25,86,5,0,86,5,0,0,3,0,0,0,2
elC0mpa__aws-doctor,cdxgen,86,1,28,86,1,0,86,1,0,86,1,28,86,1,0,86,1,0,0,0,0,0,0,1
elC0mpa__aws-doctor,cyclonedx-gomod,88,0,26,85,3,1,85,3,1,88,0,26,85,3,1,85,3,1,0,3,0,0,0,0
Unrud__remote-touchpad,syft,5,0,3,2,3,0,2,3,0,5,0,3,2,3,0,2,3,0,0,0,2,1,0,0
Unrud__remote-touchpad,trivy,5,0,3,2,3,0,2,3,0,5,0,3,2,3,0,2,3,0,0,0,2,1,0,0
Unrud__remote-touchpad,cdxgen,2,0,6,2,0,0,2,0,0,2,0,6,2,0,0,2,0,0,0,0,0,0,0,0
Unrud__remote-touchpad,cyclonedx-gomod,5,0,3,2,3,0,2,3,0,5,0,3,2,3,0,2,3,0,0,0,2,1,0,0
structy__log,syft,3,0,0,3,0,0,3,0,0,3,0,0,3,0,0,3,0,0,0,0,0,0,0,0
structy__log,trivy,3,0,0,3,0,0,3,0,0,3,0,0,3,0,0,3,0,0,0,0,0,0,0,0
structy__log,cdxgen,3,0,0,3,0,0,3,0,0,3,0,0,3,0,0,3,0,0,0,0,0,0,0,0
structy__log,cyclonedx-gomod,3,0,0,3,0,0,3,0,0,3,0,0,3,0,0,3,0,0,0,0,0,0,0,0
axzilla__templui,syft,30,0,9,7,23,0,7,23,0,30,0,9,7,23,0,7,23,0,0,0,0,21,2,0
axzilla__templui,trivy,28,0,11,7,21,0,7,21,0,28,0,11,7,21,0,7,21,0,0,0,0,21,0,0
axzilla__templui,cdxgen,28,0,11,7,21,0,7,21,0,28,0,11,7,21,0,7,21,0,0,0,0,21,0,0
axzilla__templui,cyclonedx-gomod,21,0,18,7,14,0,7,14,0,21,0,18,7,14,0,7,14,0,0,0,0,14,0,0
megaease__easeprobe,syft,121,0,37,94,27,0,97,24,0,121,0,37,94,27,0,97,24,0,3,0,0,5,19,0
megaease__easeprobe,trivy,102,0,56,94,8,0,97,5,0,102,0,56,94,8,0,97,5,0,3,0,0,5,0,0
megaease__easeprobe,cdxgen,94,0,64,94,0,0,94,0,3,94,0,64,94,0,0,94,0,3,0,0,0,0,0,0
megaease__easeprobe,cyclonedx-gomod,98,0,60,94,4,0,94,4,3,98,0,60,94,4,0,94,4,3,0,0,0,4,0,0
krayzpipes__cronticker,syft,1,0,0,1,0,0,1,0,0,1,0,0,1,0,0,1,0,0,0,0,0,0,0,0
krayzpipes__cronticker,trivy,1,1,0,1,1,0,1,1,0,1,1,0,1,1,0,1,1,0,0,0,0,0,1,0
krayzpipes__cronticker,cdxgen,1,0,0,1,0,0,1,0,0,1,0,0,1,0,0,1,0,0,0,0,0,0,0,0
krayzpipes__cronticker,cyclonedx-gomod,1,0,0,1,0,0,1,0,0,1,0,0,1,0,0,1,0,0,0,0,0,0,0,0
bitfield__uptimerobot,syft,26,0,220,16,10,0,17,9,0,26,0,220,16,10,0,17,9,0,1,1,0,0,8,0
bitfield__uptimerobot,trivy,246,0,0,16,230,0,17,229,0,246,0,0,16,230,0,17,229,0,1,1,0,0,228,0
bitfield__uptimerobot,cdxgen,16,0,230,16,0,0,16,0,1,16,0,230,16,0,0,16,0,1,0,0,0,0,0,0
bitfield__uptimerobot,cyclonedx-gomod,19,0,227,16,3,0,16,3,1,19,0,227,16,3,0,16,3,1,0,1,0,0,2,0
tarent__loginsrv,syft,52,0,13,34,18,0,39,13,0,52,0,13,34,18,0,39,13,0,5,0,0,0,13,0
tarent__loginsrv,trivy,65,0,0,34,31,0,39,26,0,65,0,0,34,31,0,39,26,0,5,0,0,0,26,0
tarent__loginsrv,cdxgen,34,0,31,34,0,0,34,0,5,34,0,31,34,0,0,34,0,5,0,0,0,0,0,0
tarent__loginsrv,cyclonedx-gomod,34,0,31,34,0,0,34,0,5,34,0,31,34,0,0,34,0,5,0,0,0,0,0,0
bengadbois__pewpew,syft,30,0,8,19,11,0,19,11,0,30,0,8,19,11,0,19,11,0,0,1,0,1,9,0
bengadbois__pewpew,trivy,21,0,17,19,2,0,19,2,0,21,0,17,19,2,0,19,2,0,0,1,0,1,0,0
bengadbois__pewpew,cdxgen,19,0,19,19,0,0,19,0,0,19,0,19,19,0,0,19,0,0,0,0,0,0,0,0
bengadbois__pewpew,cyclonedx-gomod,20,0,18,19,1,0,19,1,0,20,0,18,19,1,0,19,1,0,0,1,0,0,0,0
BrianLeishman__go-imap,syft,30,0,7,26,4,0,26,4,0,30,0,7,26,4,0,26,4,0,0,0,0,0,4,0
BrianLeishman__go-imap,trivy,26,0,11,26,0,0,26,0,0,26,0,11,26,0,0,26,0,0,0,0,0,0,0,0
BrianLeishman__go-imap,cdxgen,26,0,11,26,0,0,26,0,0,26,0,11,26,0,0,26,0,0,0,0,0,0,0,0
BrianLeishman__go-imap,cyclonedx-gomod,26,0,11,26,0,0,26,0,0,26,0,11,26,0,0,26,0,0,0,0,0,0,0,0
pomerium__pomerium,syft,486,0,334,308,178,0,335,151,0,486,1,334,308,179,0,335,152,0,27,5,0,82,64,0
pomerium__pomerium,trivy,423,0,397,308,115,0,335,88,0,423,1,397,308,116,0,335,89,0,27,5,0,82,1,0
pomerium__pomerium,cdxgen,NA
pomerium__pomerium,cyclonedx-gomod,384,0,436,302,82,6,302,82,33,384,0,436,302,82,6,302,82,33,0,4,0,78,0,0
arduino__arduino-cli,syft,223,1,225,80,144,1,86,138,1,223,1,225,80,144,1,86,138,1,6,2,0,103,33,0
arduino__arduino-cli,trivy,191,1,257,80,112,1,86,106,1,191,1,257,80,112,1,86,106,1,6,2,0,103,1,0
arduino__arduino-cli,cdxgen,81,0,367,81,0,0,81,0,6,81,0,367,81,0,0,81,0,6,0,0,0,0,0,0
arduino__arduino-cli,cyclonedx-gomod,183,1,265,78,106,3,78,106,9,183,1,265,78,106,3,78,106,9,0,2,0,103,1,0
micro__go-micro,syft,118,2,109,78,42,0,92,28,0,118,4,109,78,44,0,92,30,0,14,0,1,6,19,2
micro__go-micro,trivy,99,1,128,78,22,0,92,8,0,99,1,128,78,22,0,92,8,0,14,0,1,6,0,1
micro__go-micro,cdxgen,78,0,149,78,0,0,78,0,14,78,0,149,78,0,0,78,0,14,0,0,0,0,0,0
micro__go-micro,cyclonedx-gomod,81,0,146,78,3,0,78,3,14,81,0,146,78,3,0,78,3,14,0,0,0,3,0,0
cilium__ebpf,syft,37,0,49,7,30,0,12,25,0,37,0,49,7,30,0,12,25,0,5,0,0,23,2,0
cilium__ebpf,trivy,35,0,51,7,28,0,12,23,0,35,0,51,7,28,0,12,23,0,5,0,0,23,0,0
cilium__ebpf,cdxgen,7,0,79,7,0,0,7,0,5,7,0,79,7,0,0,7,0,5,0,0,0,0,0,0
cilium__ebpf,cyclonedx-gomod,25,0,61,6,19,1,6,19,6,25,0,61,6,19,1,6,19,6,0,0,0,19,0,0
aurelien-rainone__go-rquad,syft,1,0,0,1,0,0,1,0,0,1,0,0,1,0,0,1,0,0,0,0,0,0,0,0
aurelien-rainone__go-rquad,trivy,1,0,0,1,0,0,1,0,0,1,0,0,1,0,0,1,0,0,0,0,0,0,0,0
aurelien-rainone__go-rquad,cdxgen,1,0,0,1,0,0,1,0,0,1,0,0,1,0,0,1,0,0,0,0,0,0,0,0
aurelien-rainone__go-rquad,cyclonedx-gomod,1,0,0,1,0,0,1,0,0,1,0,0,1,0,0,1,0,0,0,0,0,0,0,0
c-bata__goptuna,syft,32,24,22,19,37,0,19,37,0,30,28,24,19,39,0,19,39,0,0,1,0,1,9,26
c-bata__goptuna,trivy,23,21,31,19,25,0,19,25,0,21,23,33,19,25,0,19,25,0,0,1,0,1,1,22
c-bata__goptuna,cdxgen,NA
c-bata__goptuna,cyclonedx-gomod,20,0,34,19,1,0,19,1,0,20,0,34,19,1,0,19,1,0,0,1,0,0,0,0
Breeze0806__go-etl,syft,75,0,28,54,21,0,54,21,0,75,0,28,54,21,0,54,21,0,0,0,0,1,20,0
Breeze0806__go-etl,trivy,55,0,48,54,1,0,54,1,0,55,0,48,54,1,0,54,1,0,0,0,0,1,0,0
Breeze0806__go-etl,cdxgen,54,0,49,54,0,0,54,0,0,54,0,49,54,0,0,54,0,0,0,0,0,0,0,0
Breeze0806__go-etl,cyclonedx-gomod,55,0,48,54,1,0,54,1,0,55,0,48,54,1,0,54,1,0,0,0,0,1,0,0
loov__lensm,syft,20,0,19,13,7,0,13,7,0,20,0,19,13,7,0,13,7,0,0,0,0,1,6,0
loov__lensm,trivy,14,0,25,13,1,0,13,1,0,14,0,25,13,1,0,13,1,0,0,0,0,1,0,0
loov__lensm,cdxgen,13,0,26,13,0,0,13,0,0,13,0,26,13,0,0,13,0,0,0,0,0,0,0,0
loov__lensm,cyclonedx-gomod,14,0,25,13,1,0,13,1,0,14,0,25,13,1,0,13,1,0,0,0,0,1,0,0
chapar-rest__chapar,syft,95,0,47,62,33,0,65,30,0,95,0,47,62,33,0,65,30,0,3,1,0,8,21,0
chapar-rest__chapar,trivy,74,0,68,62,12,0,65,9,0,74,0,68,62,12,0,65,9,0,3,1,0,8,0,0
chapar-rest__chapar,cdxgen,74,0,68,62,12,0,65,9,0,74,0,68,62,12,0,65,9,0,3,1,0,8,0,0
chapar-rest__chapar,cyclonedx-gomod,64,0,78,62,2,0,62,2,3,64,0,78,62,2,0,62,2,3,0,1,0,1,0,0
VerizonDigital__vflow,syft,63,0,93,38,25,0,38,25,0,63,0,93,38,25,0,38,25,0,0,0,0,4,21,0
VerizonDigital__vflow,trivy,42,0,114,38,4,0,38,4,0,42,0,114,38,4,0,38,4,0,0,0,0,4,0,0
VerizonDigital__vflow,cdxgen,38,0,118,38,0,0,38,0,0,38,0,118,38,0,0,38,0,0,0,0,0,0,0,0
VerizonDigital__vflow,cyclonedx-gomod,39,0,117,38,1,0,38,1,0,39,0,117,38,1,0,38,1,0,0,0,0,1,0,0
gogpu__gogpu,syft,7,0,0,6,1,0,6,1,0,7,0,0,6,1,0,6,1,0,0,0,0,1,0,0
gogpu__gogpu,trivy,7,0,0,6,1,0,6,1,0,7,0,0,6,1,0,6,1,0,0,0,0,1,0,0
gogpu__gogpu,cdxgen,6,0,1,6,0,0,6,0,0,6,0,1,6,0,0,6,0,0,0,0,0,0,0,0
gogpu__gogpu,cyclonedx-gomod,7,0,0,6,1,0,6,1,0,7,0,0,6,1,0,6,1,0,0,0,0,1,0,0
Gituser143__cryptgo,syft,38,0,145,26,12,0,26,12,0,38,0,145,26,12,0,26,12,0,0,0,0,3,9,0
Gituser143__cryptgo,trivy,183,0,0,26,157,0,26,157,0,183,0,0,26,157,0,26,157,0,0,1,0,3,153,0
Gituser143__cryptgo,cdxgen,26,0,157,26,0,0,26,0,0,26,0,157,26,0,0,26,0,0,0,0,0,0,0,0
Gituser143__cryptgo,cyclonedx-gomod,27,0,156,26,1,0,26,1,0,27,0,156,26,1,0,26,1,0,0,1,0,0,0,0
wagoodman__dive,syft,122,0,26,83,39,0,98,24,0,122,0,26,83,39,0,98,24,0,15,2,0,9,13,0
wagoodman__dive,trivy,109,0,39,83,26,0,98,11,0,109,0,39,83,26,0,98,11,0,15,2,0,9,0,0
wagoodman__dive,cdxgen,83,0,65,83,0,0,83,0,15,83,0,65,83,0,0,83,0,15,0,0,0,0,0,0
wagoodman__dive,cyclonedx-gomod,84,0,64,81,3,2,81,3,17,84,0,64,81,3,2,81,3,17,0,2,0,1,0,0
gabstv__go-bsdiff,syft,1,0,0,1,0,0,1,0,0,1,0,0,1,0,0,1,0,0,0,0,0,0,0,0
gabstv__go-bsdiff,trivy,1,0,0,1,0,0,1,0,0,1,0,0,1,0,0,1,0,0,0,0,0,0,0,0
gabstv__go-bsdiff,cdxgen,1,0,0,1,0,0,1,0,0,1,0,0,1,0,0,1,0,0,0,0,0,0,0,0
gabstv__go-bsdiff,cyclonedx-gomod,1,0,0,1,0,0,1,0,0,1,0,0,1,0,0,1,0,0,0,0,0,0,0,0
jxskiss__mcli,syft,6,0,1,1,5,0,5,1,0,6,0,1,1,5,0,5,1,0,4,0,0,0,1,0
jxskiss__mcli,trivy,5,0,2,1,4,0,5,0,0,5,0,2,1,4,0,5,0,0,4,0,0,0,0,0
jxskiss__mcli,cdxgen,1,0,6,1,0,0,1,0,4,1,0,6,1,0,0,1,0,4,0,0,0,0,0,0
jxskiss__mcli,cyclonedx-gomod,1,0,6,1,0,0,1,0,4,1,0,6,1,0,0,1,0,4,0,0,0,0,0,0
mkideal__cli,syft,13,0,10,8,5,0,12,1,0,13,0,10,8,5,0,12,1,0,4,0,0,0,1,0
mkideal__cli,trivy,23,0,0,8,15,0,12,11,0,23,0,0,8,15,0,12,11,0,4,0,0,0,11,0
mkideal__cli,cdxgen,8,0,15,8,0,0,8,0,4,8,0,15,8,0,0,8,0,4,0,0,0,0,0,0
mkideal__cli,cyclonedx-gomod,8,0,15,8,0,0,8,0,4,8,0,15,8,0,0,8,0,4,0,0,0,0,0,0
google__go-github,syft,2,205,0,1,206,0,2,205,0,2,218,0,1,219,0,2,218,0,1,0,0,0,0,205
google__go-github,trivy,2,101,0,1,102,0,2,101,0,2,107,0,1,108,0,2,107,0,1,0,0,0,0,101
google__go-github,cdxgen,1,91,1,1,91,0,1,91,1,1,96,1,1,96,0,1,96,1,0,0,0,0,0,91
google__go-github,cyclonedx-gomod,1,0,1,1,0,0,1,0,1,1,0,1,1,0,0,1,0,1,0,0,0,0,0,0
kubernetes__minikube,syft,280,36,248,219,97,0,222,94,0,275,131,253,219,187,0,222,184,0,3,6,5,9,35,39
kubernetes__minikube,trivy,250,26,278,219,57,0,222,54,0,248,93,280,219,122,0,222,119,0,3,6,5,9,6,28
kubernetes__minikube,cdxgen,227,20,301,219,28,0,219,28,3,225,84,303,219,90,0,219,90,3,0,0,0,0,6,22
kubernetes__minikube,cyclonedx-gomod,229,0,299,214,15,5,214,15,8,229,0,299,214,15,5,214,15,8,0,6,3,6,0,0
dominikh__go-tools,syft,8,1,4,7,2,0,8,1,0,8,1,4,7,2,0,8,1,0,1,0,0,0,0,1
dominikh__go-tools,trivy,8,1,4,7,2,0,8,1,0,8,1,4,7,2,0,8,1,0,1,0,0,0,0,1
dominikh__go-tools,cdxgen,7,0,5,7,0,0,7,0,1,7,0,5,7,0,0,7,0,1,0,0,0,0,0,0
dominikh__go-tools,cyclonedx-gomod,7,0,5,7,0,0,7,0,1,7,0,5,7,0,0,7,0,1,0,0,0,0,0,0
mitchellh__packer,syft,474,3,385,375,102,1,375,102,1,474,46,385,375,145,1,375,145,1,0,9,0,9,82,2
mitchellh__packer,trivy,394,2,465,375,21,1,375,21,1,393,35,466,375,53,1,375,53,1,0,9,0,9,2,1
mitchellh__packer,cdxgen,376,0,483,376,0,0,376,0,0,376,33,483,376,33,0,376,33,0,0,0,0,0,0,0
mitchellh__packer,cyclonedx-gomod,389,1,470,372,18,4,372,18,4,389,1,470,372,18,4,372,18,4,0,9,0,8,1,0
cweill__gotests,syft,4,0,4,3,1,0,3,1,0,4,0,4,3,1,0,3,1,0,0,0,0,0,1,0
cweill__gotests,trivy,3,0,5,3,0,0,3,0,0,3,0,5,3,0,0,3,0,0,0,0,0,0,0,0
cweill__gotests,cdxgen,3,0,5,3,0,0,3,0,0,3,0,5,3,0,0,3,0,0,0,0,0,0,0,0
cweill__gotests,cyclonedx-gomod,3,0,5,3,0,0,3,0,0,3,0,5,3,0,0,3,0,0,0,0,0,0,0,0
confluentinc__confluent-kafka-go,syft,119,185,164,93,211,0,93,211,0,115,214,168,93,236,0,93,236,0,0,0,0,1,20,190
confluentinc__confluent-kafka-go,trivy,107,124,176,93,138,0,93,138,0,102,150,181,93,159,0,93,159,0,0,0,0,1,9,128
confluentinc__confluent-kafka-go,cdxgen,93,13,190,93,13,0,93,13,0,93,13,190,93,13,0,93,13,0,0,0,0,0,0,13
confluentinc__confluent-kafka-go,cyclonedx-gomod,94,0,189,93,1,0,93,1,0,94,0,189,93,1,0,93,1,0,0,0,0,1,0,0
FreeLeh__GoFreeDB,syft,29,0,64,16,13,0,22,7,0,29,0,64,16,13,0,22,7,0,6,0,0,1,6,0
FreeLeh__GoFreeDB,trivy,23,0,70,16,7,0,22,1,0,23,0,70,16,7,0,22,1,0,6,0,0,1,0,0
FreeLeh__GoFreeDB,cdxgen,16,0,77,16,0,0,16,0,6,16,0,77,16,0,0,16,0,6,0,0,0,0,0,0
FreeLeh__GoFreeDB,cyclonedx-gomod,17,0,76,16,1,0,16,1,6,17,0,76,16,1,0,16,1,6,0,0,0,1,0,0
yookoala__restit,syft,7,3,1,2,8,0,2,8,0,7,3,1,2,8,0,2,8,0,0,0,0,2,3,3
yookoala__restit,trivy,4,3,4,2,5,0,2,5,0,4,3,4,2,5,0,2,5,0,0,0,0,2,0,3
yookoala__restit,cdxgen,2,2,6,2,2,0,2,2,0,2,2,6,2,2,0,2,2,0,0,0,0,0,0,2
yookoala__restit,cyclonedx-gomod,2,0,6,2,0,0,2,0,0,2,0,6,2,0,0,2,0,0,0,0,0,0,0,0
stefanprodan__podinfo,syft,97,0,38,76,21,0,76,21,0,97,0,38,76,21,0,76,21,0,0,1,0,0,20,0
stefanprodan__podinfo,trivy,77,0,58,76,1,0,76,1,0,77,0,58,76,1,0,76,1,0,0,1,0,0,0,0
stefanprodan__podinfo,cdxgen,76,0,59,76,0,0,76,0,0,76,0,59,76,0,0,76,0,0,0,0,0,0,0,0
stefanprodan__podinfo,cyclonedx-gomod,77,0,58,76,1,0,76,1,0,77,0,58,76,1,0,76,1,0,0,1,0,0,0,0
dtgorski__typex,syft,4,0,2,3,1,0,3,1,0,4,0,2,3,1,0,3,1,0,0,0,0,0,0,2
dtgorski__typex,trivy,3,0,3,3,0,0,3,0,0,3,0,3,3,0,0,3,0,0,0,0,0,0,0,1
dtgorski__typex,cdxgen,3,0,3,3,0,0,3,0,0,3,0,3,3,0,0,3,0,0,0,0,0,0,0,0
dtgorski__typex,cyclonedx-gomod,3,0,3,3,0,0,3,0,0,3,0,3,3,0,0,3,0,0,0,0,0,0,0,0
benmanns__goworker,syft,9,0,4,4,5,0,4,5,0,9,0,4,4,5,0,4,5,0,0,0,0,0,5,0
benmanns__goworker,trivy,13,0,0,4,9,0,4,9,0,13,0,0,4,9,0,4,9,0,0,0,0,0,9,0
benmanns__goworker,cdxgen,4,0,9,4,0,0,4,0,0,4,0,9,4,0,0,4,0,0,0,0,0,0,0,0
benmanns__goworker,cyclonedx-gomod,4,0,9,4,0,0,4,0,0,4,0,9,4,0,0,4,0,0,0,0,0,0,0,0
robinjoseph08__go-pg-migrations,syft,44,0,30,11,33,0,15,29,0,44,0,30,11,33,0,15,29,0,4,0,2,15,12,0
robinjoseph08__go-pg-migrations,trivy,32,0,42,11,21,0,15,17,0,32,0,42,11,21,0,15,17,0,4,0,2,15,0,0
robinjoseph08__go-pg-migrations,cdxgen,11,0,63,11,0,0,11,0,4,11,0,63,11,0,0,11,0,4,0,0,0,0,0,0
robinjoseph08__go-pg-migrations,cyclonedx-gomod,28,0,46,11,17,0,11,17,4,28,0,46,11,17,0,11,17,4,0,0,2,15,0,0
adnanh__webhook,syft,15,0,5,10,5,0,10,5,0,15,0,5,10,5,0,10,5,0,0,1,0,3,1,0
adnanh__webhook,trivy,14,0,6,10,4,0,10,4,0,14,0,6,10,4,0,10,4,0,0,1,0,3,0,0
adnanh__webhook,cdxgen,14,0,6,10,4,0,10,4,0,14,0,6,10,4,0,10,4,0,0,1,0,3,0,0
adnanh__webhook,cyclonedx-gomod,11,0,9,10,1,0,10,1,0,11,0,9,10,1,0,10,1,0,0,1,0,0,0,0
etcd-io__bbolt,syft,16,0,49,7,9,0,9,7,0,16,0,49,7,9,0,9,7,0,2,1,0,4,2,0
etcd-io__bbolt,trivy,14,0,51,7,7,0,9,5,0,14,0,51,7,7,0,9,5,0,2,1,0,4,0,0
etcd-io__bbolt,cdxgen,7,0,58,7,0,0,7,0,2,7,0,58,7,0,0,7,0,2,0,0,0,0,0,0
etcd-io__bbolt,cyclonedx-gomod,10,0,55,4,6,3,5,5,4,10,0,55,4,6,3,5,5,4,1,1,0,4,0,0
tiendc__gofn,syft,6,0,1,1,5,0,5,1,0,6,0,1,1,5,0,5,1,0,4,0,0,0,1,0
tiendc__gofn,trivy,5,0,2,1,4,0,5,0,0,5,0,2,1,4,0,5,0,0,4,0,0,0,0,0
tiendc__gofn,cdxgen,1,0,6,1,0,0,1,0,4,1,0,6,1,0,0,1,0,4,0,0,0,0,0,0
tiendc__gofn,cyclonedx-gomod,1,0,6,1,0,0,1,0,4,1,0,6,1,0,0,1,0,4,0,0,0,0,0,0
pioz__countries,syft,5,0,1,1,4,0,4,1,0,5,0,1,1,4,0,4,1,0,3,0,0,0,1,0
pioz__countries,trivy,4,0,2,1,3,0,4,0,0,4,0,2,1,3,0,4,0,0,3,0,0,0,0,0
pioz__countries,cdxgen,1,0,5,1,0,0,1,0,3,1,0,5,1,0,0,1,0,3,0,0,0,0,0,0
pioz__countries,cyclonedx-gomod,1,0,5,1,0,0,1,0,3,1,0,5,1,0,0,1,0,3,0,0,0,0,0,0
cdipaolo__goml,syft,6,0,2,1,5,0,5,1,0,6,0,2,1,5,0,5,1,0,4,0,0,0,1,0
cdipaolo__goml,trivy,5,0,3,1,4,0,5,0,0,5,0,3,1,4,0,5,0,0,4,0,0,0,0,0
cdipaolo__goml,cdxgen,1,0,7,1,0,0,1,0,4,1,0,7,1,0,0,1,0,4,0,0,0,0,0,0
cdipaolo__goml,cyclonedx-gomod,1,0,7,1,0,0,1,0,4,1,0,7,1,0,0,1,0,4,0,0,0,0,0,0
bsm__redeo,syft,3,0,0,1,2,0,3,0,0,3,0,0,1,2,0,3,0,0,2,0,0,0,0,0
bsm__redeo,trivy,3,0,0,1,2,0,3,0,0,3,0,0,1,2,0,3,0,0,2,0,0,0,0,0
bsm__redeo,cdxgen,1,0,2,1,0,0,1,0,2,1,0,2,1,0,0,1,0,2,0,0,0,0,0,0
bsm__redeo,cyclonedx-gomod,1,0,2,1,0,0,1,0,2,1,0,2,1,0,0,1,0,2,0,0,0,0,0,0
cucumber__godog,syft,17,6,6,12,11,0,12,11,0,17,8,6,12,13,0,12,13,0,0,1,0,2,2,6
cucumber__godog,trivy,23,15,0,12,26,0,12,26,0,23,16,0,12,27,0,12,27,0,0,1,0,2,6,17
cucumber__godog,cdxgen,12,2,11,12,2,0,12,2,0,12,2,11,12,2,0,12,2,0,0,0,0,0,0,2
cucumber__godog,cyclonedx-gomod,10,0,13,9,1,3,9,1,3,10,0,13,9,1,3,9,1,3,0,1,0,0,0,0
mattn__go-colorable,syft,2,0,0,2,0,0,2,0,0,2,0,0,2,0,0,2,0,0,0,0,0,0,0,0
mattn__go-colorable,trivy,2,0,0,2,0,0,2,0,0,2,0,0,2,0,0,2,0,0,0,0,0,0,0,0
mattn__go-colorable,cdxgen,2,0,0,2,0,0,2,0,0,2,0,0,2,0,0,2,0,0,0,0,0,0,0,0
mattn__go-colorable,cyclonedx-gomod,2,0,0,2,0,0,2,0,0,2,0,0,2,0,0,2,0,0,0,0,0,0,0,0
ovh__cds,syft,406,35,359,309,132,4,312,129,4,402,68,363,309,161,4,312,158,4,3,4,1,9,82,33
ovh__cds,trivy,334,32,431,309,57,4,312,54,4,329,58,436,309,78,4,312,75,4,3,4,1,9,10,30
ovh__cds,cdxgen,318,14,447,313,19,0,313,19,3,315,29,450,313,31,0,313,31,3,0,0,0,0,2,17
ovh__cds,cyclonedx-gomod,316,5,449,308,13,5,308,13,8,314,7,451,306,15,7,306,15,10,0,4,0,4,5,0
facebook__ent,syft,62,20,29,37,45,0,44,38,0,53,44,38,37,60,0,44,53,0,7,1,0,4,12,21
facebook__ent,trivy,57,11,34,37,31,0,44,24,0,49,29,42,37,41,0,44,34,0,7,1,0,4,8,11
facebook__ent,cdxgen,44,7,47,37,14,0,38,13,6,38,20,53,37,21,0,38,20,6,1,0,0,0,6,7
facebook__ent,cyclonedx-gomod,36,0,55,35,1,2,35,1,9,36,0,55,35,1,2,35,1,9,0,1,0,0,0,0
txn2__kubefwd,syft,139,2,58,105,36,0,105,36,0,139,2,58,105,36,0,105,36,0,0,3,0,8,23,2
txn2__kubefwd,trivy,116,3,81,105,14,0,105,14,0,116,3,81,105,14,0,105,14,0,0,3,0,8,0,3
txn2__kubefwd,cdxgen,105,2,92,105,2,0,105,2,0,105,2,92,105,2,0,105,2,0,0,0,0,0,0,2
txn2__kubefwd,cyclonedx-gomod,115,0,82,104,11,1,104,11,1,115,0,82,104,11,1,104,11,1,0,3,0,8,0,0
deckarep__golang-set,syft,3,0,10,1,2,0,1,2,0,3,0,10,1,2,0,1,2,0,0,0,0,0,2,0
deckarep__golang-set,trivy,3,0,10,1,2,0,1,2,0,3,0,10,1,2,0,1,2,0,0,0,0,0,2,0
deckarep__golang-set,cdxgen,1,0,12,1,0,0,1,0,0,1,0,12,1,0,0,1,0,0,0,0,0,0,0,0
deckarep__golang-set,cyclonedx-gomod,1,0,12,1,0,0,1,0,0,1,0,12,1,0,0,1,0,0,0,0,0,0,0,0
dunglas__frankenphp,syft,77,184,16,41,220,0,44,217,0,76,187,17,41,222,0,44,219,0,3,0,0,12,14,191
dunglas__frankenphp,trivy,70,139,23,41,168,0,44,165,0,69,140,24,41,168,0,44,165,0,3,0,0,12,7,146
dunglas__frankenphp,cdxgen,58,135,35,41,152,0,43,150,1,57,136,36,41,152,0,43,150,1,2,0,0,4,7,139
dunglas__frankenphp,cyclonedx-gomod,53,0,40,41,12,0,42,11,2,53,0,40,41,12,0,42,11,2,1,0,0,11,0,0
VictoriaMetrics__fastcache,syft,7,0,1,3,4,0,4,3,0,7,0,1,3,4,0,4,3,0,1,0,0,2,1,0
VictoriaMetrics__fastcache,trivy,6,0,2,3,3,0,4,2,0,6,0,2,3,3,0,4,2,0,1,0,0,2,0,0
VictoriaMetrics__fastcache,cdxgen,6,0,2,3,3,0,4,2,0,6,0,2,3,3,0,4,2,0,1,0,0,2,0,0
VictoriaMetrics__fastcache,cyclonedx-gomod,3,0,5,3,0,0,3,0,1,3,0,5,3,0,0,3,0,1,0,0,0,0,0,0
box-cli-maker__box-cli-maker,syft,12,0,7,11,1,0,11,1,0,12,0,7,11,1,0,11,1,0,0,0,0,0,0,2
box-cli-maker__box-cli-maker,trivy,12,0,7,11,1,0,11,1,0,12,0,7,11,1,0,11,1,0,0,0,0,0,0,2
box-cli-maker__box-cli-maker,cdxgen,11,0,8,11,0,0,11,0,0,11,0,8,11,0,0,11,0,0,0,0,0,0,0,0
box-cli-maker__box-cli-maker,cyclonedx-gomod,11,0,8,11,0,0,11,0,0,11,0,8,11,0,0,11,0,0,0,0,0,0,0,0
rookie-ninja__rk-boot,syft,84,126,84,34,176,0,37,173,0,82,159,86,34,207,0,37,204,0,3,0,0,3,18,152
rookie-ninja__rk-boot,trivy,75,108,93,34,149,0,37,146,0,74,130,94,34,170,0,37,167,0,3,0,0,3,10,133
rookie-ninja__rk-boot,cdxgen,NA
rookie-ninja__rk-boot,cyclonedx-gomod,37,0,131,34,3,0,34,3,3,37,0,131,34,3,0,34,3,3,0,0,0,3,0,0
DarthPestilane__easytcp,syft,20,0,10,11,9,0,15,5,0,20,0,10,11,9,0,15,5,0,4,0,1,2,2,0
DarthPestilane__easytcp,trivy,18,0,12,11,7,0,15,3,0,18,0,12,11,7,0,15,3,0,4,0,1,2,0,0
DarthPestilane__easytcp,cdxgen,11,0,19,11,0,0,11,0,4,11,0,19,11,0,0,11,0,4,0,0,0,0,0,0
DarthPestilane__easytcp,cyclonedx-gomod,14,0,16,11,3,0,11,3,4,14,0,16,11,3,0,11,3,4,0,0,1,2,0,0
sanbornm__go-selfupdate,syft,1,0,0,1,0,0,1,0,0,1,0,0,1,0,0,1,0,0,0,0,0,0,0,0
sanbornm__go-selfupdate,trivy,1,0,0,1,0,0,1,0,0,1,0,0,1,0,0,1,0,0,0,0,0,0,0,0
sanbornm__go-selfupdate,cdxgen,1,0,0,1,0,0,1,0,0,1,0,0,1,0,0,1,0,0,0,0,0,0,0,0
sanbornm__go-selfupdate,cyclonedx-gomod,1,0,0,1,0,0,1,0,0,1,0,0,1,0,0,1,0,0,0,0,0,0,0,0
airbusgeo__godal,syft,72,0,246,51,21,0,55,17,0,72,0,246,51,21,0,55,17,0,4,1,0,1,15,0
airbusgeo__godal,trivy,57,0,261,51,6,0,55,2,0,57,0,261,51,6,0,55,2,0,4,1,0,1,0,0
airbusgeo__godal,cdxgen,51,0,267,51,0,0,51,0,4,51,0,267,51,0,0,51,0,4,0,0,0,0,0,0
airbusgeo__godal,cyclonedx-gomod,50,0,268,48,2,3,48,2,7,50,0,268,48,2,3,48,2,7,0,1,0,1,0,0
antchfx__xmlquery,syft,4,0,10,4,0,0,4,0,0,4,0,10,4,0,0,4,0,0,0,0,0,0,0,0
antchfx__xmlquery,trivy,14,0,0,4,10,0,4,10,0,14,0,0,4,10,0,4,10,0,0,0,0,0,10,0
antchfx__xmlquery,cdxgen,4,0,10,4,0,0,4,0,0,4,0,10,4,0,0,4,0,0,0,0,0,0,0,0
antchfx__xmlquery,cyclonedx-gomod,4,0,10,4,0,0,4,0,0,4,0,10,4,0,0,4,0,0,0,0,0,0,0,0
Workiva__go-datastructures,syft,8,0,10,7,1,0,7,1,0,8,0,10,7,1,0,7,1,0,0,0,0,0,1,0
Workiva__go-datastructures,trivy,18,0,0,7,11,0,7,11,0,18,0,0,7,11,0,7,11,0,0,0,0,0,11,0
Workiva__go-datastructures,cdxgen,7,0,11,7,0,0,7,0,0,7,0,11,7,0,0,7,0,0,0,0,0,0,0,0
Workiva__go-datastructures,cyclonedx-gomod,6,0,12,6,0,1,6,0,1,6,0,12,6,0,1,6,0,1,0,0,0,0,0,0
ncruces__go-sqlite3,syft,12,6,5,10,8,0,12,6,0,12,8,5,10,10,0,12,8,0,2,0,0,0,0,6
ncruces__go-sqlite3,trivy,12,4,5,10,6,0,12,4,0,12,6,5,10,8,0,12,6,0,2,0,0,0,0,4
ncruces__go-sqlite3,cdxgen,10,3,7,10,3,0,10,3,2,10,5,7,10,5,0,10,5,2,0,0,0,0,0,3
ncruces__go-sqlite3,cyclonedx-gomod,10,0,7,10,0,0,10,0,2,10,0,7,10,0,0,10,0,2,0,0,0,0,0,0
HDT3213__rdb,syft,12,0,6,7,5,0,7,5,0,12,0,6,7,5,0,7,5,0,0,0,0,1,4,0
HDT3213__rdb,trivy,8,0,10,7,1,0,7,1,0,8,0,10,7,1,0,7,1,0,0,0,0,1,0,0
HDT3213__rdb,cdxgen,7,0,11,7,0,0,7,0,0,7,0,11,7,0,0,7,0,0,0,0,0,0,0,0
HDT3213__rdb,cyclonedx-gomod,8,0,10,7,1,0,7,1,0,8,0,10,7,1,0,7,1,0,0,0,0,1,0,0
linxGnu__mssqlx,syft,12,0,1,6,6,0,10,2,0,12,0,1,6,6,0,10,2,0,4,0,0,0,2,0
linxGnu__mssqlx,trivy,10,0,3,6,4,0,10,0,0,10,0,3,6,4,0,10,0,0,4,0,0,0,0,0
linxGnu__mssqlx,cdxgen,6,0,7,6,0,0,6,0,4,6,0,7,6,0,0,6,0,4,0,0,0,0,0,0
linxGnu__mssqlx,cyclonedx-gomod,6,0,7,6,0,0,6,0,4,6,0,7,6,0,0,6,0,4,0,0,0,0,0,0
krotik__ecal,syft,1,3,0,1,3,0,1,3,0,1,5,0,1,5,0,1,5,0,0,0,0,0,0,3
krotik__ecal,trivy,1,3,0,1,3,0,1,3,0,1,4,0,1,4,0,1,4,0,0,0,0,0,0,3
krotik__ecal,cdxgen,1,2,0,1,2,0,1,2,0,1,2,0,1,2,0,1,2,0,0,0,0,0,0,2
krotik__ecal,cyclonedx-gomod,1,0,0,1,0,0,1,0,0,1,0,0,1,0,0,1,0,0,0,0,0,0,0,0
oaswrap__spec,syft,139,0,58,7,132,0,7,132,0,139,0,58,7,132,0,7,132,0,0,0,0,3,1,128
oaswrap__spec,trivy,113,0,84,7,106,0,7,106,0,113,0,84,7,106,0,7,106,0,0,0,0,3,1,102
oaswrap__spec,cdxgen,78,0,119,7,71,0,7,71,0,78,0,119,7,71,0,7,71,0,0,0,0,0,0,71
oaswrap__spec,cyclonedx-gomod,107,0,90,5,102,2,5,102,2,107,0,90,5,102,2,5,102,2,0,0,0,0,0,102
sashamelentyev__usestdlibvars,syft,4,0,4,3,1,0,3,1,0,4,0,4,3,1,0,3,1,0,0,0,0,0,1,0
sashamelentyev__usestdlibvars,trivy,3,0,5,3,0,0,3,0,0,3,0,5,3,0,0,3,0,0,0,0,0,0,0,0
sashamelentyev__usestdlibvars,cdxgen,3,0,5,3,0,0,3,0,0,3,0,5,3,0,0,3,0,0,0,0,0,0,0,0
sashamelentyev__usestdlibvars,cyclonedx-gomod,2,0,6,2,0,1,2,0,1,2,0,6,2,0,1,2,0,1,0,0,0,0,0,0
oracle__coherence-go-client,syft,17,10,23,7,20,0,7,20,0,17,16,23,7,26,0,7,26,0,0,0,0,0,10,10
oracle__coherence-go-client,trivy,NA
oracle__coherence-go-client,cdxgen,8,3,32,7,4,0,7,4,0,8,9,32,7,10,0,7,10,0,0,0,0,0,1,3
oracle__coherence-go-client,cyclonedx-gomod,7,0,33,7,0,0,7,0,0,7,0,33,7,0,0,7,0,0,0,0,0,0,0,0
gobeam__mongo-go-pagination,syft,22,0,33,12,10,0,12,10,0,22,0,33,12,10,0,12,10,0,0,0,0,0,10,0
gobeam__mongo-go-pagination,trivy,55,0,0,12,43,0,12,43,0,55,0,0,12,43,0,12,43,0,0,0,0,0,43,0
gobeam__mongo-go-pagination,cdxgen,12,0,43,12,0,0,12,0,0,12,0,43,12,0,0,12,0,0,0,0,0,0,0,0
gobeam__mongo-go-pagination,cyclonedx-gomod,12,0,43,12,0,0,12,0,0,12,0,43,12,0,0,12,0,0,0,0,0,0,0,0
rsteube__carapace-spec,syft,17,1,3,5,13,0,5,13,0,17,1,3,5,13,0,5,13,0,0,1,0,0,1,11
rsteube__carapace-spec,trivy,13,1,7,5,9,0,5,9,0,13,1,7,5,9,0,5,9,0,0,1,0,0,0,8
rsteube__carapace-spec,cdxgen,11,0,9,5,6,0,5,6,0,11,0,9,5,6,0,5,6,0,0,0,0,0,0,6
rsteube__carapace-spec,cyclonedx-gomod,12,1,8,4,9,1,4,9,1,12,1,8,4,9,1,4,9,1,0,1,0,0,0,8
Konstantin8105__c4go,syft,8,0,0,4,4,0,8,0,0,8,0,0,4,4,0,8,0,0,4,0,0,0,0,0
Konstantin8105__c4go,trivy,8,0,0,4,4,0,8,0,0,8,0,0,4,4,0,8,0,0,4,0,0,0,0,0
Konstantin8105__c4go,cdxgen,8,0,0,4,4,0,8,0,0,8,0,0,4,4,0,8,0,0,4,0,0,0,0,0
Konstantin8105__c4go,cyclonedx-gomod,4,0,4,4,0,0,4,0,4,4,0,4,4,0,0,4,0,4,0,0,0,0,0,0
alibaba__opentelemetry-go-auto-instrumentation,syft,119,764,11,52,831,0,54,829,0,118,1285,12,52,1351,0,54,1349,0,2,4,0,7,51,767
alibaba__opentelemetry-go-auto-instrumentation,trivy,109,668,21,52,725,0,54,723,0,92,1081,38,52,1121,0,54,1119,0,2,4,0,7,43,669
alibaba__opentelemetry-go-auto-instrumentation,cdxgen,NA
alibaba__opentelemetry-go-auto-instrumentation,cyclonedx-gomod,57,0,73,50,7,2,50,7,4,57,0,73,50,7,2,50,7,4,0,4,0,3,0,0
Zxilly__go-size-analyzer,syft,69,0,52,57,12,0,61,8,0,69,0,52,57,12,0,61,8,0,4,0,1,2,5,0
Zxilly__go-size-analyzer,trivy,64,0,57,57,7,0,61,3,0,64,0,57,57,7,0,61,3,0,4,0,1,2,0,0
Zxilly__go-size-analyzer,cdxgen,64,0,57,57,7,0,61,3,0,64,0,57,57,7,0,61,3,0,4,0,1,2,0,0
Zxilly__go-size-analyzer,cyclonedx-gomod,55,0,66,54,1,3,54,1,7,55,0,66,54,1,3,54,1,7,0,0,1,0,0,0
h2non__imaginary,syft,13,0,31,5,8,0,5,8,0,13,0,31,5,8,0,5,8,0,0,0,0,0,8,0
h2non__imaginary,trivy,44,0,0,5,39,0,5,39,0,44,0,0,5,39,0,5,39,0,0,0,0,0,39,0
h2non__imaginary,cdxgen,5,0,39,5,0,0,5,0,0,5,0,39,5,0,0,5,0,0,0,0,0,0,0,0
h2non__imaginary,cyclonedx-gomod,5,0,39,5,0,0,5,0,0,5,0,39,5,0,0,5,0,0,0,0,0,0,0,0
mehrdadrad__tcpdog,syft,NA
mehrdadrad__tcpdog,trivy,NA
mehrdadrad__tcpdog,cdxgen,NA
mehrdadrad__tcpdog,cyclonedx-gomod,NA
emperror__errors,syft,6,0,1,3,3,0,3,3,0,6,0,1,3,3,0,3,3,0,0,0,0,0,3,0
emperror__errors,trivy,7,0,0,3,4,0,3,4,0,7,0,0,3,4,0,3,4,0,0,0,0,0,4,0
emperror__errors,cdxgen,3,0,4,3,0,0,3,0,0,3,0,4,3,0,0,3,0,0,0,0,0,0,0,0
emperror__errors,cyclonedx-gomod,3,0,4,3,0,0,3,0,0,3,0,4,3,0,0,3,0,0,0,0,0,0,0,0
augmentable-dev__tickgit,syft,39,0,86,19,20,0,19,20,0,39,0,86,19,20,0,19,20,0,0,0,0,0,20,0
augmentable-dev__tickgit,trivy,125,0,0,19,106,0,19,106,0,125,0,0,19,106,0,19,106,0,0,1,0,0,105,0
augmentable-dev__tickgit,cdxgen,19,0,106,19,0,0,19,0,0,19,0,106,19,0,0,19,0,0,0,0,0,0,0,0
augmentable-dev__tickgit,cyclonedx-gomod,21,0,104,19,2,0,19,2,0,21,0,104,19,2,0,19,2,0,0,1,0,0,1,0
antham__ghokin,syft,34,0,8,23,11,0,27,7,0,34,0,8,23,11,0,27,7,0,4,1,0,0,6,0
antham__ghokin,trivy,28,0,14,23,5,0,27,1,0,28,0,14,23,5,0,27,1,0,4,1,0,0,0,0
antham__ghokin,cdxgen,23,0,19,23,0,0,23,0,4,23,0,19,23,0,0,23,0,4,0,0,0,0,0,0
antham__ghokin,cyclonedx-gomod,24,0,18,23,1,0,23,1,4,24,0,18,23,1,0,23,1,4,0,1,0,0,0,0
lingrino__vaku,syft,82,0,88,25,57,0,67,15,0,82,0,88,25,57,0,67,15,0,42,1,0,2,12,0
lingrino__vaku,trivy,70,0,100,25,45,0,67,3,0,70,0,100,25,45,0,67,3,0,42,1,0,2,0,0
lingrino__vaku,cdxgen,25,0,145,25,0,0,25,0,42,25,0,145,25,0,0,25,0,42,0,0,0,0,0,0
lingrino__vaku,cyclonedx-gomod,26,0,144,25,1,0,25,1,42,26,0,144,25,1,0,25,1,42,0,1,0,0,0,0
jfilipczyk__gomatch,syft,4,0,1,1,3,0,4,0,0,4,0,1,1,3,0,4,0,0,3,0,0,0,0,0
jfilipczyk__gomatch,trivy,5,0,0,1,4,0,4,1,0,5,0,0,1,4,0,4,1,0,3,0,0,0,1,0
jfilipczyk__gomatch,cdxgen,1,0,4,1,0,0,1,0,3,1,0,4,1,0,0,1,0,3,0,0,0,0,0,0
jfilipczyk__gomatch,cyclonedx-gomod,1,0,4,1,0,0,1,0,3,1,0,4,1,0,0,1,0,3,0,0,0,0,0,0
posener__cmd,syft,10,0,2,5,5,0,9,1,0,10,0,2,5,5,0,9,1,0,4,0,0,0,1,0
posener__cmd,trivy,12,0,0,5,7,0,9,3,0,12,0,0,5,7,0,9,3,0,4,0,0,0,3,0
posener__cmd,cdxgen,5,0,7,5,0,0,5,0,4,5,0,7,5,0,0,5,0,4,0,0,0,0,0,0
posener__cmd,cyclonedx-gomod,5,0,7,5,0,0,5,0,4,5,0,7,5,0,0,5,0,4,0,0,0,0,0,0
hprose__hprose-golang,syft,17,0,9,12,5,0,16,1,0,17,0,9,12,5,0,16,1,0,4,0,0,0,1,0
hprose__hprose-golang,trivy,26,0,0,12,14,0,16,10,0,26,0,0,12,14,0,16,10,0,4,0,0,0,10,0
hprose__hprose-golang,cdxgen,12,0,14,12,0,0,12,0,4,12,0,14,12,0,0,12,0,4,0,0,0,0,0,0
hprose__hprose-golang,cyclonedx-gomod,12,0,14,12,0,0,12,0,4,12,0,14,12,0,0,12,0,4,0,0,0,0,0,0
inancgumus__learngo,syft,10,0,2,10,0,0,10,0,0,10,0,2,10,0,0,10,0,0,0,0,0,0,0,0
inancgumus__learngo,trivy,12,0,0,10,2,0,10,2,0,12,0,0,10,2,0,10,2,0,0,0,0,0,2,0
inancgumus__learngo,cdxgen,6,0,6,6,0,4,6,0,4,6,0,6,6,0,4,6,0,4,0,0,0,0,0,0
inancgumus__learngo,cyclonedx-gomod,10,0,2,10,0,0,10,0,0,10,0,2,10,0,0,10,0,0,0,0,0,0,0,0
alexeyco__simpletable,syft,2,0,0,2,0,0,2,0,0,2,0,0,2,0,0,2,0,0,0,0,0,0,0,0
alexeyco__simpletable,trivy,2,0,0,2,0,0,2,0,0,2,0,0,2,0,0,2,0,0,0,0,0,0,0,0
alexeyco__simpletable,cdxgen,2,0,0,2,0,0,2,0,0,2,0,0,2,0,0,2,0,0,0,0,0,0,0,0
alexeyco__simpletable,cyclonedx-gomod,2,0,0,2,0,0,2,0,0,2,0,0,2,0,0,2,0,0,0,0,0,0,0,0
appleboy__drone-line,syft,40,0,19,32,8,0,36,4,0,40,0,19,32,8,0,36,4,0,4,0,0,0,4,0
appleboy__drone-line,trivy,59,0,0,32,27,0,36,23,0,59,0,0,32,27,0,36,23,0,4,0,0,0,23,0
appleboy__drone-line,cdxgen,32,0,27,32,0,0,32,0,4,32,0,27,32,0,0,32,0,4,0,0,0,0,0,0
appleboy__drone-line,cyclonedx-gomod,32,0,27,32,0,0,32,0,4,32,0,27,32,0,0,32,0,4,0,0,0,0,0,0
gofr-dev__gofr,syft,288,0,302,93,195,0,100,188,0,285,15,305,93,207,0,100,200,0,7,2,0,3,36,147
gofr-dev__gofr,trivy,244,0,346,93,151,0,100,144,0,243,12,347,93,162,0,100,155,0,7,2,0,3,10,129
gofr-dev__gofr,cdxgen,193,0,397,93,100,0,93,100,7,193,0,397,93,100,0,93,100,7,0,1,0,1,5,93
gofr-dev__gofr,cyclonedx-gomod,224,0,366,93,131,0,93,131,7,224,0,366,93,131,0,93,131,7,0,2,0,1,7,121
paololazzari__play,syft,19,0,12,14,5,0,14,5,0,19,0,12,14,5,0,14,5,0,0,1,0,0,4,0
paololazzari__play,trivy,15,0,16,14,1,0,14,1,0,15,0,16,14,1,0,14,1,0,0,1,0,0,0,0
paololazzari__play,cdxgen,14,0,17,14,0,0,14,0,0,14,0,17,14,0,0,14,0,0,0,0,0,0,0,0
paololazzari__play,cyclonedx-gomod,15,0,16,14,1,0,14,1,0,15,0,16,14,1,0,14,1,0,0,1,0,0,0,0
dagu-go__dagu,syft,557,0,358,281,276,0,281,276,0,557,0,358,281,276,0,281,276,0,0,14,8,195,59,0
dagu-go__dagu,trivy,NA
dagu-go__dagu,cdxgen,NA
dagu-go__dagu,cyclonedx-gomod,NA
ktr0731__evans,syft,222,0,338,55,167,0,65,157,0,222,0,338,55,167,0,65,157,0,10,2,5,130,20,0
ktr0731__evans,trivy,202,0,358,55,147,0,65,137,0,202,0,358,55,147,0,65,137,0,10,2,5,130,0,0
ktr0731__evans,cdxgen,55,0,505,55,0,0,55,0,10,55,0,505,55,0,0,55,0,10,0,0,0,0,0,0
ktr0731__evans,cyclonedx-gomod,190,0,370,55,135,0,56,134,9,190,0,370,55,135,0,56,134,9,1,2,5,127,0,0
z7zmey__php-parser,syft,6,0,0,2,4,0,5,1,0,6,0,0,2,4,0,5,1,0,3,0,0,0,1,0
z7zmey__php-parser,trivy,6,0,0,2,4,0,5,1,0,6,0,0,2,4,0,5,1,0,3,0,0,0,1,0
z7zmey__php-parser,cdxgen,2,0,4,2,0,0,2,0,3,2,0,4,2,0,0,2,0,3,0,0,0,0,0,0
z7zmey__php-parser,cyclonedx-gomod,2,0,4,2,0,0,2,0,3,2,0,4,2,0,0,2,0,3,0,0,0,0,0,0
Ad3bay0c__routex,syft,54,0,35,33,21,0,39,15,0,54,0,35,33,21,0,39,15,0,6,0,0,0,15,0
Ad3bay0c__routex,trivy,39,0,50,33,6,0,39,0,0,39,0,50,33,6,0,39,0,0,6,0,0,0,0,0
Ad3bay0c__routex,cdxgen,33,0,56,33,0,0,33,0,6,33,0,56,33,0,0,33,0,6,0,0,0,0,0,0
Ad3bay0c__routex,cyclonedx-gomod,33,0,56,33,0,0,33,0,6,33,0,56,33,0,0,33,0,6,0,0,0,0,0,0
gotidy__copy,syft,1,0,0,1,0,0,1,0,0,1,0,0,1,0,0,1,0,0,0,0,0,0,0,0
gotidy__copy,trivy,1,0,0,1,0,0,1,0,0,1,0,0,1,0,0,1,0,0,0,0,0,0,0,0
gotidy__copy,cdxgen,1,0,0,1,0,0,1,0,0,1,0,0,1,0,0,1,0,0,0,0,0,0,0,0
gotidy__copy,cyclonedx-gomod,1,0,0,1,0,0,1,0,0,1,0,0,1,0,0,1,0,0,0,0,0,0,0,0
goxjs__glfw,syft,1,0,0,1,0,0,1,0,0,1,0,0,1,0,0,1,0,0,0,0,0,0,0,0
goxjs__glfw,trivy,1,0,0,1,0,0,1,0,0,1,0,0,1,0,0,1,0,0,0,0,0,0,0,0
goxjs__glfw,cdxgen,1,0,0,1,0,0,1,0,0,1,0,0,1,0,0,1,0,0,0,0,0,0,0,0
goxjs__glfw,cyclonedx-gomod,1,0,0,1,0,0,1,0,0,1,0,0,1,0,0,1,0,0,0,0,0,0,0,0
baalimago__wd-41,syft,4,0,4,4,0,0,4,0,0,4,0,4,4,0,0,4,0,0,0,0,0,0,0,0
baalimago__wd-41,trivy,4,0,4,4,0,0,4,0,0,4,0,4,4,0,0,4,0,0,0,0,0,0,0,0
baalimago__wd-41,cdxgen,4,0,4,4,0,0,4,0,0,4,0,4,4,0,0,4,0,0,0,0,0,0,0,0
baalimago__wd-41,cyclonedx-gomod,4,0,4,4,0,0,4,0,0,4,0,4,4,0,0,4,0,0,0,0,0,0,0,0
mojocn__base64Captcha,syft,2,0,12,2,0,0,2,0,0,2,0,12,2,0,0,2,0,0,0,0,0,0,0,0
mojocn__base64Captcha,trivy,14,0,0,2,12,0,2,12,0,14,0,0,2,12,0,2,12,0,0,0,0,0,12,0
mojocn__base64Captcha,cdxgen,2,0,12,2,0,0,2,0,0,2,0,12,2,0,0,2,0,0,0,0,0,0,0,0
mojocn__base64Captcha,cyclonedx-gomod,2,0,12,2,0,0,2,0,0,2,0,12,2,0,0,2,0,0,0,0,0,0,0,0
xxjwxc__gowp,syft,21,0,128,12,9,0,12,9,0,21,0,128,12,9,0,12,9,0,0,0,0,0,9,0
xxjwxc__gowp,trivy,149,0,0,12,137,0,12,137,0,149,0,0,12,137,0,12,137,0,0,0,0,0,137,0
xxjwxc__gowp,cdxgen,12,0,137,12,0,0,12,0,0,12,0,137,12,0,0,12,0,0,0,0,0,0,0,0
xxjwxc__gowp,cyclonedx-gomod,12,0,137,12,0,0,12,0,0,12,0,137,12,0,0,12,0,0,0,0,0,0,0,0
shomali11__util,syft,4,0,0,1,3,0,4,0,0,4,0,0,1,3,0,4,0,0,3,0,0,0,0,0
shomali11__util,trivy,4,0,0,1,3,0,4,0,0,4,0,0,1,3,0,4,0,0,3,0,0,0,0,0
shomali11__util,cdxgen,1,0,3,1,0,0,1,0,3,1,0,3,1,0,0,1,0,3,0,0,0,0,0,0
shomali11__util,cyclonedx-gomod,1,0,3,1,0,0,1,0,3,1,0,3,1,0,0,1,0,3,0,0,0,0,0,0
RichardKnop__jsonhal,syft,4,0,0,1,3,0,4,0,0,4,0,0,1,3,0,4,0,0,3,0,0,0,0,0
RichardKnop__jsonhal,trivy,4,0,0,1,3,0,4,0,0,4,0,0,1,3,0,4,0,0,3,0,0,0,0,0
RichardKnop__jsonhal,cdxgen,1,0,3,1,0,0,1,0,3,1,0,3,1,0,0,1,0,3,0,0,0,0,0,0
RichardKnop__jsonhal,cyclonedx-gomod,1,0,3,1,0,0,1,0,3,1,0,3,1,0,0,1,0,3,0,0,0,0,0,0
nalgeon__redka,syft,6,27,0,5,28,0,6,27,0,6,27,0,5,28,0,6,27,0,1,0,0,0,0,27
nalgeon__redka,trivy,6,22,0,5,23,0,6,22,0,6,22,0,5,23,0,6,22,0,1,0,0,0,0,22
nalgeon__redka,cdxgen,5,16,1,5,16,0,5,16,1,5,16,1,5,16,0,5,16,1,0,0,0,0,0,16
nalgeon__redka,cyclonedx-gomod,5,0,1,5,0,0,5,0,1,5,0,1,5,0,0,5,0,1,0,0,0,0,0,0
schollz__croc,syft,34,0,14,25,9,0,29,5,0,34,0,14,25,9,0,29,5,0,4,0,0,0,5,0
schollz__croc,trivy,29,0,19,25,4,0,29,0,0,29,0,19,25,4,0,29,0,0,4,0,0,0,0,0
schollz__croc,cdxgen,25,0,23,25,0,0,25,0,4,25,0,23,25,0,0,25,0,4,0,0,0,0,0,0
schollz__croc,cyclonedx-gomod,25,0,23,25,0,0,25,0,4,25,0,23,25,0,0,25,0,4,0,0,0,0,0,0
derailed__k9s,syft,493,0,427,371,122,0,373,120,0,493,0,427,371,122,0,373,120,0,2,8,0,6,106,0
derailed__k9s,trivy,387,0,533,371,16,0,373,14,0,387,0,533,371,16,0,373,14,0,2,8,0,6,0,0
derailed__k9s,cdxgen,371,0,549,371,0,0,371,0,2,371,0,549,371,0,0,371,0,2,0,0,0,0,0,0
derailed__k9s,cyclonedx-gomod,380,0,540,369,11,2,369,11,4,380,0,540,369,11,2,369,11,4,0,8,0,3,0,0
energye__energy,syft,7,0,1,5,2,0,5,2,0,7,0,1,5,2,0,5,2,0,0,2,0,0,0,0
energye__energy,trivy,7,0,1,5,2,0,5,2,0,7,0,1,5,2,0,5,2,0,0,2,0,0,0,0
energye__energy,cdxgen,7,0,1,5,2,0,5,2,0,7,0,1,5,2,0,5,2,0,0,2,0,0,0,0
energye__energy,cyclonedx-gomod,7,0,1,5,2,0,5,2,0,7,0,1,5,2,0,5,2,0,0,2,0,0,0,0
dixonwille__wmenu,syft,12,0,1,4,8,0,8,4,0,12,0,1,4,8,0,8,4,0,4,0,0,0,4,0
dixonwille__wmenu,trivy,13,0,0,4,9,0,8,5,0,13,0,0,4,9,0,8,5,0,4,0,0,0,5,0
dixonwille__wmenu,cdxgen,4,0,9,4,0,0,4,0,4,4,0,9,4,0,0,4,0,4,0,0,0,0,0,0
dixonwille__wmenu,cyclonedx-gomod,4,0,9,4,0,0,4,0,4,4,0,9,4,0,0,4,0,4,0,0,0,0,0,0
volatiletech__sqlboiler,syft,71,0,105,44,27,0,49,22,0,71,0,105,44,27,0,49,22,0,5,1,0,14,7,0
volatiletech__sqlboiler,trivy,64,0,112,44,20,0,49,15,0,64,0,112,44,20,0,49,15,0,5,1,0,14,0,0
volatiletech__sqlboiler,cdxgen,44,0,132,44,0,0,44,0,5,44,0,132,44,0,0,44,0,5,0,0,0,0,0,0
volatiletech__sqlboiler,cyclonedx-gomod,58,0,118,44,14,0,44,14,5,58,0,118,44,14,0,44,14,5,0,1,0,13,0,0
charmbracelet__bubbles,syft,26,0,4,21,5,0,24,2,0,26,0,4,21,5,0,24,2,0,3,0,0,0,2,0
charmbracelet__bubbles,trivy,24,0,6,21,3,0,24,0,0,24,0,6,21,3,0,24,0,0,3,0,0,0,0,0
charmbracelet__bubbles,cdxgen,21,0,9,21,0,0,21,0,3,21,0,9,21,0,0,21,0,3,0,0,0,0,0,0
charmbracelet__bubbles,cyclonedx-gomod,21,0,9,21,0,0,21,0,3,21,0,9,21,0,0,21,0,3,0,0,0,0,0,0
go-kivik__kivik,syft,157,0,223,32,125,0,38,119,0,153,42,227,32,163,0,38,157,0,6,1,2,6,11,99
go-kivik__kivik,trivy,126,0,254,32,94,0,38,88,0,120,36,260,32,124,0,38,118,0,6,1,2,6,3,76
go-kivik__kivik,cdxgen,84,0,296,32,52,0,32,52,6,84,0,296,32,52,0,32,52,6,0,0,0,1,1,50
go-kivik__kivik,cyclonedx-gomod,102,0,278,32,70,0,32,70,6,102,0,278,32,70,0,32,70,6,0,1,2,4,2,61
vladopajic__go-actor,syft,9,0,2,1,8,0,6,3,0,9,0,2,1,8,0,6,3,0,5,0,0,1,2,0
vladopajic__go-actor,trivy,7,0,4,1,6,0,6,1,0,7,0,4,1,6,0,6,1,0,5,0,0,1,0,0
vladopajic__go-actor,cdxgen,1,0,10,1,0,0,1,0,5,1,0,10,1,0,0,1,0,5,0,0,0,0,0,0
vladopajic__go-actor,cyclonedx-gomod,1,0,10,1,0,0,1,0,5,1,0,10,1,0,0,1,0,5,0,0,0,0,0,0
gogpu__ui,syft,12,4,3,11,5,0,11,5,0,12,5,3,11,6,0,11,6,0,0,0,0,1,0,4
gogpu__ui,trivy,12,4,3,11,5,0,11,5,0,12,4,3,11,5,0,11,5,0,0,0,0,1,0,4
gogpu__ui,cdxgen,11,0,4,11,0,0,11,0,0,11,0,4,11,0,0,11,0,0,0,0,0,0,0,0
gogpu__ui,cyclonedx-gomod,12,0,3,11,1,0,11,1,0,12,0,3,11,1,0,11,1,0,0,0,0,1,0,0
aerospike__aerospike-client-go,syft,34,0,13,3,31,0,14,20,0,34,0,13,3,31,0,14,20,0,11,0,1,4,15,0
aerospike__aerospike-client-go,trivy,19,0,28,3,16,0,14,5,0,19,0,28,3,16,0,14,5,0,11,0,1,4,0,0
aerospike__aerospike-client-go,cdxgen,3,0,44,3,0,0,3,0,11,3,0,44,3,0,0,3,0,11,0,0,0,0,0,0
aerospike__aerospike-client-go,cyclonedx-gomod,5,0,42,3,2,0,4,1,10,5,0,42,3,2,0,4,1,10,1,0,1,0,0,0
yassinebenaid__bunster,syft,12,0,3,5,7,0,5,7,0,12,0,3,5,7,0,5,7,0,0,0,0,0,4,3
yassinebenaid__bunster,trivy,7,0,8,5,2,0,5,2,0,7,0,8,5,2,0,5,2,0,0,0,0,0,0,2
yassinebenaid__bunster,cdxgen,5,0,10,5,0,0,5,0,0,5,0,10,5,0,0,5,0,0,0,0,0,0,0,0
yassinebenaid__bunster,cyclonedx-gomod,5,0,10,5,0,0,5,0,0,5,0,10,5,0,0,5,0,0,0,0,0,0,0,0
mehdihadeli__Go-MediatR,syft,9,33,4,1,41,0,5,37,0,9,34,4,1,42,0,5,38,0,4,0,0,2,3,32
mehdihadeli__Go-MediatR,trivy,8,32,5,1,39,0,5,35,0,7,33,6,1,39,0,5,35,0,4,0,0,2,2,31
mehdihadeli__Go-MediatR,cdxgen,2,28,11,1,29,0,2,28,3,2,28,11,1,29,0,2,28,3,1,0,0,0,0,28
mehdihadeli__Go-MediatR,cyclonedx-gomod,1,0,12,1,0,0,1,0,4,1,0,12,1,0,0,1,0,4,0,0,0,0,0,0
Knuspii__CrunchyCleaner,syft,11,0,4,3,8,0,3,8,0,11,0,4,3,8,0,3,8,0,0,2,0,2,4,0
Knuspii__CrunchyCleaner,trivy,7,0,8,3,4,0,3,4,0,7,0,8,3,4,0,3,4,0,0,2,0,2,0,0
Knuspii__CrunchyCleaner,cdxgen,3,0,12,3,0,0,3,0,0,3,0,12,3,0,0,3,0,0,0,0,0,0,0,0
Knuspii__CrunchyCleaner,cyclonedx-gomod,7,0,8,3,4,0,3,4,0,7,0,8,3,4,0,3,4,0,0,2,0,2,0,0
jonoton__scout,syft,66,0,22,56,10,0,56,10,0,66,0,22,56,10,0,56,10,0,0,0,0,3,7,0
jonoton__scout,trivy,59,0,29,56,3,0,56,3,0,59,0,29,56,3,0,56,3,0,0,0,0,3,0,0
jonoton__scout,cdxgen,56,0,32,56,0,0,56,0,0,56,0,32,56,0,0,56,0,0,0,0,0,0,0,0
jonoton__scout,cyclonedx-gomod,57,0,31,56,1,0,56,1,0,57,0,31,56,1,0,56,1,0,0,0,0,1,0,0
gordonklaus__portaudio,syft,1,0,0,1,0,0,1,0,0,1,0,0,1,0,0,1,0,0,0,0,0,0,0,0
gordonklaus__portaudio,trivy,1,0,0,1,0,0,1,0,0,1,0,0,1,0,0,1,0,0,0,0,0,0,0,0
gordonklaus__portaudio,cdxgen,1,0,0,1,0,0,1,0,0,1,0,0,1,0,0,1,0,0,0,0,0,0,0,0
gordonklaus__portaudio,cyclonedx-gomod,1,0,0,1,0,0,1,0,0,1,0,0,1,0,0,1,0,0,0,0,0,0,0,0
antchfx__htmlquery,syft,4,0,10,4,0,0,4,0,0,4,0,10,4,0,0,4,0,0,0,0,0,0,0,0
antchfx__htmlquery,trivy,14,0,0,4,10,0,4,10,0,14,0,0,4,10,0,4,10,0,0,0,0,0,10,0
antchfx__htmlquery,cdxgen,4,0,10,4,0,0,4,0,0,4,0,10,4,0,0,4,0,0,0,0,0,0,0,0
antchfx__htmlquery,cyclonedx-gomod,4,0,10,4,0,0,4,0,0,4,0,10,4,0,0,4,0,0,0,0,0,0,0,0
oagudo__outbox,syft,1,35,0,1,35,0,1,35,0,1,40,0,1,40,0,1,40,0,0,0,0,0,0,35
oagudo__outbox,trivy,1,36,0,1,36,0,1,36,0,1,40,0,1,40,0,1,40,0,0,0,0,0,0,36
oagudo__outbox,cdxgen,1,17,0,1,17,0,1,17,0,1,19,0,1,19,0,1,19,0,0,0,0,0,0,17
oagudo__outbox,cyclonedx-gomod,1,0,0,1,0,0,1,0,0,1,0,0,1,0,0,1,0,0,0,0,0,0,0,0
linkedin__goavro,syft,6,0,1,1,5,0,5,1,0,6,0,1,1,5,0,5,1,0,4,0,0,0,1,0
linkedin__goavro,trivy,7,0,0,1,6,0,5,2,0,7,0,0,1,6,0,5,2,0,4,0,0,0,2,0
linkedin__goavro,cdxgen,1,0,6,1,0,0,1,0,4,1,0,6,1,0,0,1,0,4,0,0,0,0,0,0
linkedin__goavro,cyclonedx-gomod,1,0,6,1,0,0,1,0,4,1,0,6,1,0,0,1,0,4,0,0,0,0,0,0
harshaneel__localaik,syft,23,0,60,22,1,0,22,1,0,23,0,60,22,1,0,22,1,0,0,0,0,0,1,0
harshaneel__localaik,trivy,22,0,61,22,0,0,22,0,0,22,0,61,22,0,0,22,0,0,0,0,0,0,0,0
harshaneel__localaik,cdxgen,22,0,61,22,0,0,22,0,0,22,0,61,22,0,0,22,0,0,0,0,0,0,0,0
harshaneel__localaik,cyclonedx-gomod,22,0,61,22,0,0,22,0,0,22,0,61,22,0,0,22,0,0,0,0,0,0,0,0
wneessen__go-hibp,syft,1,0,0,1,0,0,1,0,0,1,0,0,1,0,0,1,0,0,0,0,0,0,0,0
wneessen__go-hibp,trivy,1,0,0,1,0,0,1,0,0,1,0,0,1,0,0,1,0,0,0,0,0,0,0,0
wneessen__go-hibp,cdxgen,1,0,0,1,0,0,1,0,0,1,0,0,1,0,0,1,0,0,0,0,0,0,0,0
wneessen__go-hibp,cyclonedx-gomod,1,0,0,1,0,0,1,0,0,1,0,0,1,0,0,1,0,0,0,0,0,0,0,0
ozankasikci__dockerfile-generator,syft,10,0,25,3,7,0,7,3,0,10,0,25,3,7,0,7,3,0,4,0,0,2,1,0
ozankasikci__dockerfile-generator,trivy,35,0,0,3,32,0,7,28,0,35,0,0,3,32,0,7,28,0,4,1,0,2,25,0
ozankasikci__dockerfile-generator,cdxgen,3,0,32,3,0,0,3,0,4,3,0,32,3,0,0,3,0,4,0,0,0,0,0,0
ozankasikci__dockerfile-generator,cyclonedx-gomod,4,0,31,3,1,0,3,1,4,4,0,31,3,1,0,3,1,4,0,1,0,0,0,0
denisenkom__go-mssqldb,syft,20,0,12,14,6,0,14,6,0,20,0,12,14,6,0,14,6,0,0,0,0,0,0,6
denisenkom__go-mssqldb,trivy,32,0,0,14,18,0,14,18,0,32,0,0,14,18,0,14,18,0,0,0,0,0,0,18
denisenkom__go-mssqldb,cdxgen,14,0,18,14,0,0,14,0,0,14,0,18,14,0,0,14,0,0,0,0,0,0,0,0
denisenkom__go-mssqldb,cyclonedx-gomod,15,0,17,14,1,0,14,1,0,15,0,17,14,1,0,14,1,0,0,0,0,0,0,1
monaco-io__request,syft,4,0,2,1,3,0,1,3,0,4,0,2,1,3,0,1,3,0,0,0,0,2,1,0
monaco-io__request,trivy,6,0,0,1,5,0,1,5,0,6,0,0,1,5,0,1,5,0,0,0,0,2,3,0
monaco-io__request,cdxgen,1,0,5,1,0,0,1,0,0,1,0,5,1,0,0,1,0,0,0,0,0,0,0,0
monaco-io__request,cyclonedx-gomod,1,0,5,1,0,0,1,0,0,1,0,5,1,0,0,1,0,0,0,0,0,0,0,0
mafulong__godal,syft,17,0,163,10,7,0,14,3,0,17,0,163,10,7,0,14,3,0,4,0,0,0,3,0
mafulong__godal,trivy,180,0,0,10,170,0,14,166,0,180,0,0,10,170,0,14,166,0,4,0,0,0,166,0
mafulong__godal,cdxgen,10,0,170,10,0,0,10,0,4,10,0,170,10,0,0,10,0,4,0,0,0,0,0,0
mafulong__godal,cyclonedx-gomod,10,0,170,10,0,0,10,0,4,10,0,170,10,0,0,10,0,4,0,0,0,0,0,0
rapito__go-spotify,syft,35,0,100,21,14,0,25,10,0,35,0,100,21,14,0,25,10,0,4,0,0,2,7,1
rapito__go-spotify,trivy,27,0,108,21,6,0,25,2,0,27,0,108,21,6,0,25,2,0,4,0,0,2,0,0
rapito__go-spotify,cdxgen,21,0,114,21,0,0,21,0,4,21,0,114,21,0,0,21,0,4,0,0,0,0,0,0
rapito__go-spotify,cyclonedx-gomod,21,0,114,21,0,0,21,0,4,21,0,114,21,0,0,21,0,4,0,0,0,0,0,0
go-sprout__sprout,syft,21,6,5,13,14,0,14,13,0,21,7,5,13,15,0,14,14,0,1,0,0,0,6,7
go-sprout__sprout,trivy,15,6,11,13,8,0,14,7,0,15,6,11,13,8,0,14,7,0,1,0,0,0,0,7
go-sprout__sprout,cdxgen,13,0,13,13,0,0,13,0,1,13,0,13,13,0,0,13,0,1,0,0,0,0,0,0
go-sprout__sprout,cyclonedx-gomod,13,0,13,13,0,0,13,0,1,13,0,13,13,0,0,13,0,1,0,0,0,0,0,0
gomlx__gomlx,syft,70,10,56,39,41,0,48,32,0,70,15,56,39,46,0,48,37,0,9,0,0,8,13,11
gomlx__gomlx,trivy,58,10,68,39,29,0,48,20,0,57,14,69,39,32,0,48,23,0,9,0,0,8,1,11
gomlx__gomlx,cdxgen,44,7,82,39,12,0,41,10,7,40,11,86,39,12,0,39,12,9,2,0,0,1,1,8
gomlx__gomlx,cyclonedx-gomod,40,0,86,36,4,3,36,4,12,40,0,86,36,4,3,36,4,12,0,0,0,4,0,0
rocketlaunchr__dbq,syft,35,2,42,5,32,0,7,30,0,35,4,42,5,34,0,7,32,0,2,0,0,17,11,2
rocketlaunchr__dbq,trivy,77,2,0,5,74,0,7,72,0,77,4,0,5,76,0,7,74,0,2,0,0,17,53,2
rocketlaunchr__dbq,cdxgen,5,1,72,5,1,0,5,1,2,5,1,72,5,1,0,5,1,2,0,0,0,0,0,1
rocketlaunchr__dbq,cyclonedx-gomod,5,0,72,5,0,0,5,0,2,5,0,72,5,0,0,5,0,2,0,0,0,0,0,0
derekparker__delve,syft,30,0,7,19,11,0,20,10,0,30,0,7,19,11,0,20,10,0,1,2,0,0,8,0
derekparker__delve,trivy,22,0,15,19,3,0,20,2,0,22,0,15,19,3,0,20,2,0,1,2,0,0,0,0
derekparker__delve,cdxgen,22,0,15,19,3,0,20,2,0,22,0,15,19,3,0,20,2,0,1,2,0,0,0,0
derekparker__delve,cyclonedx-gomod,21,0,16,19,2,0,19,2,1,21,0,16,19,2,0,19,2,1,0,2,0,0,0,0
mewkiz__flac,syft,4,0,5,3,1,0,3,1,0,4,0,5,3,1,0,3,1,0,0,0,0,0,1,0
mewkiz__flac,trivy,3,0,6,3,0,0,3,0,0,3,0,6,3,0,0,3,0,0,0,0,0,0,0,0
mewkiz__flac,cdxgen,3,0,6,3,0,0,3,0,0,3,0,6,3,0,0,3,0,0,0,0,0,0,0,0
mewkiz__flac,cyclonedx-gomod,3,0,6,3,0,0,3,0,0,3,0,6,3,0,0,3,0,0,0,0,0,0,0,0
davrodpin__mole,syft,30,0,22,17,13,0,20,10,0,30,0,22,17,13,0,20,10,0,3,0,0,1,9,0
davrodpin__mole,trivy,52,0,0,17,35,0,20,32,0,52,0,0,17,35,0,20,32,0,3,2,0,1,29,0
davrodpin__mole,cdxgen,17,0,35,17,0,0,17,0,3,17,0,35,17,0,0,17,0,3,0,0,0,0,0,0
davrodpin__mole,cyclonedx-gomod,20,0,32,17,3,0,17,3,3,20,0,32,17,3,0,17,3,3,0,2,0,1,0,0
lucasepe__tbd,syft,36,0,13,21,15,0,26,10,0,36,0,13,21,15,0,26,10,0,5,0,0,0,10,0
lucasepe__tbd,trivy,49,0,0,21,28,0,26,23,0,49,0,0,21,28,0,26,23,0,5,1,0,0,22,0
lucasepe__tbd,cdxgen,21,0,28,21,0,0,21,0,5,21,0,28,21,0,0,21,0,5,0,0,0,0,0,0
lucasepe__tbd,cyclonedx-gomod,23,0,26,21,2,0,21,2,5,23,0,26,21,2,0,21,2,5,0,1,0,0,1,0
stacktower-io__stacktower,syft,47,5,7,35,17,0,35,17,0,47,6,7,35,18,0,35,18,0,0,3,0,2,7,5
stacktower-io__stacktower,trivy,NA
stacktower-io__stacktower,cdxgen,35,5,19,35,5,0,35,5,0,35,6,19,35,6,0,35,6,0,0,0,0,0,0,5
stacktower-io__stacktower,cyclonedx-gomod,39,0,15,35,4,0,35,4,0,39,0,15,35,4,0,35,4,0,0,3,0,1,0,0
ik5__gostrutils,syft,1,0,9,1,0,0,1,0,0,1,0,9,1,0,0,1,0,0,0,0,0,0,0,0
ik5__gostrutils,trivy,10,0,0,1,9,0,1,9,0,10,0,0,1,9,0,1,9,0,0,0,0,0,9,0
ik5__gostrutils,cdxgen,1,0,9,1,0,0,1,0,0,1,0,9,1,0,0,1,0,0,0,0,0,0,0,0
ik5__gostrutils,cyclonedx-gomod,1,0,9,1,0,0,1,0,0,1,0,9,1,0,0,1,0,0,0,0,0,0,0,0
ilyakaznacheev__cleanenv,syft,5,0,0,4,1,0,4,1,0,5,0,0,4,1,0,4,1,0,0,0,0,0,1,0
ilyakaznacheev__cleanenv,trivy,5,0,0,4,1,0,4,1,0,5,0,0,4,1,0,4,1,0,0,0,0,0,1,0
ilyakaznacheev__cleanenv,cdxgen,4,0,1,4,0,0,4,0,0,4,0,1,4,0,0,4,0,0,0,0,0,0,0,0
ilyakaznacheev__cleanenv,cyclonedx-gomod,4,0,1,4,0,0,4,0,0,4,0,1,4,0,0,4,0,0,0,0,0,0,0,0
pieterclaerhout__go-log,syft,15,0,4,7,8,0,11,4,0,15,0,4,7,8,0,11,4,0,4,0,0,2,2,0
pieterclaerhout__go-log,trivy,13,0,6,7,6,0,11,2,0,13,0,6,7,6,0,11,2,0,4,0,0,2,0,0
pieterclaerhout__go-log,cdxgen,7,0,12,7,0,0,7,0,4,7,0,12,7,0,0,7,0,4,0,0,0,0,0,0
pieterclaerhout__go-log,cyclonedx-gomod,7,0,12,7,0,0,7,0,4,7,0,12,7,0,0,7,0,4,0,0,0,0,0,0
andygrunwald__go-gerrit,syft,2,0,0,1,1,0,1,1,0,2,0,0,1,1,0,1,1,0,0,0,0,0,1,0
andygrunwald__go-gerrit,trivy,2,0,0,1,1,0,1,1,0,2,0,0,1,1,0,1,1,0,0,0,0,0,1,0
andygrunwald__go-gerrit,cdxgen,1,0,1,1,0,0,1,0,0,1,0,1,1,0,0,1,0,0,0,0,0,0,0,0
andygrunwald__go-gerrit,cyclonedx-gomod,1,0,1,1,0,0,1,0,0,1,0,1,1,0,0,1,0,0,0,0,0,0,0,0
rueian__rueidis,syft,30,27,7,1,56,0,6,51,0,30,27,7,1,56,0,6,51,0,5,0,0,5,7,39
rueian__rueidis,trivy,16,22,21,1,37,0,6,32,0,16,22,21,1,37,0,6,32,0,5,0,0,5,5,22
rueian__rueidis,cdxgen,2,11,35,1,12,0,1,12,5,2,11,35,1,12,0,1,12,5,0,0,0,0,1,11
rueian__rueidis,cyclonedx-gomod,1,0,36,1,0,0,1,0,5,1,0,36,1,0,0,1,0,5,0,0,0,0,0,0
foxcpp__maddy,syft,170,3,233,103,70,3,105,68,3,170,3,233,103,70,3,105,68,3,2,7,8,37,16,0
foxcpp__maddy,trivy,157,3,246,103,57,3,105,55,3,157,3,246,103,57,3,105,55,3,2,7,8,37,3,0
foxcpp__maddy,cdxgen,106,0,297,106,0,0,106,0,2,106,0,297,106,0,0,106,0,2,0,0,0,0,0,0
foxcpp__maddy,cyclonedx-gomod,152,3,251,103,52,3,103,52,5,152,3,251,103,52,3,103,52,5,0,7,8,34,3,0
lightningnetwork__lnd,syft,244,186,285,127,303,0,127,303,0,227,281,302,117,391,10,117,391,10,0,4,5,61,38,195
lightningnetwork__lnd,trivy,215,172,314,127,260,0,127,260,0,200,244,329,117,327,10,117,327,10,0,4,5,61,12,178
lightningnetwork__lnd,cdxgen,NA
lightningnetwork__lnd,cyclonedx-gomod,191,1,338,126,66,1,126,66,1,182,10,347,117,75,10,117,75,10,0,4,5,56,1,0
netresearch__ofelia,syft,78,0,12,43,35,0,48,30,0,78,0,12,43,35,0,48,30,0,5,1,0,8,21,0
netresearch__ofelia,trivy,57,0,33,43,14,0,48,9,0,57,0,33,43,14,0,48,9,0,5,1,0,8,0,0
netresearch__ofelia,cdxgen,43,0,47,43,0,0,43,0,5,43,0,47,43,0,0,43,0,5,0,0,0,0,0,0
netresearch__ofelia,cyclonedx-gomod,45,0,45,43,2,0,43,2,5,45,0,45,43,2,0,43,2,5,0,1,0,1,0,0
golang__geo,syft,2,0,0,1,1,0,2,0,0,2,0,0,1,1,0,2,0,0,1,0,0,0,0,0
golang__geo,trivy,2,0,0,1,1,0,2,0,0,2,0,0,1,1,0,2,0,0,1,0,0,0,0,0
golang__geo,cdxgen,1,0,1,1,0,0,1,0,1,1,0,1,1,0,0,1,0,1,0,0,0,0,0,0
golang__geo,cyclonedx-gomod,1,0,1,1,0,0,1,0,1,1,0,1,1,0,0,1,0,1,0,0,0,0,0,0
Colin4k1024__Aetheris,syft,153,15,114,124,44,0,124,44,0,153,26,114,124,55,0,124,55,0,0,0,0,7,22,15
Colin4k1024__Aetheris,trivy,132,13,135,124,21,0,124,21,0,132,20,135,124,28,0,124,28,0,0,0,0,7,1,13
Colin4k1024__Aetheris,cdxgen,125,11,142,124,12,0,124,12,0,125,16,142,124,17,0,124,17,0,0,0,0,0,1,11
Colin4k1024__Aetheris,cyclonedx-gomod,126,0,141,121,5,3,121,5,3,126,0,141,121,5,3,121,5,3,0,0,0,5,0,0
reedom__convergen,syft,10,0,5,4,6,0,9,1,0,10,0,5,4,6,0,9,1,0,5,0,0,0,1,0
reedom__convergen,trivy,9,0,6,4,5,0,9,0,0,9,0,6,4,5,0,9,0,0,5,0,0,0,0,0
reedom__convergen,cdxgen,4,0,11,4,0,0,4,0,5,4,0,11,4,0,0,4,0,5,0,0,0,0,0,0
reedom__convergen,cyclonedx-gomod,4,0,11,4,0,0,4,0,5,4,0,11,4,0,0,4,0,5,0,0,0,0,0,0
e-XpertSolutions__go-cluster,syft,2,0,12,1,1,0,1,1,0,2,0,12,1,1,0,1,1,0,0,0,0,0,1,0
e-XpertSolutions__go-cluster,trivy,2,0,12,1,1,0,1,1,0,2,0,12,1,1,0,1,1,0,0,0,0,0,1,0
e-XpertSolutions__go-cluster,cdxgen,1,0,13,1,0,0,1,0,0,1,0,13,1,0,0,1,0,0,0,0,0,0,0,0
e-XpertSolutions__go-cluster,cyclonedx-gomod,1,0,13,1,0,0,1,0,0,1,0,13,1,0,0,1,0,0,0,0,0,0,0,0
restic__restic,syft,122,0,162,85,37,0,86,36,0,122,0,162,85,37,0,86,36,0,1,3,1,3,29,0
restic__restic,trivy,93,0,191,85,8,0,86,7,0,93,0,191,85,8,0,86,7,0,1,3,1,3,0,0
restic__restic,cdxgen,85,0,199,85,0,0,85,0,1,85,0,199,85,0,0,85,0,1,0,0,0,0,0,0
restic__restic,cyclonedx-gomod,92,0,192,85,7,0,85,7,1,92,0,192,85,7,0,85,7,1,0,3,1,3,0,0
hackebrot__turtle,syft,5,0,95,2,3,0,4,1,0,5,0,95,2,3,0,4,1,0,2,0,0,0,1,0
hackebrot__turtle,trivy,100,0,0,2,98,0,4,96,0,100,0,0,2,98,0,4,96,0,2,1,0,0,95,0
hackebrot__turtle,cdxgen,2,0,98,2,0,0,2,0,2,2,0,98,2,0,0,2,0,2,0,0,0,0,0,0
hackebrot__turtle,cyclonedx-gomod,3,0,97,2,1,0,2,1,2,3,0,97,2,1,0,2,1,2,0,1,0,0,0,0
amit-davidson__LibraDB,syft,6,0,1,5,1,0,5,1,0,6,0,1,5,1,0,5,1,0,0,0,0,0,1,0
amit-davidson__LibraDB,trivy,5,0,2,5,0,0,5,0,0,5,0,2,5,0,0,5,0,0,0,0,0,0,0,0
amit-davidson__LibraDB,cdxgen,5,0,2,5,0,0,5,0,0,5,0,2,5,0,0,5,0,0,0,0,0,0,0,0
amit-davidson__LibraDB,cyclonedx-gomod,5,0,2,5,0,0,5,0,0,5,0,2,5,0,0,5,0,0,0,0,0,0,0,0
cockroachdb__errors,syft,39,0,149,17,22,0,23,16,0,39,0,149,17,22,0,23,16,0,6,0,0,0,16,0
cockroachdb__errors,trivy,23,0,165,17,6,0,23,0,0,23,0,165,17,6,0,23,0,0,6,0,0,0,0,0
cockroachdb__errors,cdxgen,17,0,171,17,0,0,17,0,6,17,0,171,17,0,0,17,0,6,0,0,0,0,0,0
cockroachdb__errors,cyclonedx-gomod,16,0,172,16,0,1,16,0,7,16,0,172,16,0,1,16,0,7,0,0,0,0,0,0
osamingo__jsonrpc,syft,11,0,2,7,4,0,10,1,0,11,0,2,7,4,0,10,1,0,3,0,0,0,1,0
osamingo__jsonrpc,trivy,10,0,3,7,3,0,10,0,0,10,0,3,7,3,0,10,0,0,3,0,0,0,0,0
osamingo__jsonrpc,cdxgen,7,0,6,7,0,0,7,0,3,7,0,6,7,0,0,7,0,3,0,0,0,0,0,0
osamingo__jsonrpc,cyclonedx-gomod,7,0,6,7,0,0,7,0,3,7,0,6,7,0,0,7,0,3,0,0,0,0,0,0
rushteam__gosql,syft,2,0,0,1,1,0,2,0,0,2,0,0,1,1,0,2,0,0,1,0,0,0,0,0
rushteam__gosql,trivy,2,0,0,1,1,0,2,0,0,2,0,0,1,1,0,2,0,0,1,0,0,0,0,0
rushteam__gosql,cdxgen,1,0,1,1,0,0,1,0,1,1,0,1,1,0,0,1,0,1,0,0,0,0,0,0
rushteam__gosql,cyclonedx-gomod,1,0,1,1,0,0,1,0,1,1,0,1,1,0,0,1,0,1,0,0,0,0,0,0
piaohao__godis,syft,6,0,0,1,5,0,4,2,0,6,0,0,1,5,0,4,2,0,3,0,0,2,0,0
piaohao__godis,trivy,6,0,0,1,5,0,4,2,0,6,0,0,1,5,0,4,2,0,3,0,0,2,0,0
piaohao__godis,cdxgen,1,0,5,1,0,0,1,0,3,1,0,5,1,0,0,1,0,3,0,0,0,0,0,0
piaohao__godis,cyclonedx-gomod,1,0,5,1,0,0,1,0,3,1,0,5,1,0,0,1,0,3,0,0,0,0,0,0
xyproto__algernon,syft,148,0,74,111,37,0,111,37,0,148,0,74,111,37,0,111,37,0,0,0,1,8,28,0
xyproto__algernon,trivy,120,0,102,111,9,0,111,9,0,120,0,102,111,9,0,111,9,0,0,0,1,8,0,0
xyproto__algernon,cdxgen,120,0,102,111,9,0,111,9,0,120,0,102,111,9,0,111,9,0,0,0,1,8,0,0
xyproto__algernon,cyclonedx-gomod,114,0,108,109,5,2,109,5,2,114,0,108,109,5,2,109,5,2,0,0,1,4,0,0
xyproto__permissions,syft,15,0,5,11,4,0,11,4,0,15,0,5,11,4,0,11,4,0,0,0,0,1,3,0
xyproto__permissions,trivy,12,0,8,11,1,0,11,1,0,12,0,8,11,1,0,11,1,0,0,0,0,1,0,0
xyproto__permissions,cdxgen,12,0,8,11,1,0,11,1,0,12,0,8,11,1,0,11,1,0,0,0,0,1,0,0
xyproto__permissions,cyclonedx-gomod,11,0,9,11,0,0,11,0,0,11,0,9,11,0,0,11,0,0,0,0,0,0,0,0
ajitpratap0__GoSQLX,syft,117,9,13,15,111,0,66,60,0,117,9,13,15,111,0,66,60,0,51,1,0,14,34,11
ajitpratap0__GoSQLX,trivy,81,9,49,15,75,0,66,24,0,81,9,49,15,75,0,66,24,0,51,1,0,14,0,9
ajitpratap0__GoSQLX,cdxgen,18,3,112,15,6,0,18,3,48,18,3,112,15,6,0,18,3,48,3,0,0,0,0,3
ajitpratap0__GoSQLX,cyclonedx-gomod,16,0,114,15,1,0,15,1,51,16,0,114,15,1,0,15,1,51,0,1,0,0,0,0
gonutz__prototype,syft,5,0,1,2,3,0,2,3,0,5,0,1,2,3,0,2,3,0,0,3,0,0,0,0
gonutz__prototype,trivy,6,0,0,2,4,0,2,4,0,6,0,0,2,4,0,2,4,0,0,4,0,0,0,0
gonutz__prototype,cdxgen,2,0,4,2,0,0,2,0,0,2,0,4,2,0,0,2,0,0,0,0,0,0,0,0
gonutz__prototype,cyclonedx-gomod,6,0,0,2,4,0,2,4,0,6,0,0,2,4,0,2,4,0,0,4,0,0,0,0
benthosdev__benthos,syft,677,6,728,497,186,0,510,173,0,676,57,729,497,236,0,510,223,0,13,9,2,22,132,8
benthosdev__benthos,trivy,550,5,855,497,58,0,510,45,0,549,33,856,497,85,0,510,72,0,13,9,2,22,5,7
benthosdev__benthos,cdxgen,NA
benthosdev__benthos,cyclonedx-gomod,520,1,885,495,26,2,495,26,15,520,1,885,495,26,2,495,26,15,0,8,2,15,1,0
Yiling-J__piper,syft,23,0,137,15,8,0,19,4,0,23,0,137,15,8,0,19,4,0,4,0,0,1,3,0
Yiling-J__piper,trivy,160,0,0,15,145,0,19,141,0,160,0,0,15,145,0,19,141,0,4,0,0,1,140,0
Yiling-J__piper,cdxgen,15,0,145,15,0,0,15,0,4,15,0,145,15,0,0,15,0,4,0,0,0,0,0,0
Yiling-J__piper,cyclonedx-gomod,15,0,145,15,0,0,15,0,4,15,0,145,15,0,0,15,0,4,0,0,0,0,0,0
x-mod__routine,syft,17,0,17,7,10,0,7,10,0,17,0,17,7,10,0,7,10,0,0,0,0,0,10,0
x-mod__routine,trivy,34,0,0,7,27,0,7,27,0,34,0,0,7,27,0,7,27,0,0,0,0,0,27,0
x-mod__routine,cdxgen,7,0,27,7,0,0,7,0,0,7,0,27,7,0,0,7,0,0,0,0,0,0,0,0
x-mod__routine,cyclonedx-gomod,7,0,27,7,0,0,7,0,0,7,0,27,7,0,0,7,0,0,0,0,0,0,0,0
smartystreets__goconvey,syft,6,0,18,4,2,0,4,2,0,6,0,18,4,2,0,4,2,0,0,0,0,1,1,0
smartystreets__goconvey,trivy,5,0,19,4,1,0,4,1,0,5,0,19,4,1,0,4,1,0,0,0,0,1,0,0
smartystreets__goconvey,cdxgen,4,0,20,4,0,0,4,0,0,4,0,20,4,0,0,4,0,0,0,0,0,0,0,0
smartystreets__goconvey,cyclonedx-gomod,5,0,19,4,1,0,4,1,0,5,0,19,4,1,0,4,1,0,0,0,0,1,0,0
youtube__vitess,syft,273,178,217,201,250,0,207,244,0,269,232,221,201,300,0,207,294,0,6,5,0,8,45,186
youtube__vitess,trivy,NA
youtube__vitess,cdxgen,213,166,277,201,178,0,201,178,6,209,213,281,201,221,0,201,221,6,0,1,0,0,5,172
youtube__vitess,cyclonedx-gomod,209,0,281,200,9,1,200,9,7,209,0,281,200,9,1,200,9,7,0,5,0,4,0,0
xtaci__kcp-go,syft,14,0,26,8,6,0,13,1,0,14,0,26,8,6,0,13,1,0,5,0,0,0,1,0
xtaci__kcp-go,trivy,13,0,27,8,5,0,13,0,0,13,0,27,8,5,0,13,0,0,5,0,0,0,0,0
xtaci__kcp-go,cdxgen,8,0,32,8,0,0,8,0,5,8,0,32,8,0,0,8,0,5,0,0,0,0,0,0
xtaci__kcp-go,cyclonedx-gomod,8,0,32,8,0,0,8,0,5,8,0,32,8,0,0,8,0,5,0,0,0,0,0,0
shabbyrobe__xmlwriter,syft,1,0,1,1,0,0,1,0,0,1,0,1,1,0,0,1,0,0,0,0,0,0,0,0
shabbyrobe__xmlwriter,trivy,2,0,0,1,1,0,1,1,0,2,0,0,1,1,0,1,1,0,0,0,0,0,1,0
shabbyrobe__xmlwriter,cdxgen,1,0,1,1,0,0,1,0,0,1,0,1,1,0,0,1,0,0,0,0,0,0,0,0
shabbyrobe__xmlwriter,cyclonedx-gomod,1,0,1,1,0,0,1,0,0,1,0,1,1,0,0,1,0,0,0,0,0,0,0,0
couchbase__gocb,syft,41,18,19,23,36,0,29,30,0,40,20,20,23,37,0,29,31,0,6,0,0,0,11,19
couchbase__gocb,trivy,32,17,28,23,26,0,29,20,0,31,19,29,23,27,0,29,21,0,6,0,0,0,2,18
couchbase__gocb,cdxgen,NA
couchbase__gocb,cyclonedx-gomod,23,0,37,23,0,0,23,0,6,23,0,37,23,0,0,23,0,6,0,0,0,0,0,0
olahol__melody,syft,6,35,1,1,40,0,5,36,0,6,36,1,1,41,0,5,37,0,4,0,0,0,1,35
olahol__melody,trivy,5,33,2,1,37,0,5,33,0,5,33,2,1,37,0,5,33,0,4,0,0,0,0,33
olahol__melody,cdxgen,2,23,5,1,24,0,2,23,3,2,23,5,1,24,0,2,23,3,1,0,0,0,0,23
olahol__melody,cyclonedx-gomod,1,0,6,1,0,0,1,0,4,1,0,6,1,0,0,1,0,4,0,0,0,0,0,0
go-external-config__vault,syft,36,0,23,22,14,0,22,14,0,36,0,23,22,14,0,22,14,0,0,0,0,7,7,0
go-external-config__vault,trivy,29,0,30,22,7,0,22,7,0,29,0,30,22,7,0,22,7,0,0,0,0,7,0,0
go-external-config__vault,cdxgen,22,0,37,22,0,0,22,0,0,22,0,37,22,0,0,22,0,0,0,0,0,0,0,0
go-external-config__vault,cyclonedx-gomod,24,0,35,22,2,0,22,2,0,24,0,35,22,2,0,22,2,0,0,0,0,2,0,0
Henry-Sarabia__sliceconv,syft,1,0,0,1,0,0,1,0,0,1,0,0,1,0,0,1,0,0,0,0,0,0,0,0
Henry-Sarabia__sliceconv,trivy,1,0,0,1,0,0,1,0,0,1,0,0,1,0,0,1,0,0,0,0,0,0,0,0
Henry-Sarabia__sliceconv,cdxgen,1,0,0,1,0,0,1,0,0,1,0,0,1,0,0,1,0,0,0,0,0,0,0,0
Henry-Sarabia__sliceconv,cyclonedx-gomod,1,0,0,1,0,0,1,0,0,1,0,0,1,0,0,1,0,0,0,0,0,0,0,0
google__google-api-go-client,syft,76,0,24,28,48,0,29,47,0,75,7,25,28,54,0,29,53,0,1,0,0,0,13,34
google__google-api-go-client,trivy,50,0,50,28,22,0,29,21,0,50,3,50,28,25,0,29,24,0,1,0,0,0,0,21
google__google-api-go-client,cdxgen,47,0,53,28,19,0,28,19,1,47,0,53,28,19,0,28,19,1,0,0,0,0,0,19
google__google-api-go-client,cyclonedx-gomod,49,0,51,28,21,0,28,21,1,49,0,51,28,21,0,28,21,1,0,0,0,0,0,21
nilpoona__zerohand,syft,4,0,4,3,1,0,3,1,0,4,0,4,3,1,0,3,1,0,0,1,0,0,0,0
nilpoona__zerohand,trivy,4,0,4,3,1,0,3,1,0,4,0,4,3,1,0,3,1,0,0,1,0,0,0,0
nilpoona__zerohand,cdxgen,3,0,5,3,0,0,3,0,0,3,0,5,3,0,0,3,0,0,0,0,0,0,0,0
nilpoona__zerohand,cyclonedx-gomod,4,0,4,3,1,0,3,1,0,4,0,4,3,1,0,3,1,0,0,1,0,0,0,0
mus-format__mus-go,syft,4,0,4,4,0,0,4,0,0,4,0,4,4,0,0,4,0,0,0,0,0,0,0,0
mus-format__mus-go,trivy,4,0,4,4,0,0,4,0,0,4,0,4,4,0,0,4,0,0,0,0,0,0,0,0
mus-format__mus-go,cdxgen,4,0,4,4,0,0,4,0,0,4,0,4,4,0,0,4,0,0,0,0,0,0,0,0
mus-format__mus-go,cyclonedx-gomod,4,0,4,4,0,0,4,0,0,4,0,4,4,0,0,4,0,0,0,0,0,0,0,0
bobg__subcmd,syft,2,0,1,1,1,0,2,0,0,2,0,1,1,1,0,2,0,0,1,0,0,0,0,0
bobg__subcmd,trivy,3,0,0,1,2,0,2,1,0,3,0,0,1,2,0,2,1,0,1,0,0,0,1,0
bobg__subcmd,cdxgen,1,0,2,1,0,0,1,0,1,1,0,2,1,0,0,1,0,1,0,0,0,0,0,0
bobg__subcmd,cyclonedx-gomod,1,0,2,1,0,0,1,0,1,1,0,2,1,0,0,1,0,1,0,0,0,0,0,0
aler9__gortsplib,syft,19,0,9,12,7,0,18,1,0,19,0,9,12,7,0,18,1,0,6,0,0,0,1,0
aler9__gortsplib,trivy,18,0,10,12,6,0,18,0,0,18,0,10,12,6,0,18,0,0,6,0,0,0,0,0
aler9__gortsplib,cdxgen,12,0,16,12,0,0,12,0,6,12,0,16,12,0,0,12,0,6,0,0,0,0,0,0
aler9__gortsplib,cyclonedx-gomod,14,0,14,12,2,0,14,0,4,14,0,14,12,2,0,14,0,4,2,0,0,0,0,0
99designs__gqlgen,syft,31,44,7,18,57,0,23,52,0,31,49,7,18,62,0,23,57,0,5,0,1,1,6,44
99designs__gqlgen,trivy,25,31,13,18,38,0,23,33,0,25,32,13,18,39,0,23,34,0,5,0,1,1,0,31
99designs__gqlgen,cdxgen,18,20,20,18,20,0,18,20,5,18,21,20,18,21,0,18,21,5,0,0,0,0,0,20
99designs__gqlgen,cyclonedx-gomod,19,0,19,18,1,0,18,1,5,19,0,19,18,1,0,18,1,5,0,0,1,0,0,0
spatial-go__geoos,syft,3,0,3,2,1,0,2,1,0,3,0,3,2,1,0,2,1,0,0,0,0,0,1,0
spatial-go__geoos,trivy,6,0,0,2,4,0,2,4,0,6,0,0,2,4,0,2,4,0,0,0,0,0,4,0
spatial-go__geoos,cdxgen,2,0,4,2,0,0,2,0,0,2,0,4,2,0,0,2,0,0,0,0,0,0,0,0
spatial-go__geoos,cyclonedx-gomod,2,0,4,2,0,0,2,0,0,2,0,4,2,0,0,2,0,0,0,0,0,0,0,0
karl-cardenas-coding__go-lambda-cleanup,syft,88,0,23,24,64,0,67,21,0,88,0,23,24,64,0,67,21,0,43,1,0,7,13,0
karl-cardenas-coding__go-lambda-cleanup,trivy,75,0,36,24,51,0,67,8,0,75,0,36,24,51,0,67,8,0,43,1,0,7,0,0
karl-cardenas-coding__go-lambda-cleanup,cdxgen,75,0,36,24,51,0,67,8,0,75,0,36,24,51,0,67,8,0,43,1,0,7,0,0
karl-cardenas-coding__go-lambda-cleanup,cyclonedx-gomod,25,0,86,24,1,0,24,1,43,25,0,86,24,1,0,24,1,43,0,1,0,0,0,0
ahmadraza100__dotlock,syft,45,0,13,32,13,0,32,13,0,45,0,13,32,13,0,32,13,0,0,4,0,0,4,5
ahmadraza100__dotlock,trivy,36,0,22,32,4,0,32,4,0,36,0,22,32,4,0,32,4,0,0,4,0,0,0,0
ahmadraza100__dotlock,cdxgen,32,0,26,32,0,0,32,0,0,32,0,26,32,0,0,32,0,0,0,0,0,0,0,0
ahmadraza100__dotlock,cyclonedx-gomod,36,0,22,32,4,0,32,4,0,36,0,22,32,4,0,32,4,0,0,4,0,0,0,0
tidwall__buntdb,syft,9,0,0,7,2,0,9,0,0,9,0,0,7,2,0,9,0,0,2,0,0,0,0,0
tidwall__buntdb,trivy,9,0,0,7,2,0,9,0,0,9,0,0,7,2,0,9,0,0,2,0,0,0,0,0
tidwall__buntdb,cdxgen,7,0,2,7,0,0,7,0,2,7,0,2,7,0,0,7,0,2,0,0,0,0,0,0
tidwall__buntdb,cyclonedx-gomod,7,0,2,7,0,0,7,0,2,7,0,2,7,0,0,7,0,2,0,0,0,0,0,0
fox-toolkit__fox,syft,11,0,9,2,9,0,6,5,0,11,0,9,2,9,0,6,5,0,4,1,0,3,1,0
fox-toolkit__fox,trivy,10,0,10,2,8,0,6,4,0,10,0,10,2,8,0,6,4,0,4,1,0,3,0,0
fox-toolkit__fox,cdxgen,2,0,18,2,0,0,2,0,4,2,0,18,2,0,0,2,0,4,0,0,0,0,0,0
fox-toolkit__fox,cyclonedx-gomod,3,0,17,2,1,0,2,1,4,3,0,17,2,1,0,2,1,4,0,1,0,0,0,0
knq__xo,syft,52,0,27,33,19,0,33,19,0,52,0,27,33,19,0,33,19,0,0,0,0,0,19,0
knq__xo,trivy,33,0,46,33,0,0,33,0,0,33,0,46,33,0,0,33,0,0,0,0,0,0,0,0
knq__xo,cdxgen,33,0,46,33,0,0,33,0,0,33,0,46,33,0,0,33,0,0,0,0,0,0,0,0
knq__xo,cyclonedx-gomod,33,0,46,33,0,0,33,0,0,33,0,46,33,0,0,33,0,0,0,0,0,0,0,0
odeke-em__drive,syft,42,0,56,38,4,0,38,4,0,42,0,56,38,4,0,38,4,0,0,0,0,0,4,0
odeke-em__drive,trivy,98,0,0,38,60,0,38,60,0,98,0,0,38,60,0,38,60,0,0,0,0,0,60,0
odeke-em__drive,cdxgen,38,0,60,38,0,0,38,0,0,38,0,60,38,0,0,38,0,0,0,0,0,0,0,0
odeke-em__drive,cyclonedx-gomod,39,0,59,38,1,0,38,1,0,39,0,59,38,1,0,38,1,0,0,0,0,0,1,0
asticode__go-astits,syft,7,0,1,2,5,0,6,1,0,7,0,1,2,5,0,6,1,0,4,0,0,0,1,0
asticode__go-astits,trivy,6,0,2,2,4,0,6,0,0,6,0,2,2,4,0,6,0,0,4,0,0,0,0,0
asticode__go-astits,cdxgen,2,0,6,2,0,0,2,0,4,2,0,6,2,0,0,2,0,4,0,0,0,0,0,0
asticode__go-astits,cyclonedx-gomod,2,0,6,2,0,0,2,0,4,2,0,6,2,0,0,2,0,4,0,0,0,0,0,0
icza__minquery,syft,5,0,1,1,4,0,2,3,0,5,0,1,1,4,0,2,3,0,1,0,0,0,0,3
icza__minquery,trivy,6,0,0,1,5,0,2,4,0,6,0,0,1,5,0,2,4,0,1,0,0,0,0,4
icza__minquery,cdxgen,1,0,5,1,0,0,1,0,1,1,0,5,1,0,0,1,0,1,0,0,0,0,0,0
icza__minquery,cyclonedx-gomod,1,0,5,1,0,0,1,0,1,1,0,5,1,0,0,1,0,1,0,0,0,0,0,0
CloudyKit__jet,syft,1,0,0,1,0,0,1,0,0,1,0,0,1,0,0,1,0,0,0,0,0,0,0,0
CloudyKit__jet,trivy,1,0,0,1,0,0,1,0,0,1,0,0,1,0,0,1,0,0,0,0,0,0,0,0
CloudyKit__jet,cdxgen,1,0,0,1,0,0,1,0,0,1,0,0,1,0,0,1,0,0,0,0,0,0,0,0
CloudyKit__jet,cyclonedx-gomod,1,0,0,1,0,0,1,0,0,1,0,0,1,0,0,1,0,0,0,0,0,0,0,0
MUlt1mate__protoc-gen-httpgo,syft,9,75,1,2,82,0,3,81,0,3,92,7,2,93,0,3,92,0,1,0,0,0,0,81
MUlt1mate__protoc-gen-httpgo,trivy,9,57,1,2,64,0,3,63,0,4,70,6,2,72,0,3,71,0,1,0,0,0,1,62
MUlt1mate__protoc-gen-httpgo,cdxgen,8,44,2,2,50,0,3,49,0,2,57,8,2,57,0,2,57,1,1,0,0,0,0,49
MUlt1mate__protoc-gen-httpgo,cyclonedx-gomod,2,0,8,2,0,0,2,0,1,2,0,8,2,0,0,2,0,1,0,0,0,0,0,0
amit-davidson__Chronos,syft,8,0,7,7,1,0,7,1,0,8,0,7,7,1,0,7,1,0,0,0,0,0,1,0
amit-davidson__Chronos,trivy,15,0,0,7,8,0,7,8,0,15,0,0,7,8,0,7,8,0,0,0,0,0,8,0
amit-davidson__Chronos,cdxgen,7,0,8,7,0,0,7,0,0,7,0,8,7,0,0,7,0,0,0,0,0,0,0,0
amit-davidson__Chronos,cyclonedx-gomod,7,0,8,7,0,0,7,0,0,7,0,8,7,0,0,7,0,0,0,0,0,0,0,0
aws__aws-sdk-go-v2,syft,1,474,0,1,474,0,1,474,0,1,475,0,1,475,0,1,475,0,0,0,0,0,0,474
aws__aws-sdk-go-v2,trivy,1,473,0,1,473,0,1,473,0,1,474,0,1,474,0,1,474,0,0,0,0,0,0,473
aws__aws-sdk-go-v2,cdxgen,1,22,0,1,22,0,1,22,0,1,22,0,1,22,0,1,22,0,0,0,0,0,0,22
aws__aws-sdk-go-v2,cyclonedx-gomod,1,0,0,1,0,0,1,0,0,1,0,0,1,0,0,1,0,0,0,0,0,0,0,0
mafredri__cdp,syft,9,0,4,5,4,0,8,1,0,9,0,4,5,4,0,8,1,0,3,0,0,0,1,0
mafredri__cdp,trivy,8,0,5,5,3,0,8,0,0,8,0,5,5,3,0,8,0,0,3,0,0,0,0,0
mafredri__cdp,cdxgen,5,0,8,5,0,0,5,0,3,5,0,8,5,0,0,5,0,3,0,0,0,0,0,0
mafredri__cdp,cyclonedx-gomod,5,0,8,5,0,0,5,0,3,5,0,8,5,0,0,5,0,3,0,0,0,0,0,0
grpc__grpc-go,syft,61,53,24,39,75,0,40,74,0,50,84,35,39,95,0,40,94,0,1,0,0,1,6,67
grpc__grpc-go,trivy,55,48,30,39,64,0,40,63,0,44,72,41,39,77,0,40,76,0,1,0,0,1,0,62
grpc__grpc-go,cdxgen,50,30,35,39,41,0,40,40,0,42,45,43,39,48,0,40,47,0,1,0,0,0,0,40
grpc__grpc-go,cyclonedx-gomod,40,0,45,39,1,0,39,1,1,40,0,45,39,1,0,39,1,1,0,0,0,1,0,0
shomali11__gridder,syft,8,0,2,3,5,0,7,1,0,8,0,2,3,5,0,7,1,0,4,0,0,0,1,0
shomali11__gridder,trivy,10,0,0,3,7,0,7,3,0,10,0,0,3,7,0,7,3,0,4,0,0,0,3,0
shomali11__gridder,cdxgen,3,0,7,3,0,0,3,0,4,3,0,7,3,0,0,3,0,4,0,0,0,0,0,0
shomali11__gridder,cyclonedx-gomod,3,0,7,3,0,0,3,0,4,3,0,7,3,0,0,3,0,4,0,0,0,0,0,0
goioc__di,syft,7,0,1,2,5,0,6,1,0,7,0,1,2,5,0,6,1,0,4,0,0,0,1,0
goioc__di,trivy,6,0,2,2,4,0,6,0,0,6,0,2,2,4,0,6,0,0,4,0,0,0,0,0
goioc__di,cdxgen,2,0,6,2,0,0,2,0,4,2,0,6,2,0,0,2,0,4,0,0,0,0,0,0
goioc__di,cyclonedx-gomod,2,0,6,2,0,0,2,0,4,2,0,6,2,0,0,2,0,4,0,0,0,0,0,0
codenotary__immudb,syft,152,19,337,80,91,1,84,87,1,142,68,347,80,130,1,84,126,1,4,1,6,20,41,19
codenotary__immudb,trivy,134,13,355,80,67,1,84,63,1,125,52,364,80,97,1,84,93,1,4,1,6,20,23,13
codenotary__immudb,cdxgen,135,9,354,81,63,0,85,59,0,126,48,363,81,93,0,85,89,0,4,1,6,20,22,10
codenotary__immudb,cyclonedx-gomod,105,1,384,78,28,3,78,28,7,104,2,385,77,29,4,77,29,8,0,1,6,20,1,0
labstack__echo,syft,8,0,7,1,7,0,7,1,0,8,0,7,1,7,0,7,1,0,6,0,0,0,1,0
labstack__echo,trivy,7,0,8,1,6,0,7,0,0,7,0,8,1,6,0,7,0,0,6,0,0,0,0,0
labstack__echo,cdxgen,1,0,14,1,0,0,1,0,6,1,0,14,1,0,0,1,0,6,0,0,0,0,0,0
labstack__echo,cyclonedx-gomod,1,0,14,1,0,0,1,0,6,1,0,14,1,0,0,1,0,6,0,0,0,0,0,0
elgopher__pi,syft,22,0,20,10,12,0,14,8,0,22,0,20,10,12,0,14,8,0,4,2,0,5,1,0
elgopher__pi,trivy,21,0,21,10,11,0,14,7,0,21,0,21,10,11,0,14,7,0,4,2,0,5,0,0
elgopher__pi,cdxgen,10,0,32,10,0,0,10,0,4,10,0,32,10,0,0,10,0,4,0,0,0,0,0,0
elgopher__pi,cyclonedx-gomod,15,0,27,10,5,0,10,5,4,15,0,27,10,5,0,10,5,4,0,2,0,3,0,0
aafeher__go-sitemap-parser,syft,2,0,6,2,0,0,2,0,0,2,0,6,2,0,0,2,0,0,0,0,0,0,0,0
aafeher__go-sitemap-parser,trivy,2,0,6,2,0,0,2,0,0,2,0,6,2,0,0,2,0,0,0,0,0,0,0,0
aafeher__go-sitemap-parser,cdxgen,2,0,6,2,0,0,2,0,0,2,0,6,2,0,0,2,0,0,0,0,0,0,0,0
aafeher__go-sitemap-parser,cyclonedx-gomod,2,0,6,2,0,0,2,0,0,2,0,6,2,0,0,2,0,0,0,0,0,0,0,0
hashicorp__raft,syft,19,6,58,10,15,0,14,11,0,19,6,58,10,15,0,14,11,0,4,0,0,1,4,6
hashicorp__raft,trivy,15,5,62,10,10,0,14,6,0,15,5,62,10,10,0,14,6,0,4,0,0,1,0,5
hashicorp__raft,cdxgen,NA
hashicorp__raft,cyclonedx-gomod,10,0,67,10,0,0,10,0,4,10,0,67,10,0,0,10,0,4,0,0,0,0,0,0
VinGarcia__ksql,syft,9,104,3,4,109,0,4,109,0,8,151,4,4,155,0,4,155,0,0,0,0,2,3,104
VinGarcia__ksql,trivy,12,151,0,4,159,0,4,159,0,12,199,0,4,207,0,4,207,0,0,0,0,2,6,151
VinGarcia__ksql,cdxgen,4,62,8,4,62,0,4,62,0,4,75,8,4,75,0,4,75,0,0,0,0,0,0,62
VinGarcia__ksql,cyclonedx-gomod,4,0,8,4,0,0,4,0,0,4,0,8,4,0,0,4,0,0,0,0,0,0,0,0
unidoc__unioffice,syft,33,0,13,28,5,0,28,5,0,33,0,13,28,5,0,28,5,0,0,0,0,0,5,0
unidoc__unioffice,trivy,28,0,18,28,0,0,28,0,0,28,0,18,28,0,0,28,0,0,0,0,0,0,0,0
unidoc__unioffice,cdxgen,28,0,18,28,0,0,28,0,0,28,0,18,28,0,0,28,0,0,0,0,0,0,0,0
unidoc__unioffice,cyclonedx-gomod,28,0,18,28,0,0,28,0,0,28,0,18,28,0,0,28,0,0,0,0,0,0,0,0
vladopajic__go-test-coverage,syft,47,0,17,15,32,0,20,27,0,47,0,17,15,32,0,20,27,0,5,0,0,5,22,0
vladopajic__go-test-coverage,trivy,25,0,39,15,10,0,20,5,0,25,0,39,15,10,0,20,5,0,5,0,0,5,0,0
vladopajic__go-test-coverage,cdxgen,15,0,49,15,0,0,15,0,5,15,0,49,15,0,0,15,0,5,0,0,0,0,0,0
vladopajic__go-test-coverage,cyclonedx-gomod,15,0,49,15,0,0,15,0,5,15,0,49,15,0,0,15,0,5,0,0,0,0,0,0
gogpu__gg,syft,9,16,3,6,19,0,8,17,0,9,27,3,6,30,0,8,28,0,2,0,0,1,0,16
gogpu__gg,trivy,9,15,3,6,18,0,8,16,0,9,16,3,6,19,0,8,17,0,2,0,0,1,0,15
gogpu__gg,cdxgen,8,1,4,6,3,0,8,1,0,8,2,4,6,4,0,8,2,0,2,0,0,0,0,1
gogpu__gg,cyclonedx-gomod,8,0,4,6,2,0,7,1,1,8,0,4,6,2,0,7,1,1,1,0,0,1,0,0
kubeservice-stack__common,syft,199,0,333,117,82,0,152,47,0,198,1,334,116,83,1,151,48,1,35,0,0,9,38,0
kubeservice-stack__common,trivy,161,0,371,117,44,0,152,9,0,160,1,372,116,45,1,151,10,1,35,0,0,9,0,0
kubeservice-stack__common,cdxgen,117,0,415,117,0,0,117,0,35,117,0,415,117,0,0,117,0,35,0,0,0,0,0,0
kubeservice-stack__common,cyclonedx-gomod,113,0,419,113,0,4,113,0,39,112,1,420,112,1,5,112,1,40,0,0,0,0,0,0
jmorganca__ollama,syft,112,0,64,71,41,0,75,37,0,112,0,64,71,41,0,75,37,0,4,7,0,12,18,0
jmorganca__ollama,trivy,94,0,82,71,23,0,75,19,0,94,0,82,71,23,0,75,19,0,4,7,0,12,0,0
jmorganca__ollama,cdxgen,71,0,105,71,0,0,71,0,4,71,0,105,71,0,0,71,0,4,0,0,0,0,0,0
jmorganca__ollama,cyclonedx-gomod,89,0,87,71,18,0,71,18,4,89,0,87,71,18,0,71,18,4,0,7,0,11,0,0
spf13__viper,syft,23,81,2,11,93,0,15,89,0,22,88,3,11,99,0,15,95,0,4,0,0,2,4,83
spf13__viper,trivy,18,66,7,11,73,0,15,69,0,18,67,7,11,74,0,15,70,0,4,0,0,2,0,67
spf13__viper,cdxgen,12,63,13,11,64,0,11,64,4,12,64,13,11,65,0,11,65,4,0,0,0,0,0,64
spf13__viper,cyclonedx-gomod,11,0,14,11,0,0,11,0,4,11,0,14,11,0,0,11,0,4,0,0,0,0,0,0
coregx__coregex,syft,2,0,0,2,0,0,2,0,0,2,0,0,2,0,0,2,0,0,0,0,0,0,0,0
coregx__coregex,trivy,2,0,0,2,0,0,2,0,0,2,0,0,2,0,0,2,0,0,0,0,0,0,0,0
coregx__coregex,cdxgen,2,0,0,2,0,0,2,0,0,2,0,0,2,0,0,2,0,0,0,0,0,0,0,0
coregx__coregex,cyclonedx-gomod,2,0,0,2,0,0,2,0,0,2,0,0,2,0,0,2,0,0,0,0,0,0,0,0
samber__do,syft,69,0,18,1,68,0,6,63,0,69,3,18,1,71,0,6,66,0,5,0,0,1,2,60
samber__do,trivy,71,0,16,1,70,0,6,65,0,71,3,16,1,73,0,6,68,0,5,0,0,1,2,62
samber__do,cdxgen,31,0,56,1,30,0,2,29,4,31,0,56,1,30,0,2,29,4,1,0,0,0,0,29
samber__do,cyclonedx-gomod,63,0,24,1,62,0,2,61,4,63,0,24,1,62,0,2,61,4,1,0,0,0,0,61
go-kratos__kratos,syft,40,233,12,14,259,0,14,259,0,38,241,14,14,265,0,14,265,0,0,0,0,4,18,237
go-kratos__kratos,trivy,35,208,17,14,229,0,14,229,0,34,211,18,14,231,0,14,231,0,0,0,0,4,13,212
go-kratos__kratos,cdxgen,29,163,23,14,178,0,14,178,0,28,166,24,14,180,0,14,180,0,0,0,0,1,10,167
go-kratos__kratos,cyclonedx-gomod,14,0,38,14,0,0,14,0,0,14,0,38,14,0,0,14,0,0,0,0,0,0,0,0
wellington__wellington,syft,12,0,93,10,2,0,10,2,0,12,0,93,10,2,0,10,2,0,0,0,1,0,1,0
wellington__wellington,trivy,105,0,0,10,95,0,10,95,0,105,0,0,10,95,0,10,95,0,0,1,1,0,93,0
wellington__wellington,cdxgen,10,0,95,10,0,0,10,0,0,10,0,95,10,0,0,10,0,0,0,0,0,0,0,0
wellington__wellington,cyclonedx-gomod,12,0,93,10,2,0,10,2,0,12,0,93,10,2,0,10,2,0,0,1,1,0,0,0
fclairamb__ftpserverlib,syft,8,1,5,3,6,0,7,2,1,8,1,5,3,6,0,7,2,1,4,0,0,0,2,0
fclairamb__ftpserverlib,trivy,7,1,6,3,5,0,7,1,1,7,1,6,3,5,0,7,1,1,4,0,0,0,1,0
fclairamb__ftpserverlib,cdxgen,3,0,10,3,0,0,3,0,5,3,0,10,3,0,0,3,0,5,0,0,0,0,0,0
fclairamb__ftpserverlib,cyclonedx-gomod,3,0,10,3,0,0,3,0,5,3,0,10,3,0,0,3,0,5,0,0,0,0,0,0
Edgenesis__shifu,syft,166,0,269,126,40,0,134,32,0,166,0,269,126,40,0,134,32,0,8,1,0,2,29,0
Edgenesis__shifu,trivy,137,0,298,126,11,0,134,3,0,137,0,298,126,11,0,134,3,0,8,1,0,2,0,0
Edgenesis__shifu,cdxgen,126,0,309,126,0,0,126,0,8,126,0,309,126,0,0,126,0,8,0,0,0,0,0,0
Edgenesis__shifu,cyclonedx-gomod,119,0,316,118,1,8,118,1,16,119,0,316,118,1,8,118,1,16,0,1,0,0,0,0
progrium__darwinkit,syft,1,0,0,1,0,0,1,0,0,1,0,0,1,0,0,1,0,0,0,0,0,0,0,0
progrium__darwinkit,trivy,1,0,0,1,0,0,1,0,0,1,0,0,1,0,0,1,0,0,0,0,0,0,0,0
progrium__darwinkit,cdxgen,1,0,0,1,0,0,1,0,0,1,0,0,1,0,0,1,0,0,0,0,0,0,0,0
progrium__darwinkit,cyclonedx-gomod,1,0,0,1,0,0,1,0,0,1,0,0,1,0,0,1,0,0,0,0,0,0,0,0
corbym__gogiven,syft,2,0,0,1,1,0,2,0,0,2,0,0,1,1,0,2,0,0,1,0,0,0,0,0
corbym__gogiven,trivy,2,0,0,1,1,0,2,0,0,2,0,0,1,1,0,2,0,0,1,0,0,0,0,0
corbym__gogiven,cdxgen,1,0,1,1,0,0,1,0,1,1,0,1,1,0,0,1,0,1,0,0,0,0,0,0
corbym__gogiven,cyclonedx-gomod,1,0,1,1,0,0,1,0,1,1,0,1,1,0,0,1,0,1,0,0,0,0,0,0
hashmap-kz__relimpact,syft,9,0,5,7,2,0,7,2,0,9,0,5,7,2,0,7,2,0,0,0,0,1,1,0
hashmap-kz__relimpact,trivy,8,0,6,7,1,0,7,1,0,8,0,6,7,1,0,7,1,0,0,0,0,1,0,0
hashmap-kz__relimpact,cdxgen,7,0,7,7,0,0,7,0,0,7,0,7,7,0,0,7,0,0,0,0,0,0,0,0
hashmap-kz__relimpact,cyclonedx-gomod,4,0,10,4,0,3,4,0,3,4,0,10,4,0,3,4,0,3,0,0,0,0,0,0
aldor007__mort,syft,132,0,194,95,37,0,105,27,0,132,0,194,95,37,0,105,27,0,10,0,0,2,25,0
aldor007__mort,trivy,107,0,219,95,12,0,105,2,0,107,0,219,95,12,0,105,2,0,10,0,0,2,0,0
aldor007__mort,cdxgen,95,0,231,95,0,0,95,0,10,95,0,231,95,0,0,95,0,10,0,0,0,0,0,0
aldor007__mort,cyclonedx-gomod,97,0,229,95,2,0,95,2,10,97,0,229,95,2,0,95,2,10,0,0,0,2,0,0
govalues__money,syft,1,0,0,1,0,0,1,0,0,1,0,0,1,0,0,1,0,0,0,0,0,0,0,0
govalues__money,trivy,1,0,0,1,0,0,1,0,0,1,0,0,1,0,0,1,0,0,0,0,0,0,0,0
govalues__money,cdxgen,1,0,0,1,0,0,1,0,0,1,0,0,1,0,0,1,0,0,0,0,0,0,0,0
govalues__money,cyclonedx-gomod,1,0,0,1,0,0,1,0,0,1,0,0,1,0,0,1,0,0,0,0,0,0,0,0
rsteube__carapace-bin,syft,20,2,7,15,7,2,15,7,2,20,2,7,15,7,2,15,7,2,0,1,0,0,6,0
rsteube__carapace-bin,trivy,16,2,11,15,3,2,15,3,2,16,2,11,15,3,2,15,3,2,0,1,0,0,2,0
rsteube__carapace-bin,cdxgen,17,0,10,17,0,0,17,0,0,17,0,10,17,0,0,17,0,0,0,0,0,0,0,0
rsteube__carapace-bin,cyclonedx-gomod,16,2,11,15,3,2,15,3,2,16,2,11,15,3,2,15,3,2,0,1,0,0,2,0
agnivade__wasmbrowsertest,syft,14,0,2,9,5,0,9,5,0,14,0,2,9,5,0,9,5,0,0,0,0,1,4,0
agnivade__wasmbrowsertest,trivy,10,0,6,9,1,0,9,1,0,10,0,6,9,1,0,9,1,0,0,0,0,1,0,0
agnivade__wasmbrowsertest,cdxgen,9,0,7,9,0,0,9,0,0,9,0,7,9,0,0,9,0,0,0,0,0,0,0,0
agnivade__wasmbrowsertest,cyclonedx-gomod,10,0,6,9,1,0,9,1,0,10,0,6,9,1,0,9,1,0,0,0,0,1,0,0
awalterschulze__goderive,syft,4,0,3,3,1,0,3,1,0,4,0,3,3,1,0,3,1,0,0,0,0,0,1,0
awalterschulze__goderive,trivy,3,0,4,3,0,0,3,0,0,3,0,4,3,0,0,3,0,0,0,0,0,0,0,0
awalterschulze__goderive,cdxgen,3,0,4,3,0,0,3,0,0,3,0,4,3,0,0,3,0,0,0,0,0,0,0,0
awalterschulze__goderive,cyclonedx-gomod,3,0,4,3,0,0,3,0,0,3,0,4,3,0,0,3,0,0,0,0,0,0,0,0
krotik__eliasdb,syft,3,0,0,3,0,0,3,0,0,3,0,0,3,0,0,3,0,0,0,0,0,0,0,0
krotik__eliasdb,trivy,3,0,0,3,0,0,3,0,0,3,0,0,3,0,0,3,0,0,0,0,0,0,0,0
krotik__eliasdb,cdxgen,3,0,0,3,0,0,3,0,0,3,0,0,3,0,0,3,0,0,0,0,0,0,0,0
krotik__eliasdb,cyclonedx-gomod,3,0,0,3,0,0,3,0,0,3,0,0,3,0,0,3,0,0,0,0,0,0,0,0
ggicci__httpin,syft,NA
ggicci__httpin,trivy,NA
ggicci__httpin,cdxgen,NA
ggicci__httpin,cyclonedx-gomod,NA
thestrukture__ide,syft,34,0,58,20,14,0,20,14,0,34,0,58,20,14,0,20,14,0,0,0,0,8,6,0
thestrukture__ide,trivy,28,0,64,20,8,0,20,8,0,28,0,64,20,8,0,20,8,0,0,0,0,8,0,0
thestrukture__ide,cdxgen,20,0,72,20,0,0,20,0,0,20,0,72,20,0,0,20,0,0,0,0,0,0,0,0
thestrukture__ide,cyclonedx-gomod,23,0,69,20,3,0,20,3,0,23,0,69,20,3,0,20,3,0,0,0,0,3,0,0
masterzen__winrm,syft,29,0,10,19,10,0,22,7,0,29,0,10,19,10,0,22,7,0,3,0,0,1,6,0
masterzen__winrm,trivy,23,0,16,19,4,0,22,1,0,23,0,16,19,4,0,22,1,0,3,0,0,1,0,0
masterzen__winrm,cdxgen,19,0,20,19,0,0,19,0,3,19,0,20,19,0,0,19,0,3,0,0,0,0,0,0
masterzen__winrm,cyclonedx-gomod,19,0,20,19,0,0,19,0,3,19,0,20,19,0,0,19,0,3,0,0,0,0,0,0
danielgtaylor__huma,syft,74,3,20,48,29,0,52,25,0,74,6,20,48,32,0,52,28,0,4,1,0,13,8,3
danielgtaylor__huma,trivy,66,3,28,48,21,0,52,17,0,66,3,28,48,21,0,52,17,0,4,1,0,13,0,3
danielgtaylor__huma,cdxgen,48,2,46,48,2,0,48,2,4,48,2,46,48,2,0,48,2,4,0,0,0,0,0,2
danielgtaylor__huma,cyclonedx-gomod,59,0,35,47,12,1,47,12,5,59,0,35,47,12,1,47,12,5,0,1,0,11,0,0
aplescia-chwy__lets-go,syft,35,0,9,11,24,0,15,20,0,35,0,9,11,24,0,15,20,0,4,0,0,2,18,0
aplescia-chwy__lets-go,trivy,44,0,0,11,33,0,15,29,0,44,0,0,11,33,0,15,29,0,4,1,0,2,26,0
aplescia-chwy__lets-go,cdxgen,11,0,33,11,0,0,11,0,4,11,0,33,11,0,0,11,0,4,0,0,0,0,0,0
aplescia-chwy__lets-go,cyclonedx-gomod,12,0,32,11,1,0,11,1,4,12,0,32,11,1,0,11,1,4,0,1,0,0,0,0
andygrunwald__go-trending,syft,3,1,11,3,1,0,3,1,0,3,1,11,3,1,0,3,1,0,0,0,0,0,0,1
andygrunwald__go-trending,trivy,3,1,11,3,1,0,3,1,0,3,1,11,3,1,0,3,1,0,0,0,0,0,0,1
andygrunwald__go-trending,cdxgen,3,0,11,3,0,0,3,0,0,3,0,11,3,0,0,3,0,0,0,0,0,0,0,0
andygrunwald__go-trending,cyclonedx-gomod,3,0,11,3,0,0,3,0,0,3,0,11,3,0,0,3,0,0,0,0,0,0,0,0
go-playground__webhooks,syft,6,0,1,1,5,0,5,1,0,6,0,1,1,5,0,5,1,0,4,0,0,0,1,0
go-playground__webhooks,trivy,5,0,2,1,4,0,5,0,0,5,0,2,1,4,0,5,0,0,4,0,0,0,0,0
go-playground__webhooks,cdxgen,1,0,6,1,0,0,1,0,4,1,0,6,1,0,0,1,0,4,0,0,0,0,0,0
go-playground__webhooks,cyclonedx-gomod,1,0,6,1,0,0,1,0,4,1,0,6,1,0,0,1,0,4,0,0,0,0,0,0
olebedev__when,syft,6,0,0,2,4,0,5,1,0,6,0,0,2,4,0,5,1,0,3,0,0,1,0,0
olebedev__when,trivy,6,0,0,2,4,0,5,1,0,6,0,0,2,4,0,5,1,0,3,0,0,1,0,0
olebedev__when,cdxgen,2,0,4,2,0,0,2,0,3,2,0,4,2,0,0,2,0,3,0,0,0,0,0,0
olebedev__when,cyclonedx-gomod,2,0,4,2,0,0,2,0,3,2,0,4,2,0,0,2,0,3,0,0,0,0,0,0
tdewolff__canvas,syft,91,0,60,63,28,0,64,27,0,91,0,60,63,28,0,64,27,0,1,0,2,13,12,0
tdewolff__canvas,trivy,129,145,22,63,211,0,64,210,0,106,214,45,63,257,0,64,256,0,1,0,2,13,21,174
tdewolff__canvas,cdxgen,79,1,72,63,17,0,64,16,0,79,1,72,63,17,0,64,16,0,1,0,2,13,0,1
tdewolff__canvas,cyclonedx-gomod,69,0,82,63,6,0,63,6,1,69,0,82,63,6,0,63,6,1,0,0,2,4,0,0
shurcooL__gostatus,syft,6,0,0,6,0,0,6,0,0,6,0,0,6,0,0,6,0,0,0,0,0,0,0,0
shurcooL__gostatus,trivy,6,0,0,6,0,0,6,0,0,6,0,0,6,0,0,6,0,0,0,0,0,0,0,0
shurcooL__gostatus,cdxgen,6,0,0,6,0,0,6,0,0,6,0,0,6,0,0,6,0,0,0,0,0,0,0,0
shurcooL__gostatus,cyclonedx-gomod,6,0,0,6,0,0,6,0,0,6,0,0,6,0,0,6,0,0,0,0,0,0,0,0
lf-edge__ekuiper,syft,436,3,487,150,289,1,154,285,1,431,19,492,149,301,2,153,297,2,4,5,34,218,23,5
lf-edge__ekuiper,trivy,413,3,510,150,266,1,154,262,1,411,12,512,149,274,2,153,270,2,4,5,34,218,2,3
lf-edge__ekuiper,cdxgen,416,2,507,151,267,0,155,263,0,413,12,510,151,274,0,155,270,0,4,5,34,218,3,3
lf-edge__ekuiper,cyclonedx-gomod,398,1,525,150,249,1,150,249,5,396,3,527,149,250,2,149,250,6,0,5,33,210,1,0
ddosify__alaz,syft,131,28,193,108,51,7,111,48,7,130,30,194,107,53,8,110,50,8,3,1,0,7,19,21
ddosify__alaz,trivy,119,7,205,108,18,7,111,15,7,118,8,206,107,19,8,110,16,8,3,1,0,7,7,0
ddosify__alaz,cdxgen,115,0,209,115,0,0,115,0,3,115,0,209,115,0,0,115,0,3,0,0,0,0,0,0
ddosify__alaz,cyclonedx-gomod,112,7,212,106,13,9,106,13,12,111,8,213,105,14,10,105,14,13,0,1,0,5,7,0
osamingo__indigo,syft,2,0,0,2,0,0,2,0,0,2,0,0,2,0,0,2,0,0,0,0,0,0,0,0
osamingo__indigo,trivy,2,0,0,2,0,0,2,0,0,2,0,0,2,0,0,2,0,0,0,0,0,0,0,0
osamingo__indigo,cdxgen,2,0,0,2,0,0,2,0,0,2,0,0,2,0,0,2,0,0,0,0,0,0,0,0
osamingo__indigo,cyclonedx-gomod,2,0,0,2,0,0,2,0,0,2,0,0,2,0,0,2,0,0,0,0,0,0,0,0
jkaninda__goma-gateway,syft,90,0,218,63,27,0,66,24,0,90,0,218,63,27,0,66,24,0,3,2,0,3,19,0
jkaninda__goma-gateway,trivy,71,0,237,63,8,0,66,5,0,71,0,237,63,8,0,66,5,0,3,2,0,3,0,0
jkaninda__goma-gateway,cdxgen,63,0,245,63,0,0,63,0,3,63,0,245,63,0,0,63,0,3,0,0,0,0,0,0
jkaninda__goma-gateway,cyclonedx-gomod,68,0,240,63,5,0,63,5,3,68,0,240,63,5,0,63,5,3,0,2,0,3,0,0
alexcfv__go-pcaplite,syft,3,0,7,1,2,0,1,2,0,3,0,7,1,2,0,1,2,0,0,1,0,0,1,0
alexcfv__go-pcaplite,trivy,10,0,0,1,9,0,1,9,0,10,0,0,1,9,0,1,9,0,0,1,0,0,8,0
alexcfv__go-pcaplite,cdxgen,1,0,9,1,0,0,1,0,0,1,0,9,1,0,0,1,0,0,0,0,0,0,0,0
alexcfv__go-pcaplite,cyclonedx-gomod,2,0,8,1,1,0,1,1,0,2,0,8,1,1,0,1,1,0,0,1,0,0,0,0
Eun__go-hit,syft,44,0,8,30,14,0,35,9,0,44,42,8,30,56,0,35,51,0,5,0,0,3,6,0
Eun__go-hit,trivy,52,0,0,30,22,0,35,17,0,52,53,0,30,75,0,35,70,0,5,0,0,3,14,0
Eun__go-hit,cdxgen,38,0,14,30,8,0,35,3,0,38,0,14,30,8,0,35,3,0,5,0,0,3,0,0
Eun__go-hit,cyclonedx-gomod,30,0,22,30,0,0,30,0,5,30,0,22,30,0,0,30,0,5,0,0,0,0,0,0
skeema__skeema,syft,12,0,2,9,3,0,9,3,0,12,0,2,9,3,0,9,3,0,0,0,0,1,2,0
skeema__skeema,trivy,10,0,4,9,1,0,9,1,0,10,0,4,9,1,0,9,1,0,0,0,0,1,0,0
skeema__skeema,cdxgen,10,0,4,9,1,0,9,1,0,10,0,4,9,1,0,9,1,0,0,0,0,1,0,0
skeema__skeema,cyclonedx-gomod,9,0,5,9,0,0,9,0,0,9,0,5,9,0,0,9,0,0,0,0,0,0,0,0
dghubble__gologin,syft,47,7,27,34,20,0,34,20,0,47,30,27,34,43,0,34,43,0,0,0,0,0,11,9
dghubble__gologin,trivy,37,6,37,34,9,0,34,9,0,36,25,38,34,27,0,34,27,0,0,0,0,0,1,8
dghubble__gologin,cdxgen,37,5,37,34,8,0,34,8,0,36,24,38,34,26,0,34,26,0,0,0,0,0,1,7
dghubble__gologin,cyclonedx-gomod,34,0,40,34,0,0,34,0,0,34,0,40,34,0,0,34,0,0,0,0,0,0,0,0
Noooste__azuretls-client,syft,41,0,91,21,20,0,24,17,0,41,0,91,21,20,0,24,17,0,3,0,0,2,15,0
Noooste__azuretls-client,trivy,26,0,106,21,5,0,24,2,0,26,0,106,21,5,0,24,2,0,3,0,0,2,0,0
Noooste__azuretls-client,cdxgen,21,0,111,21,0,0,21,0,3,21,0,111,21,0,0,21,0,3,0,0,0,0,0,0
Noooste__azuretls-client,cyclonedx-gomod,21,0,111,21,0,0,21,0,3,21,0,111,21,0,0,21,0,3,0,0,0,0,0,0
chanify__chanify,syft,76,0,91,42,34,0,43,33,0,76,0,91,42,34,0,43,33,0,1,1,0,18,14,0
chanify__chanify,trivy,62,0,105,42,20,0,43,19,0,62,0,105,42,20,0,43,19,0,1,1,0,18,0,0
chanify__chanify,cdxgen,42,0,125,42,0,0,42,0,1,42,0,125,42,0,0,42,0,1,0,0,0,0,0,0
chanify__chanify,cyclonedx-gomod,61,0,106,42,19,0,42,19,1,61,0,106,42,19,0,42,19,1,0,1,0,18,0,0
hsluoyz__casbin,syft,3,0,0,3,0,0,3,0,0,3,0,0,3,0,0,3,0,0,0,0,0,0,0,0
hsluoyz__casbin,trivy,3,0,0,3,0,0,3,0,0,3,0,0,3,0,0,3,0,0,0,0,0,0,0,0
hsluoyz__casbin,cdxgen,3,0,0,3,0,0,3,0,0,3,0,0,3,0,0,3,0,0,0,0,0,0,0,0
hsluoyz__casbin,cyclonedx-gomod,3,0,0,3,0,0,3,0,0,3,0,0,3,0,0,3,0,0,0,0,0,0,0,0
zenthangplus__go-workerpool,syft,6,0,1,1,5,0,5,1,0,6,0,1,1,5,0,5,1,0,4,0,0,0,1,0
zenthangplus__go-workerpool,trivy,7,0,0,1,6,0,5,2,0,7,0,0,1,6,0,5,2,0,4,0,0,0,2,0
zenthangplus__go-workerpool,cdxgen,1,0,6,1,0,0,1,0,4,1,0,6,1,0,0,1,0,4,0,0,0,0,0,0
zenthangplus__go-workerpool,cyclonedx-gomod,1,0,6,1,0,0,1,0,4,1,0,6,1,0,0,1,0,4,0,0,0,0,0,0
drone__drone,syft,289,1,512,217,73,0,222,68,0,289,1,512,217,73,0,222,68,0,5,1,0,6,60,1
drone__drone,trivy,229,0,572,217,12,0,222,7,0,229,0,572,217,12,0,222,7,0,5,1,0,6,0,0
drone__drone,cdxgen,229,1,572,217,13,0,222,8,0,229,1,572,217,13,0,222,8,0,5,1,0,6,0,1
drone__drone,cyclonedx-gomod,223,0,578,216,7,1,216,7,6,223,0,578,216,7,1,216,7,6,0,1,0,6,0,0
Dynom__TySug,syft,13,0,3,8,5,0,9,4,0,13,0,3,8,5,0,9,4,0,1,0,0,1,3,0
Dynom__TySug,trivy,10,0,6,8,2,0,9,1,0,10,0,6,8,2,0,9,1,0,1,0,0,1,0,0
Dynom__TySug,cdxgen,8,0,8,8,0,0,8,0,1,8,0,8,8,0,0,8,0,1,0,0,0,0,0,0
Dynom__TySug,cyclonedx-gomod,9,0,7,8,1,0,8,1,1,9,0,7,8,1,0,8,1,1,0,0,0,1,0,0
sinhashubham95__moxy,syft,27,0,12,21,6,0,25,2,0,27,0,12,21,6,0,25,2,0,4,0,0,0,2,0
sinhashubham95__moxy,trivy,39,0,0,21,18,0,25,14,0,39,0,0,21,18,0,25,14,0,4,0,0,0,14,0
sinhashubham95__moxy,cdxgen,21,0,18,21,0,0,21,0,4,21,0,18,21,0,0,21,0,4,0,0,0,0,0,0
sinhashubham95__moxy,cyclonedx-gomod,24,0,15,21,3,0,21,3,4,24,0,15,21,3,0,21,3,4,0,0,0,0,3,0
utahta__go-cronowriter,syft,10,0,0,2,8,0,2,8,0,10,0,0,2,8,0,2,8,0,0,0,0,8,0,0
utahta__go-cronowriter,trivy,10,0,0,2,8,0,2,8,0,10,0,0,2,8,0,2,8,0,0,0,0,8,0,0
utahta__go-cronowriter,cdxgen,2,0,8,2,0,0,2,0,0,2,0,8,2,0,0,2,0,0,0,0,0,0,0,0
utahta__go-cronowriter,cyclonedx-gomod,2,0,8,2,0,0,2,0,0,2,0,8,2,0,0,2,0,0,0,0,0,0,0,0
xujiajun__nutsdb,syft,17,0,3,13,4,0,13,4,0,17,0,3,13,4,0,13,4,0,0,0,0,2,2,0
xujiajun__nutsdb,trivy,15,0,5,13,2,0,13,2,0,15,0,5,13,2,0,13,2,0,0,0,0,2,0,0
xujiajun__nutsdb,cdxgen,13,0,7,13,0,0,13,0,0,13,0,7,13,0,0,13,0,0,0,0,0,0,0,0
xujiajun__nutsdb,cyclonedx-gomod,10,0,10,10,0,3,10,0,3,10,0,10,10,0,3,10,0,3,0,0,0,0,0,0
markbates__goth,syft,31,0,13,19,12,0,25,6,0,31,0,13,19,12,0,25,6,0,6,0,0,5,1,0
markbates__goth,trivy,30,0,14,19,11,0,25,5,0,30,0,14,19,11,0,25,5,0,6,0,0,5,0,0
markbates__goth,cdxgen,19,0,25,19,0,0,19,0,6,19,0,25,19,0,0,19,0,6,0,0,0,0,0,0
markbates__goth,cyclonedx-gomod,21,0,23,19,2,0,19,2,6,21,0,23,19,2,0,19,2,6,0,0,0,2,0,0
truemail-rb__truemail-go,syft,16,0,6,12,4,0,12,4,0,16,0,6,12,4,0,12,4,0,0,0,0,3,1,0
truemail-rb__truemail-go,trivy,15,0,7,12,3,0,12,3,0,15,0,7,12,3,0,12,3,0,0,0,0,3,0,0
truemail-rb__truemail-go,cdxgen,12,0,10,12,0,0,12,0,0,12,0,10,12,0,0,12,0,0,0,0,0,0,0,0
truemail-rb__truemail-go,cyclonedx-gomod,15,0,7,12,3,0,12,3,0,15,0,7,12,3,0,12,3,0,0,0,0,3,0,0
sourcegraph__zoekt,syft,177,0,210,121,56,0,131,46,0,177,0,210,121,56,0,131,46,0,10,4,0,3,39,0
sourcegraph__zoekt,trivy,138,0,249,121,17,0,131,7,0,138,0,249,121,17,0,131,7,0,10,4,0,3,0,0
sourcegraph__zoekt,cdxgen,121,0,266,121,0,0,121,0,10,121,0,266,121,0,0,121,0,10,0,0,0,0,0,0
sourcegraph__zoekt,cyclonedx-gomod,126,0,261,120,6,1,120,6,11,126,0,261,120,6,1,120,6,11,0,4,0,2,0,0
paulmach__osm,syft,8,0,31,5,3,0,6,2,0,8,0,31,5,3,0,6,2,0,1,0,0,0,2,0
paulmach__osm,trivy,6,0,33,5,1,0,6,0,0,6,0,33,5,1,0,6,0,0,1,0,0,0,0,0
paulmach__osm,cdxgen,5,0,34,5,0,0,5,0,1,5,0,34,5,0,0,5,0,1,0,0,0,0,0,0
paulmach__osm,cyclonedx-gomod,5,0,34,5,0,0,5,0,1,5,0,34,5,0,0,5,0,1,0,0,0,0,0,0
etcd-io__raft,syft,8,55,2,6,57,0,6,57,0,8,56,2,6,58,0,6,58,0,0,0,0,0,2,55
etcd-io__raft,trivy,7,56,3,6,57,0,6,57,0,6,57,4,6,57,0,6,57,0,0,0,0,0,1,56
etcd-io__raft,cdxgen,7,55,3,6,56,0,6,56,0,6,56,4,6,56,0,6,56,0,0,0,0,0,1,55
etcd-io__raft,cyclonedx-gomod,4,0,6,4,0,2,4,0,2,4,0,6,4,0,2,4,0,2,0,0,0,0,0,0
PerimeterX__marshmallow,syft,4,0,1,2,2,0,4,0,0,4,0,1,2,2,0,4,0,0,2,0,0,0,0,0
PerimeterX__marshmallow,trivy,4,0,1,2,2,0,4,0,0,4,0,1,2,2,0,4,0,0,2,0,0,0,0,0
PerimeterX__marshmallow,cdxgen,2,0,3,2,0,0,2,0,2,2,0,3,2,0,0,2,0,2,0,0,0,0,0,0
PerimeterX__marshmallow,cyclonedx-gomod,2,0,3,2,0,0,2,0,2,2,0,3,2,0,0,2,0,2,0,0,0,0,0,0
homedepot__flop,syft,6,0,0,1,5,0,5,1,0,6,0,0,1,5,0,5,1,0,4,0,0,0,0,1
homedepot__flop,trivy,6,0,0,1,5,0,5,1,0,6,0,0,1,5,0,5,1,0,4,0,0,0,0,1
homedepot__flop,cdxgen,1,0,5,1,0,0,1,0,4,1,0,5,1,0,0,1,0,4,0,0,0,0,0,0
homedepot__flop,cyclonedx-gomod,1,0,5,1,0,0,1,0,4,1,0,5,1,0,0,1,0,4,0,0,0,0,0,0
vinod-morya__fibersse,syft,24,0,4,16,8,0,16,8,0,24,0,4,16,8,0,16,8,0,0,0,0,0,8,0
vinod-morya__fibersse,trivy,16,0,12,16,0,0,16,0,0,16,0,12,16,0,0,16,0,0,0,0,0,0,0,0
vinod-morya__fibersse,cdxgen,16,0,12,16,0,0,16,0,0,16,0,12,16,0,0,16,0,0,0,0,0,0,0,0
vinod-morya__fibersse,cyclonedx-gomod,16,0,12,16,0,0,16,0,0,16,0,12,16,0,0,16,0,0,0,0,0,0,0,0
offen__docker-volume-backup,syft,144,0,251,88,56,0,88,56,0,144,0,251,88,56,0,88,56,0,0,2,0,9,45,0
offen__docker-volume-backup,trivy,99,0,296,88,11,0,88,11,0,99,0,296,88,11,0,88,11,0,0,2,0,9,0,0
offen__docker-volume-backup,cdxgen,88,0,307,88,0,0,88,0,0,88,0,307,88,0,0,88,0,0,0,0,0,0,0,0
offen__docker-volume-backup,cyclonedx-gomod,90,0,305,88,2,0,88,2,0,90,0,305,88,2,0,88,2,0,0,2,0,0,0,0
MarvinJWendt__testza,syft,19,0,9,16,3,0,16,3,0,19,0,9,16,3,0,16,3,0,0,0,0,0,3,0
MarvinJWendt__testza,trivy,16,0,12,16,0,0,16,0,0,16,0,12,16,0,0,16,0,0,0,0,0,0,0,0
MarvinJWendt__testza,cdxgen,16,0,12,16,0,0,16,0,0,16,0,12,16,0,0,16,0,0,0,0,0,0,0,0
MarvinJWendt__testza,cyclonedx-gomod,16,0,12,16,0,0,16,0,0,16,0,12,16,0,0,16,0,0,0,0,0,0,0,0
ndabAP__entitydebs,syft,42,0,37,29,13,0,30,12,0,42,0,37,29,13,0,30,12,0,1,0,0,0,12,0
ndabAP__entitydebs,trivy,30,0,49,29,1,0,30,0,0,30,0,49,29,1,0,30,0,0,1,0,0,0,0,0
ndabAP__entitydebs,cdxgen,29,0,50,29,0,0,29,0,1,29,0,50,29,0,0,29,0,1,0,0,0,0,0,0
ndabAP__entitydebs,cyclonedx-gomod,29,0,50,29,0,0,29,0,1,29,0,50,29,0,0,29,0,1,0,0,0,0,0,0
chrislusf__gleam,syft,96,0,182,68,28,0,68,28,0,96,0,182,68,28,0,68,28,0,0,0,0,2,26,0
chrislusf__gleam,trivy,70,0,208,68,2,0,68,2,0,70,0,208,68,2,0,68,2,0,0,0,0,2,0,0
chrislusf__gleam,cdxgen,68,0,210,68,0,0,68,0,0,68,0,210,68,0,0,68,0,0,0,0,0,0,0,0
chrislusf__gleam,cyclonedx-gomod,69,0,209,68,1,0,68,1,0,69,0,209,68,1,0,68,1,0,0,0,0,1,0,0
kazhuravlev__options-gen,syft,18,0,5,11,7,0,15,3,0,18,0,5,11,7,0,15,3,0,4,0,0,0,3,0
kazhuravlev__options-gen,trivy,15,0,8,11,4,0,15,0,0,15,0,8,11,4,0,15,0,0,4,0,0,0,0,0
kazhuravlev__options-gen,cdxgen,11,0,12,11,0,0,11,0,4,11,0,12,11,0,0,11,0,4,0,0,0,0,0,0
kazhuravlev__options-gen,cyclonedx-gomod,11,0,12,11,0,0,11,0,4,11,0,12,11,0,0,11,0,4,0,0,0,0,0,0
osamingo__shamoji,syft,7,0,2,6,1,0,6,1,0,7,0,2,6,1,0,6,1,0,0,0,0,0,1,0
osamingo__shamoji,trivy,6,0,3,6,0,0,6,0,0,6,0,3,6,0,0,6,0,0,0,0,0,0,0,0
osamingo__shamoji,cdxgen,6,0,3,6,0,0,6,0,0,6,0,3,6,0,0,6,0,0,0,0,0,0,0,0
osamingo__shamoji,cyclonedx-gomod,6,0,3,6,0,0,6,0,0,6,0,3,6,0,0,6,0,0,0,0,0,0,0,0
allaboutapps__go-starter,syft,147,0,100,87,60,0,95,52,0,147,0,100,87,60,0,95,52,0,8,1,1,34,16,0
allaboutapps__go-starter,trivy,131,0,116,87,44,0,95,36,0,131,0,116,87,44,0,95,36,0,8,1,1,34,0,0
allaboutapps__go-starter,cdxgen,87,0,160,87,0,0,87,0,8,87,0,160,87,0,0,87,0,8,0,0,0,0,0,0
allaboutapps__go-starter,cyclonedx-gomod,130,0,117,87,43,0,94,36,1,130,0,117,87,43,0,94,36,1,7,1,1,34,0,0
hedhyw__json-log-viewer,syft,42,2,17,32,12,2,32,12,2,42,2,17,32,12,2,32,12,2,0,2,0,1,9,0
hedhyw__json-log-viewer,trivy,35,2,24,32,5,2,32,5,2,35,2,24,32,5,2,32,5,2,0,2,0,1,2,0
hedhyw__json-log-viewer,cdxgen,34,0,25,34,0,0,34,0,0,34,0,25,34,0,0,34,0,0,0,0,0,0,0,0
hedhyw__json-log-viewer,cyclonedx-gomod,34,2,25,32,4,2,32,4,2,34,2,25,32,4,2,32,4,2,0,2,0,0,2,0
stretchr__testify,syft,3,1,0,2,2,0,2,2,0,3,1,0,2,2,0,2,2,0,0,0,0,0,1,1
stretchr__testify,trivy,3,1,0,2,2,0,2,2,0,3,1,0,2,2,0,2,2,0,0,0,0,0,1,1
stretchr__testify,cdxgen,2,0,1,2,0,0,2,0,0,2,0,1,2,0,0,2,0,0,0,0,0,0,0,0
stretchr__testify,cyclonedx-gomod,2,0,1,2,0,0,2,0,0,2,0,1,2,0,0,2,0,0,0,0,0,0,0,0
antham__yogo,syft,27,0,13,17,10,0,22,5,0,27,0,13,17,10,0,22,5,0,5,1,0,2,2,0
antham__yogo,trivy,25,0,15,17,8,0,22,3,0,25,0,15,17,8,0,22,3,0,5,1,0,2,0,0
antham__yogo,cdxgen,17,0,23,17,0,0,17,0,5,17,0,23,17,0,0,17,0,5,0,0,0,0,0,0
antham__yogo,cyclonedx-gomod,18,0,22,17,1,0,17,1,5,18,0,22,17,1,0,17,1,5,0,1,0,0,0,0
whitaker-io__machine,syft,1,46,0,1,46,0,1,46,0,1,51,0,1,51,0,1,51,0,0,0,0,0,0,46
whitaker-io__machine,trivy,1,41,0,1,41,0,1,41,0,1,45,0,1,45,0,1,45,0,0,0,0,0,0,41
whitaker-io__machine,cdxgen,1,31,0,1,31,0,1,31,0,1,34,0,1,34,0,1,34,0,0,0,0,0,0,31
whitaker-io__machine,cyclonedx-gomod,1,0,0,1,0,0,1,0,0,1,0,0,1,0,0,1,0,0,0,0,0,0,0,0
jutkko__copy-pasta,syft,24,0,5,10,14,0,18,6,0,24,11,5,10,25,0,18,17,0,8,0,0,1,5,0
jutkko__copy-pasta,trivy,29,0,0,10,19,0,18,11,0,29,12,0,10,31,0,18,23,0,8,0,0,1,10,0
jutkko__copy-pasta,cdxgen,21,0,8,10,11,0,18,3,0,21,0,8,10,11,0,18,3,0,8,0,0,1,2,0
jutkko__copy-pasta,cyclonedx-gomod,14,0,15,10,4,0,11,3,7,14,0,15,10,4,0,11,3,7,1,0,0,1,2,0
gopinath-langote__1build,syft,29,0,77,22,7,0,22,7,0,29,0,77,22,7,0,22,7,0,0,1,0,3,3,0
gopinath-langote__1build,trivy,26,0,80,22,4,0,22,4,0,26,0,80,22,4,0,22,4,0,0,1,0,3,0,0
gopinath-langote__1build,cdxgen,22,0,84,22,0,0,22,0,0,22,0,84,22,0,0,22,0,0,0,0,0,0,0,0
gopinath-langote__1build,cyclonedx-gomod,23,0,83,22,1,0,22,1,0,23,0,83,22,1,0,22,1,0,0,1,0,0,0,0
mainak55512__stto,syft,4,0,0,3,1,0,3,1,0,4,0,0,3,1,0,3,1,0,0,0,0,0,1,0
mainak55512__stto,trivy,3,0,1,3,0,0,3,0,0,3,0,1,3,0,0,3,0,0,0,0,0,0,0,0
mainak55512__stto,cdxgen,3,0,1,3,0,0,3,0,0,3,0,1,3,0,0,3,0,0,0,0,0,0,0,0
mainak55512__stto,cyclonedx-gomod,3,0,1,3,0,0,3,0,0,3,0,1,3,0,0,3,0,0,0,0,0,0,0,0
pingcap__tidb,syft,399,4,484,295,108,4,330,73,4,398,15,485,294,119,5,329,84,5,35,3,0,14,51,5
pingcap__tidb,trivy,352,4,531,295,61,4,330,26,4,351,13,532,294,70,5,329,35,5,35,3,0,14,4,5
pingcap__tidb,cdxgen,304,0,579,299,5,0,299,5,35,304,5,579,299,10,0,299,10,35,0,0,0,0,0,5
pingcap__tidb,cyclonedx-gomod,304,4,579,290,18,9,290,18,44,303,5,580,289,19,10,289,19,45,0,3,0,11,4,0
tinygo-org__tinygo,syft,50,14,39,15,49,0,17,47,0,50,15,39,15,50,0,17,48,0,2,0,5,21,7,14
tinygo-org__tinygo,trivy,43,12,46,15,40,0,17,38,0,43,13,46,15,41,0,17,39,0,2,0,5,21,0,12
tinygo-org__tinygo,cdxgen,43,7,46,15,35,0,17,33,0,43,8,46,15,36,0,17,34,0,2,0,5,21,0,7
tinygo-org__tinygo,cyclonedx-gomod,40,0,49,15,25,0,15,25,2,40,0,49,15,25,0,15,25,2,0,0,4,21,0,0
aliexpressru__gomemcached,syft,31,0,25,18,13,0,23,8,0,31,0,25,18,13,0,23,8,0,5,0,0,0,8,0
aliexpressru__gomemcached,trivy,23,0,33,18,5,0,23,0,0,23,0,33,18,5,0,23,0,0,5,0,0,0,0,0
aliexpressru__gomemcached,cdxgen,18,0,38,18,0,0,18,0,5,18,0,38,18,0,0,18,0,5,0,0,0,0,0,0
aliexpressru__gomemcached,cyclonedx-gomod,18,0,38,18,0,0,18,0,5,18,0,38,18,0,0,18,0,5,0,0,0,0,0,0
TwinProduction__gatus,syft,126,0,36,88,38,0,89,37,0,126,0,36,88,38,0,89,37,0,1,2,0,3,32,0
TwinProduction__gatus,trivy,94,0,68,88,6,0,89,5,0,94,0,68,88,6,0,89,5,0,1,2,0,3,0,0
TwinProduction__gatus,cdxgen,88,0,74,88,0,0,88,0,1,88,0,74,88,0,0,88,0,1,0,0,0,0,0,0
TwinProduction__gatus,cyclonedx-gomod,93,0,69,88,5,0,88,5,1,93,0,69,88,5,0,88,5,1,0,2,0,3,0,0
the4thamigo-uk__conflate,syft,11,0,0,7,4,0,10,1,0,11,0,0,7,4,0,10,1,0,3,0,0,0,1,0
the4thamigo-uk__conflate,trivy,11,0,0,7,4,0,10,1,0,11,0,0,7,4,0,10,1,0,3,0,0,0,1,0
the4thamigo-uk__conflate,cdxgen,7,0,4,7,0,0,7,0,3,7,0,4,7,0,0,7,0,3,0,0,0,0,0,0
the4thamigo-uk__conflate,cyclonedx-gomod,7,0,4,7,0,0,7,0,3,7,0,4,7,0,0,7,0,3,0,0,0,0,0,0
timothyye__godns,syft,49,0,17,33,16,0,33,16,0,49,0,17,33,16,0,33,16,0,0,0,0,6,10,0
timothyye__godns,trivy,39,0,27,33,6,0,33,6,0,39,0,27,33,6,0,33,6,0,0,0,0,6,0,0
timothyye__godns,cdxgen,39,0,27,33,6,0,33,6,0,39,0,27,33,6,0,33,6,0,0,0,0,6,0,0
timothyye__godns,cyclonedx-gomod,37,0,29,33,4,0,33,4,0,37,0,29,33,4,0,33,4,0,0,0,0,4,0,0
blockloop__scan,syft,10,0,6,1,9,0,6,4,0,10,0,6,1,9,0,6,4,0,5,0,0,2,2,0
blockloop__scan,trivy,8,1,8,1,8,0,6,3,0,8,1,8,1,8,0,6,3,0,5,0,0,2,0,1
blockloop__scan,cdxgen,8,0,8,1,7,0,6,2,0,8,0,8,1,7,0,6,2,0,5,0,0,2,0,0
blockloop__scan,cyclonedx-gomod,1,0,15,1,0,0,1,0,5,1,0,15,1,0,0,1,0,5,0,0,0,0,0,0
zegl__goriak,syft,10,0,1,4,6,0,8,2,0,10,0,1,4,6,0,8,2,0,4,0,0,0,0,2
zegl__goriak,trivy,9,0,2,4,5,0,8,1,0,9,0,2,4,5,0,8,1,0,4,0,0,0,0,1
zegl__goriak,cdxgen,4,0,7,4,0,0,4,0,4,4,0,7,4,0,0,4,0,4,0,0,0,0,0,0
zegl__goriak,cyclonedx-gomod,4,0,7,4,0,0,4,0,4,4,0,7,4,0,0,4,0,4,0,0,0,0,0,0
vbauerster__mpb,syft,9,32,3,5,36,0,5,36,0,9,32,3,5,36,0,5,36,0,0,0,0,3,1,32
vbauerster__mpb,trivy,8,28,4,5,31,0,5,31,0,8,28,4,5,31,0,5,31,0,0,0,0,3,0,28
vbauerster__mpb,cdxgen,5,6,7,5,6,0,5,6,0,5,6,7,5,6,0,5,6,0,0,0,0,0,0,6
vbauerster__mpb,cyclonedx-gomod,8,0,4,5,3,0,5,3,0,8,0,4,5,3,0,5,3,0,0,0,0,3,0,0
mvdan__xurls,syft,4,0,5,1,3,0,3,1,0,4,0,5,1,3,0,3,1,0,2,0,0,1,0,0
mvdan__xurls,trivy,4,0,5,1,3,0,3,1,0,4,0,5,1,3,0,3,1,0,2,0,0,1,0,0
mvdan__xurls,cdxgen,1,0,8,1,0,0,1,0,2,1,0,8,1,0,0,1,0,2,0,0,0,0,0,0
mvdan__xurls,cyclonedx-gomod,1,0,8,1,0,0,1,0,2,1,0,8,1,0,0,1,0,2,0,0,0,0,0,0
a-h__templ,syft,24,129,3,16,137,0,20,133,0,23,150,4,16,157,0,20,153,0,4,0,0,0,1,132
a-h__templ,trivy,23,110,4,16,117,0,20,113,0,22,124,5,16,130,0,20,126,0,4,0,0,0,0,113
a-h__templ,cdxgen,NA
a-h__templ,cyclonedx-gomod,16,0,11,16,0,0,16,0,4,16,0,11,16,0,0,16,0,4,0,0,0,0,0,0
connectordb__connectordb,syft,73,0,173,46,27,0,46,27,0,73,0,173,46,27,0,46,27,0,0,1,0,18,8,0
connectordb__connectordb,trivy,65,0,181,46,19,0,46,19,0,65,0,181,46,19,0,46,19,0,0,1,0,18,0,0
connectordb__connectordb,cdxgen,46,0,200,46,0,0,46,0,0,46,0,200,46,0,0,46,0,0,0,0,0,0,0,0
connectordb__connectordb,cyclonedx-gomod,46,0,200,42,4,4,42,4,4,46,0,200,42,4,4,42,4,4,0,1,0,3,0,0
golang-design__clipboard,syft,6,0,7,3,3,0,3,3,0,6,0,7,3,3,0,3,3,0,0,2,1,0,0,0
golang-design__clipboard,trivy,6,0,7,3,3,0,3,3,0,6,0,7,3,3,0,3,3,0,0,2,1,0,0,0
golang-design__clipboard,cdxgen,3,0,10,3,0,0,3,0,0,3,0,10,3,0,0,3,0,0,0,0,0,0,0,0
golang-design__clipboard,cyclonedx-gomod,6,0,7,3,3,0,3,3,0,6,0,7,3,3,0,3,3,0,0,2,1,0,0,0
Humpheh__goboy,syft,17,0,11,8,9,0,12,5,0,17,0,11,8,9,0,12,5,0,4,1,0,3,1,0
Humpheh__goboy,trivy,16,0,12,8,8,0,12,4,0,16,0,12,8,8,0,12,4,0,4,1,0,3,0,0
Humpheh__goboy,cdxgen,8,0,20,8,0,0,8,0,4,8,0,20,8,0,0,8,0,4,0,0,0,0,0,0
Humpheh__goboy,cyclonedx-gomod,12,0,16,8,4,0,8,4,4,12,0,16,8,4,0,8,4,4,0,1,0,3,0,0
psampaz__gothanks,syft,13,0,19,5,8,0,5,8,0,13,0,19,5,8,0,5,8,0,0,0,0,2,6,0
psampaz__gothanks,trivy,32,0,0,5,27,0,5,27,0,32,0,0,5,27,0,5,27,0,0,0,0,2,25,0
psampaz__gothanks,cdxgen,5,0,27,5,0,0,5,0,0,5,0,27,5,0,0,5,0,0,0,0,0,0,0,0
psampaz__gothanks,cyclonedx-gomod,9,0,23,5,4,0,5,4,0,9,0,23,5,4,0,5,4,0,0,0,0,2,2,0
naughtygopher__errors,syft,5,0,31,2,3,0,2,3,0,5,0,31,2,3,0,2,3,0,0,0,0,0,0,4
naughtygopher__errors,trivy,2,0,34,2,0,0,2,0,0,2,0,34,2,0,0,2,0,0,0,0,0,0,0,1
naughtygopher__errors,cdxgen,2,0,34,2,0,0,2,0,0,2,0,34,2,0,0,2,0,0,0,0,0,0,0,0
naughtygopher__errors,cyclonedx-gomod,2,0,34,2,0,0,2,0,0,2,0,34,2,0,0,2,0,0,0,0,0,0,0,0
quii__learn-go-with-tests,syft,3,0,0,2,1,0,3,0,0,3,0,0,2,1,0,3,0,0,1,0,0,0,0,0
quii__learn-go-with-tests,trivy,3,0,0,2,1,0,3,0,0,3,0,0,2,1,0,3,0,0,1,0,0,0,0,0
quii__learn-go-with-tests,cdxgen,2,0,1,2,0,0,2,0,1,2,0,1,2,0,0,2,0,1,0,0,0,0,0,0
quii__learn-go-with-tests,cyclonedx-gomod,2,0,1,2,0,0,2,0,1,2,0,1,2,0,0,2,0,1,0,0,0,0,0,0
bart6114__cheek,syft,45,0,69,29,16,0,33,12,0,45,0,69,29,16,0,33,12,0,4,1,0,3,8,0
bart6114__cheek,trivy,37,0,77,29,8,0,33,4,0,37,0,77,29,8,0,33,4,0,4,1,0,3,0,0
bart6114__cheek,cdxgen,29,0,85,29,0,0,29,0,4,29,0,85,29,0,0,29,0,4,0,0,0,0,0,0
bart6114__cheek,cyclonedx-gomod,31,0,83,29,2,0,29,2,4,31,0,83,29,2,0,29,2,4,0,1,0,1,0,0
claygod__microservice,syft,38,0,30,30,8,0,30,8,0,38,0,30,30,8,0,30,8,0,0,0,0,1,7,0
claygod__microservice,trivy,31,0,37,30,1,0,30,1,0,31,0,37,30,1,0,30,1,0,0,0,0,1,0,0
claygod__microservice,cdxgen,30,0,38,30,0,0,30,0,0,30,0,38,30,0,0,30,0,0,0,0,0,0,0,0
claygod__microservice,cyclonedx-gomod,30,0,38,30,0,0,30,0,0,30,0,38,30,0,0,30,0,0,0,0,0,0,0,0
AllenDang__cimgui-go,syft,14,15,16,8,21,0,8,21,0,11,20,19,8,23,0,8,23,0,0,1,0,2,0,18
AllenDang__cimgui-go,trivy,13,6,17,8,11,0,8,11,0,11,9,19,8,12,0,8,12,0,0,1,0,2,0,8
AllenDang__cimgui-go,cdxgen,10,5,20,8,7,0,8,7,0,8,8,22,8,8,0,8,8,0,0,0,0,0,0,7
AllenDang__cimgui-go,cyclonedx-gomod,11,0,19,8,3,0,8,3,0,11,0,19,8,3,0,8,3,0,0,1,0,2,0,0
Guitarbum722__align,syft,1,0,0,1,0,0,1,0,0,1,0,0,1,0,0,1,0,0,0,0,0,0,0,0
Guitarbum722__align,trivy,1,0,0,1,0,0,1,0,0,1,0,0,1,0,0,1,0,0,0,0,0,0,0,0
Guitarbum722__align,cdxgen,1,0,0,1,0,0,1,0,0,1,0,0,1,0,0,1,0,0,0,0,0,0,0,0
Guitarbum722__align,cyclonedx-gomod,1,0,0,1,0,0,1,0,0,1,0,0,1,0,0,1,0,0,0,0,0,0,0,0
aler9__goroslib,syft,45,0,9,22,23,0,26,19,0,45,0,9,22,23,0,26,19,0,4,1,0,0,18,0
aler9__goroslib,trivy,27,0,27,22,5,0,26,1,0,27,0,27,22,5,0,26,1,0,4,1,0,0,0,0
aler9__goroslib,cdxgen,22,0,32,22,0,0,22,0,4,22,0,32,22,0,0,22,0,4,0,0,0,0,0,0
aler9__goroslib,cyclonedx-gomod,23,0,31,22,1,0,22,1,4,23,0,31,22,1,0,22,1,4,0,1,0,0,0,0
Haraj-backend__hex-monscape,syft,28,0,25,16,12,0,20,8,0,28,0,25,16,12,0,20,8,0,4,0,0,2,6,0
Haraj-backend__hex-monscape,trivy,22,0,31,16,6,0,20,2,0,22,0,31,16,6,0,20,2,0,4,0,0,2,0,0
Haraj-backend__hex-monscape,cdxgen,16,0,37,16,0,0,16,0,4,16,0,37,16,0,0,16,0,4,0,0,0,0,0,0
Haraj-backend__hex-monscape,cyclonedx-gomod,16,0,37,16,0,0,16,0,4,16,0,37,16,0,0,16,0,4,0,0,0,0,0,0
antonmedv__fx,syft,40,0,17,28,12,0,34,6,0,40,0,17,28,12,0,34,6,0,6,2,0,0,0,5
antonmedv__fx,trivy,36,0,21,28,8,0,34,2,0,36,0,21,28,8,0,34,2,0,6,2,0,0,0,1
antonmedv__fx,cdxgen,28,0,29,28,0,0,28,0,6,28,0,29,28,0,0,28,0,6,0,0,0,0,0,0
antonmedv__fx,cyclonedx-gomod,30,0,27,28,2,0,28,2,6,30,0,27,28,2,0,28,2,6,0,2,0,0,0,0
liujianping__job,syft,38,0,77,25,13,0,25,13,0,38,0,77,25,13,0,25,13,0,0,0,0,0,13,0
liujianping__job,trivy,115,0,0,25,90,0,25,90,0,115,0,0,25,90,0,25,90,0,0,1,0,0,89,0
liujianping__job,cdxgen,25,0,90,25,0,0,25,0,0,25,0,90,25,0,0,25,0,0,0,0,0,0,0,0
liujianping__job,cyclonedx-gomod,NA
Zaba505__gws,syft,24,0,9,2,22,0,2,22,0,24,0,9,2,22,0,2,22,0,0,0,0,0,22,0
Zaba505__gws,trivy,33,0,0,2,31,0,2,31,0,33,0,0,2,31,0,2,31,0,0,0,0,0,31,0
Zaba505__gws,cdxgen,2,0,31,2,0,0,2,0,0,2,0,31,2,0,0,2,0,0,0,0,0,0,0,0
Zaba505__gws,cyclonedx-gomod,2,0,31,2,0,0,2,0,0,2,0,31,2,0,0,2,0,0,0,0,0,0,0,0
Fs02__go-todo-backend,syft,40,0,11,16,24,0,17,23,0,40,0,11,16,24,0,17,23,0,1,0,0,0,23,0
Fs02__go-todo-backend,trivy,17,0,34,16,1,0,17,0,0,17,0,34,16,1,0,17,0,0,1,0,0,0,0,0
Fs02__go-todo-backend,cdxgen,17,0,34,16,1,0,17,0,0,17,0,34,16,1,0,17,0,0,1,0,0,0,0,0
Fs02__go-todo-backend,cyclonedx-gomod,15,0,36,15,0,1,15,0,2,15,0,36,15,0,1,15,0,2,0,0,0,0,0,0
nlpodyssey__spago,syft,9,0,4,1,8,0,5,4,0,9,0,4,1,8,0,5,4,0,4,0,0,2,2,0
nlpodyssey__spago,trivy,7,0,6,1,6,0,5,2,0,7,0,6,1,6,0,5,2,0,4,0,0,2,0,0
nlpodyssey__spago,cdxgen,1,0,12,1,0,0,1,0,4,1,0,12,1,0,0,1,0,4,0,0,0,0,0,0
nlpodyssey__spago,cyclonedx-gomod,1,0,12,1,0,0,1,0,4,1,0,12,1,0,0,1,0,4,0,0,0,0,0,0
esurdam__go-sophos,syft,3,0,0,2,1,0,2,1,0,3,0,0,2,1,0,2,1,0,0,0,0,0,0,1
esurdam__go-sophos,trivy,3,0,0,2,1,0,2,1,0,3,0,0,2,1,0,2,1,0,0,0,0,0,0,1
esurdam__go-sophos,cdxgen,2,0,1,2,0,0,2,0,0,2,0,1,2,0,0,2,0,0,0,0,0,0,0,0
esurdam__go-sophos,cyclonedx-gomod,2,0,1,2,0,0,2,0,0,2,0,1,2,0,0,2,0,0,0,0,0,0,0,0
asticode__go-astisub,syft,9,0,5,4,5,0,8,1,0,9,0,5,4,5,0,8,1,0,4,0,0,0,1,0
asticode__go-astisub,trivy,14,0,0,4,10,0,8,6,0,14,0,0,4,10,0,8,6,0,4,0,0,0,6,0
asticode__go-astisub,cdxgen,4,0,10,4,0,0,4,0,4,4,0,10,4,0,0,4,0,4,0,0,0,0,0,0
asticode__go-astisub,cyclonedx-gomod,4,0,10,4,0,0,4,0,4,4,0,10,4,0,0,4,0,4,0,0,0,0,0,0
bitfield__gotestdox,syft,8,0,4,5,3,0,8,0,0,8,0,4,5,3,0,8,0,0,3,0,0,0,0,0
bitfield__gotestdox,trivy,8,0,4,5,3,0,8,0,0,8,0,4,5,3,0,8,0,0,3,0,0,0,0,0
bitfield__gotestdox,cdxgen,5,0,7,5,0,0,5,0,3,5,0,7,5,0,0,5,0,3,0,0,0,0,0,0
bitfield__gotestdox,cyclonedx-gomod,5,0,7,5,0,0,5,0,3,5,0,7,5,0,0,5,0,3,0,0,0,0,0,0
leporo__sqlf,syft,7,0,1,1,6,0,6,1,0,7,0,1,1,6,0,6,1,0,5,0,0,0,1,0
leporo__sqlf,trivy,8,0,0,1,7,0,6,2,0,8,0,0,1,7,0,6,2,0,5,0,0,0,2,0
leporo__sqlf,cdxgen,1,0,7,1,0,0,1,0,5,1,0,7,1,0,0,1,0,5,0,0,0,0,0,0
leporo__sqlf,cyclonedx-gomod,1,0,7,1,0,0,1,0,5,1,0,7,1,0,0,1,0,5,0,0,0,0,0,0
luno__workflow,syft,31,124,11,15,140,0,16,139,0,24,188,18,15,197,0,16,196,0,1,0,0,1,5,133
luno__workflow,trivy,25,107,17,15,117,0,16,116,0,19,146,23,15,150,0,16,149,0,1,0,0,1,0,115
luno__workflow,cdxgen,22,43,20,15,50,0,15,50,1,17,61,25,15,63,0,15,63,1,0,0,0,0,0,50
luno__workflow,cyclonedx-gomod,15,0,27,15,0,0,15,0,1,15,0,27,15,0,0,15,0,1,0,0,0,0,0,0
uber-go__dig,syft,5,0,1,4,1,0,4,1,0,5,0,1,4,1,0,4,1,0,0,0,0,0,1,0
uber-go__dig,trivy,4,0,2,4,0,0,4,0,0,4,0,2,4,0,0,4,0,0,0,0,0,0,0,0
uber-go__dig,cdxgen,4,0,2,4,0,0,4,0,0,4,0,2,4,0,0,4,0,0,0,0,0,0,0,0
uber-go__dig,cyclonedx-gomod,1,0,5,1,0,3,1,0,3,1,0,5,1,0,3,1,0,3,0,0,0,0,0,0
nikogura__dbt,syft,87,0,49,61,26,0,64,23,0,87,0,49,61,26,0,64,23,0,3,1,1,15,5,1
nikogura__dbt,trivy,81,0,55,61,20,0,64,17,0,81,0,55,61,20,0,64,17,0,3,1,1,15,0,0
nikogura__dbt,cdxgen,61,0,75,61,0,0,61,0,3,61,0,75,61,0,0,61,0,3,0,0,0,0,0,0
nikogura__dbt,cyclonedx-gomod,66,0,70,57,9,4,57,9,7,66,0,70,57,9,4,57,9,7,0,1,0,8,0,0
cheshir__go-mq,syft,10,0,406,5,5,0,5,5,0,10,0,406,5,5,0,5,5,0,0,0,0,2,0,3
cheshir__go-mq,trivy,416,0,0,5,411,0,5,411,0,416,0,0,5,411,0,5,411,0,0,0,0,2,0,409
cheshir__go-mq,cdxgen,5,0,411,5,0,0,5,0,0,5,0,411,5,0,0,5,0,0,0,0,0,0,0,0
cheshir__go-mq,cyclonedx-gomod,5,0,411,5,0,0,5,0,0,5,0,411,5,0,0,5,0,0,0,0,0,0,0,0
cch123__elasticsql,syft,1,0,0,1,0,0,1,0,0,1,0,0,1,0,0,1,0,0,0,0,0,0,0,0
cch123__elasticsql,trivy,1,0,0,1,0,0,1,0,0,1,0,0,1,0,0,1,0,0,0,0,0,0,0,0
cch123__elasticsql,cdxgen,1,0,0,1,0,0,1,0,0,1,0,0,1,0,0,1,0,0,0,0,0,0,0,0
cch123__elasticsql,cyclonedx-gomod,1,0,0,1,0,0,1,0,0,1,0,0,1,0,0,1,0,0,0,0,0,0,0,0
rubenv__sql-migrate,syft,47,0,24,30,17,0,34,13,0,47,0,24,30,17,0,34,13,0,4,0,2,4,7,0
rubenv__sql-migrate,trivy,40,0,31,30,10,0,34,6,0,40,0,31,30,10,0,34,6,0,4,0,2,4,0,0
rubenv__sql-migrate,cdxgen,30,0,41,30,0,0,30,0,4,30,0,41,30,0,0,30,0,4,0,0,0,0,0,0
rubenv__sql-migrate,cyclonedx-gomod,36,0,35,30,6,0,30,6,4,36,0,35,30,6,0,30,6,4,0,0,2,4,0,0
hajimehoshi__oto,syft,3,0,0,2,1,0,2,1,0,3,0,0,2,1,0,2,1,0,0,1,0,0,0,0
hajimehoshi__oto,trivy,3,0,0,2,1,0,2,1,0,3,0,0,2,1,0,2,1,0,0,1,0,0,0,0
hajimehoshi__oto,cdxgen,2,0,1,2,0,0,2,0,0,2,0,1,2,0,0,2,0,0,0,0,0,0,0,0
hajimehoshi__oto,cyclonedx-gomod,3,0,0,2,1,0,2,1,0,3,0,0,2,1,0,2,1,0,0,1,0,0,0,0
VividCortex__robustly,syft,1,0,0,1,0,0,1,0,0,1,0,0,1,0,0,1,0,0,0,0,0,0,0,0
VividCortex__robustly,trivy,1,0,0,1,0,0,1,0,0,1,0,0,1,0,0,1,0,0,0,0,0,0,0,0
VividCortex__robustly,cdxgen,1,0,0,1,0,0,1,0,0,1,0,0,1,0,0,1,0,0,0,0,0,0,0,0
VividCortex__robustly,cyclonedx-gomod,1,0,0,1,0,0,1,0,0,1,0,0,1,0,0,1,0,0,0,0,0,0,0,0
vadiminshakov__committer,syft,34,0,77,24,10,0,28,6,0,34,0,77,24,10,0,28,6,0,4,0,0,0,6,0
vadiminshakov__committer,trivy,28,0,83,24,4,0,28,0,0,28,0,83,24,4,0,28,0,0,4,0,0,0,0,0
vadiminshakov__committer,cdxgen,24,0,87,24,0,0,24,0,4,24,0,87,24,0,0,24,0,4,0,0,0,0,0,0
vadiminshakov__committer,cyclonedx-gomod,24,0,87,24,0,0,24,0,4,24,0,87,24,0,0,24,0,4,0,0,0,0,0,0
llir__llvm,syft,8,1,10,5,4,0,6,3,0,7,2,11,5,4,0,6,3,0,1,0,1,0,1,1
llir__llvm,trivy,18,2,0,5,15,0,6,14,0,18,3,0,5,16,0,6,15,0,1,0,1,0,11,2
llir__llvm,cdxgen,7,1,11,5,3,0,5,3,1,6,2,12,5,3,0,5,3,1,0,0,1,0,1,1
llir__llvm,cyclonedx-gomod,8,0,10,5,3,0,5,3,1,8,0,10,5,3,0,5,3,1,0,0,1,0,2,0
junevm__cdns,syft,57,0,8,40,17,0,45,12,0,57,0,8,40,17,0,45,12,0,5,4,0,0,8,0
junevm__cdns,trivy,49,0,16,40,9,0,45,4,0,49,0,16,40,9,0,45,4,0,5,4,0,0,0,0
junevm__cdns,cdxgen,40,0,25,40,0,0,40,0,5,40,0,25,40,0,0,40,0,5,0,0,0,0,0,0
junevm__cdns,cyclonedx-gomod,44,0,21,40,4,0,40,4,5,44,0,21,40,4,0,40,4,5,0,4,0,0,0,0
kubenetworks__kubevpn,syft,277,0,501,244,33,0,244,33,0,277,0,501,244,33,0,244,33,0,0,10,1,22,0,0
kubenetworks__kubevpn,trivy,277,0,501,244,33,0,244,33,0,277,0,501,244,33,0,244,33,0,0,10,1,22,0,0
kubenetworks__kubevpn,cdxgen,276,0,502,243,33,1,243,33,1,276,0,502,243,33,1,243,33,1,0,10,1,22,0,0
kubenetworks__kubevpn,cyclonedx-gomod,NA
go-vgo__robotgo,syft,28,0,12,15,13,0,15,13,0,28,0,12,15,13,0,15,13,0,0,5,2,2,4,0
go-vgo__robotgo,trivy,24,0,16,15,9,0,15,9,0,24,0,16,15,9,0,15,9,0,0,5,2,2,0,0
go-vgo__robotgo,cdxgen,15,0,25,15,0,0,15,0,0,15,0,25,15,0,0,15,0,0,0,0,0,0,0,0
go-vgo__robotgo,cyclonedx-gomod,24,0,16,15,9,0,15,9,0,24,0,16,15,9,0,15,9,0,0,5,2,2,0,0
fish-tennis__gnet,syft,3,0,1,2,1,0,2,1,0,3,0,1,2,1,0,2,1,0,0,0,0,0,1,0
fish-tennis__gnet,trivy,3,0,1,2,1,0,2,1,0,3,0,1,2,1,0,2,1,0,0,0,0,0,1,0
fish-tennis__gnet,cdxgen,2,0,2,2,0,0,2,0,0,2,0,2,2,0,0,2,0,0,0,0,0,0,0,0
fish-tennis__gnet,cyclonedx-gomod,2,0,2,2,0,0,2,0,0,2,0,2,2,0,0,2,0,0,0,0,0,0,0,0
go-beans__go,syft,10,0,0,5,5,0,9,1,0,10,0,0,5,5,0,9,1,0,4,0,0,0,1,0
go-beans__go,trivy,9,0,1,5,4,0,9,0,0,9,0,1,5,4,0,9,0,0,4,0,0,0,0,0
go-beans__go,cdxgen,5,0,5,5,0,0,5,0,4,5,0,5,5,0,0,5,0,4,0,0,0,0,0,0
go-beans__go,cyclonedx-gomod,5,0,5,5,0,0,5,0,4,5,0,5,5,0,0,5,0,4,0,0,0,0,0,0
mikekonan__go-types,syft,9,0,3,4,5,0,4,5,0,9,0,3,4,5,0,4,5,0,0,0,1,0,0,4
mikekonan__go-types,trivy,5,0,7,4,1,0,4,1,0,5,0,7,4,1,0,4,1,0,0,0,1,0,0,0
mikekonan__go-types,cdxgen,4,0,8,4,0,0,4,0,0,4,0,8,4,0,0,4,0,0,0,0,0,0,0,0
mikekonan__go-types,cyclonedx-gomod,4,0,8,4,0,0,4,0,0,4,0,8,4,0,0,4,0,0,0,0,0,0,0,0
pieterclaerhout__go-finance,syft,6,0,1,1,5,0,5,1,0,6,0,1,1,5,0,5,1,0,4,0,0,0,1,0
pieterclaerhout__go-finance,trivy,7,0,0,1,6,0,5,2,0,7,0,0,1,6,0,5,2,0,4,0,0,0,2,0
pieterclaerhout__go-finance,cdxgen,1,0,6,1,0,0,1,0,4,1,0,6,1,0,0,1,0,4,0,0,0,0,0,0
pieterclaerhout__go-finance,cyclonedx-gomod,1,0,6,1,0,0,1,0,4,1,0,6,1,0,0,1,0,4,0,0,0,0,0,0
shoobyban__sshman,syft,18,0,158,9,9,0,13,5,0,18,0,158,9,9,0,13,5,0,4,1,0,0,4,0
shoobyban__sshman,trivy,14,0,162,9,5,0,13,1,0,14,0,162,9,5,0,13,1,0,4,1,0,0,0,0
shoobyban__sshman,cdxgen,14,0,162,9,5,0,13,1,0,14,0,162,9,5,0,13,1,0,4,1,0,0,0,0
shoobyban__sshman,cyclonedx-gomod,10,0,166,9,1,0,9,1,4,10,0,166,9,1,0,9,1,4,0,1,0,0,0,0
LimeChain__gosemble,syft,80,1,204,26,55,0,26,55,0,77,4,207,26,55,0,26,55,0,0,2,3,49,1,0
LimeChain__gosemble,trivy,77,1,207,26,52,0,26,52,0,77,1,207,26,52,0,26,52,0,0,2,0,49,1,0
LimeChain__gosemble,cdxgen,81,4,203,26,59,0,26,59,0,81,4,203,26,59,0,26,59,0,0,2,3,50,1,3
LimeChain__gosemble,cyclonedx-gomod,NA
prashantgupta24__go-clip,syft,28,0,19,21,7,0,25,3,0,28,0,19,21,7,0,25,3,0,4,0,0,0,3,0
prashantgupta24__go-clip,trivy,47,0,0,21,26,0,25,22,0,47,0,0,21,26,0,25,22,0,4,0,0,0,22,0
prashantgupta24__go-clip,cdxgen,5,0,42,4,1,17,5,0,20,5,0,42,4,1,17,5,0,20,1,0,0,0,0,0
prashantgupta24__go-clip,cyclonedx-gomod,22,0,25,21,1,0,21,1,4,22,0,25,21,1,0,21,1,4,0,0,0,0,1,0
us__den,syft,90,0,36,57,33,0,61,29,0,90,0,36,57,33,0,61,29,0,4,2,0,13,14,0
us__den,trivy,76,0,50,57,19,0,61,15,0,76,0,50,57,19,0,61,15,0,4,2,0,13,0,0
us__den,cdxgen,57,0,69,57,0,0,57,0,4,57,0,69,57,0,0,57,0,4,0,0,0,0,0,0
us__den,cyclonedx-gomod,59,0,67,57,2,0,57,2,4,59,0,67,57,2,0,57,2,4,0,2,0,0,0,0
limiu82214__gojmapr,syft,9,0,2,1,8,0,8,1,0,9,0,2,1,8,0,8,1,0,7,0,0,0,1,0
limiu82214__gojmapr,trivy,8,0,3,1,7,0,8,0,0,8,0,3,1,7,0,8,0,0,7,0,0,0,0,0
limiu82214__gojmapr,cdxgen,1,0,10,1,0,0,1,0,7,1,0,10,1,0,0,1,0,7,0,0,0,0,0,0
limiu82214__gojmapr,cyclonedx-gomod,1,0,10,1,0,0,1,0,7,1,0,10,1,0,0,1,0,7,0,0,0,0,0,0
slack-go__slack,syft,7,0,1,1,6,0,6,1,0,7,0,1,1,6,0,6,1,0,5,0,0,0,1,0
slack-go__slack,trivy,6,0,2,1,5,0,6,0,0,6,0,2,1,5,0,6,0,0,5,0,0,0,0,0
slack-go__slack,cdxgen,1,0,7,1,0,0,1,0,5,1,0,7,1,0,0,1,0,5,0,0,0,0,0,0
slack-go__slack,cyclonedx-gomod,1,0,7,1,0,0,1,0,5,1,0,7,1,0,0,1,0,5,0,0,0,0,0,0
unrolled__render,syft,2,0,0,2,0,0,2,0,0,2,0,0,2,0,0,2,0,0,0,0,0,0,0,0
unrolled__render,trivy,2,0,0,2,0,0,2,0,0,2,0,0,2,0,0,2,0,0,0,0,0,0,0,0
unrolled__render,cdxgen,2,0,0,2,0,0,2,0,0,2,0,0,2,0,0,2,0,0,0,0,0,0,0,0
unrolled__render,cyclonedx-gomod,2,0,0,2,0,0,2,0,0,2,0,0,2,0,0,2,0,0,0,0,0,0,0,0
doug-martin__goqu,syft,14,0,12,5,9,0,13,1,0,14,0,12,5,9,0,13,1,0,8,0,0,0,1,0
doug-martin__goqu,trivy,13,0,13,5,8,0,13,0,0,13,0,13,5,8,0,13,0,0,8,0,0,0,0,0
doug-martin__goqu,cdxgen,13,0,13,5,8,0,13,0,0,13,0,13,5,8,0,13,0,0,8,0,0,0,0,0
doug-martin__goqu,cyclonedx-gomod,5,0,21,5,0,0,5,0,8,5,0,21,5,0,0,5,0,8,0,0,0,0,0,0
Mutasem-mk4__procscope,syft,69,0,32,50,19,0,50,19,0,69,0,32,50,19,0,50,19,0,0,1,0,0,18,0
Mutasem-mk4__procscope,trivy,51,0,50,50,1,0,50,1,0,51,0,50,50,1,0,50,1,0,0,1,0,0,0,0
Mutasem-mk4__procscope,cdxgen,51,0,50,50,1,0,50,1,0,51,0,50,50,1,0,50,1,0,0,1,0,0,0,0
Mutasem-mk4__procscope,cyclonedx-gomod,51,0,50,50,1,0,50,1,0,51,0,50,50,1,0,50,1,0,0,1,0,0,0,0
vanng822__go-premailer,syft,22,0,12,17,5,0,21,1,0,22,0,12,17,5,0,21,1,0,4,0,0,0,1,0
vanng822__go-premailer,trivy,21,0,13,17,4,0,21,0,0,21,0,13,17,4,0,21,0,0,4,0,0,0,0,0
vanng822__go-premailer,cdxgen,17,0,17,17,0,0,17,0,4,17,0,17,17,0,0,17,0,4,0,0,0,0,0,0
vanng822__go-premailer,cyclonedx-gomod,17,0,17,17,0,0,17,0,4,17,0,17,17,0,0,17,0,4,0,0,0,0,0,0
google__cayley,syft,145,0,295,91,54,0,93,52,0,145,1,295,91,55,0,93,53,0,2,1,1,33,17,0
google__cayley,trivy,128,0,312,91,37,0,93,35,0,128,0,312,91,37,0,93,35,0,2,1,1,33,0,0
google__cayley,cdxgen,91,0,349,91,0,0,91,0,2,91,0,349,91,0,0,91,0,2,0,0,0,0,0,0
google__cayley,cyclonedx-gomod,116,0,324,91,25,0,91,25,2,116,0,324,91,25,0,91,25,2,0,1,1,23,0,0
microcosm-cc__bluemonday,syft,3,0,4,3,0,0,3,0,0,3,0,4,3,0,0,3,0,0,0,0,0,0,0,0
microcosm-cc__bluemonday,trivy,3,0,4,3,0,0,3,0,0,3,0,4,3,0,0,3,0,0,0,0,0,0,0,0
microcosm-cc__bluemonday,cdxgen,3,0,4,3,0,0,3,0,0,3,0,4,3,0,0,3,0,0,0,0,0,0,0,0
microcosm-cc__bluemonday,cyclonedx-gomod,3,0,4,3,0,0,3,0,0,3,0,4,3,0,0,3,0,0,0,0,0,0,0,0
samber__mo,syft,9,0,7,4,5,0,5,4,0,9,0,7,4,5,0,5,4,0,1,0,0,3,1,0
samber__mo,trivy,8,0,8,4,4,0,5,3,0,8,0,8,4,4,0,5,3,0,1,0,0,3,0,0
samber__mo,cdxgen,4,0,12,4,0,0,4,0,1,4,0,12,4,0,0,4,0,1,0,0,0,0,0,0
samber__mo,cyclonedx-gomod,4,0,12,4,0,0,4,0,1,4,0,12,4,0,0,4,0,1,0,0,0,0,0,0
rekby__lets-proxy2,syft,52,0,72,43,9,0,43,9,0,52,0,72,43,9,0,43,9,0,0,0,0,2,7,0
rekby__lets-proxy2,trivy,45,0,79,43,2,0,43,2,0,45,0,79,43,2,0,43,2,0,0,0,0,2,0,0
rekby__lets-proxy2,cdxgen,45,0,79,43,2,0,43,2,0,45,0,79,43,2,0,43,2,0,0,0,0,2,0,0
rekby__lets-proxy2,cyclonedx-gomod,45,0,79,43,2,0,43,2,0,45,0,79,43,2,0,43,2,0,0,0,0,2,0,0
flosch__pongo2,syft,1,0,3,1,0,0,1,0,0,1,0,3,1,0,0,1,0,0,0,0,0,0,0,0
flosch__pongo2,trivy,1,0,3,1,0,0,1,0,0,1,0,3,1,0,0,1,0,0,0,0,0,0,0,0
flosch__pongo2,cdxgen,1,0,3,1,0,0,1,0,0,1,0,3,1,0,0,1,0,0,0,0,0,0,0,0
flosch__pongo2,cyclonedx-gomod,1,0,3,1,0,0,1,0,0,1,0,3,1,0,0,1,0,0,0,0,0,0,0,0
mr-linch__go-tg,syft,10,10,3,2,18,0,7,13,0,8,12,5,2,18,0,7,13,0,5,0,0,0,1,12
mr-linch__go-tg,trivy,9,6,4,2,13,0,7,8,0,7,8,6,2,13,0,7,8,0,5,0,0,0,0,8
mr-linch__go-tg,cdxgen,5,5,8,2,8,0,3,7,4,3,7,10,2,8,0,3,7,4,1,0,0,0,0,7
mr-linch__go-tg,cyclonedx-gomod,2,0,11,2,0,0,2,0,5,2,0,11,2,0,0,2,0,5,0,0,0,0,0,0
xxjwxc__ginrpc,syft,48,0,260,28,20,0,28,20,0,48,0,260,28,20,0,28,20,0,0,0,2,7,11,0
xxjwxc__ginrpc,trivy,37,0,271,28,9,0,28,9,0,37,0,271,28,9,0,28,9,0,0,0,2,7,0,0
xxjwxc__ginrpc,cdxgen,28,0,280,28,0,0,28,0,0,28,0,280,28,0,0,28,0,0,0,0,0,0,0,0
xxjwxc__ginrpc,cyclonedx-gomod,37,0,271,28,9,0,28,9,0,37,0,271,28,9,0,28,9,0,0,0,2,7,0,0
go-furnace__go-furnace,syft,42,0,24,34,8,0,34,8,0,42,0,24,34,8,0,34,8,0,0,0,0,3,5,0
go-furnace__go-furnace,trivy,66,0,0,34,32,0,34,32,0,66,0,0,34,32,0,34,32,0,0,0,0,3,29,0
go-furnace__go-furnace,cdxgen,34,0,32,34,0,0,34,0,0,34,0,32,34,0,0,34,0,0,0,0,0,0,0,0
go-furnace__go-furnace,cyclonedx-gomod,35,0,31,34,1,0,34,1,0,35,0,31,34,1,0,34,1,0,0,0,0,0,1,0
openshift__osin,syft,11,0,2,7,4,0,7,4,0,11,3,2,7,7,0,7,7,0,0,0,1,0,3,0
openshift__osin,trivy,13,0,0,7,6,0,7,6,0,13,3,0,7,9,0,7,9,0,0,0,1,0,5,0
openshift__osin,cdxgen,10,0,3,7,3,0,7,3,0,10,0,3,7,3,0,7,3,0,0,0,1,0,2,0
openshift__osin,cyclonedx-gomod,10,0,3,7,3,0,7,3,0,10,0,3,7,3,0,7,3,0,0,0,1,0,2,0
marlow__marlow,syft,2,0,0,1,1,0,2,0,0,2,0,0,1,1,0,2,0,0,1,0,0,0,0,0
marlow__marlow,trivy,2,0,0,1,1,0,2,0,0,2,0,0,1,1,0,2,0,0,1,0,0,0,0,0
marlow__marlow,cdxgen,1,0,1,1,0,0,1,0,1,1,0,1,1,0,0,1,0,1,0,0,0,0,0,0
marlow__marlow,cyclonedx-gomod,1,0,1,1,0,0,1,0,1,1,0,1,1,0,0,1,0,1,0,0,0,0,0,0
gontainer__gontainer,syft,19,0,42,12,7,0,15,4,0,19,0,42,12,7,0,15,4,0,3,1,0,0,3,0
gontainer__gontainer,trivy,16,0,45,12,4,0,15,1,0,16,0,45,12,4,0,15,1,0,3,1,0,0,0,0
gontainer__gontainer,cdxgen,12,0,49,12,0,0,12,0,3,12,0,49,12,0,0,12,0,3,0,0,0,0,0,0
gontainer__gontainer,cyclonedx-gomod,13,0,48,12,1,0,12,1,3,13,0,48,12,1,0,12,1,3,0,1,0,0,0,0
dinakars777__moody,syft,4,0,25,3,1,0,3,1,0,4,0,25,3,1,0,3,1,0,0,0,0,1,0,0
dinakars777__moody,trivy,4,0,25,3,1,0,3,1,0,4,0,25,3,1,0,3,1,0,0,0,0,1,0,0
dinakars777__moody,cdxgen,4,0,25,3,1,0,3,1,0,4,0,25,3,1,0,3,1,0,0,0,0,1,0,0
dinakars777__moody,cyclonedx-gomod,4,0,25,3,1,0,3,1,0,4,0,25,3,1,0,3,1,0,0,0,0,1,0,0
itchyny__bed,syft,8,0,7,8,0,0,8,0,0,8,0,7,8,0,0,8,0,0,0,0,0,0,0,0
itchyny__bed,trivy,8,0,7,8,0,0,8,0,0,8,0,7,8,0,0,8,0,0,0,0,0,0,0,0
itchyny__bed,cdxgen,8,0,7,8,0,0,8,0,0,8,0,7,8,0,0,8,0,0,0,0,0,0,0,0
itchyny__bed,cyclonedx-gomod,8,0,7,8,0,0,8,0,0,8,0,7,8,0,0,8,0,0,0,0,0,0,0,0
chenquan__go-pkg,syft,10,0,12,2,8,0,7,3,0,10,0,12,2,8,0,7,3,0,5,0,0,0,3,0
chenquan__go-pkg,trivy,22,0,0,2,20,0,7,15,0,22,0,0,2,20,0,7,15,0,5,0,0,0,15,0
chenquan__go-pkg,cdxgen,2,0,20,2,0,0,2,0,5,2,0,20,2,0,0,2,0,5,0,0,0,0,0,0
chenquan__go-pkg,cyclonedx-gomod,2,0,20,2,0,0,2,0,5,2,0,20,2,0,0,2,0,5,0,0,0,0,0,0
g3n__engine,syft,5,0,2,4,1,0,4,1,0,5,0,2,4,1,0,4,1,0,0,0,0,0,1,0
g3n__engine,trivy,7,0,0,4,3,0,4,3,0,7,0,0,4,3,0,4,3,0,0,0,0,0,3,0
g3n__engine,cdxgen,4,0,3,4,0,0,4,0,0,4,0,3,4,0,0,4,0,0,0,0,0,0,0,0
g3n__engine,cyclonedx-gomod,4,0,3,4,0,0,4,0,0,4,0,3,4,0,0,4,0,0,0,0,0,0,0,0
peco__peco,syft,18,0,10,13,5,0,17,1,0,18,0,10,13,5,0,17,1,0,4,0,0,0,1,0
peco__peco,trivy,17,0,11,13,4,0,17,0,0,17,0,11,13,4,0,17,0,0,4,0,0,0,0,0
peco__peco,cdxgen,13,0,15,13,0,0,13,0,4,13,0,15,13,0,0,13,0,4,0,0,0,0,0,0
peco__peco,cyclonedx-gomod,14,0,14,13,1,0,14,0,3,14,0,14,13,1,0,14,0,3,1,0,0,0,0,0
samber__slog-formatter,syft,13,0,5,4,9,0,10,3,0,13,0,5,4,9,0,10,3,0,6,0,0,1,2,0
samber__slog-formatter,trivy,11,0,7,4,7,0,10,1,0,11,0,7,4,7,0,10,1,0,6,0,0,1,0,0
samber__slog-formatter,cdxgen,4,0,14,4,0,0,4,0,6,4,0,14,4,0,0,4,0,6,0,0,0,0,0,0
samber__slog-formatter,cyclonedx-gomod,4,0,14,4,0,0,4,0,6,4,0,14,4,0,0,4,0,6,0,0,0,0,0,0
zoharbabin__web-researcher-mcp,syft,311,0,133,34,277,0,36,275,0,311,2,133,34,279,0,36,277,0,2,0,0,235,40,0
zoharbabin__web-researcher-mcp,trivy,271,0,173,34,237,0,36,235,0,271,0,173,34,237,0,36,235,0,2,0,0,235,0,0
zoharbabin__web-researcher-mcp,cdxgen,34,0,410,34,0,0,34,0,2,34,0,410,34,0,0,34,0,2,0,0,0,0,0,0
zoharbabin__web-researcher-mcp,cyclonedx-gomod,269,0,175,34,235,0,34,235,2,269,0,175,34,235,0,34,235,2,0,0,0,235,0,0
inconshreveable__log15,syft,3,2,0,3,2,0,3,2,0,3,2,0,3,2,0,3,2,0,0,0,0,0,0,2
inconshreveable__log15,trivy,3,2,0,3,2,0,3,2,0,3,2,0,3,2,0,3,2,0,0,0,0,0,0,2
inconshreveable__log15,cdxgen,3,1,0,3,1,0,3,1,0,3,1,0,3,1,0,3,1,0,0,0,0,0,0,1
inconshreveable__log15,cyclonedx-gomod,3,0,0,3,0,0,3,0,0,3,0,0,3,0,0,3,0,0,0,0,0,0,0,0
taubyte__tau,syft,378,1,445,298,81,0,300,79,0,378,17,445,298,97,0,300,95,0,2,4,1,25,48,1
taubyte__tau,trivy,330,2,493,298,34,0,300,32,0,330,18,493,298,50,0,300,48,0,2,4,1,25,0,2
taubyte__tau,cdxgen,302,0,521,298,4,0,298,4,2,299,16,524,298,17,0,298,17,2,0,0,1,3,0,0
taubyte__tau,cyclonedx-gomod,315,0,508,298,17,0,298,17,2,315,0,508,298,17,0,298,17,2,0,4,0,13,0,0
kslamph__tronlib,syft,38,0,163,17,21,0,21,17,0,38,0,163,17,21,0,21,17,0,4,0,0,2,15,0
kslamph__tronlib,trivy,23,0,178,17,6,0,21,2,0,23,0,178,17,6,0,21,2,0,4,0,0,2,0,0
kslamph__tronlib,cdxgen,17,0,184,17,0,0,17,0,4,17,0,184,17,0,0,17,0,4,0,0,0,0,0,0
kslamph__tronlib,cyclonedx-gomod,17,0,184,17,0,0,17,0,4,17,0,184,17,0,0,17,0,4,0,0,0,0,0,0
mgechev__revive,syft,17,246,1,14,249,0,14,249,0,15,264,3,14,265,0,14,265,0,0,0,0,0,1,248
mgechev__revive,trivy,18,251,0,14,255,0,14,255,0,15,275,3,14,276,0,14,276,0,0,0,0,0,1,254
mgechev__revive,cdxgen,18,248,0,14,252,0,14,252,0,15,272,3,14,273,0,14,273,0,0,0,0,0,1,251
mgechev__revive,cyclonedx-gomod,14,0,4,14,0,0,14,0,0,14,0,4,14,0,0,14,0,0,0,0,0,0,0,0
oklog__ulid,syft,1,0,0,1,0,0,1,0,0,1,0,0,1,0,0,1,0,0,0,0,0,0,0,0
oklog__ulid,trivy,1,0,0,1,0,0,1,0,0,1,0,0,1,0,0,1,0,0,0,0,0,0,0,0
oklog__ulid,cdxgen,1,0,0,1,0,0,1,0,0,1,0,0,1,0,0,1,0,0,0,0,0,0,0,0
oklog__ulid,cyclonedx-gomod,1,0,0,1,0,0,1,0,0,1,0,0,1,0,0,1,0,0,0,0,0,0,0,0
abhimanyu003__sttr,syft,54,0,10,42,12,0,42,12,0,54,0,10,42,12,0,42,12,0,0,3,0,1,8,0
abhimanyu003__sttr,trivy,46,0,18,42,4,0,42,4,0,46,0,18,42,4,0,42,4,0,0,3,0,1,0,0
abhimanyu003__sttr,cdxgen,42,0,22,42,0,0,42,0,0,42,0,22,42,0,0,42,0,0,0,0,0,0,0,0
abhimanyu003__sttr,cyclonedx-gomod,45,0,19,42,3,0,42,3,0,45,0,19,42,3,0,42,3,0,0,3,0,0,0,0
jaschaephraim__lrserver,syft,8,0,17,2,6,0,7,1,0,8,0,17,2,6,0,7,1,0,5,0,0,1,0,0
jaschaephraim__lrserver,trivy,8,0,17,2,6,0,7,1,0,8,0,17,2,6,0,7,1,0,5,0,0,1,0,0
jaschaephraim__lrserver,cdxgen,2,0,23,2,0,0,2,0,5,2,0,23,2,0,0,2,0,5,0,0,0,0,0,0
jaschaephraim__lrserver,cyclonedx-gomod,2,0,23,2,0,0,2,0,5,2,0,23,2,0,0,2,0,5,0,0,0,0,0,0
nicola-strappazzon__password-manager,syft,28,0,13,12,16,0,16,12,0,28,0,13,12,16,0,16,12,0,4,2,0,9,1,0
nicola-strappazzon__password-manager,trivy,27,0,14,12,15,0,16,11,0,27,0,14,12,15,0,16,11,0,4,2,0,9,0,0
nicola-strappazzon__password-manager,cdxgen,12,0,29,12,0,0,12,0,4,12,0,29,12,0,0,12,0,4,0,0,0,0,0,0
nicola-strappazzon__password-manager,cyclonedx-gomod,20,0,21,12,8,0,12,8,4,20,0,21,12,8,0,12,8,4,0,2,0,6,0,0
kubernetes__kubernetes,syft,0,466,0,195,271,0,195,271,0,0,498,0,195,303,0,195,303,0,0,5,1,5,33,227
kubernetes__kubernetes,trivy,0,429,0,195,234,0,195,234,0,0,447,0,195,252,0,195,252,0,0,5,1,5,10,213
kubernetes__kubernetes,cdxgen,0,220,0,195,25,0,195,25,0,0,228,0,166,62,29,166,62,29,0,5,1,5,8,6
kubernetes__kubernetes,cyclonedx-gomod,NA
drakkan__sftpgo,syft,193,13,329,147,59,1,155,51,2,193,35,329,147,81,1,155,73,2,8,3,1,6,30,11
drakkan__sftpgo,trivy,166,13,356,147,32,1,155,24,2,165,23,357,147,41,1,155,33,2,8,3,1,6,3,11
drakkan__sftpgo,cdxgen,148,4,374,148,4,0,148,4,9,148,13,374,148,13,0,148,13,9,0,0,0,0,0,4
drakkan__sftpgo,cyclonedx-gomod,156,1,366,146,11,2,146,11,11,156,1,366,146,11,2,146,11,11,0,3,1,6,1,0
k0kubun__pp,syft,4,0,3,4,0,0,4,0,0,4,0,3,4,0,0,4,0,0,0,0,0,0,0,0
k0kubun__pp,trivy,4,0,3,4,0,0,4,0,0,4,0,3,4,0,0,4,0,0,0,0,0,0,0,0
k0kubun__pp,cdxgen,4,0,3,4,0,0,4,0,0,4,0,3,4,0,0,4,0,0,0,0,0,0,0,0
k0kubun__pp,cyclonedx-gomod,4,0,3,4,0,0,4,0,0,4,0,3,4,0,0,4,0,0,0,0,0,0,0,0
dixonwille__wlog,syft,9,0,1,1,8,0,5,4,0,9,0,1,1,8,0,5,4,0,4,0,0,0,4,0
dixonwille__wlog,trivy,10,0,0,1,9,0,5,5,0,10,0,0,1,9,0,5,5,0,4,0,0,0,5,0
dixonwille__wlog,cdxgen,1,0,9,1,0,0,1,0,4,1,0,9,1,0,0,1,0,4,0,0,0,0,0,0
dixonwille__wlog,cyclonedx-gomod,1,0,9,1,0,0,1,0,4,1,0,9,1,0,0,1,0,4,0,0,0,0,0,0
spiffe__spire,syft,395,0,405,307,88,0,308,87,0,395,0,405,307,88,0,308,87,0,1,5,0,10,72,0
spiffe__spire,trivy,323,0,477,307,16,0,308,15,0,323,0,477,307,16,0,308,15,0,1,5,0,10,0,0
spiffe__spire,cdxgen,307,0,493,307,0,0,307,0,1,307,0,493,307,0,0,307,0,1,0,0,0,0,0,0
spiffe__spire,cyclonedx-gomod,320,0,480,306,14,1,306,14,2,320,0,480,306,14,1,306,14,2,0,5,0,9,0,0
Andrew-M-C__go.jsonvalue,syft,4,0,6,1,3,0,4,0,0,4,0,6,1,3,0,4,0,0,3,0,0,0,0,0
Andrew-M-C__go.jsonvalue,trivy,10,0,0,1,9,0,4,6,0,10,0,0,1,9,0,4,6,0,3,0,0,0,6,0
Andrew-M-C__go.jsonvalue,cdxgen,1,0,9,1,0,0,1,0,3,1,0,9,1,0,0,1,0,3,0,0,0,0,0,0
Andrew-M-C__go.jsonvalue,cyclonedx-gomod,1,0,9,1,0,0,1,0,3,1,0,9,1,0,0,1,0,3,0,0,0,0,0,0
Tochemey__goakt,syft,199,0,110,129,70,0,162,37,0,199,0,110,129,70,0,162,37,0,33,1,0,10,26,0
Tochemey__goakt,trivy,173,0,136,129,44,0,162,11,0,173,0,136,129,44,0,162,11,0,33,1,0,10,0,0
Tochemey__goakt,cdxgen,129,0,180,129,0,0,129,0,33,129,0,180,129,0,0,129,0,33,0,0,0,0,0,0
Tochemey__goakt,cyclonedx-gomod,130,0,179,126,4,3,126,4,36,130,0,179,126,4,3,126,4,36,0,1,0,3,0,0
enetx__fsm,syft,6,0,3,5,1,0,5,1,0,6,0,3,5,1,0,5,1,0,0,0,0,0,1,0
enetx__fsm,trivy,5,0,4,5,0,0,5,0,0,5,0,4,5,0,0,5,0,0,0,0,0,0,0,0
enetx__fsm,cdxgen,5,0,4,5,0,0,5,0,0,5,0,4,5,0,0,5,0,0,0,0,0,0,0,0
enetx__fsm,cyclonedx-gomod,5,0,4,5,0,0,5,0,0,5,0,4,5,0,0,5,0,0,0,0,0,0,0,0
muesli__termenv,syft,5,10,0,5,10,0,5,10,0,5,10,0,5,10,0,5,10,0,0,0,0,0,0,10
muesli__termenv,trivy,5,9,0,5,9,0,5,9,0,5,9,0,5,9,0,5,9,0,0,0,0,0,0,9
muesli__termenv,cdxgen,5,8,0,5,8,0,5,8,0,5,8,0,5,8,0,5,8,0,0,0,0,0,0,8
muesli__termenv,cyclonedx-gomod,5,0,0,5,0,0,5,0,0,5,0,0,5,0,0,5,0,0,0,0,0,0,0,0
go-acme__lego,syft,261,1,416,208,54,0,208,54,0,261,1,416,208,54,0,208,54,0,0,1,0,7,45,1
go-acme__lego,trivy,216,2,461,208,10,0,208,10,0,216,2,461,208,10,0,208,10,0,0,1,0,7,0,2
go-acme__lego,cdxgen,208,1,469,208,1,0,208,1,0,208,1,469,208,1,0,208,1,0,0,0,0,0,0,1
go-acme__lego,cyclonedx-gomod,213,0,464,206,7,2,206,7,2,213,0,464,206,7,2,206,7,2,0,1,0,6,0,0
azer__logger,syft,1,0,0,1,0,0,1,0,0,1,0,0,1,0,0,1,0,0,0,0,0,0,0,0
azer__logger,trivy,1,0,0,1,0,0,1,0,0,1,0,0,1,0,0,1,0,0,0,0,0,0,0,0
azer__logger,cdxgen,1,0,0,1,0,0,1,0,0,1,0,0,1,0,0,1,0,0,0,0,0,0,0,0
azer__logger,cyclonedx-gomod,1,0,0,1,0,0,1,0,0,1,0,0,1,0,0,1,0,0,0,0,0,0,0,0
khezen__avro,syft,4,0,0,3,1,0,4,0,0,4,4,0,3,5,0,4,4,0,1,0,0,0,0,0
khezen__avro,trivy,4,0,0,3,1,0,4,0,0,4,4,0,3,5,0,4,4,0,1,0,0,0,0,0
khezen__avro,cdxgen,4,0,0,3,1,0,4,0,0,4,0,0,3,1,0,4,0,0,1,0,0,0,0,0
khezen__avro,cyclonedx-gomod,3,0,1,3,0,0,3,0,1,3,0,1,3,0,0,3,0,1,0,0,0,0,0,0
alecthomas__kingpin,syft,7,2,1,2,7,0,6,3,0,7,2,1,2,7,0,6,3,0,4,0,0,0,1,2
alecthomas__kingpin,trivy,6,2,2,2,6,0,6,2,0,6,2,2,2,6,0,6,2,0,4,0,0,0,0,2
alecthomas__kingpin,cdxgen,2,0,6,2,0,0,2,0,4,2,0,6,2,0,0,2,0,4,0,0,0,0,0,0
alecthomas__kingpin,cyclonedx-gomod,2,0,6,2,0,0,2,0,4,2,0,6,2,0,0,2,0,4,0,0,0,0,0,0
hashicorp__mql,syft,15,28,5,1,42,0,5,38,0,11,34,9,1,44,0,5,40,0,4,0,1,4,5,28
hashicorp__mql,trivy,13,26,7,1,38,0,5,34,0,10,30,10,1,39,0,5,35,0,4,0,1,4,3,26
hashicorp__mql,cdxgen,7,25,13,1,31,0,5,27,0,5,27,15,1,31,0,5,27,0,4,0,0,1,1,25
hashicorp__mql,cyclonedx-gomod,6,0,14,1,5,0,1,5,4,6,0,14,1,5,0,1,5,4,0,0,1,4,0,0
rs__zerolog,syft,6,4,1,6,4,0,6,4,0,6,5,1,6,5,0,6,5,0,0,0,0,0,0,4
rs__zerolog,trivy,6,10,1,6,10,0,6,10,0,6,11,1,6,11,0,6,11,0,0,0,0,0,0,10
rs__zerolog,cdxgen,6,1,1,6,1,0,6,1,0,6,2,1,6,2,0,6,2,0,0,0,0,0,0,1
rs__zerolog,cyclonedx-gomod,6,0,1,6,0,0,6,0,0,6,0,1,6,0,0,6,0,0,0,0,0,0,0,0
robfig__soy,syft,15,0,10,4,11,0,8,7,0,15,0,10,4,11,0,8,7,0,4,0,0,0,7,0
robfig__soy,trivy,25,0,0,4,21,0,8,17,0,25,0,0,4,21,0,8,17,0,4,0,0,0,17,0
robfig__soy,cdxgen,4,0,21,4,0,0,4,0,4,4,0,21,4,0,0,4,0,4,0,0,0,0,0,0
robfig__soy,cyclonedx-gomod,4,0,21,4,0,0,4,0,4,4,0,21,4,0,0,4,0,4,0,0,0,0,0,0
k-capehart__go-salesforce,syft,15,0,18,6,9,0,6,9,0,15,0,18,6,9,0,6,9,0,0,0,0,3,6,0
k-capehart__go-salesforce,trivy,9,0,24,6,3,0,6,3,0,9,0,24,6,3,0,6,3,0,0,0,0,3,0,0
k-capehart__go-salesforce,cdxgen,6,0,27,6,0,0,6,0,0,6,0,27,6,0,0,6,0,0,0,0,0,0,0,0
k-capehart__go-salesforce,cyclonedx-gomod,6,0,27,6,0,0,6,0,0,6,0,27,6,0,0,6,0,0,0,0,0,0,0,0
anthdm__hollywood,syft,61,0,56,38,23,0,42,19,0,61,0,56,38,23,0,42,19,0,4,0,0,2,17,0
anthdm__hollywood,trivy,44,0,73,38,6,0,42,2,0,44,0,73,38,6,0,42,2,0,4,0,0,2,0,0
anthdm__hollywood,cdxgen,38,0,79,38,0,0,38,0,4,38,0,79,38,0,0,38,0,4,0,0,0,0,0,0
anthdm__hollywood,cyclonedx-gomod,39,0,78,38,1,0,38,1,4,39,0,78,38,1,0,38,1,4,0,0,0,1,0,0
elves__elvish,syft,13,2,1,7,8,0,8,7,0,13,3,1,7,9,0,8,8,0,1,0,0,0,5,2
elves__elvish,trivy,13,2,1,7,8,0,8,7,0,13,3,1,7,9,0,8,8,0,1,0,0,0,5,2
elves__elvish,cdxgen,8,1,6,7,2,0,8,1,0,7,2,7,7,2,0,7,2,1,1,0,0,0,0,1
elves__elvish,cyclonedx-gomod,7,0,7,7,0,0,7,0,1,7,0,7,7,0,0,7,0,1,0,0,0,0,0,0
garethgeorge__backrest,syft,86,0,44,44,42,0,50,36,0,86,0,44,44,42,0,50,36,0,6,2,1,6,27,0
garethgeorge__backrest,trivy,59,0,71,44,15,0,50,9,0,59,0,71,44,15,0,50,9,0,6,2,1,6,0,0
garethgeorge__backrest,cdxgen,59,0,71,44,15,0,50,9,0,59,0,71,44,15,0,50,9,0,6,2,1,6,0,0
garethgeorge__backrest,cyclonedx-gomod,52,0,78,44,8,0,44,8,6,52,0,78,44,8,0,44,8,6,0,2,1,5,0,0
qiniu__qmgo,syft,24,0,8,16,8,0,21,3,0,24,0,8,16,8,0,21,3,0,5,0,0,0,3,0
qiniu__qmgo,trivy,32,0,0,16,16,0,21,11,0,32,0,0,16,16,0,21,11,0,5,0,0,0,11,0
qiniu__qmgo,cdxgen,16,0,16,16,0,0,16,0,5,16,0,16,16,0,0,16,0,5,0,0,0,0,0,0
qiniu__qmgo,cyclonedx-gomod,16,0,16,16,0,0,16,0,5,16,0,16,16,0,0,16,0,5,0,0,0,0,0,0
zerosnake0__goctx,syft,7,0,1,1,6,0,6,1,0,7,0,1,1,6,0,6,1,0,5,0,0,0,1,0
zerosnake0__goctx,trivy,8,0,0,1,7,0,6,2,0,8,0,0,1,7,0,6,2,0,5,0,0,0,2,0
zerosnake0__goctx,cdxgen,1,0,7,1,0,0,1,0,5,1,0,7,1,0,0,1,0,5,0,0,0,0,0,0
zerosnake0__goctx,cyclonedx-gomod,1,0,7,1,0,0,1,0,5,1,0,7,1,0,0,1,0,5,0,0,0,0,0,0
rakyll__hey,syft,NA
rakyll__hey,trivy,NA
rakyll__hey,cdxgen,NA
rakyll__hey,cyclonedx-gomod,NA
koss-null__FuncFrog,syft,9,0,9,1,8,0,5,4,0,9,0,9,1,8,0,5,4,0,4,0,1,2,1,0
koss-null__FuncFrog,trivy,8,0,10,1,7,0,5,3,0,8,0,10,1,7,0,5,3,0,4,0,1,2,0,0
koss-null__FuncFrog,cdxgen,1,0,17,1,0,0,1,0,4,1,0,17,1,0,0,1,0,4,0,0,0,0,0,0
koss-null__FuncFrog,cyclonedx-gomod,1,0,17,1,0,0,1,0,4,1,0,17,1,0,0,1,0,4,0,0,0,0,0,0
ceshihao__windowsupdate,syft,2,3,0,1,4,0,1,4,0,2,3,0,1,4,0,1,4,0,0,1,0,0,0,3
ceshihao__windowsupdate,trivy,2,3,0,1,4,0,1,4,0,2,3,0,1,4,0,1,4,0,0,1,0,0,0,3
ceshihao__windowsupdate,cdxgen,1,1,1,1,1,0,1,1,0,1,1,1,1,1,0,1,1,0,0,0,0,0,0,1
ceshihao__windowsupdate,cyclonedx-gomod,2,0,0,1,1,0,1,1,0,2,0,0,1,1,0,1,1,0,0,1,0,0,0,0
uptrace__bun,syft,17,127,5,9,135,0,13,131,0,17,136,5,9,144,0,13,140,0,4,0,0,2,2,127
uptrace__bun,trivy,17,102,5,9,110,0,13,106,0,17,106,5,9,114,0,13,110,0,4,0,0,2,2,102
uptrace__bun,cdxgen,11,61,11,9,63,0,11,61,2,11,61,11,9,63,0,11,61,2,2,0,0,0,0,61
uptrace__bun,cyclonedx-gomod,9,0,13,9,0,0,9,0,4,9,0,13,9,0,0,9,0,4,0,0,0,0,0,0
xwjdsh__awesome-go-extra,syft,22,0,72,9,13,0,9,13,0,22,0,72,9,13,0,9,13,0,0,0,3,10,0,0
xwjdsh__awesome-go-extra,trivy,94,0,0,9,85,0,9,85,0,94,0,0,9,85,0,9,85,0,0,0,3,10,72,0
xwjdsh__awesome-go-extra,cdxgen,9,0,85,9,0,0,9,0,0,9,0,85,9,0,0,9,0,0,0,0,0,0,0,0
xwjdsh__awesome-go-extra,cyclonedx-gomod,9,0,85,9,0,0,9,0,0,9,0,85,9,0,0,9,0,0,0,0,0,0,0,0
EngoEngine__engo,syft,31,0,14,17,14,0,21,10,0,31,0,14,17,14,0,21,10,0,4,1,5,4,0,0
EngoEngine__engo,trivy,31,0,14,17,14,0,21,10,0,31,0,14,17,14,0,21,10,0,4,1,5,4,0,0
EngoEngine__engo,cdxgen,17,0,28,17,0,0,17,0,4,17,0,28,17,0,0,17,0,4,0,0,0,0,0,0
EngoEngine__engo,cyclonedx-gomod,24,0,21,17,7,0,17,7,4,24,0,21,17,7,0,17,7,4,0,1,5,1,0,0
ovh__utask,syft,118,0,42,84,34,0,85,33,0,118,0,42,84,34,0,85,33,0,1,1,0,13,19,0
ovh__utask,trivy,99,0,61,84,15,0,85,14,0,99,0,61,84,15,0,85,14,0,1,1,0,13,0,0
ovh__utask,cdxgen,84,0,76,84,0,0,84,0,1,84,0,76,84,0,0,84,0,1,0,0,0,0,0,0
ovh__utask,cyclonedx-gomod,97,0,63,84,13,0,84,13,1,97,0,63,84,13,0,84,13,1,0,1,0,12,0,0
Masterminds__squirrel,syft,5,7,0,2,10,0,5,7,0,5,8,0,2,11,0,5,8,0,3,0,0,0,0,7
Masterminds__squirrel,trivy,5,14,0,2,17,0,5,14,0,5,15,0,2,18,0,5,15,0,3,0,0,0,0,14
Masterminds__squirrel,cdxgen,2,0,3,2,0,0,2,0,3,2,0,3,2,0,0,2,0,3,0,0,0,0,0,0
Masterminds__squirrel,cyclonedx-gomod,2,0,3,2,0,0,2,0,3,2,0,3,2,0,0,2,0,3,0,0,0,0,0,0
rjeczalik__interfaces,syft,1,0,5,1,0,0,1,0,0,1,0,5,1,0,0,1,0,0,0,0,0,0,0,0
rjeczalik__interfaces,trivy,6,0,0,1,5,0,1,5,0,6,0,0,1,5,0,1,5,0,0,0,0,0,5,0
rjeczalik__interfaces,cdxgen,1,0,5,1,0,0,1,0,0,1,0,5,1,0,0,1,0,0,0,0,0,0,0,0
rjeczalik__interfaces,cyclonedx-gomod,1,0,5,1,0,0,1,0,0,1,0,5,1,0,0,1,0,0,0,0,0,0,0,0
goreleaser__goreleaser,syft,463,3,470,336,130,0,363,103,0,463,3,470,336,130,0,363,103,0,27,4,0,5,91,3
goreleaser__goreleaser,trivy,372,4,561,336,40,0,363,13,0,372,4,561,336,40,0,363,13,0,27,4,0,5,0,4
goreleaser__goreleaser,cdxgen,336,1,597,336,1,0,336,1,27,336,1,597,336,1,0,336,1,27,0,0,0,0,0,1
goreleaser__goreleaser,cyclonedx-gomod,340,0,593,332,8,4,332,8,31,340,0,593,332,8,4,332,8,31,0,4,0,4,0,0
golang__tools,syft,8,30,2,5,33,0,6,32,0,8,31,2,5,34,0,6,33,0,1,1,0,0,0,31
golang__tools,trivy,8,23,2,5,26,0,6,25,0,8,24,2,5,27,0,6,26,0,1,1,0,0,0,24
golang__tools,cdxgen,8,17,2,5,20,0,6,19,0,7,18,3,5,20,0,5,20,1,1,1,0,0,0,18
golang__tools,cyclonedx-gomod,6,0,4,5,1,0,5,1,1,6,0,4,5,1,0,5,1,1,0,1,0,0,0,0
PuerkitoBio__goquery,syft,2,0,4,2,0,0,2,0,0,2,0,4,2,0,0,2,0,0,0,0,0,0,0,0
PuerkitoBio__goquery,trivy,2,0,4,2,0,0,2,0,0,2,0,4,2,0,0,2,0,0,0,0,0,0,0,0
PuerkitoBio__goquery,cdxgen,2,0,4,2,0,0,2,0,0,2,0,4,2,0,0,2,0,0,0,0,0,0,0,0
PuerkitoBio__goquery,cyclonedx-gomod,2,0,4,2,0,0,2,0,0,2,0,4,2,0,0,2,0,0,0,0,0,0,0,0
tomlazar__table,syft,11,0,1,6,5,0,10,1,0,11,0,1,6,5,0,10,1,0,4,0,0,0,1,0
tomlazar__table,trivy,12,0,0,6,6,0,10,2,0,12,0,0,6,6,0,10,2,0,4,0,0,0,2,0
tomlazar__table,cdxgen,6,0,6,6,0,0,6,0,4,6,0,6,6,0,0,6,0,4,0,0,0,0,0,0
tomlazar__table,cyclonedx-gomod,6,0,6,6,0,0,6,0,4,6,0,6,6,0,0,6,0,4,0,0,0,0,0,0
gagliardetto__solana-go,syft,97,0,36,66,31,0,77,20,0,97,0,36,66,31,0,77,20,0,11,1,0,1,18,0
gagliardetto__solana-go,trivy,79,0,54,66,13,0,77,2,0,79,0,54,66,13,0,77,2,0,11,1,0,1,0,0
gagliardetto__solana-go,cdxgen,66,0,67,66,0,0,66,0,11,66,0,67,66,0,0,66,0,11,0,0,0,0,0,0
gagliardetto__solana-go,cyclonedx-gomod,67,0,66,66,1,0,66,1,11,67,0,66,66,1,0,66,1,11,0,1,0,0,0,0
create-go-app__cli,syft,50,0,14,28,22,0,28,22,0,50,0,14,28,22,0,28,22,0,0,2,0,0,20,0
create-go-app__cli,trivy,30,0,34,28,2,0,28,2,0,30,0,34,28,2,0,28,2,0,0,2,0,0,0,0
create-go-app__cli,cdxgen,28,0,36,28,0,0,28,0,0,28,0,36,28,0,0,28,0,0,0,0,0,0,0,0
create-go-app__cli,cyclonedx-gomod,30,0,34,28,2,0,28,2,0,30,0,34,28,2,0,28,2,0,0,2,0,0,0,0
asticode__go-astiav,syft,6,0,1,1,5,0,5,1,0,6,0,1,1,5,0,5,1,0,4,0,0,0,1,0
asticode__go-astiav,trivy,5,0,2,1,4,0,5,0,0,5,0,2,1,4,0,5,0,0,4,0,0,0,0,0
asticode__go-astiav,cdxgen,1,0,6,1,0,0,1,0,4,1,0,6,1,0,0,1,0,4,0,0,0,0,0,0
asticode__go-astiav,cyclonedx-gomod,1,0,6,1,0,0,1,0,4,1,0,6,1,0,0,1,0,4,0,0,0,0,0,0
pikoci__pikoci,syft,144,18,40,64,98,0,67,95,0,132,45,52,64,113,0,67,110,0,3,3,1,17,35,39
pikoci__pikoci,trivy,113,12,71,64,61,0,67,58,0,96,36,88,64,68,0,67,65,0,3,3,1,17,7,30
pikoci__pikoci,cdxgen,90,11,94,64,37,0,64,37,3,72,35,112,64,43,0,64,43,3,0,0,0,2,7,28
pikoci__pikoci,cyclonedx-gomod,79,0,105,64,15,0,64,15,3,79,0,105,64,15,0,64,15,3,0,3,0,12,0,0
MonaxGT__gomalshare,syft,1,0,0,1,0,0,1,0,0,1,0,0,1,0,0,1,0,0,0,0,0,0,0,0
MonaxGT__gomalshare,trivy,1,0,0,1,0,0,1,0,0,1,0,0,1,0,0,1,0,0,0,0,0,0,0,0
MonaxGT__gomalshare,cdxgen,1,0,0,1,0,0,1,0,0,1,0,0,1,0,0,1,0,0,0,0,0,0,0,0
MonaxGT__gomalshare,cyclonedx-gomod,1,0,0,1,0,0,1,0,0,1,0,0,1,0,0,1,0,0,0,0,0,0,0,0
appleboy__easyssh-proxy,syft,10,1,4,3,8,0,7,4,0,10,1,4,3,8,0,7,4,0,4,0,0,1,2,1
appleboy__easyssh-proxy,trivy,8,1,6,3,6,0,7,2,0,8,1,6,3,6,0,7,2,0,4,0,0,1,0,1
appleboy__easyssh-proxy,cdxgen,3,0,11,3,0,0,3,0,4,3,0,11,3,0,0,3,0,4,0,0,0,0,0,0
appleboy__easyssh-proxy,cyclonedx-gomod,4,0,10,3,1,0,3,1,4,4,0,10,3,1,0,3,1,4,0,0,0,1,0,0
samber__lo,syft,10,1,8,1,10,0,7,4,0,10,1,8,1,10,0,7,4,0,6,0,0,3,0,1
samber__lo,trivy,10,1,8,1,10,0,7,4,0,10,1,8,1,10,0,7,4,0,6,0,0,3,0,1
samber__lo,cdxgen,1,0,17,1,0,0,1,0,6,1,0,17,1,0,0,1,0,6,0,0,0,0,0,0
samber__lo,cyclonedx-gomod,1,0,17,1,0,0,1,0,6,1,0,17,1,0,0,1,0,6,0,0,0,0,0,0
rsteube__carapace,syft,8,2,3,4,6,0,4,6,0,8,2,3,4,6,0,4,6,0,0,1,0,0,1,4
rsteube__carapace,trivy,7,2,4,4,5,0,4,5,0,7,2,4,4,5,0,4,5,0,0,1,0,0,0,4
rsteube__carapace,cdxgen,NA
rsteube__carapace,cyclonedx-gomod,6,1,5,3,4,1,3,4,1,6,1,5,3,4,1,3,4,1,0,1,0,0,0,3
oriser__regroup,syft,6,0,5,1,5,0,5,1,0,6,0,5,1,5,0,5,1,0,4,0,0,0,1,0
oriser__regroup,trivy,5,0,6,1,4,0,5,0,0,5,0,6,1,4,0,5,0,0,4,0,0,0,0,0
oriser__regroup,cdxgen,1,0,10,1,0,0,1,0,4,1,0,10,1,0,0,1,0,4,0,0,0,0,0,0
oriser__regroup,cyclonedx-gomod,1,0,10,1,0,0,1,0,4,1,0,10,1,0,0,1,0,4,0,0,0,0,0,0
bhmj__jsonslice,syft,1,0,0,1,0,0,1,0,0,1,0,0,1,0,0,1,0,0,0,0,0,0,0,0
bhmj__jsonslice,trivy,1,0,0,1,0,0,1,0,0,1,0,0,1,0,0,1,0,0,0,0,0,0,0,0
bhmj__jsonslice,cdxgen,1,0,0,1,0,0,1,0,0,1,0,0,1,0,0,1,0,0,0,0,0,0,0,0
bhmj__jsonslice,cyclonedx-gomod,1,0,0,1,0,0,1,0,0,1,0,0,1,0,0,1,0,0,0,0,0,0,0,0
OldPanda__bloomfilter,syft,6,0,14,2,4,0,2,4,0,6,0,14,2,4,0,2,4,0,0,0,0,0,4,0
OldPanda__bloomfilter,trivy,20,0,0,2,18,0,2,18,0,20,0,0,2,18,0,2,18,0,0,0,0,0,18,0
OldPanda__bloomfilter,cdxgen,2,0,18,2,0,0,2,0,0,2,0,18,2,0,0,2,0,0,0,0,0,0,0,0
OldPanda__bloomfilter,cyclonedx-gomod,2,0,18,2,0,0,2,0,0,2,0,18,2,0,0,2,0,0,0,0,0,0,0,0
meloalright__guora,syft,98,0,131,38,60,0,61,37,0,98,0,131,38,60,0,61,37,0,23,0,0,10,27,0
meloalright__guora,trivy,229,2,0,38,193,0,61,170,0,229,2,0,38,193,0,61,170,0,23,0,0,10,160,0
meloalright__guora,cdxgen,38,0,191,38,0,0,38,0,23,38,0,191,38,0,0,38,0,23,0,0,0,0,0,0
meloalright__guora,cyclonedx-gomod,NA
bobg__go-generics,syft,1,0,0,1,0,0,1,0,0,1,0,0,1,0,0,1,0,0,0,0,0,0,0,0
bobg__go-generics,trivy,1,0,0,1,0,0,1,0,0,1,0,0,1,0,0,1,0,0,0,0,0,0,0,0
bobg__go-generics,cdxgen,1,0,0,1,0,0,1,0,0,1,0,0,1,0,0,1,0,0,0,0,0,0,0,0
bobg__go-generics,cyclonedx-gomod,1,0,0,1,0,0,1,0,0,1,0,0,1,0,0,1,0,0,0,0,0,0,0,0
samber__ro,syft,81,46,46,3,124,0,8,119,0,78,72,49,3,147,0,8,142,0,5,0,0,3,1,115
samber__ro,trivy,80,51,47,3,128,0,8,123,0,78,73,49,3,148,0,8,143,0,5,0,0,3,1,119
samber__ro,cdxgen,NA
samber__ro,cyclonedx-gomod,69,0,58,3,66,0,7,62,1,69,0,58,3,66,0,7,62,1,4,0,0,0,0,62
joshmedeski__sesh,syft,42,0,10,36,6,0,36,6,0,42,0,10,36,6,0,36,6,0,0,1,0,0,5,0
joshmedeski__sesh,trivy,37,0,15,36,1,0,36,1,0,37,0,15,36,1,0,36,1,0,0,1,0,0,0,0
joshmedeski__sesh,cdxgen,36,0,16,36,0,0,36,0,0,36,0,16,36,0,0,36,0,0,0,0,0,0,0,0
joshmedeski__sesh,cyclonedx-gomod,36,0,16,35,1,1,35,1,1,36,0,16,35,1,1,35,1,1,0,1,0,0,0,0
matryer__moq,syft,5,6,4,3,8,0,4,7,0,5,8,4,3,10,0,4,9,0,1,0,0,0,1,6
matryer__moq,trivy,4,7,5,3,8,0,4,7,0,4,9,5,3,10,0,4,9,0,1,0,0,0,0,7
matryer__moq,cdxgen,3,2,6,3,2,0,3,2,1,3,2,6,3,2,0,3,2,1,0,0,0,0,0,2
matryer__moq,cyclonedx-gomod,3,0,6,3,0,0,3,0,1,3,0,6,3,0,0,3,0,1,0,0,0,0,0,0
goraz__onion,syft,59,0,116,15,44,0,18,41,0,59,0,116,15,44,0,18,41,0,3,0,0,8,33,0
goraz__onion,trivy,26,0,149,15,11,0,18,8,0,26,0,149,15,11,0,18,8,0,3,0,0,8,0,0
goraz__onion,cdxgen,15,0,160,15,0,0,15,0,3,15,0,160,15,0,0,15,0,3,0,0,0,0,0,0
goraz__onion,cyclonedx-gomod,15,0,160,15,0,0,15,0,3,15,0,160,15,0,0,15,0,3,0,0,0,0,0,0
greencoda__confiq,syft,9,0,0,8,1,0,8,1,0,9,0,0,8,1,0,8,1,0,0,0,0,0,1,0
greencoda__confiq,trivy,8,0,1,8,0,0,8,0,0,8,0,1,8,0,0,8,0,0,0,0,0,0,0,0
greencoda__confiq,cdxgen,8,0,1,8,0,0,8,0,0,8,0,1,8,0,0,8,0,0,0,0,0,0,0,0
greencoda__confiq,cyclonedx-gomod,8,0,1,8,0,0,8,0,0,8,0,1,8,0,0,8,0,0,0,0,0,0,0,0
pingcap__failpoint,syft,12,0,4,3,9,0,8,4,0,12,0,4,3,9,0,8,4,0,5,0,0,1,3,0
pingcap__failpoint,trivy,9,0,7,3,6,0,8,1,0,9,0,7,3,6,0,8,1,0,5,0,0,1,0,0
pingcap__failpoint,cdxgen,3,0,13,3,0,0,3,0,5,3,0,13,3,0,0,3,0,5,0,0,0,0,0,0
pingcap__failpoint,cyclonedx-gomod,3,0,13,3,0,0,3,0,5,3,0,13,3,0,0,3,0,5,0,0,0,0,0,0
etcd-io__etcd,syft,323,0,433,83,240,0,83,240,0,323,0,433,83,240,0,83,240,0,0,1,0,0,14,225
etcd-io__etcd,trivy,315,0,441,83,232,0,83,232,0,315,0,441,83,232,0,83,232,0,0,1,0,0,10,221
etcd-io__etcd,cdxgen,89,0,667,75,14,8,75,14,8,89,0,667,75,14,8,75,14,8,0,0,0,0,0,14
etcd-io__etcd,cyclonedx-gomod,308,0,448,82,226,1,82,226,1,308,0,448,82,226,1,82,226,1,0,1,0,0,5,220
napalu__goopt,syft,13,14,6,7,20,0,11,16,0,12,27,7,7,32,0,11,28,0,4,0,0,0,1,15
napalu__goopt,trivy,12,14,7,7,19,0,11,15,0,11,24,8,7,28,0,11,24,0,4,0,0,0,0,15
napalu__goopt,cdxgen,8,1,11,7,2,0,7,2,4,7,11,12,7,11,0,7,11,4,0,0,0,0,0,2
napalu__goopt,cyclonedx-gomod,7,0,12,7,0,0,7,0,4,7,0,12,7,0,0,7,0,4,0,0,0,0,0,0
mgtv-tech__jetcache-go,syft,40,0,21,14,26,0,28,12,0,40,0,21,14,26,0,28,12,0,14,0,0,5,7,0
mgtv-tech__jetcache-go,trivy,33,0,28,14,19,0,28,5,0,33,0,28,14,19,0,28,5,0,14,0,0,5,0,0
mgtv-tech__jetcache-go,cdxgen,14,0,47,14,0,0,14,0,14,14,0,47,14,0,0,14,0,14,0,0,0,0,0,0
mgtv-tech__jetcache-go,cyclonedx-gomod,19,0,42,14,5,0,14,5,14,19,0,42,14,5,0,14,5,14,0,0,0,5,0,0
kelindar__tile,syft,7,0,1,2,5,0,6,1,0,7,0,1,2,5,0,6,1,0,4,0,0,0,1,0
kelindar__tile,trivy,6,0,2,2,4,0,6,0,0,6,0,2,2,4,0,6,0,0,4,0,0,0,0,0
kelindar__tile,cdxgen,2,0,6,2,0,0,2,0,4,2,0,6,2,0,0,2,0,4,0,0,0,0,0,0
kelindar__tile,cyclonedx-gomod,2,0,6,2,0,0,2,0,4,2,0,6,2,0,0,2,0,4,0,0,0,0,0,0
go-task__task,syft,151,0,236,123,28,0,125,26,0,151,0,236,123,28,0,125,26,0,2,0,0,2,24,0
go-task__task,trivy,127,0,260,123,4,0,125,2,0,127,0,260,123,4,0,125,2,0,2,0,0,2,0,0
go-task__task,cdxgen,123,0,264,123,0,0,123,0,2,123,0,264,123,0,0,123,0,2,0,0,0,0,0,0
go-task__task,cyclonedx-gomod,123,0,264,122,1,1,122,1,3,123,0,264,122,1,1,122,1,3,0,0,0,1,0,0
neuronlabs__errors,syft,4,0,1,1,3,0,4,0,0,4,0,1,1,3,0,4,0,0,3,0,0,0,0,0
neuronlabs__errors,trivy,5,0,0,1,4,0,4,1,0,5,0,0,1,4,0,4,1,0,3,0,0,0,1,0
neuronlabs__errors,cdxgen,1,0,4,1,0,0,1,0,3,1,0,4,1,0,0,1,0,3,0,0,0,0,0,0
neuronlabs__errors,cyclonedx-gomod,1,0,4,1,0,0,1,0,3,1,0,4,1,0,0,1,0,3,0,0,0,0,0,0
kpfaulkner__borders,syft,1,0,1,1,0,0,1,0,0,1,0,1,1,0,0,1,0,0,0,0,0,0,0,0
kpfaulkner__borders,trivy,1,0,1,1,0,0,1,0,0,1,0,1,1,0,0,1,0,0,0,0,0,0,0,0
kpfaulkner__borders,cdxgen,1,0,1,1,0,0,1,0,0,1,0,1,1,0,0,1,0,0,0,0,0,0,0,0
kpfaulkner__borders,cyclonedx-gomod,1,0,1,1,0,0,1,0,0,1,0,1,1,0,0,1,0,0,0,0,0,0,0,0
panjf2000__gnet,syft,14,0,2,7,7,0,11,3,0,14,0,2,7,7,0,11,3,0,4,0,0,0,3,0
panjf2000__gnet,trivy,11,0,5,7,4,0,11,0,0,11,0,5,7,4,0,11,0,0,4,0,0,0,0,0
panjf2000__gnet,cdxgen,7,0,9,7,0,0,7,0,4,7,0,9,7,0,0,7,0,4,0,0,0,0,0,0
panjf2000__gnet,cyclonedx-gomod,7,0,9,7,0,0,7,0,4,7,0,9,7,0,0,7,0,4,0,0,0,0,0,0
rookie-ninja__rk-gin,syft,91,0,121,67,24,0,70,21,0,91,0,121,67,24,0,70,21,0,3,0,0,12,9,0
rookie-ninja__rk-gin,trivy,82,0,130,67,15,0,70,12,0,82,0,130,67,15,0,70,12,0,3,0,0,12,0,0
rookie-ninja__rk-gin,cdxgen,67,0,145,67,0,0,67,0,3,67,0,145,67,0,0,67,0,3,0,0,0,0,0,0
rookie-ninja__rk-gin,cyclonedx-gomod,79,0,133,67,12,0,67,12,3,79,0,133,67,12,0,67,12,3,0,0,0,12,0,0
kkyr__go-recipe,syft,12,0,6,8,4,0,8,4,0,12,0,6,8,4,0,8,4,0,0,0,0,1,3,0
kkyr__go-recipe,trivy,9,0,9,8,1,0,8,1,0,9,0,9,8,1,0,8,1,0,0,0,0,1,0,0
kkyr__go-recipe,cdxgen,8,0,10,8,0,0,8,0,0,8,0,10,8,0,0,8,0,0,0,0,0,0,0,0
kkyr__go-recipe,cyclonedx-gomod,8,0,10,8,0,0,8,0,0,8,0,10,8,0,0,8,0,0,0,0,0,0,0,0
gofiber__fiber,syft,24,0,5,17,7,0,22,2,0,24,0,5,17,7,0,22,2,0,5,0,0,0,2,0
gofiber__fiber,trivy,22,0,7,17,5,0,22,0,0,22,0,7,17,5,0,22,0,0,5,0,0,0,0,0
gofiber__fiber,cdxgen,17,0,12,17,0,0,17,0,5,17,0,12,17,0,0,17,0,5,0,0,0,0,0,0
gofiber__fiber,cyclonedx-gomod,17,0,12,17,0,0,17,0,5,17,0,12,17,0,0,17,0,5,0,0,0,0,0,0
Evertras__bubble-table,syft,27,0,8,19,8,0,23,4,0,27,0,8,19,8,0,23,4,0,4,0,0,0,4,0
Evertras__bubble-table,trivy,23,0,12,19,4,0,23,0,0,23,0,12,19,4,0,23,0,0,4,0,0,0,0,0
Evertras__bubble-table,cdxgen,19,0,16,19,0,0,19,0,4,19,0,16,19,0,0,19,0,4,0,0,0,0,0,0
Evertras__bubble-table,cyclonedx-gomod,19,0,16,19,0,0,19,0,4,19,0,16,19,0,0,19,0,4,0,0,0,0,0,0
raviqqe__muffet,syft,27,0,8,17,10,0,22,5,0,27,0,8,17,10,0,22,5,0,5,0,0,3,2,0
raviqqe__muffet,trivy,25,0,10,17,8,0,22,3,0,25,0,10,17,8,0,22,3,0,5,0,0,3,0,0
raviqqe__muffet,cdxgen,17,0,18,17,0,0,17,0,5,17,0,18,17,0,0,17,0,5,0,0,0,0,0,0
raviqqe__muffet,cyclonedx-gomod,17,0,18,17,0,0,17,0,5,17,0,18,17,0,0,17,0,5,0,0,0,0,0,0
gookit__rux,syft,6,61,2,6,61,0,6,61,0,6,82,2,6,82,0,6,82,0,0,0,0,0,0,61
gookit__rux,trivy,8,68,0,6,70,0,6,70,0,6,96,2,6,96,0,6,96,0,0,0,0,0,0,70
gookit__rux,cdxgen,6,34,2,6,34,0,6,34,0,6,51,2,6,51,0,6,51,0,0,0,0,0,0,34
gookit__rux,cyclonedx-gomod,6,0,2,6,0,0,6,0,0,6,0,2,6,0,0,6,0,0,0,0,0,0,0,0
oakmound__oak,syft,20,2,10,14,8,0,14,8,0,20,3,10,14,9,0,14,9,0,0,3,2,1,0,2
oakmound__oak,trivy,20,2,10,14,8,0,14,8,0,20,3,10,14,9,0,14,9,0,0,3,2,1,0,2
oakmound__oak,cdxgen,14,1,16,14,1,0,14,1,0,14,1,16,14,1,0,14,1,0,0,0,0,0,0,1
oakmound__oak,cyclonedx-gomod,20,0,10,14,6,0,14,6,0,20,0,10,14,6,0,14,6,0,0,3,2,1,0,0
Lifailon__lazyjournal,syft,11,0,9,10,1,0,10,1,0,11,0,9,10,1,0,10,1,0,0,0,0,0,0,2
Lifailon__lazyjournal,trivy,10,0,10,10,0,0,10,0,0,10,0,10,10,0,0,10,0,0,0,0,0,0,0,1
Lifailon__lazyjournal,cdxgen,10,0,10,10,0,0,10,0,0,10,0,10,10,0,0,10,0,0,0,0,0,0,0,0
Lifailon__lazyjournal,cyclonedx-gomod,10,0,10,10,0,0,10,0,0,10,0,10,10,0,0,10,0,0,0,0,0,0,0,0
tmc__langchaingo,syft,358,79,525,246,191,0,280,157,0,357,98,526,246,209,0,280,175,0,34,2,0,6,69,80
tmc__langchaingo,trivy,293,79,590,246,126,0,280,92,0,292,84,591,246,130,0,280,96,0,34,2,0,6,4,80
tmc__langchaingo,cdxgen,249,2,634,246,5,0,246,5,34,248,7,635,246,9,0,246,9,34,0,0,0,0,2,3
tmc__langchaingo,cyclonedx-gomod,244,0,639,239,5,7,239,5,41,244,0,639,239,5,7,239,5,41,0,2,0,3,0,0
xjasonlyu__tun2socks,syft,34,0,116,21,13,0,24,10,0,34,0,116,21,13,0,24,10,0,3,2,0,4,4,0
xjasonlyu__tun2socks,trivy,30,0,120,21,9,0,24,6,0,30,0,120,21,9,0,24,6,0,3,2,0,4,0,0
xjasonlyu__tun2socks,cdxgen,21,0,129,21,0,0,21,0,3,21,0,129,21,0,0,21,0,3,0,0,0,0,0,0
xjasonlyu__tun2socks,cyclonedx-gomod,24,0,126,21,3,0,21,3,3,24,0,126,21,3,0,21,3,3,0,2,0,1,0,0
ahmedakef__gotutor,syft,28,18,15,14,32,0,14,32,0,27,28,16,14,41,0,14,41,0,0,1,0,0,10,21
ahmedakef__gotutor,trivy,22,10,21,14,18,0,14,18,0,19,19,24,14,24,0,14,24,0,0,1,0,0,4,13
ahmedakef__gotutor,cdxgen,17,8,26,14,11,0,14,11,0,16,14,27,14,16,0,14,16,0,0,0,0,0,0,11
ahmedakef__gotutor,cyclonedx-gomod,15,0,28,14,1,0,14,1,0,15,0,28,14,1,0,14,1,0,0,1,0,0,0,0
s0rg__grid,syft,6,0,6,6,0,0,6,0,0,6,0,6,6,0,0,6,0,0,0,0,0,0,0,0
s0rg__grid,trivy,6,0,6,6,0,0,6,0,0,6,0,6,6,0,0,6,0,0,0,0,0,0,0,0
s0rg__grid,cdxgen,6,0,6,6,0,0,6,0,0,6,0,6,6,0,0,6,0,0,0,0,0,0,0,0
s0rg__grid,cyclonedx-gomod,6,0,6,6,0,0,6,0,0,6,0,6,6,0,0,6,0,0,0,0,0,0,0,0
zhufuyi__sponge,syft,263,0,234,210,53,0,212,51,0,263,0,234,210,53,0,212,51,0,2,3,0,16,32,0
zhufuyi__sponge,trivy,231,0,266,210,21,0,212,19,0,231,0,266,210,21,0,212,19,0,2,3,0,16,0,0
zhufuyi__sponge,cdxgen,210,0,287,210,0,0,210,0,2,210,0,287,210,0,0,210,0,2,0,0,0,0,0,0
zhufuyi__sponge,cyclonedx-gomod,229,0,268,210,19,0,210,19,2,229,0,268,210,19,0,210,19,2,0,3,0,16,0,0
mdlayher__ethernet,syft,8,0,2,6,2,0,6,2,0,8,0,2,6,2,0,6,2,0,0,0,0,0,2,0
mdlayher__ethernet,trivy,10,0,0,6,4,0,6,4,0,10,0,0,6,4,0,6,4,0,0,0,0,0,4,0
mdlayher__ethernet,cdxgen,6,0,4,6,0,0,6,0,0,6,0,4,6,0,0,6,0,0,0,0,0,0,0,0
mdlayher__ethernet,cyclonedx-gomod,6,0,4,6,0,0,6,0,0,6,0,4,6,0,0,6,0,0,0,0,0,0,0,0
codemodus__catena,syft,NA
codemodus__catena,trivy,NA
codemodus__catena,cdxgen,NA
codemodus__catena,cyclonedx-gomod,NA
NicoNex__echotron,syft,17,0,0,1,16,0,1,16,0,17,0,0,1,16,0,1,16,0,0,0,0,0,0,16
NicoNex__echotron,trivy,13,0,4,1,12,0,1,12,0,13,0,4,1,12,0,1,12,0,0,0,0,0,0,12
NicoNex__echotron,cdxgen,3,0,14,1,2,0,1,2,0,3,0,14,1,2,0,1,2,0,0,0,0,0,0,2
NicoNex__echotron,cyclonedx-gomod,13,0,4,1,12,0,1,12,0,13,0,4,1,12,0,1,12,0,0,0,0,0,0,12
codingsince1985__checksum,syft,3,0,3,2,1,0,3,0,0,3,0,3,2,1,0,3,0,0,1,0,0,0,0,0
codingsince1985__checksum,trivy,3,0,3,2,1,0,3,0,0,3,0,3,2,1,0,3,0,0,1,0,0,0,0,0
codingsince1985__checksum,cdxgen,2,0,4,2,0,0,2,0,1,2,0,4,2,0,0,2,0,1,0,0,0,0,0,0
codingsince1985__checksum,cyclonedx-gomod,2,0,4,2,0,0,2,0,1,2,0,4,2,0,0,2,0,1,0,0,0,0,0,0
disintegration__imaging,syft,2,0,0,1,1,0,1,1,0,2,0,0,1,1,0,1,1,0,0,0,0,1,0,0
disintegration__imaging,trivy,2,0,0,1,1,0,1,1,0,2,0,0,1,1,0,1,1,0,0,0,0,1,0,0
disintegration__imaging,cdxgen,1,0,1,1,0,0,1,0,0,1,0,1,1,0,0,1,0,0,0,0,0,0,0,0
disintegration__imaging,cyclonedx-gomod,1,0,1,1,0,0,1,0,0,1,0,1,1,0,0,1,0,0,0,0,0,0,0,0
jaegertracing__jaeger,syft,482,196,107,316,362,0,320,358,0,479,225,110,316,388,0,320,384,0,4,4,0,4,152,198
jaegertracing__jaeger,trivy,344,197,245,316,225,0,320,221,0,337,226,252,316,247,0,320,243,0,4,4,0,4,14,199
jaegertracing__jaeger,cdxgen,316,1,273,316,1,0,316,1,4,316,1,273,316,1,0,316,1,4,0,0,0,0,0,1
jaegertracing__jaeger,cyclonedx-gomod,319,0,270,311,8,5,311,8,9,319,0,270,311,8,5,311,8,9,0,4,0,4,0,0
owenthereal__upterm,syft,176,2,160,116,62,2,122,56,2,176,2,160,116,62,2,122,56,2,6,9,0,9,38,0
owenthereal__upterm,trivy,140,2,196,116,26,2,122,20,2,140,2,196,116,26,2,122,20,2,6,9,0,9,2,0
owenthereal__upterm,cdxgen,118,0,218,118,0,0,118,0,6,118,0,218,118,0,0,118,0,6,0,0,0,0,0,0
owenthereal__upterm,cyclonedx-gomod,131,2,205,115,18,3,115,18,9,131,2,205,115,18,3,115,18,9,0,9,0,7,2,0
alecthomas__go_serialization_benchmarks,syft,71,0,161,48,23,0,48,23,0,71,0,161,48,23,0,48,23,0,0,0,0,7,16,0
alecthomas__go_serialization_benchmarks,trivy,55,0,177,48,7,0,48,7,0,55,0,177,48,7,0,48,7,0,0,0,0,7,0,0
alecthomas__go_serialization_benchmarks,cdxgen,48,0,184,48,0,0,48,0,0,48,0,184,48,0,0,48,0,0,0,0,0,0,0,0
alecthomas__go_serialization_benchmarks,cyclonedx-gomod,50,0,182,48,2,0,48,2,0,50,0,182,48,2,0,48,2,0,0,0,0,2,0,0
vahiiiid__go-rest-api-boilerplate,syft,106,0,182,60,46,0,65,41,0,106,0,182,60,46,0,65,41,0,5,0,0,11,30,0
vahiiiid__go-rest-api-boilerplate,trivy,76,0,212,60,16,0,65,11,0,76,0,212,60,16,0,65,11,0,5,0,0,11,0,0
vahiiiid__go-rest-api-boilerplate,cdxgen,76,0,212,60,16,0,65,11,0,76,0,212,60,16,0,65,11,0,5,0,0,11,0,0
vahiiiid__go-rest-api-boilerplate,cyclonedx-gomod,71,0,217,60,11,0,60,11,5,71,0,217,60,11,0,60,11,5,0,0,0,11,0,0
tockins__realize,syft,23,0,4,19,4,0,19,4,0,23,0,4,19,4,0,19,4,0,0,0,0,0,4,0
tockins__realize,trivy,27,1,0,19,9,0,19,9,0,27,1,0,19,9,0,19,9,0,0,1,0,0,8,0
tockins__realize,cdxgen,19,0,8,19,0,0,19,0,0,19,0,8,19,0,0,19,0,0,0,0,0,0,0,0
tockins__realize,cyclonedx-gomod,NA
dnnrly__httpref,syft,38,0,145,20,18,0,31,7,0,38,0,145,20,18,0,31,7,0,11,0,0,0,7,0
dnnrly__httpref,trivy,183,0,0,20,163,0,31,152,0,183,0,0,20,163,0,31,152,0,11,1,0,0,151,0
dnnrly__httpref,cdxgen,20,0,163,20,0,0,20,0,11,20,0,163,20,0,0,20,0,11,0,0,0,0,0,0
dnnrly__httpref,cyclonedx-gomod,21,0,162,20,1,0,20,1,11,21,0,162,20,1,0,20,1,11,0,1,0,0,0,0
dragonflyoss__Dragonfly2,syft,265,0,347,192,73,0,197,68,0,265,0,347,192,73,0,197,68,0,5,2,0,19,47,0
dragonflyoss__Dragonfly2,trivy,218,0,394,192,26,0,197,21,0,218,0,394,192,26,0,197,21,0,5,2,0,19,0,0
dragonflyoss__Dragonfly2,cdxgen,192,0,420,192,0,0,192,0,5,192,0,420,192,0,0,192,0,5,0,0,0,0,0,0
dragonflyoss__Dragonfly2,cyclonedx-gomod,210,0,402,192,18,0,192,18,5,210,0,402,192,18,0,192,18,5,0,2,0,16,0,0
keploy__keploy,syft,224,0,413,171,53,0,171,53,0,224,0,413,171,53,0,171,53,0,0,2,0,5,46,0
keploy__keploy,trivy,178,0,459,171,7,0,171,7,0,178,0,459,171,7,0,171,7,0,0,2,0,5,0,0
keploy__keploy,cdxgen,171,0,466,171,0,0,171,0,0,171,0,466,171,0,0,171,0,0,0,0,0,0,0,0
keploy__keploy,cyclonedx-gomod,175,0,462,170,5,1,170,5,1,175,0,462,170,5,1,170,5,1,0,2,0,3,0,0
gosimple__slug,syft,1,0,0,1,0,0,1,0,0,1,0,0,1,0,0,1,0,0,0,0,0,0,0,0
gosimple__slug,trivy,1,0,0,1,0,0,1,0,0,1,0,0,1,0,0,1,0,0,0,0,0,0,0,0
gosimple__slug,cdxgen,1,0,0,1,0,0,1,0,0,1,0,0,1,0,0,1,0,0,0,0,0,0,0,0
gosimple__slug,cyclonedx-gomod,1,0,0,1,0,0,1,0,0,1,0,0,1,0,0,1,0,0,0,0,0,0,0,0
pashagolub__pgxmock,syft,14,0,5,6,8,0,10,4,0,14,0,5,6,8,0,10,4,0,4,0,0,2,2,0
pashagolub__pgxmock,trivy,12,0,7,6,6,0,10,2,0,12,0,7,6,6,0,10,2,0,4,0,0,2,0,0
pashagolub__pgxmock,cdxgen,6,0,13,6,0,0,6,0,4,6,0,13,6,0,0,6,0,4,0,0,0,0,0,0
pashagolub__pgxmock,cyclonedx-gomod,6,0,13,6,0,0,6,0,4,6,0,13,6,0,0,6,0,4,0,0,0,0,0,0
cockroachdb__pebble,syft,65,8,173,50,23,0,54,19,0,62,19,176,50,31,0,54,27,0,4,1,0,0,10,8
cockroachdb__pebble,trivy,58,7,180,50,15,0,54,11,0,55,14,183,50,19,0,54,15,0,4,1,0,0,3,7
cockroachdb__pebble,cdxgen,51,1,187,50,2,0,50,2,4,50,5,188,50,5,0,50,5,4,0,0,0,0,1,1
cockroachdb__pebble,cyclonedx-gomod,48,0,190,47,1,3,47,1,7,48,0,190,47,1,3,47,1,7,0,1,0,0,0,0
janpfeifer__gonb,syft,47,0,11,31,16,0,35,12,0,47,0,11,31,16,0,35,12,0,4,0,1,4,7,0
janpfeifer__gonb,trivy,40,0,18,31,9,0,35,5,0,40,0,18,31,9,0,35,5,0,4,0,1,4,0,0
janpfeifer__gonb,cdxgen,31,0,27,31,0,0,31,0,4,31,0,27,31,0,0,31,0,4,0,0,0,0,0,0
janpfeifer__gonb,cyclonedx-gomod,34,0,24,31,3,0,31,3,4,34,0,24,31,3,0,31,3,4,0,0,1,2,0,0
tickstem__cron,syft,16,0,1,6,10,0,10,6,0,16,0,1,6,10,0,10,6,0,4,0,0,0,6,0
tickstem__cron,trivy,10,0,7,6,4,0,10,0,0,10,0,7,6,4,0,10,0,0,4,0,0,0,0,0
tickstem__cron,cdxgen,6,0,11,6,0,0,6,0,4,6,0,11,6,0,0,6,0,4,0,0,0,0,0,0
tickstem__cron,cyclonedx-gomod,6,0,11,6,0,0,6,0,4,6,0,11,6,0,0,6,0,4,0,0,0,0,0,0
jferrl__go-githubauth,syft,2,0,1,2,0,0,2,0,0,2,0,1,2,0,0,2,0,0,0,0,0,0,0,0
jferrl__go-githubauth,trivy,2,0,1,2,0,0,2,0,0,2,0,1,2,0,0,2,0,0,0,0,0,0,0,0
jferrl__go-githubauth,cdxgen,2,0,1,2,0,0,2,0,0,2,0,1,2,0,0,2,0,0,0,0,0,0,0,0
jferrl__go-githubauth,cyclonedx-gomod,2,0,1,2,0,0,2,0,0,2,0,1,2,0,0,2,0,0,0,0,0,0,0,0
knbr13__gitcs,syft,47,0,10,27,20,0,27,20,0,47,0,10,27,20,0,27,20,0,0,1,0,0,19,0
knbr13__gitcs,trivy,28,0,29,27,1,0,27,1,0,28,0,29,27,1,0,27,1,0,0,1,0,0,0,0
knbr13__gitcs,cdxgen,27,0,30,27,0,0,27,0,0,27,0,30,27,0,0,27,0,0,0,0,0,0,0,0
knbr13__gitcs,cyclonedx-gomod,28,0,29,27,1,0,27,1,0,28,0,29,27,1,0,27,1,0,0,1,0,0,0,0
tidwall__sjson,syft,3,0,0,3,0,0,3,0,0,3,0,0,3,0,0,3,0,0,0,0,0,0,0,0
tidwall__sjson,trivy,3,0,0,3,0,0,3,0,0,3,0,0,3,0,0,3,0,0,0,0,0,0,0,0
tidwall__sjson,cdxgen,3,0,0,3,0,0,3,0,0,3,0,0,3,0,0,3,0,0,0,0,0,0,0,0
tidwall__sjson,cyclonedx-gomod,3,0,0,3,0,0,3,0,0,3,0,0,3,0,0,3,0,0,0,0,0,0,0,0
prashantgupta24__activity-tracker,syft,31,0,7,18,13,0,22,9,0,31,0,7,18,13,0,22,9,0,4,3,0,5,1,0
prashantgupta24__activity-tracker,trivy,30,0,8,18,12,0,22,8,0,30,0,8,18,12,0,22,8,0,4,3,0,5,0,0
prashantgupta24__activity-tracker,cdxgen,18,0,20,18,0,0,18,0,4,18,0,20,18,0,0,18,0,4,0,0,0,0,0,0
prashantgupta24__activity-tracker,cyclonedx-gomod,25,0,13,18,7,0,18,7,4,25,0,13,18,7,0,18,7,4,0,3,0,4,0,0
pilosa__go-pilosa,syft,54,0,113,5,49,0,5,49,0,54,0,113,5,49,0,5,49,0,0,0,1,5,43,0
pilosa__go-pilosa,trivy,167,3,0,5,165,0,5,165,0,165,5,2,5,165,0,5,165,0,0,0,1,5,159,0
pilosa__go-pilosa,cdxgen,5,0,162,5,0,0,5,0,0,5,0,162,5,0,0,5,0,0,0,0,0,0,0,0
pilosa__go-pilosa,cyclonedx-gomod,5,0,162,5,0,0,5,0,0,5,0,162,5,0,0,5,0,0,0,0,0,0,0,0
kazhuravlev__database-gateway,syft,113,0,122,83,30,0,83,30,0,113,0,122,83,30,0,83,30,0,0,0,0,4,26,0
kazhuravlev__database-gateway,trivy,87,0,148,83,4,0,83,4,0,87,0,148,83,4,0,83,4,0,0,0,0,4,0,0
kazhuravlev__database-gateway,cdxgen,83,0,152,83,0,0,83,0,0,83,0,152,83,0,0,83,0,0,0,0,0,0,0,0
kazhuravlev__database-gateway,cyclonedx-gomod,84,0,151,80,4,3,80,4,3,84,0,151,80,4,3,80,4,3,0,0,0,4,0,0
peak__s5cmd,syft,47,0,13,29,18,0,30,17,0,47,0,13,29,18,0,30,17,0,1,0,2,8,7,0
peak__s5cmd,trivy,40,0,20,29,11,0,30,10,0,40,0,20,29,11,0,30,10,0,1,0,2,8,0,0
peak__s5cmd,cdxgen,40,0,20,29,11,0,30,10,0,40,0,20,29,11,0,30,10,0,1,0,2,8,0,0
peak__s5cmd,cyclonedx-gomod,35,0,25,28,7,1,28,7,2,35,0,25,28,7,1,28,7,2,0,0,2,5,0,0
pressly__goose,syft,144,27,64,75,96,0,75,96,0,131,52,77,75,108,0,75,108,0,0,4,0,1,45,46
pressly__goose,trivy,104,25,104,75,54,0,75,54,0,92,47,116,75,64,0,75,64,0,0,4,0,1,8,41
pressly__goose,cdxgen,97,24,111,75,46,0,75,46,0,85,46,123,75,56,0,75,56,0,0,0,0,0,8,38
pressly__goose,cyclonedx-gomod,80,0,128,75,5,0,75,5,0,80,0,128,75,5,0,75,5,0,0,4,0,1,0,0
pixie-labs__pixie,syft,325,9,322,261,73,0,263,71,0,308,41,339,249,100,12,251,98,12,2,3,2,21,33,12
pixie-labs__pixie,trivy,288,1,359,260,29,1,262,27,1,276,13,371,249,40,12,251,38,12,2,3,2,21,1,0
pixie-labs__pixie,cdxgen,261,0,386,261,0,0,261,0,2,261,0,386,261,0,0,261,0,2,0,0,0,0,0,0
pixie-labs__pixie,cyclonedx-gomod,279,1,368,259,21,2,259,21,4,267,13,380,248,32,13,248,32,15,0,3,2,15,1,0
go-kit__kit,syft,113,0,116,78,35,0,83,30,0,113,0,116,78,35,0,83,30,0,5,0,0,1,29,0
go-kit__kit,trivy,84,0,145,78,6,0,83,1,0,84,0,145,78,6,0,83,1,0,5,0,0,1,0,0
go-kit__kit,cdxgen,78,0,151,78,0,0,78,0,5,78,0,151,78,0,0,78,0,5,0,0,0,0,0,0
go-kit__kit,cyclonedx-gomod,78,0,151,77,1,1,77,1,6,78,0,151,77,1,1,77,1,6,0,0,0,1,0,0
bobg__htree,syft,5,0,5,2,3,0,4,1,0,5,0,5,2,3,0,4,1,0,2,0,0,0,1,0
bobg__htree,trivy,5,0,5,2,3,0,4,1,0,5,0,5,2,3,0,4,1,0,2,0,0,0,1,0
bobg__htree,cdxgen,2,0,8,2,0,0,2,0,2,2,0,8,2,0,0,2,0,2,0,0,0,0,0,0
bobg__htree,cyclonedx-gomod,2,0,8,2,0,0,2,0,2,2,0,8,2,0,0,2,0,2,0,0,0,0,0,0
mdempsky__unconvert,syft,5,0,4,4,1,0,4,1,0,5,0,4,4,1,0,4,1,0,0,0,0,0,1,0
mdempsky__unconvert,trivy,4,0,5,4,0,0,4,0,0,4,0,5,4,0,0,4,0,0,0,0,0,0,0,0
mdempsky__unconvert,cdxgen,4,0,5,4,0,0,4,0,0,4,0,5,4,0,0,4,0,0,0,0,0,0,0,0
mdempsky__unconvert,cyclonedx-gomod,4,0,5,4,0,0,4,0,0,4,0,5,4,0,0,4,0,0,0,0,0,0,0,0
openziti__ziti,syft,250,29,296,180,99,0,182,97,0,248,33,298,179,102,1,181,100,1,2,5,1,11,37,43
openziti__ziti,trivy,216,28,330,180,64,0,182,62,0,214,32,332,179,67,1,181,65,1,2,5,1,11,3,42
openziti__ziti,cdxgen,197,24,349,180,41,0,180,41,2,196,27,350,180,43,0,180,43,2,0,0,0,0,3,38
openziti__ziti,cyclonedx-gomod,189,0,357,178,11,2,178,11,4,188,1,358,177,12,3,177,12,5,0,5,0,6,0,0
cyucelen__walker,syft,24,0,21,3,21,0,20,4,0,24,0,21,3,21,0,20,4,0,17,0,0,0,4,0
cyucelen__walker,trivy,20,0,25,3,17,0,20,0,0,20,0,25,3,17,0,20,0,0,17,0,0,0,0,0
cyucelen__walker,cdxgen,3,0,42,3,0,0,3,0,17,3,0,42,3,0,0,3,0,17,0,0,0,0,0,0
cyucelen__walker,cyclonedx-gomod,3,0,42,3,0,0,3,0,17,3,0,42,3,0,0,3,0,17,0,0,0,0,0,0
ip2location__ip2location-io-go,syft,2,0,4,2,0,0,2,0,0,2,0,4,2,0,0,2,0,0,0,0,0,0,0,0
ip2location__ip2location-io-go,trivy,2,0,4,2,0,0,2,0,0,2,0,4,2,0,0,2,0,0,0,0,0,0,0,0
ip2location__ip2location-io-go,cdxgen,2,0,4,2,0,0,2,0,0,2,0,4,2,0,0,2,0,0,0,0,0,0,0,0
ip2location__ip2location-io-go,cyclonedx-gomod,2,0,4,2,0,0,2,0,0,2,0,4,2,0,0,2,0,0,0,0,0,0,0,0
scaleway__scaleway-cli,syft,256,0,396,194,62,0,194,62,0,256,0,396,194,62,0,194,62,0,0,6,0,12,44,0
scaleway__scaleway-cli,trivy,212,0,440,194,18,0,194,18,0,212,0,440,194,18,0,194,18,0,0,6,0,12,0,0
scaleway__scaleway-cli,cdxgen,194,0,458,194,0,0,194,0,0,194,0,458,194,0,0,194,0,0,0,0,0,0,0,0
scaleway__scaleway-cli,cyclonedx-gomod,212,0,440,194,18,0,194,18,0,212,0,440,194,18,0,194,18,0,0,6,0,12,0,0
edwingeng__hotswap,syft,24,0,148,16,8,0,16,8,0,24,0,148,16,8,0,16,8,0,0,1,0,0,7,0
edwingeng__hotswap,trivy,17,0,155,16,1,0,16,1,0,17,0,155,16,1,0,16,1,0,0,1,0,0,0,0
edwingeng__hotswap,cdxgen,16,0,156,16,0,0,16,0,0,16,0,156,16,0,0,16,0,0,0,0,0,0,0,0
edwingeng__hotswap,cyclonedx-gomod,17,0,155,16,1,0,16,1,0,17,0,155,16,1,0,16,1,0,0,1,0,0,0,0
sosedoff__pgweb,syft,66,0,20,35,31,0,39,27,0,66,0,20,35,31,0,39,27,0,4,0,0,19,8,0
sosedoff__pgweb,trivy,58,0,28,35,23,0,39,19,0,58,0,28,35,23,0,39,19,0,4,0,0,19,0,0
sosedoff__pgweb,cdxgen,35,0,51,35,0,0,35,0,4,35,0,51,35,0,0,35,0,4,0,0,0,0,0,0
sosedoff__pgweb,cyclonedx-gomod,46,0,40,35,11,0,35,11,4,46,0,40,35,11,0,35,11,4,0,0,0,11,0,0
temporalio__sdk-go,syft,48,160,22,24,184,0,25,183,0,46,211,24,24,233,0,25,232,0,1,0,0,0,20,163
temporalio__sdk-go,trivy,45,125,25,24,146,0,25,145,0,35,171,35,24,182,0,25,181,0,1,0,0,0,17,128
temporalio__sdk-go,cdxgen,42,100,28,24,118,0,25,117,0,34,138,36,24,148,0,25,147,0,1,0,0,0,14,103
temporalio__sdk-go,cyclonedx-gomod,23,0,47,23,0,1,23,0,2,23,0,47,23,0,1,23,0,2,0,0,0,0,0,0
minio__minio,syft,291,5,308,241,55,0,243,53,0,291,27,308,241,77,0,243,75,0,2,4,0,12,32,5
minio__minio,trivy,260,5,339,241,24,0,243,22,0,259,26,340,241,44,0,243,42,0,2,4,0,12,1,5
minio__minio,cdxgen,241,0,358,241,0,0,241,0,2,241,19,358,241,19,0,241,19,2,0,0,0,0,0,0
minio__minio,cyclonedx-gomod,253,0,346,241,12,0,241,12,2,253,0,346,241,12,0,241,12,2,0,4,0,8,0,0
1set__todotxt,syft,1,0,0,1,0,0,1,0,0,1,0,0,1,0,0,1,0,0,0,0,0,0,0,0
1set__todotxt,trivy,1,0,0,1,0,0,1,0,0,1,0,0,1,0,0,1,0,0,0,0,0,0,0,0
1set__todotxt,cdxgen,1,0,0,1,0,0,1,0,0,1,0,0,1,0,0,1,0,0,0,0,0,0,0,0
1set__todotxt,cyclonedx-gomod,1,0,0,1,0,0,1,0,0,1,0,0,1,0,0,1,0,0,0,0,0,0,0,0
arunsupe__semantic-grep,syft,4,4,3,4,4,0,4,4,0,4,5,3,4,5,0,4,5,0,0,0,0,0,0,4
arunsupe__semantic-grep,trivy,4,3,3,4,3,0,4,3,0,4,3,3,4,3,0,4,3,0,0,0,0,0,0,3
arunsupe__semantic-grep,cdxgen,4,1,3,4,1,0,4,1,0,4,1,3,4,1,0,4,1,0,0,0,0,0,0,1
arunsupe__semantic-grep,cyclonedx-gomod,4,0,3,4,0,0,4,0,0,4,0,3,4,0,0,4,0,0,0,0,0,0,0,0
google__starlark-go,syft,7,0,1,4,3,0,5,2,0,7,0,1,4,3,0,5,2,0,1,0,0,0,2,0
google__starlark-go,trivy,7,0,1,4,3,0,5,2,0,7,0,1,4,3,0,5,2,0,1,0,0,0,2,0
google__starlark-go,cdxgen,4,0,4,4,0,0,4,0,1,4,0,4,4,0,0,4,0,1,0,0,0,0,0,0
google__starlark-go,cyclonedx-gomod,4,0,4,4,0,0,4,0,1,4,0,4,4,0,0,4,0,1,0,0,0,0,0,0
unit-io__unitdb,syft,14,0,37,13,1,0,13,1,0,14,0,37,13,1,0,13,1,0,0,0,0,0,1,0
unit-io__unitdb,trivy,51,0,0,13,38,0,13,38,0,51,0,0,13,38,0,13,38,0,0,0,0,0,38,0
unit-io__unitdb,cdxgen,13,0,38,13,0,0,13,0,0,13,0,38,13,0,0,13,0,0,0,0,0,0,0,0
unit-io__unitdb,cyclonedx-gomod,13,0,38,13,0,0,13,0,0,13,0,38,13,0,0,13,0,0,0,0,0,0,0,0
leekchan__accounting,syft,4,0,0,3,1,0,3,1,0,4,0,0,3,1,0,3,1,0,0,0,0,1,0,0
leekchan__accounting,trivy,4,0,0,3,1,0,3,1,0,4,0,0,3,1,0,3,1,0,0,0,0,1,0,0
leekchan__accounting,cdxgen,3,0,1,3,0,0,3,0,0,3,0,1,3,0,0,3,0,0,0,0,0,0,0,0
leekchan__accounting,cyclonedx-gomod,3,0,1,3,0,0,3,0,0,3,0,1,3,0,0,3,0,0,0,0,0,0,0,0
embano1__memlog,syft,4,0,3,1,3,0,4,0,0,4,0,3,1,3,0,4,0,0,3,0,0,0,0,0
embano1__memlog,trivy,4,0,3,1,3,0,4,0,0,4,0,3,1,3,0,4,0,0,3,0,0,0,0,0
embano1__memlog,cdxgen,1,0,6,1,0,0,1,0,3,1,0,6,1,0,0,1,0,3,0,0,0,0,0,0
embano1__memlog,cyclonedx-gomod,1,0,6,1,0,0,1,0,3,1,0,6,1,0,0,1,0,3,0,0,0,0,0,0
rookie-ninja__rk-grpc,syft,90,1,341,61,30,0,65,26,0,90,1,341,61,30,0,65,26,0,4,0,0,4,21,1
rookie-ninja__rk-grpc,trivy,69,1,362,61,9,0,65,5,0,69,1,362,61,9,0,65,5,0,4,0,0,4,0,1
rookie-ninja__rk-grpc,cdxgen,61,0,370,61,0,0,61,0,4,61,0,370,61,0,0,61,0,4,0,0,0,0,0,0
rookie-ninja__rk-grpc,cyclonedx-gomod,64,0,367,60,4,1,60,4,5,64,0,367,60,4,1,60,4,5,0,0,0,4,0,0
vardius__gorouter,syft,4,0,5,4,0,0,4,0,0,4,0,5,4,0,0,4,0,0,0,0,0,0,0,0
vardius__gorouter,trivy,4,0,5,4,0,0,4,0,0,4,0,5,4,0,0,4,0,0,0,0,0,0,0,0
vardius__gorouter,cdxgen,4,0,5,4,0,0,4,0,0,4,0,5,4,0,0,4,0,0,0,0,0,0,0,0
vardius__gorouter,cyclonedx-gomod,4,0,5,4,0,0,4,0,0,4,0,5,4,0,0,4,0,0,0,0,0,0,0,0
VictoriaMetrics__VictoriaMetrics,syft,278,1,287,170,109,0,170,109,0,278,1,287,170,109,0,170,109,0,0,0,0,1,107,1
VictoriaMetrics__VictoriaMetrics,trivy,171,1,394,170,2,0,170,2,0,171,1,394,170,2,0,170,2,0,0,0,0,1,0,1
VictoriaMetrics__VictoriaMetrics,cdxgen,171,0,394,170,1,0,170,1,0,171,0,394,170,1,0,170,1,0,0,0,0,1,0,0
VictoriaMetrics__VictoriaMetrics,cyclonedx-gomod,171,0,394,170,1,0,170,1,0,171,0,394,170,1,0,170,1,0,0,0,0,1,0,0
nikolaydubina__calendarheatmap,syft,2,0,11,2,0,0,2,0,0,2,0,11,2,0,0,2,0,0,0,0,0,0,0,0
nikolaydubina__calendarheatmap,trivy,13,0,0,2,11,0,2,11,0,13,0,0,2,11,0,2,11,0,0,0,0,0,11,0
nikolaydubina__calendarheatmap,cdxgen,1,0,12,1,0,1,1,0,1,1,0,12,1,0,1,1,0,1,0,0,0,0,0,0
nikolaydubina__calendarheatmap,cyclonedx-gomod,2,0,11,2,0,0,2,0,0,2,0,11,2,0,0,2,0,0,0,0,0,0,0,0
go-sigma__sigma,syft,647,0,636,486,161,0,491,156,0,647,0,636,486,161,0,491,156,0,5,7,0,28,121,0
go-sigma__sigma,trivy,526,0,757,486,40,0,491,35,0,526,0,757,486,40,0,491,35,0,5,7,0,28,0,0
go-sigma__sigma,cdxgen,486,0,797,486,0,0,486,0,5,486,0,797,486,0,0,486,0,5,0,0,0,0,0,0
go-sigma__sigma,cyclonedx-gomod,515,0,768,484,31,2,484,31,7,515,0,768,484,31,2,484,31,7,0,7,0,24,0,0
Kachit__gorm-seeder,syft,29,0,38,3,26,0,19,10,0,29,0,38,3,26,0,19,10,0,16,0,0,0,10,0
Kachit__gorm-seeder,trivy,67,0,0,3,64,0,19,48,0,67,0,0,3,64,0,19,48,0,16,0,0,0,48,0
Kachit__gorm-seeder,cdxgen,3,0,64,3,0,0,3,0,16,3,0,64,3,0,0,3,0,16,0,0,0,0,0,0
Kachit__gorm-seeder,cyclonedx-gomod,3,0,64,3,0,0,3,0,16,3,0,64,3,0,0,3,0,16,0,0,0,0,0,0
mehdipourfar__webp-server,syft,9,0,6,7,2,0,8,1,0,9,0,6,7,2,0,8,1,0,1,0,0,0,1,0
mehdipourfar__webp-server,trivy,15,0,0,7,8,0,8,7,0,15,0,0,7,8,0,8,7,0,1,0,0,0,7,0
mehdipourfar__webp-server,cdxgen,7,0,8,7,0,0,7,0,1,7,0,8,7,0,0,7,0,1,0,0,0,0,0,0
mehdipourfar__webp-server,cyclonedx-gomod,7,0,8,7,0,0,7,0,1,7,0,8,7,0,0,7,0,1,0,0,0,0,0,0
ITcathyh__conexec,syft,2,0,0,1,1,0,2,0,0,2,0,0,1,1,0,2,0,0,1,0,0,0,0,0
ITcathyh__conexec,trivy,2,0,0,1,1,0,2,0,0,2,0,0,1,1,0,2,0,0,1,0,0,0,0,0
ITcathyh__conexec,cdxgen,1,0,1,1,0,0,1,0,1,1,0,1,1,0,0,1,0,1,0,0,0,0,0,0
ITcathyh__conexec,cyclonedx-gomod,1,0,1,1,0,0,1,0,1,1,0,1,1,0,0,1,0,1,0,0,0,0,0,0
kazhuravlev__just,syft,7,0,5,2,5,0,6,1,0,7,0,5,2,5,0,6,1,0,4,0,0,0,1,0
kazhuravlev__just,trivy,6,0,6,2,4,0,6,0,0,6,0,6,2,4,0,6,0,0,4,0,0,0,0,0
kazhuravlev__just,cdxgen,2,0,10,2,0,0,2,0,4,2,0,10,2,0,0,2,0,4,0,0,0,0,0,0
kazhuravlev__just,cyclonedx-gomod,2,0,10,2,0,0,2,0,4,2,0,10,2,0,0,2,0,4,0,0,0,0,0,0
pardnchiu__go-jwt,syft,42,0,10,20,22,0,20,22,0,42,0,10,20,22,0,20,22,0,0,0,0,17,1,4
pardnchiu__go-jwt,trivy,37,0,15,20,17,0,20,17,0,37,0,15,20,17,0,20,17,0,0,0,0,17,0,0
pardnchiu__go-jwt,cdxgen,20,0,32,20,0,0,20,0,0,20,0,32,20,0,0,20,0,0,0,0,0,0,0,0
pardnchiu__go-jwt,cyclonedx-gomod,31,0,21,20,11,0,20,11,0,31,0,21,20,11,0,20,11,0,0,0,0,11,0,0
viccon__sturdyc,syft,2,0,0,1,1,0,2,0,0,2,0,0,1,1,0,2,0,0,1,0,0,0,0,0
viccon__sturdyc,trivy,2,0,0,1,1,0,2,0,0,2,0,0,1,1,0,2,0,0,1,0,0,0,0,0
viccon__sturdyc,cdxgen,1,0,1,1,0,0,1,0,1,1,0,1,1,0,0,1,0,1,0,0,0,0,0,0
viccon__sturdyc,cyclonedx-gomod,1,0,1,1,0,0,1,0,1,1,0,1,1,0,0,1,0,1,0,0,0,0,0,0
DMcP89__tinycare-tui,syft,51,0,13,29,22,0,31,20,0,51,0,13,29,22,0,31,20,0,2,1,0,4,15,0
DMcP89__tinycare-tui,trivy,36,0,28,29,7,0,31,5,0,36,0,28,29,7,0,31,5,0,2,1,0,4,0,0
DMcP89__tinycare-tui,cdxgen,29,0,35,29,0,0,29,0,2,29,0,35,29,0,0,29,0,2,0,0,0,0,0,0
DMcP89__tinycare-tui,cyclonedx-gomod,33,0,31,29,4,0,29,4,2,33,0,31,29,4,0,29,4,2,0,1,0,3,0,0
pebbe__textcat,syft,1,1,0,1,1,0,1,1,0,1,1,0,1,1,0,1,1,0,0,0,0,0,0,1
pebbe__textcat,trivy,1,1,0,1,1,0,1,1,0,1,1,0,1,1,0,1,1,0,0,0,0,0,0,1
pebbe__textcat,cdxgen,1,0,0,1,0,0,1,0,0,1,0,0,1,0,0,1,0,0,0,0,0,0,0,0
pebbe__textcat,cyclonedx-gomod,1,0,0,1,0,0,1,0,0,1,0,0,1,0,0,1,0,0,0,0,0,0,0,0
mdlayher__arp,syft,8,0,4,7,1,0,7,1,0,8,0,4,7,1,0,7,1,0,0,0,0,0,1,0
mdlayher__arp,trivy,7,0,5,7,0,0,7,0,0,7,0,5,7,0,0,7,0,0,0,0,0,0,0,0
mdlayher__arp,cdxgen,7,0,5,7,0,0,7,0,0,7,0,5,7,0,0,7,0,0,0,0,0,0,0,0
mdlayher__arp,cyclonedx-gomod,7,0,5,7,0,0,7,0,0,7,0,5,7,0,0,7,0,0,0,0,0,0,0,0
gopxl__beep,syft,25,0,12,21,4,0,22,3,0,25,0,12,21,4,0,22,3,0,1,0,0,1,2,0
gopxl__beep,trivy,23,0,14,21,2,0,22,1,0,23,0,14,21,2,0,22,1,0,1,0,0,1,0,0
gopxl__beep,cdxgen,21,0,16,21,0,0,21,0,1,21,0,16,21,0,0,21,0,1,0,0,0,0,0,0
gopxl__beep,cyclonedx-gomod,22,0,15,21,1,0,21,1,1,22,0,15,21,1,0,21,1,1,0,0,0,1,0,0
onllm-dev__onWatch,syft,58,0,111,23,35,0,23,35,0,58,0,111,23,35,0,23,35,0,0,2,2,3,28,0
onllm-dev__onWatch,trivy,30,0,139,23,7,0,23,7,0,30,0,139,23,7,0,23,7,0,0,2,2,3,0,0
onllm-dev__onWatch,cdxgen,23,0,146,23,0,0,23,0,0,23,0,146,23,0,0,23,0,0,0,0,0,0,0,0
onllm-dev__onWatch,cyclonedx-gomod,28,0,141,23,5,0,23,5,0,28,0,141,23,5,0,23,5,0,0,2,2,1,0,0
emitter-io__emitter,syft,78,0,59,59,19,0,59,19,0,78,0,59,59,19,0,59,19,0,0,0,0,1,18,0
emitter-io__emitter,trivy,60,0,77,59,1,0,59,1,0,60,0,77,59,1,0,59,1,0,0,0,0,1,0,0
emitter-io__emitter,cdxgen,59,0,78,59,0,0,59,0,0,59,0,78,59,0,0,59,0,0,0,0,0,0,0,0
emitter-io__emitter,cyclonedx-gomod,58,0,79,58,0,1,58,0,1,58,0,79,58,0,1,58,0,1,0,0,0,0,0,0
NdoleStudio__go-otelroundtripper,syft,21,0,2,7,14,0,16,5,0,21,0,2,7,14,0,16,5,0,9,0,0,0,5,0
NdoleStudio__go-otelroundtripper,trivy,16,0,7,7,9,0,16,0,0,16,0,7,7,9,0,16,0,0,9,0,0,0,0,0
NdoleStudio__go-otelroundtripper,cdxgen,7,0,16,7,0,0,7,0,9,7,0,16,7,0,0,7,0,9,0,0,0,0,0,0
NdoleStudio__go-otelroundtripper,cyclonedx-gomod,7,0,16,7,0,0,7,0,9,7,0,16,7,0,0,7,0,9,0,0,0,0,0,0
blevesearch__bleve,syft,51,0,13,34,17,0,34,17,0,51,0,13,34,17,0,34,17,0,0,1,1,1,14,0
blevesearch__bleve,trivy,37,0,27,34,3,0,34,3,0,37,0,27,34,3,0,34,3,0,0,1,1,1,0,0
blevesearch__bleve,cdxgen,34,0,30,34,0,0,34,0,0,34,0,30,34,0,0,34,0,0,0,0,0,0,0,0
blevesearch__bleve,cyclonedx-gomod,36,0,28,34,2,0,34,2,0,36,0,28,34,2,0,34,2,0,0,1,1,0,0,0
Alejandro-M-P__git-courer,syft,63,0,11,45,18,0,49,14,0,63,0,11,45,18,0,49,14,0,4,2,0,1,11,0
Alejandro-M-P__git-courer,trivy,52,0,22,45,7,0,49,3,0,52,0,22,45,7,0,49,3,0,4,2,0,1,0,0
Alejandro-M-P__git-courer,cdxgen,45,0,29,45,0,0,45,0,4,45,0,29,45,0,0,45,0,4,0,0,0,0,0,0
Alejandro-M-P__git-courer,cyclonedx-gomod,47,0,27,45,2,0,45,2,4,47,0,27,45,2,0,45,2,4,0,2,0,0,0,0
golangci__golangci-lint,syft,267,35,132,209,93,0,215,87,0,259,74,140,209,124,0,215,118,0,6,1,0,9,30,47
golangci__golangci-lint,trivy,246,28,153,209,65,0,215,59,0,237,58,162,209,86,0,215,80,0,6,1,0,9,13,36
golangci__golangci-lint,cdxgen,246,23,153,209,60,0,215,54,0,237,52,162,209,80,0,215,74,0,6,1,0,9,13,31
golangci__golangci-lint,cyclonedx-gomod,212,0,187,209,3,0,209,3,6,212,0,187,209,3,0,209,3,6,0,1,0,2,0,0
grafana__k6,syft,105,5,69,89,21,0,89,21,0,105,32,69,89,48,0,89,48,0,0,1,0,3,12,5
grafana__k6,trivy,95,5,79,89,11,0,89,11,0,94,28,80,89,33,0,89,33,0,0,1,0,3,2,5
grafana__k6,cdxgen,NA
grafana__k6,cyclonedx-gomod,90,0,84,89,1,0,89,1,0,90,0,84,89,1,0,89,1,0,0,1,0,0,0,0
go-rod__rod,syft,14,0,0,6,8,0,7,7,0,14,0,0,6,8,0,7,7,0,1,0,0,0,0,7
go-rod__rod,trivy,14,0,0,6,8,0,7,7,0,14,0,0,6,8,0,7,7,0,1,0,0,0,0,7
go-rod__rod,cdxgen,9,0,5,6,3,0,6,3,1,9,0,5,6,3,0,6,3,1,0,0,0,0,0,3
go-rod__rod,cyclonedx-gomod,13,0,1,6,7,0,6,7,1,13,0,1,6,7,0,6,7,1,0,0,0,0,0,7
carlmjohnson__requests,syft,1,0,4,1,0,0,1,0,0,1,0,4,1,0,0,1,0,0,0,0,0,0,0,0
carlmjohnson__requests,trivy,1,0,4,1,0,0,1,0,0,1,0,4,1,0,0,1,0,0,0,0,0,0,0,0
carlmjohnson__requests,cdxgen,1,0,4,1,0,0,1,0,0,1,0,4,1,0,0,1,0,0,0,0,0,0,0,0
carlmjohnson__requests,cyclonedx-gomod,1,0,4,1,0,0,1,0,0,1,0,4,1,0,0,1,0,0,0,0,0,0,0,0
safedep__vet,syft,572,1,560,437,136,0,437,136,0,572,1,560,437,136,0,437,136,0,0,8,0,34,93,1
safedep__vet,trivy,NA
safedep__vet,cdxgen,437,0,695,437,0,0,437,0,0,437,0,695,437,0,0,437,0,0,0,0,0,0,0,0
safedep__vet,cyclonedx-gomod,479,0,653,437,42,0,437,42,0,479,0,653,437,42,0,437,42,0,0,8,0,34,0,0
cshum__imagor,syft,140,0,151,85,55,0,97,43,0,140,0,151,85,55,0,97,43,0,12,0,0,3,40,0
cshum__imagor,trivy,100,0,191,85,15,0,97,3,0,100,0,191,85,15,0,97,3,0,12,0,0,3,0,0
cshum__imagor,cdxgen,85,0,206,85,0,0,85,0,12,85,0,206,85,0,0,85,0,12,0,0,0,0,0,0
cshum__imagor,cyclonedx-gomod,86,0,205,85,1,0,85,1,12,86,0,205,85,1,0,85,1,12,0,0,0,1,0,0
orneryd__NornicDB,syft,144,0,244,115,29,0,115,29,0,144,0,244,115,29,0,115,29,0,0,3,0,2,24,0
orneryd__NornicDB,trivy,120,0,268,115,5,0,115,5,0,120,0,268,115,5,0,115,5,0,0,3,0,2,0,0
orneryd__NornicDB,cdxgen,120,0,268,115,5,0,115,5,0,120,0,268,115,5,0,115,5,0,0,3,0,2,0,0
orneryd__NornicDB,cyclonedx-gomod,120,0,268,115,5,0,115,5,0,120,0,268,115,5,0,115,5,0,0,3,0,2,0,0
reeflective__readline,syft,8,0,4,2,6,0,4,4,0,8,0,4,2,6,0,4,4,0,2,0,0,4,0,0
reeflective__readline,trivy,8,0,4,2,6,0,4,4,0,8,0,4,2,6,0,4,4,0,2,0,0,4,0,0
reeflective__readline,cdxgen,2,0,10,2,0,0,2,0,2,2,0,10,2,0,0,2,0,2,0,0,0,0,0,0
reeflective__readline,cyclonedx-gomod,2,0,10,2,0,0,2,0,2,2,0,10,2,0,0,2,0,2,0,0,0,0,0,0
owulveryck__onnx-go,syft,44,0,85,36,8,0,36,8,0,44,0,85,36,8,0,36,8,0,0,0,0,2,6,0
owulveryck__onnx-go,trivy,38,0,91,36,2,0,36,2,0,38,0,91,36,2,0,36,2,0,0,0,0,2,0,0
owulveryck__onnx-go,cdxgen,36,0,93,36,0,0,36,0,0,36,0,93,36,0,0,36,0,0,0,0,0,0,0,0
owulveryck__onnx-go,cyclonedx-gomod,38,0,91,36,2,0,36,2,0,38,0,91,36,2,0,36,2,0,0,0,0,2,0,0
bogdanfinn__tls-client,syft,25,1,7,15,11,0,19,7,0,25,1,7,15,11,0,19,7,0,4,0,0,1,5,1
bogdanfinn__tls-client,trivy,20,1,12,15,6,0,19,2,0,20,1,12,15,6,0,19,2,0,4,0,0,1,0,1
bogdanfinn__tls-client,cdxgen,15,0,17,15,0,0,15,0,4,15,0,17,15,0,0,15,0,4,0,0,0,0,0,0
bogdanfinn__tls-client,cyclonedx-gomod,15,0,17,15,0,0,15,0,4,15,0,17,15,0,0,15,0,4,0,0,0,0,0,0
fieldryand__goflow,syft,41,0,7,23,18,0,23,18,0,41,0,7,23,18,0,23,18,0,0,0,0,10,8,0
fieldryand__goflow,trivy,33,0,15,23,10,0,23,10,0,33,0,15,23,10,0,23,10,0,0,0,0,10,0,0
fieldryand__goflow,cdxgen,23,0,25,23,0,0,23,0,0,23,0,25,23,0,0,23,0,0,0,0,0,0,0,0
fieldryand__goflow,cyclonedx-gomod,32,0,16,23,9,0,23,9,0,32,0,16,23,9,0,23,9,0,0,0,0,9,0,0
vectaport__flowgraph,syft,3,0,3,3,0,0,3,0,0,3,0,3,3,0,0,3,0,0,0,0,0,0,0,0
vectaport__flowgraph,trivy,3,0,3,3,0,0,3,0,0,3,0,3,3,0,0,3,0,0,0,0,0,0,0,0
vectaport__flowgraph,cdxgen,3,0,3,3,0,0,3,0,0,3,0,3,3,0,0,3,0,0,0,0,0,0,0,0
vectaport__flowgraph,cyclonedx-gomod,3,0,3,3,0,0,3,0,0,3,0,3,3,0,0,3,0,0,0,0,0,0,0,0
jfcg__sorty,syft,3,0,0,1,2,0,2,1,0,3,0,0,1,2,0,2,1,0,1,0,1,0,0,0
jfcg__sorty,trivy,3,0,0,1,2,0,2,1,0,3,0,0,1,2,0,2,1,0,1,0,1,0,0,0
jfcg__sorty,cdxgen,1,0,2,1,0,0,1,0,1,1,0,2,1,0,0,1,0,1,0,0,0,0,0,0
jfcg__sorty,cyclonedx-gomod,1,0,2,1,0,0,1,0,1,1,0,2,1,0,0,1,0,1,0,0,0,0,0,0
hatchet-dev__hatchet,syft,296,1,134,246,51,0,249,48,0,296,1,134,246,51,0,249,48,0,3,7,0,6,34,1
hatchet-dev__hatchet,trivy,262,0,168,246,16,0,249,13,0,262,0,168,246,16,0,249,13,0,3,7,0,6,0,0
hatchet-dev__hatchet,cdxgen,246,0,184,246,0,0,246,0,3,246,0,184,246,0,0,246,0,3,0,0,0,0,0,0
hatchet-dev__hatchet,cyclonedx-gomod,253,0,177,243,10,3,243,10,6,253,0,177,243,10,3,243,10,6,0,7,0,3,0,0
FiloSottile__age,syft,9,0,8,6,3,0,9,0,0,9,0,8,6,3,0,9,0,0,3,0,0,0,0,0
FiloSottile__age,trivy,9,0,8,6,3,0,9,0,0,9,0,8,6,3,0,9,0,0,3,0,0,0,0,0
FiloSottile__age,cdxgen,6,0,11,6,0,0,6,0,3,6,0,11,6,0,0,6,0,3,0,0,0,0,0,0
FiloSottile__age,cyclonedx-gomod,6,0,11,6,0,0,6,0,3,6,0,11,6,0,0,6,0,3,0,0,0,0,0,0
zendev-sh__zenflow,syft,45,0,18,12,33,0,13,32,0,45,3,18,12,36,0,13,35,0,1,1,1,18,12,0
zendev-sh__zenflow,trivy,33,0,30,12,21,0,13,20,0,33,3,30,12,24,0,13,23,0,1,1,1,18,0,0
zendev-sh__zenflow,cdxgen,31,0,32,12,19,0,12,19,1,30,2,33,12,20,0,12,20,1,0,1,0,18,0,0
zendev-sh__zenflow,cyclonedx-gomod,32,0,31,12,20,0,12,20,1,32,0,31,12,20,0,12,20,1,0,1,1,18,0,0
jessevdk__go-flags,syft,6,0,5,1,5,0,2,4,0,6,0,5,1,5,0,2,4,0,1,0,0,0,4,0
jessevdk__go-flags,trivy,11,0,0,1,10,0,2,9,0,11,0,0,1,10,0,2,9,0,1,0,0,0,9,0
jessevdk__go-flags,cdxgen,1,0,10,1,0,0,1,0,1,1,0,10,1,0,0,1,0,1,0,0,0,0,0,0
jessevdk__go-flags,cyclonedx-gomod,1,0,10,1,0,0,1,0,1,1,0,10,1,0,0,1,0,1,0,0,0,0,0,0
imroc__req,syft,26,29,3,11,44,0,11,44,0,21,40,8,11,50,0,11,50,0,0,0,0,4,5,35
imroc__req,trivy,18,27,11,11,34,0,11,34,0,18,31,11,11,38,0,11,38,0,0,0,0,4,0,30
imroc__req,cdxgen,11,17,18,11,17,0,11,17,0,11,21,18,11,21,0,11,21,0,0,0,0,0,0,17
imroc__req,cyclonedx-gomod,11,0,18,11,0,0,11,0,0,11,0,18,11,0,0,11,0,0,0,0,0,0,0,0
stoewer__go-week,syft,8,0,1,1,7,0,6,2,0,8,0,1,1,7,0,6,2,0,5,0,1,0,1,0
stoewer__go-week,trivy,9,0,0,1,8,0,6,3,0,9,0,0,1,8,0,6,3,0,5,0,1,0,2,0
stoewer__go-week,cdxgen,1,0,8,1,0,0,1,0,5,1,0,8,1,0,0,1,0,5,0,0,0,0,0,0
stoewer__go-week,cyclonedx-gomod,1,0,8,1,0,0,1,0,5,1,0,8,1,0,0,1,0,5,0,0,0,0,0,0
samber__oops,syft,57,0,19,5,52,0,10,47,0,57,1,19,5,53,0,10,48,0,5,0,0,1,3,43
samber__oops,trivy,55,0,21,5,50,0,10,45,0,55,1,21,5,51,0,10,46,0,5,0,0,1,3,41
samber__oops,cdxgen,25,0,51,5,20,0,6,19,4,25,0,51,5,20,0,6,19,4,1,0,0,0,0,19
samber__oops,cyclonedx-gomod,47,0,29,5,42,0,6,41,4,47,0,29,5,42,0,6,41,4,1,0,0,0,0,41
cloudwego__netpoll,syft,7,0,5,3,4,0,3,4,0,7,0,5,3,4,0,3,4,0,0,0,0,0,4,0
cloudwego__netpoll,trivy,7,0,5,3,4,0,3,4,0,7,0,5,3,4,0,3,4,0,0,0,0,0,4,0
cloudwego__netpoll,cdxgen,3,0,9,3,0,0,3,0,0,3,0,9,3,0,0,3,0,0,0,0,0,0,0,0
cloudwego__netpoll,cyclonedx-gomod,3,0,9,3,0,0,3,0,0,3,0,9,3,0,0,3,0,0,0,0,0,0,0,0
gavv__httpexpect,syft,49,85,9,30,104,0,32,102,0,44,110,14,30,124,0,32,122,0,2,0,0,5,12,85
gavv__httpexpect,trivy,42,71,16,30,83,0,32,81,0,37,91,21,30,98,0,32,96,0,2,0,0,5,5,71
gavv__httpexpect,cdxgen,37,58,21,30,65,0,32,63,0,30,74,28,30,74,0,30,74,2,2,0,0,0,5,58
gavv__httpexpect,cyclonedx-gomod,30,0,28,30,0,0,30,0,2,30,0,28,30,0,0,30,0,2,0,0,0,0,0,0
syndtr__goleveldb,syft,20,0,15,10,10,0,14,6,0,20,0,15,10,10,0,14,6,0,4,0,0,1,5,0
syndtr__goleveldb,trivy,35,0,0,10,25,0,14,21,0,35,0,0,10,25,0,14,21,0,4,0,0,1,20,0
syndtr__goleveldb,cdxgen,10,0,25,10,0,0,10,0,4,10,0,25,10,0,0,10,0,4,0,0,0,0,0,0
syndtr__goleveldb,cyclonedx-gomod,10,0,25,10,0,0,10,0,4,10,0,25,10,0,0,10,0,4,0,0,0,0,0,0
tomodian__release,syft,24,0,5,14,10,0,18,6,0,24,0,5,14,10,0,18,6,0,4,0,0,3,3,0
tomodian__release,trivy,21,0,8,14,7,0,18,3,0,21,0,8,14,7,0,18,3,0,4,0,0,3,0,0
tomodian__release,cdxgen,14,0,15,14,0,0,14,0,4,14,0,15,14,0,0,14,0,4,0,0,0,0,0,0
tomodian__release,cyclonedx-gomod,15,0,14,14,1,0,14,1,4,15,0,14,14,1,0,14,1,4,0,0,0,1,0,0
nikogura__gomason,syft,20,0,10,13,7,0,14,6,0,20,0,10,13,7,0,14,6,0,1,1,0,0,5,0
nikogura__gomason,trivy,15,0,15,13,2,0,14,1,0,15,0,15,13,2,0,14,1,0,1,1,0,0,0,0
nikogura__gomason,cdxgen,13,0,17,13,0,0,13,0,1,13,0,17,13,0,0,13,0,1,0,0,0,0,0,0
nikogura__gomason,cyclonedx-gomod,14,0,16,13,1,0,13,1,1,14,0,16,13,1,0,13,1,1,0,1,0,0,0,0
rekby__fastuuid,syft,6,9,1,1,14,0,5,10,0,6,10,1,1,15,0,5,11,0,4,0,0,0,1,9
rekby__fastuuid,trivy,6,7,1,1,12,0,5,8,0,5,8,2,1,12,0,5,8,0,4,0,0,0,1,7
rekby__fastuuid,cdxgen,1,0,6,1,0,0,1,0,4,1,0,6,1,0,0,1,0,4,0,0,0,0,0,0
rekby__fastuuid,cyclonedx-gomod,1,0,6,1,0,0,1,0,4,1,0,6,1,0,0,1,0,4,0,0,0,0,0,0
kubevela__kubevela,syft,367,2,461,282,87,2,287,82,2,362,7,466,278,91,6,283,86,6,5,3,1,8,70,0
kubevela__kubevela,trivy,299,2,529,282,19,2,287,14,2,295,6,533,278,23,6,283,18,6,5,3,1,8,2,0
kubevela__kubevela,cdxgen,284,0,544,284,0,0,284,0,5,284,0,544,284,0,0,284,0,5,0,0,0,0,0,0
kubevela__kubevela,cyclonedx-gomod,288,2,540,279,11,5,279,11,10,284,6,544,275,15,9,275,15,14,0,3,1,5,2,0
fogleman__nes,syft,3,0,0,3,0,0,3,0,0,3,0,0,3,0,0,3,0,0,0,0,0,0,0,0
fogleman__nes,trivy,3,0,0,3,0,0,3,0,0,3,0,0,3,0,0,3,0,0,0,0,0,0,0,0
fogleman__nes,cdxgen,3,0,0,3,0,0,3,0,0,3,0,0,3,0,0,3,0,0,0,0,0,0,0,0
fogleman__nes,cyclonedx-gomod,3,0,0,3,0,0,3,0,0,3,0,0,3,0,0,3,0,0,0,0,0,0,0,0
andy2046__tik,syft,3,0,19,3,0,0,3,0,0,3,0,19,3,0,0,3,0,0,0,0,0,0,0,0
andy2046__tik,trivy,22,0,0,3,19,0,3,19,0,22,0,0,3,19,0,3,19,0,0,0,0,0,19,0
andy2046__tik,cdxgen,3,0,19,3,0,0,3,0,0,3,0,19,3,0,0,3,0,0,0,0,0,0,0,0
andy2046__tik,cyclonedx-gomod,3,0,19,3,0,0,3,0,0,3,0,19,3,0,0,3,0,0,0,0,0,0,0,0
kevinburke__nacl,syft,4,0,3,1,3,0,3,1,0,4,0,3,1,3,0,3,1,0,2,0,0,1,0,0
kevinburke__nacl,trivy,4,0,3,1,3,0,3,1,0,4,0,3,1,3,0,3,1,0,2,0,0,1,0,0
kevinburke__nacl,cdxgen,1,0,6,1,0,0,1,0,2,1,0,6,1,0,0,1,0,2,0,0,0,0,0,0
kevinburke__nacl,cyclonedx-gomod,2,0,5,1,1,0,1,1,2,2,0,5,1,1,0,1,1,2,0,0,0,1,0,0
soypat__godesim,syft,11,0,26,2,9,0,2,9,0,11,0,26,2,9,0,2,9,0,0,0,0,2,7,0
soypat__godesim,trivy,37,0,0,2,35,0,2,35,0,37,0,0,2,35,0,2,35,0,0,0,0,2,33,0
soypat__godesim,cdxgen,2,0,35,2,0,0,2,0,0,2,0,35,2,0,0,2,0,0,0,0,0,0,0,0
soypat__godesim,cyclonedx-gomod,2,0,35,2,0,0,2,0,0,2,0,35,2,0,0,2,0,0,0,0,0,0,0,0
RichardKnop__go-fixtures,syft,10,0,0,1,9,0,6,4,0,10,0,0,1,9,0,6,4,0,5,0,0,4,0,0
RichardKnop__go-fixtures,trivy,10,0,0,1,9,0,6,4,0,10,0,0,1,9,0,6,4,0,5,0,0,4,0,0
RichardKnop__go-fixtures,cdxgen,1,0,9,1,0,0,1,0,5,1,0,9,1,0,0,1,0,5,0,0,0,0,0,0
RichardKnop__go-fixtures,cyclonedx-gomod,1,0,9,1,0,0,1,0,5,1,0,9,1,0,0,1,0,5,0,0,0,0,0,0
indeedeng__iwf,syft,134,0,104,93,41,0,93,41,0,134,0,104,93,41,0,93,41,0,0,0,0,20,21,0
indeedeng__iwf,trivy,113,0,125,93,20,0,93,20,0,113,0,125,93,20,0,93,20,0,0,0,0,20,0,0
indeedeng__iwf,cdxgen,93,0,145,93,0,0,93,0,0,93,0,145,93,0,0,93,0,0,0,0,0,0,0,0
indeedeng__iwf,cyclonedx-gomod,112,0,126,93,19,0,93,19,0,112,0,126,93,19,0,93,19,0,0,0,0,19,0,0
dnote__dnote,syft,40,0,11,29,11,0,29,11,0,40,0,11,29,11,0,29,11,0,0,1,0,4,6,0
dnote__dnote,trivy,34,0,17,29,5,0,29,5,0,34,0,17,29,5,0,29,5,0,0,1,0,4,0,0
dnote__dnote,cdxgen,29,0,22,29,0,0,29,0,0,29,0,22,29,0,0,29,0,0,0,0,0,0,0,0
dnote__dnote,cyclonedx-gomod,31,0,20,29,2,0,29,2,0,31,0,20,29,2,0,29,2,0,0,1,0,1,0,0
kubeshark__kubeshark,syft,211,0,139,129,82,0,129,82,0,211,0,139,129,82,0,129,82,0,0,2,0,1,79,0
kubeshark__kubeshark,trivy,132,0,218,129,3,0,129,3,0,132,0,218,129,3,0,129,3,0,0,2,0,1,0,0
kubeshark__kubeshark,cdxgen,129,0,221,129,0,0,129,0,0,129,0,221,129,0,0,129,0,0,0,0,0,0,0,0
kubeshark__kubeshark,cyclonedx-gomod,131,0,219,129,2,0,129,2,0,131,0,219,129,2,0,129,2,0,0,2,0,0,0,0
liftbridge-io__liftbridge,syft,91,0,269,64,27,0,68,23,0,91,0,269,64,27,0,68,23,0,4,1,0,0,22,0
liftbridge-io__liftbridge,trivy,69,0,291,64,5,0,68,1,0,69,0,291,64,5,0,68,1,0,4,1,0,0,0,0
liftbridge-io__liftbridge,cdxgen,64,0,296,64,0,0,64,0,4,64,0,296,64,0,0,64,0,4,0,0,0,0,0,0
liftbridge-io__liftbridge,cyclonedx-gomod,65,0,295,64,1,0,64,1,4,65,0,295,64,1,0,64,1,4,0,1,0,0,0,0
dimiro1__health,syft,4,0,0,1,3,0,3,1,0,4,0,0,1,3,0,3,1,0,2,0,0,1,0,0
dimiro1__health,trivy,4,0,0,1,3,0,3,1,0,4,0,0,1,3,0,3,1,0,2,0,0,1,0,0
dimiro1__health,cdxgen,1,0,3,1,0,0,1,0,2,1,0,3,1,0,0,1,0,2,0,0,0,0,0,0
dimiro1__health,cyclonedx-gomod,1,0,3,1,0,0,1,0,2,1,0,3,1,0,0,1,0,2,0,0,0,0,0,0
jcuga__golongpoll,syft,1,0,0,1,0,0,1,0,0,1,0,0,1,0,0,1,0,0,0,0,0,0,0,0
jcuga__golongpoll,trivy,1,0,0,1,0,0,1,0,0,1,0,0,1,0,0,1,0,0,0,0,0,0,0,0
jcuga__golongpoll,cdxgen,1,0,0,1,0,0,1,0,0,1,0,0,1,0,0,1,0,0,0,0,0,0,0,0
jcuga__golongpoll,cyclonedx-gomod,1,0,0,1,0,0,1,0,0,1,0,0,1,0,0,1,0,0,0,0,0,0,0,0
json-iterator__go,syft,8,0,1,2,6,0,7,1,0,8,0,1,2,6,0,7,1,0,5,0,0,0,1,0
json-iterator__go,trivy,9,0,0,2,7,0,7,2,0,9,0,0,2,7,0,7,2,0,5,0,0,0,2,0
json-iterator__go,cdxgen,2,0,7,2,0,0,2,0,5,2,0,7,2,0,0,2,0,5,0,0,0,0,0,0
json-iterator__go,cyclonedx-gomod,2,0,7,2,0,0,2,0,5,2,0,7,2,0,0,2,0,5,0,0,0,0,0,0
gogf__gf,syft,42,213,1,27,228,0,27,228,0,40,260,3,27,273,0,27,273,0,0,0,0,0,10,218
gogf__gf,trivy,35,181,8,27,189,0,27,189,0,33,222,10,27,228,0,27,228,0,0,0,0,0,3,186
gogf__gf,cdxgen,NA
gogf__gf,cyclonedx-gomod,27,0,16,27,0,0,27,0,0,27,0,16,27,0,0,27,0,0,0,0,0,0,0,0
nsf__termbox-go,syft,3,0,0,3,0,0,3,0,0,3,0,0,3,0,0,3,0,0,0,0,0,0,0,0
nsf__termbox-go,trivy,3,0,0,3,0,0,3,0,0,3,0,0,3,0,0,3,0,0,0,0,0,0,0,0
nsf__termbox-go,cdxgen,3,0,0,3,0,0,3,0,0,3,0,0,3,0,0,3,0,0,0,0,0,0,0,0
nsf__termbox-go,cyclonedx-gomod,3,0,0,3,0,0,3,0,0,3,0,0,3,0,0,3,0,0,0,0,0,0,0,0
beatlabs__patron,syft,93,0,23,76,17,0,77,16,0,93,0,23,76,17,0,77,16,0,1,0,1,2,13,0
beatlabs__patron,trivy,80,0,36,76,4,0,77,3,0,80,0,36,76,4,0,77,3,0,1,0,1,2,0,0
beatlabs__patron,cdxgen,80,0,36,76,4,0,77,3,0,80,0,36,76,4,0,77,3,0,1,0,1,2,0,0
beatlabs__patron,cyclonedx-gomod,77,0,39,76,1,0,76,1,1,77,0,39,76,1,0,76,1,1,0,0,0,1,0,0
mochi-co__mqtt,syft,60,0,131,40,20,0,47,13,0,60,0,131,40,20,0,47,13,0,7,0,0,0,13,0
mochi-co__mqtt,trivy,47,0,144,40,7,0,47,0,0,47,0,144,40,7,0,47,0,0,7,0,0,0,0,0
mochi-co__mqtt,cdxgen,40,0,151,40,0,0,40,0,7,40,0,151,40,0,0,40,0,7,0,0,0,0,0,0
mochi-co__mqtt,cyclonedx-gomod,40,0,151,40,0,0,40,0,7,40,0,151,40,0,0,40,0,7,0,0,0,0,0,0
starwalkn__kono,syft,93,0,35,54,39,0,61,32,0,93,0,35,54,39,0,61,32,0,7,1,0,4,27,0
starwalkn__kono,trivy,66,0,62,54,12,0,61,5,0,66,0,62,54,12,0,61,5,0,7,1,0,4,0,0
starwalkn__kono,cdxgen,54,0,74,54,0,0,54,0,7,54,0,74,54,0,0,54,0,7,0,0,0,0,0,0
starwalkn__kono,cyclonedx-gomod,57,0,71,54,3,0,54,3,7,57,0,71,54,3,0,54,3,7,0,1,0,2,0,0
jgroeneveld__trial,syft,1,0,0,1,0,0,1,0,0,1,0,0,1,0,0,1,0,0,0,0,0,0,0,0
jgroeneveld__trial,trivy,1,0,0,1,0,0,1,0,0,1,0,0,1,0,0,1,0,0,0,0,0,0,0,0
jgroeneveld__trial,cdxgen,1,0,0,1,0,0,1,0,0,1,0,0,1,0,0,1,0,0,0,0,0,0,0,0
jgroeneveld__trial,cyclonedx-gomod,1,0,0,1,0,0,1,0,0,1,0,0,1,0,0,1,0,0,0,0,0,0,0,0
appleboy__drone-jenkins,syft,12,0,3,7,5,0,11,1,0,12,0,3,7,5,0,11,1,0,4,0,0,0,1,0
appleboy__drone-jenkins,trivy,11,0,4,7,4,0,11,0,0,11,0,4,7,4,0,11,0,0,4,0,0,0,0,0
appleboy__drone-jenkins,cdxgen,7,0,8,7,0,0,7,0,4,7,0,8,7,0,0,7,0,4,0,0,0,0,0,0
appleboy__drone-jenkins,cyclonedx-gomod,7,0,8,7,0,0,7,0,4,7,0,8,7,0,0,7,0,4,0,0,0,0,0,0
Antonboom__testifylint,syft,6,16,2,3,19,0,3,19,0,4,19,4,3,20,0,3,20,0,0,0,0,0,1,18
Antonboom__testifylint,trivy,4,12,4,3,13,0,3,13,0,3,14,5,3,14,0,3,14,0,0,0,0,0,0,13
Antonboom__testifylint,cdxgen,4,11,4,3,12,0,3,12,0,3,13,5,3,13,0,3,13,0,0,0,0,0,0,12
Antonboom__testifylint,cyclonedx-gomod,2,0,6,2,0,1,2,0,1,2,0,6,2,0,1,2,0,1,0,0,0,0,0,0
getveil__veil,syft,49,0,10,25,24,0,25,24,0,49,0,10,25,24,0,25,24,0,0,3,0,0,21,0
getveil__veil,trivy,28,0,31,25,3,0,25,3,0,28,0,31,25,3,0,25,3,0,0,3,0,0,0,0
getveil__veil,cdxgen,25,0,34,25,0,0,25,0,0,25,0,34,25,0,0,25,0,0,0,0,0,0,0,0
getveil__veil,cyclonedx-gomod,28,0,31,25,3,0,25,3,0,28,0,31,25,3,0,25,3,0,0,3,0,0,0,0
yuin__gopher-lua,syft,4,0,0,1,3,0,1,3,0,4,0,0,1,3,0,1,3,0,0,0,0,3,0,0
yuin__gopher-lua,trivy,4,0,0,1,3,0,1,3,0,4,0,0,1,3,0,1,3,0,0,0,0,3,0,0
yuin__gopher-lua,cdxgen,1,0,3,1,0,0,1,0,0,1,0,3,1,0,0,1,0,0,0,0,0,0,0,0
yuin__gopher-lua,cyclonedx-gomod,2,0,2,1,1,0,1,1,0,2,0,2,1,1,0,1,1,0,0,0,0,1,0,0
barweiss__go-tuple,syft,6,0,5,1,5,0,5,1,0,6,0,5,1,5,0,5,1,0,4,0,0,0,1,0
barweiss__go-tuple,trivy,5,0,6,1,4,0,5,0,0,5,0,6,1,4,0,5,0,0,4,0,0,0,0,0
barweiss__go-tuple,cdxgen,1,0,10,1,0,0,1,0,4,1,0,10,1,0,0,1,0,4,0,0,0,0,0,0
barweiss__go-tuple,cyclonedx-gomod,1,0,10,1,0,0,1,0,4,1,0,10,1,0,0,1,0,4,0,0,0,0,0,0
smallnest__langgraphgo,syft,206,13,144,50,169,0,56,163,0,203,22,147,50,175,0,56,169,0,6,1,0,4,38,120
smallnest__langgraphgo,trivy,156,1,194,50,107,0,56,101,0,155,2,195,50,107,0,56,101,0,6,1,0,4,14,82
smallnest__langgraphgo,cdxgen,145,0,205,50,95,0,53,92,3,145,0,205,50,95,0,53,92,3,3,1,0,2,13,76
smallnest__langgraphgo,cyclonedx-gomod,52,0,298,50,2,0,50,2,6,52,0,298,50,2,0,50,2,6,0,1,0,1,0,0
KusionStack__kusion,syft,396,0,409,325,71,0,334,62,0,396,0,409,325,71,0,334,62,0,9,3,0,13,46,0
KusionStack__kusion,trivy,350,0,455,325,25,0,334,16,0,350,0,455,325,25,0,334,16,0,9,3,0,13,0,0
KusionStack__kusion,cdxgen,325,0,480,325,0,0,325,0,9,325,0,480,325,0,0,325,0,9,0,0,0,0,0,0
KusionStack__kusion,cyclonedx-gomod,332,0,473,322,10,3,322,10,12,332,0,473,322,10,3,322,10,12,0,3,0,7,0,0
dwin__goArgonPass,syft,9,0,6,2,7,0,6,3,0,9,0,6,2,7,0,6,3,0,4,0,0,2,1,0
dwin__goArgonPass,trivy,15,0,0,2,13,0,6,9,0,15,0,0,2,13,0,6,9,0,4,0,0,2,7,0
dwin__goArgonPass,cdxgen,2,0,13,2,0,0,2,0,4,2,0,13,2,0,0,2,0,4,0,0,0,0,0,0
dwin__goArgonPass,cyclonedx-gomod,2,0,13,2,0,0,2,0,4,2,0,13,2,0,0,2,0,4,0,0,0,0,0,0
jonreiter__govader,syft,2,0,9,1,1,0,1,1,0,2,0,9,1,1,0,1,1,0,0,0,0,0,1,0
jonreiter__govader,trivy,11,0,0,1,10,0,1,10,0,11,0,0,1,10,0,1,10,0,0,0,0,0,10,0
jonreiter__govader,cdxgen,1,0,10,1,0,0,1,0,0,1,0,10,1,0,0,1,0,0,0,0,0,0,0,0
jonreiter__govader,cyclonedx-gomod,1,0,10,1,0,0,1,0,0,1,0,10,1,0,0,1,0,0,0,0,0,0,0,0
couchbase__moss,syft,4,0,0,3,1,0,3,1,0,4,0,0,3,1,0,3,1,0,0,0,1,0,0,0
couchbase__moss,trivy,4,0,0,3,1,0,3,1,0,4,0,0,3,1,0,3,1,0,0,0,1,0,0,0
couchbase__moss,cdxgen,3,0,1,3,0,0,3,0,0,3,0,1,3,0,0,3,0,0,0,0,0,0,0,0
couchbase__moss,cyclonedx-gomod,4,0,0,3,1,0,3,1,0,4,0,0,3,1,0,3,1,0,0,0,1,0,0,0
Netflix__chaosmonkey,syft,33,0,4,24,9,0,24,9,0,33,0,4,24,9,0,24,9,0,0,0,0,5,4,0
Netflix__chaosmonkey,trivy,29,0,8,24,5,0,24,5,0,29,0,8,24,5,0,24,5,0,0,0,0,5,0,0
Netflix__chaosmonkey,cdxgen,24,0,13,24,0,0,24,0,0,24,0,13,24,0,0,24,0,0,0,0,0,0,0,0
Netflix__chaosmonkey,cyclonedx-gomod,24,0,13,24,0,0,24,0,0,24,0,13,24,0,0,24,0,0,0,0,0,0,0,0
uber-go__zap,syft,10,23,2,1,32,0,7,26,0,10,28,2,1,37,0,7,31,0,6,0,0,1,2,23
uber-go__zap,trivy,10,24,2,1,33,0,7,27,0,8,28,4,1,35,0,7,29,0,6,0,0,1,2,24
uber-go__zap,cdxgen,1,6,11,1,6,0,1,6,6,1,6,11,1,6,0,1,6,6,0,0,0,0,0,6
uber-go__zap,cyclonedx-gomod,1,0,11,1,0,0,1,0,6,1,0,11,1,0,0,1,0,6,0,0,0,0,0,0
VividCortex__pm,syft,1,0,0,1,0,0,1,0,0,1,0,0,1,0,0,1,0,0,0,0,0,0,0,0
VividCortex__pm,trivy,1,0,0,1,0,0,1,0,0,1,0,0,1,0,0,1,0,0,0,0,0,0,0,0
VividCortex__pm,cdxgen,1,0,0,1,0,0,1,0,0,1,0,0,1,0,0,1,0,0,0,0,0,0,0,0
VividCortex__pm,cyclonedx-gomod,1,0,0,1,0,0,1,0,0,1,0,0,1,0,0,1,0,0,0,0,0,0,0,0
charmbracelet__bubbletea,syft,19,27,1,15,31,0,17,29,0,19,30,1,15,34,0,17,32,0,2,0,0,0,1,28
charmbracelet__bubbletea,trivy,19,22,1,15,26,0,17,24,0,18,23,2,15,26,0,17,24,0,2,0,0,0,1,23
charmbracelet__bubbletea,cdxgen,15,20,5,15,20,0,15,20,2,15,20,5,15,20,0,15,20,2,0,0,0,0,0,20
charmbracelet__bubbletea,cyclonedx-gomod,15,0,5,15,0,0,15,0,2,15,0,5,15,0,0,15,0,2,0,0,0,0,0,0
dennwc__dom,syft,32,8,2,25,15,0,25,15,0,32,10,2,25,17,0,25,17,0,0,2,0,4,2,7
dennwc__dom,trivy,34,18,0,25,27,0,25,27,0,34,20,0,25,29,0,25,29,0,0,3,0,4,3,17
dennwc__dom,cdxgen,26,4,8,25,5,0,25,5,0,26,4,8,25,5,0,25,5,0,0,0,0,0,1,4
dennwc__dom,cyclonedx-gomod,27,1,7,24,4,1,24,4,1,27,1,7,24,4,1,24,4,1,0,3,0,0,1,0
charlievieth__strcase,syft,1,12,0,1,12,0,1,12,0,1,13,0,1,13,0,1,13,0,0,0,0,0,0,12
charlievieth__strcase,trivy,1,11,0,1,11,0,1,11,0,1,12,0,1,12,0,1,12,0,0,0,0,0,0,11
charlievieth__strcase,cdxgen,1,6,0,1,6,0,1,6,0,1,7,0,1,7,0,1,7,0,0,0,0,0,0,6
charlievieth__strcase,cyclonedx-gomod,1,0,0,1,0,0,1,0,0,1,0,0,1,0,0,1,0,0,0,0,0,0,0,0
masterzen__winrm-cli,syft,13,0,1,10,3,0,13,0,0,13,0,1,10,3,0,13,0,0,3,0,0,0,0,0
masterzen__winrm-cli,trivy,14,0,0,10,4,0,13,1,0,14,0,0,10,4,0,13,1,0,3,0,0,0,1,0
masterzen__winrm-cli,cdxgen,10,0,4,10,0,0,10,0,3,10,0,4,10,0,0,10,0,3,0,0,0,0,0,0
masterzen__winrm-cli,cyclonedx-gomod,10,0,4,10,0,0,10,0,3,10,0,4,10,0,0,10,0,3,0,0,0,0,0,0
chainifynet__aws-encryption-sdk-go,syft,25,10,7,19,16,0,24,11,0,25,23,7,19,29,0,24,24,0,5,0,0,0,1,10
chainifynet__aws-encryption-sdk-go,trivy,24,10,8,19,15,0,24,10,0,24,23,8,19,28,0,24,23,0,5,0,0,0,0,10
chainifynet__aws-encryption-sdk-go,cdxgen,19,0,13,19,0,0,19,0,5,19,13,13,19,13,0,19,13,5,0,0,0,0,0,0
chainifynet__aws-encryption-sdk-go,cyclonedx-gomod,24,0,8,19,5,0,24,0,0,24,0,8,19,5,0,24,0,0,5,0,0,0,0,0
bobg__decouple,syft,8,1,4,4,5,0,6,3,0,8,1,4,4,5,0,6,3,0,2,0,0,0,2,1
bobg__decouple,trivy,6,1,6,4,3,0,6,1,0,6,1,6,4,3,0,6,1,0,2,0,0,0,0,1
bobg__decouple,cdxgen,4,0,8,4,0,0,4,0,2,4,0,8,4,0,0,4,0,2,0,0,0,0,0,0
bobg__decouple,cyclonedx-gomod,4,0,8,4,0,0,4,0,2,4,0,8,4,0,0,4,0,2,0,0,0,0,0,0
gopherjs__gopherjs,syft,20,0,7,13,7,0,15,5,0,20,0,7,13,7,0,15,5,0,2,1,0,0,4,0
gopherjs__gopherjs,trivy,16,0,11,13,3,0,15,1,0,16,0,11,13,3,0,15,1,0,2,1,0,0,0,0
gopherjs__gopherjs,cdxgen,13,0,14,13,0,0,13,0,2,13,0,14,13,0,0,13,0,2,0,0,0,0,0,0
gopherjs__gopherjs,cyclonedx-gomod,14,0,13,13,1,0,13,1,2,14,0,13,13,1,0,13,1,2,0,1,0,0,0,0
ansd__lastpass-go,syft,11,0,23,1,10,0,10,1,0,11,0,23,1,10,0,10,1,0,9,0,0,0,1,0
ansd__lastpass-go,trivy,34,0,0,1,33,0,10,24,0,34,0,0,1,33,0,10,24,0,9,0,0,0,24,0
ansd__lastpass-go,cdxgen,1,0,33,1,0,0,1,0,9,1,0,33,1,0,0,1,0,9,0,0,0,0,0,0
ansd__lastpass-go,cyclonedx-gomod,1,0,33,1,0,0,1,0,9,1,0,33,1,0,0,1,0,9,0,0,0,0,0,0
leozz37__hare,syft,4,0,0,4,0,0,4,0,0,4,0,0,4,0,0,4,0,0,0,0,0,0,0,0
leozz37__hare,trivy,4,0,0,4,0,0,4,0,0,4,0,0,4,0,0,4,0,0,0,0,0,0,0,0
leozz37__hare,cdxgen,4,0,0,4,0,0,4,0,0,4,0,0,4,0,0,4,0,0,0,0,0,0,0,0
leozz37__hare,cyclonedx-gomod,4,0,0,4,0,0,4,0,0,4,0,0,4,0,0,4,0,0,0,0,0,0,0,0
panjf2000__ants,syft,6,0,1,1,5,0,5,1,0,6,0,1,1,5,0,5,1,0,4,0,0,0,1,0
panjf2000__ants,trivy,5,0,2,1,4,0,5,0,0,5,0,2,1,4,0,5,0,0,4,0,0,0,0,0
panjf2000__ants,cdxgen,1,0,6,1,0,0,1,0,4,1,0,6,1,0,0,1,0,4,0,0,0,0,0,0
panjf2000__ants,cyclonedx-gomod,1,0,6,1,0,0,1,0,4,1,0,6,1,0,0,1,0,4,0,0,0,0,0,0
abahmed__kwatch,syft,70,0,20,57,13,0,59,11,0,70,0,20,57,13,0,59,11,0,2,0,0,2,9,0
abahmed__kwatch,trivy,61,0,29,57,4,0,59,2,0,61,0,29,57,4,0,59,2,0,2,0,0,2,0,0
abahmed__kwatch,cdxgen,57,0,33,57,0,0,57,0,2,57,0,33,57,0,0,57,0,2,0,0,0,0,0,0
abahmed__kwatch,cyclonedx-gomod,55,0,35,54,1,3,54,1,5,55,0,35,54,1,3,54,1,5,0,0,0,1,0,0
go-kod__kod,syft,70,21,23,52,39,0,55,36,0,70,23,23,52,41,0,55,38,0,3,3,0,3,9,21
go-kod__kod,trivy,62,21,31,52,31,0,55,28,0,61,23,32,52,32,0,55,29,0,3,3,0,3,1,21
go-kod__kod,cdxgen,53,10,40,52,11,0,52,11,3,52,12,41,52,12,0,52,12,3,0,0,0,0,1,10
go-kod__kod,cyclonedx-gomod,55,0,38,49,6,3,49,6,6,55,0,38,49,6,3,49,6,6,0,3,0,3,0,0
steevin__neuron-cli,syft,101,0,17,69,32,0,69,32,0,101,0,17,69,32,0,69,32,0,0,4,0,0,28,0
steevin__neuron-cli,trivy,73,0,45,69,4,0,69,4,0,73,0,45,69,4,0,69,4,0,0,4,0,0,0,0
steevin__neuron-cli,cdxgen,69,0,49,69,0,0,69,0,0,69,0,49,69,0,0,69,0,0,0,0,0,0,0,0
steevin__neuron-cli,cyclonedx-gomod,73,0,45,69,4,0,69,4,0,73,0,45,69,4,0,69,4,0,0,4,0,0,0,0
SaiNageswarS__go-api-boot,syft,111,0,197,92,19,0,92,19,0,111,0,197,92,19,0,92,19,0,0,1,0,0,18,0
SaiNageswarS__go-api-boot,trivy,93,0,215,92,1,0,92,1,0,93,0,215,92,1,0,92,1,0,0,1,0,0,0,0
SaiNageswarS__go-api-boot,cdxgen,92,0,216,92,0,0,92,0,0,92,0,216,92,0,0,92,0,0,0,0,0,0,0,0
SaiNageswarS__go-api-boot,cyclonedx-gomod,88,0,220,87,1,5,87,1,5,88,0,220,87,1,5,87,1,5,0,1,0,0,0,0
prest__prest,syft,63,0,21,47,16,0,48,15,0,63,0,21,47,16,0,48,15,0,1,1,0,4,10,0
prest__prest,trivy,53,0,31,47,6,0,48,5,0,53,0,31,47,6,0,48,5,0,1,1,0,4,0,0
prest__prest,cdxgen,47,0,37,47,0,0,47,0,1,47,0,37,47,0,0,47,0,1,0,0,0,0,0,0
prest__prest,cyclonedx-gomod,51,0,33,47,4,0,47,4,1,51,0,33,47,4,0,47,4,1,0,1,0,3,0,0
cockroachdb__cockroach,syft,535,12,631,393,154,8,399,148,8,535,27,631,393,169,8,399,163,8,6,7,4,63,71,3
cockroachdb__cockroach,trivy,473,15,693,393,95,8,399,89,8,473,30,693,393,110,8,399,104,8,6,7,4,63,9,6
cockroachdb__cockroach,cdxgen,481,11,685,401,91,0,407,85,0,481,26,685,401,106,0,407,100,0,6,7,4,63,9,2
cockroachdb__cockroach,cyclonedx-gomod,463,9,703,391,81,10,392,80,15,463,9,703,391,81,10,392,80,15,1,7,3,61,9,0
logpacker__PayPal-Go-SDK,syft,246,0,188,3,243,0,3,243,0,246,0,188,3,243,0,3,243,0,0,0,0,213,30,0
logpacker__PayPal-Go-SDK,trivy,216,0,218,3,213,0,3,213,0,216,0,218,3,213,0,3,213,0,0,0,0,213,0,0
logpacker__PayPal-Go-SDK,cdxgen,3,0,431,3,0,0,3,0,0,3,0,431,3,0,0,3,0,0,0,0,0,0,0,0
logpacker__PayPal-Go-SDK,cyclonedx-gomod,215,0,219,3,212,0,3,212,0,215,0,219,3,212,0,3,212,0,0,0,0,212,0,0
borderstech__artifex,syft,5,0,0,1,4,0,4,1,0,5,0,0,1,4,0,4,1,0,3,0,0,1,0,0
borderstech__artifex,trivy,5,0,0,1,4,0,4,1,0,5,0,0,1,4,0,4,1,0,3,0,0,1,0,0
borderstech__artifex,cdxgen,1,0,4,1,0,0,1,0,3,1,0,4,1,0,0,1,0,3,0,0,0,0,0,0
borderstech__artifex,cyclonedx-gomod,1,0,4,1,0,0,1,0,3,1,0,4,1,0,0,1,0,3,0,0,0,0,0,0
cenkalti__rain,syft,53,0,17,41,12,0,47,6,0,53,0,17,41,12,0,47,6,0,6,0,0,5,1,0
cenkalti__rain,trivy,52,0,18,41,11,0,47,5,0,52,0,18,41,11,0,47,5,0,6,0,0,5,0,0
cenkalti__rain,cdxgen,41,0,29,41,0,0,41,0,6,41,0,29,41,0,0,41,0,6,0,0,0,0,0,0
cenkalti__rain,cyclonedx-gomod,42,0,28,41,1,0,41,1,6,42,0,28,41,1,0,41,1,6,0,0,0,1,0,0
orlangure__gnomock,syft,171,12,103,127,56,0,134,49,0,167,23,107,127,63,0,134,56,0,7,1,0,2,29,17
orlangure__gnomock,trivy,138,5,136,127,16,0,134,9,0,137,9,137,127,19,0,134,12,0,7,1,0,2,0,6
orlangure__gnomock,cdxgen,127,1,147,127,1,0,127,1,7,127,3,147,127,3,0,127,3,7,0,0,0,0,0,1
orlangure__gnomock,cyclonedx-gomod,126,0,148,124,2,3,124,2,10,126,0,148,124,2,3,124,2,10,0,1,0,1,0,0
kevincobain2000__gobrew,syft,23,0,5,15,8,0,19,4,0,23,0,5,15,8,0,19,4,0,4,0,0,0,4,0
kevincobain2000__gobrew,trivy,19,0,9,15,4,0,19,0,0,19,0,9,15,4,0,19,0,0,4,0,0,0,0,0
kevincobain2000__gobrew,cdxgen,15,0,13,15,0,0,15,0,4,15,0,13,15,0,0,15,0,4,0,0,0,0,0,0
kevincobain2000__gobrew,cyclonedx-gomod,15,0,13,15,0,0,15,0,4,15,0,13,15,0,0,15,0,4,0,0,0,0,0,0
goradd__got,syft,6,0,5,1,5,0,5,1,0,6,0,5,1,5,0,5,1,0,4,0,0,0,1,0
goradd__got,trivy,5,0,6,1,4,0,5,0,0,5,0,6,1,4,0,5,0,0,4,0,0,0,0,0
goradd__got,cdxgen,1,0,10,1,0,0,1,0,4,1,0,10,1,0,0,1,0,4,0,0,0,0,0,0
goradd__got,cyclonedx-gomod,1,0,10,1,0,0,1,0,4,1,0,10,1,0,0,1,0,4,0,0,0,0,0,0
lib4u__fake-useragent,syft,1,0,4,1,0,0,1,0,0,1,0,4,1,0,0,1,0,0,0,0,0,0,0,0
lib4u__fake-useragent,trivy,1,0,4,1,0,0,1,0,0,1,0,4,1,0,0,1,0,0,0,0,0,0,0,0
lib4u__fake-useragent,cdxgen,1,0,4,1,0,0,1,0,0,1,0,4,1,0,0,1,0,0,0,0,0,0,0,0
lib4u__fake-useragent,cyclonedx-gomod,1,0,4,1,0,0,1,0,0,1,0,4,1,0,0,1,0,0,0,0,0,0,0,0
naughtygopher__goapp,syft,59,0,36,49,10,0,49,10,0,59,0,36,49,10,0,49,10,0,0,0,0,2,8,0
naughtygopher__goapp,trivy,51,0,44,49,2,0,49,2,0,51,0,44,49,2,0,49,2,0,0,0,0,2,0,0
naughtygopher__goapp,cdxgen,49,0,46,49,0,0,49,0,0,49,0,46,49,0,0,49,0,0,0,0,0,0,0,0
naughtygopher__goapp,cyclonedx-gomod,49,0,46,49,0,0,49,0,0,49,0,46,49,0,0,49,0,0,0,0,0,0,0,0
bojanz__currency,syft,1,0,1,1,0,0,1,0,0,1,0,1,1,0,0,1,0,0,0,0,0,0,0,0
bojanz__currency,trivy,2,0,0,1,1,0,1,1,0,2,0,0,1,1,0,1,1,0,0,0,0,0,1,0
bojanz__currency,cdxgen,1,0,1,1,0,0,1,0,0,1,0,1,1,0,0,1,0,0,0,0,0,0,0,0
bojanz__currency,cyclonedx-gomod,1,0,1,1,0,0,1,0,0,1,0,1,1,0,0,1,0,0,0,0,0,0,0,0
Sherifabdlnaby__gpool,syft,2,0,0,1,1,0,1,1,0,2,0,0,1,1,0,1,1,0,0,0,0,1,0,0
Sherifabdlnaby__gpool,trivy,2,0,0,1,1,0,1,1,0,2,0,0,1,1,0,1,1,0,0,0,0,1,0,0
Sherifabdlnaby__gpool,cdxgen,2,0,0,1,1,0,1,1,0,2,0,0,1,1,0,1,1,0,0,0,0,1,0,0
Sherifabdlnaby__gpool,cyclonedx-gomod,1,0,1,1,0,0,1,0,0,1,0,1,1,0,0,1,0,0,0,0,0,0,0,0
evrone__go-clean-template,syft,461,0,364,81,380,0,86,375,0,461,0,364,81,380,0,86,375,0,5,0,1,339,35,0
evrone__go-clean-template,trivy,426,0,399,81,345,0,86,340,0,426,0,399,81,345,0,86,340,0,5,0,1,339,0,0
evrone__go-clean-template,cdxgen,81,0,744,81,0,0,81,0,5,81,0,744,81,0,0,81,0,5,0,0,0,0,0,0
evrone__go-clean-template,cyclonedx-gomod,421,0,404,81,340,0,82,339,4,421,0,404,81,340,0,82,339,4,1,0,1,338,0,0
adlio__trello,syft,1,0,0,1,0,0,1,0,0,1,0,0,1,0,0,1,0,0,0,0,0,0,0,0
adlio__trello,trivy,1,0,0,1,0,0,1,0,0,1,0,0,1,0,0,1,0,0,0,0,0,0,0,0
adlio__trello,cdxgen,1,0,0,1,0,0,1,0,0,1,0,0,1,0,0,1,0,0,0,0,0,0,0,0
adlio__trello,cyclonedx-gomod,1,0,0,1,0,0,1,0,0,1,0,0,1,0,0,1,0,0,0,0,0,0,0,0
pantrif__url-shortener,syft,3,0,0,2,1,0,3,0,0,3,0,0,2,1,0,3,0,0,1,0,0,0,0,0
pantrif__url-shortener,trivy,3,0,0,2,1,0,3,0,0,3,0,0,2,1,0,3,0,0,1,0,0,0,0,0
pantrif__url-shortener,cdxgen,2,0,1,2,0,0,2,0,1,2,0,1,2,0,0,2,0,1,0,0,0,0,0,0
pantrif__url-shortener,cyclonedx-gomod,2,0,1,2,0,0,2,0,1,2,0,1,2,0,0,2,0,1,0,0,0,0,0,0
hashicorp__go-retryablehttp,syft,10,0,2,1,9,0,6,4,0,10,0,2,1,9,0,6,4,0,5,0,0,0,4,0
hashicorp__go-retryablehttp,trivy,6,0,6,1,5,0,6,0,0,6,0,6,1,5,0,6,0,0,5,0,0,0,0,0
hashicorp__go-retryablehttp,cdxgen,1,0,11,1,0,0,1,0,5,1,0,11,1,0,0,1,0,5,0,0,0,0,0,0
hashicorp__go-retryablehttp,cyclonedx-gomod,1,0,11,1,0,0,1,0,5,1,0,11,1,0,0,1,0,5,0,0,0,0,0,0
vektra__mockery,syft,259,2,148,38,223,0,38,223,0,257,20,150,38,239,0,38,239,0,0,1,1,3,3,215
vektra__mockery,trivy,249,2,158,38,213,0,38,213,0,247,19,160,38,228,0,38,228,0,0,1,1,3,1,207
vektra__mockery,cdxgen,247,0,160,38,209,0,38,209,0,247,17,160,38,226,0,38,226,0,0,1,1,3,1,203
vektra__mockery,cyclonedx-gomod,241,0,166,38,203,0,38,203,0,241,0,166,38,203,0,38,203,0,0,1,0,0,1,201
stephenafamo__bob,syft,155,0,30,101,54,0,103,52,0,155,0,30,101,54,0,103,52,0,2,6,0,15,31,0
stephenafamo__bob,trivy,124,0,61,101,23,0,103,21,0,124,0,61,101,23,0,103,21,0,2,6,0,15,0,0
stephenafamo__bob,cdxgen,101,0,84,101,0,0,101,0,2,101,0,84,101,0,0,101,0,2,0,0,0,0,0,0
stephenafamo__bob,cyclonedx-gomod,117,0,68,101,16,0,101,16,2,117,0,68,101,16,0,101,16,2,0,6,0,10,0,0
blinklabs-io__nview,syft,35,0,24,22,13,0,22,13,0,35,0,24,22,13,0,22,13,0,0,2,0,5,6,0
blinklabs-io__nview,trivy,29,0,30,22,7,0,22,7,0,29,0,30,22,7,0,22,7,0,0,2,0,5,0,0
blinklabs-io__nview,cdxgen,22,0,37,22,0,0,22,0,0,22,0,37,22,0,0,22,0,0,0,0,0,0,0,0
blinklabs-io__nview,cyclonedx-gomod,27,0,32,22,5,0,22,5,0,27,0,32,22,5,0,22,5,0,0,2,0,3,0,0
corona10__goimagehash,syft,1,0,0,1,0,0,1,0,0,1,0,0,1,0,0,1,0,0,0,0,0,0,0,0
corona10__goimagehash,trivy,1,0,0,1,0,0,1,0,0,1,0,0,1,0,0,1,0,0,0,0,0,0,0,0
corona10__goimagehash,cdxgen,1,0,0,1,0,0,1,0,0,1,0,0,1,0,0,1,0,0,0,0,0,0,0,0
corona10__goimagehash,cyclonedx-gomod,1,0,0,1,0,0,1,0,0,1,0,0,1,0,0,1,0,0,0,0,0,0,0,0
viant__dsc,syft,54,0,284,13,41,0,23,31,0,54,0,284,13,41,0,23,31,0,10,0,0,7,0,24
viant__dsc,trivy,30,0,308,13,17,0,23,7,0,30,0,308,13,17,0,23,7,0,10,0,0,7,0,0
viant__dsc,cdxgen,13,0,325,13,0,0,13,0,10,13,0,325,13,0,0,13,0,10,0,0,0,0,0,0
viant__dsc,cyclonedx-gomod,14,0,324,13,1,0,13,1,10,14,0,324,13,1,0,13,1,10,0,0,0,1,0,0
Sirupsen__logrus,syft,6,0,1,5,1,0,5,1,0,6,0,1,5,1,0,5,1,0,0,0,0,0,1,0
Sirupsen__logrus,trivy,5,0,2,5,0,0,5,0,0,5,0,2,5,0,0,5,0,0,0,0,0,0,0,0
Sirupsen__logrus,cdxgen,5,0,2,5,0,0,5,0,0,5,0,2,5,0,0,5,0,0,0,0,0,0,0,0
Sirupsen__logrus,cyclonedx-gomod,2,0,5,2,0,3,2,0,3,2,0,5,2,0,3,2,0,3,0,0,0,0,0,0
emersion__go-imap,syft,2,0,10,2,0,0,2,0,0,2,0,10,2,0,0,2,0,0,0,0,0,0,0,0
emersion__go-imap,trivy,12,0,0,2,10,0,2,10,0,12,0,0,2,10,0,2,10,0,0,0,0,0,10,0
emersion__go-imap,cdxgen,2,0,10,2,0,0,2,0,0,2,0,10,2,0,0,2,0,0,0,0,0,0,0,0
emersion__go-imap,cyclonedx-gomod,2,0,10,2,0,0,2,0,0,2,0,10,2,0,0,2,0,0,0,0,0,0,0,0
shenwei356__taxonkit,syft,44,0,30,31,13,0,31,13,0,44,0,30,31,13,0,31,13,0,0,1,0,3,9,0
shenwei356__taxonkit,trivy,36,0,38,31,5,0,31,5,0,36,0,38,31,5,0,31,5,0,0,1,0,3,1,0
shenwei356__taxonkit,cdxgen,31,0,43,31,0,0,31,0,0,31,0,43,31,0,0,31,0,0,0,0,0,0,0,0
shenwei356__taxonkit,cyclonedx-gomod,34,0,40,31,3,0,31,3,0,34,0,40,31,3,0,31,3,0,0,1,0,2,0,0
xaionaro-go__secureio,syft,22,0,8,14,8,0,20,2,0,22,0,8,14,8,0,20,2,0,6,0,1,0,1,0
xaionaro-go__secureio,trivy,30,0,0,14,16,0,20,10,0,30,0,0,14,16,0,20,10,0,6,0,1,0,9,0
xaionaro-go__secureio,cdxgen,14,0,16,14,0,0,14,0,6,14,0,16,14,0,0,14,0,6,0,0,0,0,0,0
xaionaro-go__secureio,cyclonedx-gomod,14,0,16,14,0,0,14,0,6,14,0,16,14,0,0,14,0,6,0,0,0,0,0,0
cloudflare__cloudflared,syft,111,3,49,66,48,2,70,44,2,111,3,49,66,48,2,70,44,2,4,2,0,19,22,1
cloudflare__cloudflared,trivy,91,2,69,66,27,2,70,23,2,91,2,69,66,27,2,70,23,2,4,2,0,19,2,0
cloudflare__cloudflared,cdxgen,93,1,67,68,26,0,72,22,0,93,4,67,68,29,0,72,25,0,4,2,0,19,0,1
cloudflare__cloudflared,cyclonedx-gomod,76,2,84,66,12,2,66,12,6,76,2,84,66,12,2,66,12,6,0,2,0,8,2,0
eaburns__Watch,syft,3,0,0,3,0,0,3,0,0,3,0,0,3,0,0,3,0,0,0,0,0,0,0,0
eaburns__Watch,trivy,3,0,0,3,0,0,3,0,0,3,0,0,3,0,0,3,0,0,0,0,0,0,0,0
eaburns__Watch,cdxgen,3,0,0,3,0,0,3,0,0,3,0,0,3,0,0,3,0,0,0,0,0,0,0,0
eaburns__Watch,cyclonedx-gomod,NA
hyperledger__fabric,syft,157,55,341,111,101,0,115,97,0,152,96,346,111,137,0,115,133,0,4,2,0,2,36,57
hyperledger__fabric,trivy,148,54,350,111,91,0,115,87,0,131,119,367,111,139,0,115,135,0,4,2,0,2,27,56
hyperledger__fabric,cdxgen,129,43,369,111,61,0,115,57,0,124,64,374,111,77,0,115,73,0,4,2,0,2,8,45
hyperledger__fabric,cyclonedx-gomod,115,0,383,111,4,0,111,4,4,115,0,383,111,4,0,111,4,4,0,2,0,2,0,0
lonng__nano,syft,35,0,33,14,21,0,20,15,0,35,0,33,14,21,0,20,15,0,6,0,0,1,14,0
lonng__nano,trivy,68,0,0,14,54,0,20,48,0,68,0,0,14,54,0,20,48,0,6,0,0,1,47,0
lonng__nano,cdxgen,14,0,54,14,0,0,14,0,6,14,0,54,14,0,0,14,0,6,0,0,0,0,0,0
lonng__nano,cyclonedx-gomod,14,0,54,14,0,0,14,0,6,14,0,54,14,0,0,14,0,6,0,0,0,0,0,0
go-sql-driver__mysql,syft,1,0,0,1,0,0,1,0,0,1,0,0,1,0,0,1,0,0,0,0,0,0,0,0
go-sql-driver__mysql,trivy,1,0,0,1,0,0,1,0,0,1,0,0,1,0,0,1,0,0,0,0,0,0,0,0
go-sql-driver__mysql,cdxgen,1,0,0,1,0,0,1,0,0,1,0,0,1,0,0,1,0,0,0,0,0,0,0,0
go-sql-driver__mysql,cyclonedx-gomod,1,0,0,1,0,0,1,0,0,1,0,0,1,0,0,1,0,0,0,0,0,0,0,0
1set__cronrange,syft,1,0,0,1,0,0,1,0,0,1,0,0,1,0,0,1,0,0,0,0,0,0,0,0
1set__cronrange,trivy,1,1,0,1,1,0,1,1,0,1,1,0,1,1,0,1,1,0,0,0,0,0,1,0
1set__cronrange,cdxgen,1,0,0,1,0,0,1,0,0,1,0,0,1,0,0,1,0,0,0,0,0,0,0,0
1set__cronrange,cyclonedx-gomod,1,0,0,1,0,0,1,0,0,1,0,0,1,0,0,1,0,0,0,0,0,0,0,0
plandem__xlsx,syft,5,0,1,1,4,0,4,1,0,5,0,1,1,4,0,4,1,0,3,0,0,0,1,0
plandem__xlsx,trivy,6,0,0,1,5,0,4,2,0,6,0,0,1,5,0,4,2,0,3,0,0,0,2,0
plandem__xlsx,cdxgen,1,0,5,1,0,0,1,0,3,1,0,5,1,0,0,1,0,3,0,0,0,0,0,0
plandem__xlsx,cyclonedx-gomod,1,0,5,1,0,0,1,0,3,1,0,5,1,0,0,1,0,3,0,0,0,0,0,0
go-reform__reform,syft,23,172,2,10,185,0,15,180,0,20,179,5,10,189,0,15,184,0,5,0,0,4,4,172
go-reform__reform,trivy,22,173,3,10,185,0,15,180,0,19,180,6,10,189,0,15,184,0,5,0,0,4,3,173
go-reform__reform,cdxgen,17,172,8,10,179,0,14,175,1,12,179,13,10,181,0,12,179,3,4,0,0,0,3,172
go-reform__reform,cyclonedx-gomod,9,0,16,9,0,1,9,0,6,9,0,16,9,0,1,9,0,6,0,0,0,0,0,0
dgraph-io__ristretto,syft,9,0,1,3,6,0,8,1,0,9,0,1,3,6,0,8,1,0,5,0,0,0,1,0
dgraph-io__ristretto,trivy,8,0,2,3,5,0,8,0,0,8,0,2,3,5,0,8,0,0,5,0,0,0,0,0
dgraph-io__ristretto,cdxgen,3,0,7,3,0,0,3,0,5,3,0,7,3,0,0,3,0,5,0,0,0,0,0,0
dgraph-io__ristretto,cyclonedx-gomod,3,0,7,3,0,0,3,0,5,3,0,7,3,0,0,3,0,5,0,0,0,0,0,0
go-ozzo__ozzo-validation,syft,6,0,1,1,5,0,5,1,0,6,0,1,1,5,0,5,1,0,4,0,0,0,1,0
go-ozzo__ozzo-validation,trivy,7,0,0,1,6,0,5,2,0,7,0,0,1,6,0,5,2,0,4,0,0,0,2,0
go-ozzo__ozzo-validation,cdxgen,1,0,6,1,0,0,1,0,4,1,0,6,1,0,0,1,0,4,0,0,0,0,0,0
go-ozzo__ozzo-validation,cyclonedx-gomod,1,0,6,1,0,0,1,0,4,1,0,6,1,0,0,1,0,4,0,0,0,0,0,0
octomation__go-module,syft,1,186,0,1,186,0,1,186,0,1,186,0,1,186,0,1,186,0,0,0,0,0,0,186
octomation__go-module,trivy,1,187,0,1,187,0,1,187,0,1,187,0,1,187,0,1,187,0,0,0,0,0,0,187
octomation__go-module,cdxgen,1,186,0,1,186,0,1,186,0,1,186,0,1,186,0,1,186,0,0,0,0,0,0,186
octomation__go-module,cyclonedx-gomod,1,0,0,1,0,0,1,0,0,1,0,0,1,0,0,1,0,0,0,0,0,0,0,0
woodpecker-ci__woodpecker,syft,278,0,135,201,77,0,206,72,0,278,0,135,201,77,0,206,72,0,5,4,2,27,39,0
woodpecker-ci__woodpecker,trivy,239,0,174,201,38,0,206,33,0,239,0,174,201,38,0,206,33,0,5,4,2,27,0,0
woodpecker-ci__woodpecker,cdxgen,239,0,174,201,38,0,206,33,0,239,0,174,201,38,0,206,33,0,5,4,2,27,0,0
woodpecker-ci__woodpecker,cyclonedx-gomod,228,0,185,199,29,2,199,29,7,228,0,185,199,29,2,199,29,7,0,4,2,23,0,0
openziti__sdk-golang,syft,134,95,114,76,153,0,80,149,0,114,119,134,76,157,0,80,153,0,4,3,0,7,43,96
openziti__sdk-golang,trivy,112,75,136,76,111,0,80,107,0,93,95,155,76,112,0,80,108,0,4,3,0,7,22,75
openziti__sdk-golang,cdxgen,98,63,150,76,85,0,80,81,0,84,78,164,76,86,0,80,82,0,4,0,0,1,17,63
openziti__sdk-golang,cyclonedx-gomod,86,0,162,76,10,0,76,10,4,86,0,162,76,10,0,76,10,4,0,3,0,7,0,0
kelseyhightower__confd,syft,75,0,186,51,24,0,51,24,0,75,0,186,51,24,0,51,24,0,0,0,0,6,18,0
kelseyhightower__confd,trivy,57,0,204,51,6,0,51,6,0,57,0,204,51,6,0,51,6,0,0,0,0,6,0,0
kelseyhightower__confd,cdxgen,57,0,204,51,6,0,51,6,0,57,0,204,51,6,0,51,6,0,0,0,0,6,0,0
kelseyhightower__confd,cyclonedx-gomod,53,0,208,51,2,0,51,2,0,53,0,208,51,2,0,51,2,0,0,0,0,2,0,0
fortio__fortio,syft,48,0,26,28,20,0,31,17,0,48,0,26,28,20,0,31,17,0,3,0,0,0,17,0
fortio__fortio,trivy,31,0,43,28,3,0,31,0,0,31,0,43,28,3,0,31,0,0,3,0,0,0,0,0
fortio__fortio,cdxgen,28,0,46,28,0,0,28,0,3,28,0,46,28,0,0,28,0,3,0,0,0,0,0,0
fortio__fortio,cyclonedx-gomod,28,0,46,28,0,0,28,0,3,28,0,46,28,0,0,28,0,3,0,0,0,0,0,0
luraproject__lura,syft,44,0,17,26,18,0,26,18,0,44,0,17,26,18,0,26,18,0,0,0,0,11,7,0
luraproject__lura,trivy,37,0,24,26,11,0,26,11,0,37,0,24,26,11,0,26,11,0,0,0,0,11,0,0
luraproject__lura,cdxgen,26,0,35,26,0,0,26,0,0,26,0,35,26,0,0,26,0,0,0,0,0,0,0,0
luraproject__lura,cyclonedx-gomod,37,0,24,26,11,0,26,11,0,37,0,24,26,11,0,26,11,0,0,0,0,11,0,0
antst__go-apispec,syft,13,122,3,4,131,0,9,126,0,11,142,5,4,149,0,9,144,0,5,0,0,1,1,124
antst__go-apispec,trivy,12,121,4,4,129,0,9,124,0,10,135,6,4,141,0,9,136,0,5,0,0,1,0,123
antst__go-apispec,cdxgen,6,36,10,4,38,0,4,38,5,4,50,12,4,50,0,4,50,5,0,0,0,0,0,38
antst__go-apispec,cyclonedx-gomod,4,0,12,4,0,0,4,0,5,4,0,12,4,0,0,4,0,5,0,0,0,0,0,0
C2FO__vfs,syft,131,9,137,87,53,0,94,46,0,131,13,137,87,57,0,94,50,0,7,0,0,2,33,11
C2FO__vfs,trivy,97,6,171,87,16,0,94,9,0,97,6,171,87,16,0,94,9,0,7,0,0,2,0,7
C2FO__vfs,cdxgen,90,3,178,87,6,0,89,4,5,90,3,178,87,6,0,89,4,5,2,0,0,0,0,4
C2FO__vfs,cyclonedx-gomod,87,0,181,86,1,1,86,1,8,87,0,181,86,1,1,86,1,8,0,0,0,1,0,0
GiGurra__boa,syft,3,0,4,2,1,0,2,1,0,3,0,4,2,1,0,2,1,0,0,1,0,0,0,0
GiGurra__boa,trivy,3,0,4,2,1,0,2,1,0,3,0,4,2,1,0,2,1,0,0,1,0,0,0,0
GiGurra__boa,cdxgen,2,0,5,2,0,0,2,0,0,2,0,5,2,0,0,2,0,0,0,0,0,0,0,0
GiGurra__boa,cyclonedx-gomod,3,0,4,2,1,0,2,1,0,3,0,4,2,1,0,2,1,0,0,1,0,0,0,0
extism__go-sdk,syft,13,17,21,7,23,0,11,19,0,13,21,21,7,27,0,11,23,0,4,0,0,0,2,17
extism__go-sdk,trivy,11,18,23,7,22,0,11,18,0,11,22,23,7,26,0,11,22,0,4,0,0,0,0,18
extism__go-sdk,cdxgen,7,1,27,7,1,0,7,1,4,7,5,27,7,5,0,7,5,4,0,0,0,0,0,1
extism__go-sdk,cyclonedx-gomod,7,0,27,7,0,0,7,0,4,7,0,27,7,0,0,7,0,4,0,0,0,0,0,0
caddyserver__certmagic,syft,27,0,5,13,14,0,13,14,0,27,0,5,13,14,0,13,14,0,0,0,0,3,11,0
caddyserver__certmagic,trivy,16,0,16,13,3,0,13,3,0,16,0,16,13,3,0,13,3,0,0,0,0,3,0,0
caddyserver__certmagic,cdxgen,13,0,19,13,0,0,13,0,0,13,0,19,13,0,0,13,0,0,0,0,0,0,0,0
caddyserver__certmagic,cyclonedx-gomod,16,0,16,13,3,0,13,3,0,16,0,16,13,3,0,13,3,0,0,0,0,3,0,0
mjl-__mox,syft,33,0,34,23,10,0,23,10,0,33,0,34,23,10,0,23,10,0,0,0,1,4,5,0
mjl-__mox,trivy,28,0,39,23,5,0,23,5,0,28,0,39,23,5,0,23,5,0,0,0,1,4,0,0
mjl-__mox,cdxgen,28,0,39,23,5,0,23,5,0,28,0,39,23,5,0,23,5,0,0,0,1,4,0,0
mjl-__mox,cyclonedx-gomod,28,0,39,23,5,0,23,5,0,28,0,39,23,5,0,23,5,0,0,0,1,4,0,0
koltyakov__gosip,syft,24,0,9,17,7,0,17,7,0,24,0,9,17,7,0,17,7,0,0,1,0,1,5,0
koltyakov__gosip,trivy,19,0,14,17,2,0,17,2,0,19,0,14,17,2,0,17,2,0,0,1,0,1,0,0
koltyakov__gosip,cdxgen,17,0,16,17,0,0,17,0,0,17,0,16,17,0,0,17,0,0,0,0,0,0,0,0
koltyakov__gosip,cyclonedx-gomod,19,0,14,17,2,0,17,2,0,19,0,14,17,2,0,17,2,0,0,1,0,1,0,0
agilira__orpheus,syft,5,19,0,5,19,0,5,19,0,5,21,0,5,21,0,5,21,0,0,0,0,0,0,19
agilira__orpheus,trivy,5,20,0,5,20,0,5,20,0,5,21,0,5,21,0,5,21,0,0,0,0,0,0,20
agilira__orpheus,cdxgen,5,0,0,5,0,0,5,0,0,5,0,0,5,0,0,5,0,0,0,0,0,0,0,0
agilira__orpheus,cyclonedx-gomod,5,0,0,5,0,0,5,0,0,5,0,0,5,0,0,5,0,0,0,0,0,0,0,0
francesconi__go-rampart,syft,1,0,5,1,0,0,1,0,0,1,0,5,1,0,0,1,0,0,0,0,0,0,0,0
francesconi__go-rampart,trivy,1,0,5,1,0,0,1,0,0,1,0,5,1,0,0,1,0,0,0,0,0,0,0,0
francesconi__go-rampart,cdxgen,1,0,5,1,0,0,1,0,0,1,0,5,1,0,0,1,0,0,0,0,0,0,0,0
francesconi__go-rampart,cyclonedx-gomod,1,0,5,1,0,0,1,0,0,1,0,5,1,0,0,1,0,0,0,0,0,0,0,0
z5labs__bedrock,syft,58,0,27,37,21,0,41,17,0,58,0,27,37,21,0,41,17,0,4,0,0,0,17,0
z5labs__bedrock,trivy,41,0,44,37,4,0,41,0,0,41,0,44,37,4,0,41,0,0,4,0,0,0,0,0
z5labs__bedrock,cdxgen,37,0,48,37,0,0,37,0,4,37,0,48,37,0,0,37,0,4,0,0,0,0,0,0
z5labs__bedrock,cyclonedx-gomod,37,0,48,37,0,0,37,0,4,37,0,48,37,0,0,37,0,4,0,0,0,0,0,0
yeqown__go-qrcode,syft,28,0,6,2,26,0,6,22,0,28,7,6,2,33,0,6,29,0,4,0,0,0,1,21
yeqown__go-qrcode,trivy,27,0,7,2,25,0,6,21,0,27,7,7,2,32,0,6,28,0,4,0,0,0,0,21
yeqown__go-qrcode,cdxgen,14,0,20,2,12,0,2,12,4,14,0,20,2,12,0,2,12,4,0,0,0,0,0,12
yeqown__go-qrcode,cyclonedx-gomod,22,0,12,2,20,0,2,20,4,22,0,12,2,20,0,2,20,4,0,0,0,0,0,20
qiniu__goc,syft,62,8,430,42,28,0,47,23,0,62,8,430,42,28,0,47,23,0,5,0,0,2,13,8
qiniu__goc,trivy,492,8,0,42,458,0,47,453,0,492,8,0,42,458,0,47,453,0,5,2,0,2,441,8
qiniu__goc,cdxgen,45,8,447,42,11,0,43,10,4,45,8,447,42,11,0,43,10,4,1,0,0,2,0,8
qiniu__goc,cyclonedx-gomod,47,0,445,41,6,1,41,6,6,47,0,445,41,6,1,41,6,6,0,2,0,1,3,0
gaia-pipeline__gaia,syft,104,0,284,75,29,0,79,25,0,103,1,285,74,30,1,78,26,1,4,1,0,7,17,0
gaia-pipeline__gaia,trivy,87,0,301,75,12,0,79,8,0,86,1,302,74,13,1,78,9,1,4,1,0,7,0,0
gaia-pipeline__gaia,cdxgen,75,0,313,75,0,0,75,0,4,75,0,313,75,0,0,75,0,4,0,0,0,0,0,0
gaia-pipeline__gaia,cyclonedx-gomod,76,0,312,74,2,1,74,2,5,75,1,313,73,3,2,73,3,6,0,1,0,1,0,0
mvmaasakkers__certificates,syft,19,0,25,13,6,0,13,6,0,19,0,25,13,6,0,13,6,0,0,0,0,0,6,0
mvmaasakkers__certificates,trivy,13,0,31,13,0,0,13,0,0,13,0,31,13,0,0,13,0,0,0,0,0,0,0,0
mvmaasakkers__certificates,cdxgen,13,0,31,13,0,0,13,0,0,13,0,31,13,0,0,13,0,0,0,0,0,0,0,0
mvmaasakkers__certificates,cyclonedx-gomod,13,0,31,13,0,0,13,0,0,13,0,31,13,0,0,13,0,0,0,0,0,0,0,0
failsafe-go__failsafe-go,syft,19,0,24,12,7,0,12,7,0,19,0,24,12,7,0,12,7,0,0,0,0,3,4,0
failsafe-go__failsafe-go,trivy,15,0,28,12,3,0,12,3,0,15,0,28,12,3,0,12,3,0,0,0,0,3,0,0
failsafe-go__failsafe-go,cdxgen,12,0,31,12,0,0,12,0,0,12,0,31,12,0,0,12,0,0,0,0,0,0,0,0
failsafe-go__failsafe-go,cyclonedx-gomod,12,0,31,12,0,0,12,0,0,12,0,31,12,0,0,12,0,0,0,0,0,0,0,0
moshebe__gebug,syft,63,0,17,38,25,0,38,25,0,63,0,17,38,25,0,38,25,0,0,1,0,11,13,0
moshebe__gebug,trivy,50,0,30,38,12,0,38,12,0,50,0,30,38,12,0,38,12,0,0,1,0,11,0,0
moshebe__gebug,cdxgen,38,0,42,38,0,0,38,0,0,38,0,42,38,0,0,38,0,0,0,0,0,0,0,0
moshebe__gebug,cyclonedx-gomod,50,0,30,38,12,0,38,12,0,50,0,30,38,12,0,38,12,0,0,1,0,11,0,0
beatlabs__harvester,syft,46,0,66,20,26,0,24,22,0,46,0,66,20,26,0,24,22,0,4,0,0,3,19,0
beatlabs__harvester,trivy,27,0,85,20,7,0,24,3,0,27,0,85,20,7,0,24,3,0,4,0,0,3,0,0
beatlabs__harvester,cdxgen,27,0,85,20,7,0,24,3,0,27,0,85,20,7,0,24,3,0,4,0,0,3,0,0
beatlabs__harvester,cyclonedx-gomod,21,0,91,20,1,0,20,1,4,21,0,91,20,1,0,20,1,4,0,0,0,1,0,0
Shopify__sarama,syft,25,23,12,14,34,0,18,30,0,25,23,12,14,34,0,18,30,0,4,0,1,2,4,23
Shopify__sarama,trivy,22,22,15,14,30,0,18,26,0,22,22,15,14,30,0,18,26,0,4,0,1,2,1,22
Shopify__sarama,cdxgen,15,13,22,14,14,0,14,14,4,15,13,22,14,14,0,14,14,4,0,0,0,0,1,13
Shopify__sarama,cyclonedx-gomod,14,0,23,14,0,0,14,0,4,14,0,23,14,0,0,14,0,4,0,0,0,0,0,0
Vertamedia__chproxy,syft,36,0,24,20,16,0,28,8,0,36,0,24,20,16,0,28,8,0,8,0,0,1,7,0
Vertamedia__chproxy,trivy,29,0,31,20,9,0,28,1,0,29,0,31,20,9,0,28,1,0,8,0,0,1,0,0
Vertamedia__chproxy,cdxgen,20,0,40,20,0,0,20,0,8,20,0,40,20,0,0,20,0,8,0,0,0,0,0,0
Vertamedia__chproxy,cyclonedx-gomod,20,0,40,20,0,0,20,0,8,20,0,40,20,0,0,20,0,8,0,0,0,0,0,0
pterm__pterm,syft,19,0,10,10,9,0,14,5,0,19,0,10,10,9,0,14,5,0,4,0,0,0,5,0
pterm__pterm,trivy,14,0,15,10,4,0,14,0,0,14,0,15,10,4,0,14,0,0,4,0,0,0,0,0
pterm__pterm,cdxgen,10,0,19,10,0,0,10,0,4,10,0,19,10,0,0,10,0,4,0,0,0,0,0,0
pterm__pterm,cyclonedx-gomod,10,0,19,10,0,0,10,0,4,10,0,19,10,0,0,10,0,4,0,0,0,0,0,0
tealeg__xlsx,syft,13,0,6,10,3,0,11,2,0,13,0,6,10,3,0,11,2,0,1,0,1,1,0,0
tealeg__xlsx,trivy,13,0,6,10,3,0,11,2,0,13,0,6,10,3,0,11,2,0,1,0,1,1,0,0
tealeg__xlsx,cdxgen,10,0,9,10,0,0,10,0,1,10,0,9,10,0,0,10,0,1,0,0,0,0,0,0
tealeg__xlsx,cyclonedx-gomod,10,0,9,10,0,0,10,0,1,10,0,9,10,0,0,10,0,1,0,0,0,0,0,0
go-sonic__sonic,syft,140,0,71,97,43,0,97,43,0,140,0,71,97,43,0,97,43,0,0,1,0,14,28,0
go-sonic__sonic,trivy,112,0,99,97,15,0,97,15,0,112,0,99,97,15,0,97,15,0,0,1,0,14,0,0
go-sonic__sonic,cdxgen,97,0,114,97,0,0,97,0,0,97,0,114,97,0,0,97,0,0,0,0,0,0,0,0
go-sonic__sonic,cyclonedx-gomod,109,0,102,97,12,0,97,12,0,109,0,102,97,12,0,97,12,0,0,1,0,11,0,0
go-rel__rel,syft,17,0,11,2,15,0,7,10,0,17,0,11,2,15,0,7,10,0,5,0,0,2,8,0
go-rel__rel,trivy,9,0,19,2,7,0,7,2,0,9,0,19,2,7,0,7,2,0,5,0,0,2,0,0
go-rel__rel,cdxgen,2,0,26,2,0,0,2,0,5,2,0,26,2,0,0,2,0,5,0,0,0,0,0,0
go-rel__rel,cyclonedx-gomod,2,0,26,2,0,0,2,0,5,2,0,26,2,0,0,2,0,5,0,0,0,0,0,0
SimonBaeumer__commander,syft,42,0,16,28,14,0,30,12,0,42,0,16,28,14,0,30,12,0,2,2,0,7,3,0
SimonBaeumer__commander,trivy,39,0,19,28,11,0,30,9,0,39,0,19,28,11,0,30,9,0,2,2,0,7,0,0
SimonBaeumer__commander,cdxgen,39,0,19,28,11,0,30,9,0,39,0,19,28,11,0,30,9,0,2,2,0,7,0,0
SimonBaeumer__commander,cyclonedx-gomod,29,0,29,25,4,3,25,4,5,29,0,29,25,4,3,25,4,5,0,2,0,2,0,0
savsgio__atreugo,syft,10,0,4,7,3,0,8,2,0,10,0,4,7,3,0,8,2,0,1,1,0,0,1,0
savsgio__atreugo,trivy,9,0,5,7,2,0,8,1,0,9,0,5,7,2,0,8,1,0,1,1,0,0,0,0
savsgio__atreugo,cdxgen,7,0,7,7,0,0,7,0,1,7,0,7,7,0,0,7,0,1,0,0,0,0,0,0
savsgio__atreugo,cyclonedx-gomod,8,0,6,7,1,0,7,1,1,8,0,6,7,1,0,7,1,1,0,1,0,0,0,0
tidwall__gjson,syft,2,0,0,2,0,0,2,0,0,2,0,0,2,0,0,2,0,0,0,0,0,0,0,0
tidwall__gjson,trivy,2,0,0,2,0,0,2,0,0,2,0,0,2,0,0,2,0,0,0,0,0,0,0,0
tidwall__gjson,cdxgen,2,0,0,2,0,0,2,0,0,2,0,0,2,0,0,2,0,0,0,0,0,0,0,0
tidwall__gjson,cyclonedx-gomod,2,0,0,2,0,0,2,0,0,2,0,0,2,0,0,2,0,0,0,0,0,0,0,0
lucas-clemente__quic-go,syft,20,2,8,7,15,0,12,10,0,20,2,8,7,15,0,12,10,0,5,0,0,6,2,2
lucas-clemente__quic-go,trivy,19,2,9,7,14,0,12,9,0,19,2,9,7,14,0,12,9,0,5,0,0,6,1,2
lucas-clemente__quic-go,cdxgen,7,0,21,7,0,0,7,0,5,7,0,21,7,0,0,7,0,5,0,0,0,0,0,0
lucas-clemente__quic-go,cyclonedx-gomod,10,0,18,7,3,0,7,3,5,10,0,18,7,3,0,7,3,5,0,0,0,3,0,0
shopify__toxiproxy,syft,33,0,19,21,12,0,21,12,0,33,0,19,21,12,0,21,12,0,0,0,0,1,11,0
shopify__toxiproxy,trivy,22,0,30,21,1,0,21,1,0,22,0,30,21,1,0,21,1,0,0,0,0,1,0,0
shopify__toxiproxy,cdxgen,21,0,31,21,0,0,21,0,0,21,0,31,21,0,0,21,0,0,0,0,0,0,0,0
shopify__toxiproxy,cyclonedx-gomod,21,0,31,21,0,0,21,0,0,21,0,31,21,0,0,21,0,0,0,0,0,0,0,0
pariz__gountries,syft,5,0,1,1,4,0,4,1,0,5,0,1,1,4,0,4,1,0,3,0,0,0,1,0
pariz__gountries,trivy,4,0,2,1,3,0,4,0,0,4,0,2,1,3,0,4,0,0,3,0,0,0,0,0
pariz__gountries,cdxgen,1,0,5,1,0,0,1,0,3,1,0,5,1,0,0,1,0,3,0,0,0,0,0,0
pariz__gountries,cyclonedx-gomod,1,0,5,1,0,0,1,0,3,1,0,5,1,0,0,1,0,3,0,0,0,0,0,0
mosajjal__dnsmonster,syft,110,5,166,79,36,0,79,36,0,110,8,166,79,39,0,79,39,0,0,1,1,4,25,5
mosajjal__dnsmonster,trivy,85,6,191,79,12,0,79,12,0,85,9,191,79,15,0,79,15,0,0,1,1,4,0,6
mosajjal__dnsmonster,cdxgen,79,4,197,79,4,0,79,4,0,79,4,197,79,4,0,79,4,0,0,0,0,0,0,4
mosajjal__dnsmonster,cyclonedx-gomod,83,0,193,79,4,0,79,4,0,83,0,193,79,4,0,79,4,0,0,1,1,2,0,0
oluwajubelo1__otellix,syft,94,0,209,64,30,0,64,30,0,94,10,209,64,40,0,64,40,0,0,0,1,13,16,0
oluwajubelo1__otellix,trivy,78,0,225,64,14,0,64,14,0,78,0,225,64,14,0,64,14,0,0,0,1,13,0,0
oluwajubelo1__otellix,cdxgen,64,0,239,64,0,0,64,0,0,64,0,239,64,0,0,64,0,0,0,0,0,0,0,0
oluwajubelo1__otellix,cyclonedx-gomod,75,0,228,64,11,0,64,11,0,75,0,228,64,11,0,64,11,0,0,0,0,11,0,0
madflojo__tasks,syft,1,0,0,1,0,0,1,0,0,1,0,0,1,0,0,1,0,0,0,0,0,0,0,0
madflojo__tasks,trivy,1,0,0,1,0,0,1,0,0,1,0,0,1,0,0,1,0,0,0,0,0,0,0,0
madflojo__tasks,cdxgen,1,0,0,1,0,0,1,0,0,1,0,0,1,0,0,1,0,0,0,0,0,0,0,0
madflojo__tasks,cyclonedx-gomod,1,0,0,1,0,0,1,0,0,1,0,0,1,0,0,1,0,0,0,0,0,0,0,0
upper__db,syft,56,0,50,45,11,0,47,9,0,56,0,50,45,11,0,47,9,0,2,0,0,3,6,0
upper__db,trivy,50,0,56,45,5,0,47,3,0,50,0,56,45,5,0,47,3,0,2,0,0,3,0,0
upper__db,cdxgen,45,0,61,45,0,0,45,0,2,45,0,61,45,0,0,45,0,2,0,0,0,0,0,0
upper__db,cyclonedx-gomod,44,0,62,44,0,1,44,0,3,44,0,62,44,0,1,44,0,3,0,0,0,0,0,0
rinchsan__device-check-go,syft,5,0,1,2,3,0,2,3,0,5,0,1,2,3,0,2,3,0,0,0,0,0,3,0
rinchsan__device-check-go,trivy,6,0,0,2,4,0,2,4,0,6,0,0,2,4,0,2,4,0,0,0,0,0,4,0
rinchsan__device-check-go,cdxgen,2,0,4,2,0,0,2,0,0,2,0,4,2,0,0,2,0,0,0,0,0,0,0,0
rinchsan__device-check-go,cyclonedx-gomod,2,0,4,2,0,0,2,0,0,2,0,4,2,0,0,2,0,0,0,0,0,0,0,0
pantrif__s2-geojson,syft,24,0,2,13,11,0,16,8,0,24,22,2,13,33,0,16,30,0,3,0,0,3,5,0
pantrif__s2-geojson,trivy,26,0,0,13,13,0,16,10,0,26,23,0,13,36,0,16,33,0,3,0,0,3,7,0
pantrif__s2-geojson,cdxgen,19,0,7,13,6,0,16,3,0,19,0,7,13,6,0,16,3,0,3,0,0,3,0,0
pantrif__s2-geojson,cyclonedx-gomod,16,0,10,13,3,0,13,3,3,16,0,10,13,3,0,13,3,3,0,0,0,3,0,0
anthonynsimon__bild,syft,5,0,5,4,1,0,4,1,0,5,0,5,4,1,0,4,1,0,0,1,0,0,0,0
anthonynsimon__bild,trivy,5,0,5,4,1,0,4,1,0,5,0,5,4,1,0,4,1,0,0,1,0,0,0,0
anthonynsimon__bild,cdxgen,4,0,6,4,0,0,4,0,0,4,0,6,4,0,0,4,0,0,0,0,0,0,0,0
anthonynsimon__bild,cyclonedx-gomod,5,0,5,4,1,0,4,1,0,5,0,5,4,1,0,4,1,0,0,1,0,0,0,0
dotchain__dot,syft,16,1,293,6,11,0,9,8,1,16,1,293,6,11,0,9,8,1,3,0,0,1,2,5
dotchain__dot,trivy,308,1,1,6,303,0,9,300,1,308,1,1,6,303,0,9,300,1,3,0,0,1,5,294
dotchain__dot,cdxgen,6,0,303,6,0,0,6,0,4,6,0,303,6,0,0,6,0,4,0,0,0,0,0,0
dotchain__dot,cyclonedx-gomod,NA
golang__groupcache,syft,3,0,1,2,1,0,2,1,0,3,0,1,2,1,0,2,1,0,0,0,0,0,1,0
golang__groupcache,trivy,2,0,2,2,0,0,2,0,0,2,0,2,2,0,0,2,0,0,0,0,0,0,0,0
golang__groupcache,cdxgen,2,0,2,2,0,0,2,0,0,2,0,2,2,0,0,2,0,0,0,0,0,0,0,0
golang__groupcache,cyclonedx-gomod,2,0,2,2,0,0,2,0,0,2,0,2,2,0,0,2,0,0,0,0,0,0,0,0
chrislusf__seaweedfs,syft,562,11,601,318,255,0,322,251,0,560,117,603,318,359,0,322,355,0,4,2,13,149,74,13
chrislusf__seaweedfs,trivy,NA
chrislusf__seaweedfs,cdxgen,NA
chrislusf__seaweedfs,cyclonedx-gomod,469,0,694,315,154,3,315,154,7,469,0,694,315,154,3,315,154,7,0,2,13,139,0,0
wzshiming__ctc,syft,2,0,0,1,1,0,1,1,0,2,0,0,1,1,0,1,1,0,0,1,0,0,0,0
wzshiming__ctc,trivy,2,0,0,1,1,0,1,1,0,2,0,0,1,1,0,1,1,0,0,1,0,0,0,0
wzshiming__ctc,cdxgen,1,0,1,1,0,0,1,0,0,1,0,1,1,0,0,1,0,0,0,0,0,0,0,0
wzshiming__ctc,cyclonedx-gomod,2,0,0,1,1,0,1,1,0,2,0,0,1,1,0,1,1,0,0,1,0,0,0,0
udhos__jazigo,syft,17,0,7,8,9,0,8,9,0,17,0,7,8,9,0,8,9,0,0,0,0,2,7,0
udhos__jazigo,trivy,10,0,14,8,2,0,8,2,0,10,0,14,8,2,0,8,2,0,0,0,0,2,0,0
udhos__jazigo,cdxgen,8,0,16,8,0,0,8,0,0,8,0,16,8,0,0,8,0,0,0,0,0,0,0,0
udhos__jazigo,cyclonedx-gomod,9,0,15,8,1,0,8,1,0,9,0,15,8,1,0,8,1,0,0,0,0,1,0,0
s0rg__decompose,syft,57,0,12,26,31,0,26,31,0,57,0,12,26,31,0,26,31,0,0,1,0,8,22,0
s0rg__decompose,trivy,35,0,34,26,9,0,26,9,0,35,0,34,26,9,0,26,9,0,0,1,0,8,0,0
s0rg__decompose,cdxgen,26,0,43,26,0,0,26,0,0,26,0,43,26,0,0,26,0,0,0,0,0,0,0,0
s0rg__decompose,cyclonedx-gomod,27,0,42,26,1,0,26,1,0,27,0,42,26,1,0,26,1,0,0,1,0,0,0,0
nats-io__nats.go,syft,13,0,11,6,7,0,12,1,0,13,0,11,6,7,0,12,1,0,6,0,0,0,0,1
nats-io__nats.go,trivy,12,0,12,6,6,0,12,0,0,12,0,12,6,6,0,12,0,0,6,0,0,0,0,0
nats-io__nats.go,cdxgen,6,0,18,6,0,0,6,0,6,6,0,18,6,0,0,6,0,6,0,0,0,0,0,0
nats-io__nats.go,cyclonedx-gomod,5,0,19,5,0,1,5,0,7,5,0,19,5,0,1,5,0,7,0,0,0,0,0,0
go-playground__log,syft,4,0,4,4,0,0,4,0,0,4,0,4,4,0,0,4,0,0,0,0,0,0,0,0
go-playground__log,trivy,4,0,4,4,0,0,4,0,0,4,0,4,4,0,0,4,0,0,0,0,0,0,0,0
go-playground__log,cdxgen,4,0,4,4,0,0,4,0,0,4,0,4,4,0,0,4,0,0,0,0,0,0,0,0
go-playground__log,cyclonedx-gomod,4,0,4,4,0,0,4,0,0,4,0,4,4,0,0,4,0,0,0,0,0,0,0,0
o1egl__govatar,syft,9,0,3,4,5,0,8,1,0,9,0,3,4,5,0,8,1,0,4,0,0,0,1,0
o1egl__govatar,trivy,12,1,0,4,9,0,8,5,0,12,1,0,4,9,0,8,5,0,4,0,0,0,5,0
o1egl__govatar,cdxgen,4,0,8,4,0,0,4,0,4,4,0,8,4,0,0,4,0,4,0,0,0,0,0,0
o1egl__govatar,cyclonedx-gomod,4,0,8,4,0,0,4,0,4,4,0,8,4,0,0,4,0,4,0,0,0,0,0,0
slack-io__slacker,syft,11,0,1,5,6,0,5,6,0,11,0,1,5,6,0,5,6,0,0,0,0,0,6,0
slack-io__slacker,trivy,5,0,7,5,0,0,5,0,0,5,0,7,5,0,0,5,0,0,0,0,0,0,0,0
slack-io__slacker,cdxgen,5,0,7,5,0,0,5,0,0,5,0,7,5,0,0,5,0,0,0,0,0,0,0,0
slack-io__slacker,cyclonedx-gomod,5,0,7,5,0,0,5,0,0,5,0,7,5,0,0,5,0,0,0,0,0,0,0,0
uber-go__mock,syft,10,5,4,4,11,0,8,7,0,10,5,4,4,11,0,8,7,0,4,0,0,0,2,5
uber-go__mock,trivy,8,5,6,4,9,0,8,5,0,8,5,6,4,9,0,8,5,0,4,0,0,0,0,5
uber-go__mock,cdxgen,4,1,10,4,1,0,4,1,4,4,1,10,4,1,0,4,1,4,0,0,0,0,0,1
uber-go__mock,cyclonedx-gomod,4,0,10,4,0,0,4,0,4,4,0,10,4,0,0,4,0,4,0,0,0,0,0,0
miniscruff__changie,syft,54,0,8,43,11,0,43,11,0,54,0,8,43,11,0,43,11,0,0,2,0,1,8,0
miniscruff__changie,trivy,46,0,16,43,3,0,43,3,0,46,0,16,43,3,0,43,3,0,0,2,0,1,0,0
miniscruff__changie,cdxgen,43,0,19,43,0,0,43,0,0,43,0,19,43,0,0,43,0,0,0,0,0,0,0,0
miniscruff__changie,cyclonedx-gomod,45,0,17,43,2,0,43,2,0,45,0,17,43,2,0,43,2,0,0,2,0,0,0,0
asticode__go-astitodo,syft,6,0,1,1,5,0,5,1,0,6,0,1,1,5,0,5,1,0,4,0,0,0,1,0
asticode__go-astitodo,trivy,5,0,2,1,4,0,5,0,0,5,0,2,1,4,0,5,0,0,4,0,0,0,0,0
asticode__go-astitodo,cdxgen,1,0,6,1,0,0,1,0,4,1,0,6,1,0,0,1,0,4,0,0,0,0,0,0
asticode__go-astitodo,cyclonedx-gomod,1,0,6,1,0,0,1,0,4,1,0,6,1,0,0,1,0,4,0,0,0,0,0,0
gogpu__systray,syft,3,0,0,1,2,0,1,2,0,3,0,0,1,2,0,1,2,0,0,1,1,0,0,0
gogpu__systray,trivy,3,0,0,1,2,0,1,2,0,3,0,0,1,2,0,1,2,0,0,1,1,0,0,0
gogpu__systray,cdxgen,1,0,2,1,0,0,1,0,0,1,0,2,1,0,0,1,0,0,0,0,0,0,0,0
gogpu__systray,cyclonedx-gomod,3,0,0,1,2,0,1,2,0,3,0,0,1,2,0,1,2,0,0,1,1,0,0,0
redis__go-redis,syft,11,71,0,4,78,0,6,76,0,11,81,0,4,88,0,6,86,0,2,0,0,1,4,71
redis__go-redis,trivy,8,64,3,4,68,0,6,66,0,8,68,3,4,72,0,6,70,0,2,0,0,1,1,64
redis__go-redis,cdxgen,6,45,5,4,47,0,4,47,2,6,48,5,4,50,0,4,50,2,0,0,0,1,1,45
redis__go-redis,cyclonedx-gomod,5,0,6,4,1,0,4,1,2,5,0,6,4,1,0,4,1,2,0,0,0,1,0,0
PaddleHQ__go-aws-ssm,syft,7,0,4,3,4,0,3,4,0,7,0,4,3,4,0,3,4,0,0,0,0,1,3,0
PaddleHQ__go-aws-ssm,trivy,4,0,7,3,1,0,3,1,0,4,0,7,3,1,0,3,1,0,0,0,0,1,0,0
PaddleHQ__go-aws-ssm,cdxgen,3,0,8,3,0,0,3,0,0,3,0,8,3,0,0,3,0,0,0,0,0,0,0,0
PaddleHQ__go-aws-ssm,cyclonedx-gomod,3,0,8,3,0,0,3,0,0,3,0,8,3,0,0,3,0,0,0,0,0,0,0,0
omeid__uconfig,syft,3,0,3,2,1,0,3,0,0,3,0,3,2,1,0,3,0,0,1,0,0,0,0,0
omeid__uconfig,trivy,3,0,3,2,1,0,3,0,0,3,0,3,2,1,0,3,0,0,1,0,0,0,0,0
omeid__uconfig,cdxgen,2,0,4,2,0,0,2,0,1,2,0,4,2,0,0,2,0,1,0,0,0,0,0,0
omeid__uconfig,cyclonedx-gomod,2,0,4,2,0,0,2,0,1,2,0,4,2,0,0,2,0,1,0,0,0,0,0,0
arxdsilva__golang-ifood-sdk,syft,17,0,1,8,9,0,9,8,0,17,0,1,8,9,0,9,8,0,1,0,0,2,6,0
arxdsilva__golang-ifood-sdk,trivy,11,0,7,8,3,0,9,2,0,11,0,7,8,3,0,9,2,0,1,0,0,2,0,0
arxdsilva__golang-ifood-sdk,cdxgen,8,0,10,8,0,0,8,0,1,8,0,10,8,0,0,8,0,1,0,0,0,0,0,0
arxdsilva__golang-ifood-sdk,cyclonedx-gomod,7,0,11,7,0,1,7,0,2,7,0,11,7,0,1,7,0,2,0,0,0,0,0,0
getfider__fider,syft,247,0,118,40,207,0,40,207,0,247,0,118,40,207,0,40,207,0,0,0,3,197,7,0
getfider__fider,trivy,240,0,125,40,200,0,40,200,0,240,0,125,40,200,0,40,200,0,0,0,3,197,0,0
getfider__fider,cdxgen,40,0,325,40,0,0,40,0,0,40,0,325,40,0,0,40,0,0,0,0,0,0,0,0
getfider__fider,cyclonedx-gomod,240,0,125,40,200,0,40,200,0,240,0,125,40,200,0,40,200,0,0,0,3,197,0,0
go-external-config__consul,syft,42,0,61,21,21,0,21,21,0,42,0,61,21,21,0,21,21,0,0,0,0,2,19,0
go-external-config__consul,trivy,23,0,80,21,2,0,21,2,0,23,0,80,21,2,0,21,2,0,0,0,0,2,0,0
go-external-config__consul,cdxgen,21,0,82,21,0,0,21,0,0,21,0,82,21,0,0,21,0,0,0,0,0,0,0,0
go-external-config__consul,cyclonedx-gomod,22,0,81,21,1,0,21,1,0,22,0,81,21,1,0,21,1,0,0,0,0,1,0,0
goxjs__gl,syft,2,0,8,1,1,0,2,0,0,2,0,8,1,1,0,2,0,0,1,0,0,0,0,0
goxjs__gl,trivy,2,0,8,1,1,0,2,0,0,2,0,8,1,1,0,2,0,0,1,0,0,0,0,0
goxjs__gl,cdxgen,1,0,9,1,0,0,1,0,1,1,0,9,1,0,0,1,0,1,0,0,0,0,0,0
goxjs__gl,cyclonedx-gomod,1,0,9,1,0,0,1,0,1,1,0,9,1,0,0,1,0,1,0,0,0,0,0,0
arch-go__arch-go,syft,42,0,60,26,16,0,27,15,0,42,0,60,26,16,0,27,15,0,1,1,0,8,6,0
arch-go__arch-go,trivy,36,0,66,26,10,0,27,9,0,36,0,66,26,10,0,27,9,0,1,1,0,8,0,0
arch-go__arch-go,cdxgen,26,0,76,26,0,0,26,0,1,26,0,76,26,0,0,26,0,1,0,0,0,0,0,0
arch-go__arch-go,cyclonedx-gomod,27,0,75,24,3,2,24,3,3,27,0,75,24,3,2,24,3,3,0,1,0,2,0,0
1set__starlet,syft,24,13,1,12,25,0,12,25,0,24,18,1,12,30,0,12,30,0,0,0,0,0,11,14
1set__starlet,trivy,13,13,12,12,14,0,12,14,0,13,16,12,12,17,0,12,17,0,0,0,0,0,0,14
1set__starlet,cdxgen,13,10,12,12,11,0,12,11,0,13,13,12,12,14,0,12,14,0,0,0,0,0,0,11
1set__starlet,cyclonedx-gomod,12,0,13,12,0,0,12,0,0,12,0,13,12,0,0,12,0,0,0,0,0,0,0,0
theckman__yacspin,syft,7,0,1,6,1,0,7,0,0,7,0,1,6,1,0,7,0,0,1,0,0,0,0,0
theckman__yacspin,trivy,7,0,1,6,1,0,7,0,0,7,0,1,6,1,0,7,0,0,1,0,0,0,0,0
theckman__yacspin,cdxgen,6,0,2,6,0,0,6,0,1,6,0,2,6,0,0,6,0,1,0,0,0,0,0,0
theckman__yacspin,cyclonedx-gomod,6,0,2,6,0,0,6,0,1,6,0,2,6,0,0,6,0,1,0,0,0,0,0,0
OTA-Insight__bqwriter,syft,54,0,148,35,19,0,35,19,0,54,0,148,35,19,0,35,19,0,0,0,0,8,7,4
OTA-Insight__bqwriter,trivy,43,0,159,35,8,0,35,8,0,43,0,159,35,8,0,35,8,0,0,0,0,8,0,0
OTA-Insight__bqwriter,cdxgen,35,0,167,35,0,0,35,0,0,35,0,167,35,0,0,35,0,0,0,0,0,0,0,0
OTA-Insight__bqwriter,cyclonedx-gomod,42,0,160,35,7,0,35,7,0,42,0,160,35,7,0,35,7,0,0,0,0,7,0,0
Balaji01-4D__pgxcli,syft,130,0,34,63,67,0,66,64,0,130,0,34,63,67,0,66,64,0,3,1,2,43,18,0
Balaji01-4D__pgxcli,trivy,112,0,52,63,49,0,66,46,0,112,0,52,63,49,0,66,46,0,3,1,2,43,0,0
Balaji01-4D__pgxcli,cdxgen,63,0,101,63,0,0,63,0,3,63,0,101,63,0,0,63,0,3,0,0,0,0,0,0
Balaji01-4D__pgxcli,cyclonedx-gomod,64,0,100,63,1,0,63,1,3,64,0,100,63,1,0,63,1,3,0,1,0,0,0,0
shirou__gopsutil,syft,14,0,2,3,11,0,7,7,0,14,0,2,3,11,0,7,7,0,4,2,4,0,1,0
shirou__gopsutil,trivy,13,0,3,3,10,0,7,6,0,13,0,3,3,10,0,7,6,0,4,2,4,0,0,0
shirou__gopsutil,cdxgen,3,0,13,3,0,0,3,0,4,3,0,13,3,0,0,3,0,4,0,0,0,0,0,0
shirou__gopsutil,cyclonedx-gomod,8,0,8,3,5,0,3,5,4,8,0,8,3,5,0,3,5,4,0,2,3,0,0,0
alesr__templator,syft,6,0,4,1,5,0,5,1,0,6,0,4,1,5,0,5,1,0,4,0,0,0,1,0
alesr__templator,trivy,5,0,5,1,4,0,5,0,0,5,0,5,1,4,0,5,0,0,4,0,0,0,0,0
alesr__templator,cdxgen,1,0,9,1,0,0,1,0,4,1,0,9,1,0,0,1,0,4,0,0,0,0,0,0
alesr__templator,cyclonedx-gomod,1,0,9,1,0,0,1,0,4,1,0,9,1,0,0,1,0,4,0,0,0,0,0,0
catchplay__scaffold,syft,7,0,1,2,5,0,6,1,0,7,0,1,2,5,0,6,1,0,4,0,0,0,0,1
catchplay__scaffold,trivy,6,0,2,2,4,0,6,0,0,6,0,2,2,4,0,6,0,0,4,0,0,0,0,0
catchplay__scaffold,cdxgen,2,0,6,2,0,0,2,0,4,2,0,6,2,0,0,2,0,4,0,0,0,0,0,0
catchplay__scaffold,cyclonedx-gomod,2,0,6,2,0,0,2,0,4,2,0,6,2,0,0,2,0,4,0,0,0,0,0,0
ferama__rospo,syft,34,0,10,22,12,0,22,12,0,34,0,10,22,12,0,22,12,0,0,2,0,6,4,0
ferama__rospo,trivy,30,0,14,22,8,0,22,8,0,30,0,14,22,8,0,22,8,0,0,2,0,6,0,0
ferama__rospo,cdxgen,22,0,22,22,0,0,22,0,0,22,0,22,22,0,0,22,0,0,0,0,0,0,0,0
ferama__rospo,cyclonedx-gomod,27,0,17,22,5,0,22,5,0,27,0,17,22,5,0,22,5,0,0,2,0,3,0,0
knights-analytics__hugot,syft,57,0,36,24,33,0,24,33,0,57,0,36,24,33,0,24,33,0,0,0,3,2,28,0
knights-analytics__hugot,trivy,29,0,64,24,5,0,24,5,0,29,0,64,24,5,0,24,5,0,0,0,3,2,0,0
knights-analytics__hugot,cdxgen,24,0,69,24,0,0,24,0,0,24,0,69,24,0,0,24,0,0,0,0,0,0,0,0
knights-analytics__hugot,cyclonedx-gomod,29,0,64,24,5,0,24,5,0,29,0,64,24,5,0,24,5,0,0,0,3,2,0,0
goioc__retro,syft,7,0,2,1,6,0,6,1,0,7,0,2,1,6,0,6,1,0,5,0,0,0,1,0
goioc__retro,trivy,6,0,3,1,5,0,6,0,0,6,0,3,1,5,0,6,0,0,5,0,0,0,0,0
goioc__retro,cdxgen,1,0,8,1,0,0,1,0,5,1,0,8,1,0,0,1,0,5,0,0,0,0,0,0
goioc__retro,cyclonedx-gomod,1,0,8,1,0,0,1,0,5,1,0,8,1,0,0,1,0,5,0,0,0,0,0,0
bleenco__abstruse,syft,153,0,400,111,42,0,111,42,0,153,0,400,111,42,0,111,42,0,0,5,1,7,29,0
bleenco__abstruse,trivy,124,0,429,111,13,0,111,13,0,124,0,429,111,13,0,111,13,0,0,5,1,7,0,0
bleenco__abstruse,cdxgen,124,0,429,111,13,0,111,13,0,124,0,429,111,13,0,111,13,0,0,5,1,7,0,0
bleenco__abstruse,cyclonedx-gomod,123,0,430,111,12,0,111,12,0,123,0,430,111,12,0,111,12,0,0,5,1,6,0,0
bokwoon95__go-structured-query,syft,12,0,96,9,3,0,12,0,0,12,0,96,9,3,0,12,0,0,3,0,0,0,0,0
bokwoon95__go-structured-query,trivy,108,0,0,9,99,0,12,96,0,108,0,0,9,99,0,12,96,0,3,1,0,0,95,0
bokwoon95__go-structured-query,cdxgen,9,0,99,9,0,0,9,0,3,9,0,99,9,0,0,9,0,3,0,0,0,0,0,0
bokwoon95__go-structured-query,cyclonedx-gomod,10,0,98,9,1,0,9,1,3,10,0,98,9,1,0,9,1,3,0,1,0,0,0,0
ncruces__zenity,syft,12,0,3,1,11,0,2,10,0,12,0,3,1,11,0,2,10,0,1,2,3,1,4,0
ncruces__zenity,trivy,8,0,7,1,7,0,2,6,0,8,0,7,1,7,0,2,6,0,1,2,3,1,0,0
ncruces__zenity,cdxgen,1,0,14,1,0,0,1,0,1,1,0,14,1,0,0,1,0,1,0,0,0,0,0,0
ncruces__zenity,cyclonedx-gomod,7,0,8,1,6,0,1,6,1,7,0,8,1,6,0,1,6,1,0,2,3,1,0,0
jmattheis__goverter,syft,10,3,12,4,9,0,8,5,0,10,4,12,4,10,0,8,6,0,4,0,0,0,2,3
jmattheis__goverter,trivy,9,5,13,4,10,0,8,6,0,8,6,14,4,10,0,8,6,0,4,0,0,0,1,5
jmattheis__goverter,cdxgen,4,2,18,4,2,0,4,2,4,4,2,18,4,2,0,4,2,4,0,0,0,0,0,2
jmattheis__goverter,cyclonedx-gomod,4,0,18,4,0,0,4,0,4,4,0,18,4,0,0,4,0,4,0,0,0,0,0,0
asdine__storm,syft,14,0,5,5,9,0,8,6,0,14,0,5,5,9,0,8,6,0,3,0,0,5,1,0
asdine__storm,trivy,19,0,0,5,14,0,8,11,0,19,0,0,5,14,0,8,11,0,3,0,0,5,6,0
asdine__storm,cdxgen,5,0,14,5,0,0,5,0,3,5,0,14,5,0,0,5,0,3,0,0,0,0,0,0
asdine__storm,cyclonedx-gomod,9,0,10,5,4,0,5,4,3,9,0,10,5,4,0,5,4,3,0,0,0,3,1,0
fogfish__dynamo,syft,34,0,2,29,5,0,30,4,0,34,0,2,29,5,0,30,4,0,1,0,0,0,4,0
fogfish__dynamo,trivy,30,0,6,29,1,0,30,0,0,30,0,6,29,1,0,30,0,0,1,0,0,0,0,0
fogfish__dynamo,cdxgen,29,0,7,29,0,0,29,0,1,29,0,7,29,0,0,29,0,1,0,0,0,0,0,0
fogfish__dynamo,cyclonedx-gomod,29,0,7,29,0,0,29,0,1,29,0,7,29,0,0,29,0,1,0,0,0,0,0,0
kak-tus__nan,syft,18,0,3,9,9,0,13,5,0,18,0,3,9,9,0,13,5,0,4,0,0,1,4,0
kak-tus__nan,trivy,21,0,0,9,12,0,13,8,0,21,0,0,9,12,0,13,8,0,4,0,0,1,7,0
kak-tus__nan,cdxgen,9,0,12,9,0,0,9,0,4,9,0,12,9,0,0,9,0,4,0,0,0,0,0,0
kak-tus__nan,cyclonedx-gomod,9,0,12,9,0,0,9,0,4,9,0,12,9,0,0,9,0,4,0,0,0,0,0,0
TheCreeper__go-notify,syft,1,0,0,1,0,0,1,0,0,1,0,0,1,0,0,1,0,0,0,0,0,0,0,0
TheCreeper__go-notify,trivy,1,0,0,1,0,0,1,0,0,1,0,0,1,0,0,1,0,0,0,0,0,0,0,0
TheCreeper__go-notify,cdxgen,1,0,0,1,0,0,1,0,0,1,0,0,1,0,0,1,0,0,0,0,0,0,0,0
TheCreeper__go-notify,cyclonedx-gomod,1,0,0,1,0,0,1,0,0,1,0,0,1,0,0,1,0,0,0,0,0,0,0,0
juicedata__juicefs,syft,378,11,335,295,94,10,307,82,10,378,11,335,295,94,10,307,82,10,12,3,4,12,62,1
juicedata__juicefs,trivy,NA
juicedata__juicefs,cdxgen,305,0,408,305,0,0,305,0,12,305,0,408,305,0,0,305,0,12,0,0,0,0,0,0
juicedata__juicefs,cyclonedx-gomod,311,10,402,293,28,12,293,28,24,311,10,402,293,28,12,293,28,24,0,3,4,11,10,0
dustinblackman__gomodrun,syft,35,412,8,6,441,0,15,432,0,23,431,20,6,448,0,15,439,0,9,0,1,2,16,413
dustinblackman__gomodrun,trivy,32,414,11,6,440,0,15,431,0,20,433,23,6,447,0,15,438,0,9,0,1,2,13,415
dustinblackman__gomodrun,cdxgen,32,413,11,6,439,0,15,430,0,20,432,23,6,446,0,15,437,0,9,0,1,2,13,414
dustinblackman__gomodrun,cyclonedx-gomod,7,0,36,6,1,0,6,1,9,7,0,36,6,1,0,6,1,9,0,0,1,0,0,0
mum4k__termdash,syft,11,0,9,11,0,0,11,0,0,11,8,9,11,8,0,11,8,0,0,0,0,0,0,0
mum4k__termdash,trivy,11,0,9,11,0,0,11,0,0,11,0,9,11,0,0,11,0,0,0,0,0,0,0,0
mum4k__termdash,cdxgen,11,0,9,11,0,0,11,0,0,11,0,9,11,0,0,11,0,0,0,0,0,0,0,0
mum4k__termdash,cyclonedx-gomod,11,0,9,11,0,0,11,0,0,11,0,9,11,0,0,11,0,0,0,0,0,0,0,0
coregx__gxpdf,syft,18,0,9,11,7,0,15,3,0,18,0,9,11,7,0,15,3,0,4,1,0,0,2,0
coregx__gxpdf,trivy,16,0,11,11,5,0,15,1,0,16,0,11,11,5,0,15,1,0,4,1,0,0,0,0
coregx__gxpdf,cdxgen,11,0,16,11,0,0,11,0,4,11,0,16,11,0,0,11,0,4,0,0,0,0,0,0
coregx__gxpdf,cyclonedx-gomod,12,0,15,11,1,0,11,1,4,12,0,15,11,1,0,11,1,4,0,1,0,0,0,0
fabiocicerchia__go-proxy-cache,syft,80,0,18,48,32,0,52,28,0,80,0,18,48,32,0,52,28,0,4,0,1,3,24,0
fabiocicerchia__go-proxy-cache,trivy,56,0,42,48,8,0,52,4,0,56,0,42,48,8,0,52,4,0,4,0,1,3,0,0
fabiocicerchia__go-proxy-cache,cdxgen,48,0,50,48,0,0,48,0,4,48,0,50,48,0,0,48,0,4,0,0,0,0,0,0
fabiocicerchia__go-proxy-cache,cyclonedx-gomod,50,0,48,47,3,1,47,3,5,50,0,48,47,3,1,47,3,5,0,0,0,3,0,0
sideshow__apns2,syft,12,0,6,7,5,0,11,1,0,12,0,6,7,5,0,11,1,0,4,0,0,0,1,0
sideshow__apns2,trivy,11,0,7,7,4,0,11,0,0,11,0,7,7,4,0,11,0,0,4,0,0,0,0,0
sideshow__apns2,cdxgen,11,0,7,7,4,0,11,0,0,11,0,7,7,4,0,11,0,0,4,0,0,0,0,0
sideshow__apns2,cyclonedx-gomod,7,0,11,7,0,0,7,0,4,7,0,11,7,0,0,7,0,4,0,0,0,0,0,0
goccmack__gocc,syft,1,0,1,1,0,0,1,0,0,1,0,1,1,0,0,1,0,0,0,0,0,0,0,0
goccmack__gocc,trivy,1,0,1,1,0,0,1,0,0,1,0,1,1,0,0,1,0,0,0,0,0,0,0,0
goccmack__gocc,cdxgen,1,0,1,1,0,0,1,0,0,1,0,1,1,0,0,1,0,0,0,0,0,0,0,0
goccmack__gocc,cyclonedx-gomod,1,0,1,1,0,0,1,0,0,1,0,1,1,0,0,1,0,0,0,0,0,0,0,0
appleboy__drone-scp,syft,21,0,5,15,6,0,19,2,0,21,0,5,15,6,0,19,2,0,4,0,0,0,2,0
appleboy__drone-scp,trivy,19,0,7,15,4,0,19,0,0,19,0,7,15,4,0,19,0,0,4,0,0,0,0,0
appleboy__drone-scp,cdxgen,15,0,11,15,0,0,15,0,4,15,0,11,15,0,0,15,0,4,0,0,0,0,0,0
appleboy__drone-scp,cyclonedx-gomod,15,0,11,15,0,0,15,0,4,15,0,11,15,0,0,15,0,4,0,0,0,0,0,0
viney-shih__go-lock,syft,6,0,1,1,5,0,5,1,0,6,0,1,1,5,0,5,1,0,4,0,0,0,1,0
viney-shih__go-lock,trivy,7,0,0,1,6,0,5,2,0,7,0,0,1,6,0,5,2,0,4,0,0,0,2,0
viney-shih__go-lock,cdxgen,1,0,6,1,0,0,1,0,4,1,0,6,1,0,0,1,0,4,0,0,0,0,0,0
viney-shih__go-lock,cyclonedx-gomod,1,0,6,1,0,0,1,0,4,1,0,6,1,0,0,1,0,4,0,0,0,0,0,0
twharmon__gosql,syft,3,0,0,1,2,0,3,0,0,3,0,0,1,2,0,3,0,0,2,0,0,0,0,0
twharmon__gosql,trivy,3,0,0,1,2,0,3,0,0,3,0,0,1,2,0,3,0,0,2,0,0,0,0,0
twharmon__gosql,cdxgen,1,0,2,1,0,0,1,0,2,1,0,2,1,0,0,1,0,2,0,0,0,0,0,0
twharmon__gosql,cyclonedx-gomod,1,0,2,1,0,0,1,0,2,1,0,2,1,0,0,1,0,2,0,0,0,0,0,0
containrrr__shoutrrr,syft,54,0,11,29,25,0,30,24,0,54,0,11,29,25,0,30,24,0,1,1,0,3,20,0
containrrr__shoutrrr,trivy,34,0,31,29,5,0,30,4,0,34,0,31,29,5,0,30,4,0,1,1,0,3,0,0
containrrr__shoutrrr,cdxgen,29,0,36,29,0,0,29,0,1,29,0,36,29,0,0,29,0,1,0,0,0,0,0,0
containrrr__shoutrrr,cyclonedx-gomod,32,0,33,29,3,0,29,3,1,32,0,33,29,3,0,29,3,1,0,1,0,2,0,0
cmd-stream__cmd-stream-go,syft,7,0,4,7,0,0,7,0,0,7,0,4,7,0,0,7,0,0,0,0,0,0,0,0
cmd-stream__cmd-stream-go,trivy,7,0,4,7,0,0,7,0,0,7,0,4,7,0,0,7,0,0,0,0,0,0,0,0
cmd-stream__cmd-stream-go,cdxgen,7,0,4,7,0,0,7,0,0,7,0,4,7,0,0,7,0,0,0,0,0,0,0,0
cmd-stream__cmd-stream-go,cyclonedx-gomod,7,0,4,7,0,0,7,0,0,7,0,4,7,0,0,7,0,0,0,0,0,0,0,0
gabrie30__ghorg,syft,67,6,27,53,20,0,53,20,0,67,23,27,53,37,0,53,37,0,0,2,0,0,12,6
gabrie30__ghorg,trivy,55,6,39,53,8,0,53,8,0,55,15,39,53,17,0,53,17,0,0,2,0,0,0,6
gabrie30__ghorg,cdxgen,55,0,39,53,2,0,53,2,0,55,9,39,53,11,0,53,11,0,0,2,0,0,0,0
gabrie30__ghorg,cyclonedx-gomod,55,0,39,53,2,0,53,2,0,55,0,39,53,2,0,53,2,0,0,2,0,0,0,0
marwanhawari__stew,syft,38,0,17,25,13,0,25,13,0,38,0,17,25,13,0,25,13,0,0,0,0,2,11,0
marwanhawari__stew,trivy,27,0,28,25,2,0,25,2,0,27,0,28,25,2,0,25,2,0,0,0,0,2,0,0
marwanhawari__stew,cdxgen,27,0,28,25,2,0,25,2,0,27,0,28,25,2,0,25,2,0,0,0,0,2,0,0
marwanhawari__stew,cyclonedx-gomod,25,0,30,25,0,0,25,0,0,25,0,30,25,0,0,25,0,0,0,0,0,0,0,0
coregx__fursy,syft,2,74,0,2,74,0,2,74,0,2,77,0,2,77,0,2,77,0,0,0,0,0,0,74
coregx__fursy,trivy,2,50,0,2,50,0,2,50,0,2,52,0,2,52,0,2,52,0,0,0,0,0,0,50
coregx__fursy,cdxgen,2,51,0,2,51,0,2,51,0,2,53,0,2,53,0,2,53,0,0,0,0,0,0,51
coregx__fursy,cyclonedx-gomod,2,0,0,2,0,0,2,0,0,2,0,0,2,0,0,2,0,0,0,0,0,0,0,0
maruel__panicparse,syft,5,0,0,4,1,0,5,0,0,5,0,0,4,1,0,5,0,0,1,0,0,0,0,0
maruel__panicparse,trivy,5,0,0,4,1,0,5,0,0,5,0,0,4,1,0,5,0,0,1,0,0,0,0,0
maruel__panicparse,cdxgen,4,0,1,4,0,0,4,0,1,4,0,1,4,0,0,4,0,1,0,0,0,0,0,0
maruel__panicparse,cyclonedx-gomod,4,0,1,4,0,0,4,0,1,4,0,1,4,0,0,4,0,1,0,0,0,0,0,0
go-co-op__gocron,syft,11,3,3,3,11,0,8,6,0,11,5,3,3,13,0,8,8,0,5,0,0,2,1,3
go-co-op__gocron,trivy,10,3,4,3,10,0,8,5,0,10,4,4,3,11,0,8,6,0,5,0,0,2,0,3
go-co-op__gocron,cdxgen,3,2,11,3,2,0,3,2,5,3,3,11,3,3,0,3,3,5,0,0,0,0,0,2
go-co-op__gocron,cyclonedx-gomod,3,0,11,3,0,0,3,0,5,3,0,11,3,0,0,3,0,5,0,0,0,0,0,0
hedzr__cmdr,syft,12,0,8,12,0,0,12,0,0,12,0,8,12,0,0,12,0,0,0,0,0,0,0,0
hedzr__cmdr,trivy,12,0,8,12,0,0,12,0,0,12,0,8,12,0,0,12,0,0,0,0,0,0,0,0
hedzr__cmdr,cdxgen,12,0,8,12,0,0,12,0,0,12,0,8,12,0,0,12,0,0,0,0,0,0,0,0
hedzr__cmdr,cyclonedx-gomod,12,0,8,12,0,0,12,0,0,12,0,8,12,0,0,12,0,0,0,0,0,0,0,0
szyhf__go-excel,syft,1,0,0,1,0,0,1,0,0,1,0,0,1,0,0,1,0,0,0,0,0,0,0,0
szyhf__go-excel,trivy,1,0,0,1,0,0,1,0,0,1,0,0,1,0,0,1,0,0,0,0,0,0,0,0
szyhf__go-excel,cdxgen,1,0,0,1,0,0,1,0,0,1,0,0,1,0,0,1,0,0,0,0,0,0,0,0
szyhf__go-excel,cyclonedx-gomod,1,0,0,1,0,0,1,0,0,1,0,0,1,0,0,1,0,0,0,0,0,0,0,0
ariga__atlas,syft,29,93,8,17,105,0,18,104,0,26,102,11,17,111,0,18,110,0,1,0,0,4,2,98
ariga__atlas,trivy,27,76,10,17,86,0,18,85,0,24,83,13,17,90,0,18,89,0,1,0,0,4,0,81
ariga__atlas,cdxgen,22,71,15,17,76,0,18,75,0,19,77,18,17,79,0,18,78,0,1,0,0,0,0,75
ariga__atlas,cyclonedx-gomod,17,0,20,17,0,0,17,0,1,17,0,20,17,0,0,17,0,1,0,0,0,0,0,0
consbio__mbtileserver,syft,27,0,8,21,6,0,21,6,0,27,0,8,21,6,0,21,6,0,0,1,0,0,5,0
consbio__mbtileserver,trivy,22,0,13,21,1,0,21,1,0,22,0,13,21,1,0,21,1,0,0,1,0,0,0,0
consbio__mbtileserver,cdxgen,21,0,14,21,0,0,21,0,0,21,0,14,21,0,0,21,0,0,0,0,0,0,0,0
consbio__mbtileserver,cyclonedx-gomod,22,0,13,21,1,0,21,1,0,22,0,13,21,1,0,21,1,0,0,1,0,0,0,0
bsm__redislock,syft,10,0,1,3,7,0,3,7,0,10,0,1,3,7,0,3,7,0,0,0,0,0,7,0
bsm__redislock,trivy,3,0,8,3,0,0,3,0,0,3,0,8,3,0,0,3,0,0,0,0,0,0,0,0
bsm__redislock,cdxgen,3,0,8,3,0,0,3,0,0,3,0,8,3,0,0,3,0,0,0,0,0,0,0,0
bsm__redislock,cyclonedx-gomod,3,0,8,3,0,0,3,0,0,3,0,8,3,0,0,3,0,0,0,0,0,0,0,0
kcmvp__gob,syft,26,0,13,19,7,0,19,7,0,26,0,13,19,7,0,19,7,0,0,1,1,5,0,0
kcmvp__gob,trivy,26,0,13,19,7,0,19,7,0,26,0,13,19,7,0,19,7,0,0,1,1,5,0,0
kcmvp__gob,cdxgen,26,0,13,19,7,0,19,7,0,26,0,13,19,7,0,19,7,0,0,1,1,5,0,0
kcmvp__gob,cyclonedx-gomod,NA
andygrunwald__go-jira,syft,5,0,0,4,1,0,5,0,0,5,0,0,4,1,0,5,0,0,1,0,0,0,0,0
andygrunwald__go-jira,trivy,5,0,0,4,1,0,5,0,0,5,0,0,4,1,0,5,0,0,1,0,0,0,0,0
andygrunwald__go-jira,cdxgen,4,0,1,4,0,0,4,0,1,4,0,1,4,0,0,4,0,1,0,0,0,0,0,0
andygrunwald__go-jira,cyclonedx-gomod,4,0,1,4,0,0,4,0,1,4,0,1,4,0,0,4,0,1,0,0,0,0,0,0
alexeyco__pig,syft,18,0,12,9,9,0,10,8,0,18,0,12,9,9,0,10,8,0,1,0,0,1,7,0
alexeyco__pig,trivy,11,0,19,9,2,0,10,1,0,11,0,19,9,2,0,10,1,0,1,0,0,1,0,0
alexeyco__pig,cdxgen,9,0,21,9,0,0,9,0,1,9,0,21,9,0,0,9,0,1,0,0,0,0,0,0
alexeyco__pig,cyclonedx-gomod,9,0,21,9,0,0,9,0,1,9,0,21,9,0,0,9,0,1,0,0,0,0,0,0
hibiken__asynq,syft,23,41,0,10,54,0,11,53,0,21,58,2,10,69,0,11,68,0,1,0,0,0,10,43
hibiken__asynq,trivy,12,36,11,10,38,0,11,37,0,11,49,12,10,50,0,11,49,0,1,0,0,0,0,37
hibiken__asynq,cdxgen,11,34,12,10,35,0,10,35,1,10,45,13,10,45,0,10,45,1,0,0,0,0,0,35
hibiken__asynq,cyclonedx-gomod,10,0,13,10,0,0,10,0,1,10,0,13,10,0,0,10,0,1,0,0,0,0,0,0
kazhuravlev__optional,syft,5,0,1,1,4,0,4,1,0,5,0,1,1,4,0,4,1,0,3,0,0,0,1,0
kazhuravlev__optional,trivy,4,0,2,1,3,0,4,0,0,4,0,2,1,3,0,4,0,0,3,0,0,0,0,0
kazhuravlev__optional,cdxgen,1,0,5,1,0,0,1,0,3,1,0,5,1,0,0,1,0,3,0,0,0,0,0,0
kazhuravlev__optional,cyclonedx-gomod,1,0,5,1,0,0,1,0,3,1,0,5,1,0,0,1,0,3,0,0,0,0,0,0
peterbourgon__diskv,syft,1,0,0,1,0,0,1,0,0,1,0,0,1,0,0,1,0,0,0,0,0,0,0,0
peterbourgon__diskv,trivy,1,0,0,1,0,0,1,0,0,1,0,0,1,0,0,1,0,0,0,0,0,0,0,0
peterbourgon__diskv,cdxgen,1,0,0,1,0,0,1,0,0,1,0,0,1,0,0,1,0,0,0,0,0,0,0,0
peterbourgon__diskv,cyclonedx-gomod,1,0,0,1,0,0,1,0,0,1,0,0,1,0,0,1,0,0,0,0,0,0,0,0
chaindead__modup,syft,37,0,7,27,10,0,27,10,0,37,0,7,27,10,0,27,10,0,0,3,0,1,6,0
chaindead__modup,trivy,31,0,13,27,4,0,27,4,0,31,0,13,27,4,0,27,4,0,0,3,0,1,0,0
chaindead__modup,cdxgen,27,0,17,27,0,0,27,0,0,27,0,17,27,0,0,27,0,0,0,0,0,0,0,0
chaindead__modup,cyclonedx-gomod,30,0,14,27,3,0,27,3,0,30,0,14,27,3,0,27,3,0,0,3,0,0,0,0
Allra-Fintech__mdv,syft,9,0,6,6,3,0,6,3,0,9,0,6,6,3,0,6,3,0,0,0,0,0,3,0
Allra-Fintech__mdv,trivy,6,0,9,6,0,0,6,0,0,6,0,9,6,0,0,6,0,0,0,0,0,0,0,0
Allra-Fintech__mdv,cdxgen,6,0,9,6,0,0,6,0,0,6,0,9,6,0,0,6,0,0,0,0,0,0,0,0
Allra-Fintech__mdv,cyclonedx-gomod,6,0,9,6,0,0,6,0,0,6,0,9,6,0,0,6,0,0,0,0,0,0,0,0
flannel-io__flannel,syft,148,0,147,72,76,0,120,28,0,148,0,147,72,76,0,120,28,0,48,8,0,2,18,0
flannel-io__flannel,trivy,130,0,165,72,58,0,120,10,0,130,0,165,72,58,0,120,10,0,48,8,0,2,0,0
flannel-io__flannel,cdxgen,72,0,223,72,0,0,72,0,48,72,0,223,72,0,0,72,0,48,0,0,0,0,0,0
flannel-io__flannel,cyclonedx-gomod,80,0,215,70,10,2,71,9,49,80,0,215,70,10,2,71,9,49,1,8,0,1,0,0
anatol__booster,syft,47,0,18,38,9,0,38,9,0,47,0,18,38,9,0,38,9,0,0,0,0,4,4,1
anatol__booster,trivy,42,0,23,38,4,0,38,4,0,42,0,23,38,4,0,38,4,0,0,0,0,4,0,0
anatol__booster,cdxgen,38,0,27,38,0,0,38,0,0,38,0,27,38,0,0,38,0,0,0,0,0,0,0,0
anatol__booster,cyclonedx-gomod,42,0,23,38,4,0,38,4,0,42,0,23,38,4,0,38,4,0,0,0,0,4,0,0
emersion__go-message,syft,1,0,9,1,0,0,1,0,0,1,0,9,1,0,0,1,0,0,0,0,0,0,0,0
emersion__go-message,trivy,10,0,0,1,9,0,1,9,0,10,0,0,1,9,0,1,9,0,0,0,0,0,9,0
emersion__go-message,cdxgen,1,0,9,1,0,0,1,0,0,1,0,9,1,0,0,1,0,0,0,0,0,0,0,0
emersion__go-message,cyclonedx-gomod,1,0,9,1,0,0,1,0,0,1,0,9,1,0,0,1,0,0,0,0,0,0,0,0
davidbyttow__govips,syft,10,0,8,3,7,0,7,3,0,10,0,8,3,7,0,7,3,0,4,0,0,2,1,0
davidbyttow__govips,trivy,9,0,9,3,6,0,7,2,0,9,0,9,3,6,0,7,2,0,4,0,0,2,0,0
davidbyttow__govips,cdxgen,3,0,15,3,0,0,3,0,4,3,0,15,3,0,0,3,0,4,0,0,0,0,0,0
davidbyttow__govips,cyclonedx-gomod,3,0,15,3,0,0,3,0,4,3,0,15,3,0,0,3,0,4,0,0,0,0,0,0
dsbasko__go-cfg,syft,9,0,1,5,4,0,8,1,0,9,0,1,5,4,0,8,1,0,3,0,0,0,1,0
dsbasko__go-cfg,trivy,8,0,2,5,3,0,8,0,0,8,0,2,5,3,0,8,0,0,3,0,0,0,0,0
dsbasko__go-cfg,cdxgen,5,0,5,5,0,0,5,0,3,5,0,5,5,0,0,5,0,3,0,0,0,0,0,0
dsbasko__go-cfg,cyclonedx-gomod,5,0,5,5,0,0,5,0,3,5,0,5,5,0,0,5,0,3,0,0,0,0,0,0
beego__beego,syft,96,0,102,71,25,0,78,18,0,95,1,103,70,26,1,77,19,1,7,0,0,0,18,0
beego__beego,trivy,78,0,120,71,7,0,78,0,0,77,1,121,70,8,1,77,1,1,7,0,0,0,0,0
beego__beego,cdxgen,71,0,127,71,0,0,71,0,7,71,0,127,71,0,0,71,0,7,0,0,0,0,0,0
beego__beego,cyclonedx-gomod,71,0,127,71,0,0,71,0,7,70,1,128,70,1,1,70,1,8,0,0,0,0,0,0
elgohr__go-localstack,syft,102,0,14,62,40,0,67,35,0,102,0,14,62,40,0,67,35,0,5,1,0,13,21,0
elgohr__go-localstack,trivy,81,0,35,62,19,0,67,14,0,81,0,35,62,19,0,67,14,0,5,1,0,13,0,0
elgohr__go-localstack,cdxgen,81,0,35,62,19,0,67,14,0,81,0,35,62,19,0,67,14,0,5,1,0,13,0,0
elgohr__go-localstack,cyclonedx-gomod,68,0,48,62,6,0,62,6,5,68,0,48,62,6,0,62,6,5,0,1,0,5,0,0
codeship__codeship-go,syft,16,0,248,1,15,0,7,9,0,16,0,248,1,15,0,7,9,0,6,0,2,4,0,3
codeship__codeship-go,trivy,264,0,0,1,263,0,7,257,0,264,0,0,1,263,0,7,257,0,6,0,2,4,0,251
codeship__codeship-go,cdxgen,1,0,263,1,0,0,1,0,6,1,0,263,1,0,0,1,0,6,0,0,0,0,0,0
codeship__codeship-go,cyclonedx-gomod,NA
Southclaws__fault,syft,18,4,35,9,13,0,16,6,0,18,4,35,9,13,0,16,6,0,7,0,0,0,2,4
Southclaws__fault,trivy,16,4,37,9,11,0,16,4,0,16,4,37,9,11,0,16,4,0,7,0,0,0,0,4
Southclaws__fault,cdxgen,9,3,44,9,3,0,9,3,7,9,3,44,9,3,0,9,3,7,0,0,0,0,0,3
Southclaws__fault,cyclonedx-gomod,9,0,44,9,0,0,9,0,7,9,0,44,9,0,0,9,0,7,0,0,0,0,0,0
sigstore__cosign,syft,339,0,448,258,81,0,262,77,0,339,0,448,258,81,0,262,77,0,4,3,4,18,52,0
sigstore__cosign,trivy,287,0,500,258,29,0,262,25,0,287,0,500,258,29,0,262,25,0,4,3,4,18,0,0
sigstore__cosign,cdxgen,258,0,529,258,0,0,258,0,4,258,0,529,258,0,0,258,0,4,0,0,0,0,0,0
sigstore__cosign,cyclonedx-gomod,271,0,516,256,15,2,256,15,6,271,0,516,256,15,2,256,15,6,0,3,4,8,0,0
PaesslerAG__gval,syft,2,0,0,1,1,0,2,0,0,2,0,0,1,1,0,2,0,0,1,0,0,0,0,0
PaesslerAG__gval,trivy,2,0,0,1,1,0,2,0,0,2,0,0,1,1,0,2,0,0,1,0,0,0,0,0
PaesslerAG__gval,cdxgen,1,0,1,1,0,0,1,0,1,1,0,1,1,0,0,1,0,1,0,0,0,0,0,0
PaesslerAG__gval,cyclonedx-gomod,1,0,1,1,0,0,1,0,1,1,0,1,1,0,0,1,0,1,0,0,0,0,0,0
chenmingyong0423__go-mongox,syft,16,0,8,9,7,0,13,3,0,16,0,8,9,7,0,13,3,0,4,0,0,1,2,0
chenmingyong0423__go-mongox,trivy,14,0,10,9,5,0,13,1,0,14,0,10,9,5,0,13,1,0,4,0,0,1,0,0
chenmingyong0423__go-mongox,cdxgen,9,0,15,9,0,0,9,0,4,9,0,15,9,0,0,9,0,4,0,0,0,0,0,0
chenmingyong0423__go-mongox,cyclonedx-gomod,10,0,14,9,1,0,9,1,4,10,0,14,9,1,0,9,1,4,0,0,0,1,0,0
soniah__gosnmp,syft,8,3,9,1,10,0,5,6,0,6,5,11,1,10,0,5,6,0,4,0,0,0,3,3
soniah__gosnmp,trivy,7,3,10,1,9,0,5,5,0,5,5,12,1,9,0,5,5,0,4,0,0,0,2,3
soniah__gosnmp,cdxgen,1,0,16,1,0,0,1,0,4,1,0,16,1,0,0,1,0,4,0,0,0,0,0,0
soniah__gosnmp,cyclonedx-gomod,1,0,16,1,0,0,1,0,4,1,0,16,1,0,0,1,0,4,0,0,0,0,0,0
gotranspile__cxgo,syft,19,0,3,12,7,0,15,4,0,19,0,3,12,7,0,15,4,0,3,1,0,0,3,0
gotranspile__cxgo,trivy,16,0,6,12,4,0,15,1,0,16,0,6,12,4,0,15,1,0,3,1,0,0,0,0
gotranspile__cxgo,cdxgen,12,0,10,12,0,0,12,0,3,12,0,10,12,0,0,12,0,3,0,0,0,0,0,0
gotranspile__cxgo,cyclonedx-gomod,13,0,9,12,1,0,12,1,3,13,0,9,12,1,0,12,1,3,0,1,0,0,0,0
mikestefanello__backlite,syft,28,0,7,8,20,0,11,17,0,28,0,7,8,20,0,11,17,0,3,2,0,0,15,0
mikestefanello__backlite,trivy,13,0,22,8,5,0,11,2,0,13,0,22,8,5,0,11,2,0,3,2,0,0,0,0
mikestefanello__backlite,cdxgen,8,0,27,8,0,0,8,0,3,8,0,27,8,0,0,8,0,3,0,0,0,0,0,0
mikestefanello__backlite,cyclonedx-gomod,10,0,25,8,2,0,8,2,3,10,0,25,8,2,0,8,2,3,0,2,0,0,0,0
s0rg__crawley,syft,5,0,4,4,1,0,4,1,0,5,0,4,4,1,0,4,1,0,0,0,0,0,1,0
s0rg__crawley,trivy,5,0,4,4,1,0,4,1,0,5,0,4,4,1,0,4,1,0,0,0,0,0,1,0
s0rg__crawley,cdxgen,4,0,5,4,0,0,4,0,0,4,0,5,4,0,0,4,0,0,0,0,0,0,0,0
s0rg__crawley,cyclonedx-gomod,4,0,5,4,0,0,4,0,0,4,0,5,4,0,0,4,0,0,0,0,0,0,0,0
ThomasObenaus__go-conf,syft,29,0,132,19,10,0,22,7,0,29,0,132,19,10,0,22,7,0,3,0,0,0,7,0
ThomasObenaus__go-conf,trivy,22,0,139,19,3,0,22,0,0,22,0,139,19,3,0,22,0,0,3,0,0,0,0,0
ThomasObenaus__go-conf,cdxgen,19,0,142,19,0,0,19,0,3,19,0,142,19,0,0,19,0,3,0,0,0,0,0,0
ThomasObenaus__go-conf,cyclonedx-gomod,19,0,142,19,0,0,19,0,3,19,0,142,19,0,0,19,0,3,0,0,0,0,0,0
mmadfox__go-h3geo-dist,syft,5,0,2,1,4,0,1,4,0,5,0,2,1,4,0,1,4,0,0,0,0,0,0,4
mmadfox__go-h3geo-dist,trivy,7,0,0,1,6,0,1,6,0,7,0,0,1,6,0,1,6,0,0,0,0,0,0,6
mmadfox__go-h3geo-dist,cdxgen,1,0,6,1,0,0,1,0,0,1,0,6,1,0,0,1,0,0,0,0,0,0,0,0
mmadfox__go-h3geo-dist,cyclonedx-gomod,1,0,6,1,0,0,1,0,0,1,0,6,1,0,0,1,0,0,0,0,0,0,0,0
foolin__pagser,syft,28,0,0,9,19,0,9,19,0,28,0,0,9,19,0,9,19,0,0,0,0,19,0,0
foolin__pagser,trivy,28,0,0,9,19,0,9,19,0,28,0,0,9,19,0,9,19,0,0,0,0,19,0,0
foolin__pagser,cdxgen,9,0,19,9,0,0,9,0,0,9,0,19,9,0,0,9,0,0,0,0,0,0,0,0
foolin__pagser,cyclonedx-gomod,9,0,19,9,0,0,9,0,0,9,0,19,9,0,0,9,0,0,0,0,0,0,0,0
sj14__dbbench,syft,100,0,147,62,38,0,67,33,0,100,0,147,62,38,0,67,33,0,5,2,0,2,29,0
sj14__dbbench,trivy,71,0,176,62,9,0,67,4,0,71,0,176,62,9,0,67,4,0,5,2,0,2,0,0
sj14__dbbench,cdxgen,62,0,185,62,0,0,62,0,5,62,0,185,62,0,0,62,0,5,0,0,0,0,0,0
sj14__dbbench,cyclonedx-gomod,65,0,182,62,3,0,62,3,5,65,0,182,62,3,0,62,3,5,0,2,0,1,0,0
sensepost__gowitness,syft,125,0,26,89,36,0,89,36,0,125,0,26,89,36,0,89,36,0,0,2,0,3,31,0
sensepost__gowitness,trivy,94,0,57,89,5,0,89,5,0,94,0,57,89,5,0,89,5,0,0,2,0,3,0,0
sensepost__gowitness,cdxgen,89,0,62,89,0,0,89,0,0,89,0,62,89,0,0,89,0,0,0,0,0,0,0,0
sensepost__gowitness,cyclonedx-gomod,92,0,59,89,3,0,89,3,0,92,0,59,89,3,0,89,3,0,0,2,0,1,0,0
cosmos__cosmos-sdk,syft,379,22,378,289,112,0,293,108,0,377,138,380,288,227,1,292,223,1,4,4,2,31,47,24
cosmos__cosmos-sdk,trivy,332,25,425,289,68,0,293,64,0,331,115,426,288,158,1,292,154,1,4,4,2,31,3,24
cosmos__cosmos-sdk,cdxgen,NA
cosmos__cosmos-sdk,cyclonedx-gomod,314,1,443,287,28,2,287,28,6,312,3,445,285,30,4,285,30,8,0,4,1,22,1,0
mongodb__mongo-go-driver,syft,103,2,20,8,97,0,9,96,0,103,7,20,8,102,0,9,101,0,1,0,0,1,5,90
mongodb__mongo-go-driver,trivy,88,0,35,8,80,0,9,79,0,88,5,35,8,85,0,9,84,0,1,0,0,1,4,74
mongodb__mongo-go-driver,cdxgen,NA
mongodb__mongo-go-driver,cyclonedx-gomod,34,0,89,8,26,0,8,26,1,34,0,89,8,26,0,8,26,1,0,0,0,1,4,21
segmentio__golines,syft,31,0,16,18,13,0,21,10,0,31,0,16,18,13,0,21,10,0,3,0,0,3,7,0
segmentio__golines,trivy,24,0,23,18,6,0,21,3,0,24,0,23,18,6,0,21,3,0,3,0,0,3,0,0
segmentio__golines,cdxgen,18,0,29,18,0,0,18,0,3,18,0,29,18,0,0,18,0,3,0,0,0,0,0,0
segmentio__golines,cyclonedx-gomod,18,0,29,18,0,0,18,0,3,18,0,29,18,0,0,18,0,3,0,0,0,0,0,0
bogem__id3v2,syft,1,1,1,1,1,0,1,1,0,1,2,1,1,2,0,1,2,0,0,0,0,0,0,1
bogem__id3v2,trivy,2,9,0,1,10,0,1,10,0,2,11,0,1,12,0,1,12,0,0,0,0,0,1,9
bogem__id3v2,cdxgen,1,0,1,1,0,0,1,0,0,1,1,1,1,1,0,1,1,0,0,0,0,0,0,0
bogem__id3v2,cyclonedx-gomod,1,0,1,1,0,0,1,0,0,1,0,1,1,0,0,1,0,0,0,0,0,0,0,0
psampaz__go-mod-outdated,syft,3,0,0,3,0,0,3,0,0,3,0,0,3,0,0,3,0,0,0,0,0,0,0,0
psampaz__go-mod-outdated,trivy,3,0,0,3,0,0,3,0,0,3,0,0,3,0,0,3,0,0,0,0,0,0,0,0
psampaz__go-mod-outdated,cdxgen,3,0,0,3,0,0,3,0,0,3,0,0,3,0,0,3,0,0,0,0,0,0,0,0
psampaz__go-mod-outdated,cyclonedx-gomod,3,0,0,3,0,0,3,0,0,3,0,0,3,0,0,3,0,0,0,0,0,0,0,0
go-swagger__go-swagger,syft,75,0,17,66,9,0,66,9,0,75,0,17,66,9,0,66,9,0,0,0,0,4,5,0
go-swagger__go-swagger,trivy,70,0,22,66,4,0,66,4,0,70,0,22,66,4,0,66,4,0,0,0,0,4,0,0
go-swagger__go-swagger,cdxgen,66,0,26,66,0,0,66,0,0,66,0,26,66,0,0,66,0,0,0,0,0,0,0,0
go-swagger__go-swagger,cyclonedx-gomod,66,0,26,66,0,0,66,0,0,66,0,26,66,0,0,66,0,0,0,0,0,0,0,0
malaschitz__randomForest,syft,5,0,239,2,3,0,2,3,0,5,0,239,2,3,0,2,3,0,0,0,1,2,0,0
malaschitz__randomForest,trivy,244,0,0,2,242,0,2,242,0,244,0,0,2,242,0,2,242,0,0,0,1,2,239,0
malaschitz__randomForest,cdxgen,2,0,242,2,0,0,2,0,0,2,0,242,2,0,0,2,0,0,0,0,0,0,0,0
malaschitz__randomForest,cyclonedx-gomod,2,0,242,2,0,0,2,0,0,2,0,242,2,0,0,2,0,0,0,0,0,0,0,0
gojektech__heimdall,syft,7,0,0,6,1,0,6,1,0,7,0,0,6,1,0,6,1,0,0,0,0,0,1,0
gojektech__heimdall,trivy,6,0,1,6,0,0,6,0,0,6,0,1,6,0,0,6,0,0,0,0,0,0,0,0
gojektech__heimdall,cdxgen,6,0,1,6,0,0,6,0,0,6,0,1,6,0,0,6,0,0,0,0,0,0,0,0
gojektech__heimdall,cyclonedx-gomod,5,0,2,5,0,1,5,0,1,5,0,2,5,0,1,5,0,1,0,0,0,0,0,0
fern4lvarez__piladb,syft,3,0,0,1,2,0,2,1,0,3,0,0,1,2,0,2,1,0,1,0,1,0,0,0
fern4lvarez__piladb,trivy,3,0,0,1,2,0,2,1,0,3,0,0,1,2,0,2,1,0,1,0,1,0,0,0
fern4lvarez__piladb,cdxgen,1,0,2,1,0,0,1,0,1,1,0,2,1,0,0,1,0,1,0,0,0,0,0,0
fern4lvarez__piladb,cyclonedx-gomod,NA
go-nunu__nunu,syft,19,0,14,12,7,0,12,7,0,19,0,14,12,7,0,12,7,0,0,0,0,0,7,0
go-nunu__nunu,trivy,33,0,0,12,21,0,12,21,0,33,0,0,12,21,0,12,21,0,0,1,0,0,20,0
go-nunu__nunu,cdxgen,12,0,21,12,0,0,12,0,0,12,0,21,12,0,0,12,0,0,0,0,0,0,0,0
go-nunu__nunu,cyclonedx-gomod,13,0,20,12,1,0,12,1,0,13,0,20,12,1,0,12,1,0,0,1,0,0,0,0
go-the-way__exl,syft,12,0,7,11,1,0,11,1,0,12,0,7,11,1,0,11,1,0,0,0,0,0,1,0
go-the-way__exl,trivy,11,0,8,11,0,0,11,0,0,11,0,8,11,0,0,11,0,0,0,0,0,0,0,0
go-the-way__exl,cdxgen,11,0,8,11,0,0,11,0,0,11,0,8,11,0,0,11,0,0,0,0,0,0,0,0
go-the-way__exl,cyclonedx-gomod,11,0,8,11,0,0,11,0,0,11,0,8,11,0,0,11,0,0,0,0,0,0,0,0
opnlabs__dot,syft,44,0,10,29,15,0,32,12,0,44,0,10,29,15,0,32,12,0,3,2,0,6,4,0
opnlabs__dot,trivy,40,0,14,29,11,0,32,8,0,40,0,14,29,11,0,32,8,0,3,2,0,6,0,0
opnlabs__dot,cdxgen,29,0,25,29,0,0,29,0,3,29,0,25,29,0,0,29,0,3,0,0,0,0,0,0
opnlabs__dot,cyclonedx-gomod,33,0,21,29,4,0,29,4,3,33,0,21,29,4,0,29,4,3,0,2,0,2,0,0
Oudwins__zog,syft,8,0,4,5,3,0,6,2,0,8,0,4,5,3,0,6,2,0,1,0,0,0,2,0
Oudwins__zog,trivy,6,0,6,5,1,0,6,0,0,6,0,6,5,1,0,6,0,0,1,0,0,0,0,0
Oudwins__zog,cdxgen,5,0,7,5,0,0,5,0,1,5,0,7,5,0,0,5,0,1,0,0,0,0,0,0
Oudwins__zog,cyclonedx-gomod,5,0,7,5,0,0,5,0,1,5,0,7,5,0,0,5,0,1,0,0,0,0,0,0
lrita__numa,syft,4,0,1,1,3,0,4,0,0,4,0,1,1,3,0,4,0,0,3,0,0,0,0,0
lrita__numa,trivy,5,0,0,1,4,0,4,1,0,5,0,0,1,4,0,4,1,0,3,0,0,0,1,0
lrita__numa,cdxgen,1,0,4,1,0,0,1,0,3,1,0,4,1,0,0,1,0,3,0,0,0,0,0,0
lrita__numa,cyclonedx-gomod,1,0,4,1,0,0,1,0,3,1,0,4,1,0,0,1,0,3,0,0,0,0,0,0
hdt3213__godis,syft,36,0,61,19,17,0,19,17,0,36,0,61,19,17,0,19,17,0,0,2,1,7,6,1
hdt3213__godis,trivy,29,0,68,19,10,0,19,10,0,29,0,68,19,10,0,19,10,0,0,2,1,7,0,0
hdt3213__godis,cdxgen,19,0,78,19,0,0,19,0,0,19,0,78,19,0,0,19,0,0,0,0,0,0,0,0
hdt3213__godis,cyclonedx-gomod,21,0,76,19,2,0,19,2,0,21,0,76,19,2,0,19,2,0,0,2,0,0,0,0
tomarrell__wrapcheck,syft,30,0,90,19,11,0,22,8,0,30,0,90,19,11,0,22,8,0,3,0,0,2,6,0
tomarrell__wrapcheck,trivy,24,0,96,19,5,0,22,2,0,24,0,96,19,5,0,22,2,0,3,0,0,2,0,0
tomarrell__wrapcheck,cdxgen,19,0,101,19,0,0,19,0,3,19,0,101,19,0,0,19,0,3,0,0,0,0,0,0
tomarrell__wrapcheck,cyclonedx-gomod,19,0,101,17,2,2,17,2,5,19,0,101,17,2,2,17,2,5,0,0,0,2,0,0
lesismal__nbio,syft,3,0,4,3,0,0,3,0,0,3,0,4,3,0,0,3,0,0,0,0,0,0,0,0
lesismal__nbio,trivy,7,0,0,3,4,0,3,4,0,7,0,0,3,4,0,3,4,0,0,0,0,0,4,0
lesismal__nbio,cdxgen,3,0,4,3,0,0,3,0,0,3,0,4,3,0,0,3,0,0,0,0,0,0,0,0
lesismal__nbio,cyclonedx-gomod,3,0,4,3,0,0,3,0,0,3,0,4,3,0,0,3,0,0,0,0,0,0,0,0
tj__mmake,syft,11,0,33,6,5,0,6,5,0,11,0,33,6,5,0,6,5,0,0,0,1,1,3,0
tj__mmake,trivy,44,0,0,6,38,0,6,38,0,44,0,0,6,38,0,6,38,0,0,0,1,1,36,0
tj__mmake,cdxgen,6,0,38,6,0,0,6,0,0,6,0,38,6,0,0,6,0,0,0,0,0,0,0,0
tj__mmake,cyclonedx-gomod,6,0,38,6,0,0,6,0,0,6,0,38,6,0,0,6,0,0,0,0,0,0,0,0
patrickhener__goshs,syft,128,0,202,96,32,0,96,32,0,128,0,202,96,32,0,96,32,0,0,6,0,6,20,0
patrickhener__goshs,trivy,108,0,222,96,12,0,96,12,0,108,0,222,96,12,0,96,12,0,0,6,0,6,0,0
patrickhener__goshs,cdxgen,96,0,234,96,0,0,96,0,0,96,0,234,96,0,0,96,0,0,0,0,0,0,0,0
patrickhener__goshs,cyclonedx-gomod,108,0,222,96,12,0,96,12,0,108,0,222,96,12,0,96,12,0,0,6,0,6,0,0
Melkeydev__go-blueprint,syft,22,0,11,20,2,0,20,2,0,22,0,11,20,2,0,20,2,0,0,2,0,0,0,0
Melkeydev__go-blueprint,trivy,22,0,11,20,2,0,20,2,0,22,0,11,20,2,0,20,2,0,0,2,0,0,0,0
Melkeydev__go-blueprint,cdxgen,20,0,13,20,0,0,20,0,0,20,0,13,20,0,0,20,0,0,0,0,0,0,0,0
Melkeydev__go-blueprint,cyclonedx-gomod,22,0,11,20,2,0,20,2,0,22,0,11,20,2,0,20,2,0,0,2,0,0,0,0
asciimoo__colly,syft,23,0,10,18,5,0,18,5,0,23,0,10,18,5,0,18,5,0,0,0,1,0,4,0
asciimoo__colly,trivy,19,0,14,18,1,0,18,1,0,19,0,14,18,1,0,18,1,0,0,0,1,0,0,0
asciimoo__colly,cdxgen,18,0,15,18,0,0,18,0,0,18,0,15,18,0,0,18,0,0,0,0,0,0,0,0
asciimoo__colly,cyclonedx-gomod,18,0,15,18,0,0,18,0,0,18,0,15,18,0,0,18,0,0,0,0,0,0,0,0
romshark__yamagiconf,syft,17,0,6,9,8,0,12,5,0,17,0,6,9,8,0,12,5,0,3,0,0,1,4,0
romshark__yamagiconf,trivy,13,0,10,9,4,0,12,1,0,13,0,10,9,4,0,12,1,0,3,0,0,1,0,0
romshark__yamagiconf,cdxgen,9,0,14,9,0,0,9,0,3,9,0,14,9,0,0,9,0,3,0,0,0,0,0,0
romshark__yamagiconf,cyclonedx-gomod,9,0,14,9,0,0,9,0,3,9,0,14,9,0,0,9,0,3,0,0,0,0,0,0
kilgaloon__leprechaun,syft,36,0,1,18,18,0,21,15,0,36,0,1,18,18,0,21,15,0,3,0,0,13,1,1
kilgaloon__leprechaun,trivy,37,0,0,18,19,0,21,16,0,37,0,0,18,19,0,21,16,0,3,0,0,13,2,1
kilgaloon__leprechaun,cdxgen,18,0,19,18,0,0,18,0,3,18,0,19,18,0,0,18,0,3,0,0,0,0,0,0
kilgaloon__leprechaun,cyclonedx-gomod,18,0,19,18,0,0,18,0,3,18,0,19,18,0,0,18,0,3,0,0,0,0,0,0
sinhashubham95__go-actuator,syft,8,0,2,3,5,0,7,1,0,8,0,2,3,5,0,7,1,0,4,0,0,0,1,0
sinhashubham95__go-actuator,trivy,10,0,0,3,7,0,7,3,0,10,0,0,3,7,0,7,3,0,4,0,0,0,3,0
sinhashubham95__go-actuator,cdxgen,3,0,7,3,0,0,3,0,4,3,0,7,3,0,0,3,0,4,0,0,0,0,0,0
sinhashubham95__go-actuator,cyclonedx-gomod,3,0,7,3,0,0,3,0,4,3,0,7,3,0,0,3,0,4,0,0,0,0,0,0
suzuki-shunsuke__flute,syft,7,0,13,5,2,0,6,1,0,7,0,13,5,2,0,6,1,0,1,0,0,0,1,0
suzuki-shunsuke__flute,trivy,6,0,14,5,1,0,6,0,0,6,0,14,5,1,0,6,0,0,1,0,0,0,0,0
suzuki-shunsuke__flute,cdxgen,5,0,15,5,0,0,5,0,1,5,0,15,5,0,0,5,0,1,0,0,0,0,0,0
suzuki-shunsuke__flute,cyclonedx-gomod,5,0,15,5,0,0,5,0,1,5,0,15,5,0,0,5,0,1,0,0,0,0,0,0
therecipe__qt,syft,13,36,2,5,44,1,8,41,1,10,41,5,4,47,2,7,44,2,3,1,1,3,5,31
therecipe__qt,trivy,13,24,2,5,32,1,8,29,1,10,29,5,4,35,2,7,32,2,3,1,1,3,5,19
therecipe__qt,cdxgen,15,16,0,6,25,0,9,22,0,15,19,0,6,28,0,9,25,0,3,1,2,3,5,11
therecipe__qt,cyclonedx-gomod,NA
minio__mc,syft,320,0,221,101,219,0,105,215,0,320,0,221,101,219,0,105,215,0,4,4,0,179,32,0
minio__mc,trivy,288,0,253,101,187,0,105,183,0,288,0,253,101,187,0,105,183,0,4,4,0,179,0,0
minio__mc,cdxgen,101,0,440,101,0,0,101,0,4,101,0,440,101,0,0,101,0,4,0,0,0,0,0,0
minio__mc,cyclonedx-gomod,284,0,257,101,183,0,102,182,3,284,0,257,101,183,0,102,182,3,1,4,0,178,0,0
mkchoi212__fac,syft,12,0,1,7,5,0,7,5,0,12,0,1,7,5,0,7,5,0,0,0,0,1,4,0
mkchoi212__fac,trivy,8,0,5,7,1,0,7,1,0,8,0,5,7,1,0,7,1,0,0,0,0,1,0,0
mkchoi212__fac,cdxgen,7,0,6,7,0,0,7,0,0,7,0,6,7,0,0,7,0,0,0,0,0,0,0,0
mkchoi212__fac,cyclonedx-gomod,7,0,6,7,0,0,7,0,0,7,0,6,7,0,0,7,0,0,0,0,0,0,0,0
xuri__excelize,syft,14,0,6,8,6,0,13,1,0,14,0,6,8,6,0,13,1,0,5,0,0,0,1,0
xuri__excelize,trivy,13,0,7,8,5,0,13,0,0,13,0,7,8,5,0,13,0,0,5,0,0,0,0,0
xuri__excelize,cdxgen,8,0,12,8,0,0,8,0,5,8,0,12,8,0,0,8,0,5,0,0,0,0,0,0
xuri__excelize,cyclonedx-gomod,8,0,12,8,0,0,8,0,5,8,0,12,8,0,0,8,0,5,0,0,0,0,0,0
anacrolix__utp,syft,17,0,95,7,10,0,13,4,0,17,0,95,7,10,0,13,4,0,6,0,0,0,4,0
anacrolix__utp,trivy,13,0,99,7,6,0,13,0,0,13,0,99,7,6,0,13,0,0,6,0,0,0,0,0
anacrolix__utp,cdxgen,7,0,105,7,0,0,7,0,6,7,0,105,7,0,0,7,0,6,0,0,0,0,0,0
anacrolix__utp,cyclonedx-gomod,7,0,105,7,0,0,7,0,6,7,0,105,7,0,0,7,0,6,0,0,0,0,0,0
mantil-io__mantil,syft,109,0,128,85,24,0,90,19,0,109,0,128,85,24,0,90,19,0,5,1,0,0,18,0
mantil-io__mantil,trivy,237,0,0,85,152,0,90,147,0,237,0,0,85,152,0,90,147,0,5,2,0,0,145,0
mantil-io__mantil,cdxgen,48,0,189,45,3,40,47,1,43,48,0,189,45,3,40,47,1,43,2,1,0,0,0,0
mantil-io__mantil,cyclonedx-gomod,91,0,146,85,6,0,85,6,5,91,0,146,85,6,0,85,6,5,0,2,0,0,4,0
nikolaydubina__go-instrument,syft,1,0,7,1,0,0,1,0,0,1,0,7,1,0,0,1,0,0,0,0,0,0,0,0
nikolaydubina__go-instrument,trivy,1,0,7,1,0,0,1,0,0,1,0,7,1,0,0,1,0,0,0,0,0,0,0,0
nikolaydubina__go-instrument,cdxgen,1,0,7,1,0,0,1,0,0,1,0,7,1,0,0,1,0,0,0,0,0,0,0,0
nikolaydubina__go-instrument,cyclonedx-gomod,1,0,7,1,0,0,1,0,0,1,0,7,1,0,0,1,0,0,0,0,0,0,0,0
hexdigest__gowrap,syft,44,173,33,16,201,0,21,196,0,28,207,49,16,219,0,21,214,0,5,0,0,3,20,173
hexdigest__gowrap,trivy,42,173,35,16,199,0,21,194,0,25,204,52,16,213,0,21,208,0,5,0,0,3,18,173
hexdigest__gowrap,cdxgen,39,170,38,16,193,0,21,188,0,22,198,55,16,204,0,20,200,1,5,0,0,1,17,170
hexdigest__gowrap,cyclonedx-gomod,16,0,61,16,0,0,16,0,5,16,0,61,16,0,0,16,0,5,0,0,0,0,0,0
Jagerente__gocfg,syft,6,0,1,1,5,0,5,1,0,6,0,1,1,5,0,5,1,0,4,0,0,0,1,0
Jagerente__gocfg,trivy,7,0,0,1,6,0,5,2,0,7,0,0,1,6,0,5,2,0,4,0,0,0,2,0
Jagerente__gocfg,cdxgen,1,0,6,1,0,0,1,0,4,1,0,6,1,0,0,1,0,4,0,0,0,0,0,0
Jagerente__gocfg,cyclonedx-gomod,1,0,6,1,0,0,1,0,4,1,0,6,1,0,0,1,0,4,0,0,0,0,0,0
DrmagicE__gmqtt,syft,119,0,193,47,72,0,47,72,0,119,0,193,47,72,0,47,72,0,0,1,3,54,14,0
DrmagicE__gmqtt,trivy,105,0,207,47,58,0,47,58,0,105,0,207,47,58,0,47,58,0,0,1,3,54,0,0
DrmagicE__gmqtt,cdxgen,47,0,265,47,0,0,47,0,0,47,0,265,47,0,0,47,0,0,0,0,0,0,0,0
DrmagicE__gmqtt,cyclonedx-gomod,104,0,208,47,57,0,47,57,0,104,0,208,47,57,0,47,57,0,0,1,3,53,0,0
knq__usql,syft,435,0,294,303,132,0,333,102,0,435,0,294,303,132,0,333,102,0,30,8,0,23,71,0
knq__usql,trivy,364,0,365,303,61,0,333,31,0,364,0,365,303,61,0,333,31,0,30,8,0,23,0,0
knq__usql,cdxgen,303,0,426,303,0,0,303,0,30,303,0,426,303,0,0,303,0,30,0,0,0,0,0,0
knq__usql,cyclonedx-gomod,330,0,399,302,28,1,303,27,30,330,0,399,302,28,1,303,27,30,1,8,0,19,0,0
ctreminiom__go-atlassian,syft,13,0,0,11,2,0,11,2,0,13,0,0,11,2,0,11,2,0,0,0,0,0,2,0
ctreminiom__go-atlassian,trivy,11,0,2,11,0,0,11,0,0,11,0,2,11,0,0,11,0,0,0,0,0,0,0,0
ctreminiom__go-atlassian,cdxgen,11,0,2,11,0,0,11,0,0,11,0,2,11,0,0,11,0,0,0,0,0,0,0,0
ctreminiom__go-atlassian,cyclonedx-gomod,10,0,3,10,0,1,10,0,1,10,0,3,10,0,1,10,0,1,0,0,0,0,0,0
muir__reflectutils,syft,11,0,2,2,9,0,6,5,0,11,0,2,2,9,0,6,5,0,4,0,0,1,4,0
muir__reflectutils,trivy,7,0,6,2,5,0,6,1,0,7,0,6,2,5,0,6,1,0,4,0,0,1,0,0
muir__reflectutils,cdxgen,2,0,11,2,0,0,2,0,4,2,0,11,2,0,0,2,0,4,0,0,0,0,0,0
muir__reflectutils,cyclonedx-gomod,2,0,11,2,0,0,2,0,4,2,0,11,2,0,0,2,0,4,0,0,0,0,0,0
sagikazarmark__modern-go-application,syft,107,0,182,82,25,0,86,21,0,107,0,182,82,25,0,86,21,0,4,1,0,3,17,0
sagikazarmark__modern-go-application,trivy,90,0,199,82,8,0,86,4,0,90,0,199,82,8,0,86,4,0,4,1,0,3,0,0
sagikazarmark__modern-go-application,cdxgen,82,0,207,82,0,0,82,0,4,82,0,207,82,0,0,82,0,4,0,0,0,0,0,0
sagikazarmark__modern-go-application,cyclonedx-gomod,83,0,206,82,1,0,82,1,4,83,0,206,82,1,0,82,1,4,0,1,0,0,0,0
hajimehoshi__ebiten,syft,25,0,7,23,2,0,23,2,0,25,0,7,23,2,0,23,2,0,0,0,0,0,2,0
hajimehoshi__ebiten,trivy,23,0,9,23,0,0,23,0,0,23,0,9,23,0,0,23,0,0,0,0,0,0,0,0
hajimehoshi__ebiten,cdxgen,23,0,9,23,0,0,23,0,0,23,0,9,23,0,0,23,0,0,0,0,0,0,0,0
hajimehoshi__ebiten,cyclonedx-gomod,23,0,9,23,0,0,23,0,0,23,0,9,23,0,0,23,0,0,0,0,0,0,0,0
anatol__luks.go,syft,15,0,4,5,10,0,13,2,0,15,0,4,5,10,0,13,2,0,8,0,0,0,2,0
anatol__luks.go,trivy,13,0,6,5,8,0,13,0,0,13,0,6,5,8,0,13,0,0,8,0,0,0,0,0
anatol__luks.go,cdxgen,5,0,14,5,0,0,5,0,8,5,0,14,5,0,0,5,0,8,0,0,0,0,0,0
anatol__luks.go,cyclonedx-gomod,5,0,14,5,0,0,5,0,8,5,0,14,5,0,0,5,0,8,0,0,0,0,0,0
fergusstrange__embedded-postgres,syft,10,12,2,2,20,0,7,15,0,10,12,2,2,20,0,7,15,0,5,0,0,1,2,12
fergusstrange__embedded-postgres,trivy,8,8,4,2,14,0,7,9,0,8,8,4,2,14,0,7,9,0,5,0,0,1,0,8
fergusstrange__embedded-postgres,cdxgen,2,0,10,2,0,0,2,0,5,2,0,10,2,0,0,2,0,5,0,0,0,0,0,0
fergusstrange__embedded-postgres,cyclonedx-gomod,2,0,10,2,0,0,2,0,5,2,0,10,2,0,0,2,0,5,0,0,0,0,0,0
m-zajac__json2go,syft,8,0,1,3,5,0,7,1,0,8,0,1,3,5,0,7,1,0,4,0,0,0,1,0
m-zajac__json2go,trivy,7,0,2,3,4,0,7,0,0,7,0,2,3,4,0,7,0,0,4,0,0,0,0,0
m-zajac__json2go,cdxgen,3,0,6,3,0,0,3,0,4,3,0,6,3,0,0,3,0,4,0,0,0,0,0,0
m-zajac__json2go,cyclonedx-gomod,3,0,6,3,0,0,3,0,4,3,0,6,3,0,0,3,0,4,0,0,0,0,0,0
RichardKnop__minisql,syft,23,0,19,7,16,0,13,10,0,23,0,19,7,16,0,13,10,0,6,0,1,7,2,0
RichardKnop__minisql,trivy,21,0,21,7,14,0,13,8,0,21,0,21,7,14,0,13,8,0,6,0,1,7,0,0
RichardKnop__minisql,cdxgen,7,0,35,7,0,0,7,0,6,7,0,35,7,0,0,7,0,6,0,0,0,0,0,0
RichardKnop__minisql,cyclonedx-gomod,7,0,35,7,0,0,7,0,6,7,0,35,7,0,0,7,0,6,0,0,0,0,0,0
corazawaf__coraza,syft,75,0,50,17,58,0,23,52,0,75,0,50,17,58,0,23,52,0,6,0,2,5,4,41
corazawaf__coraza,trivy,68,0,57,17,51,0,23,45,0,68,0,57,17,51,0,23,45,0,6,0,2,5,2,36
corazawaf__coraza,cdxgen,35,0,90,17,18,0,18,17,5,35,0,90,17,18,0,18,17,5,1,0,0,0,0,17
corazawaf__coraza,cyclonedx-gomod,34,0,91,17,17,0,17,17,6,34,0,91,17,17,0,17,17,6,0,0,1,0,0,16
duke-git__lancet,syft,2,0,4,2,0,0,2,0,0,2,0,4,2,0,0,2,0,0,0,0,0,0,0,0
duke-git__lancet,trivy,2,0,4,2,0,0,2,0,0,2,0,4,2,0,0,2,0,0,0,0,0,0,0,0
duke-git__lancet,cdxgen,2,0,4,2,0,0,2,0,0,2,0,4,2,0,0,2,0,0,0,0,0,0,0,0
duke-git__lancet,cyclonedx-gomod,2,0,4,2,0,0,2,0,0,2,0,4,2,0,0,2,0,0,0,0,0,0,0,0
alegrey91__fwdctl,syft,38,0,74,24,14,0,24,14,0,38,0,74,24,14,0,24,14,0,0,1,0,5,8,0
alegrey91__fwdctl,trivy,30,0,82,24,6,0,24,6,0,30,0,82,24,6,0,24,6,0,0,1,0,5,0,0
alegrey91__fwdctl,cdxgen,24,0,88,24,0,0,24,0,0,24,0,88,24,0,0,24,0,0,0,0,0,0,0,0
alegrey91__fwdctl,cyclonedx-gomod,30,0,82,24,6,0,24,6,0,30,0,82,24,6,0,24,6,0,0,1,0,5,0,0
pdfcpu__pdfcpu,syft,14,0,9,12,2,0,12,2,0,14,0,9,12,2,0,12,2,0,0,1,0,0,1,0
pdfcpu__pdfcpu,trivy,13,0,10,12,1,0,12,1,0,13,0,10,12,1,0,12,1,0,0,1,0,0,0,0
pdfcpu__pdfcpu,cdxgen,12,0,11,12,0,0,12,0,0,12,0,11,12,0,0,12,0,0,0,0,0,0,0,0
pdfcpu__pdfcpu,cyclonedx-gomod,13,0,10,12,1,0,12,1,0,13,0,10,12,1,0,12,1,0,0,1,0,0,0,0
circa10a__go-aws-news,syft,40,0,8,32,8,0,36,4,0,40,0,8,32,8,0,36,4,0,4,0,0,3,1,0
circa10a__go-aws-news,trivy,39,0,9,32,7,0,36,3,0,39,0,9,32,7,0,36,3,0,4,0,0,3,0,0
circa10a__go-aws-news,cdxgen,32,0,16,32,0,0,32,0,4,32,0,16,32,0,0,32,0,4,0,0,0,0,0,0
circa10a__go-aws-news,cyclonedx-gomod,32,0,16,32,0,0,32,0,4,32,0,16,32,0,0,32,0,4,0,0,0,0,0,0
edwingeng__doublejump,syft,1,1,0,1,1,0,1,1,0,1,2,0,1,2,0,1,2,0,0,0,0,0,0,1
edwingeng__doublejump,trivy,1,1,0,1,1,0,1,1,0,1,2,0,1,2,0,1,2,0,0,0,0,0,0,1
edwingeng__doublejump,cdxgen,1,0,0,1,0,0,1,0,0,1,1,0,1,1,0,1,1,0,0,0,0,0,0,0
edwingeng__doublejump,cyclonedx-gomod,1,0,0,1,0,0,1,0,0,1,0,0,1,0,0,1,0,0,0,0,0,0,0,0
switchupcb__copygen,syft,8,1,8,6,3,0,6,3,0,8,1,8,6,3,0,6,3,0,0,0,0,0,2,1
switchupcb__copygen,trivy,6,1,10,6,1,0,6,1,0,6,1,10,6,1,0,6,1,0,0,0,0,0,0,1
switchupcb__copygen,cdxgen,6,0,10,6,0,0,6,0,0,6,0,10,6,0,0,6,0,0,0,0,0,0,0,0
switchupcb__copygen,cyclonedx-gomod,6,0,10,6,0,0,6,0,0,6,0,10,6,0,0,6,0,0,0,0,0,0,0,0
dwin__goSecretBoxPassword,syft,8,0,0,2,6,0,4,4,0,8,0,0,2,6,0,4,4,0,2,0,0,4,0,0
dwin__goSecretBoxPassword,trivy,8,0,0,2,6,0,4,4,0,8,0,0,2,6,0,4,4,0,2,0,0,4,0,0
dwin__goSecretBoxPassword,cdxgen,4,0,4,2,2,0,4,0,0,4,0,4,2,2,0,4,0,0,2,0,0,0,0,0
dwin__goSecretBoxPassword,cyclonedx-gomod,2,0,6,2,0,0,2,0,2,2,0,6,2,0,0,2,0,2,0,0,0,0,0,0
born-ml__born,syft,15,9,1,9,15,0,13,11,0,15,9,1,9,15,0,13,11,0,4,0,0,1,1,9
born-ml__born,trivy,14,8,2,9,13,0,13,9,0,14,8,2,9,13,0,13,9,0,4,0,0,1,0,8
born-ml__born,cdxgen,9,4,7,9,4,0,9,4,4,9,4,7,9,4,0,9,4,4,0,0,0,0,0,4
born-ml__born,cyclonedx-gomod,10,0,6,9,1,0,9,1,4,10,0,6,9,1,0,9,1,4,0,0,0,1,0,0
foolin__goview,syft,85,0,59,48,37,0,48,37,0,85,0,59,48,37,0,48,37,0,0,0,0,16,21,0
foolin__goview,trivy,144,0,0,48,96,0,48,96,0,144,0,0,48,96,0,48,96,0,0,0,0,16,80,0
foolin__goview,cdxgen,48,0,96,48,0,0,48,0,0,48,0,96,48,0,0,48,0,0,0,0,0,0,0,0
foolin__goview,cyclonedx-gomod,48,0,96,48,0,0,48,0,0,48,0,96,48,0,0,48,0,0,0,0,0,0,0,0
tendermint__tendermint,syft,NA
tendermint__tendermint,trivy,NA
tendermint__tendermint,cdxgen,NA
tendermint__tendermint,cyclonedx-gomod,NA
arceus-7__chroma16,syft,14,0,2,13,1,0,13,1,0,14,0,2,13,1,0,13,1,0,0,0,0,0,1,0
arceus-7__chroma16,trivy,13,0,3,13,0,0,13,0,0,13,0,3,13,0,0,13,0,0,0,0,0,0,0,0
arceus-7__chroma16,cdxgen,13,0,3,13,0,0,13,0,0,13,0,3,13,0,0,13,0,0,0,0,0,0,0,0
arceus-7__chroma16,cyclonedx-gomod,13,0,3,13,0,0,13,0,0,13,0,3,13,0,0,13,0,0,0,0,0,0,0,0
esurdam__go-swagger-ui,syft,1,0,0,1,0,0,1,0,0,1,0,0,1,0,0,1,0,0,0,0,0,0,0,0
esurdam__go-swagger-ui,trivy,1,0,0,1,0,0,1,0,0,1,0,0,1,0,0,1,0,0,0,0,0,0,0,0
esurdam__go-swagger-ui,cdxgen,1,0,0,1,0,0,1,0,0,1,0,0,1,0,0,1,0,0,0,0,0,0,0,0
esurdam__go-swagger-ui,cyclonedx-gomod,1,0,0,1,0,0,1,0,0,1,0,0,1,0,0,1,0,0,0,0,0,0,0,0
gographics__imagick,syft,1,1,0,1,1,0,1,1,0,1,1,0,1,1,0,1,1,0,0,0,0,0,0,1
gographics__imagick,trivy,1,1,0,1,1,0,1,1,0,1,1,0,1,1,0,1,1,0,0,0,0,0,0,1
gographics__imagick,cdxgen,1,0,0,1,0,0,1,0,0,1,0,0,1,0,0,1,0,0,0,0,0,0,0,0
gographics__imagick,cyclonedx-gomod,1,0,0,1,0,0,1,0,0,1,0,0,1,0,0,1,0,0,0,0,0,0,0,0
uadmin__uadmin,syft,33,0,14,27,6,0,27,6,0,33,0,14,27,6,0,27,6,0,0,1,0,0,5,0
uadmin__uadmin,trivy,28,0,19,27,1,0,27,1,0,28,0,19,27,1,0,27,1,0,0,1,0,0,0,0
uadmin__uadmin,cdxgen,27,0,20,27,0,0,27,0,0,27,0,20,27,0,0,27,0,0,0,0,0,0,0,0
uadmin__uadmin,cyclonedx-gomod,28,0,19,27,1,0,27,1,0,28,0,19,27,1,0,27,1,0,0,1,0,0,0,0
0xcafed00d__joystick,syft,3,0,0,3,0,0,3,0,0,3,0,0,3,0,0,3,0,0,0,0,0,0,0,0
0xcafed00d__joystick,trivy,3,0,0,3,0,0,3,0,0,3,0,0,3,0,0,3,0,0,0,0,0,0,0,0
0xcafed00d__joystick,cdxgen,3,0,0,3,0,0,3,0,0,3,0,0,3,0,0,3,0,0,0,0,0,0,0,0
0xcafed00d__joystick,cyclonedx-gomod,3,0,0,3,0,0,3,0,0,3,0,0,3,0,0,3,0,0,0,0,0,0,0,0
g4s8__envdoc,syft,13,0,6,2,11,0,4,9,0,13,0,6,2,11,0,4,9,0,2,0,0,0,9,0
g4s8__envdoc,trivy,15,0,4,2,13,0,4,11,0,15,0,4,2,13,0,4,11,0,2,0,0,0,11,0
g4s8__envdoc,cdxgen,2,0,17,2,0,0,2,0,2,2,0,17,2,0,0,2,0,2,0,0,0,0,0,0
g4s8__envdoc,cyclonedx-gomod,2,0,17,2,0,0,2,0,2,2,0,17,2,0,0,2,0,2,0,0,0,0,0,0
flowbaker__flowbaker,syft,230,0,77,176,54,0,179,51,0,230,0,77,176,54,0,179,51,0,3,8,0,9,34,0
flowbaker__flowbaker,trivy,196,0,111,176,20,0,179,17,0,196,0,111,176,20,0,179,17,0,3,8,0,9,0,0
flowbaker__flowbaker,cdxgen,176,0,131,176,0,0,176,0,3,176,0,131,176,0,0,176,0,3,0,0,0,0,0,0
flowbaker__flowbaker,cyclonedx-gomod,193,0,114,176,17,0,176,17,3,193,0,114,176,17,0,176,17,3,0,8,0,9,0,0
goravel__goravel,syft,184,0,55,137,47,0,137,47,0,184,0,55,137,47,0,137,47,0,0,2,0,12,33,0
goravel__goravel,trivy,151,0,88,137,14,0,137,14,0,151,0,88,137,14,0,137,14,0,0,2,0,12,0,0
goravel__goravel,cdxgen,137,0,102,137,0,0,137,0,0,137,0,102,137,0,0,137,0,0,0,0,0,0,0,0
goravel__goravel,cyclonedx-gomod,149,0,90,136,13,1,136,13,1,149,0,90,136,13,1,136,13,1,0,2,0,11,0,0
daveshanley__vacuum,syft,129,2,113,94,37,0,95,36,0,129,9,113,94,44,0,95,43,0,1,2,0,0,32,2
daveshanley__vacuum,trivy,98,1,144,94,5,0,95,4,0,98,7,144,94,11,0,95,10,0,1,2,0,0,1,1
daveshanley__vacuum,cdxgen,95,0,147,94,1,0,94,1,1,95,6,147,94,7,0,94,7,1,0,0,0,0,1,0
daveshanley__vacuum,cyclonedx-gomod,96,0,146,94,2,0,94,2,1,96,0,146,94,2,0,94,2,1,0,2,0,0,0,0
hyperonym__ratus,syft,61,0,21,40,21,0,40,21,0,61,0,21,40,21,0,40,21,0,0,0,0,11,10,0
hyperonym__ratus,trivy,51,0,31,40,11,0,40,11,0,51,0,31,40,11,0,40,11,0,0,0,0,11,0,0
hyperonym__ratus,cdxgen,40,0,42,40,0,0,40,0,0,40,0,42,40,0,0,40,0,0,0,0,0,0,0,0
hyperonym__ratus,cyclonedx-gomod,50,0,32,40,10,0,40,10,0,50,0,32,40,10,0,40,10,0,0,0,0,10,0,0
o1egl__paseto,syft,9,0,3,4,5,0,8,1,0,9,0,3,4,5,0,8,1,0,4,0,0,0,1,0
o1egl__paseto,trivy,12,0,0,4,8,0,8,4,0,12,0,0,4,8,0,8,4,0,4,0,0,0,4,0
o1egl__paseto,cdxgen,4,0,8,4,0,0,4,0,4,4,0,8,4,0,0,4,0,4,0,0,0,0,0,0
o1egl__paseto,cyclonedx-gomod,4,0,8,4,0,0,4,0,4,4,0,8,4,0,0,4,0,4,0,0,0,0,0,0
testcontainers__testcontainers-go,syft,74,578,4,43,609,0,44,608,0,69,751,9,43,777,0,44,776,0,1,4,0,3,12,589
testcontainers__testcontainers-go,trivy,69,483,9,43,509,0,44,508,0,64,614,14,43,635,0,44,634,0,1,4,0,3,8,493
testcontainers__testcontainers-go,cdxgen,56,96,22,43,109,0,43,109,1,50,131,28,43,138,0,43,138,1,0,0,0,0,5,104
testcontainers__testcontainers-go,cyclonedx-gomod,50,0,28,43,7,0,43,7,1,50,0,28,43,7,0,43,7,1,0,4,0,3,0,0
go-kata__kinit,syft,2,0,0,2,0,0,2,0,0,2,0,0,2,0,0,2,0,0,0,0,0,0,0,0
go-kata__kinit,trivy,2,0,0,2,0,0,2,0,0,2,0,0,2,0,0,2,0,0,0,0,0,0,0,0
go-kata__kinit,cdxgen,2,0,0,2,0,0,2,0,0,2,0,0,2,0,0,2,0,0,0,0,0,0,0,0
go-kata__kinit,cyclonedx-gomod,2,0,0,2,0,0,2,0,0,2,0,0,2,0,0,2,0,0,0,0,0,0,0,0
cometbft__cometbft,syft,238,0,200,143,95,0,156,82,0,238,0,200,143,95,0,156,82,0,13,2,2,31,47,0
cometbft__cometbft,trivy,191,0,247,143,48,0,156,35,0,191,0,247,143,48,0,156,35,0,13,2,2,31,0,0
cometbft__cometbft,cdxgen,143,0,295,143,0,0,143,0,13,143,0,295,143,0,0,143,0,13,0,0,0,0,0,0
cometbft__cometbft,cyclonedx-gomod,173,0,265,142,31,1,142,31,14,173,0,265,142,31,1,142,31,14,0,1,2,28,0,0
zitadel__oidc,syft,38,0,10,25,13,0,31,7,0,38,0,10,25,13,0,31,7,0,6,0,0,0,7,0
zitadel__oidc,trivy,31,0,17,25,6,0,31,0,0,31,0,17,25,6,0,31,0,0,6,0,0,0,0,0
zitadel__oidc,cdxgen,25,0,23,25,0,0,25,0,6,25,0,23,25,0,0,25,0,6,0,0,0,0,0,0
zitadel__oidc,cyclonedx-gomod,25,0,23,25,0,0,25,0,6,25,0,23,25,0,0,25,0,6,0,0,0,0,0,0
balerter__balerter,syft,88,0,57,58,30,0,64,24,0,88,0,57,58,30,0,64,24,0,6,2,0,2,0,20
balerter__balerter,trivy,68,0,77,58,10,0,64,4,0,68,0,77,58,10,0,64,4,0,6,2,0,2,0,0
balerter__balerter,cdxgen,68,0,77,58,10,0,64,4,0,68,0,77,58,10,0,64,4,0,6,2,0,2,0,0
balerter__balerter,cyclonedx-gomod,62,0,83,58,4,0,58,4,6,62,0,83,58,4,0,58,4,6,0,2,0,2,0,0
Forceu__gokapi,syft,71,0,43,30,41,0,34,37,0,71,0,43,30,41,0,34,37,0,4,4,1,10,22,0
Forceu__gokapi,trivy,49,0,65,30,19,0,34,15,0,49,0,65,30,19,0,34,15,0,4,4,1,10,0,0
Forceu__gokapi,cdxgen,49,0,65,30,19,0,34,15,0,49,0,65,30,19,0,34,15,0,4,4,1,10,0,0
Forceu__gokapi,cyclonedx-gomod,41,0,73,30,11,0,30,11,4,41,0,73,30,11,0,30,11,4,0,4,1,6,0,0
yaitoo__xun,syft,17,0,5,11,6,0,15,2,0,17,0,5,11,6,0,15,2,0,4,0,0,0,2,0
yaitoo__xun,trivy,15,0,7,11,4,0,15,0,0,15,0,7,11,4,0,15,0,0,4,0,0,0,0,0
yaitoo__xun,cdxgen,11,0,11,11,0,0,11,0,4,11,0,11,11,0,0,11,0,4,0,0,0,0,0,0
yaitoo__xun,cyclonedx-gomod,11,0,11,11,0,0,11,0,4,11,0,11,11,0,0,11,0,4,0,0,0,0,0,0
kpango__glg,syft,11,0,3,2,9,0,6,5,0,11,0,3,2,9,0,6,5,0,4,0,0,0,5,0
kpango__glg,trivy,6,0,8,2,4,0,6,0,0,6,0,8,2,4,0,6,0,0,4,0,0,0,0,0
kpango__glg,cdxgen,2,0,12,2,0,0,2,0,4,2,0,12,2,0,0,2,0,4,0,0,0,0,0,0
kpango__glg,cyclonedx-gomod,2,0,12,2,0,0,2,0,4,2,0,12,2,0,0,2,0,4,0,0,0,0,0,0
get-woke__woke,syft,46,0,106,33,13,0,36,10,0,46,0,106,33,13,0,36,10,0,3,1,0,2,7,0
get-woke__woke,trivy,39,0,113,33,6,0,36,3,0,39,0,113,33,6,0,36,3,0,3,1,0,2,0,0
get-woke__woke,cdxgen,33,0,119,33,0,0,33,0,3,33,0,119,33,0,0,33,0,3,0,0,0,0,0,0
get-woke__woke,cyclonedx-gomod,36,0,116,33,3,0,33,3,3,36,0,116,33,3,0,33,3,3,0,1,0,2,0,0
emvi__hide,syft,1,0,0,1,0,0,1,0,0,1,0,0,1,0,0,1,0,0,0,0,0,0,0,0
emvi__hide,trivy,1,0,0,1,0,0,1,0,0,1,0,0,1,0,0,1,0,0,0,0,0,0,0,0
emvi__hide,cdxgen,1,0,0,1,0,0,1,0,0,1,0,0,1,0,0,1,0,0,0,0,0,0,0,0
emvi__hide,cyclonedx-gomod,1,0,0,1,0,0,1,0,0,1,0,0,1,0,0,1,0,0,0,0,0,0,0,0
mvdan__sh,syft,13,7,4,5,15,0,11,9,0,13,9,4,5,17,0,11,11,0,6,0,0,2,0,7
mvdan__sh,trivy,13,7,4,5,15,0,11,9,0,13,9,4,5,17,0,11,11,0,6,0,0,2,0,7
mvdan__sh,cdxgen,5,6,12,5,6,0,5,6,6,5,8,12,5,8,0,5,8,6,0,0,0,0,0,6
mvdan__sh,cyclonedx-gomod,8,0,9,5,3,0,6,2,5,8,0,9,5,3,0,6,2,5,1,0,0,2,0,0
formancehq__ledger,syft,296,139,95,202,233,0,222,213,0,288,163,103,201,250,1,221,230,1,20,3,2,16,37,155
formancehq__ledger,trivy,264,120,127,202,182,0,222,162,0,254,139,137,201,192,1,221,172,1,20,3,2,16,8,133
formancehq__ledger,cdxgen,216,73,175,202,87,0,202,87,20,212,83,179,202,93,0,202,93,20,0,0,0,2,5,80
formancehq__ledger,cyclonedx-gomod,208,0,183,200,8,2,200,8,22,207,1,184,199,9,3,199,9,23,0,3,0,5,0,0
viant__endly,syft,275,6,355,204,77,0,208,73,0,275,21,355,204,92,0,208,88,0,4,1,0,22,44,6
viant__endly,trivy,630,66,0,204,492,0,208,488,0,601,116,29,204,513,0,208,509,0,4,1,0,22,368,97
viant__endly,cdxgen,204,0,426,204,0,0,204,0,4,204,5,426,204,5,0,204,5,4,0,0,0,0,0,0
viant__endly,cyclonedx-gomod,217,0,413,204,13,0,204,13,4,217,0,413,204,13,0,204,13,4,0,1,0,12,0,0
golang__oauth2,syft,1,0,0,1,0,0,1,0,0,1,0,0,1,0,0,1,0,0,0,0,0,0,0,0
golang__oauth2,trivy,1,0,0,1,0,0,1,0,0,1,0,0,1,0,0,1,0,0,0,0,0,0,0,0
golang__oauth2,cdxgen,1,0,0,1,0,0,1,0,0,1,0,0,1,0,0,1,0,0,0,0,0,0,0,0
golang__oauth2,cyclonedx-gomod,1,0,0,1,0,0,1,0,0,1,0,0,1,0,0,1,0,0,0,0,0,0,0,0
oblq__swap,syft,9,0,3,2,7,0,6,3,0,9,0,3,2,7,0,6,3,0,4,0,0,3,0,0
oblq__swap,trivy,12,0,0,2,10,0,6,6,0,12,0,0,2,10,0,6,6,0,4,0,0,3,3,0
oblq__swap,cdxgen,2,0,10,2,0,0,2,0,4,2,0,10,2,0,0,2,0,4,0,0,0,0,0,0
oblq__swap,cyclonedx-gomod,2,0,10,2,0,0,2,0,4,2,0,10,2,0,0,2,0,4,0,0,0,0,0,0
go-music-theory__music-theory,syft,6,0,0,2,4,0,5,1,0,6,0,0,2,4,0,5,1,0,3,0,0,0,1,0
go-music-theory__music-theory,trivy,6,0,0,2,4,0,5,1,0,6,0,0,2,4,0,5,1,0,3,0,0,0,1,0
go-music-theory__music-theory,cdxgen,2,0,4,2,0,0,2,0,3,2,0,4,2,0,0,2,0,3,0,0,0,0,0,0
go-music-theory__music-theory,cyclonedx-gomod,2,0,4,2,0,0,2,0,3,2,0,4,2,0,0,2,0,3,0,0,0,0,0,0
Henry-Sarabia__igdb,syft,5,0,0,4,1,0,4,1,0,5,0,0,4,1,0,4,1,0,0,0,1,0,0,0
Henry-Sarabia__igdb,trivy,5,0,0,4,1,0,4,1,0,5,0,0,4,1,0,4,1,0,0,0,1,0,0,0
Henry-Sarabia__igdb,cdxgen,4,0,1,4,0,0,4,0,0,4,0,1,4,0,0,4,0,0,0,0,0,0,0,0
Henry-Sarabia__igdb,cyclonedx-gomod,4,0,1,4,0,0,4,0,0,4,0,1,4,0,0,4,0,0,0,0,0,0,0,0
yuseferi__zax,syft,8,0,2,2,6,0,6,2,0,8,0,2,2,6,0,6,2,0,4,0,0,0,2,0
yuseferi__zax,trivy,6,0,4,2,4,0,6,0,0,6,0,4,2,4,0,6,0,0,4,0,0,0,0,0
yuseferi__zax,cdxgen,2,0,8,2,0,0,2,0,4,2,0,8,2,0,0,2,0,4,0,0,0,0,0,0
yuseferi__zax,cyclonedx-gomod,2,0,8,2,0,0,2,0,4,2,0,8,2,0,0,2,0,4,0,0,0,0,0,0
go-goyave__goyave,syft,118,0,266,77,41,0,81,37,0,118,0,266,77,41,0,81,37,0,4,0,0,3,34,0
go-goyave__goyave,trivy,84,0,300,77,7,0,81,3,0,84,0,300,77,7,0,81,3,0,4,0,0,3,0,0
go-goyave__goyave,cdxgen,77,0,307,77,0,0,77,0,4,77,0,307,77,0,0,77,0,4,0,0,0,0,0,0
go-goyave__goyave,cyclonedx-gomod,80,0,304,77,3,0,77,3,4,80,0,304,77,3,0,77,3,4,0,0,0,3,0,0
s0ders__go-semver-release,syft,56,0,14,36,20,0,39,17,0,56,0,14,36,20,0,39,17,0,3,2,0,1,14,0
s0ders__go-semver-release,trivy,42,0,28,36,6,0,39,3,0,42,0,28,36,6,0,39,3,0,3,2,0,1,0,0
s0ders__go-semver-release,cdxgen,36,0,34,36,0,0,36,0,3,36,0,34,36,0,0,36,0,3,0,0,0,0,0,0
s0ders__go-semver-release,cyclonedx-gomod,38,0,32,36,2,0,36,2,3,38,0,32,36,2,0,36,2,3,0,2,0,0,0,0
guumaster__hostctl,syft,40,0,65,25,15,0,28,12,0,40,0,65,25,15,0,28,12,0,3,2,0,5,5,0
guumaster__hostctl,trivy,35,0,70,25,10,0,28,7,0,35,0,70,25,10,0,28,7,0,3,2,0,5,0,0
guumaster__hostctl,cdxgen,25,0,80,25,0,0,25,0,3,25,0,80,25,0,0,25,0,3,0,0,0,0,0,0
guumaster__hostctl,cyclonedx-gomod,29,0,76,25,4,0,25,4,3,29,0,76,25,4,0,25,4,3,0,2,0,2,0,0
Jacobbrewer1__patcher,syft,38,0,59,6,32,0,6,32,0,38,0,59,6,32,0,6,32,0,0,0,1,28,3,0
Jacobbrewer1__patcher,trivy,35,0,62,6,29,0,6,29,0,35,0,62,6,29,0,6,29,0,0,0,1,28,0,0
Jacobbrewer1__patcher,cdxgen,35,0,62,6,29,0,6,29,0,35,0,62,6,29,0,6,29,0,0,0,1,28,0,0
Jacobbrewer1__patcher,cyclonedx-gomod,35,0,62,6,29,0,6,29,0,35,0,62,6,29,0,6,29,0,0,0,1,28,0,0
roseduan__rosedb,syft,14,0,3,6,8,0,10,4,0,14,0,3,6,8,0,10,4,0,4,0,0,3,1,0
roseduan__rosedb,trivy,13,0,4,6,7,0,10,3,0,13,0,4,6,7,0,10,3,0,4,0,0,3,0,0
roseduan__rosedb,cdxgen,6,0,11,6,0,0,6,0,4,6,0,11,6,0,0,6,0,4,0,0,0,0,0,0
roseduan__rosedb,cyclonedx-gomod,7,0,10,6,1,0,6,1,4,7,0,10,6,1,0,6,1,4,0,0,0,1,0,0
alebeck__boring,syft,7,0,1,6,1,0,7,0,0,7,0,1,6,1,0,7,0,0,1,0,0,0,0,0
alebeck__boring,trivy,7,0,1,6,1,0,7,0,0,7,0,1,6,1,0,7,0,0,1,0,0,0,0,0
alebeck__boring,cdxgen,6,0,2,6,0,0,6,0,1,6,0,2,6,0,0,6,0,1,0,0,0,0,0,0
alebeck__boring,cyclonedx-gomod,6,0,2,6,0,0,6,0,1,6,0,2,6,0,0,6,0,1,0,0,0,0,0,0
reeflective__console,syft,20,0,13,11,9,0,11,9,0,20,0,13,11,9,0,11,9,0,0,1,0,1,7,0
reeflective__console,trivy,13,0,20,11,2,0,11,2,0,13,0,20,11,2,0,11,2,0,0,1,0,1,0,0
reeflective__console,cdxgen,11,0,22,11,0,0,11,0,0,11,0,22,11,0,0,11,0,0,0,0,0,0,0,0
reeflective__console,cyclonedx-gomod,12,0,21,11,1,0,11,1,0,12,0,21,11,1,0,11,1,0,0,1,0,0,0,0
mholt__archives,syft,26,0,55,19,7,0,19,7,0,26,0,55,19,7,0,19,7,0,0,0,0,0,7,0
mholt__archives,trivy,19,0,62,19,0,0,19,0,0,19,0,62,19,0,0,19,0,0,0,0,0,0,0,0
mholt__archives,cdxgen,19,0,62,19,0,0,19,0,0,19,0,62,19,0,0,19,0,0,0,0,0,0,0,0
mholt__archives,cyclonedx-gomod,19,0,62,19,0,0,19,0,0,19,0,62,19,0,0,19,0,0,0,0,0,0,0,0
roblillack__spot,syft,2,0,1,1,1,0,1,1,0,2,0,1,1,1,0,1,1,0,0,0,0,1,0,0
roblillack__spot,trivy,2,0,1,1,1,0,1,1,0,2,0,1,1,1,0,1,1,0,0,0,0,1,0,0
roblillack__spot,cdxgen,1,0,2,1,0,0,1,0,0,1,0,2,1,0,0,1,0,0,0,0,0,0,0,0
roblillack__spot,cyclonedx-gomod,1,0,2,1,0,0,1,0,0,1,0,2,1,0,0,1,0,0,0,0,0,0,0,0
stripe__stripe-go,syft,5,0,1,4,1,0,4,1,0,5,0,1,4,1,0,4,1,0,0,0,0,0,1,0
stripe__stripe-go,trivy,4,0,2,4,0,0,4,0,0,4,0,2,4,0,0,4,0,0,0,0,0,0,0,0
stripe__stripe-go,cdxgen,4,0,2,4,0,0,4,0,0,4,0,2,4,0,0,4,0,0,0,0,0,0,0,0
stripe__stripe-go,cyclonedx-gomod,4,0,2,4,0,0,4,0,0,4,0,2,4,0,0,4,0,0,0,0,0,0,0,0
dnaeon__go-vcr,syft,1,0,0,1,0,0,1,0,0,1,0,0,1,0,0,1,0,0,0,0,0,0,0,0
dnaeon__go-vcr,trivy,1,0,0,1,0,0,1,0,0,1,0,0,1,0,0,1,0,0,0,0,0,0,0,0
dnaeon__go-vcr,cdxgen,1,0,0,1,0,0,1,0,0,1,0,0,1,0,0,1,0,0,0,0,0,0,0,0
dnaeon__go-vcr,cyclonedx-gomod,1,0,0,1,0,0,1,0,0,1,0,0,1,0,0,1,0,0,0,0,0,0,0,0
blind-oracle__nginx-prometheus,syft,23,0,190,14,9,0,18,5,0,23,0,190,14,9,0,18,5,0,4,0,0,0,5,0
blind-oracle__nginx-prometheus,trivy,213,0,0,14,199,0,18,195,0,213,0,0,14,199,0,18,195,0,4,0,0,0,195,0
blind-oracle__nginx-prometheus,cdxgen,14,0,199,14,0,0,14,0,4,14,0,199,14,0,0,14,0,4,0,0,0,0,0,0
blind-oracle__nginx-prometheus,cyclonedx-gomod,14,0,199,14,0,0,14,0,4,14,0,199,14,0,0,14,0,4,0,0,0,0,0,0
assafmo__joincap,syft,5,0,7,5,0,0,5,0,0,5,0,7,5,0,0,5,0,0,0,0,0,0,0,0
assafmo__joincap,trivy,12,0,0,5,7,0,5,7,0,12,0,0,5,7,0,5,7,0,0,0,0,0,7,0
assafmo__joincap,cdxgen,5,0,7,5,0,0,5,0,0,5,0,7,5,0,0,5,0,0,0,0,0,0,0,0
assafmo__joincap,cyclonedx-gomod,5,0,7,5,0,0,5,0,0,5,0,7,5,0,0,5,0,0,0,0,0,0,0,0
nanomsg__mangos,syft,4,0,3,2,2,0,2,2,0,4,0,3,2,2,0,2,2,0,0,2,0,0,0,0
nanomsg__mangos,trivy,4,0,3,2,2,0,2,2,0,4,0,3,2,2,0,2,2,0,0,2,0,0,0,0
nanomsg__mangos,cdxgen,2,0,5,2,0,0,2,0,0,2,0,5,2,0,0,2,0,0,0,0,0,0,0,0
nanomsg__mangos,cyclonedx-gomod,4,0,3,2,2,0,2,2,0,4,0,3,2,2,0,2,2,0,0,2,0,0,0,0
updatecli__updatecli,syft,444,48,315,310,182,1,332,160,1,438,172,321,310,300,1,332,278,1,22,4,0,7,91,58
updatecli__updatecli,trivy,NA
updatecli__updatecli,cdxgen,370,51,389,311,110,0,333,88,0,356,176,403,311,221,0,333,199,0,22,4,0,7,16,61
updatecli__updatecli,cyclonedx-gomod,314,1,445,309,6,2,309,6,24,314,1,445,309,6,2,309,6,24,0,3,0,2,1,0
agenticenv__agent-sdk-go,syft,131,9,254,111,29,0,113,27,0,131,10,254,111,30,0,113,28,0,2,0,0,0,18,9
agenticenv__agent-sdk-go,trivy,113,4,272,111,6,0,113,4,0,113,4,272,111,6,0,113,4,0,2,0,0,0,0,4
agenticenv__agent-sdk-go,cdxgen,111,3,274,111,3,0,111,3,2,111,3,274,111,3,0,111,3,2,0,0,0,0,0,3
agenticenv__agent-sdk-go,cyclonedx-gomod,107,0,278,107,0,4,107,0,6,107,0,278,107,0,4,107,0,6,0,0,0,0,0,0
milad-abbasi__gonfig,syft,7,0,1,3,4,0,6,1,0,7,0,1,3,4,0,6,1,0,3,0,0,0,1,0
milad-abbasi__gonfig,trivy,8,1,0,3,6,0,6,3,0,7,2,1,3,6,0,5,4,1,3,0,0,0,3,0
milad-abbasi__gonfig,cdxgen,3,0,5,3,0,0,3,0,3,3,0,5,3,0,0,3,0,3,0,0,0,0,0,0
milad-abbasi__gonfig,cyclonedx-gomod,3,0,5,3,0,0,3,0,3,3,0,5,3,0,0,3,0,3,0,0,0,0,0,0
openziti-test-kitchen__zssh,syft,141,0,220,107,34,0,107,34,0,140,1,221,106,35,1,106,35,1,0,5,0,9,20,0
openziti-test-kitchen__zssh,trivy,121,0,240,107,14,0,107,14,0,120,1,241,106,15,1,106,15,1,0,5,0,9,0,0
openziti-test-kitchen__zssh,cdxgen,107,0,254,107,0,0,107,0,0,107,0,254,107,0,0,107,0,0,0,0,0,0,0,0
openziti-test-kitchen__zssh,cyclonedx-gomod,117,0,244,104,13,3,104,13,3,116,1,245,103,14,4,103,14,4,0,5,0,8,0,0
google__cel-go,syft,11,10,6,8,13,0,9,12,0,11,17,6,8,20,0,9,19,0,1,0,0,0,1,11
google__cel-go,trivy,10,10,7,8,12,0,9,11,0,10,16,7,8,18,0,9,17,0,1,0,0,0,0,11
google__cel-go,cdxgen,10,11,7,8,13,0,9,12,0,10,16,7,8,18,0,9,17,0,1,0,0,0,0,12
google__cel-go,cyclonedx-gomod,8,0,9,8,0,0,8,0,1,8,0,9,8,0,0,8,0,1,0,0,0,0,0,0
aymanhs__nanotdb,syft,2,0,0,2,0,0,2,0,0,2,0,0,2,0,0,2,0,0,0,0,0,0,0,0
aymanhs__nanotdb,trivy,2,0,0,2,0,0,2,0,0,2,0,0,2,0,0,2,0,0,0,0,0,0,0,0
aymanhs__nanotdb,cdxgen,2,0,0,2,0,0,2,0,0,2,0,0,2,0,0,2,0,0,0,0,0,0,0,0
aymanhs__nanotdb,cyclonedx-gomod,2,0,0,2,0,0,2,0,0,2,0,0,2,0,0,2,0,0,0,0,0,0,0,0
yahoo__vssh,syft,11,0,3,1,10,0,3,8,0,11,0,3,1,10,0,3,8,0,2,0,0,0,8,0
yahoo__vssh,trivy,14,0,0,1,13,0,3,11,0,14,0,0,1,13,0,3,11,0,2,0,0,0,11,0
yahoo__vssh,cdxgen,1,0,13,1,0,0,1,0,2,1,0,13,1,0,0,1,0,2,0,0,0,0,0,0
yahoo__vssh,cyclonedx-gomod,2,0,12,1,1,0,1,1,2,2,0,12,1,1,0,1,1,2,0,0,0,0,1,0
pkg__sftp,syft,9,0,3,2,7,0,6,3,0,9,0,3,2,7,0,6,3,0,4,1,0,0,2,0
pkg__sftp,trivy,7,0,5,2,5,0,6,1,0,7,0,5,2,5,0,6,1,0,4,1,0,0,0,0
pkg__sftp,cdxgen,2,0,10,2,0,0,2,0,4,2,0,10,2,0,0,2,0,4,0,0,0,0,0,0
pkg__sftp,cyclonedx-gomod,3,0,9,2,1,0,2,1,4,3,0,9,2,1,0,2,1,4,0,1,0,0,0,0
hybridgroup__gobot,syft,46,0,27,25,21,0,29,17,0,46,0,27,25,21,0,29,17,0,4,2,3,9,3,0
hybridgroup__gobot,trivy,43,0,30,25,18,0,29,14,0,43,0,30,25,18,0,29,14,0,4,2,3,9,0,0
hybridgroup__gobot,cdxgen,25,0,48,25,0,0,25,0,4,25,0,48,25,0,0,25,0,4,0,0,0,0,0,0
hybridgroup__gobot,cyclonedx-gomod,37,0,36,25,12,0,25,12,4,37,0,36,25,12,0,25,12,4,0,2,3,7,0,0
jeroenrinzema__commander,syft,24,4,344,12,16,0,12,16,0,23,5,345,12,16,0,12,16,0,0,0,2,0,10,4
jeroenrinzema__commander,trivy,368,14,0,12,370,0,12,370,0,368,20,0,12,376,0,12,376,0,0,0,2,0,354,14
jeroenrinzema__commander,cdxgen,12,0,356,12,0,0,12,0,0,12,0,356,12,0,0,12,0,0,0,0,0,0,0,0
jeroenrinzema__commander,cyclonedx-gomod,132,0,236,12,120,0,12,120,0,132,0,236,12,120,0,12,120,0,0,0,2,0,118,0
lindb__lindb,syft,246,0,236,161,85,0,162,84,0,246,0,236,161,85,0,162,84,0,1,4,0,12,68,0
lindb__lindb,trivy,178,0,304,161,17,0,162,16,0,178,0,304,161,17,0,162,16,0,1,4,0,12,0,0
lindb__lindb,cdxgen,161,0,321,161,0,0,161,0,1,161,0,321,161,0,0,161,0,1,0,0,0,0,0,0
lindb__lindb,cyclonedx-gomod,173,0,309,157,16,4,157,16,5,173,0,309,157,16,4,157,16,5,0,4,0,12,0,0
fastschema__fastschema,syft,270,0,99,150,120,0,150,120,0,270,0,99,150,120,0,150,120,0,0,3,0,8,109,0
fastschema__fastschema,trivy,161,0,208,150,11,0,150,11,0,161,0,208,150,11,0,150,11,0,0,3,0,8,0,0
fastschema__fastschema,cdxgen,150,0,219,150,0,0,150,0,0,150,0,219,150,0,0,150,0,0,0,0,0,0,0,0
fastschema__fastschema,cyclonedx-gomod,160,0,209,150,10,0,150,10,0,160,0,209,150,10,0,150,10,0,0,3,0,7,0,0
gojek__darkroom,syft,79,0,195,55,24,0,55,24,0,79,0,195,55,24,0,55,24,0,0,1,0,10,13,0
gojek__darkroom,trivy,66,0,208,55,11,0,55,11,0,66,0,208,55,11,0,55,11,0,0,1,0,10,0,0
gojek__darkroom,cdxgen,55,0,219,55,0,0,55,0,0,55,0,219,55,0,0,55,0,0,0,0,0,0,0,0
gojek__darkroom,cyclonedx-gomod,63,0,211,54,9,1,54,9,1,63,0,211,54,9,1,54,9,1,0,1,0,8,0,0
golang-module__dongle,syft,7,0,4,2,5,0,6,1,0,7,0,4,2,5,0,6,1,0,4,0,0,0,1,0
golang-module__dongle,trivy,6,0,5,2,4,0,6,0,0,6,0,5,2,4,0,6,0,0,4,0,0,0,0,0
golang-module__dongle,cdxgen,2,0,9,2,0,0,2,0,4,2,0,9,2,0,0,2,0,4,0,0,0,0,0,0
golang-module__dongle,cyclonedx-gomod,2,0,9,2,0,0,2,0,4,2,0,9,2,0,0,2,0,4,0,0,0,0,0,0
neilotoole__sq,syft,221,188,283,124,285,0,130,279,0,205,241,299,124,322,0,130,316,0,6,5,0,11,64,199
neilotoole__sq,trivy,172,178,332,124,226,0,130,220,0,156,221,348,124,253,0,130,247,0,6,5,0,11,17,187
neilotoole__sq,cdxgen,153,173,351,124,202,0,125,201,5,136,216,368,124,228,0,125,227,5,1,1,0,1,17,182
neilotoole__sq,cyclonedx-gomod,137,0,367,121,16,3,121,16,9,137,0,367,121,16,3,121,16,9,0,5,0,11,0,0
gizak__termui,syft,4,0,0,4,0,0,4,0,0,4,0,0,4,0,0,4,0,0,0,0,0,0,0,0
gizak__termui,trivy,4,0,0,4,0,0,4,0,0,4,0,0,4,0,0,4,0,0,0,0,0,0,0,0
gizak__termui,cdxgen,4,0,0,4,0,0,4,0,0,4,0,0,4,0,0,4,0,0,0,0,0,0,0,0
gizak__termui,cyclonedx-gomod,4,0,0,4,0,0,4,0,0,4,0,0,4,0,0,4,0,0,0,0,0,0,0,0
lana__go-commandbus,syft,5,0,19,4,1,0,4,1,0,5,0,19,4,1,0,4,1,0,0,0,0,0,1,0
lana__go-commandbus,trivy,24,0,0,4,20,0,4,20,0,24,0,0,4,20,0,4,20,0,0,0,0,0,20,0
lana__go-commandbus,cdxgen,4,0,20,4,0,0,4,0,0,4,0,20,4,0,0,4,0,0,0,0,0,0,0,0
lana__go-commandbus,cyclonedx-gomod,4,0,20,4,0,0,4,0,0,4,0,20,4,0,0,4,0,0,0,0,0,0,0,0
num30__config,syft,33,0,159,23,10,0,27,6,0,33,0,159,23,10,0,27,6,0,4,0,0,2,4,0
num30__config,trivy,29,0,163,23,6,0,27,2,0,29,0,163,23,6,0,27,2,0,4,0,0,2,0,0
num30__config,cdxgen,23,0,169,23,0,0,23,0,4,23,0,169,23,0,0,23,0,4,0,0,0,0,0,0
num30__config,cyclonedx-gomod,25,0,167,23,2,0,24,1,3,25,0,167,23,2,0,24,1,3,1,0,0,1,0,0
MaxHalford__eaopt,syft,1,0,0,1,0,0,1,0,0,1,0,0,1,0,0,1,0,0,0,0,0,0,0,0
MaxHalford__eaopt,trivy,1,0,0,1,0,0,1,0,0,1,0,0,1,0,0,1,0,0,0,0,0,0,0,0
MaxHalford__eaopt,cdxgen,1,0,0,1,0,0,1,0,0,1,0,0,1,0,0,1,0,0,0,0,0,0,0,0
MaxHalford__eaopt,cyclonedx-gomod,1,0,0,1,0,0,1,0,0,1,0,0,1,0,0,1,0,0,0,0,0,0,0,0
nsqio__go-nsq,syft,1,0,0,1,0,0,1,0,0,1,0,0,1,0,0,1,0,0,0,0,0,0,0,0
nsqio__go-nsq,trivy,1,0,0,1,0,0,1,0,0,1,0,0,1,0,0,1,0,0,0,0,0,0,0,0
nsqio__go-nsq,cdxgen,1,0,0,1,0,0,1,0,0,1,0,0,1,0,0,1,0,0,0,0,0,0,0,0
nsqio__go-nsq,cyclonedx-gomod,1,0,0,1,0,0,1,0,0,1,0,0,1,0,0,1,0,0,0,0,0,0,0,0
cabify__gotoprom,syft,20,0,28,10,10,0,15,5,0,20,0,28,10,10,0,15,5,0,5,0,0,0,5,0
cabify__gotoprom,trivy,48,0,0,10,38,0,15,33,0,48,0,0,10,38,0,15,33,0,5,0,0,0,33,0
cabify__gotoprom,cdxgen,10,0,38,10,0,0,10,0,5,10,0,38,10,0,0,10,0,5,0,0,0,0,0,0
cabify__gotoprom,cyclonedx-gomod,10,0,38,10,0,0,10,0,5,10,0,38,10,0,0,10,0,5,0,0,0,0,0,0
mxschmitt__playwright-go,syft,17,0,15,3,14,0,13,4,0,17,0,15,3,14,0,13,4,0,10,0,0,3,1,0
mxschmitt__playwright-go,trivy,16,0,16,3,13,0,13,3,0,16,0,16,3,13,0,13,3,0,10,0,0,3,0,0
mxschmitt__playwright-go,cdxgen,3,0,29,3,0,0,3,0,10,3,0,29,3,0,0,3,0,10,0,0,0,0,0,0
mxschmitt__playwright-go,cyclonedx-gomod,3,0,29,3,0,0,3,0,10,3,0,29,3,0,0,3,0,10,0,0,0,0,0,0
mfridman__tparse,syft,22,0,2,14,8,0,18,4,0,22,0,2,14,8,0,18,4,0,4,0,0,0,4,0
mfridman__tparse,trivy,18,0,6,14,4,0,18,0,0,18,0,6,14,4,0,18,0,0,4,0,0,0,0,0
mfridman__tparse,cdxgen,14,0,10,14,0,0,14,0,4,14,0,10,14,0,0,14,0,4,0,0,0,0,0,0
mfridman__tparse,cyclonedx-gomod,14,0,10,14,0,0,14,0,4,14,0,10,14,0,0,14,0,4,0,0,0,0,0,0
miguelmota__golang-for-nodejs-developers,syft,20,0,176,9,11,0,9,11,0,20,1,176,9,12,0,9,12,0,0,0,1,0,4,6
miguelmota__golang-for-nodejs-developers,trivy,196,0,0,9,187,0,9,187,0,196,1,0,9,188,0,9,188,0,0,0,1,0,54,132
miguelmota__golang-for-nodejs-developers,cdxgen,6,0,190,4,2,5,4,2,5,6,0,190,4,2,5,4,2,5,0,0,1,0,0,1
miguelmota__golang-for-nodejs-developers,cyclonedx-gomod,9,0,187,9,0,0,9,0,0,9,0,187,9,0,0,9,0,0,0,0,0,0,0,0
go-zoox__fetch,syft,10,0,5,7,3,0,9,1,0,10,0,5,7,3,0,9,1,0,2,0,0,0,1,0
go-zoox__fetch,trivy,9,0,6,7,2,0,9,0,0,9,0,6,7,2,0,9,0,0,2,0,0,0,0,0
go-zoox__fetch,cdxgen,7,0,8,7,0,0,7,0,2,7,0,8,7,0,0,7,0,2,0,0,0,0,0,0
go-zoox__fetch,cyclonedx-gomod,7,0,8,7,0,0,7,0,2,7,0,8,7,0,0,7,0,2,0,0,0,0,0,0
hishamkaram__gismanager,syft,149,7,254,92,64,0,95,61,0,148,8,255,92,64,0,95,61,0,3,2,0,3,48,8
hishamkaram__gismanager,trivy,101,7,302,92,16,0,95,13,0,100,8,303,92,16,0,95,13,0,3,2,0,3,0,8
hishamkaram__gismanager,cdxgen,93,6,310,92,7,0,92,7,3,92,7,311,92,7,0,92,7,3,0,0,0,0,0,7
hishamkaram__gismanager,cyclonedx-gomod,97,0,306,92,5,0,92,5,3,97,0,306,92,5,0,92,5,3,0,2,0,3,0,0
matzefriedrich__parsley,syft,14,0,2,8,6,0,12,2,0,14,0,2,8,6,0,12,2,0,4,1,0,0,1,0
matzefriedrich__parsley,trivy,13,0,3,8,5,0,12,1,0,13,0,3,8,5,0,12,1,0,4,1,0,0,0,0
matzefriedrich__parsley,cdxgen,8,0,8,8,0,0,8,0,4,8,0,8,8,0,0,8,0,4,0,0,0,0,0,0
matzefriedrich__parsley,cyclonedx-gomod,9,0,7,8,1,0,8,1,4,9,0,7,8,1,0,8,1,4,0,1,0,0,0,0
adam-hanna__sessions,syft,2,0,0,2,0,0,2,0,0,2,0,0,2,0,0,2,0,0,0,0,0,0,0,0
adam-hanna__sessions,trivy,2,0,0,2,0,0,2,0,0,2,0,0,2,0,0,2,0,0,0,0,0,0,0,0
adam-hanna__sessions,cdxgen,2,0,0,2,0,0,2,0,0,2,0,0,2,0,0,2,0,0,0,0,0,0,0,0
adam-hanna__sessions,cyclonedx-gomod,2,0,0,2,0,0,2,0,0,2,0,0,2,0,0,2,0,0,0,0,0,0,0,0
bytedance__sonic,syft,26,0,10,6,20,0,10,16,0,25,2,11,5,22,1,9,18,1,4,0,0,1,1,14
bytedance__sonic,trivy,31,0,5,6,25,0,10,21,0,30,3,6,6,27,0,10,23,0,4,0,0,1,2,18
bytedance__sonic,cdxgen,5,0,31,5,0,1,5,0,5,5,0,31,5,0,1,5,0,5,0,0,0,0,0,0
bytedance__sonic,cyclonedx-gomod,11,0,25,6,5,0,6,5,4,11,0,25,6,5,0,6,5,4,0,0,0,1,0,4
matryer__gopherize.me,syft,23,0,77,20,3,0,20,3,0,23,0,77,20,3,0,20,3,0,0,0,0,0,3,0
matryer__gopherize.me,trivy,100,0,0,20,80,0,20,80,0,100,0,0,20,80,0,20,80,0,0,0,0,0,80,0
matryer__gopherize.me,cdxgen,20,0,80,20,0,0,20,0,0,20,0,80,20,0,0,20,0,0,0,0,0,0,0,0
matryer__gopherize.me,cyclonedx-gomod,25,0,75,20,5,0,20,5,0,25,0,75,20,5,0,20,5,0,0,0,0,0,5,0
HazelnutParadise__insyra,syft,196,0,321,128,68,0,134,62,0,196,0,321,128,68,0,134,62,0,6,3,0,11,48,0
HazelnutParadise__insyra,trivy,148,0,369,128,20,0,134,14,0,148,0,369,128,20,0,134,14,0,6,3,0,11,0,0
HazelnutParadise__insyra,cdxgen,128,0,389,128,0,0,128,0,6,128,0,389,128,0,0,128,0,6,0,0,0,0,0,0
HazelnutParadise__insyra,cyclonedx-gomod,134,0,383,121,13,7,121,13,13,134,0,383,121,13,7,121,13,13,0,2,0,11,0,0
loom-go__loom,syft,7,0,1,2,5,0,6,1,0,7,0,1,2,5,0,6,1,0,4,0,0,0,1,0
loom-go__loom,trivy,6,0,2,2,4,0,6,0,0,6,0,2,2,4,0,6,0,0,4,0,0,0,0,0
loom-go__loom,cdxgen,2,0,6,2,0,0,2,0,4,2,0,6,2,0,0,2,0,4,0,0,0,0,0,0
loom-go__loom,cyclonedx-gomod,2,0,6,2,0,0,2,0,4,2,0,6,2,0,0,2,0,4,0,0,0,0,0,0
leberKleber__go-mpris,syft,6,0,1,1,5,0,5,1,0,6,0,1,1,5,0,5,1,0,4,0,0,0,1,0
leberKleber__go-mpris,trivy,5,0,2,1,4,0,5,0,0,5,0,2,1,4,0,5,0,0,4,0,0,0,0,0
leberKleber__go-mpris,cdxgen,1,0,6,1,0,0,1,0,4,1,0,6,1,0,0,1,0,4,0,0,0,0,0,0
leberKleber__go-mpris,cyclonedx-gomod,1,0,6,1,0,0,1,0,4,1,0,6,1,0,0,1,0,4,0,0,0,0,0,0
presbrey__go-multiproxy,syft,8,0,5,2,6,0,7,1,0,8,0,5,2,6,0,7,1,0,5,0,0,0,1,0
presbrey__go-multiproxy,trivy,7,0,6,2,5,0,7,0,0,7,0,6,2,5,0,7,0,0,5,0,0,0,0,0
presbrey__go-multiproxy,cdxgen,2,0,11,2,0,0,2,0,5,2,0,11,2,0,0,2,0,5,0,0,0,0,0,0
presbrey__go-multiproxy,cyclonedx-gomod,2,0,11,2,0,0,2,0,5,2,0,11,2,0,0,2,0,5,0,0,0,0,0,0
bmf-san__ggc,syft,6,0,3,4,2,0,5,1,0,6,0,3,4,2,0,5,1,0,1,0,0,0,1,0
bmf-san__ggc,trivy,6,0,3,4,2,0,5,1,0,6,0,3,4,2,0,5,1,0,1,0,0,0,1,0
bmf-san__ggc,cdxgen,4,0,5,4,0,0,4,0,1,4,0,5,4,0,0,4,0,1,0,0,0,0,0,0
bmf-san__ggc,cyclonedx-gomod,4,0,5,4,0,0,4,0,1,4,0,5,4,0,0,4,0,1,0,0,0,0,0,0
smallnest__go-web-framework-benchmark,syft,152,0,125,128,24,0,128,24,0,152,0,125,128,24,0,128,24,0,0,0,0,24,0,0
smallnest__go-web-framework-benchmark,trivy,152,0,125,128,24,0,128,24,0,152,0,125,128,24,0,128,24,0,0,0,0,24,0,0
smallnest__go-web-framework-benchmark,cdxgen,128,0,149,128,0,0,128,0,0,128,0,149,128,0,0,128,0,0,0,0,0,0,0,0
smallnest__go-web-framework-benchmark,cyclonedx-gomod,NA
koffeinsource__go-imgur,syft,9,0,5,4,5,0,8,1,0,9,0,5,4,5,0,8,1,0,4,0,0,0,1,0
koffeinsource__go-imgur,trivy,14,0,0,4,10,0,8,6,0,14,0,0,4,10,0,8,6,0,4,0,0,0,6,0
koffeinsource__go-imgur,cdxgen,4,0,10,4,0,0,4,0,4,4,0,10,4,0,0,4,0,4,0,0,0,0,0,0
koffeinsource__go-imgur,cyclonedx-gomod,4,0,10,4,0,0,4,0,4,4,0,10,4,0,0,4,0,4,0,0,0,0,0,0
jfrog__froggit-go,syft,70,0,54,39,31,0,43,27,0,70,0,54,39,31,0,43,27,0,4,1,0,0,20,6
jfrog__froggit-go,trivy,44,0,80,39,5,0,43,1,0,44,0,80,39,5,0,43,1,0,4,1,0,0,0,0
jfrog__froggit-go,cdxgen,39,0,85,39,0,0,39,0,4,39,0,85,39,0,0,39,0,4,0,0,0,0,0,0
jfrog__froggit-go,cyclonedx-gomod,40,0,84,39,1,0,39,1,4,40,0,84,39,1,0,39,1,4,0,1,0,0,0,0
cossacklabs__acra,syft,146,0,221,110,36,0,110,36,0,146,0,221,110,36,0,110,36,0,0,0,0,15,21,0
cossacklabs__acra,trivy,125,0,242,110,15,0,110,15,0,125,0,242,110,15,0,110,15,0,0,0,0,15,0,0
cossacklabs__acra,cdxgen,110,0,257,110,0,0,110,0,0,110,0,257,110,0,0,110,0,0,0,0,0,0,0,0
cossacklabs__acra,cyclonedx-gomod,120,0,247,110,10,0,110,10,0,120,0,247,110,10,0,110,10,0,0,0,0,10,0,0
getsentry__sentry-go,syft,157,0,70,3,154,0,11,146,0,157,0,70,3,154,0,11,146,0,8,0,0,3,1,142
getsentry__sentry-go,trivy,142,0,85,3,139,0,11,131,0,142,0,85,3,139,0,11,131,0,8,0,0,3,1,127
getsentry__sentry-go,cdxgen,87,0,140,3,84,0,4,83,7,87,0,140,3,84,0,4,83,7,1,0,0,0,0,83
getsentry__sentry-go,cyclonedx-gomod,112,0,115,3,109,0,4,108,7,112,0,115,3,109,0,4,108,7,1,0,0,0,0,108
jovandeginste__payme,syft,30,0,8,19,11,0,23,7,0,30,0,8,19,11,0,23,7,0,4,1,0,0,6,0
jovandeginste__payme,trivy,24,0,14,19,5,0,23,1,0,24,0,14,19,5,0,23,1,0,4,1,0,0,0,0
jovandeginste__payme,cdxgen,24,0,14,19,5,0,23,1,0,24,0,14,19,5,0,23,1,0,4,1,0,0,0,0
jovandeginste__payme,cyclonedx-gomod,20,0,18,19,1,0,19,1,4,20,0,18,19,1,0,19,1,4,0,1,0,0,0,0
golang__protobuf,syft,2,0,1,1,1,0,2,0,0,2,0,1,1,1,0,2,0,0,1,0,0,0,0,0
golang__protobuf,trivy,3,0,0,1,2,0,2,1,0,3,0,0,1,2,0,2,1,0,1,0,0,0,1,0
golang__protobuf,cdxgen,1,0,2,1,0,0,1,0,1,1,0,2,1,0,0,1,0,1,0,0,0,0,0,0
golang__protobuf,cyclonedx-gomod,1,0,2,1,0,0,1,0,1,1,0,2,1,0,0,1,0,1,0,0,0,0,0,0
gonum__gonum,syft,21,0,17,10,11,0,12,9,0,21,0,17,10,11,0,12,9,0,2,0,0,6,3,0
gonum__gonum,trivy,18,0,20,10,8,0,12,6,0,18,0,20,10,8,0,12,6,0,2,0,0,6,0,0
gonum__gonum,cdxgen,10,0,28,10,0,0,10,0,2,10,0,28,10,0,0,10,0,2,0,0,0,0,0,0
gonum__gonum,cyclonedx-gomod,16,0,22,10,6,0,10,6,2,16,0,22,10,6,0,10,6,2,0,0,0,6,0,0
codingconcepts__dg,syft,9,0,5,5,4,0,8,1,0,9,0,5,5,4,0,8,1,0,3,0,0,0,1,0
codingconcepts__dg,trivy,8,0,6,5,3,0,8,0,0,8,0,6,5,3,0,8,0,0,3,0,0,0,0,0
codingconcepts__dg,cdxgen,5,0,9,5,0,0,5,0,3,5,0,9,5,0,0,5,0,3,0,0,0,0,0,0
codingconcepts__dg,cyclonedx-gomod,5,0,9,5,0,0,5,0,3,5,0,9,5,0,0,5,0,3,0,0,0,0,0,0
caddyserver__caddy,syft,218,0,331,159,59,0,163,55,0,218,0,331,159,59,0,163,55,0,4,2,0,4,49,0
caddyserver__caddy,trivy,169,0,380,159,10,0,163,6,0,169,0,380,159,10,0,163,6,0,4,2,0,4,0,0
caddyserver__caddy,cdxgen,159,0,390,159,0,0,159,0,4,159,0,390,159,0,0,159,0,4,0,0,0,0,0,0
caddyserver__caddy,cyclonedx-gomod,165,0,384,159,6,0,159,6,4,165,0,384,159,6,0,159,6,4,0,2,0,4,0,0
google__gnxi,syft,68,0,333,50,18,0,50,18,0,68,0,333,50,18,0,50,18,0,0,1,0,5,12,0
google__gnxi,trivy,401,0,0,50,351,0,50,351,0,401,0,0,50,351,0,50,351,0,0,2,0,5,344,0
google__gnxi,cdxgen,50,0,351,50,0,0,50,0,0,50,0,351,50,0,0,50,0,0,0,0,0,0,0,0
google__gnxi,cyclonedx-gomod,52,0,349,50,2,0,50,2,0,52,0,349,50,2,0,50,2,0,0,2,0,0,0,0
milvus-io__milvus,syft,352,11,454,270,93,4,275,88,4,347,76,459,268,155,6,273,150,6,5,3,0,13,65,7
milvus-io__milvus,trivy,299,10,507,270,39,4,275,34,4,296,61,510,268,89,6,273,84,6,5,3,0,13,12,6
milvus-io__milvus,cdxgen,NA
milvus-io__milvus,cyclonedx-gomod,283,5,523,268,20,6,268,20,11,281,7,525,266,22,8,266,22,13,0,3,0,12,5,0
elastic__go-elasticsearch,syft,19,110,0,7,122,0,7,122,0,18,151,1,7,162,0,7,162,0,0,0,0,0,8,114
elastic__go-elasticsearch,trivy,14,105,5,7,112,0,7,112,0,13,138,6,7,144,0,7,144,0,0,0,0,0,7,105
elastic__go-elasticsearch,cdxgen,14,81,5,7,88,0,7,88,0,13,110,6,7,116,0,7,116,0,0,0,0,0,7,81
elastic__go-elasticsearch,cyclonedx-gomod,7,0,12,7,0,0,7,0,0,7,0,12,7,0,0,7,0,0,0,0,0,0,0,0
elliotwutingfeng__go-fasttld,syft,22,0,10,13,9,0,16,6,0,22,0,10,13,9,0,16,6,0,3,1,0,0,5,0
elliotwutingfeng__go-fasttld,trivy,17,0,15,13,4,0,16,1,0,17,0,15,13,4,0,16,1,0,3,1,0,0,0,0
elliotwutingfeng__go-fasttld,cdxgen,13,0,19,13,0,0,13,0,3,13,0,19,13,0,0,13,0,3,0,0,0,0,0,0
elliotwutingfeng__go-fasttld,cyclonedx-gomod,14,0,18,13,1,0,13,1,3,14,0,18,13,1,0,13,1,3,0,1,0,0,0,0
go2hx__go2hx,syft,4,0,1,1,3,0,1,3,0,3,1,2,1,3,0,1,3,0,0,0,1,2,0,0
go2hx__go2hx,trivy,3,0,2,1,2,0,1,2,0,3,0,2,1,2,0,1,2,0,0,0,0,2,0,0
go2hx__go2hx,cdxgen,4,1,1,1,4,0,1,4,0,4,1,1,1,4,0,1,4,0,0,0,1,2,0,1
go2hx__go2hx,cyclonedx-gomod,NA
yazgazan__jaydiff,syft,8,0,0,8,0,0,8,0,0,8,0,0,8,0,0,8,0,0,0,0,0,0,0,0
yazgazan__jaydiff,trivy,8,0,0,8,0,0,8,0,0,8,0,0,8,0,0,8,0,0,0,0,0,0,0,0
yazgazan__jaydiff,cdxgen,8,0,0,8,0,0,8,0,0,8,0,0,8,0,0,8,0,0,0,0,0,0,0,0
yazgazan__jaydiff,cyclonedx-gomod,8,0,0,8,0,0,8,0,0,8,0,0,8,0,0,8,0,0,0,0,0,0,0,0
anacrolix__dht,syft,90,0,265,71,19,0,80,10,0,90,0,265,71,19,0,80,10,0,9,2,0,2,6,0
anacrolix__dht,trivy,84,0,271,71,13,0,80,4,0,84,0,271,71,13,0,80,4,0,9,2,0,2,0,0
anacrolix__dht,cdxgen,71,0,284,71,0,0,71,0,9,71,0,284,71,0,0,71,0,9,0,0,0,0,0,0
anacrolix__dht,cyclonedx-gomod,75,0,280,71,4,0,71,4,9,75,0,280,71,4,0,71,4,9,0,2,0,2,0,0
gilbertchen__duplicacy,syft,86,0,33,60,26,0,61,25,0,86,0,33,60,26,0,61,25,0,1,1,0,7,17,0
gilbertchen__duplicacy,trivy,69,0,50,60,9,0,61,8,0,69,0,50,60,9,0,61,8,0,1,1,0,7,0,0
gilbertchen__duplicacy,cdxgen,60,0,59,60,0,0,60,0,1,60,0,59,60,0,0,60,0,1,0,0,0,0,0,0
gilbertchen__duplicacy,cyclonedx-gomod,65,0,54,60,5,0,60,5,1,65,0,54,60,5,0,60,5,1,0,1,0,4,0,0
lynxbase__lynxdb,syft,153,1,79,90,64,0,91,63,0,153,1,79,90,64,0,91,63,0,1,1,2,39,20,1
lynxbase__lynxdb,trivy,133,1,99,90,44,0,91,43,0,133,1,99,90,44,0,91,43,0,1,1,2,39,0,1
lynxbase__lynxdb,cdxgen,90,0,142,90,0,0,90,0,1,90,0,142,90,0,0,90,0,1,0,0,0,0,0,0
lynxbase__lynxdb,cyclonedx-gomod,92,0,140,90,2,0,90,2,1,92,0,140,90,2,0,90,2,1,0,1,0,1,0,0
goptics__vizb,syft,30,0,51,24,6,0,24,6,0,30,0,51,24,6,0,24,6,0,0,1,0,3,2,0
goptics__vizb,trivy,28,0,53,24,4,0,24,4,0,28,0,53,24,4,0,24,4,0,0,1,0,3,0,0
goptics__vizb,cdxgen,24,0,57,24,0,0,24,0,0,24,0,57,24,0,0,24,0,0,0,0,0,0,0,0
goptics__vizb,cyclonedx-gomod,22,0,59,21,1,3,21,1,3,22,0,59,21,1,3,21,1,3,0,1,0,0,0,0
hashicorp__mdns,syft,6,0,6,3,3,0,3,3,0,6,0,6,3,3,0,3,3,0,0,0,0,3,0,0
hashicorp__mdns,trivy,6,0,6,3,3,0,3,3,0,6,0,6,3,3,0,3,3,0,0,0,0,3,0,0
hashicorp__mdns,cdxgen,3,0,9,3,0,0,3,0,0,3,0,9,3,0,0,3,0,0,0,0,0,0,0,0
hashicorp__mdns,cyclonedx-gomod,6,0,6,3,3,0,3,3,0,6,0,6,3,3,0,3,3,0,0,0,0,3,0,0
unki2aut__go-mpd,syft,8,0,2,1,7,0,4,4,0,8,0,2,1,7,0,4,4,0,3,0,0,1,3,0
unki2aut__go-mpd,trivy,5,0,5,1,4,0,4,1,0,5,0,5,1,4,0,4,1,0,3,0,0,1,0,0
unki2aut__go-mpd,cdxgen,1,0,9,1,0,0,1,0,3,1,0,9,1,0,0,1,0,3,0,0,0,0,0,0
unki2aut__go-mpd,cyclonedx-gomod,1,0,9,1,0,0,1,0,3,1,0,9,1,0,0,1,0,3,0,0,0,0,0,0
chrispassas__nfdump,syft,1,0,0,1,0,0,1,0,0,1,0,0,1,0,0,1,0,0,0,0,0,0,0,0
chrispassas__nfdump,trivy,1,1,0,1,1,0,1,1,0,1,1,0,1,1,0,1,1,0,0,0,0,0,1,0
chrispassas__nfdump,cdxgen,1,0,0,1,0,0,1,0,0,1,0,0,1,0,0,1,0,0,0,0,0,0,0,0
chrispassas__nfdump,cyclonedx-gomod,1,0,0,1,0,0,1,0,0,1,0,0,1,0,0,1,0,0,0,0,0,0,0,0
valyala__fasttemplate,syft,1,0,0,1,0,0,1,0,0,1,0,0,1,0,0,1,0,0,0,0,0,0,0,0
valyala__fasttemplate,trivy,1,0,0,1,0,0,1,0,0,1,0,0,1,0,0,1,0,0,0,0,0,0,0,0
valyala__fasttemplate,cdxgen,1,0,0,1,0,0,1,0,0,1,0,0,1,0,0,1,0,0,0,0,0,0,0,0
valyala__fasttemplate,cyclonedx-gomod,1,0,0,1,0,0,1,0,0,1,0,0,1,0,0,1,0,0,0,0,0,0,0,0
preslavmihaylov__todocheck,syft,9,0,2,8,1,0,8,1,0,9,0,2,8,1,0,8,1,0,0,0,0,0,1,0
preslavmihaylov__todocheck,trivy,8,0,3,8,0,0,8,0,0,8,0,3,8,0,0,8,0,0,0,0,0,0,0,0
preslavmihaylov__todocheck,cdxgen,8,0,3,8,0,0,8,0,0,8,0,3,8,0,0,8,0,0,0,0,0,0,0,0
preslavmihaylov__todocheck,cyclonedx-gomod,8,0,3,8,0,0,8,0,0,8,0,3,8,0,0,8,0,0,0,0,0,0,0,0
shurcooL__githubql,syft,2,0,1,2,0,0,2,0,0,2,0,1,2,0,0,2,0,0,0,0,0,0,0,0
shurcooL__githubql,trivy,2,0,1,2,0,0,2,0,0,2,0,1,2,0,0,2,0,0,0,0,0,0,0,0
shurcooL__githubql,cdxgen,2,0,1,2,0,0,2,0,0,2,0,1,2,0,0,2,0,0,0,0,0,0,0,0
shurcooL__githubql,cyclonedx-gomod,2,0,1,2,0,0,2,0,0,2,0,1,2,0,0,2,0,0,0,0,0,0,0,0
mikestefanello__pagoda,syft,67,0,30,55,12,0,57,10,0,67,0,30,55,12,0,57,10,0,2,0,0,2,8,0
mikestefanello__pagoda,trivy,59,0,38,55,4,0,57,2,0,59,0,38,55,4,0,57,2,0,2,0,0,2,0,0
mikestefanello__pagoda,cdxgen,55,0,42,55,0,0,55,0,2,55,0,42,55,0,0,55,0,2,0,0,0,0,0,0
mikestefanello__pagoda,cyclonedx-gomod,55,0,42,55,0,0,55,0,2,55,0,42,55,0,0,55,0,2,0,0,0,0,0,0
alajmo__mani,syft,37,0,15,25,12,0,28,9,0,37,0,15,25,12,0,28,9,0,3,1,0,1,7,0
alajmo__mani,trivy,30,0,22,25,5,0,28,2,0,30,0,22,25,5,0,28,2,0,3,1,0,1,0,0
alajmo__mani,cdxgen,25,0,27,25,0,0,25,0,3,25,0,27,25,0,0,25,0,3,0,0,0,0,0,0
alajmo__mani,cyclonedx-gomod,26,0,26,25,1,0,25,1,3,26,0,26,25,1,0,25,1,3,0,1,0,0,0,0
oxyno-zeta__s3-proxy,syft,88,1,43,65,24,0,65,24,0,88,1,43,65,24,0,65,24,0,0,1,2,6,14,1
oxyno-zeta__s3-proxy,trivy,74,0,57,65,9,0,65,9,0,74,0,57,65,9,0,65,9,0,0,1,2,6,0,0
oxyno-zeta__s3-proxy,cdxgen,65,0,66,65,0,0,65,0,0,65,0,66,65,0,0,65,0,0,0,0,0,0,0,0
oxyno-zeta__s3-proxy,cyclonedx-gomod,66,0,65,65,1,0,65,1,0,66,0,65,65,1,0,65,1,0,0,1,0,0,0,0
nitishm__go-rejson,syft,11,0,2,4,7,0,4,7,0,11,0,2,4,7,0,4,7,0,0,0,0,0,7,0
nitishm__go-rejson,trivy,13,0,0,4,9,0,4,9,0,13,0,0,4,9,0,4,9,0,0,0,0,0,9,0
nitishm__go-rejson,cdxgen,4,0,9,4,0,0,4,0,0,4,0,9,4,0,0,4,0,0,0,0,0,0,0,0
nitishm__go-rejson,cyclonedx-gomod,4,0,9,4,0,0,4,0,0,4,0,9,4,0,0,4,0,0,0,0,0,0,0,0
go-jet__jet,syft,15,23,6,10,28,0,10,28,0,14,25,7,10,29,0,10,29,0,0,0,0,3,1,24
go-jet__jet,trivy,15,23,6,10,28,0,10,28,0,14,24,7,10,28,0,10,28,0,0,0,0,3,1,24
go-jet__jet,cdxgen,10,6,11,10,6,0,10,6,0,10,6,11,10,6,0,10,6,0,0,0,0,0,0,6
go-jet__jet,cyclonedx-gomod,10,0,11,10,0,0,10,0,0,10,0,11,10,0,0,10,0,0,0,0,0,0,0,0
go-playground__validator,syft,13,1,4,7,7,0,8,6,0,12,6,5,7,11,0,8,10,0,1,0,0,0,4,2
go-playground__validator,trivy,9,1,8,7,3,0,8,2,0,8,6,9,7,7,0,8,6,0,1,0,0,0,0,2
go-playground__validator,cdxgen,9,1,8,7,3,0,8,2,0,8,6,9,7,7,0,8,6,0,1,0,0,0,0,2
go-playground__validator,cyclonedx-gomod,7,0,10,7,0,0,7,0,1,7,0,10,7,0,0,7,0,1,0,0,0,0,0,0
cloudwego__kitex,syft,46,2,34,41,7,0,41,7,0,46,6,34,41,11,0,41,11,0,0,0,0,0,5,2
cloudwego__kitex,trivy,41,2,39,41,2,0,41,2,0,41,5,39,41,5,0,41,5,0,0,0,0,0,0,2
cloudwego__kitex,cdxgen,41,1,39,41,1,0,41,1,0,41,4,39,41,4,0,41,4,0,0,0,0,0,0,1
cloudwego__kitex,cyclonedx-gomod,41,0,39,41,0,0,41,0,0,41,0,39,41,0,0,41,0,0,0,0,0,0,0,0
elgs__gojq,syft,5,0,0,1,4,0,1,4,0,5,0,0,1,4,0,1,4,0,0,0,0,0,4,0
elgs__gojq,trivy,5,0,0,1,4,0,1,4,0,5,0,0,1,4,0,1,4,0,0,0,0,0,4,0
elgs__gojq,cdxgen,1,0,4,1,0,0,1,0,0,1,0,4,1,0,0,1,0,0,0,0,0,0,0,0
elgs__gojq,cyclonedx-gomod,1,0,4,1,0,0,1,0,0,1,0,4,1,0,0,1,0,0,0,0,0,0,0,0
lni__dragonboat,syft,50,0,171,36,14,0,40,10,0,50,0,171,36,14,0,40,10,0,4,1,0,1,8,0
lni__dragonboat,trivy,42,0,179,36,6,0,40,2,0,42,0,179,36,6,0,40,2,0,4,1,0,1,0,0
lni__dragonboat,cdxgen,36,0,185,36,0,0,36,0,4,36,0,185,36,0,0,36,0,4,0,0,0,0,0,0
lni__dragonboat,cyclonedx-gomod,33,0,188,32,1,4,32,1,8,33,0,188,32,1,4,32,1,8,0,1,0,0,0,0
ziutek__emgo,syft,1,0,3,1,0,0,1,0,0,1,0,3,1,0,0,1,0,0,0,0,0,0,0,0
ziutek__emgo,trivy,4,0,0,1,3,0,1,3,0,4,0,0,1,3,0,1,3,0,0,0,0,0,0,3
ziutek__emgo,cdxgen,1,0,3,1,0,0,1,0,0,1,0,3,1,0,0,1,0,0,0,0,0,0,0,0
ziutek__emgo,cyclonedx-gomod,1,0,3,1,0,0,1,0,0,1,0,3,1,0,0,1,0,0,0,0,0,0,0,0
seborama__govcr,syft,29,0,4,16,13,0,28,1,0,29,0,4,16,13,0,28,1,0,12,0,0,0,1,0
seborama__govcr,trivy,28,0,5,16,12,0,28,0,0,28,0,5,16,12,0,28,0,0,12,0,0,0,0,0
seborama__govcr,cdxgen,16,0,17,16,0,0,16,0,12,16,0,17,16,0,0,16,0,12,0,0,0,0,0,0
seborama__govcr,cyclonedx-gomod,16,0,17,16,0,0,16,0,12,16,0,17,16,0,0,16,0,12,0,0,0,0,0,0
kazhuravlev__git-tools,syft,44,0,10,24,20,0,24,20,0,44,0,10,24,20,0,24,20,0,0,1,0,1,18,0
kazhuravlev__git-tools,trivy,26,0,28,24,2,0,24,2,0,26,0,28,24,2,0,24,2,0,0,1,0,1,0,0
kazhuravlev__git-tools,cdxgen,24,0,30,24,0,0,24,0,0,24,0,30,24,0,0,24,0,0,0,0,0,0,0,0
kazhuravlev__git-tools,cyclonedx-gomod,25,0,29,24,1,0,24,1,0,25,0,29,24,1,0,24,1,0,0,1,0,0,0,0
dgraph-io__dgraph,syft,195,1,154,157,39,0,157,39,0,195,3,154,157,41,0,157,41,0,0,2,1,6,29,1
dgraph-io__dgraph,trivy,167,1,182,157,11,0,157,11,0,166,3,183,157,12,0,157,12,0,0,2,1,6,1,1
dgraph-io__dgraph,cdxgen,158,0,191,157,1,0,157,1,0,157,1,192,157,1,0,157,1,0,0,0,1,0,0,0
dgraph-io__dgraph,cyclonedx-gomod,159,0,190,156,3,1,156,3,1,159,0,190,156,3,1,156,3,1,0,2,0,1,0,0
tarmac-project__tarmac,syft,149,12,184,115,46,0,117,44,0,149,13,184,115,47,0,117,45,0,2,0,0,1,31,12
tarmac-project__tarmac,trivy,118,12,215,115,15,0,117,13,0,118,13,215,115,16,0,117,14,0,2,0,0,1,0,12
tarmac-project__tarmac,cdxgen,115,3,218,115,3,0,115,3,2,115,3,218,115,3,0,115,3,2,0,0,0,0,0,3
tarmac-project__tarmac,cyclonedx-gomod,116,0,217,115,1,0,115,1,2,116,0,217,115,1,0,115,1,2,0,0,0,1,0,0
chaindead__zerocfg,syft,6,0,1,2,4,0,5,1,0,6,0,1,2,4,0,5,1,0,3,0,0,0,1,0
chaindead__zerocfg,trivy,5,0,2,2,3,0,5,0,0,5,0,2,2,3,0,5,0,0,3,0,0,0,0,0
chaindead__zerocfg,cdxgen,2,0,5,2,0,0,2,0,3,2,0,5,2,0,0,2,0,3,0,0,0,0,0,0
chaindead__zerocfg,cyclonedx-gomod,2,0,5,2,0,0,2,0,3,2,0,5,2,0,0,2,0,3,0,0,0,0,0,0
milosgajdos__go-estimate,syft,23,0,29,13,10,0,17,6,0,23,0,29,13,10,0,17,6,0,4,0,0,1,5,0
milosgajdos__go-estimate,trivy,18,0,34,13,5,0,17,1,0,18,0,34,13,5,0,17,1,0,4,0,0,1,0,0
milosgajdos__go-estimate,cdxgen,13,0,39,13,0,0,13,0,4,13,0,39,13,0,0,13,0,4,0,0,0,0,0,0
milosgajdos__go-estimate,cyclonedx-gomod,14,0,38,13,1,0,13,1,4,14,0,38,13,1,0,13,1,4,0,0,0,1,0,0
gookit__filter,syft,5,0,2,2,3,0,4,1,0,5,0,2,2,3,0,4,1,0,2,0,0,0,1,0
gookit__filter,trivy,4,0,3,2,2,0,4,0,0,4,0,3,2,2,0,4,0,0,2,0,0,0,0,0
gookit__filter,cdxgen,2,0,5,2,0,0,2,0,2,2,0,5,2,0,0,2,0,2,0,0,0,0,0,0
gookit__filter,cyclonedx-gomod,2,0,5,2,0,0,2,0,2,2,0,5,2,0,0,2,0,2,0,0,0,0,0,0
dtylman__gowd,syft,4,0,4,1,3,0,4,0,0,4,0,4,1,3,0,4,0,0,3,0,0,0,0,0
dtylman__gowd,trivy,4,0,4,1,3,0,4,0,0,4,0,4,1,3,0,4,0,0,3,0,0,0,0,0
dtylman__gowd,cdxgen,1,0,7,1,0,0,1,0,3,1,0,7,1,0,0,1,0,3,0,0,0,0,0,0
dtylman__gowd,cyclonedx-gomod,1,0,7,1,0,0,1,0,3,1,0,7,1,0,0,1,0,3,0,0,0,0,0,0
otiai10__ocrserver,syft,6,0,4,2,4,0,3,3,0,6,0,4,2,4,0,3,3,0,1,0,0,2,1,0
otiai10__ocrserver,trivy,10,1,0,2,9,0,3,8,0,10,1,0,2,9,0,3,8,0,1,0,0,2,6,0
otiai10__ocrserver,cdxgen,2,0,8,2,0,0,2,0,1,2,0,8,2,0,0,2,0,1,0,0,0,0,0,0
otiai10__ocrserver,cyclonedx-gomod,3,0,7,2,1,0,2,1,1,3,0,7,2,1,0,2,1,1,0,0,0,1,0,0
muir__nfigure,syft,22,0,5,7,15,0,20,2,0,22,0,5,7,15,0,20,2,0,13,0,0,0,2,0
muir__nfigure,trivy,20,0,7,7,13,0,20,0,0,20,0,7,7,13,0,20,0,0,13,0,0,0,0,0
muir__nfigure,cdxgen,7,0,20,7,0,0,7,0,13,7,0,20,7,0,0,7,0,13,0,0,0,0,0,0
muir__nfigure,cyclonedx-gomod,7,0,20,7,0,0,7,0,13,7,0,20,7,0,0,7,0,13,0,0,0,0,0,0
k0sproject__k0s,syft,378,2,230,267,113,0,274,106,0,369,11,239,267,113,0,274,106,0,7,6,0,7,84,9
k0sproject__k0s,trivy,287,0,321,267,20,0,274,13,0,287,0,321,267,20,0,274,13,0,7,6,0,7,0,0
k0sproject__k0s,cdxgen,297,2,311,267,32,0,274,25,0,288,11,320,267,32,0,274,25,0,7,6,0,7,3,9
k0sproject__k0s,cyclonedx-gomod,275,0,333,262,13,5,262,13,12,275,0,333,262,13,5,262,13,12,0,6,0,7,0,0
doors-dev__doors,syft,21,0,25,16,5,0,16,5,0,21,0,25,16,5,0,16,5,0,0,0,0,0,5,0
doors-dev__doors,trivy,16,0,30,16,0,0,16,0,0,16,0,30,16,0,0,16,0,0,0,0,0,0,0,0
doors-dev__doors,cdxgen,16,0,30,16,0,0,16,0,0,16,0,30,16,0,0,16,0,0,0,0,0,0,0,0
doors-dev__doors,cyclonedx-gomod,16,0,30,16,0,0,16,0,0,16,0,30,16,0,0,16,0,0,0,0,0,0,0,0
lestrrat-go__jwx,syft,15,19,5,8,26,0,8,26,0,15,23,5,8,30,0,8,30,0,0,0,0,3,2,21
lestrrat-go__jwx,trivy,13,15,7,8,20,0,8,20,0,13,19,7,8,24,0,8,24,0,0,0,0,3,0,17
lestrrat-go__jwx,cdxgen,13,14,7,8,19,0,8,19,0,13,18,7,8,23,0,8,23,0,0,0,0,3,0,16
lestrrat-go__jwx,cyclonedx-gomod,11,0,9,8,3,0,8,3,0,11,0,9,8,3,0,8,3,0,0,0,0,3,0,0
gammazero__workerpool,syft,1,0,0,1,0,0,1,0,0,1,0,0,1,0,0,1,0,0,0,0,0,0,0,0
gammazero__workerpool,trivy,1,0,0,1,0,0,1,0,0,1,0,0,1,0,0,1,0,0,0,0,0,0,0,0
gammazero__workerpool,cdxgen,1,0,0,1,0,0,1,0,0,1,0,0,1,0,0,1,0,0,0,0,0,0,0,0
gammazero__workerpool,cyclonedx-gomod,1,0,0,1,0,0,1,0,0,1,0,0,1,0,0,1,0,0,0,0,0,0,0,0
rekurt__go-propisyu,syft,6,0,1,1,5,0,5,1,0,6,0,1,1,5,0,5,1,0,4,0,0,0,1,0
rekurt__go-propisyu,trivy,5,0,2,1,4,0,5,0,0,5,0,2,1,4,0,5,0,0,4,0,0,0,0,0
rekurt__go-propisyu,cdxgen,1,0,6,1,0,0,1,0,4,1,0,6,1,0,0,1,0,4,0,0,0,0,0,0
rekurt__go-propisyu,cyclonedx-gomod,1,0,6,1,0,0,1,0,4,1,0,6,1,0,0,1,0,4,0,0,0,0,0,0
apache__calcite-avatica-go,syft,20,0,12,12,8,0,12,8,0,20,0,12,12,8,0,12,8,0,0,0,0,0,8,0
apache__calcite-avatica-go,trivy,12,0,20,12,0,0,12,0,0,12,0,20,12,0,0,12,0,0,0,0,0,0,0,0
apache__calcite-avatica-go,cdxgen,12,0,20,12,0,0,12,0,0,12,0,20,12,0,0,12,0,0,0,0,0,0,0,0
apache__calcite-avatica-go,cyclonedx-gomod,12,0,20,12,0,0,12,0,0,12,0,20,12,0,0,12,0,0,0,0,0,0,0,0
neelance__graphql-go,syft,13,0,5,8,5,0,8,5,0,13,0,5,8,5,0,8,5,0,0,0,0,0,5,0
neelance__graphql-go,trivy,8,0,10,8,0,0,8,0,0,8,0,10,8,0,0,8,0,0,0,0,0,0,0,0
neelance__graphql-go,cdxgen,8,0,10,8,0,0,8,0,0,8,0,10,8,0,0,8,0,0,0,0,0,0,0,0
neelance__graphql-go,cyclonedx-gomod,8,0,10,8,0,0,8,0,0,8,0,10,8,0,0,8,0,0,0,0,0,0,0,0
go-ego__gse,syft,2,0,0,1,1,0,2,0,0,2,0,0,1,1,0,2,0,0,1,0,0,0,0,0
go-ego__gse,trivy,2,0,0,1,1,0,2,0,0,2,0,0,1,1,0,2,0,0,1,0,0,0,0,0
go-ego__gse,cdxgen,1,0,1,1,0,0,1,0,1,1,0,1,1,0,0,1,0,1,0,0,0,0,0,0
go-ego__gse,cyclonedx-gomod,1,0,1,1,0,0,1,0,1,1,0,1,1,0,0,1,0,1,0,0,0,0,0,0
google__ko,syft,245,5,266,158,92,0,158,92,0,245,5,266,158,92,0,158,92,0,0,3,1,1,82,5
google__ko,trivy,163,5,348,158,10,0,158,10,0,163,5,348,158,10,0,158,10,0,0,3,1,1,0,5
google__ko,cdxgen,158,0,353,158,0,0,158,0,0,158,0,353,158,0,0,158,0,0,0,0,0,0,0,0
google__ko,cyclonedx-gomod,162,0,349,157,5,1,157,5,1,162,0,349,157,5,1,157,5,1,0,3,1,1,0,0
pocketbase__pocketbase,syft,63,0,15,38,25,0,38,25,0,63,0,15,38,25,0,38,25,0,0,2,0,0,23,0
pocketbase__pocketbase,trivy,40,0,38,38,2,0,38,2,0,40,0,38,38,2,0,38,2,0,0,2,0,0,0,0
pocketbase__pocketbase,cdxgen,38,0,40,38,0,0,38,0,0,38,0,40,38,0,0,38,0,0,0,0,0,0,0,0
pocketbase__pocketbase,cyclonedx-gomod,40,0,38,38,2,0,38,2,0,40,0,38,38,2,0,38,2,0,0,2,0,0,0,0
rjeczalik__notify,syft,1,0,0,1,0,0,1,0,0,1,0,0,1,0,0,1,0,0,0,0,0,0,0,0
rjeczalik__notify,trivy,1,0,0,1,0,0,1,0,0,1,0,0,1,0,0,1,0,0,0,0,0,0,0,0
rjeczalik__notify,cdxgen,1,0,0,1,0,0,1,0,0,1,0,0,1,0,0,1,0,0,0,0,0,0,0,0
rjeczalik__notify,cyclonedx-gomod,1,0,0,1,0,0,1,0,0,1,0,0,1,0,0,1,0,0,0,0,0,0,0,0
hidevopsio__hiboot,syft,110,0,93,91,19,0,91,19,0,110,0,93,91,19,0,91,19,0,0,1,0,0,18,0
hidevopsio__hiboot,trivy,92,0,111,91,1,0,91,1,0,92,0,111,91,1,0,91,1,0,0,1,0,0,0,0
hidevopsio__hiboot,cdxgen,91,0,112,91,0,0,91,0,0,91,0,112,91,0,0,91,0,0,0,0,0,0,0,0
hidevopsio__hiboot,cyclonedx-gomod,NA
pemistahl__lingua-go,syft,9,3,6,3,9,0,7,5,0,9,3,6,3,9,0,7,5,0,4,0,0,0,2,3
pemistahl__lingua-go,trivy,7,3,8,3,7,0,7,3,0,7,3,8,3,7,0,7,3,0,4,0,0,0,0,3
pemistahl__lingua-go,cdxgen,3,2,12,3,2,0,3,2,4,3,2,12,3,2,0,3,2,4,0,0,0,0,0,2
pemistahl__lingua-go,cyclonedx-gomod,3,0,12,3,0,0,3,0,4,3,0,12,3,0,0,3,0,4,0,0,0,0,0,0
boxesandglue__bagme,syft,17,0,5,17,0,0,17,0,0,17,0,5,17,0,0,17,0,0,0,0,0,0,0,0
boxesandglue__bagme,trivy,17,0,5,17,0,0,17,0,0,17,0,5,17,0,0,17,0,0,0,0,0,0,0,0
boxesandglue__bagme,cdxgen,17,0,5,17,0,0,17,0,0,17,0,5,17,0,0,17,0,0,0,0,0,0,0,0
boxesandglue__bagme,cyclonedx-gomod,17,0,5,17,0,0,17,0,0,17,0,5,17,0,0,17,0,0,0,0,0,0,0,0
gookit__color,syft,4,7,0,1,10,0,2,9,0,4,7,0,1,10,0,2,9,0,1,1,0,0,1,7
gookit__color,trivy,4,7,0,1,10,0,2,9,0,4,7,0,1,10,0,2,9,0,1,1,0,0,1,7
gookit__color,cdxgen,2,6,2,1,7,0,1,7,1,2,6,2,1,7,0,1,7,1,0,1,0,0,0,6
gookit__color,cyclonedx-gomod,2,0,2,1,1,0,1,1,1,2,0,2,1,1,0,1,1,1,0,1,0,0,0,0
sunary__sqlize,syft,46,0,294,36,10,0,36,10,0,46,0,294,36,10,0,36,10,0,0,0,0,0,10,0
sunary__sqlize,trivy,36,0,304,36,0,0,36,0,0,36,0,304,36,0,0,36,0,0,0,0,0,0,0,0
sunary__sqlize,cdxgen,36,0,304,36,0,0,36,0,0,36,0,304,36,0,0,36,0,0,0,0,0,0,0,0
sunary__sqlize,cyclonedx-gomod,36,0,304,36,0,0,36,0,0,36,0,304,36,0,0,36,0,0,0,0,0,0,0,0
faabiosr__echo-middleware,syft,35,0,32,28,7,0,28,7,0,35,0,32,28,7,0,28,7,0,0,0,0,1,6,0
faabiosr__echo-middleware,trivy,29,0,38,28,1,0,28,1,0,29,0,38,28,1,0,28,1,0,0,0,0,1,0,0
faabiosr__echo-middleware,cdxgen,28,0,39,28,0,0,28,0,0,28,0,39,28,0,0,28,0,0,0,0,0,0,0,0
faabiosr__echo-middleware,cyclonedx-gomod,29,0,38,28,1,0,28,1,0,29,0,38,28,1,0,28,1,0,0,0,0,1,0,0
brandonyoungdev__tldx,syft,64,0,8,48,16,0,52,12,0,64,0,8,48,16,0,52,12,0,4,1,0,0,11,0
brandonyoungdev__tldx,trivy,53,0,19,48,5,0,52,1,0,53,0,19,48,5,0,52,1,0,4,1,0,0,0,0
brandonyoungdev__tldx,cdxgen,48,0,24,48,0,0,48,0,4,48,0,24,48,0,0,48,0,4,0,0,0,0,0,0
brandonyoungdev__tldx,cyclonedx-gomod,49,0,23,48,1,0,48,1,4,49,0,23,48,1,0,48,1,4,0,1,0,0,0,0
bobg__mid,syft,3,0,0,1,2,0,2,1,0,3,0,0,1,2,0,2,1,0,1,0,0,0,1,0
bobg__mid,trivy,3,0,0,1,2,0,2,1,0,3,0,0,1,2,0,2,1,0,1,0,0,0,1,0
bobg__mid,cdxgen,1,0,2,1,0,0,1,0,1,1,0,2,1,0,0,1,0,1,0,0,0,0,0,0
bobg__mid,cyclonedx-gomod,1,0,2,1,0,0,1,0,1,1,0,2,1,0,0,1,0,1,0,0,0,0,0,0
pkg__profile,syft,7,0,6,2,5,0,2,5,0,7,0,6,2,5,0,2,5,0,0,0,0,0,0,5
pkg__profile,trivy,13,0,0,2,11,0,2,11,0,13,0,0,2,11,0,2,11,0,0,0,0,0,0,11
pkg__profile,cdxgen,2,0,11,2,0,0,2,0,0,2,0,11,2,0,0,2,0,0,0,0,0,0,0,0
pkg__profile,cyclonedx-gomod,2,0,11,2,0,0,2,0,0,2,0,11,2,0,0,2,0,0,0,0,0,0,0,0
happy-sdk__happy,syft,80,5,22,21,64,0,22,63,0,80,30,22,21,89,0,22,88,0,1,0,0,3,1,59
happy-sdk__happy,trivy,70,6,32,21,55,0,22,54,0,70,31,32,21,80,0,22,79,0,1,0,0,3,1,50
happy-sdk__happy,cdxgen,66,6,36,21,51,0,22,50,0,44,32,58,5,71,16,5,71,17,1,0,0,3,1,46
happy-sdk__happy,cyclonedx-gomod,67,0,35,21,46,0,22,45,0,67,0,35,21,46,0,22,45,0,1,0,0,3,0,42
gojuno__minimock,syft,33,405,5,10,428,0,12,426,0,19,428,19,10,437,0,12,435,0,2,0,0,2,5,419
gojuno__minimock,trivy,31,406,7,10,427,0,12,425,0,16,429,22,10,435,0,12,433,0,2,0,0,2,3,420
gojuno__minimock,cdxgen,29,405,9,10,424,0,12,422,0,13,428,25,10,431,0,11,430,1,2,0,0,0,3,419
gojuno__minimock,cyclonedx-gomod,10,0,28,10,0,0,10,0,2,10,0,28,10,0,0,10,0,2,0,0,0,0,0,0
sinhashubham95__bleep,syft,1,0,0,1,0,0,1,0,0,1,0,0,1,0,0,1,0,0,0,0,0,0,0,0
sinhashubham95__bleep,trivy,1,0,0,1,0,0,1,0,0,1,0,0,1,0,0,1,0,0,0,0,0,0,0,0
sinhashubham95__bleep,cdxgen,1,0,0,1,0,0,1,0,0,1,0,0,1,0,0,1,0,0,0,0,0,0,0,0
sinhashubham95__bleep,cyclonedx-gomod,1,0,0,1,0,0,1,0,0,1,0,0,1,0,0,1,0,0,0,0,0,0,0,0
Antonito__gfile,syft,40,0,11,31,9,0,35,5,0,40,0,11,31,9,0,35,5,0,4,1,0,0,4,0
Antonito__gfile,trivy,36,0,15,31,5,0,35,1,0,36,0,15,31,5,0,35,1,0,4,1,0,0,0,0
Antonito__gfile,cdxgen,31,0,20,31,0,0,31,0,4,31,0,20,31,0,0,31,0,4,0,0,0,0,0,0
Antonito__gfile,cyclonedx-gomod,32,0,19,31,1,0,31,1,4,32,0,19,31,1,0,31,1,4,0,1,0,0,0,0
go-gormigrate__gormigrate,syft,7,35,2,4,38,0,4,38,0,7,35,2,4,38,0,4,38,0,0,0,0,0,0,38
go-gormigrate__gormigrate,trivy,7,31,2,4,34,0,4,34,0,7,31,2,4,34,0,4,34,0,0,0,0,0,0,34
go-gormigrate__gormigrate,cdxgen,4,0,5,4,0,0,4,0,0,4,0,5,4,0,0,4,0,0,0,0,0,0,0,0
go-gormigrate__gormigrate,cyclonedx-gomod,4,0,5,4,0,0,4,0,0,4,0,5,4,0,0,4,0,0,0,0,0,0,0,0
i-love-flamingo__dingo,syft,6,0,18,1,5,0,5,1,0,6,0,18,1,5,0,5,1,0,4,0,0,0,1,0
i-love-flamingo__dingo,trivy,5,0,19,1,4,0,5,0,0,5,0,19,1,4,0,5,0,0,4,0,0,0,0,0
i-love-flamingo__dingo,cdxgen,1,0,23,1,0,0,1,0,4,1,0,23,1,0,0,1,0,4,0,0,0,0,0,0
i-love-flamingo__dingo,cyclonedx-gomod,1,0,23,1,0,0,1,0,4,1,0,23,1,0,0,1,0,4,0,0,0,0,0,0
32leaves__bel,syft,8,0,1,1,7,0,3,5,0,8,0,1,1,7,0,3,5,0,2,0,0,0,0,5
32leaves__bel,trivy,9,0,0,1,8,0,3,6,0,9,0,0,1,8,0,3,6,0,2,0,0,0,0,6
32leaves__bel,cdxgen,1,0,8,1,0,0,1,0,2,1,0,8,1,0,0,1,0,2,0,0,0,0,0,0
32leaves__bel,cyclonedx-gomod,1,0,8,1,0,0,1,0,2,1,0,8,1,0,0,1,0,2,0,0,0,0,0,0
alfiankan__crab-config-files-templating,syft,8,0,4,2,6,0,6,2,0,8,0,4,2,6,0,6,2,0,4,1,0,0,1,0
alfiankan__crab-config-files-templating,trivy,7,0,5,2,5,0,6,1,0,7,0,5,2,5,0,6,1,0,4,1,0,0,0,0
alfiankan__crab-config-files-templating,cdxgen,7,0,5,2,5,0,6,1,0,7,0,5,2,5,0,6,1,0,4,1,0,0,0,0
alfiankan__crab-config-files-templating,cyclonedx-gomod,3,0,9,2,1,0,2,1,4,3,0,9,2,1,0,2,1,4,0,1,0,0,0,0
xxjwxc__gormt,syft,73,0,251,48,25,0,48,25,0,73,0,251,48,25,0,48,25,0,0,1,0,2,22,0
xxjwxc__gormt,trivy,51,0,273,48,3,0,48,3,0,51,0,273,48,3,0,48,3,0,0,1,0,2,0,0
xxjwxc__gormt,cdxgen,48,0,276,48,0,0,48,0,0,48,0,276,48,0,0,48,0,0,0,0,0,0,0,0
xxjwxc__gormt,cyclonedx-gomod,47,0,277,46,1,2,46,1,2,47,0,277,46,1,2,46,1,2,0,1,0,0,0,0
abemedia__go-don,syft,22,31,8,13,40,0,13,40,0,18,39,12,13,44,0,13,44,0,0,0,0,0,9,31
abemedia__go-don,trivy,17,26,13,13,30,0,13,30,0,13,31,17,13,31,0,13,31,0,0,0,0,0,4,26
abemedia__go-don,cdxgen,13,0,17,13,0,0,13,0,0,13,0,17,13,0,0,13,0,0,0,0,0,0,0,0
abemedia__go-don,cyclonedx-gomod,13,0,17,13,0,0,13,0,0,13,0,17,13,0,0,13,0,0,0,0,0,0,0,0
bcicen__ctop,syft,63,0,41,43,20,0,43,20,0,63,0,41,43,20,0,43,20,0,0,3,1,8,8,0
bcicen__ctop,trivy,55,0,49,43,12,0,43,12,0,55,0,49,43,12,0,43,12,0,0,3,1,8,0,0
bcicen__ctop,cdxgen,43,0,61,43,0,0,43,0,0,43,0,61,43,0,0,43,0,0,0,0,0,0,0,0
bcicen__ctop,cyclonedx-gomod,51,0,53,43,8,0,43,8,0,51,0,53,43,8,0,43,8,0,0,3,0,5,0,0
jandelgado__rabtap,syft,18,0,5,16,2,0,16,2,0,18,0,5,16,2,0,16,2,0,0,0,1,0,1,0
jandelgado__rabtap,trivy,17,0,6,16,1,0,16,1,0,17,0,6,16,1,0,16,1,0,0,0,1,0,0,0
jandelgado__rabtap,cdxgen,16,0,7,16,0,0,16,0,0,16,0,7,16,0,0,16,0,0,0,0,0,0,0,0
jandelgado__rabtap,cyclonedx-gomod,17,0,6,16,1,0,16,1,0,17,0,6,16,1,0,16,1,0,0,0,1,0,0,0
maxbolgarin__abstract,syft,1,0,0,1,0,0,1,0,0,1,0,0,1,0,0,1,0,0,0,0,0,0,0,0
maxbolgarin__abstract,trivy,1,0,0,1,0,0,1,0,0,1,0,0,1,0,0,1,0,0,0,0,0,0,0,0
maxbolgarin__abstract,cdxgen,1,0,0,1,0,0,1,0,0,1,0,0,1,0,0,1,0,0,0,0,0,0,0,0
maxbolgarin__abstract,cyclonedx-gomod,1,0,0,1,0,0,1,0,0,1,0,0,1,0,0,1,0,0,0,0,0,0,0,0
ijt__go-anytime,syft,7,1,2,1,7,0,6,2,0,7,1,2,1,7,0,6,2,0,5,0,0,0,1,1
ijt__go-anytime,trivy,6,1,3,1,6,0,6,1,0,6,1,3,1,6,0,6,1,0,5,0,0,0,0,1
ijt__go-anytime,cdxgen,1,0,8,1,0,0,1,0,5,1,0,8,1,0,0,1,0,5,0,0,0,0,0,0
ijt__go-anytime,cyclonedx-gomod,1,0,8,1,0,0,1,0,5,1,0,8,1,0,0,1,0,5,0,0,0,0,0,0
optimus-hft__go-ipmux,syft,23,0,77,15,8,0,19,4,0,23,0,77,15,8,0,19,4,0,4,0,0,0,4,0
optimus-hft__go-ipmux,trivy,19,0,81,15,4,0,19,0,0,19,0,81,15,4,0,19,0,0,4,0,0,0,0,0
optimus-hft__go-ipmux,cdxgen,15,0,85,15,0,0,15,0,4,15,0,85,15,0,0,15,0,4,0,0,0,0,0,0
optimus-hft__go-ipmux,cyclonedx-gomod,15,0,85,15,0,0,15,0,4,15,0,85,15,0,0,15,0,4,0,0,0,0,0,0
leodido__structcli,syft,54,0,20,19,35,0,35,19,0,53,11,21,19,45,0,35,29,0,16,1,0,0,13,5
leodido__structcli,trivy,45,0,29,19,26,0,35,10,0,44,11,30,19,36,0,35,20,0,16,1,0,0,0,9
leodido__structcli,cdxgen,32,0,42,19,13,0,31,1,4,32,0,42,19,13,0,31,1,4,12,0,0,0,0,1
leodido__structcli,cyclonedx-gomod,41,0,33,19,22,0,31,10,4,41,0,33,19,22,0,31,10,4,12,1,0,0,0,9
antham__gommit,syft,59,0,12,37,22,0,42,17,0,59,0,12,37,22,0,42,17,0,5,2,0,0,15,0
antham__gommit,trivy,44,0,27,37,7,0,42,2,0,44,0,27,37,7,0,42,2,0,5,2,0,0,0,0
antham__gommit,cdxgen,37,0,34,37,0,0,37,0,5,37,0,34,37,0,0,37,0,5,0,0,0,0,0,0
antham__gommit,cyclonedx-gomod,39,0,32,37,2,0,37,2,5,39,0,32,37,2,0,37,2,5,0,2,0,0,0,0
knocknote__octillery,syft,25,0,2,15,10,0,15,10,0,25,0,2,15,10,0,15,10,0,0,0,0,1,9,0
knocknote__octillery,trivy,27,0,0,15,12,0,15,12,0,27,0,0,15,12,0,15,12,0,0,0,0,1,11,0
knocknote__octillery,cdxgen,15,0,12,15,0,0,15,0,0,15,0,12,15,0,0,15,0,0,0,0,0,0,0,0
knocknote__octillery,cyclonedx-gomod,16,0,11,15,1,0,15,1,0,16,0,11,15,1,0,15,1,0,0,0,0,1,0,0
axiomhq__hyperloglog,syft,10,0,5,2,8,0,6,4,0,10,0,5,2,8,0,6,4,0,4,0,0,3,1,0
axiomhq__hyperloglog,trivy,9,0,6,2,7,0,6,3,0,9,0,6,2,7,0,6,3,0,4,0,0,3,0,0
axiomhq__hyperloglog,cdxgen,2,0,13,2,0,0,2,0,4,2,0,13,2,0,0,2,0,4,0,0,0,0,0,0
axiomhq__hyperloglog,cyclonedx-gomod,2,0,13,2,0,0,2,0,4,2,0,13,2,0,0,2,0,4,0,0,0,0,0,0
bobg__encid,syft,24,0,46,10,14,0,10,14,0,24,0,46,10,14,0,10,14,0,0,0,0,1,13,0
bobg__encid,trivy,11,0,59,10,1,0,10,1,0,11,0,59,10,1,0,10,1,0,0,0,0,1,0,0
bobg__encid,cdxgen,10,0,60,10,0,0,10,0,0,10,0,60,10,0,0,10,0,0,0,0,0,0,0,0
bobg__encid,cyclonedx-gomod,10,0,60,10,0,0,10,0,0,10,0,60,10,0,0,10,0,0,0,0,0,0,0,0
leonelquinteros__gotext,syft,4,0,4,3,1,0,3,1,0,4,0,4,3,1,0,3,1,0,0,0,0,0,1,0
leonelquinteros__gotext,trivy,3,0,5,3,0,0,3,0,0,3,0,5,3,0,0,3,0,0,0,0,0,0,0,0
leonelquinteros__gotext,cdxgen,3,0,5,3,0,0,3,0,0,3,0,5,3,0,0,3,0,0,0,0,0,0,0,0
leonelquinteros__gotext,cyclonedx-gomod,3,0,5,3,0,0,3,0,0,3,0,5,3,0,0,3,0,0,0,0,0,0,0,0
golobby__orm,syft,26,5,19,14,17,0,19,12,0,26,7,19,14,19,0,19,14,0,5,1,0,0,6,5
golobby__orm,trivy,20,5,25,14,11,0,19,6,0,20,7,25,14,13,0,19,8,0,5,1,0,0,0,5
golobby__orm,cdxgen,14,0,31,14,0,0,14,0,5,14,0,31,14,0,0,14,0,5,0,0,0,0,0,0
golobby__orm,cyclonedx-gomod,15,0,30,14,1,0,14,1,5,15,0,30,14,1,0,14,1,5,0,1,0,0,0,0
blind-oracle__cortex-tenant,syft,291,0,287,191,100,0,191,100,0,291,0,287,191,100,0,191,100,0,0,2,0,7,91,0
blind-oracle__cortex-tenant,trivy,200,0,378,191,9,0,191,9,0,200,0,378,191,9,0,191,9,0,0,2,0,7,0,0
blind-oracle__cortex-tenant,cdxgen,191,0,387,191,0,0,191,0,0,191,0,387,191,0,0,191,0,0,0,0,0,0,0,0
blind-oracle__cortex-tenant,cyclonedx-gomod,195,0,383,187,8,4,187,8,4,195,0,383,187,8,4,187,8,4,0,2,0,6,0,0
bobg__hashsplit,syft,3,0,3,1,2,0,1,2,0,3,0,3,1,2,0,1,2,0,0,0,0,2,0,0
bobg__hashsplit,trivy,3,0,3,1,2,0,1,2,0,3,0,3,1,2,0,1,2,0,0,0,0,2,0,0
bobg__hashsplit,cdxgen,1,0,5,1,0,0,1,0,0,1,0,5,1,0,0,1,0,0,0,0,0,0,0,0
bobg__hashsplit,cyclonedx-gomod,1,0,5,1,0,0,1,0,0,1,0,5,1,0,0,1,0,0,0,0,0,0,0,0
golobby__config,syft,12,0,4,5,7,0,8,4,0,12,0,4,5,7,0,8,4,0,3,0,0,0,4,0
golobby__config,trivy,16,0,0,5,11,0,8,8,0,16,0,0,5,11,0,8,8,0,3,0,0,0,8,0
golobby__config,cdxgen,5,0,11,5,0,0,5,0,3,5,0,11,5,0,0,5,0,3,0,0,0,0,0,0
golobby__config,cyclonedx-gomod,5,0,11,5,0,0,5,0,3,5,0,11,5,0,0,5,0,3,0,0,0,0,0,0
peterh__liner,syft,2,0,0,1,1,0,1,1,0,2,0,0,1,1,0,1,1,0,0,0,1,0,0,0
peterh__liner,trivy,2,0,0,1,1,0,1,1,0,2,0,0,1,1,0,1,1,0,0,0,1,0,0,0
peterh__liner,cdxgen,1,0,1,1,0,0,1,0,0,1,0,1,1,0,0,1,0,0,0,0,0,0,0,0
peterh__liner,cyclonedx-gomod,2,0,0,1,1,0,1,1,0,2,0,0,1,1,0,1,1,0,0,0,1,0,0,0
volodymyrprokopyuk__go-blockchain,syft,22,0,26,10,12,0,10,12,0,22,0,26,10,12,0,10,12,0,0,1,0,0,11,0
volodymyrprokopyuk__go-blockchain,trivy,11,0,37,10,1,0,10,1,0,11,0,37,10,1,0,10,1,0,0,1,0,0,0,0
volodymyrprokopyuk__go-blockchain,cdxgen,10,0,38,10,0,0,10,0,0,10,0,38,10,0,0,10,0,0,0,0,0,0,0,0
volodymyrprokopyuk__go-blockchain,cyclonedx-gomod,11,0,37,10,1,0,10,1,0,11,0,37,10,1,0,10,1,0,0,1,0,0,0,0
Pixboost__transformimgs,syft,3,2,0,3,2,0,3,2,0,3,2,0,3,2,0,3,2,0,0,0,0,0,0,2
Pixboost__transformimgs,trivy,3,2,0,3,2,0,3,2,0,3,2,0,3,2,0,3,2,0,0,0,0,0,0,2
Pixboost__transformimgs,cdxgen,3,1,0,3,1,0,3,1,0,3,1,0,3,1,0,3,1,0,0,0,0,0,0,1
Pixboost__transformimgs,cyclonedx-gomod,3,0,0,3,0,0,3,0,0,3,0,0,3,0,0,3,0,0,0,0,0,0,0,0
fleetdm__fleet,syft,474,110,428,334,250,0,341,243,0,447,207,455,334,320,0,341,313,0,7,11,3,15,71,143
fleetdm__fleet,trivy,414,100,488,334,180,0,341,173,0,386,174,516,334,226,0,341,219,0,7,11,3,15,14,130
fleetdm__fleet,cdxgen,414,93,488,334,173,0,341,166,0,386,167,516,334,219,0,341,212,0,7,11,3,15,14,123
fleetdm__fleet,cyclonedx-gomod,346,0,556,319,27,15,319,27,22,346,0,556,319,27,15,319,27,22,0,11,3,13,0,0
kamva__mgm,syft,20,0,6,16,4,0,17,3,0,20,0,6,16,4,0,17,3,0,1,0,0,0,3,0
kamva__mgm,trivy,17,0,9,16,1,0,17,0,0,17,0,9,16,1,0,17,0,0,1,0,0,0,0,0
kamva__mgm,cdxgen,16,0,10,16,0,0,16,0,1,16,0,10,16,0,0,16,0,1,0,0,0,0,0,0
kamva__mgm,cyclonedx-gomod,13,0,13,13,0,3,13,0,4,13,0,13,13,0,3,13,0,4,0,0,0,0,0,0
gone-io__gone,syft,1,1,8,1,1,0,1,1,0,1,1,8,1,1,0,1,1,0,0,0,0,0,0,1
gone-io__gone,trivy,1,1,8,1,1,0,1,1,0,1,1,8,1,1,0,1,1,0,0,0,0,0,0,1
gone-io__gone,cdxgen,1,0,8,1,0,0,1,0,0,1,0,8,1,0,0,1,0,0,0,0,0,0,0,0
gone-io__gone,cyclonedx-gomod,1,0,8,1,0,0,1,0,0,1,0,8,1,0,0,1,0,0,0,0,0,0,0,0
hbagdi__go-unsplash,syft,7,0,3,1,6,0,6,1,0,7,0,3,1,6,0,6,1,0,5,0,0,0,1,0
hbagdi__go-unsplash,trivy,6,0,4,1,5,0,6,0,0,6,0,4,1,5,0,6,0,0,5,0,0,0,0,0
hbagdi__go-unsplash,cdxgen,1,0,9,1,0,0,1,0,5,1,0,9,1,0,0,1,0,5,0,0,0,0,0,0
hbagdi__go-unsplash,cyclonedx-gomod,1,0,9,1,0,0,1,0,5,1,0,9,1,0,0,1,0,5,0,0,0,0,0,0
smallnest__rpcx,syft,82,0,104,49,33,0,55,27,0,82,0,104,49,33,0,55,27,0,6,0,4,13,10,0
smallnest__rpcx,trivy,72,0,114,49,23,0,55,17,0,72,0,114,49,23,0,55,17,0,6,0,4,13,0,0
smallnest__rpcx,cdxgen,49,0,137,49,0,0,49,0,6,49,0,137,49,0,0,49,0,6,0,0,0,0,0,0
smallnest__rpcx,cyclonedx-gomod,62,0,124,49,13,0,49,13,6,62,0,124,49,13,0,49,13,6,0,0,4,9,0,0
camgraff__protoxy,syft,18,0,94,9,9,0,12,6,0,18,0,94,9,9,0,12,6,0,3,0,0,0,6,0
camgraff__protoxy,trivy,112,0,0,9,103,0,12,100,0,112,0,0,9,103,0,12,100,0,3,2,0,0,98,0
camgraff__protoxy,cdxgen,9,0,103,9,0,0,9,0,3,9,0,103,9,0,0,9,0,3,0,0,0,0,0,0
camgraff__protoxy,cyclonedx-gomod,11,0,101,9,2,0,9,2,3,11,0,101,9,2,0,9,2,3,0,2,0,0,0,0
apex__log,syft,44,0,4,18,26,0,23,21,0,44,0,4,18,26,0,23,21,0,5,0,0,9,12,0
apex__log,trivy,48,0,0,18,30,0,23,25,0,48,0,0,18,30,0,23,25,0,5,0,0,9,16,0
apex__log,cdxgen,18,0,30,18,0,0,18,0,5,18,0,30,18,0,0,18,0,5,0,0,0,0,0,0
apex__log,cyclonedx-gomod,19,0,29,18,1,0,18,1,5,19,0,29,18,1,0,18,1,5,0,0,0,0,1,0
kelindar__bitmap,syft,8,0,1,2,6,0,6,2,0,8,0,1,2,6,0,6,2,0,4,0,0,1,1,0
kelindar__bitmap,trivy,7,0,2,2,5,0,6,1,0,7,0,2,2,5,0,6,1,0,4,0,0,1,0,0
kelindar__bitmap,cdxgen,2,0,7,2,0,0,2,0,4,2,0,7,2,0,0,2,0,4,0,0,0,0,0,0
kelindar__bitmap,cyclonedx-gomod,3,0,6,2,1,0,2,1,4,3,0,6,2,1,0,2,1,4,0,0,0,1,0,0
gopxl__pixel,syft,14,6,6,8,12,0,13,7,0,14,6,6,8,12,0,13,7,0,5,0,0,0,1,6
gopxl__pixel,trivy,13,6,7,8,11,0,13,6,0,13,6,7,8,11,0,13,6,0,5,0,0,0,0,6
gopxl__pixel,cdxgen,8,4,12,8,4,0,8,4,5,8,4,12,8,4,0,8,4,5,0,0,0,0,0,4
gopxl__pixel,cyclonedx-gomod,8,0,12,8,0,0,8,0,5,8,0,12,8,0,0,8,0,5,0,0,0,0,0,0
editorconfig__editorconfig-core-go,syft,7,0,3,3,4,0,3,4,0,7,0,3,3,4,0,3,4,0,0,0,0,0,4,0
editorconfig__editorconfig-core-go,trivy,9,0,1,3,6,0,3,6,0,9,0,1,3,6,0,3,6,0,0,0,0,0,6,0
editorconfig__editorconfig-core-go,cdxgen,3,0,7,3,0,0,3,0,0,3,0,7,3,0,0,3,0,0,0,0,0,0,0,0
editorconfig__editorconfig-core-go,cyclonedx-gomod,3,0,7,3,0,0,3,0,0,3,0,7,3,0,0,3,0,0,0,0,0,0,0,0
elazarl__goproxy,syft,8,5,7,2,11,0,7,6,0,8,10,7,2,16,0,7,11,0,5,0,0,0,1,5
elazarl__goproxy,trivy,7,5,8,2,10,0,7,5,0,7,10,8,2,15,0,7,10,0,5,0,0,0,0,5
elazarl__goproxy,cdxgen,3,3,12,2,4,0,3,3,4,3,5,12,2,6,0,3,5,4,1,0,0,0,0,3
elazarl__goproxy,cyclonedx-gomod,2,0,13,2,0,0,2,0,5,2,0,13,2,0,0,2,0,5,0,0,0,0,0,0
emicklei__mora,syft,20,0,19,12,8,0,12,8,0,20,0,19,12,8,0,12,8,0,0,0,0,0,8,0
emicklei__mora,trivy,39,0,0,12,27,0,12,27,0,39,0,0,12,27,0,12,27,0,0,0,0,0,27,0
emicklei__mora,cdxgen,12,0,27,12,0,0,12,0,0,12,0,27,12,0,0,12,0,0,0,0,0,0,0,0
emicklei__mora,cyclonedx-gomod,12,0,27,12,0,0,12,0,0,12,0,27,12,0,0,12,0,0,0,0,0,0,0,0
gchaincl__httplab,syft,9,0,0,6,3,0,9,0,0,9,0,0,6,3,0,9,0,0,3,0,0,0,0,0
gchaincl__httplab,trivy,9,0,0,6,3,0,9,0,0,9,0,0,6,3,0,9,0,0,3,0,0,0,0,0
gchaincl__httplab,cdxgen,6,0,3,6,0,0,6,0,3,6,0,3,6,0,0,6,0,3,0,0,0,0,0,0
gchaincl__httplab,cyclonedx-gomod,6,0,3,6,0,0,6,0,3,6,0,3,6,0,0,6,0,3,0,0,0,0,0,0
wesql__wescale,syft,262,55,324,189,128,0,200,117,0,256,111,330,189,178,0,200,167,0,11,2,6,14,36,59
wesql__wescale,trivy,352,103,234,189,266,0,200,255,0,307,298,279,189,416,0,200,405,0,11,2,6,14,103,130
wesql__wescale,cdxgen,191,9,395,189,11,0,189,11,11,190,21,396,189,22,0,189,22,11,0,0,0,0,1,10
wesql__wescale,cyclonedx-gomod,207,0,379,187,20,2,187,20,13,207,0,379,187,20,2,187,20,13,0,2,6,12,0,0
james-bowman__sparse,syft,2,0,20,1,1,0,2,0,0,2,0,20,1,1,0,2,0,0,1,0,0,0,0,0
james-bowman__sparse,trivy,22,0,0,1,21,0,2,20,0,22,0,0,1,21,0,2,20,0,1,0,0,0,20,0
james-bowman__sparse,cdxgen,1,0,21,1,0,0,1,0,1,1,0,21,1,0,0,1,0,1,0,0,0,0,0,0
james-bowman__sparse,cyclonedx-gomod,1,0,21,1,0,0,1,0,1,1,0,21,1,0,0,1,0,1,0,0,0,0,0,0
osrg__gobgp,syft,68,0,60,45,23,0,51,17,0,68,0,60,45,23,0,51,17,0,6,1,0,2,14,0
osrg__gobgp,trivy,54,0,74,45,9,0,51,3,0,54,0,74,45,9,0,51,3,0,6,1,0,2,0,0
osrg__gobgp,cdxgen,45,0,83,45,0,0,45,0,6,45,0,83,45,0,0,45,0,6,0,0,0,0,0,0
osrg__gobgp,cyclonedx-gomod,48,0,80,45,3,0,45,3,6,48,0,80,45,3,0,45,3,6,0,1,0,2,0,0
xtaci__gaio,syft,1,0,0,1,0,0,1,0,0,1,0,0,1,0,0,1,0,0,0,0,0,0,0,0
xtaci__gaio,trivy,1,0,0,1,0,0,1,0,0,1,0,0,1,0,0,1,0,0,0,0,0,0,0,0
xtaci__gaio,cdxgen,1,0,0,1,0,0,1,0,0,1,0,0,1,0,0,1,0,0,0,0,0,0,0,0
xtaci__gaio,cyclonedx-gomod,1,0,0,1,0,0,1,0,0,1,0,0,1,0,0,1,0,0,0,0,0,0,0,0
goadesign__goa,syft,49,1,21,20,30,0,30,20,0,49,2,21,20,31,0,30,21,0,10,0,0,1,18,1
goadesign__goa,trivy,34,1,36,20,15,0,30,5,0,34,1,36,20,15,0,30,5,0,10,0,0,1,3,1
goadesign__goa,cdxgen,20,0,50,20,0,0,20,0,10,20,0,50,20,0,0,20,0,10,0,0,0,0,0,0
goadesign__goa,cyclonedx-gomod,20,0,50,20,0,0,20,0,10,20,0,50,20,0,0,20,0,10,0,0,0,0,0,0
mmcdole__gofeed,syft,11,0,9,6,5,0,10,1,0,11,0,9,6,5,0,10,1,0,4,0,0,0,1,0
mmcdole__gofeed,trivy,10,0,10,6,4,0,10,0,0,10,0,10,6,4,0,10,0,0,4,0,0,0,0,0
mmcdole__gofeed,cdxgen,6,0,14,6,0,0,6,0,4,6,0,14,6,0,0,6,0,4,0,0,0,0,0,0
mmcdole__gofeed,cyclonedx-gomod,6,0,14,6,0,0,6,0,4,6,0,14,6,0,0,6,0,4,0,0,0,0,0,0
jvcoutinho__lit,syft,8,0,4,3,5,0,7,1,0,8,0,4,3,5,0,7,1,0,4,0,0,0,1,0
jvcoutinho__lit,trivy,7,0,5,3,4,0,7,0,0,7,0,5,3,4,0,7,0,0,4,0,0,0,0,0
jvcoutinho__lit,cdxgen,3,0,9,3,0,0,3,0,4,3,0,9,3,0,0,3,0,4,0,0,0,0,0,0
jvcoutinho__lit,cyclonedx-gomod,3,0,9,3,0,0,3,0,4,3,0,9,3,0,0,3,0,4,0,0,0,0,0,0
emperror__emperror,syft,7,0,1,4,3,0,4,3,0,7,0,1,4,3,0,4,3,0,0,0,0,0,3,0
emperror__emperror,trivy,8,0,0,4,4,0,4,4,0,8,0,0,4,4,0,4,4,0,0,0,0,0,4,0
emperror__emperror,cdxgen,4,0,4,4,0,0,4,0,0,4,0,4,4,0,0,4,0,0,0,0,0,0,0,0
emperror__emperror,cyclonedx-gomod,4,0,4,4,0,0,4,0,0,4,0,4,4,0,0,4,0,0,0,0,0,0,0,0
fxamacker__cbor,syft,1,0,0,1,0,0,1,0,0,1,0,0,1,0,0,1,0,0,0,0,0,0,0,0
fxamacker__cbor,trivy,1,0,0,1,0,0,1,0,0,1,0,0,1,0,0,1,0,0,0,0,0,0,0,0
fxamacker__cbor,cdxgen,1,0,0,1,0,0,1,0,0,1,0,0,1,0,0,1,0,0,0,0,0,0,0,0
fxamacker__cbor,cyclonedx-gomod,1,0,0,1,0,0,1,0,0,1,0,0,1,0,0,1,0,0,0,0,0,0,0,0
DeRuina__timberjack,syft,2,0,0,1,1,0,2,0,0,2,0,0,1,1,0,2,0,0,1,0,0,0,0,0
DeRuina__timberjack,trivy,2,0,0,1,1,0,2,0,0,2,0,0,1,1,0,2,0,0,1,0,0,0,0,0
DeRuina__timberjack,cdxgen,1,0,1,1,0,0,1,0,1,1,0,1,1,0,0,1,0,1,0,0,0,0,0,0
DeRuina__timberjack,cyclonedx-gomod,1,0,1,1,0,0,1,0,1,1,0,1,1,0,0,1,0,1,0,0,0,0,0,0
joakimcarlsson__bonk,syft,21,0,2,12,9,0,12,9,0,21,0,2,12,9,0,12,9,0,0,0,0,0,9,0
joakimcarlsson__bonk,trivy,12,0,11,12,0,0,12,0,0,12,0,11,12,0,0,12,0,0,0,0,0,0,0,0
joakimcarlsson__bonk,cdxgen,12,0,11,12,0,0,12,0,0,12,0,11,12,0,0,12,0,0,0,0,0,0,0,0
joakimcarlsson__bonk,cyclonedx-gomod,12,0,11,12,0,0,12,0,0,12,0,11,12,0,0,12,0,0,0,0,0,0,0,0
taskctl__taskctl,syft,54,0,9,40,14,0,40,14,0,54,0,9,40,14,0,40,14,0,0,1,0,0,13,0
taskctl__taskctl,trivy,41,0,22,40,1,0,40,1,0,41,0,22,40,1,0,40,1,0,0,1,0,0,0,0
taskctl__taskctl,cdxgen,40,0,23,40,0,0,40,0,0,40,0,23,40,0,0,40,0,0,0,0,0,0,0,0
taskctl__taskctl,cyclonedx-gomod,41,0,22,40,1,0,40,1,0,41,0,22,40,1,0,40,1,0,0,1,0,0,0,0
melvinodsa__go-iam,syft,71,0,26,60,11,0,60,11,0,71,0,26,60,11,0,60,11,0,0,0,0,0,11,0
melvinodsa__go-iam,trivy,60,0,37,60,0,0,60,0,0,60,0,37,60,0,0,60,0,0,0,0,0,0,0,0
melvinodsa__go-iam,cdxgen,60,0,37,60,0,0,60,0,0,60,0,37,60,0,0,60,0,0,0,0,0,0,0,0
melvinodsa__go-iam,cyclonedx-gomod,60,0,37,60,0,0,60,0,0,60,0,37,60,0,0,60,0,0,0,0,0,0,0,0
mudler__LocalAI,syft,619,0,506,456,163,0,469,150,0,619,0,506,456,163,0,469,150,0,13,11,0,14,125,0
mudler__LocalAI,trivy,494,1,631,456,39,0,469,26,0,494,1,631,456,39,0,469,26,0,13,11,0,14,0,1
mudler__LocalAI,cdxgen,494,0,631,456,38,0,469,25,0,494,0,631,456,38,0,469,25,0,13,11,0,14,0,0
mudler__LocalAI,cyclonedx-gomod,479,0,646,452,27,4,454,25,15,479,0,646,452,27,4,454,25,15,2,11,0,14,0,0
cybergarage__go-job,syft,50,0,87,48,2,0,48,2,0,50,0,87,48,2,0,48,2,0,0,1,0,1,0,0
cybergarage__go-job,trivy,50,0,87,48,2,0,48,2,0,50,0,87,48,2,0,48,2,0,0,1,0,1,0,0
cybergarage__go-job,cdxgen,48,0,89,48,0,0,48,0,0,48,0,89,48,0,0,48,0,0,0,0,0,0,0,0
cybergarage__go-job,cyclonedx-gomod,49,0,88,48,1,0,48,1,0,49,0,88,48,1,0,48,1,0,0,1,0,0,0,0
groovili__gogtrends,syft,9,1,2,4,6,0,8,2,0,9,1,2,4,6,0,8,2,0,4,0,0,0,1,1
groovili__gogtrends,trivy,11,1,0,4,8,0,8,4,0,11,1,0,4,8,0,8,4,0,4,0,0,0,3,1
groovili__gogtrends,cdxgen,4,0,7,4,0,0,4,0,4,4,0,7,4,0,0,4,0,4,0,0,0,0,0,0
groovili__gogtrends,cyclonedx-gomod,4,0,7,4,0,0,4,0,4,4,0,7,4,0,0,4,0,4,0,0,0,0,0,0
viney-shih__go-cache,syft,24,0,24,10,14,0,14,10,0,24,0,24,10,14,0,14,10,0,4,0,0,0,10,0
viney-shih__go-cache,trivy,14,0,34,10,4,0,14,0,0,14,0,34,10,4,0,14,0,0,4,0,0,0,0,0
viney-shih__go-cache,cdxgen,10,0,38,10,0,0,10,0,4,10,0,38,10,0,0,10,0,4,0,0,0,0,0,0
viney-shih__go-cache,cyclonedx-gomod,10,0,38,10,0,0,10,0,4,10,0,38,10,0,0,10,0,4,0,0,0,0,0,0
go-external-config__aws,syft,25,0,0,21,4,0,21,4,0,25,0,0,21,4,0,21,4,0,0,0,0,0,4,0
go-external-config__aws,trivy,21,0,4,21,0,0,21,0,0,21,0,4,21,0,0,21,0,0,0,0,0,0,0,0
go-external-config__aws,cdxgen,21,0,4,21,0,0,21,0,0,21,0,4,21,0,0,21,0,0,0,0,0,0,0,0
go-external-config__aws,cyclonedx-gomod,21,0,4,21,0,0,21,0,0,21,0,4,21,0,0,21,0,0,0,0,0,0,0,0
msoap__go-carpet,syft,10,0,6,7,3,0,7,3,0,10,0,6,7,3,0,7,3,0,0,0,0,0,3,0
msoap__go-carpet,trivy,7,0,9,7,0,0,7,0,0,7,0,9,7,0,0,7,0,0,0,0,0,0,0,0
msoap__go-carpet,cdxgen,7,0,9,7,0,0,7,0,0,7,0,9,7,0,0,7,0,0,0,0,0,0,0,0
msoap__go-carpet,cyclonedx-gomod,7,0,9,7,0,0,7,0,0,7,0,9,7,0,0,7,0,0,0,0,0,0,0,0
dnnrly__hoofli,syft,32,0,186,9,23,0,22,10,0,32,0,186,9,23,0,22,10,0,13,0,1,5,4,0
dnnrly__hoofli,trivy,218,0,0,9,209,0,22,196,0,218,0,0,9,209,0,22,196,0,13,0,1,5,190,0
dnnrly__hoofli,cdxgen,9,0,209,9,0,0,9,0,13,9,0,209,9,0,0,9,0,13,0,0,0,0,0,0
dnnrly__hoofli,cyclonedx-gomod,9,0,209,9,0,0,9,0,13,9,0,209,9,0,0,9,0,13,0,0,0,0,0,0
codesenberg__bombardier,syft,27,0,7,18,9,0,18,9,0,27,0,7,18,9,0,18,9,0,0,0,0,0,9,0
codesenberg__bombardier,trivy,18,0,16,18,0,0,18,0,0,18,0,16,18,0,0,18,0,0,0,0,0,0,0,0
codesenberg__bombardier,cdxgen,18,0,16,18,0,0,18,0,0,18,0,16,18,0,0,18,0,0,0,0,0,0,0,0
codesenberg__bombardier,cyclonedx-gomod,18,0,16,18,0,0,18,0,0,18,0,16,18,0,0,18,0,0,0,0,0,0,0,0
kyuff__anchor,syft,6,0,4,1,5,0,1,5,0,6,0,4,1,5,0,1,5,0,0,0,0,3,2,0
kyuff__anchor,trivy,4,0,6,1,3,0,1,3,0,4,0,6,1,3,0,1,3,0,0,0,0,3,0,0
kyuff__anchor,cdxgen,1,0,9,1,0,0,1,0,0,1,0,9,1,0,0,1,0,0,0,0,0,0,0,0
kyuff__anchor,cyclonedx-gomod,4,0,6,1,3,0,1,3,0,4,0,6,1,3,0,1,3,0,0,0,0,3,0,0
neilotoole__jsoncolor,syft,13,0,1,5,8,0,12,1,0,13,0,1,5,8,0,12,1,0,7,0,0,0,1,0
neilotoole__jsoncolor,trivy,12,0,2,5,7,0,12,0,0,12,0,2,5,7,0,12,0,0,7,0,0,0,0,0
neilotoole__jsoncolor,cdxgen,5,0,9,5,0,0,5,0,7,5,0,9,5,0,0,5,0,7,0,0,0,0,0,0
neilotoole__jsoncolor,cyclonedx-gomod,5,0,9,5,0,0,5,0,7,5,0,9,5,0,0,5,0,7,0,0,0,0,0,0
cybertec-postgresql__pg_timetable,syft,112,0,28,84,28,0,85,27,0,112,0,28,84,28,0,85,27,0,1,4,0,4,18,1
cybertec-postgresql__pg_timetable,trivy,93,0,47,84,9,0,85,8,0,93,0,47,84,9,0,85,8,0,1,4,0,4,0,0
cybertec-postgresql__pg_timetable,cdxgen,84,0,56,84,0,0,84,0,1,84,0,56,84,0,0,84,0,1,0,0,0,0,0,0
cybertec-postgresql__pg_timetable,cyclonedx-gomod,89,0,51,81,8,3,81,8,4,89,0,51,81,8,3,81,8,4,0,4,0,4,0,0
peczenyj__structalign,syft,22,0,3,18,4,0,18,4,0,22,0,3,18,4,0,18,4,0,0,0,0,2,2,0
peczenyj__structalign,trivy,20,0,5,18,2,0,18,2,0,20,0,5,18,2,0,18,2,0,0,0,0,2,0,0
peczenyj__structalign,cdxgen,18,0,7,18,0,0,18,0,0,18,0,7,18,0,0,18,0,0,0,0,0,0,0,0
peczenyj__structalign,cyclonedx-gomod,19,0,6,17,2,1,17,2,1,19,0,6,17,2,1,17,2,1,0,0,0,2,0,0
shoriwe__fullproxy,syft,50,0,13,38,12,0,38,12,0,50,0,13,38,12,0,38,12,0,0,0,0,3,9,0
shoriwe__fullproxy,trivy,41,0,22,38,3,0,38,3,0,41,0,22,38,3,0,38,3,0,0,0,0,3,0,0
shoriwe__fullproxy,cdxgen,38,0,25,38,0,0,38,0,0,38,0,25,38,0,0,38,0,0,0,0,0,0,0,0
shoriwe__fullproxy,cyclonedx-gomod,38,0,25,38,0,0,38,0,0,38,0,25,38,0,0,38,0,0,0,0,0,0,0,0
naughtygopher__pocache,syft,6,0,1,1,5,0,5,1,0,6,0,1,1,5,0,5,1,0,4,0,0,0,1,0
naughtygopher__pocache,trivy,5,0,2,1,4,0,5,0,0,5,0,2,1,4,0,5,0,0,4,0,0,0,0,0
naughtygopher__pocache,cdxgen,1,0,6,1,0,0,1,0,4,1,0,6,1,0,0,1,0,4,0,0,0,0,0,0
naughtygopher__pocache,cyclonedx-gomod,1,0,6,1,0,0,1,0,4,1,0,6,1,0,0,1,0,4,0,0,0,0,0,0
reaganiwadha__grapher,syft,18,0,8,1,17,0,12,6,0,18,0,8,1,17,0,12,6,0,11,0,0,1,5,0
reaganiwadha__grapher,trivy,13,0,13,1,12,0,12,1,0,13,0,13,1,12,0,12,1,0,11,0,0,1,0,0
reaganiwadha__grapher,cdxgen,1,0,25,1,0,0,1,0,11,1,0,25,1,0,0,1,0,11,0,0,0,0,0,0
reaganiwadha__grapher,cyclonedx-gomod,1,0,25,1,0,0,1,0,11,1,0,25,1,0,0,1,0,11,0,0,0,0,0,0
gnolang__gno,syft,148,266,106,96,318,0,98,316,0,137,365,117,96,406,0,98,404,0,2,1,0,2,24,289
gnolang__gno,trivy,130,262,124,96,296,0,98,294,0,119,326,135,96,349,0,98,347,0,2,1,0,2,8,283
gnolang__gno,cdxgen,NA
gnolang__gno,cyclonedx-gomod,98,0,156,96,2,0,96,2,2,98,0,156,96,2,0,96,2,2,0,1,0,1,0,0
amacneil__dbmate,syft,99,0,256,69,30,0,70,29,0,99,0,256,69,30,0,70,29,0,1,0,0,3,26,0
amacneil__dbmate,trivy,73,0,282,69,4,0,70,3,0,73,0,282,69,4,0,70,3,0,1,0,0,3,0,0
amacneil__dbmate,cdxgen,69,0,286,69,0,0,69,0,1,69,0,286,69,0,0,69,0,1,0,0,0,0,0,0
amacneil__dbmate,cyclonedx-gomod,72,0,283,69,3,0,69,3,1,72,0,283,69,3,0,69,3,1,0,0,0,3,0,0
avito-tech__normalize,syft,3,0,0,1,2,0,1,2,0,3,0,0,1,2,0,1,2,0,0,0,0,0,2,0
avito-tech__normalize,trivy,3,0,0,1,2,0,1,2,0,3,0,0,1,2,0,1,2,0,0,0,0,0,2,0
avito-tech__normalize,cdxgen,1,0,2,1,0,0,1,0,0,1,0,2,1,0,0,1,0,0,0,0,0,0,0,0
avito-tech__normalize,cyclonedx-gomod,1,0,2,1,0,0,1,0,0,1,0,2,1,0,0,1,0,0,0,0,0,0,0,0
Qntfy__kazaam,syft,2,0,0,2,0,0,2,0,0,2,0,0,2,0,0,2,0,0,0,0,0,0,0,0
Qntfy__kazaam,trivy,2,0,0,2,0,0,2,0,0,2,0,0,2,0,0,2,0,0,0,0,0,0,0,0
Qntfy__kazaam,cdxgen,2,0,0,2,0,0,2,0,0,2,0,0,2,0,0,2,0,0,0,0,0,0,0,0
Qntfy__kazaam,cyclonedx-gomod,2,0,0,2,0,0,2,0,0,2,0,0,2,0,0,2,0,0,0,0,0,0,0,0
markphelps__flipt,syft,398,15,332,302,111,0,309,104,0,392,57,338,298,151,4,305,144,4,7,8,0,16,64,16
markphelps__flipt,trivy,339,13,391,302,50,0,309,43,0,332,41,398,298,75,4,305,68,4,7,8,0,16,6,13
markphelps__flipt,cdxgen,NA
markphelps__flipt,cyclonedx-gomod,321,0,409,300,21,2,300,21,9,315,6,415,294,27,8,294,27,15,0,8,0,13,0,0
phoenix-tui__phoenix,syft,14,30,0,9,35,0,9,35,0,8,37,6,4,41,5,4,41,5,0,0,0,0,4,31
phoenix-tui__phoenix,trivy,14,28,0,9,33,0,9,33,0,8,35,6,4,39,5,4,39,5,0,0,0,0,4,29
phoenix-tui__phoenix,cdxgen,9,5,5,9,5,0,9,5,0,9,5,5,9,5,0,9,5,0,0,0,0,0,0,5
phoenix-tui__phoenix,cyclonedx-gomod,9,0,5,9,0,0,9,0,0,4,5,10,4,5,5,4,5,5,0,0,0,0,0,0
steambap__captcha,syft,2,2,1,2,2,0,2,2,0,2,2,1,2,2,0,2,2,0,0,0,0,0,0,2
steambap__captcha,trivy,3,13,0,2,14,0,2,14,0,3,13,0,2,14,0,2,14,0,0,0,0,0,0,14
steambap__captcha,cdxgen,2,0,1,2,0,0,2,0,0,2,0,1,2,0,0,2,0,0,0,0,0,0,0,0
steambap__captcha,cyclonedx-gomod,2,0,1,2,0,0,2,0,0,2,0,1,2,0,0,2,0,0,0,0,0,0,0,0
GuilhermeCaruso__mooncake,syft,5,0,5,4,1,0,4,1,0,5,0,5,4,1,0,4,1,0,0,0,0,0,1,0
GuilhermeCaruso__mooncake,trivy,4,0,6,4,0,0,4,0,0,4,0,6,4,0,0,4,0,0,0,0,0,0,0,0
GuilhermeCaruso__mooncake,cdxgen,4,0,6,4,0,0,4,0,0,4,0,6,4,0,0,4,0,0,0,0,0,0,0,0
GuilhermeCaruso__mooncake,cyclonedx-gomod,4,0,6,4,0,0,4,0,0,4,0,6,4,0,0,4,0,0,0,0,0,0,0,0
pgrwl__pgrwl,syft,59,0,18,48,11,0,48,11,0,59,0,18,48,11,0,48,11,0,0,0,0,1,10,0
pgrwl__pgrwl,trivy,49,0,28,48,1,0,48,1,0,49,0,28,48,1,0,48,1,0,0,0,0,1,0,0
pgrwl__pgrwl,cdxgen,48,0,29,48,0,0,48,0,0,48,0,29,48,0,0,48,0,0,0,0,0,0,0,0
pgrwl__pgrwl,cyclonedx-gomod,48,0,29,48,0,0,48,0,0,48,0,29,48,0,0,48,0,0,0,0,0,0,0,0
yaronsumel__grapes,syft,6,0,9,3,3,0,3,3,0,6,0,9,3,3,0,3,3,0,0,0,0,0,3,0
yaronsumel__grapes,trivy,15,0,0,3,12,0,3,12,0,15,0,0,3,12,0,3,12,0,0,0,0,0,12,0
yaronsumel__grapes,cdxgen,3,0,12,3,0,0,3,0,0,3,0,12,3,0,0,3,0,0,0,0,0,0,0,0
yaronsumel__grapes,cyclonedx-gomod,4,0,11,3,1,0,3,1,0,4,0,11,3,1,0,3,1,0,0,0,0,0,1,0
miku__zek,syft,3,0,6,3,0,0,3,0,0,3,0,6,3,0,0,3,0,0,0,0,0,0,0,0
miku__zek,trivy,3,0,6,3,0,0,3,0,0,3,0,6,3,0,0,3,0,0,0,0,0,0,0,0
miku__zek,cdxgen,3,0,6,3,0,0,3,0,0,3,0,6,3,0,0,3,0,0,0,0,0,0,0,0
miku__zek,cyclonedx-gomod,3,0,6,3,0,0,3,0,0,3,0,6,3,0,0,3,0,0,0,0,0,0,0,0
hedhyw__gherkingen,syft,14,0,8,6,8,0,10,4,0,14,0,8,6,8,0,10,4,0,4,0,0,1,3,0
hedhyw__gherkingen,trivy,11,0,11,6,5,0,10,1,0,11,0,11,6,5,0,10,1,0,4,0,0,1,0,0
hedhyw__gherkingen,cdxgen,11,0,11,6,5,0,10,1,0,11,0,11,6,5,0,10,1,0,4,0,0,1,0,0
hedhyw__gherkingen,cyclonedx-gomod,6,0,16,6,0,0,6,0,4,6,0,16,6,0,0,6,0,4,0,0,0,0,0,0
schollz__peerdiscovery,syft,8,5,10,2,11,0,6,7,0,7,9,11,2,14,0,6,10,0,4,0,0,0,2,5
schollz__peerdiscovery,trivy,18,7,0,2,23,0,6,19,0,18,14,0,2,30,0,6,26,0,4,0,0,0,12,7
schollz__peerdiscovery,cdxgen,3,3,15,2,4,0,2,4,4,2,6,16,2,6,0,2,6,4,0,0,0,0,1,3
schollz__peerdiscovery,cyclonedx-gomod,2,0,16,2,0,0,2,0,4,2,0,16,2,0,0,2,0,4,0,0,0,0,0,0
cyruzin__golang-tmdb,syft,6,0,1,1,5,0,5,1,0,6,0,1,1,5,0,5,1,0,4,0,0,0,1,0
cyruzin__golang-tmdb,trivy,5,0,2,1,4,0,5,0,0,5,0,2,1,4,0,5,0,0,4,0,0,0,0,0
cyruzin__golang-tmdb,cdxgen,1,0,6,1,0,0,1,0,4,1,0,6,1,0,0,1,0,4,0,0,0,0,0,0
cyruzin__golang-tmdb,cyclonedx-gomod,1,0,6,1,0,0,1,0,4,1,0,6,1,0,0,1,0,4,0,0,0,0,0,0
Voxray-AI__Voxray,syft,192,1,171,149,44,0,149,44,0,192,1,171,149,44,0,149,44,0,0,2,0,1,40,1
Voxray-AI__Voxray,trivy,152,0,211,149,3,0,149,3,0,152,0,211,149,3,0,149,3,0,0,2,0,1,0,0
Voxray-AI__Voxray,cdxgen,149,0,214,149,0,0,149,0,0,149,0,214,149,0,0,149,0,0,0,0,0,0,0,0
Voxray-AI__Voxray,cyclonedx-gomod,152,0,211,149,3,0,149,3,0,152,0,211,149,3,0,149,3,0,0,2,0,1,0,0
authzed__spicedb,syft,297,211,172,228,280,0,230,278,0,286,256,183,228,314,0,230,312,0,2,5,1,14,38,220
authzed__spicedb,trivy,275,191,194,228,238,0,230,236,0,264,233,205,228,269,0,230,267,0,2,5,1,14,18,198
authzed__spicedb,cdxgen,NA
authzed__spicedb,cyclonedx-gomod,241,0,228,228,13,0,228,13,2,241,0,228,228,13,0,228,13,2,0,5,0,8,0,0
jackc__pgx,syft,13,0,6,5,8,0,9,4,0,13,0,6,5,8,0,9,4,0,4,0,0,2,2,0
jackc__pgx,trivy,11,0,8,5,6,0,9,2,0,11,0,8,5,6,0,9,2,0,4,0,0,2,0,0
jackc__pgx,cdxgen,5,0,14,5,0,0,5,0,4,5,0,14,5,0,0,5,0,4,0,0,0,0,0,0
jackc__pgx,cyclonedx-gomod,4,0,15,4,0,1,4,0,5,4,0,15,4,0,1,4,0,5,0,0,0,0,0,0
jonbaldie__go-mutesting,syft,26,0,8,21,5,0,21,5,0,26,0,8,21,5,0,21,5,0,0,0,0,2,3,0
jonbaldie__go-mutesting,trivy,23,0,11,21,2,0,21,2,0,23,0,11,21,2,0,21,2,0,0,0,0,2,0,0
jonbaldie__go-mutesting,cdxgen,21,0,13,21,0,0,21,0,0,21,0,13,21,0,0,21,0,0,0,0,0,0,0,0
jonbaldie__go-mutesting,cyclonedx-gomod,21,0,13,21,0,0,21,0,0,21,0,13,21,0,0,21,0,0,0,0,0,0,0,0
unix4fun__naclpipe,syft,2,0,0,2,0,0,2,0,0,2,0,0,2,0,0,2,0,0,0,0,0,0,0,0
unix4fun__naclpipe,trivy,2,0,0,2,0,0,2,0,0,2,0,0,2,0,0,2,0,0,0,0,0,0,0,0
unix4fun__naclpipe,cdxgen,2,0,0,2,0,0,2,0,0,2,0,0,2,0,0,2,0,0,0,0,0,0,0,0
unix4fun__naclpipe,cyclonedx-gomod,2,0,0,2,0,0,2,0,0,2,0,0,2,0,0,2,0,0,0,0,0,0,0,0
aragossa__pii-shield,syft,33,87,8,13,107,0,14,106,0,27,102,14,13,116,0,14,115,0,1,0,0,1,10,95
aragossa__pii-shield,trivy,27,70,14,13,84,0,14,83,0,20,83,21,13,90,0,14,89,0,1,0,0,1,5,77
aragossa__pii-shield,cdxgen,23,65,18,13,75,0,13,75,1,16,78,25,13,81,0,13,81,1,0,0,0,0,3,72
aragossa__pii-shield,cyclonedx-gomod,13,0,28,13,0,0,13,0,1,13,0,28,13,0,0,13,0,1,0,0,0,0,0,0
bozd4g__go-http-client,syft,7,0,0,1,6,0,5,2,0,7,0,0,1,6,0,5,2,0,4,0,0,1,1,0
bozd4g__go-http-client,trivy,6,0,1,1,5,0,5,1,0,6,0,1,1,5,0,5,1,0,4,0,0,1,0,0
bozd4g__go-http-client,cdxgen,1,0,6,1,0,0,1,0,4,1,0,6,1,0,0,1,0,4,0,0,0,0,0,0
bozd4g__go-http-client,cyclonedx-gomod,1,0,6,1,0,0,1,0,4,1,0,6,1,0,0,1,0,4,0,0,0,0,0,0
dnnrly__abbreviate,syft,19,0,153,2,17,0,14,5,0,19,0,153,2,17,0,14,5,0,12,1,0,0,4,0
dnnrly__abbreviate,trivy,15,0,157,2,13,0,14,1,0,15,0,157,2,13,0,14,1,0,12,1,0,0,0,0
dnnrly__abbreviate,cdxgen,2,0,170,2,0,0,2,0,12,2,0,170,2,0,0,2,0,12,0,0,0,0,0,0
dnnrly__abbreviate,cyclonedx-gomod,3,0,169,2,1,0,2,1,12,3,0,169,2,1,0,2,1,12,0,1,0,0,0,0
ysmood__got,syft,3,0,0,1,2,0,1,2,0,3,1,0,1,3,0,1,3,0,0,0,0,0,0,2
ysmood__got,trivy,3,0,0,1,2,0,1,2,0,3,1,0,1,3,0,1,3,0,0,0,0,0,0,2
ysmood__got,cdxgen,1,0,2,1,0,0,1,0,0,1,0,2,1,0,0,1,0,0,0,0,0,0,0,0
ysmood__got,cyclonedx-gomod,2,0,1,1,1,0,1,1,0,2,0,1,1,1,0,1,1,0,0,0,0,0,0,1
gliderlabs__ssh,syft,4,0,2,2,2,0,2,2,0,4,0,2,2,2,0,2,2,0,0,0,0,1,1,0
gliderlabs__ssh,trivy,3,0,3,2,1,0,2,1,0,3,0,3,2,1,0,2,1,0,0,0,0,1,0,0
gliderlabs__ssh,cdxgen,2,0,4,2,0,0,2,0,0,2,0,4,2,0,0,2,0,0,0,0,0,0,0,0
gliderlabs__ssh,cyclonedx-gomod,3,0,3,2,1,0,2,1,0,3,0,3,2,1,0,2,1,0,0,0,0,1,0,0
no-src__nscache,syft,68,0,36,41,27,0,41,27,0,68,0,36,41,27,0,41,27,0,0,0,0,4,23,0
no-src__nscache,trivy,45,0,59,41,4,0,41,4,0,45,0,59,41,4,0,41,4,0,0,0,0,4,0,0
no-src__nscache,cdxgen,41,0,63,41,0,0,41,0,0,41,0,63,41,0,0,41,0,0,0,0,0,0,0,0
no-src__nscache,cyclonedx-gomod,45,0,59,41,4,0,41,4,0,45,0,59,41,4,0,41,4,0,0,0,0,4,0,0
peterstace__simplefeatures,syft,2,0,1,2,0,0,2,0,0,2,0,1,2,0,0,2,0,0,0,0,0,0,0,0
peterstace__simplefeatures,trivy,2,0,1,2,0,0,2,0,0,2,0,1,2,0,0,2,0,0,0,0,0,0,0,0
peterstace__simplefeatures,cdxgen,2,0,1,2,0,0,2,0,0,2,0,1,2,0,0,2,0,0,0,0,0,0,0,0
peterstace__simplefeatures,cyclonedx-gomod,2,0,1,2,0,0,2,0,0,2,0,1,2,0,0,2,0,0,0,0,0,0,0,0
galeone__igor,syft,1,0,0,1,0,0,1,0,0,1,0,0,1,0,0,1,0,0,0,0,0,0,0,0
galeone__igor,trivy,1,0,0,1,0,0,1,0,0,1,0,0,1,0,0,1,0,0,0,0,0,0,0,0
galeone__igor,cdxgen,1,0,0,1,0,0,1,0,0,1,0,0,1,0,0,1,0,0,0,0,0,0,0,0
galeone__igor,cyclonedx-gomod,1,0,0,1,0,0,1,0,0,1,0,0,1,0,0,1,0,0,0,0,0,0,0,0
objectbox__objectbox-go,syft,2,0,0,2,0,0,2,0,0,2,0,0,2,0,0,2,0,0,0,0,0,0,0,0
objectbox__objectbox-go,trivy,2,0,0,2,0,0,2,0,0,2,0,0,2,0,0,2,0,0,0,0,0,0,0,0
objectbox__objectbox-go,cdxgen,2,0,0,2,0,0,2,0,0,2,0,0,2,0,0,2,0,0,0,0,0,0,0,0
objectbox__objectbox-go,cyclonedx-gomod,2,0,0,2,0,0,2,0,0,2,0,0,2,0,0,2,0,0,0,0,0,0,0,0
aclindsa__ofxgo,syft,4,0,7,4,0,0,4,0,0,4,0,7,4,0,0,4,0,0,0,0,0,0,0,0
aclindsa__ofxgo,trivy,11,0,0,4,7,0,4,7,0,11,0,0,4,7,0,4,7,0,0,0,0,0,7,0
aclindsa__ofxgo,cdxgen,4,0,7,4,0,0,4,0,0,4,0,7,4,0,0,4,0,0,0,0,0,0,0,0
aclindsa__ofxgo,cyclonedx-gomod,4,0,7,4,0,0,4,0,0,4,0,7,4,0,0,4,0,0,0,0,0,0,0,0
jenkins-zh__jenkins-cli,syft,110,0,312,67,43,0,80,30,0,110,0,312,67,43,0,80,30,0,13,3,0,11,16,0
jenkins-zh__jenkins-cli,trivy,94,0,328,67,27,0,80,14,0,94,0,328,67,27,0,80,14,0,13,3,0,11,0,0
jenkins-zh__jenkins-cli,cdxgen,67,0,355,67,0,0,67,0,13,67,0,355,67,0,0,67,0,13,0,0,0,0,0,0
jenkins-zh__jenkins-cli,cyclonedx-gomod,74,0,348,67,7,0,67,7,13,74,0,348,67,7,0,67,7,13,0,3,0,4,0,0
oras-project__oras,syft,36,20,5,22,34,0,22,34,0,34,24,7,22,36,0,22,36,0,0,1,0,0,11,22
oras-project__oras,trivy,28,8,13,22,14,0,22,14,0,25,11,16,22,14,0,22,14,0,0,1,0,0,3,10
oras-project__oras,cdxgen,28,7,13,22,13,0,22,13,0,25,10,16,22,13,0,22,13,0,0,1,0,0,3,9
oras-project__oras,cyclonedx-gomod,23,0,18,22,1,0,22,1,0,23,0,18,22,1,0,22,1,0,0,1,0,0,0,0
knq__chromedp,syft,9,0,0,6,3,0,8,1,0,9,0,0,6,3,0,8,1,0,2,0,0,1,0,0
knq__chromedp,trivy,9,0,0,6,3,0,8,1,0,9,0,0,6,3,0,8,1,0,2,0,0,1,0,0
knq__chromedp,cdxgen,6,0,3,6,0,0,6,0,2,6,0,3,6,0,0,6,0,2,0,0,0,0,0,0
knq__chromedp,cyclonedx-gomod,7,0,2,6,1,0,6,1,2,7,0,2,6,1,0,6,1,2,0,0,0,1,0,0
rekurt__ymsdk,syft,7,0,1,2,5,0,2,5,0,7,0,1,2,5,0,2,5,0,0,0,0,0,5,0
rekurt__ymsdk,trivy,2,0,6,2,0,0,2,0,0,2,0,6,2,0,0,2,0,0,0,0,0,0,0,0
rekurt__ymsdk,cdxgen,2,0,6,2,0,0,2,0,0,2,0,6,2,0,0,2,0,0,0,0,0,0,0,0
rekurt__ymsdk,cyclonedx-gomod,2,0,6,2,0,0,2,0,0,2,0,6,2,0,0,2,0,0,0,0,0,0,0,0
go-fuego__fuego,syft,142,0,198,18,124,0,22,120,0,141,15,199,18,138,0,22,134,0,4,0,0,2,5,113
go-fuego__fuego,trivy,120,0,220,18,102,0,22,98,0,117,13,223,18,112,0,22,108,0,4,0,0,2,1,95
go-fuego__fuego,cdxgen,78,0,262,18,60,0,21,57,1,78,0,262,18,60,0,21,57,1,3,0,0,0,0,57
go-fuego__fuego,cyclonedx-gomod,112,0,228,18,94,0,19,93,3,112,0,228,18,94,0,19,93,3,1,0,0,0,0,93
cswank__kcli,syft,43,3,6,30,16,0,30,16,0,42,6,7,30,18,0,30,18,0,0,0,0,0,12,4
cswank__kcli,trivy,49,6,0,30,25,0,30,25,0,49,25,0,30,44,0,30,44,0,0,0,0,0,17,8
cswank__kcli,cdxgen,30,1,19,30,1,0,30,1,0,30,2,19,30,2,0,30,2,0,0,0,0,0,1,0
cswank__kcli,cyclonedx-gomod,30,0,19,30,0,0,30,0,0,30,0,19,30,0,0,30,0,0,0,0,0,0,0,0
nikolaydubina__fpmoney,syft,1,0,0,1,0,0,1,0,0,1,0,0,1,0,0,1,0,0,0,0,0,0,0,0
nikolaydubina__fpmoney,trivy,1,0,0,1,0,0,1,0,0,1,0,0,1,0,0,1,0,0,0,0,0,0,0,0
nikolaydubina__fpmoney,cdxgen,1,0,0,1,0,0,1,0,0,1,0,0,1,0,0,1,0,0,0,0,0,0,0,0
nikolaydubina__fpmoney,cyclonedx-gomod,1,0,0,1,0,0,1,0,0,1,0,0,1,0,0,1,0,0,0,0,0,0,0,0
youthlin__t,syft,14,13,20,4,23,0,7,20,0,13,14,21,4,23,0,7,20,0,3,1,0,2,3,14
youthlin__t,trivy,11,10,23,4,17,0,7,14,0,10,11,24,4,17,0,7,14,0,3,1,0,2,0,11
youthlin__t,cdxgen,5,9,29,4,10,0,4,10,3,5,9,29,4,10,0,4,10,3,0,1,0,0,0,9
youthlin__t,cyclonedx-gomod,5,0,29,4,1,0,4,1,3,5,0,29,4,1,0,4,1,3,0,1,0,0,0,0
tidwall__tile38,syft,150,1,165,117,34,1,119,32,1,150,1,165,117,34,1,119,32,1,2,0,0,1,31,0
tidwall__tile38,trivy,120,1,195,117,4,1,119,2,1,120,1,195,117,4,1,119,2,1,2,0,0,1,1,0
tidwall__tile38,cdxgen,118,0,197,118,0,0,118,0,2,118,0,197,118,0,0,118,0,2,0,0,0,0,0,0
tidwall__tile38,cyclonedx-gomod,118,1,197,117,2,1,117,2,3,118,1,197,117,2,1,117,2,3,0,0,0,1,1,0
linvon__cuckoo-filter,syft,1,0,0,1,0,0,1,0,0,1,0,0,1,0,0,1,0,0,0,0,0,0,0,0
linvon__cuckoo-filter,trivy,1,0,0,1,0,0,1,0,0,1,0,0,1,0,0,1,0,0,0,0,0,0,0,0
linvon__cuckoo-filter,cdxgen,1,0,0,1,0,0,1,0,0,1,0,0,1,0,0,1,0,0,0,0,0,0,0,0
linvon__cuckoo-filter,cyclonedx-gomod,1,0,0,1,0,0,1,0,0,1,0,0,1,0,0,1,0,0,0,0,0,0,0,0
wangyoucao577__go-project-layout,syft,2,0,0,2,0,0,2,0,0,2,0,0,2,0,0,2,0,0,0,0,0,0,0,0
wangyoucao577__go-project-layout,trivy,2,0,0,2,0,0,2,0,0,2,0,0,2,0,0,2,0,0,0,0,0,0,0,0
wangyoucao577__go-project-layout,cdxgen,2,0,0,2,0,0,2,0,0,2,0,0,2,0,0,2,0,0,0,0,0,0,0,0
wangyoucao577__go-project-layout,cyclonedx-gomod,2,0,0,2,0,0,2,0,0,2,0,0,2,0,0,2,0,0,0,0,0,0,0,0
sdrapkin__guid,syft,1,0,0,1,0,0,1,0,0,1,0,0,1,0,0,1,0,0,0,0,0,0,0,0
sdrapkin__guid,trivy,1,0,0,1,0,0,1,0,0,1,0,0,1,0,0,1,0,0,0,0,0,0,0,0
sdrapkin__guid,cdxgen,1,0,0,1,0,0,1,0,0,1,0,0,1,0,0,1,0,0,0,0,0,0,0,0
sdrapkin__guid,cyclonedx-gomod,1,0,0,1,0,0,1,0,0,1,0,0,1,0,0,1,0,0,0,0,0,0,0,0
c9s__bbgo,syft,160,0,219,129,31,0,130,30,0,160,0,219,129,31,0,130,30,0,1,1,0,14,15,0
c9s__bbgo,trivy,145,0,234,129,16,0,130,15,0,145,0,234,129,16,0,130,15,0,1,1,0,14,0,0
c9s__bbgo,cdxgen,129,0,250,129,0,0,129,0,1,129,0,250,129,0,0,129,0,1,0,0,0,0,0,0
c9s__bbgo,cyclonedx-gomod,142,0,237,128,14,1,128,14,2,142,0,237,128,14,1,128,14,2,0,1,0,13,0,0
kak-tus__ami,syft,25,0,8,3,22,0,10,15,0,25,0,8,3,22,0,10,15,0,7,0,0,2,13,0
kak-tus__ami,trivy,33,0,0,3,30,0,10,23,0,33,0,0,3,30,0,10,23,0,7,0,0,2,21,0
kak-tus__ami,cdxgen,3,0,30,3,0,0,3,0,7,3,0,30,3,0,0,3,0,7,0,0,0,0,0,0
kak-tus__ami,cyclonedx-gomod,3,0,30,3,0,0,3,0,7,3,0,30,3,0,0,3,0,7,0,0,0,0,0,0
italolelis__outboxer,syft,35,0,143,25,10,0,27,8,0,35,0,143,25,10,0,27,8,0,2,0,0,3,5,0
italolelis__outboxer,trivy,30,0,148,25,5,0,27,3,0,30,0,148,25,5,0,27,3,0,2,0,0,3,0,0
italolelis__outboxer,cdxgen,25,0,153,25,0,0,25,0,2,25,0,153,25,0,0,25,0,2,0,0,0,0,0,0
italolelis__outboxer,cyclonedx-gomod,26,0,152,24,2,1,24,2,3,26,0,152,24,2,1,24,2,3,0,0,0,2,0,0
Bilibili__discovery,syft,39,0,172,23,16,0,27,12,0,39,0,172,23,16,0,27,12,0,4,0,0,2,10,0
Bilibili__discovery,trivy,211,0,0,23,188,0,27,184,0,211,0,0,23,188,0,27,184,0,4,3,0,2,179,0
Bilibili__discovery,cdxgen,23,0,188,23,0,0,23,0,4,23,0,188,23,0,0,23,0,4,0,0,0,0,0,0
Bilibili__discovery,cyclonedx-gomod,26,0,185,23,3,0,23,3,4,26,0,185,23,3,0,23,3,4,0,3,0,0,0,0
bits-and-blooms__bloom,syft,2,0,0,1,1,0,2,0,0,2,0,0,1,1,0,2,0,0,1,0,0,0,0,0
bits-and-blooms__bloom,trivy,2,0,0,1,1,0,2,0,0,2,0,0,1,1,0,2,0,0,1,0,0,0,0,0
bits-and-blooms__bloom,cdxgen,1,0,1,1,0,0,1,0,1,1,0,1,1,0,0,1,0,1,0,0,0,0,0,0
bits-and-blooms__bloom,cyclonedx-gomod,1,0,1,1,0,0,1,0,1,1,0,1,1,0,0,1,0,1,0,0,0,0,0,0
lxzan__gws,syft,6,0,1,1,5,0,5,1,0,6,0,1,1,5,0,5,1,0,4,0,0,0,1,0
lxzan__gws,trivy,5,0,2,1,4,0,5,0,0,5,0,2,1,4,0,5,0,0,4,0,0,0,0,0
lxzan__gws,cdxgen,1,0,6,1,0,0,1,0,4,1,0,6,1,0,0,1,0,4,0,0,0,0,0,0
lxzan__gws,cyclonedx-gomod,1,0,6,1,0,0,1,0,4,1,0,6,1,0,0,1,0,4,0,0,0,0,0,0
pancsta__asyncmachine-go,syft,339,20,212,232,127,0,270,89,0,337,31,214,232,136,0,270,98,0,38,5,2,16,39,27
pancsta__asyncmachine-go,trivy,302,18,249,232,88,0,270,50,0,299,26,252,232,93,0,270,55,0,38,5,2,16,2,25
pancsta__asyncmachine-go,cdxgen,241,14,310,232,23,0,232,23,38,239,21,312,232,28,0,232,28,38,0,0,0,2,0,21
pancsta__asyncmachine-go,cyclonedx-gomod,251,0,300,232,19,0,232,19,38,251,0,300,232,19,0,232,19,38,0,5,2,12,0,0
dancannon__gorethink,syft,18,0,11,14,4,0,15,3,0,18,0,11,14,4,0,15,3,0,1,0,0,2,1,0
dancannon__gorethink,trivy,17,0,12,14,3,0,15,2,0,17,0,12,14,3,0,15,2,0,1,0,0,2,0,0
dancannon__gorethink,cdxgen,14,0,15,14,0,0,14,0,1,14,0,15,14,0,0,14,0,1,0,0,0,0,0,0
dancannon__gorethink,cyclonedx-gomod,14,0,15,14,0,0,14,0,1,14,0,15,14,0,0,14,0,1,0,0,0,0,0,0
qustavo__sqlhooks,syft,10,0,10,2,8,0,8,2,0,10,0,10,2,8,0,8,2,0,6,0,0,1,1,0
qustavo__sqlhooks,trivy,20,0,0,2,18,0,8,12,0,20,0,0,2,18,0,8,12,0,6,0,0,1,11,0
qustavo__sqlhooks,cdxgen,2,0,18,2,0,0,2,0,6,2,0,18,2,0,0,2,0,6,0,0,0,0,0,0
qustavo__sqlhooks,cyclonedx-gomod,2,0,18,2,0,0,2,0,6,2,0,18,2,0,0,2,0,6,0,0,0,0,0,0
ikeikeikeike__go-sitemap-generator,syft,3,0,0,2,1,0,3,0,0,3,0,0,2,1,0,3,0,0,1,0,0,0,0,0
ikeikeikeike__go-sitemap-generator,trivy,3,0,0,2,1,0,3,0,0,3,0,0,2,1,0,3,0,0,1,0,0,0,0,0
ikeikeikeike__go-sitemap-generator,cdxgen,2,0,1,2,0,0,2,0,1,2,0,1,2,0,0,2,0,1,0,0,0,0,0,0
ikeikeikeike__go-sitemap-generator,cyclonedx-gomod,2,0,1,2,0,0,2,0,1,2,0,1,2,0,0,2,0,1,0,0,0,0,0,0
mszostok__version,syft,39,28,16,29,38,0,32,35,0,38,40,17,29,49,0,32,46,0,3,1,0,2,4,28
mszostok__version,trivy,39,28,16,29,38,0,32,35,0,36,40,19,29,47,0,32,44,0,3,1,0,2,4,28
mszostok__version,cdxgen,35,25,20,29,31,0,32,28,0,33,35,22,29,39,0,31,37,1,3,0,0,1,2,25
mszostok__version,cyclonedx-gomod,30,0,25,29,1,0,29,1,3,30,0,25,29,1,0,29,1,3,0,1,0,0,0,0
ichiban__prolog,syft,10,0,3,2,8,0,7,3,0,10,0,3,2,8,0,7,3,0,5,0,0,2,1,0
ichiban__prolog,trivy,9,0,4,2,7,0,7,2,0,9,0,4,2,7,0,7,2,0,5,0,0,2,0,0
ichiban__prolog,cdxgen,2,0,11,2,0,0,2,0,5,2,0,11,2,0,0,2,0,5,0,0,0,0,0,0
ichiban__prolog,cyclonedx-gomod,2,0,11,2,0,0,2,0,5,2,0,11,2,0,0,2,0,5,0,0,0,0,0,0
philips-labs__spiffe-vault,syft,51,0,40,24,27,0,28,23,0,51,0,40,24,27,0,28,23,0,4,1,0,3,19,0
philips-labs__spiffe-vault,trivy,32,0,59,24,8,0,28,4,0,32,0,59,24,8,0,28,4,0,4,1,0,3,0,0
philips-labs__spiffe-vault,cdxgen,24,0,67,24,0,0,24,0,4,24,0,67,24,0,0,24,0,4,0,0,0,0,0,0
philips-labs__spiffe-vault,cyclonedx-gomod,26,0,65,24,2,0,24,2,4,26,0,65,24,2,0,24,2,4,0,1,0,1,0,0
swithek__sessionup,syft,3,0,0,3,0,0,3,0,0,3,0,0,3,0,0,3,0,0,0,0,0,0,0,0
swithek__sessionup,trivy,3,0,0,3,0,0,3,0,0,3,0,0,3,0,0,3,0,0,0,0,0,0,0,0
swithek__sessionup,cdxgen,3,0,0,3,0,0,3,0,0,3,0,0,3,0,0,3,0,0,0,0,0,0,0,0
swithek__sessionup,cyclonedx-gomod,3,0,0,3,0,0,3,0,0,3,0,0,3,0,0,3,0,0,0,0,0,0,0,0
xybor-x__xylog,syft,4,0,0,4,0,0,4,0,0,4,0,0,4,0,0,4,0,0,0,0,0,0,0,0
xybor-x__xylog,trivy,4,0,0,4,0,0,4,0,0,4,0,0,4,0,0,4,0,0,0,0,0,0,0,0
xybor-x__xylog,cdxgen,4,0,0,4,0,0,4,0,0,4,0,0,4,0,0,4,0,0,0,0,0,0,0,0
xybor-x__xylog,cyclonedx-gomod,4,0,0,4,0,0,4,0,0,4,0,0,4,0,0,4,0,0,0,0,0,0,0,0
zitadel__passwap,syft,2,0,3,2,0,0,2,0,0,2,0,3,2,0,0,2,0,0,0,0,0,0,0,0
zitadel__passwap,trivy,2,0,3,2,0,0,2,0,0,2,0,3,2,0,0,2,0,0,0,0,0,0,0,0
zitadel__passwap,cdxgen,2,0,3,2,0,0,2,0,0,2,0,3,2,0,0,2,0,0,0,0,0,0,0,0
zitadel__passwap,cyclonedx-gomod,2,0,3,2,0,0,2,0,0,2,0,3,2,0,0,2,0,0,0,0,0,0,0,0
thomaspoignant__go-feature-flag,syft,348,16,378,255,109,1,283,81,1,347,22,379,254,115,2,282,87,2,28,1,4,11,51,14
thomaspoignant__go-feature-flag,trivy,303,16,423,255,64,1,283,36,1,302,20,424,254,68,2,282,40,2,28,1,4,11,6,14
thomaspoignant__go-feature-flag,cdxgen,256,4,470,256,4,0,256,4,28,256,6,470,256,6,0,256,6,28,0,0,0,0,0,4
thomaspoignant__go-feature-flag,cyclonedx-gomod,253,2,473,249,6,7,249,6,35,252,3,474,248,7,8,248,7,36,0,1,0,3,2,0
asciimoo__wuzz,syft,39,0,0,24,15,0,24,15,0,39,0,0,24,15,0,24,15,0,0,0,0,15,0,0
asciimoo__wuzz,trivy,39,0,0,24,15,0,24,15,0,39,0,0,24,15,0,24,15,0,0,0,0,15,0,0
asciimoo__wuzz,cdxgen,24,0,15,24,0,0,24,0,0,24,0,15,24,0,0,24,0,0,0,0,0,0,0,0
asciimoo__wuzz,cyclonedx-gomod,24,0,15,24,0,0,24,0,0,24,0,15,24,0,0,24,0,0,0,0,0,0,0,0
nilpoona__leakhound,syft,6,1,4,4,3,0,4,3,0,6,1,4,4,3,0,4,3,0,0,0,0,0,2,1
nilpoona__leakhound,trivy,4,1,6,4,1,0,4,1,0,4,1,6,4,1,0,4,1,0,0,0,0,0,0,1
nilpoona__leakhound,cdxgen,4,0,6,4,0,0,4,0,0,4,0,6,4,0,0,4,0,0,0,0,0,0,0,0
nilpoona__leakhound,cyclonedx-gomod,4,0,6,4,0,0,4,0,0,4,0,6,4,0,0,4,0,0,0,0,0,0,0,0
Boeing__config-file-validator,syft,66,0,34,42,24,0,47,19,0,66,0,34,42,24,0,47,19,0,5,0,0,1,18,0
Boeing__config-file-validator,trivy,48,0,52,42,6,0,47,1,0,48,0,52,42,6,0,47,1,0,5,0,0,1,0,0
Boeing__config-file-validator,cdxgen,42,0,58,42,0,0,42,0,5,42,0,58,42,0,0,42,0,5,0,0,0,0,0,0
Boeing__config-file-validator,cyclonedx-gomod,44,0,56,42,2,0,43,1,4,44,0,56,42,2,0,43,1,4,1,0,0,1,0,0
jeffail__leaps,syft,27,0,64,14,13,0,14,13,0,27,0,64,14,13,0,14,13,0,0,0,2,6,5,0
jeffail__leaps,trivy,91,0,0,14,77,0,14,77,0,91,0,0,14,77,0,14,77,0,0,0,2,6,69,0
jeffail__leaps,cdxgen,14,0,77,14,0,0,14,0,0,14,0,77,14,0,0,14,0,0,0,0,0,0,0,0
jeffail__leaps,cyclonedx-gomod,32,0,59,14,18,0,14,18,0,32,0,59,14,18,0,14,18,0,0,0,2,5,11,0
joerdav__xc,syft,37,1,11,25,13,0,25,13,0,37,1,11,25,13,0,25,13,0,0,1,0,0,10,2
joerdav__xc,trivy,26,1,22,25,2,0,25,2,0,26,1,22,25,2,0,25,2,0,0,1,0,0,0,1
joerdav__xc,cdxgen,25,0,23,25,0,0,25,0,0,25,0,23,25,0,0,25,0,0,0,0,0,0,0,0
joerdav__xc,cyclonedx-gomod,26,0,22,25,1,0,25,1,0,26,0,22,25,1,0,25,1,0,0,1,0,0,0,0
moby__moby,syft,386,0,439,280,106,0,285,101,0,384,17,441,278,123,2,283,118,2,5,2,0,7,92,0
moby__moby,trivy,296,1,529,280,17,0,285,12,0,294,13,531,278,29,2,283,24,2,5,2,0,7,2,1
moby__moby,cdxgen,296,0,529,280,16,0,285,11,0,296,10,529,280,26,0,285,21,0,5,2,0,7,2,0
moby__moby,cyclonedx-gomod,284,0,541,276,8,4,276,8,9,282,2,543,274,10,6,274,10,11,0,2,0,6,0,0
junegunn__fzf,syft,11,0,7,6,5,0,6,5,0,11,0,7,6,5,0,6,5,0,0,5,0,0,0,0
junegunn__fzf,trivy,11,0,7,6,5,0,6,5,0,11,0,7,6,5,0,6,5,0,0,5,0,0,0,0
junegunn__fzf,cdxgen,6,0,12,6,0,0,6,0,0,6,0,12,6,0,0,6,0,0,0,0,0,0,0,0
junegunn__fzf,cyclonedx-gomod,11,0,7,6,5,0,6,5,0,11,0,7,6,5,0,6,5,0,0,5,0,0,0,0
datarootsio__tf-profile,syft,16,0,3,7,9,0,11,5,0,16,0,3,7,9,0,11,5,0,4,1,0,0,4,0
datarootsio__tf-profile,trivy,12,0,7,7,5,0,11,1,0,12,0,7,7,5,0,11,1,0,4,1,0,0,0,0
datarootsio__tf-profile,cdxgen,7,0,12,7,0,0,7,0,4,7,0,12,7,0,0,7,0,4,0,0,0,0,0,0
datarootsio__tf-profile,cyclonedx-gomod,8,0,11,7,1,0,7,1,4,8,0,11,7,1,0,7,1,4,0,1,0,0,0,0
amjadjibon__memsh,syft,94,1,21,55,40,1,55,40,1,94,1,21,55,40,1,55,40,1,0,4,0,0,36,0
amjadjibon__memsh,trivy,59,1,56,55,5,1,55,5,1,59,1,56,55,5,1,55,5,1,0,4,0,0,1,0
amjadjibon__memsh,cdxgen,56,0,59,56,0,0,56,0,0,56,0,59,56,0,0,56,0,0,0,0,0,0,0,0
amjadjibon__memsh,cyclonedx-gomod,59,1,56,55,5,1,55,5,1,59,1,56,55,5,1,55,5,1,0,4,0,0,1,0
isacikgoz__gitbatch,syft,63,0,90,45,18,0,45,18,0,63,0,90,45,18,0,45,18,0,0,1,0,5,12,0
isacikgoz__gitbatch,trivy,51,0,102,45,6,0,45,6,0,51,0,102,45,6,0,45,6,0,0,1,0,5,0,0
isacikgoz__gitbatch,cdxgen,45,0,108,45,0,0,45,0,0,45,0,108,45,0,0,45,0,0,0,0,0,0,0,0
isacikgoz__gitbatch,cyclonedx-gomod,51,0,102,45,6,0,45,6,0,51,0,102,45,6,0,45,6,0,0,1,0,5,0,0
i-love-flamingo__flamingo-commerce,syft,208,0,146,120,88,0,161,47,0,208,0,146,120,88,0,161,47,0,41,1,0,9,37,0
i-love-flamingo__flamingo-commerce,trivy,171,0,183,120,51,0,161,10,0,171,0,183,120,51,0,161,10,0,41,1,0,9,0,0
i-love-flamingo__flamingo-commerce,cdxgen,120,0,234,120,0,0,120,0,41,120,0,234,120,0,0,120,0,41,0,0,0,0,0,0
i-love-flamingo__flamingo-commerce,cyclonedx-gomod,121,0,233,120,1,0,120,1,41,121,0,233,120,1,0,120,1,41,0,1,0,0,0,0
hrygo__hotplex,syft,187,1,115,124,64,0,129,59,0,187,2,115,124,65,0,129,60,0,5,3,0,1,54,1
hrygo__hotplex,trivy,NA
hrygo__hotplex,cdxgen,133,2,169,124,11,0,129,6,0,133,2,169,124,11,0,129,6,0,5,3,0,1,0,2
hrygo__hotplex,cyclonedx-gomod,128,0,174,124,4,0,124,4,5,128,0,174,124,4,0,124,4,5,0,3,0,1,0,0
bobg__combo,syft,7,0,2,5,2,0,5,2,0,7,0,2,5,2,0,5,2,0,0,0,0,0,2,0
bobg__combo,trivy,5,0,4,5,0,0,5,0,0,5,0,4,5,0,0,5,0,0,0,0,0,0,0,0
bobg__combo,cdxgen,5,0,4,5,0,0,5,0,0,5,0,4,5,0,0,5,0,0,0,0,0,0,0,0
bobg__combo,cyclonedx-gomod,5,0,4,5,0,0,5,0,0,5,0,4,5,0,0,5,0,0,0,0,0,0,0,0
dikhan__terraform-provider-openapi,syft,117,2,104,65,54,0,74,45,0,112,18,109,65,65,0,74,56,0,9,0,0,3,40,2
dikhan__terraform-provider-openapi,trivy,186,77,35,65,198,0,74,189,0,171,137,50,65,243,0,74,234,0,9,0,0,3,109,77
dikhan__terraform-provider-openapi,cdxgen,79,0,142,65,14,0,68,11,6,76,5,145,65,16,0,68,13,6,3,0,0,0,11,0
dikhan__terraform-provider-openapi,cyclonedx-gomod,66,0,155,65,1,0,65,1,9,66,0,155,65,1,0,65,1,9,0,0,0,1,0,0
Crocmagnon__fatcontext,syft,4,0,4,3,1,0,3,1,0,4,0,4,3,1,0,3,1,0,0,0,0,0,1,0
Crocmagnon__fatcontext,trivy,3,0,5,3,0,0,3,0,0,3,0,5,3,0,0,3,0,0,0,0,0,0,0,0
Crocmagnon__fatcontext,cdxgen,3,0,5,3,0,0,3,0,0,3,0,5,3,0,0,3,0,0,0,0,0,0,0,0
Crocmagnon__fatcontext,cyclonedx-gomod,2,0,6,2,0,1,2,0,1,2,0,6,2,0,1,2,0,1,0,0,0,0,0,0
getlantern__systray,syft,16,0,1,9,7,0,9,7,0,16,0,1,9,7,0,9,7,0,0,4,0,0,3,0
getlantern__systray,trivy,17,0,0,9,8,0,9,8,0,17,0,0,9,8,0,9,8,0,0,4,0,0,4,0
getlantern__systray,cdxgen,9,0,8,9,0,0,9,0,0,9,0,8,9,0,0,9,0,0,0,0,0,0,0,0
getlantern__systray,cyclonedx-gomod,13,0,4,9,4,0,9,4,0,13,0,4,9,4,0,9,4,0,0,4,0,0,0,0
FrancoLiberali__cql,syft,80,1,33,16,65,0,33,48,0,74,16,39,15,75,1,31,59,2,17,0,0,0,19,29
FrancoLiberali__cql,trivy,63,1,50,16,48,0,33,31,0,61,10,52,15,56,1,31,40,2,17,0,0,0,5,26
FrancoLiberali__cql,cdxgen,38,0,75,16,22,0,17,21,16,38,1,75,16,23,0,17,22,16,1,0,0,0,3,18
FrancoLiberali__cql,cyclonedx-gomod,42,1,71,12,31,4,13,30,20,42,1,71,12,31,4,13,30,20,1,0,0,0,4,26
muesli__smartcrop,syft,2,0,10,2,0,0,2,0,0,2,0,10,2,0,0,2,0,0,0,0,0,0,0,0
muesli__smartcrop,trivy,12,0,0,2,10,0,2,10,0,12,0,0,2,10,0,2,10,0,0,0,0,0,10,0
muesli__smartcrop,cdxgen,2,0,10,2,0,0,2,0,0,2,0,10,2,0,0,2,0,0,0,0,0,0,0,0
muesli__smartcrop,cyclonedx-gomod,2,0,10,2,0,0,2,0,0,2,0,10,2,0,0,2,0,0,0,0,0,0,0,0
jfeliu007__goplantuml,syft,2,0,76,2,0,0,2,0,0,2,0,76,2,0,0,2,0,0,0,0,0,0,0,0
jfeliu007__goplantuml,trivy,2,0,76,2,0,0,2,0,0,2,0,76,2,0,0,2,0,0,0,0,0,0,0,0
jfeliu007__goplantuml,cdxgen,2,0,76,2,0,0,2,0,0,2,0,76,2,0,0,2,0,0,0,0,0,0,0,0
jfeliu007__goplantuml,cyclonedx-gomod,2,0,76,2,0,0,2,0,0,2,0,76,2,0,0,2,0,0,0,0,0,0,0,0
vimeda__pletter,syft,3,0,1,2,1,0,2,1,0,3,0,1,2,1,0,2,1,0,0,0,0,0,1,0
vimeda__pletter,trivy,4,0,0,2,2,0,2,2,0,4,0,0,2,2,0,2,2,0,0,0,0,0,2,0
vimeda__pletter,cdxgen,2,0,2,2,0,0,2,0,0,2,0,2,2,0,0,2,0,0,0,0,0,0,0,0
vimeda__pletter,cyclonedx-gomod,2,0,2,2,0,0,2,0,0,2,0,2,2,0,0,2,0,0,0,0,0,0,0,0
number571__go-peer,syft,6,0,4,5,1,0,5,1,0,6,0,4,5,1,0,5,1,0,0,0,0,0,1,0
number571__go-peer,trivy,5,0,5,5,0,0,5,0,0,5,0,5,5,0,0,5,0,0,0,0,0,0,0,0
number571__go-peer,cdxgen,5,0,5,5,0,0,5,0,0,5,0,5,5,0,0,5,0,0,0,0,0,0,0,0
number571__go-peer,cyclonedx-gomod,5,0,5,5,0,0,5,0,0,5,0,5,5,0,0,5,0,0,0,0,0,0,0,0
go-external-config__go,syft,8,0,1,4,4,0,7,1,0,8,0,1,4,4,0,7,1,0,3,0,0,0,1,0
go-external-config__go,trivy,7,0,2,4,3,0,7,0,0,7,0,2,4,3,0,7,0,0,3,0,0,0,0,0
go-external-config__go,cdxgen,4,0,5,4,0,0,4,0,3,4,0,5,4,0,0,4,0,3,0,0,0,0,0,0
go-external-config__go,cyclonedx-gomod,4,0,5,4,0,0,4,0,3,4,0,5,4,0,0,4,0,3,0,0,0,0,0,0
muir__nject,syft,7,0,1,2,5,0,6,1,0,7,0,1,2,5,0,6,1,0,4,0,0,0,1,0
muir__nject,trivy,6,0,2,2,4,0,6,0,0,6,0,2,2,4,0,6,0,0,4,0,0,0,0,0
muir__nject,cdxgen,2,0,6,2,0,0,2,0,4,2,0,6,2,0,0,2,0,4,0,0,0,0,0,0
muir__nject,cyclonedx-gomod,2,0,6,2,0,0,2,0,4,2,0,6,2,0,0,2,0,4,0,0,0,0,0,0
nyaosorg__go-readline-ny,syft,10,0,2,9,1,0,9,1,0,10,0,2,9,1,0,9,1,0,0,0,1,0,0,0
nyaosorg__go-readline-ny,trivy,10,0,2,9,1,0,9,1,0,10,0,2,9,1,0,9,1,0,0,0,1,0,0,0
nyaosorg__go-readline-ny,cdxgen,9,0,3,9,0,0,9,0,0,9,0,3,9,0,0,9,0,0,0,0,0,0,0,0
nyaosorg__go-readline-ny,cyclonedx-gomod,10,0,2,9,1,0,9,1,0,10,0,2,9,1,0,9,1,0,0,0,1,0,0,0
tdewolff__minify,syft,14,1,0,8,7,0,9,6,0,14,1,0,8,7,0,9,6,0,1,0,0,0,5,1
tdewolff__minify,trivy,9,1,5,8,2,0,9,1,0,9,1,5,8,2,0,9,1,0,1,0,0,0,0,1
tdewolff__minify,cdxgen,8,0,6,8,0,0,8,0,1,8,0,6,8,0,0,8,0,1,0,0,0,0,0,0
tdewolff__minify,cyclonedx-gomod,8,0,6,8,0,0,8,0,1,8,0,6,8,0,0,8,0,1,0,0,0,0,0,0
gobuffalo__validate,syft,7,0,1,2,5,0,6,1,0,7,0,1,2,5,0,6,1,0,4,0,0,0,1,0
gobuffalo__validate,trivy,8,0,0,2,6,0,6,2,0,8,0,0,2,6,0,6,2,0,4,0,0,0,2,0
gobuffalo__validate,cdxgen,2,0,6,2,0,0,2,0,4,2,0,6,2,0,0,2,0,4,0,0,0,0,0,0
gobuffalo__validate,cyclonedx-gomod,2,0,6,2,0,0,2,0,4,2,0,6,2,0,0,2,0,4,0,0,0,0,0,0
ungerik__go3d,syft,1,0,0,1,0,0,1,0,0,1,0,0,1,0,0,1,0,0,0,0,0,0,0,0
ungerik__go3d,trivy,1,0,0,1,0,0,1,0,0,1,0,0,1,0,0,1,0,0,0,0,0,0,0,0
ungerik__go3d,cdxgen,1,0,0,1,0,0,1,0,0,1,0,0,1,0,0,1,0,0,0,0,0,0,0,0
ungerik__go3d,cyclonedx-gomod,1,0,0,1,0,0,1,0,0,1,0,0,1,0,0,1,0,0,0,0,0,0,0,0
iyashjayesh__monigo,syft,62,36,31,42,56,0,42,56,0,62,51,31,42,71,0,42,71,0,0,2,0,0,14,40
iyashjayesh__monigo,trivy,49,35,44,42,42,0,42,42,0,49,36,44,42,43,0,42,43,0,0,2,0,0,1,39
iyashjayesh__monigo,cdxgen,44,16,49,42,18,0,42,18,0,44,17,49,42,19,0,42,19,0,0,0,0,0,1,17
iyashjayesh__monigo,cyclonedx-gomod,44,0,49,42,2,0,42,2,0,44,0,49,42,2,0,42,2,0,0,2,0,0,0,0
Hossiy21__razify,syft,8,0,4,6,2,0,6,2,0,8,0,4,6,2,0,6,2,0,0,1,1,0,0,0
Hossiy21__razify,trivy,8,0,4,6,2,0,6,2,0,8,0,4,6,2,0,6,2,0,0,1,1,0,0,0
Hossiy21__razify,cdxgen,6,0,6,6,0,0,6,0,0,6,0,6,6,0,0,6,0,0,0,0,0,0,0,0
Hossiy21__razify,cyclonedx-gomod,7,0,5,6,1,0,6,1,0,7,0,5,6,1,0,6,1,0,0,1,0,0,0,0
dghubble__sling,syft,2,3,0,1,4,0,1,4,0,2,5,0,1,6,0,1,6,0,0,0,0,0,0,5
dghubble__sling,trivy,2,3,0,1,4,0,1,4,0,2,4,0,1,5,0,1,5,0,0,0,0,0,0,5
dghubble__sling,cdxgen,1,2,1,1,2,0,1,2,0,1,3,1,1,3,0,1,3,0,0,0,0,0,0,3
dghubble__sling,cyclonedx-gomod,1,0,1,1,0,0,1,0,0,1,0,1,1,0,0,1,0,0,0,0,0,0,0,0
valyala__fasthttp,syft,8,0,4,7,1,0,7,1,0,8,0,4,7,1,0,7,1,0,0,0,0,0,1,0
valyala__fasthttp,trivy,7,0,5,7,0,0,7,0,0,7,0,5,7,0,0,7,0,0,0,0,0,0,0,0
valyala__fasthttp,cdxgen,7,0,5,7,0,0,7,0,0,7,0,5,7,0,0,7,0,0,0,0,0,0,0,0
valyala__fasthttp,cyclonedx-gomod,7,0,5,7,0,0,7,0,0,7,0,5,7,0,0,7,0,0,0,0,0,0,0,0
xgzlucario__rotom,syft,51,0,78,32,19,0,39,12,0,51,0,78,32,19,0,39,12,0,7,0,0,5,7,0
xgzlucario__rotom,trivy,44,0,85,32,12,0,39,5,0,44,0,85,32,12,0,39,5,0,7,0,0,5,0,0
xgzlucario__rotom,cdxgen,32,0,97,32,0,0,32,0,7,32,0,97,32,0,0,32,0,7,0,0,0,0,0,0
xgzlucario__rotom,cyclonedx-gomod,35,0,94,32,3,0,32,3,7,35,0,94,32,3,0,32,3,7,0,0,0,3,0,0
google__gopacket,syft,4,0,2,2,2,0,4,0,0,4,0,2,2,2,0,4,0,0,2,0,0,0,0,0
google__gopacket,trivy,6,0,0,2,4,0,4,2,0,6,0,0,2,4,0,4,2,0,2,0,0,0,2,0
google__gopacket,cdxgen,2,0,4,2,0,0,2,0,2,2,0,4,2,0,0,2,0,2,0,0,0,0,0,0
google__gopacket,cyclonedx-gomod,2,0,4,2,0,0,2,0,2,2,0,4,2,0,0,2,0,2,0,0,0,0,0,0
nikolaydubina__watchhttp,syft,5,0,4,3,2,0,4,1,0,5,0,4,3,2,0,4,1,0,1,0,0,0,1,0
nikolaydubina__watchhttp,trivy,5,0,4,3,2,0,4,1,0,5,0,4,3,2,0,4,1,0,1,0,0,0,1,0
nikolaydubina__watchhttp,cdxgen,3,0,6,3,0,0,3,0,1,3,0,6,3,0,0,3,0,1,0,0,0,0,0,0
nikolaydubina__watchhttp,cyclonedx-gomod,3,0,6,3,0,0,3,0,1,3,0,6,3,0,0,3,0,1,0,0,0,0,0,0
koofr__graval,syft,20,0,5,5,15,0,16,4,0,20,0,5,5,15,0,16,4,0,11,0,0,0,4,0
koofr__graval,trivy,25,0,0,5,20,0,16,9,0,25,0,0,5,20,0,16,9,0,11,0,0,0,9,0
koofr__graval,cdxgen,5,0,20,5,0,0,5,0,11,5,0,20,5,0,0,5,0,11,0,0,0,0,0,0
koofr__graval,cyclonedx-gomod,5,0,20,5,0,0,5,0,11,5,0,20,5,0,0,5,0,11,0,0,0,0,0,0
georgysavva__scany,syft,23,0,68,6,17,0,15,8,0,23,0,68,6,17,0,15,8,0,9,0,1,4,3,0
georgysavva__scany,trivy,20,0,71,6,14,0,15,5,0,20,0,71,6,14,0,15,5,0,9,0,1,4,0,0
georgysavva__scany,cdxgen,6,0,85,6,0,0,6,0,9,6,0,85,6,0,0,6,0,9,0,0,0,0,0,0
georgysavva__scany,cyclonedx-gomod,5,0,86,5,0,1,5,0,10,5,0,86,5,0,1,5,0,10,0,0,0,0,0,0
mmalcek__bafi,syft,17,0,14,10,7,0,10,7,0,17,0,14,10,7,0,10,7,0,0,0,0,0,7,0
mmalcek__bafi,trivy,17,0,14,10,7,0,10,7,0,17,0,14,10,7,0,10,7,0,0,0,0,0,7,0
mmalcek__bafi,cdxgen,10,0,21,10,0,0,10,0,0,10,0,21,10,0,0,10,0,0,0,0,0,0,0,0
mmalcek__bafi,cyclonedx-gomod,10,0,21,10,0,0,10,0,0,10,0,21,10,0,0,10,0,0,0,0,0,0,0,0
zRedShift__mimemagic,syft,NA
zRedShift__mimemagic,trivy,NA
zRedShift__mimemagic,cdxgen,NA
zRedShift__mimemagic,cyclonedx-gomod,NA
